20:08:09 [TestNG-test-Yt Master Tests-3] INFO  verifyingSideMenuCollapsedLangAsInSettingsLingua_20-08-09 - No existing WebDriver found for current thread. Initializing a new ChromeDriver...
20:08:09 [TestNG-test-Yt Master Tests-3] INFO  verifyingSideMenuCollapsedLangAsInSettingsLingua_20-08-09 - WebDriverManager: chromedriver setup OK
20:08:10 [TestNG-test-Yt Master Tests-3] INFO  verifyingSideMenuCollapsedLangAsInSettingsLingua_20-08-09 - ChromeDriver initialized successfully for thread: 36
20:08:10 [TestNG-test-Yt Master Tests-3] INFO  verifyingSideMenuCollapsedLangAsInSettingsLingua_20-08-09 - SafeActions initialized with driver ChromeDriver: chrome on windows (36747406141155bae6987706f601d6ad)
20:08:10 [TestNG-test-Yt Master Tests-3] INFO  verifyingSideMenuCollapsedLangAsInSettingsLingua_20-08-09 - Initialized YtLandingPage with driver: ChromeDriver: chrome on windows (36747406141155bae6987706f601d6ad)
20:08:10 [TestNG-test-Yt Master Tests-3] INFO  verifyingSideMenuCollapsedLangAsInSettingsLingua_20-08-09 - SafeActions initialized with driver ChromeDriver: chrome on windows (36747406141155bae6987706f601d6ad)
20:08:15 [TestNG-test-Yt Master Tests-3] INFO  verifyingSideMenuCollapsedLangAsInSettingsLingua_20-08-09 - Opened YouTube landing page.
20:08:15 [TestNG-test-Yt Master Tests-3] INFO  verifyingSideMenuCollapsedLangAsInSettingsLingua_20-08-09 - Clicking left ellipses in the landing page
20:08:15 [TestNG-test-Yt Master Tests-3] INFO  verifyingSideMenuCollapsedLangAsInSettingsLingua_20-08-09 - [verifyingSideMenuCollapsedLangAsInSettingsLingua_20-08-09] Trying to find element: By.xpath: //ytd-topbar-logo-renderer[@id='logo']/preceding-sibling::*[@id='guide-button']
20:08:15 [TestNG-test-Yt Master Tests-3] INFO  verifyingSideMenuCollapsedLangAsInSettingsLingua_20-08-09 - [verifyingSideMenuCollapsedLangAsInSettingsLingua_20-08-09] Element found and ready (attempt 1): By.xpath: //ytd-topbar-logo-renderer[@id='logo']/preceding-sibling::*[@id='guide-button']
20:08:15 [TestNG-test-Yt Master Tests-3] INFO  verifyingSideMenuCollapsedLangAsInSettingsLingua_20-08-09 - Clicking settings ellipses button...
20:08:15 [TestNG-test-Yt Master Tests-3] INFO  verifyingSideMenuCollapsedLangAsInSettingsLingua_20-08-09 - [verifyingSideMenuCollapsedLangAsInSettingsLingua_20-08-09] Trying to find element: By.xpath: //ytd-topbar-menu-button-renderer[@class='style-scope ytd-masthead style-default']
20:08:15 [TestNG-test-Yt Master Tests-3] INFO  verifyingSideMenuCollapsedLangAsInSettingsLingua_20-08-09 - [verifyingSideMenuCollapsedLangAsInSettingsLingua_20-08-09] Element found and ready (attempt 1): By.xpath: //ytd-topbar-menu-button-renderer[@class='style-scope ytd-masthead style-default']
20:08:15 [TestNG-test-Yt Master Tests-3] INFO  verifyingSideMenuCollapsedLangAsInSettingsLingua_20-08-09 - Clicking language dropdown...
20:08:15 [TestNG-test-Yt Master Tests-3] INFO  verifyingSideMenuCollapsedLangAsInSettingsLingua_20-08-09 - [verifyingSideMenuCollapsedLangAsInSettingsLingua_20-08-09] Trying to find element: By.xpath: (//div[@id='content-icon'])[2]
20:08:16 [TestNG-test-Yt Master Tests-3] INFO  verifyingSideMenuCollapsedLangAsInSettingsLingua_20-08-09 - [verifyingSideMenuCollapsedLangAsInSettingsLingua_20-08-09] Element found and ready (attempt 1): By.xpath: (//div[@id='content-icon'])[2]
20:08:16 [TestNG-test-Yt Master Tests-3] INFO  verifyingSideMenuCollapsedLangAsInSettingsLingua_20-08-09 - [verifyingSideMenuCollapsedLangAsInSettingsLingua_20-08-09] Execution is scheduled type /CRON Job on CI Hence refering to CI keys from UtilData
20:08:16 [TestNG-test-Yt Master Tests-3] INFO  verifyingSideMenuCollapsedLangAsInSettingsLingua_20-08-09 - Looking for language element with name: Afrikaans
20:08:16 [TestNG-test-Yt Master Tests-3] INFO  verifyingSideMenuCollapsedLangAsInSettingsLingua_20-08-09 - [verifyingSideMenuCollapsedLangAsInSettingsLingua_20-08-09] Trying to find element: By.xpath: //yt-multi-page-menu-section-renderer[@class='style-scope ytd-multi-page-menu-renderer']//yt-formatted-string[@id='label' and text()='Afrikaans']
20:08:16 [TestNG-test-Yt Master Tests-3] INFO  verifyingSideMenuCollapsedLangAsInSettingsLingua_20-08-09 - [verifyingSideMenuCollapsedLangAsInSettingsLingua_20-08-09] Element found and ready (attempt 1): By.xpath: //yt-multi-page-menu-section-renderer[@class='style-scope ytd-multi-page-menu-renderer']//yt-formatted-string[@id='label' and text()='Afrikaans']
20:08:16 [TestNG-test-Yt Master Tests-3] INFO  verifyingSideMenuCollapsedLangAsInSettingsLingua_20-08-09 - [verifyingSideMenuCollapsedLangAsInSettingsLingua_20-08-09] Trying to find element: By.xpath: //yt-multi-page-menu-section-renderer[@class='style-scope ytd-multi-page-menu-renderer']//yt-formatted-string[@id='label' and text()='Afrikaans']
20:08:17 [TestNG-test-Yt Master Tests-3] INFO  verifyingSideMenuCollapsedLangAsInSettingsLingua_20-08-09 - [verifyingSideMenuCollapsedLangAsInSettingsLingua_20-08-09] Element found and ready (attempt 1): By.xpath: //yt-multi-page-menu-section-renderer[@class='style-scope ytd-multi-page-menu-renderer']//yt-formatted-string[@id='label' and text()='Afrikaans']
20:08:19 [TestNG-test-Yt Master Tests-3] INFO  verifyingSideMenuCollapsedLangAsInSettingsLingua_20-08-09 - Clicking settings ellipses button...
20:08:19 [TestNG-test-Yt Master Tests-3] INFO  verifyingSideMenuCollapsedLangAsInSettingsLingua_20-08-09 - [verifyingSideMenuCollapsedLangAsInSettingsLingua_20-08-09] Trying to find element: By.xpath: //ytd-topbar-menu-button-renderer[@class='style-scope ytd-masthead style-default']
20:08:19 [TestNG-test-Yt Master Tests-3] INFO  verifyingSideMenuCollapsedLangAsInSettingsLingua_20-08-09 - [verifyingSideMenuCollapsedLangAsInSettingsLingua_20-08-09] Element found and ready (attempt 1): By.xpath: //ytd-topbar-menu-button-renderer[@class='style-scope ytd-masthead style-default']
20:08:20 [TestNG-test-Yt Master Tests-3] INFO  verifyingSideMenuCollapsedLangAsInSettingsLingua_20-08-09 - [verifyingSideMenuCollapsedLangAsInSettingsLingua_20-08-09] Waiting until element is visible in viewport
20:08:20 [TestNG-test-Yt Master Tests-3] INFO  verifyingSideMenuCollapsedLangAsInSettingsLingua_20-08-09 - Clicking settings ellipses button...
20:08:21 [TestNG-test-Yt Master Tests-3] INFO  verifyingSideMenuCollapsedLangAsInSettingsLingua_20-08-09 - [verifyingSideMenuCollapsedLangAsInSettingsLingua_20-08-09] Trying to find element: By.xpath: //ytd-topbar-menu-button-renderer[@class='style-scope ytd-masthead style-default']
20:08:21 [TestNG-test-Yt Master Tests-3] INFO  verifyingSideMenuCollapsedLangAsInSettingsLingua_20-08-09 - [verifyingSideMenuCollapsedLangAsInSettingsLingua_20-08-09] Element found and ready (attempt 1): By.xpath: //ytd-topbar-menu-button-renderer[@class='style-scope ytd-masthead style-default']
20:08:21 [TestNG-test-Yt Master Tests-3] INFO  verifyingSideMenuCollapsedLangAsInSettingsLingua_20-08-09 - getLangAttribute() - locating <html> and reading lang property
20:08:21 [TestNG-test-Yt Master Tests-3] INFO  verifyingSideMenuCollapsedLangAsInSettingsLingua_20-08-09 - Language attribute read: af-ZA
20:08:21 [TestNG-test-Yt Master Tests-3] INFO  verifyingSideMenuCollapsedLangAsInSettingsLingua_20-08-09 - Fetching the side menu in collapsed view
20:08:21 [TestNG-test-Yt Master Tests-3] INFO  verifyingSideMenuCollapsedLangAsInSettingsLingua_20-08-09 - [verifyingSideMenuCollapsedLangAsInSettingsLingua_20-08-09] Finding elements list: By.xpath: //ytd-mini-guide-renderer[@class='style-scope ytd-app']//ytd-mini-guide-entry-renderer
20:08:21 [TestNG-test-Yt Master Tests-3] INFO  verifyingSideMenuCollapsedLangAsInSettingsLingua_20-08-09 - [verifyingSideMenuCollapsedLangAsInSettingsLingua_20-08-09] Found 4 ready elements (attempt 1): By.xpath: //ytd-mini-guide-renderer[@class='style-scope ytd-app']//ytd-mini-guide-entry-renderer
20:08:29 [TestNG-test-Yt Master Tests-3] INFO  verifyingSideMenuCollapsedLangAsInSettingsLingua_20-08-09 - 
========== LANGUAGE DETECTION ==========
Detected Language : AFRIKAANS
Input Text        : Tuis Kortvideo's Intekeninge Myne
========================================
20:08:29 [TestNG-test-Yt Master Tests-3] INFO  verifyingSideMenuCollapsedLangAsInSettingsLingua_20-08-09 - text sent to lingua is       Tuis Kortvideo's Intekeninge Myne
20:08:29 [TestNG-test-Yt Master Tests-3] INFO  verifyingSideMenuCollapsedLangAsInSettingsLingua_20-08-09 - getLangAttribute() - locating <html> and reading lang property
20:08:29 [TestNG-test-Yt Master Tests-3] INFO  verifyingSideMenuCollapsedLangAsInSettingsLingua_20-08-09 - Language attribute read: af-ZA
20:08:29 [TestNG-test-Yt Master Tests-3] INFO  verifyingSideMenuCollapsedLangAsInSettingsLingua_20-08-09 - Clicking settings ellipses button...
20:08:29 [TestNG-test-Yt Master Tests-3] INFO  verifyingSideMenuCollapsedLangAsInSettingsLingua_20-08-09 - [verifyingSideMenuCollapsedLangAsInSettingsLingua_20-08-09] Trying to find element: By.xpath: //ytd-topbar-menu-button-renderer[@class='style-scope ytd-masthead style-default']
20:08:29 [TestNG-test-Yt Master Tests-3] INFO  verifyingSideMenuCollapsedLangAsInSettingsLingua_20-08-09 - [verifyingSideMenuCollapsedLangAsInSettingsLingua_20-08-09] Element found and ready (attempt 1): By.xpath: //ytd-topbar-menu-button-renderer[@class='style-scope ytd-masthead style-default']
20:08:29 [TestNG-test-Yt Master Tests-3] INFO  verifyingSideMenuCollapsedLangAsInSettingsLingua_20-08-09 - Clicking language dropdown...
20:08:29 [TestNG-test-Yt Master Tests-3] INFO  verifyingSideMenuCollapsedLangAsInSettingsLingua_20-08-09 - [verifyingSideMenuCollapsedLangAsInSettingsLingua_20-08-09] Trying to find element: By.xpath: (//div[@id='content-icon'])[2]
20:08:30 [TestNG-test-Yt Master Tests-3] INFO  verifyingSideMenuCollapsedLangAsInSettingsLingua_20-08-09 - [verifyingSideMenuCollapsedLangAsInSettingsLingua_20-08-09] Element found and ready (attempt 1): By.xpath: (//div[@id='content-icon'])[2]
20:08:31 [TestNG-test-Yt Master Tests-3] INFO  verifyingSideMenuCollapsedLangAsInSettingsLingua_20-08-09 - Looking for language element with name: Azərbaycan
20:08:31 [TestNG-test-Yt Master Tests-3] INFO  verifyingSideMenuCollapsedLangAsInSettingsLingua_20-08-09 - [verifyingSideMenuCollapsedLangAsInSettingsLingua_20-08-09] Trying to find element: By.xpath: //yt-multi-page-menu-section-renderer[@class='style-scope ytd-multi-page-menu-renderer']//yt-formatted-string[@id='label' and text()='Azərbaycan']
20:08:31 [TestNG-test-Yt Master Tests-3] INFO  verifyingSideMenuCollapsedLangAsInSettingsLingua_20-08-09 - [verifyingSideMenuCollapsedLangAsInSettingsLingua_20-08-09] Element found and ready (attempt 1): By.xpath: //yt-multi-page-menu-section-renderer[@class='style-scope ytd-multi-page-menu-renderer']//yt-formatted-string[@id='label' and text()='Azərbaycan']
20:08:31 [TestNG-test-Yt Master Tests-3] INFO  verifyingSideMenuCollapsedLangAsInSettingsLingua_20-08-09 - [verifyingSideMenuCollapsedLangAsInSettingsLingua_20-08-09] Trying to find element: By.xpath: //yt-multi-page-menu-section-renderer[@class='style-scope ytd-multi-page-menu-renderer']//yt-formatted-string[@id='label' and text()='Azərbaycan']
20:08:31 [TestNG-test-Yt Master Tests-3] INFO  verifyingSideMenuCollapsedLangAsInSettingsLingua_20-08-09 - [verifyingSideMenuCollapsedLangAsInSettingsLingua_20-08-09] Element found and ready (attempt 1): By.xpath: //yt-multi-page-menu-section-renderer[@class='style-scope ytd-multi-page-menu-renderer']//yt-formatted-string[@id='label' and text()='Azərbaycan']
20:08:33 [TestNG-test-Yt Master Tests-3] INFO  verifyingSideMenuCollapsedLangAsInSettingsLingua_20-08-09 - Clicking settings ellipses button...
20:08:33 [TestNG-test-Yt Master Tests-3] INFO  verifyingSideMenuCollapsedLangAsInSettingsLingua_20-08-09 - [verifyingSideMenuCollapsedLangAsInSettingsLingua_20-08-09] Trying to find element: By.xpath: //ytd-topbar-menu-button-renderer[@class='style-scope ytd-masthead style-default']
20:08:33 [TestNG-test-Yt Master Tests-3] INFO  verifyingSideMenuCollapsedLangAsInSettingsLingua_20-08-09 - [verifyingSideMenuCollapsedLangAsInSettingsLingua_20-08-09] Element found and ready (attempt 1): By.xpath: //ytd-topbar-menu-button-renderer[@class='style-scope ytd-masthead style-default']
20:08:33 [TestNG-test-Yt Master Tests-3] INFO  verifyingSideMenuCollapsedLangAsInSettingsLingua_20-08-09 - [verifyingSideMenuCollapsedLangAsInSettingsLingua_20-08-09] Waiting until element is visible in viewport
20:08:35 [TestNG-test-Yt Master Tests-3] INFO  verifyingSideMenuCollapsedLangAsInSettingsLingua_20-08-09 - Clicking settings ellipses button...
20:08:35 [TestNG-test-Yt Master Tests-3] INFO  verifyingSideMenuCollapsedLangAsInSettingsLingua_20-08-09 - [verifyingSideMenuCollapsedLangAsInSettingsLingua_20-08-09] Trying to find element: By.xpath: //ytd-topbar-menu-button-renderer[@class='style-scope ytd-masthead style-default']
20:08:35 [TestNG-test-Yt Master Tests-3] INFO  verifyingSideMenuCollapsedLangAsInSettingsLingua_20-08-09 - [verifyingSideMenuCollapsedLangAsInSettingsLingua_20-08-09] Element found and ready (attempt 1): By.xpath: //ytd-topbar-menu-button-renderer[@class='style-scope ytd-masthead style-default']
20:08:35 [TestNG-test-Yt Master Tests-3] INFO  verifyingSideMenuCollapsedLangAsInSettingsLingua_20-08-09 - getLangAttribute() - locating <html> and reading lang property
20:08:35 [TestNG-test-Yt Master Tests-3] INFO  verifyingSideMenuCollapsedLangAsInSettingsLingua_20-08-09 - Language attribute read: az-Latn-AZ
20:08:35 [TestNG-test-Yt Master Tests-3] INFO  verifyingSideMenuCollapsedLangAsInSettingsLingua_20-08-09 - Fetching the side menu in collapsed view
20:08:35 [TestNG-test-Yt Master Tests-3] INFO  verifyingSideMenuCollapsedLangAsInSettingsLingua_20-08-09 - [verifyingSideMenuCollapsedLangAsInSettingsLingua_20-08-09] Finding elements list: By.xpath: //ytd-mini-guide-renderer[@class='style-scope ytd-app']//ytd-mini-guide-entry-renderer
20:08:35 [TestNG-test-Yt Master Tests-3] INFO  verifyingSideMenuCollapsedLangAsInSettingsLingua_20-08-09 - [verifyingSideMenuCollapsedLangAsInSettingsLingua_20-08-09] Found 4 ready elements (attempt 1): By.xpath: //ytd-mini-guide-renderer[@class='style-scope ytd-app']//ytd-mini-guide-entry-renderer
20:08:35 [TestNG-test-Yt Master Tests-3] INFO  verifyingSideMenuCollapsedLangAsInSettingsLingua_20-08-09 - 
========== LANGUAGE DETECTION ==========
Detected Language : TURKISH
Input Text        : Ev Shorts Abunəliklər Siz
========================================
20:08:35 [TestNG-test-Yt Master Tests-3] INFO  verifyingSideMenuCollapsedLangAsInSettingsLingua_20-08-09 - text sent to lingua is       Ev Shorts Abunəliklər Siz
20:08:35 [TestNG-test-Yt Master Tests-3] INFO  verifyingSideMenuCollapsedLangAsInSettingsLingua_20-08-09 - getLangAttribute() - locating <html> and reading lang property
20:08:35 [TestNG-test-Yt Master Tests-3] INFO  verifyingSideMenuCollapsedLangAsInSettingsLingua_20-08-09 - Language attribute read: az-Latn-AZ
20:08:35 [TestNG-test-Yt Master Tests-3] INFO  verifyingSideMenuCollapsedLangAsInSettingsLingua_20-08-09 - Clicking settings ellipses button...
20:08:35 [TestNG-test-Yt Master Tests-3] INFO  verifyingSideMenuCollapsedLangAsInSettingsLingua_20-08-09 - [verifyingSideMenuCollapsedLangAsInSettingsLingua_20-08-09] Trying to find element: By.xpath: //ytd-topbar-menu-button-renderer[@class='style-scope ytd-masthead style-default']
20:08:35 [TestNG-test-Yt Master Tests-3] INFO  verifyingSideMenuCollapsedLangAsInSettingsLingua_20-08-09 - [verifyingSideMenuCollapsedLangAsInSettingsLingua_20-08-09] Element found and ready (attempt 1): By.xpath: //ytd-topbar-menu-button-renderer[@class='style-scope ytd-masthead style-default']
20:08:35 [TestNG-test-Yt Master Tests-3] INFO  verifyingSideMenuCollapsedLangAsInSettingsLingua_20-08-09 - Clicking language dropdown...
20:08:35 [TestNG-test-Yt Master Tests-3] INFO  verifyingSideMenuCollapsedLangAsInSettingsLingua_20-08-09 - [verifyingSideMenuCollapsedLangAsInSettingsLingua_20-08-09] Trying to find element: By.xpath: (//div[@id='content-icon'])[2]
20:08:35 [TestNG-test-Yt Master Tests-3] INFO  verifyingSideMenuCollapsedLangAsInSettingsLingua_20-08-09 - [verifyingSideMenuCollapsedLangAsInSettingsLingua_20-08-09] Element found and ready (attempt 1): By.xpath: (//div[@id='content-icon'])[2]
20:08:36 [TestNG-test-Yt Master Tests-3] INFO  verifyingSideMenuCollapsedLangAsInSettingsLingua_20-08-09 - Looking for language element with name: Bahasa Indonesia
20:08:36 [TestNG-test-Yt Master Tests-3] INFO  verifyingSideMenuCollapsedLangAsInSettingsLingua_20-08-09 - [verifyingSideMenuCollapsedLangAsInSettingsLingua_20-08-09] Trying to find element: By.xpath: //yt-multi-page-menu-section-renderer[@class='style-scope ytd-multi-page-menu-renderer']//yt-formatted-string[@id='label' and text()='Bahasa Indonesia']
20:08:36 [TestNG-test-Yt Master Tests-3] INFO  verifyingSideMenuCollapsedLangAsInSettingsLingua_20-08-09 - [verifyingSideMenuCollapsedLangAsInSettingsLingua_20-08-09] Element found and ready (attempt 1): By.xpath: //yt-multi-page-menu-section-renderer[@class='style-scope ytd-multi-page-menu-renderer']//yt-formatted-string[@id='label' and text()='Bahasa Indonesia']
20:08:36 [TestNG-test-Yt Master Tests-3] INFO  verifyingSideMenuCollapsedLangAsInSettingsLingua_20-08-09 - [verifyingSideMenuCollapsedLangAsInSettingsLingua_20-08-09] Trying to find element: By.xpath: //yt-multi-page-menu-section-renderer[@class='style-scope ytd-multi-page-menu-renderer']//yt-formatted-string[@id='label' and text()='Bahasa Indonesia']
20:08:36 [TestNG-test-Yt Master Tests-3] INFO  verifyingSideMenuCollapsedLangAsInSettingsLingua_20-08-09 - [verifyingSideMenuCollapsedLangAsInSettingsLingua_20-08-09] Element found and ready (attempt 1): By.xpath: //yt-multi-page-menu-section-renderer[@class='style-scope ytd-multi-page-menu-renderer']//yt-formatted-string[@id='label' and text()='Bahasa Indonesia']
20:08:38 [TestNG-test-Yt Master Tests-3] INFO  verifyingSideMenuCollapsedLangAsInSettingsLingua_20-08-09 - Clicking settings ellipses button...
20:08:38 [TestNG-test-Yt Master Tests-3] INFO  verifyingSideMenuCollapsedLangAsInSettingsLingua_20-08-09 - [verifyingSideMenuCollapsedLangAsInSettingsLingua_20-08-09] Trying to find element: By.xpath: //ytd-topbar-menu-button-renderer[@class='style-scope ytd-masthead style-default']
20:08:39 [TestNG-test-Yt Master Tests-3] INFO  verifyingSideMenuCollapsedLangAsInSettingsLingua_20-08-09 - [verifyingSideMenuCollapsedLangAsInSettingsLingua_20-08-09] Element found and ready (attempt 1): By.xpath: //ytd-topbar-menu-button-renderer[@class='style-scope ytd-masthead style-default']
20:08:39 [TestNG-test-Yt Master Tests-3] INFO  verifyingSideMenuCollapsedLangAsInSettingsLingua_20-08-09 - [verifyingSideMenuCollapsedLangAsInSettingsLingua_20-08-09] Waiting until element is visible in viewport
20:08:40 [TestNG-test-Yt Master Tests-3] INFO  verifyingSideMenuCollapsedLangAsInSettingsLingua_20-08-09 - Clicking settings ellipses button...
20:08:40 [TestNG-test-Yt Master Tests-3] INFO  verifyingSideMenuCollapsedLangAsInSettingsLingua_20-08-09 - [verifyingSideMenuCollapsedLangAsInSettingsLingua_20-08-09] Trying to find element: By.xpath: //ytd-topbar-menu-button-renderer[@class='style-scope ytd-masthead style-default']
20:08:40 [TestNG-test-Yt Master Tests-3] INFO  verifyingSideMenuCollapsedLangAsInSettingsLingua_20-08-09 - [verifyingSideMenuCollapsedLangAsInSettingsLingua_20-08-09] Element found and ready (attempt 1): By.xpath: //ytd-topbar-menu-button-renderer[@class='style-scope ytd-masthead style-default']
20:08:40 [TestNG-test-Yt Master Tests-3] INFO  verifyingSideMenuCollapsedLangAsInSettingsLingua_20-08-09 - getLangAttribute() - locating <html> and reading lang property
20:08:40 [TestNG-test-Yt Master Tests-3] INFO  verifyingSideMenuCollapsedLangAsInSettingsLingua_20-08-09 - Language attribute read: id-ID
20:08:40 [TestNG-test-Yt Master Tests-3] INFO  verifyingSideMenuCollapsedLangAsInSettingsLingua_20-08-09 - Fetching the side menu in collapsed view
20:08:40 [TestNG-test-Yt Master Tests-3] INFO  verifyingSideMenuCollapsedLangAsInSettingsLingua_20-08-09 - [verifyingSideMenuCollapsedLangAsInSettingsLingua_20-08-09] Finding elements list: By.xpath: //ytd-mini-guide-renderer[@class='style-scope ytd-app']//ytd-mini-guide-entry-renderer
20:08:40 [TestNG-test-Yt Master Tests-3] INFO  verifyingSideMenuCollapsedLangAsInSettingsLingua_20-08-09 - [verifyingSideMenuCollapsedLangAsInSettingsLingua_20-08-09] Found 4 ready elements (attempt 1): By.xpath: //ytd-mini-guide-renderer[@class='style-scope ytd-app']//ytd-mini-guide-entry-renderer
20:08:41 [TestNG-test-Yt Master Tests-3] INFO  verifyingSideMenuCollapsedLangAsInSettingsLingua_20-08-09 - 
========== LANGUAGE DETECTION ==========
Detected Language : ENGLISH
Input Text        : Beranda Shorts Subscription Anda
========================================
20:08:41 [TestNG-test-Yt Master Tests-3] INFO  verifyingSideMenuCollapsedLangAsInSettingsLingua_20-08-09 - text sent to lingua is       Beranda Shorts Subscription Anda
20:08:41 [TestNG-test-Yt Master Tests-3] INFO  verifyingSideMenuCollapsedLangAsInSettingsLingua_20-08-09 - getLangAttribute() - locating <html> and reading lang property
20:08:41 [TestNG-test-Yt Master Tests-3] INFO  verifyingSideMenuCollapsedLangAsInSettingsLingua_20-08-09 - Language attribute read: id-ID
20:08:41 [TestNG-test-Yt Master Tests-3] INFO  verifyingSideMenuCollapsedLangAsInSettingsLingua_20-08-09 - Clicking settings ellipses button...
20:08:41 [TestNG-test-Yt Master Tests-3] INFO  verifyingSideMenuCollapsedLangAsInSettingsLingua_20-08-09 - [verifyingSideMenuCollapsedLangAsInSettingsLingua_20-08-09] Trying to find element: By.xpath: //ytd-topbar-menu-button-renderer[@class='style-scope ytd-masthead style-default']
20:08:41 [TestNG-test-Yt Master Tests-3] INFO  verifyingSideMenuCollapsedLangAsInSettingsLingua_20-08-09 - [verifyingSideMenuCollapsedLangAsInSettingsLingua_20-08-09] Element found and ready (attempt 1): By.xpath: //ytd-topbar-menu-button-renderer[@class='style-scope ytd-masthead style-default']
20:08:41 [TestNG-test-Yt Master Tests-3] INFO  verifyingSideMenuCollapsedLangAsInSettingsLingua_20-08-09 - Clicking language dropdown...
20:08:41 [TestNG-test-Yt Master Tests-3] INFO  verifyingSideMenuCollapsedLangAsInSettingsLingua_20-08-09 - [verifyingSideMenuCollapsedLangAsInSettingsLingua_20-08-09] Trying to find element: By.xpath: (//div[@id='content-icon'])[2]
20:08:42 [TestNG-test-Yt Master Tests-3] INFO  verifyingSideMenuCollapsedLangAsInSettingsLingua_20-08-09 - [verifyingSideMenuCollapsedLangAsInSettingsLingua_20-08-09] Element found and ready (attempt 1): By.xpath: (//div[@id='content-icon'])[2]
20:08:43 [TestNG-test-Yt Master Tests-3] INFO  verifyingSideMenuCollapsedLangAsInSettingsLingua_20-08-09 - Looking for language element with name: Bosanski
20:08:43 [TestNG-test-Yt Master Tests-3] INFO  verifyingSideMenuCollapsedLangAsInSettingsLingua_20-08-09 - [verifyingSideMenuCollapsedLangAsInSettingsLingua_20-08-09] Trying to find element: By.xpath: //yt-multi-page-menu-section-renderer[@class='style-scope ytd-multi-page-menu-renderer']//yt-formatted-string[@id='label' and text()='Bosanski']
20:08:43 [TestNG-test-Yt Master Tests-3] INFO  verifyingSideMenuCollapsedLangAsInSettingsLingua_20-08-09 - [verifyingSideMenuCollapsedLangAsInSettingsLingua_20-08-09] Element found and ready (attempt 1): By.xpath: //yt-multi-page-menu-section-renderer[@class='style-scope ytd-multi-page-menu-renderer']//yt-formatted-string[@id='label' and text()='Bosanski']
20:08:43 [TestNG-test-Yt Master Tests-3] INFO  verifyingSideMenuCollapsedLangAsInSettingsLingua_20-08-09 - [verifyingSideMenuCollapsedLangAsInSettingsLingua_20-08-09] Trying to find element: By.xpath: //yt-multi-page-menu-section-renderer[@class='style-scope ytd-multi-page-menu-renderer']//yt-formatted-string[@id='label' and text()='Bosanski']
20:08:43 [TestNG-test-Yt Master Tests-3] INFO  verifyingSideMenuCollapsedLangAsInSettingsLingua_20-08-09 - [verifyingSideMenuCollapsedLangAsInSettingsLingua_20-08-09] Element found and ready (attempt 1): By.xpath: //yt-multi-page-menu-section-renderer[@class='style-scope ytd-multi-page-menu-renderer']//yt-formatted-string[@id='label' and text()='Bosanski']
20:08:44 [TestNG-test-Yt Master Tests-3] INFO  verifyingSideMenuCollapsedLangAsInSettingsLingua_20-08-09 - Clicking settings ellipses button...
20:08:44 [TestNG-test-Yt Master Tests-3] INFO  verifyingSideMenuCollapsedLangAsInSettingsLingua_20-08-09 - [verifyingSideMenuCollapsedLangAsInSettingsLingua_20-08-09] Trying to find element: By.xpath: //ytd-topbar-menu-button-renderer[@class='style-scope ytd-masthead style-default']
20:08:45 [TestNG-test-Yt Master Tests-3] INFO  verifyingSideMenuCollapsedLangAsInSettingsLingua_20-08-09 - [verifyingSideMenuCollapsedLangAsInSettingsLingua_20-08-09] Element found and ready (attempt 1): By.xpath: //ytd-topbar-menu-button-renderer[@class='style-scope ytd-masthead style-default']
20:08:45 [TestNG-test-Yt Master Tests-3] INFO  verifyingSideMenuCollapsedLangAsInSettingsLingua_20-08-09 - [verifyingSideMenuCollapsedLangAsInSettingsLingua_20-08-09] Waiting until element is visible in viewport
20:08:46 [TestNG-test-Yt Master Tests-3] INFO  verifyingSideMenuCollapsedLangAsInSettingsLingua_20-08-09 - Clicking settings ellipses button...
20:08:46 [TestNG-test-Yt Master Tests-3] INFO  verifyingSideMenuCollapsedLangAsInSettingsLingua_20-08-09 - [verifyingSideMenuCollapsedLangAsInSettingsLingua_20-08-09] Trying to find element: By.xpath: //ytd-topbar-menu-button-renderer[@class='style-scope ytd-masthead style-default']
20:08:46 [TestNG-test-Yt Master Tests-3] INFO  verifyingSideMenuCollapsedLangAsInSettingsLingua_20-08-09 - [verifyingSideMenuCollapsedLangAsInSettingsLingua_20-08-09] Element found and ready (attempt 1): By.xpath: //ytd-topbar-menu-button-renderer[@class='style-scope ytd-masthead style-default']
20:08:46 [TestNG-test-Yt Master Tests-3] INFO  verifyingSideMenuCollapsedLangAsInSettingsLingua_20-08-09 - getLangAttribute() - locating <html> and reading lang property
20:08:46 [TestNG-test-Yt Master Tests-3] INFO  verifyingSideMenuCollapsedLangAsInSettingsLingua_20-08-09 - Language attribute read: bs-Latn-BA
20:08:46 [TestNG-test-Yt Master Tests-3] INFO  verifyingSideMenuCollapsedLangAsInSettingsLingua_20-08-09 - Fetching the side menu in collapsed view
20:08:46 [TestNG-test-Yt Master Tests-3] INFO  verifyingSideMenuCollapsedLangAsInSettingsLingua_20-08-09 - [verifyingSideMenuCollapsedLangAsInSettingsLingua_20-08-09] Finding elements list: By.xpath: //ytd-mini-guide-renderer[@class='style-scope ytd-app']//ytd-mini-guide-entry-renderer
20:08:46 [TestNG-test-Yt Master Tests-3] INFO  verifyingSideMenuCollapsedLangAsInSettingsLingua_20-08-09 - [verifyingSideMenuCollapsedLangAsInSettingsLingua_20-08-09] Found 4 ready elements (attempt 1): By.xpath: //ytd-mini-guide-renderer[@class='style-scope ytd-app']//ytd-mini-guide-entry-renderer
20:08:46 [TestNG-test-Yt Master Tests-3] INFO  verifyingSideMenuCollapsedLangAsInSettingsLingua_20-08-09 - 
========== LANGUAGE DETECTION ==========
Detected Language : BOSNIAN
Input Text        : Početna stranica Shorts Pretplate Vi
========================================
20:08:46 [TestNG-test-Yt Master Tests-3] INFO  verifyingSideMenuCollapsedLangAsInSettingsLingua_20-08-09 - text sent to lingua is       Početna stranica Shorts Pretplate Vi
20:08:46 [TestNG-test-Yt Master Tests-3] INFO  verifyingSideMenuCollapsedLangAsInSettingsLingua_20-08-09 - getLangAttribute() - locating <html> and reading lang property
20:08:46 [TestNG-test-Yt Master Tests-3] INFO  verifyingSideMenuCollapsedLangAsInSettingsLingua_20-08-09 - Language attribute read: bs-Latn-BA
20:08:46 [TestNG-test-Yt Master Tests-3] INFO  verifyingSideMenuCollapsedLangAsInSettingsLingua_20-08-09 - Clicking settings ellipses button...
20:08:46 [TestNG-test-Yt Master Tests-3] INFO  verifyingSideMenuCollapsedLangAsInSettingsLingua_20-08-09 - [verifyingSideMenuCollapsedLangAsInSettingsLingua_20-08-09] Trying to find element: By.xpath: //ytd-topbar-menu-button-renderer[@class='style-scope ytd-masthead style-default']
20:08:46 [TestNG-test-Yt Master Tests-3] INFO  verifyingSideMenuCollapsedLangAsInSettingsLingua_20-08-09 - [verifyingSideMenuCollapsedLangAsInSettingsLingua_20-08-09] Element found and ready (attempt 1): By.xpath: //ytd-topbar-menu-button-renderer[@class='style-scope ytd-masthead style-default']
20:08:47 [TestNG-test-Yt Master Tests-3] INFO  verifyingSideMenuCollapsedLangAsInSettingsLingua_20-08-09 - Clicking language dropdown...
20:08:47 [TestNG-test-Yt Master Tests-3] INFO  verifyingSideMenuCollapsedLangAsInSettingsLingua_20-08-09 - [verifyingSideMenuCollapsedLangAsInSettingsLingua_20-08-09] Trying to find element: By.xpath: (//div[@id='content-icon'])[2]
20:08:47 [TestNG-test-Yt Master Tests-3] INFO  verifyingSideMenuCollapsedLangAsInSettingsLingua_20-08-09 - [verifyingSideMenuCollapsedLangAsInSettingsLingua_20-08-09] Element found and ready (attempt 1): By.xpath: (//div[@id='content-icon'])[2]
20:08:48 [TestNG-test-Yt Master Tests-3] INFO  verifyingSideMenuCollapsedLangAsInSettingsLingua_20-08-09 - Looking for language element with name: Català
20:08:48 [TestNG-test-Yt Master Tests-3] INFO  verifyingSideMenuCollapsedLangAsInSettingsLingua_20-08-09 - [verifyingSideMenuCollapsedLangAsInSettingsLingua_20-08-09] Trying to find element: By.xpath: //yt-multi-page-menu-section-renderer[@class='style-scope ytd-multi-page-menu-renderer']//yt-formatted-string[@id='label' and text()='Català']
20:08:48 [TestNG-test-Yt Master Tests-3] INFO  verifyingSideMenuCollapsedLangAsInSettingsLingua_20-08-09 - [verifyingSideMenuCollapsedLangAsInSettingsLingua_20-08-09] Element found and ready (attempt 1): By.xpath: //yt-multi-page-menu-section-renderer[@class='style-scope ytd-multi-page-menu-renderer']//yt-formatted-string[@id='label' and text()='Català']
20:08:48 [TestNG-test-Yt Master Tests-3] INFO  verifyingSideMenuCollapsedLangAsInSettingsLingua_20-08-09 - [verifyingSideMenuCollapsedLangAsInSettingsLingua_20-08-09] Trying to find element: By.xpath: //yt-multi-page-menu-section-renderer[@class='style-scope ytd-multi-page-menu-renderer']//yt-formatted-string[@id='label' and text()='Català']
20:08:48 [TestNG-test-Yt Master Tests-3] INFO  verifyingSideMenuCollapsedLangAsInSettingsLingua_20-08-09 - [verifyingSideMenuCollapsedLangAsInSettingsLingua_20-08-09] Element found and ready (attempt 1): By.xpath: //yt-multi-page-menu-section-renderer[@class='style-scope ytd-multi-page-menu-renderer']//yt-formatted-string[@id='label' and text()='Català']
20:08:49 [TestNG-test-Yt Master Tests-3] INFO  verifyingSideMenuCollapsedLangAsInSettingsLingua_20-08-09 - Clicking settings ellipses button...
20:08:49 [TestNG-test-Yt Master Tests-3] INFO  verifyingSideMenuCollapsedLangAsInSettingsLingua_20-08-09 - [verifyingSideMenuCollapsedLangAsInSettingsLingua_20-08-09] Trying to find element: By.xpath: //ytd-topbar-menu-button-renderer[@class='style-scope ytd-masthead style-default']
20:08:50 [TestNG-test-Yt Master Tests-3] INFO  verifyingSideMenuCollapsedLangAsInSettingsLingua_20-08-09 - [verifyingSideMenuCollapsedLangAsInSettingsLingua_20-08-09] Element found and ready (attempt 1): By.xpath: //ytd-topbar-menu-button-renderer[@class='style-scope ytd-masthead style-default']
20:08:51 [TestNG-test-Yt Master Tests-3] INFO  verifyingSideMenuCollapsedLangAsInSettingsLingua_20-08-09 - [verifyingSideMenuCollapsedLangAsInSettingsLingua_20-08-09] Waiting until element is visible in viewport
20:08:51 [TestNG-test-Yt Master Tests-3] INFO  verifyingSideMenuCollapsedLangAsInSettingsLingua_20-08-09 - Clicking settings ellipses button...
20:08:51 [TestNG-test-Yt Master Tests-3] INFO  verifyingSideMenuCollapsedLangAsInSettingsLingua_20-08-09 - [verifyingSideMenuCollapsedLangAsInSettingsLingua_20-08-09] Trying to find element: By.xpath: //ytd-topbar-menu-button-renderer[@class='style-scope ytd-masthead style-default']
20:08:51 [TestNG-test-Yt Master Tests-3] INFO  verifyingSideMenuCollapsedLangAsInSettingsLingua_20-08-09 - [verifyingSideMenuCollapsedLangAsInSettingsLingua_20-08-09] Element found and ready (attempt 1): By.xpath: //ytd-topbar-menu-button-renderer[@class='style-scope ytd-masthead style-default']
20:08:52 [TestNG-test-Yt Master Tests-3] INFO  verifyingSideMenuCollapsedLangAsInSettingsLingua_20-08-09 - getLangAttribute() - locating <html> and reading lang property
20:08:52 [TestNG-test-Yt Master Tests-3] INFO  verifyingSideMenuCollapsedLangAsInSettingsLingua_20-08-09 - Language attribute read: ca-ES
20:08:52 [TestNG-test-Yt Master Tests-3] INFO  verifyingSideMenuCollapsedLangAsInSettingsLingua_20-08-09 - Fetching the side menu in collapsed view
20:08:52 [TestNG-test-Yt Master Tests-3] INFO  verifyingSideMenuCollapsedLangAsInSettingsLingua_20-08-09 - [verifyingSideMenuCollapsedLangAsInSettingsLingua_20-08-09] Finding elements list: By.xpath: //ytd-mini-guide-renderer[@class='style-scope ytd-app']//ytd-mini-guide-entry-renderer
20:08:52 [TestNG-test-Yt Master Tests-3] INFO  verifyingSideMenuCollapsedLangAsInSettingsLingua_20-08-09 - [verifyingSideMenuCollapsedLangAsInSettingsLingua_20-08-09] Found 4 ready elements (attempt 1): By.xpath: //ytd-mini-guide-renderer[@class='style-scope ytd-app']//ytd-mini-guide-entry-renderer
20:08:52 [TestNG-test-Yt Master Tests-3] INFO  verifyingSideMenuCollapsedLangAsInSettingsLingua_20-08-09 - 
========== LANGUAGE DETECTION ==========
Detected Language : CATALAN
Input Text        : Inici YouTube Shorts Subscripcions Tu
========================================
20:08:52 [TestNG-test-Yt Master Tests-3] INFO  verifyingSideMenuCollapsedLangAsInSettingsLingua_20-08-09 - text sent to lingua is       Inici YouTube Shorts Subscripcions Tu
20:08:52 [TestNG-test-Yt Master Tests-3] INFO  verifyingSideMenuCollapsedLangAsInSettingsLingua_20-08-09 - getLangAttribute() - locating <html> and reading lang property
20:08:52 [TestNG-test-Yt Master Tests-3] INFO  verifyingSideMenuCollapsedLangAsInSettingsLingua_20-08-09 - Language attribute read: ca-ES
20:08:52 [TestNG-test-Yt Master Tests-3] INFO  verifyingSideMenuCollapsedLangAsInSettingsLingua_20-08-09 - Clicking settings ellipses button...
20:08:52 [TestNG-test-Yt Master Tests-3] INFO  verifyingSideMenuCollapsedLangAsInSettingsLingua_20-08-09 - [verifyingSideMenuCollapsedLangAsInSettingsLingua_20-08-09] Trying to find element: By.xpath: //ytd-topbar-menu-button-renderer[@class='style-scope ytd-masthead style-default']
20:08:52 [TestNG-test-Yt Master Tests-3] INFO  verifyingSideMenuCollapsedLangAsInSettingsLingua_20-08-09 - [verifyingSideMenuCollapsedLangAsInSettingsLingua_20-08-09] Element found and ready (attempt 1): By.xpath: //ytd-topbar-menu-button-renderer[@class='style-scope ytd-masthead style-default']
20:08:53 [TestNG-test-Yt Master Tests-3] INFO  verifyingSideMenuCollapsedLangAsInSettingsLingua_20-08-09 - Clicking language dropdown...
20:08:53 [TestNG-test-Yt Master Tests-3] INFO  verifyingSideMenuCollapsedLangAsInSettingsLingua_20-08-09 - [verifyingSideMenuCollapsedLangAsInSettingsLingua_20-08-09] Trying to find element: By.xpath: (//div[@id='content-icon'])[2]
20:08:53 [TestNG-test-Yt Master Tests-3] INFO  verifyingSideMenuCollapsedLangAsInSettingsLingua_20-08-09 - [verifyingSideMenuCollapsedLangAsInSettingsLingua_20-08-09] Element found and ready (attempt 1): By.xpath: (//div[@id='content-icon'])[2]
20:08:54 [TestNG-test-Yt Master Tests-3] INFO  verifyingSideMenuCollapsedLangAsInSettingsLingua_20-08-09 - Looking for language element with name: Dansk
20:08:54 [TestNG-test-Yt Master Tests-3] INFO  verifyingSideMenuCollapsedLangAsInSettingsLingua_20-08-09 - [verifyingSideMenuCollapsedLangAsInSettingsLingua_20-08-09] Trying to find element: By.xpath: //yt-multi-page-menu-section-renderer[@class='style-scope ytd-multi-page-menu-renderer']//yt-formatted-string[@id='label' and text()='Dansk']
20:08:54 [TestNG-test-Yt Master Tests-3] INFO  verifyingSideMenuCollapsedLangAsInSettingsLingua_20-08-09 - [verifyingSideMenuCollapsedLangAsInSettingsLingua_20-08-09] Element found and ready (attempt 1): By.xpath: //yt-multi-page-menu-section-renderer[@class='style-scope ytd-multi-page-menu-renderer']//yt-formatted-string[@id='label' and text()='Dansk']
20:08:54 [TestNG-test-Yt Master Tests-3] INFO  verifyingSideMenuCollapsedLangAsInSettingsLingua_20-08-09 - [verifyingSideMenuCollapsedLangAsInSettingsLingua_20-08-09] Trying to find element: By.xpath: //yt-multi-page-menu-section-renderer[@class='style-scope ytd-multi-page-menu-renderer']//yt-formatted-string[@id='label' and text()='Dansk']
20:08:54 [TestNG-test-Yt Master Tests-3] INFO  verifyingSideMenuCollapsedLangAsInSettingsLingua_20-08-09 - [verifyingSideMenuCollapsedLangAsInSettingsLingua_20-08-09] Element found and ready (attempt 1): By.xpath: //yt-multi-page-menu-section-renderer[@class='style-scope ytd-multi-page-menu-renderer']//yt-formatted-string[@id='label' and text()='Dansk']
20:08:56 [TestNG-test-Yt Master Tests-3] INFO  verifyingSideMenuCollapsedLangAsInSettingsLingua_20-08-09 - Clicking settings ellipses button...
20:08:56 [TestNG-test-Yt Master Tests-3] INFO  verifyingSideMenuCollapsedLangAsInSettingsLingua_20-08-09 - [verifyingSideMenuCollapsedLangAsInSettingsLingua_20-08-09] Trying to find element: By.xpath: //ytd-topbar-menu-button-renderer[@class='style-scope ytd-masthead style-default']
20:08:56 [TestNG-test-Yt Master Tests-3] INFO  verifyingSideMenuCollapsedLangAsInSettingsLingua_20-08-09 - [verifyingSideMenuCollapsedLangAsInSettingsLingua_20-08-09] Element found and ready (attempt 1): By.xpath: //ytd-topbar-menu-button-renderer[@class='style-scope ytd-masthead style-default']
20:08:56 [TestNG-test-Yt Master Tests-3] INFO  verifyingSideMenuCollapsedLangAsInSettingsLingua_20-08-09 - [verifyingSideMenuCollapsedLangAsInSettingsLingua_20-08-09] Waiting until element is visible in viewport
20:08:57 [TestNG-test-Yt Master Tests-3] INFO  verifyingSideMenuCollapsedLangAsInSettingsLingua_20-08-09 - Clicking settings ellipses button...
20:08:57 [TestNG-test-Yt Master Tests-3] INFO  verifyingSideMenuCollapsedLangAsInSettingsLingua_20-08-09 - [verifyingSideMenuCollapsedLangAsInSettingsLingua_20-08-09] Trying to find element: By.xpath: //ytd-topbar-menu-button-renderer[@class='style-scope ytd-masthead style-default']
20:08:57 [TestNG-test-Yt Master Tests-3] INFO  verifyingSideMenuCollapsedLangAsInSettingsLingua_20-08-09 - [verifyingSideMenuCollapsedLangAsInSettingsLingua_20-08-09] Element found and ready (attempt 1): By.xpath: //ytd-topbar-menu-button-renderer[@class='style-scope ytd-masthead style-default']
20:08:57 [TestNG-test-Yt Master Tests-3] INFO  verifyingSideMenuCollapsedLangAsInSettingsLingua_20-08-09 - getLangAttribute() - locating <html> and reading lang property
20:08:57 [TestNG-test-Yt Master Tests-3] INFO  verifyingSideMenuCollapsedLangAsInSettingsLingua_20-08-09 - Language attribute read: da-DK
20:08:57 [TestNG-test-Yt Master Tests-3] INFO  verifyingSideMenuCollapsedLangAsInSettingsLingua_20-08-09 - Fetching the side menu in collapsed view
20:08:57 [TestNG-test-Yt Master Tests-3] INFO  verifyingSideMenuCollapsedLangAsInSettingsLingua_20-08-09 - [verifyingSideMenuCollapsedLangAsInSettingsLingua_20-08-09] Finding elements list: By.xpath: //ytd-mini-guide-renderer[@class='style-scope ytd-app']//ytd-mini-guide-entry-renderer
20:08:57 [TestNG-test-Yt Master Tests-3] INFO  verifyingSideMenuCollapsedLangAsInSettingsLingua_20-08-09 - [verifyingSideMenuCollapsedLangAsInSettingsLingua_20-08-09] Found 4 ready elements (attempt 1): By.xpath: //ytd-mini-guide-renderer[@class='style-scope ytd-app']//ytd-mini-guide-entry-renderer
20:08:57 [TestNG-test-Yt Master Tests-3] INFO  verifyingSideMenuCollapsedLangAsInSettingsLingua_20-08-09 - 
========== LANGUAGE DETECTION ==========
Detected Language : DANISH
Input Text        : Start Shorts Abonnementer Dig
========================================
20:08:57 [TestNG-test-Yt Master Tests-3] INFO  verifyingSideMenuCollapsedLangAsInSettingsLingua_20-08-09 - text sent to lingua is       Start Shorts Abonnementer Dig
20:08:57 [TestNG-test-Yt Master Tests-3] INFO  verifyingSideMenuCollapsedLangAsInSettingsLingua_20-08-09 - getLangAttribute() - locating <html> and reading lang property
20:08:57 [TestNG-test-Yt Master Tests-3] INFO  verifyingSideMenuCollapsedLangAsInSettingsLingua_20-08-09 - Language attribute read: da-DK
20:08:57 [TestNG-test-Yt Master Tests-3] INFO  verifyingSideMenuCollapsedLangAsInSettingsLingua_20-08-09 - Clicking settings ellipses button...
20:08:58 [TestNG-test-Yt Master Tests-3] INFO  verifyingSideMenuCollapsedLangAsInSettingsLingua_20-08-09 - [verifyingSideMenuCollapsedLangAsInSettingsLingua_20-08-09] Trying to find element: By.xpath: //ytd-topbar-menu-button-renderer[@class='style-scope ytd-masthead style-default']
20:08:58 [TestNG-test-Yt Master Tests-3] INFO  verifyingSideMenuCollapsedLangAsInSettingsLingua_20-08-09 - [verifyingSideMenuCollapsedLangAsInSettingsLingua_20-08-09] Element found and ready (attempt 1): By.xpath: //ytd-topbar-menu-button-renderer[@class='style-scope ytd-masthead style-default']
20:08:58 [TestNG-test-Yt Master Tests-3] INFO  verifyingSideMenuCollapsedLangAsInSettingsLingua_20-08-09 - Clicking language dropdown...
20:08:58 [TestNG-test-Yt Master Tests-3] INFO  verifyingSideMenuCollapsedLangAsInSettingsLingua_20-08-09 - [verifyingSideMenuCollapsedLangAsInSettingsLingua_20-08-09] Trying to find element: By.xpath: (//div[@id='content-icon'])[2]
20:08:58 [TestNG-test-Yt Master Tests-3] INFO  verifyingSideMenuCollapsedLangAsInSettingsLingua_20-08-09 - [verifyingSideMenuCollapsedLangAsInSettingsLingua_20-08-09] Element found and ready (attempt 1): By.xpath: (//div[@id='content-icon'])[2]
20:08:59 [TestNG-test-Yt Master Tests-3] INFO  verifyingSideMenuCollapsedLangAsInSettingsLingua_20-08-09 - Looking for language element with name: Deutsch
20:08:59 [TestNG-test-Yt Master Tests-3] INFO  verifyingSideMenuCollapsedLangAsInSettingsLingua_20-08-09 - [verifyingSideMenuCollapsedLangAsInSettingsLingua_20-08-09] Trying to find element: By.xpath: //yt-multi-page-menu-section-renderer[@class='style-scope ytd-multi-page-menu-renderer']//yt-formatted-string[@id='label' and text()='Deutsch']
20:08:59 [TestNG-test-Yt Master Tests-3] INFO  verifyingSideMenuCollapsedLangAsInSettingsLingua_20-08-09 - [verifyingSideMenuCollapsedLangAsInSettingsLingua_20-08-09] Element found and ready (attempt 1): By.xpath: //yt-multi-page-menu-section-renderer[@class='style-scope ytd-multi-page-menu-renderer']//yt-formatted-string[@id='label' and text()='Deutsch']
20:08:59 [TestNG-test-Yt Master Tests-3] INFO  verifyingSideMenuCollapsedLangAsInSettingsLingua_20-08-09 - [verifyingSideMenuCollapsedLangAsInSettingsLingua_20-08-09] Trying to find element: By.xpath: //yt-multi-page-menu-section-renderer[@class='style-scope ytd-multi-page-menu-renderer']//yt-formatted-string[@id='label' and text()='Deutsch']
20:08:59 [TestNG-test-Yt Master Tests-3] INFO  verifyingSideMenuCollapsedLangAsInSettingsLingua_20-08-09 - [verifyingSideMenuCollapsedLangAsInSettingsLingua_20-08-09] Element found and ready (attempt 1): By.xpath: //yt-multi-page-menu-section-renderer[@class='style-scope ytd-multi-page-menu-renderer']//yt-formatted-string[@id='label' and text()='Deutsch']
20:09:00 [TestNG-test-Yt Master Tests-3] INFO  verifyingSideMenuCollapsedLangAsInSettingsLingua_20-08-09 - Clicking settings ellipses button...
20:09:00 [TestNG-test-Yt Master Tests-3] INFO  verifyingSideMenuCollapsedLangAsInSettingsLingua_20-08-09 - [verifyingSideMenuCollapsedLangAsInSettingsLingua_20-08-09] Trying to find element: By.xpath: //ytd-topbar-menu-button-renderer[@class='style-scope ytd-masthead style-default']
20:09:01 [TestNG-test-Yt Master Tests-3] INFO  verifyingSideMenuCollapsedLangAsInSettingsLingua_20-08-09 - [verifyingSideMenuCollapsedLangAsInSettingsLingua_20-08-09] Element found and ready (attempt 1): By.xpath: //ytd-topbar-menu-button-renderer[@class='style-scope ytd-masthead style-default']
20:09:01 [TestNG-test-Yt Master Tests-3] INFO  verifyingSideMenuCollapsedLangAsInSettingsLingua_20-08-09 - [verifyingSideMenuCollapsedLangAsInSettingsLingua_20-08-09] Waiting until element is visible in viewport
20:09:01 [TestNG-test-Yt Master Tests-3] INFO  verifyingSideMenuCollapsedLangAsInSettingsLingua_20-08-09 - Clicking settings ellipses button...
20:09:02 [TestNG-test-Yt Master Tests-3] INFO  verifyingSideMenuCollapsedLangAsInSettingsLingua_20-08-09 - [verifyingSideMenuCollapsedLangAsInSettingsLingua_20-08-09] Trying to find element: By.xpath: //ytd-topbar-menu-button-renderer[@class='style-scope ytd-masthead style-default']
20:09:02 [TestNG-test-Yt Master Tests-3] INFO  verifyingSideMenuCollapsedLangAsInSettingsLingua_20-08-09 - [verifyingSideMenuCollapsedLangAsInSettingsLingua_20-08-09] Element found and ready (attempt 1): By.xpath: //ytd-topbar-menu-button-renderer[@class='style-scope ytd-masthead style-default']
20:09:02 [TestNG-test-Yt Master Tests-3] INFO  verifyingSideMenuCollapsedLangAsInSettingsLingua_20-08-09 - getLangAttribute() - locating <html> and reading lang property
20:09:02 [TestNG-test-Yt Master Tests-3] INFO  verifyingSideMenuCollapsedLangAsInSettingsLingua_20-08-09 - Language attribute read: de-DE
20:09:02 [TestNG-test-Yt Master Tests-3] INFO  verifyingSideMenuCollapsedLangAsInSettingsLingua_20-08-09 - Fetching the side menu in collapsed view
20:09:02 [TestNG-test-Yt Master Tests-3] INFO  verifyingSideMenuCollapsedLangAsInSettingsLingua_20-08-09 - [verifyingSideMenuCollapsedLangAsInSettingsLingua_20-08-09] Finding elements list: By.xpath: //ytd-mini-guide-renderer[@class='style-scope ytd-app']//ytd-mini-guide-entry-renderer
20:09:02 [TestNG-test-Yt Master Tests-3] INFO  verifyingSideMenuCollapsedLangAsInSettingsLingua_20-08-09 - [verifyingSideMenuCollapsedLangAsInSettingsLingua_20-08-09] Found 4 ready elements (attempt 1): By.xpath: //ytd-mini-guide-renderer[@class='style-scope ytd-app']//ytd-mini-guide-entry-renderer
20:09:03 [TestNG-test-Yt Master Tests-3] INFO  verifyingSideMenuCollapsedLangAsInSettingsLingua_20-08-09 - 
========== LANGUAGE DETECTION ==========
Detected Language : GERMAN
Input Text        : Startseite Shorts Abos Mein YouTube
========================================
20:09:03 [TestNG-test-Yt Master Tests-3] INFO  verifyingSideMenuCollapsedLangAsInSettingsLingua_20-08-09 - text sent to lingua is       Startseite Shorts Abos Mein YouTube
20:09:03 [TestNG-test-Yt Master Tests-3] INFO  verifyingSideMenuCollapsedLangAsInSettingsLingua_20-08-09 - getLangAttribute() - locating <html> and reading lang property
20:09:03 [TestNG-test-Yt Master Tests-3] INFO  verifyingSideMenuCollapsedLangAsInSettingsLingua_20-08-09 - Language attribute read: de-DE
20:09:03 [TestNG-test-Yt Master Tests-3] INFO  verifyingSideMenuCollapsedLangAsInSettingsLingua_20-08-09 - Clicking settings ellipses button...
20:09:03 [TestNG-test-Yt Master Tests-3] INFO  verifyingSideMenuCollapsedLangAsInSettingsLingua_20-08-09 - [verifyingSideMenuCollapsedLangAsInSettingsLingua_20-08-09] Trying to find element: By.xpath: //ytd-topbar-menu-button-renderer[@class='style-scope ytd-masthead style-default']
20:09:03 [TestNG-test-Yt Master Tests-3] INFO  verifyingSideMenuCollapsedLangAsInSettingsLingua_20-08-09 - [verifyingSideMenuCollapsedLangAsInSettingsLingua_20-08-09] Element found and ready (attempt 1): By.xpath: //ytd-topbar-menu-button-renderer[@class='style-scope ytd-masthead style-default']
20:09:03 [TestNG-test-Yt Master Tests-3] INFO  verifyingSideMenuCollapsedLangAsInSettingsLingua_20-08-09 - Clicking language dropdown...
20:09:03 [TestNG-test-Yt Master Tests-3] INFO  verifyingSideMenuCollapsedLangAsInSettingsLingua_20-08-09 - [verifyingSideMenuCollapsedLangAsInSettingsLingua_20-08-09] Trying to find element: By.xpath: (//div[@id='content-icon'])[2]
20:09:03 [TestNG-test-Yt Master Tests-3] INFO  verifyingSideMenuCollapsedLangAsInSettingsLingua_20-08-09 - [verifyingSideMenuCollapsedLangAsInSettingsLingua_20-08-09] Element found and ready (attempt 1): By.xpath: (//div[@id='content-icon'])[2]
20:09:04 [TestNG-test-Yt Master Tests-3] INFO  verifyingSideMenuCollapsedLangAsInSettingsLingua_20-08-09 - Looking for language element with name: Eesti
20:09:04 [TestNG-test-Yt Master Tests-3] INFO  verifyingSideMenuCollapsedLangAsInSettingsLingua_20-08-09 - [verifyingSideMenuCollapsedLangAsInSettingsLingua_20-08-09] Trying to find element: By.xpath: //yt-multi-page-menu-section-renderer[@class='style-scope ytd-multi-page-menu-renderer']//yt-formatted-string[@id='label' and text()='Eesti']
20:09:04 [TestNG-test-Yt Master Tests-3] INFO  verifyingSideMenuCollapsedLangAsInSettingsLingua_20-08-09 - [verifyingSideMenuCollapsedLangAsInSettingsLingua_20-08-09] Element found and ready (attempt 1): By.xpath: //yt-multi-page-menu-section-renderer[@class='style-scope ytd-multi-page-menu-renderer']//yt-formatted-string[@id='label' and text()='Eesti']
20:09:04 [TestNG-test-Yt Master Tests-3] INFO  verifyingSideMenuCollapsedLangAsInSettingsLingua_20-08-09 - [verifyingSideMenuCollapsedLangAsInSettingsLingua_20-08-09] Trying to find element: By.xpath: //yt-multi-page-menu-section-renderer[@class='style-scope ytd-multi-page-menu-renderer']//yt-formatted-string[@id='label' and text()='Eesti']
20:09:04 [TestNG-test-Yt Master Tests-3] INFO  verifyingSideMenuCollapsedLangAsInSettingsLingua_20-08-09 - [verifyingSideMenuCollapsedLangAsInSettingsLingua_20-08-09] Element found and ready (attempt 1): By.xpath: //yt-multi-page-menu-section-renderer[@class='style-scope ytd-multi-page-menu-renderer']//yt-formatted-string[@id='label' and text()='Eesti']
20:09:06 [TestNG-test-Yt Master Tests-3] INFO  verifyingSideMenuCollapsedLangAsInSettingsLingua_20-08-09 - Clicking settings ellipses button...
20:09:06 [TestNG-test-Yt Master Tests-3] INFO  verifyingSideMenuCollapsedLangAsInSettingsLingua_20-08-09 - [verifyingSideMenuCollapsedLangAsInSettingsLingua_20-08-09] Trying to find element: By.xpath: //ytd-topbar-menu-button-renderer[@class='style-scope ytd-masthead style-default']
20:09:06 [TestNG-test-Yt Master Tests-3] INFO  verifyingSideMenuCollapsedLangAsInSettingsLingua_20-08-09 - [verifyingSideMenuCollapsedLangAsInSettingsLingua_20-08-09] Element found and ready (attempt 1): By.xpath: //ytd-topbar-menu-button-renderer[@class='style-scope ytd-masthead style-default']
20:09:07 [TestNG-test-Yt Master Tests-3] INFO  verifyingSideMenuCollapsedLangAsInSettingsLingua_20-08-09 - [verifyingSideMenuCollapsedLangAsInSettingsLingua_20-08-09] Waiting until element is visible in viewport
20:09:08 [TestNG-test-Yt Master Tests-3] INFO  verifyingSideMenuCollapsedLangAsInSettingsLingua_20-08-09 - Clicking settings ellipses button...
20:09:08 [TestNG-test-Yt Master Tests-3] INFO  verifyingSideMenuCollapsedLangAsInSettingsLingua_20-08-09 - [verifyingSideMenuCollapsedLangAsInSettingsLingua_20-08-09] Trying to find element: By.xpath: //ytd-topbar-menu-button-renderer[@class='style-scope ytd-masthead style-default']
20:09:08 [TestNG-test-Yt Master Tests-3] INFO  verifyingSideMenuCollapsedLangAsInSettingsLingua_20-08-09 - [verifyingSideMenuCollapsedLangAsInSettingsLingua_20-08-09] Element found and ready (attempt 1): By.xpath: //ytd-topbar-menu-button-renderer[@class='style-scope ytd-masthead style-default']
20:09:08 [TestNG-test-Yt Master Tests-3] INFO  verifyingSideMenuCollapsedLangAsInSettingsLingua_20-08-09 - getLangAttribute() - locating <html> and reading lang property
20:09:08 [TestNG-test-Yt Master Tests-3] INFO  verifyingSideMenuCollapsedLangAsInSettingsLingua_20-08-09 - Language attribute read: et-EE
20:09:08 [TestNG-test-Yt Master Tests-3] INFO  verifyingSideMenuCollapsedLangAsInSettingsLingua_20-08-09 - Fetching the side menu in collapsed view
20:09:08 [TestNG-test-Yt Master Tests-3] INFO  verifyingSideMenuCollapsedLangAsInSettingsLingua_20-08-09 - [verifyingSideMenuCollapsedLangAsInSettingsLingua_20-08-09] Finding elements list: By.xpath: //ytd-mini-guide-renderer[@class='style-scope ytd-app']//ytd-mini-guide-entry-renderer
20:09:08 [TestNG-test-Yt Master Tests-3] INFO  verifyingSideMenuCollapsedLangAsInSettingsLingua_20-08-09 - [verifyingSideMenuCollapsedLangAsInSettingsLingua_20-08-09] Found 4 ready elements (attempt 1): By.xpath: //ytd-mini-guide-renderer[@class='style-scope ytd-app']//ytd-mini-guide-entry-renderer
20:09:08 [TestNG-test-Yt Master Tests-3] INFO  verifyingSideMenuCollapsedLangAsInSettingsLingua_20-08-09 - 
========== LANGUAGE DETECTION ==========
Detected Language : ESTONIAN
Input Text        : Avaleht Shorts Tellimused Teie
========================================
20:09:08 [TestNG-test-Yt Master Tests-3] INFO  verifyingSideMenuCollapsedLangAsInSettingsLingua_20-08-09 - text sent to lingua is       Avaleht Shorts Tellimused Teie
20:09:08 [TestNG-test-Yt Master Tests-3] INFO  verifyingSideMenuCollapsedLangAsInSettingsLingua_20-08-09 - getLangAttribute() - locating <html> and reading lang property
20:09:08 [TestNG-test-Yt Master Tests-3] INFO  verifyingSideMenuCollapsedLangAsInSettingsLingua_20-08-09 - Language attribute read: et-EE
20:09:08 [TestNG-test-Yt Master Tests-3] INFO  verifyingSideMenuCollapsedLangAsInSettingsLingua_20-08-09 - Clicking settings ellipses button...
20:09:08 [TestNG-test-Yt Master Tests-3] INFO  verifyingSideMenuCollapsedLangAsInSettingsLingua_20-08-09 - [verifyingSideMenuCollapsedLangAsInSettingsLingua_20-08-09] Trying to find element: By.xpath: //ytd-topbar-menu-button-renderer[@class='style-scope ytd-masthead style-default']
20:09:09 [TestNG-test-Yt Master Tests-3] INFO  verifyingSideMenuCollapsedLangAsInSettingsLingua_20-08-09 - [verifyingSideMenuCollapsedLangAsInSettingsLingua_20-08-09] Element found and ready (attempt 1): By.xpath: //ytd-topbar-menu-button-renderer[@class='style-scope ytd-masthead style-default']
20:09:09 [TestNG-test-Yt Master Tests-3] INFO  verifyingSideMenuCollapsedLangAsInSettingsLingua_20-08-09 - Clicking language dropdown...
20:09:09 [TestNG-test-Yt Master Tests-3] INFO  verifyingSideMenuCollapsedLangAsInSettingsLingua_20-08-09 - [verifyingSideMenuCollapsedLangAsInSettingsLingua_20-08-09] Trying to find element: By.xpath: (//div[@id='content-icon'])[2]
20:09:09 [TestNG-test-Yt Master Tests-3] INFO  verifyingSideMenuCollapsedLangAsInSettingsLingua_20-08-09 - [verifyingSideMenuCollapsedLangAsInSettingsLingua_20-08-09] Element found and ready (attempt 1): By.xpath: (//div[@id='content-icon'])[2]
20:09:10 [TestNG-test-Yt Master Tests-3] INFO  verifyingSideMenuCollapsedLangAsInSettingsLingua_20-08-09 - Looking for language element with name: English (India)
20:09:10 [TestNG-test-Yt Master Tests-3] INFO  verifyingSideMenuCollapsedLangAsInSettingsLingua_20-08-09 - [verifyingSideMenuCollapsedLangAsInSettingsLingua_20-08-09] Trying to find element: By.xpath: //yt-multi-page-menu-section-renderer[@class='style-scope ytd-multi-page-menu-renderer']//yt-formatted-string[@id='label' and text()='English (India)']
20:09:10 [TestNG-test-Yt Master Tests-3] INFO  verifyingSideMenuCollapsedLangAsInSettingsLingua_20-08-09 - [verifyingSideMenuCollapsedLangAsInSettingsLingua_20-08-09] Element found and ready (attempt 1): By.xpath: //yt-multi-page-menu-section-renderer[@class='style-scope ytd-multi-page-menu-renderer']//yt-formatted-string[@id='label' and text()='English (India)']
20:09:10 [TestNG-test-Yt Master Tests-3] INFO  verifyingSideMenuCollapsedLangAsInSettingsLingua_20-08-09 - [verifyingSideMenuCollapsedLangAsInSettingsLingua_20-08-09] Trying to find element: By.xpath: //yt-multi-page-menu-section-renderer[@class='style-scope ytd-multi-page-menu-renderer']//yt-formatted-string[@id='label' and text()='English (India)']
20:09:10 [TestNG-test-Yt Master Tests-3] INFO  verifyingSideMenuCollapsedLangAsInSettingsLingua_20-08-09 - [verifyingSideMenuCollapsedLangAsInSettingsLingua_20-08-09] Element found and ready (attempt 1): By.xpath: //yt-multi-page-menu-section-renderer[@class='style-scope ytd-multi-page-menu-renderer']//yt-formatted-string[@id='label' and text()='English (India)']
20:09:12 [TestNG-test-Yt Master Tests-3] INFO  verifyingSideMenuCollapsedLangAsInSettingsLingua_20-08-09 - Clicking settings ellipses button...
20:09:12 [TestNG-test-Yt Master Tests-3] INFO  verifyingSideMenuCollapsedLangAsInSettingsLingua_20-08-09 - [verifyingSideMenuCollapsedLangAsInSettingsLingua_20-08-09] Trying to find element: By.xpath: //ytd-topbar-menu-button-renderer[@class='style-scope ytd-masthead style-default']
20:09:12 [TestNG-test-Yt Master Tests-3] INFO  verifyingSideMenuCollapsedLangAsInSettingsLingua_20-08-09 - [verifyingSideMenuCollapsedLangAsInSettingsLingua_20-08-09] Element found and ready (attempt 1): By.xpath: //ytd-topbar-menu-button-renderer[@class='style-scope ytd-masthead style-default']
20:09:13 [TestNG-test-Yt Master Tests-3] INFO  verifyingSideMenuCollapsedLangAsInSettingsLingua_20-08-09 - [verifyingSideMenuCollapsedLangAsInSettingsLingua_20-08-09] Waiting until element is visible in viewport
20:09:13 [TestNG-test-Yt Master Tests-3] INFO  verifyingSideMenuCollapsedLangAsInSettingsLingua_20-08-09 - Clicking settings ellipses button...
20:09:13 [TestNG-test-Yt Master Tests-3] INFO  verifyingSideMenuCollapsedLangAsInSettingsLingua_20-08-09 - [verifyingSideMenuCollapsedLangAsInSettingsLingua_20-08-09] Trying to find element: By.xpath: //ytd-topbar-menu-button-renderer[@class='style-scope ytd-masthead style-default']
20:09:13 [TestNG-test-Yt Master Tests-3] INFO  verifyingSideMenuCollapsedLangAsInSettingsLingua_20-08-09 - [verifyingSideMenuCollapsedLangAsInSettingsLingua_20-08-09] Element found and ready (attempt 1): By.xpath: //ytd-topbar-menu-button-renderer[@class='style-scope ytd-masthead style-default']
20:09:14 [TestNG-test-Yt Master Tests-3] INFO  verifyingSideMenuCollapsedLangAsInSettingsLingua_20-08-09 - getLangAttribute() - locating <html> and reading lang property
20:09:14 [TestNG-test-Yt Master Tests-3] INFO  verifyingSideMenuCollapsedLangAsInSettingsLingua_20-08-09 - Language attribute read: en-IN
20:09:14 [TestNG-test-Yt Master Tests-3] INFO  verifyingSideMenuCollapsedLangAsInSettingsLingua_20-08-09 - Fetching the side menu in collapsed view
20:09:14 [TestNG-test-Yt Master Tests-3] INFO  verifyingSideMenuCollapsedLangAsInSettingsLingua_20-08-09 - [verifyingSideMenuCollapsedLangAsInSettingsLingua_20-08-09] Finding elements list: By.xpath: //ytd-mini-guide-renderer[@class='style-scope ytd-app']//ytd-mini-guide-entry-renderer
20:09:14 [TestNG-test-Yt Master Tests-3] INFO  verifyingSideMenuCollapsedLangAsInSettingsLingua_20-08-09 - [verifyingSideMenuCollapsedLangAsInSettingsLingua_20-08-09] Found 4 ready elements (attempt 1): By.xpath: //ytd-mini-guide-renderer[@class='style-scope ytd-app']//ytd-mini-guide-entry-renderer
20:09:14 [TestNG-test-Yt Master Tests-3] INFO  verifyingSideMenuCollapsedLangAsInSettingsLingua_20-08-09 - 
========== LANGUAGE DETECTION ==========
Detected Language : ENGLISH
Input Text        : Home Shorts Subscriptions You
========================================
20:09:14 [TestNG-test-Yt Master Tests-3] INFO  verifyingSideMenuCollapsedLangAsInSettingsLingua_20-08-09 - text sent to lingua is       Home Shorts Subscriptions You
20:09:14 [TestNG-test-Yt Master Tests-3] INFO  verifyingSideMenuCollapsedLangAsInSettingsLingua_20-08-09 - getLangAttribute() - locating <html> and reading lang property
20:09:14 [TestNG-test-Yt Master Tests-3] INFO  verifyingSideMenuCollapsedLangAsInSettingsLingua_20-08-09 - Language attribute read: en-IN
20:09:14 [TestNG-test-Yt Master Tests-3] INFO  verifyingSideMenuCollapsedLangAsInSettingsLingua_20-08-09 - Clicking settings ellipses button...
20:09:14 [TestNG-test-Yt Master Tests-3] INFO  verifyingSideMenuCollapsedLangAsInSettingsLingua_20-08-09 - [verifyingSideMenuCollapsedLangAsInSettingsLingua_20-08-09] Trying to find element: By.xpath: //ytd-topbar-menu-button-renderer[@class='style-scope ytd-masthead style-default']
20:09:15 [TestNG-test-Yt Master Tests-3] INFO  verifyingSideMenuCollapsedLangAsInSettingsLingua_20-08-09 - [verifyingSideMenuCollapsedLangAsInSettingsLingua_20-08-09] Element found and ready (attempt 1): By.xpath: //ytd-topbar-menu-button-renderer[@class='style-scope ytd-masthead style-default']
20:09:15 [TestNG-test-Yt Master Tests-3] INFO  verifyingSideMenuCollapsedLangAsInSettingsLingua_20-08-09 - Clicking language dropdown...
20:09:15 [TestNG-test-Yt Master Tests-3] INFO  verifyingSideMenuCollapsedLangAsInSettingsLingua_20-08-09 - [verifyingSideMenuCollapsedLangAsInSettingsLingua_20-08-09] Trying to find element: By.xpath: (//div[@id='content-icon'])[2]
20:09:15 [TestNG-test-Yt Master Tests-3] INFO  verifyingSideMenuCollapsedLangAsInSettingsLingua_20-08-09 - [verifyingSideMenuCollapsedLangAsInSettingsLingua_20-08-09] Element found and ready (attempt 1): By.xpath: (//div[@id='content-icon'])[2]
20:09:16 [TestNG-test-Yt Master Tests-3] INFO  verifyingSideMenuCollapsedLangAsInSettingsLingua_20-08-09 - Looking for language element with name: English (UK)
20:09:16 [TestNG-test-Yt Master Tests-3] INFO  verifyingSideMenuCollapsedLangAsInSettingsLingua_20-08-09 - [verifyingSideMenuCollapsedLangAsInSettingsLingua_20-08-09] Trying to find element: By.xpath: //yt-multi-page-menu-section-renderer[@class='style-scope ytd-multi-page-menu-renderer']//yt-formatted-string[@id='label' and text()='English (UK)']
20:09:16 [TestNG-test-Yt Master Tests-3] INFO  verifyingSideMenuCollapsedLangAsInSettingsLingua_20-08-09 - [verifyingSideMenuCollapsedLangAsInSettingsLingua_20-08-09] Element found and ready (attempt 1): By.xpath: //yt-multi-page-menu-section-renderer[@class='style-scope ytd-multi-page-menu-renderer']//yt-formatted-string[@id='label' and text()='English (UK)']
20:09:16 [TestNG-test-Yt Master Tests-3] INFO  verifyingSideMenuCollapsedLangAsInSettingsLingua_20-08-09 - [verifyingSideMenuCollapsedLangAsInSettingsLingua_20-08-09] Trying to find element: By.xpath: //yt-multi-page-menu-section-renderer[@class='style-scope ytd-multi-page-menu-renderer']//yt-formatted-string[@id='label' and text()='English (UK)']
20:09:16 [TestNG-test-Yt Master Tests-3] INFO  verifyingSideMenuCollapsedLangAsInSettingsLingua_20-08-09 - [verifyingSideMenuCollapsedLangAsInSettingsLingua_20-08-09] Element found and ready (attempt 1): By.xpath: //yt-multi-page-menu-section-renderer[@class='style-scope ytd-multi-page-menu-renderer']//yt-formatted-string[@id='label' and text()='English (UK)']
20:09:18 [TestNG-test-Yt Master Tests-3] INFO  verifyingSideMenuCollapsedLangAsInSettingsLingua_20-08-09 - Clicking settings ellipses button...
20:09:18 [TestNG-test-Yt Master Tests-3] INFO  verifyingSideMenuCollapsedLangAsInSettingsLingua_20-08-09 - [verifyingSideMenuCollapsedLangAsInSettingsLingua_20-08-09] Trying to find element: By.xpath: //ytd-topbar-menu-button-renderer[@class='style-scope ytd-masthead style-default']
20:09:18 [TestNG-test-Yt Master Tests-3] INFO  verifyingSideMenuCollapsedLangAsInSettingsLingua_20-08-09 - [verifyingSideMenuCollapsedLangAsInSettingsLingua_20-08-09] Element found and ready (attempt 1): By.xpath: //ytd-topbar-menu-button-renderer[@class='style-scope ytd-masthead style-default']
20:09:19 [TestNG-test-Yt Master Tests-3] INFO  verifyingSideMenuCollapsedLangAsInSettingsLingua_20-08-09 - [verifyingSideMenuCollapsedLangAsInSettingsLingua_20-08-09] Waiting until element is visible in viewport
20:09:19 [TestNG-test-Yt Master Tests-3] INFO  verifyingSideMenuCollapsedLangAsInSettingsLingua_20-08-09 - Clicking settings ellipses button...
20:09:19 [TestNG-test-Yt Master Tests-3] INFO  verifyingSideMenuCollapsedLangAsInSettingsLingua_20-08-09 - [verifyingSideMenuCollapsedLangAsInSettingsLingua_20-08-09] Trying to find element: By.xpath: //ytd-topbar-menu-button-renderer[@class='style-scope ytd-masthead style-default']
20:09:19 [TestNG-test-Yt Master Tests-3] INFO  verifyingSideMenuCollapsedLangAsInSettingsLingua_20-08-09 - [verifyingSideMenuCollapsedLangAsInSettingsLingua_20-08-09] Element found and ready (attempt 1): By.xpath: //ytd-topbar-menu-button-renderer[@class='style-scope ytd-masthead style-default']
20:09:19 [TestNG-test-Yt Master Tests-3] INFO  verifyingSideMenuCollapsedLangAsInSettingsLingua_20-08-09 - getLangAttribute() - locating <html> and reading lang property
20:09:19 [TestNG-test-Yt Master Tests-3] INFO  verifyingSideMenuCollapsedLangAsInSettingsLingua_20-08-09 - Language attribute read: en-GB
20:09:19 [TestNG-test-Yt Master Tests-3] INFO  verifyingSideMenuCollapsedLangAsInSettingsLingua_20-08-09 - Fetching the side menu in collapsed view
20:09:19 [TestNG-test-Yt Master Tests-3] INFO  verifyingSideMenuCollapsedLangAsInSettingsLingua_20-08-09 - [verifyingSideMenuCollapsedLangAsInSettingsLingua_20-08-09] Finding elements list: By.xpath: //ytd-mini-guide-renderer[@class='style-scope ytd-app']//ytd-mini-guide-entry-renderer
20:09:19 [TestNG-test-Yt Master Tests-3] INFO  verifyingSideMenuCollapsedLangAsInSettingsLingua_20-08-09 - [verifyingSideMenuCollapsedLangAsInSettingsLingua_20-08-09] Found 4 ready elements (attempt 1): By.xpath: //ytd-mini-guide-renderer[@class='style-scope ytd-app']//ytd-mini-guide-entry-renderer
20:09:19 [TestNG-test-Yt Master Tests-3] INFO  verifyingSideMenuCollapsedLangAsInSettingsLingua_20-08-09 - 
========== LANGUAGE DETECTION ==========
Detected Language : ENGLISH
Input Text        : Home Shorts Subscriptions You
========================================
20:09:19 [TestNG-test-Yt Master Tests-3] INFO  verifyingSideMenuCollapsedLangAsInSettingsLingua_20-08-09 - text sent to lingua is       Home Shorts Subscriptions You
20:09:19 [TestNG-test-Yt Master Tests-3] INFO  verifyingSideMenuCollapsedLangAsInSettingsLingua_20-08-09 - getLangAttribute() - locating <html> and reading lang property
20:09:19 [TestNG-test-Yt Master Tests-3] INFO  verifyingSideMenuCollapsedLangAsInSettingsLingua_20-08-09 - Language attribute read: en-GB
20:09:19 [TestNG-test-Yt Master Tests-3] INFO  verifyingSideMenuCollapsedLangAsInSettingsLingua_20-08-09 - Clicking settings ellipses button...
20:09:19 [TestNG-test-Yt Master Tests-3] INFO  verifyingSideMenuCollapsedLangAsInSettingsLingua_20-08-09 - [verifyingSideMenuCollapsedLangAsInSettingsLingua_20-08-09] Trying to find element: By.xpath: //ytd-topbar-menu-button-renderer[@class='style-scope ytd-masthead style-default']
20:09:20 [TestNG-test-Yt Master Tests-3] INFO  verifyingSideMenuCollapsedLangAsInSettingsLingua_20-08-09 - [verifyingSideMenuCollapsedLangAsInSettingsLingua_20-08-09] Element found and ready (attempt 1): By.xpath: //ytd-topbar-menu-button-renderer[@class='style-scope ytd-masthead style-default']
20:09:20 [TestNG-test-Yt Master Tests-3] INFO  verifyingSideMenuCollapsedLangAsInSettingsLingua_20-08-09 - Clicking language dropdown...
20:09:20 [TestNG-test-Yt Master Tests-3] INFO  verifyingSideMenuCollapsedLangAsInSettingsLingua_20-08-09 - [verifyingSideMenuCollapsedLangAsInSettingsLingua_20-08-09] Trying to find element: By.xpath: (//div[@id='content-icon'])[2]
20:09:20 [TestNG-test-Yt Master Tests-3] INFO  verifyingSideMenuCollapsedLangAsInSettingsLingua_20-08-09 - [verifyingSideMenuCollapsedLangAsInSettingsLingua_20-08-09] Element found and ready (attempt 1): By.xpath: (//div[@id='content-icon'])[2]
20:09:21 [TestNG-test-Yt Master Tests-3] INFO  verifyingSideMenuCollapsedLangAsInSettingsLingua_20-08-09 - Looking for language element with name: English (US)
20:09:21 [TestNG-test-Yt Master Tests-3] INFO  verifyingSideMenuCollapsedLangAsInSettingsLingua_20-08-09 - [verifyingSideMenuCollapsedLangAsInSettingsLingua_20-08-09] Trying to find element: By.xpath: //yt-multi-page-menu-section-renderer[@class='style-scope ytd-multi-page-menu-renderer']//yt-formatted-string[@id='label' and text()='English (US)']
20:09:21 [TestNG-test-Yt Master Tests-3] INFO  verifyingSideMenuCollapsedLangAsInSettingsLingua_20-08-09 - [verifyingSideMenuCollapsedLangAsInSettingsLingua_20-08-09] Element found and ready (attempt 1): By.xpath: //yt-multi-page-menu-section-renderer[@class='style-scope ytd-multi-page-menu-renderer']//yt-formatted-string[@id='label' and text()='English (US)']
20:09:21 [TestNG-test-Yt Master Tests-3] INFO  verifyingSideMenuCollapsedLangAsInSettingsLingua_20-08-09 - [verifyingSideMenuCollapsedLangAsInSettingsLingua_20-08-09] Trying to find element: By.xpath: //yt-multi-page-menu-section-renderer[@class='style-scope ytd-multi-page-menu-renderer']//yt-formatted-string[@id='label' and text()='English (US)']
20:09:21 [TestNG-test-Yt Master Tests-3] INFO  verifyingSideMenuCollapsedLangAsInSettingsLingua_20-08-09 - [verifyingSideMenuCollapsedLangAsInSettingsLingua_20-08-09] Element found and ready (attempt 1): By.xpath: //yt-multi-page-menu-section-renderer[@class='style-scope ytd-multi-page-menu-renderer']//yt-formatted-string[@id='label' and text()='English (US)']
20:09:23 [TestNG-test-Yt Master Tests-3] INFO  verifyingSideMenuCollapsedLangAsInSettingsLingua_20-08-09 - Clicking settings ellipses button...
20:09:23 [TestNG-test-Yt Master Tests-3] INFO  verifyingSideMenuCollapsedLangAsInSettingsLingua_20-08-09 - [verifyingSideMenuCollapsedLangAsInSettingsLingua_20-08-09] Trying to find element: By.xpath: //ytd-topbar-menu-button-renderer[@class='style-scope ytd-masthead style-default']
20:09:23 [TestNG-test-Yt Master Tests-3] INFO  verifyingSideMenuCollapsedLangAsInSettingsLingua_20-08-09 - [verifyingSideMenuCollapsedLangAsInSettingsLingua_20-08-09] Element found and ready (attempt 1): By.xpath: //ytd-topbar-menu-button-renderer[@class='style-scope ytd-masthead style-default']
20:09:24 [TestNG-test-Yt Master Tests-3] INFO  verifyingSideMenuCollapsedLangAsInSettingsLingua_20-08-09 - [verifyingSideMenuCollapsedLangAsInSettingsLingua_20-08-09] Waiting until element is visible in viewport
20:09:24 [TestNG-test-Yt Master Tests-3] INFO  verifyingSideMenuCollapsedLangAsInSettingsLingua_20-08-09 - Clicking settings ellipses button...
20:09:24 [TestNG-test-Yt Master Tests-3] INFO  verifyingSideMenuCollapsedLangAsInSettingsLingua_20-08-09 - [verifyingSideMenuCollapsedLangAsInSettingsLingua_20-08-09] Trying to find element: By.xpath: //ytd-topbar-menu-button-renderer[@class='style-scope ytd-masthead style-default']
20:09:24 [TestNG-test-Yt Master Tests-3] INFO  verifyingSideMenuCollapsedLangAsInSettingsLingua_20-08-09 - [verifyingSideMenuCollapsedLangAsInSettingsLingua_20-08-09] Element found and ready (attempt 1): By.xpath: //ytd-topbar-menu-button-renderer[@class='style-scope ytd-masthead style-default']
20:09:24 [TestNG-test-Yt Master Tests-3] INFO  verifyingSideMenuCollapsedLangAsInSettingsLingua_20-08-09 - getLangAttribute() - locating <html> and reading lang property
20:09:25 [TestNG-test-Yt Master Tests-3] INFO  verifyingSideMenuCollapsedLangAsInSettingsLingua_20-08-09 - Language attribute read: en
20:09:25 [TestNG-test-Yt Master Tests-3] INFO  verifyingSideMenuCollapsedLangAsInSettingsLingua_20-08-09 - Fetching the side menu in collapsed view
20:09:25 [TestNG-test-Yt Master Tests-3] INFO  verifyingSideMenuCollapsedLangAsInSettingsLingua_20-08-09 - [verifyingSideMenuCollapsedLangAsInSettingsLingua_20-08-09] Finding elements list: By.xpath: //ytd-mini-guide-renderer[@class='style-scope ytd-app']//ytd-mini-guide-entry-renderer
20:09:25 [TestNG-test-Yt Master Tests-3] INFO  verifyingSideMenuCollapsedLangAsInSettingsLingua_20-08-09 - [verifyingSideMenuCollapsedLangAsInSettingsLingua_20-08-09] Found 4 ready elements (attempt 1): By.xpath: //ytd-mini-guide-renderer[@class='style-scope ytd-app']//ytd-mini-guide-entry-renderer
20:09:25 [TestNG-test-Yt Master Tests-3] INFO  verifyingSideMenuCollapsedLangAsInSettingsLingua_20-08-09 - 
========== LANGUAGE DETECTION ==========
Detected Language : ENGLISH
Input Text        : Home Shorts Subscriptions You
========================================
20:09:25 [TestNG-test-Yt Master Tests-3] INFO  verifyingSideMenuCollapsedLangAsInSettingsLingua_20-08-09 - text sent to lingua is       Home Shorts Subscriptions You
20:09:25 [TestNG-test-Yt Master Tests-3] INFO  verifyingSideMenuCollapsedLangAsInSettingsLingua_20-08-09 - getLangAttribute() - locating <html> and reading lang property
20:09:25 [TestNG-test-Yt Master Tests-3] INFO  verifyingSideMenuCollapsedLangAsInSettingsLingua_20-08-09 - Language attribute read: en
20:09:25 [TestNG-test-Yt Master Tests-3] INFO  verifyingSideMenuCollapsedLangAsInSettingsLingua_20-08-09 - Clicking settings ellipses button...
20:09:25 [TestNG-test-Yt Master Tests-3] INFO  verifyingSideMenuCollapsedLangAsInSettingsLingua_20-08-09 - [verifyingSideMenuCollapsedLangAsInSettingsLingua_20-08-09] Trying to find element: By.xpath: //ytd-topbar-menu-button-renderer[@class='style-scope ytd-masthead style-default']
20:09:25 [TestNG-test-Yt Master Tests-3] INFO  verifyingSideMenuCollapsedLangAsInSettingsLingua_20-08-09 - [verifyingSideMenuCollapsedLangAsInSettingsLingua_20-08-09] Element found and ready (attempt 1): By.xpath: //ytd-topbar-menu-button-renderer[@class='style-scope ytd-masthead style-default']
20:09:25 [TestNG-test-Yt Master Tests-3] INFO  verifyingSideMenuCollapsedLangAsInSettingsLingua_20-08-09 - Clicking language dropdown...
20:09:25 [TestNG-test-Yt Master Tests-3] INFO  verifyingSideMenuCollapsedLangAsInSettingsLingua_20-08-09 - [verifyingSideMenuCollapsedLangAsInSettingsLingua_20-08-09] Trying to find element: By.xpath: (//div[@id='content-icon'])[2]
20:09:26 [TestNG-test-Yt Master Tests-3] INFO  verifyingSideMenuCollapsedLangAsInSettingsLingua_20-08-09 - [verifyingSideMenuCollapsedLangAsInSettingsLingua_20-08-09] Element found and ready (attempt 1): By.xpath: (//div[@id='content-icon'])[2]
20:09:27 [TestNG-test-Yt Master Tests-3] INFO  verifyingSideMenuCollapsedLangAsInSettingsLingua_20-08-09 - Looking for language element with name: Español (España)
20:09:27 [TestNG-test-Yt Master Tests-3] INFO  verifyingSideMenuCollapsedLangAsInSettingsLingua_20-08-09 - [verifyingSideMenuCollapsedLangAsInSettingsLingua_20-08-09] Trying to find element: By.xpath: //yt-multi-page-menu-section-renderer[@class='style-scope ytd-multi-page-menu-renderer']//yt-formatted-string[@id='label' and text()='Español (España)']
20:09:27 [TestNG-test-Yt Master Tests-3] INFO  verifyingSideMenuCollapsedLangAsInSettingsLingua_20-08-09 - [verifyingSideMenuCollapsedLangAsInSettingsLingua_20-08-09] Element found and ready (attempt 1): By.xpath: //yt-multi-page-menu-section-renderer[@class='style-scope ytd-multi-page-menu-renderer']//yt-formatted-string[@id='label' and text()='Español (España)']
20:09:27 [TestNG-test-Yt Master Tests-3] INFO  verifyingSideMenuCollapsedLangAsInSettingsLingua_20-08-09 - [verifyingSideMenuCollapsedLangAsInSettingsLingua_20-08-09] Trying to find element: By.xpath: //yt-multi-page-menu-section-renderer[@class='style-scope ytd-multi-page-menu-renderer']//yt-formatted-string[@id='label' and text()='Español (España)']
20:09:27 [TestNG-test-Yt Master Tests-3] INFO  verifyingSideMenuCollapsedLangAsInSettingsLingua_20-08-09 - [verifyingSideMenuCollapsedLangAsInSettingsLingua_20-08-09] Element found and ready (attempt 1): By.xpath: //yt-multi-page-menu-section-renderer[@class='style-scope ytd-multi-page-menu-renderer']//yt-formatted-string[@id='label' and text()='Español (España)']
20:09:28 [TestNG-test-Yt Master Tests-3] INFO  verifyingSideMenuCollapsedLangAsInSettingsLingua_20-08-09 - Clicking settings ellipses button...
20:09:29 [TestNG-test-Yt Master Tests-3] INFO  verifyingSideMenuCollapsedLangAsInSettingsLingua_20-08-09 - [verifyingSideMenuCollapsedLangAsInSettingsLingua_20-08-09] Trying to find element: By.xpath: //ytd-topbar-menu-button-renderer[@class='style-scope ytd-masthead style-default']
20:09:29 [TestNG-test-Yt Master Tests-3] INFO  verifyingSideMenuCollapsedLangAsInSettingsLingua_20-08-09 - [verifyingSideMenuCollapsedLangAsInSettingsLingua_20-08-09] Element found and ready (attempt 1): By.xpath: //ytd-topbar-menu-button-renderer[@class='style-scope ytd-masthead style-default']
20:09:29 [TestNG-test-Yt Master Tests-3] INFO  verifyingSideMenuCollapsedLangAsInSettingsLingua_20-08-09 - [verifyingSideMenuCollapsedLangAsInSettingsLingua_20-08-09] Waiting until element is visible in viewport
20:09:30 [TestNG-test-Yt Master Tests-3] INFO  verifyingSideMenuCollapsedLangAsInSettingsLingua_20-08-09 - Clicking settings ellipses button...
20:09:30 [TestNG-test-Yt Master Tests-3] INFO  verifyingSideMenuCollapsedLangAsInSettingsLingua_20-08-09 - [verifyingSideMenuCollapsedLangAsInSettingsLingua_20-08-09] Trying to find element: By.xpath: //ytd-topbar-menu-button-renderer[@class='style-scope ytd-masthead style-default']
20:09:30 [TestNG-test-Yt Master Tests-3] INFO  verifyingSideMenuCollapsedLangAsInSettingsLingua_20-08-09 - [verifyingSideMenuCollapsedLangAsInSettingsLingua_20-08-09] Element found and ready (attempt 1): By.xpath: //ytd-topbar-menu-button-renderer[@class='style-scope ytd-masthead style-default']
20:09:30 [TestNG-test-Yt Master Tests-3] INFO  verifyingSideMenuCollapsedLangAsInSettingsLingua_20-08-09 - getLangAttribute() - locating <html> and reading lang property
20:09:30 [TestNG-test-Yt Master Tests-3] INFO  verifyingSideMenuCollapsedLangAsInSettingsLingua_20-08-09 - Language attribute read: es-ES
20:09:30 [TestNG-test-Yt Master Tests-3] INFO  verifyingSideMenuCollapsedLangAsInSettingsLingua_20-08-09 - Fetching the side menu in collapsed view
20:09:30 [TestNG-test-Yt Master Tests-3] INFO  verifyingSideMenuCollapsedLangAsInSettingsLingua_20-08-09 - [verifyingSideMenuCollapsedLangAsInSettingsLingua_20-08-09] Finding elements list: By.xpath: //ytd-mini-guide-renderer[@class='style-scope ytd-app']//ytd-mini-guide-entry-renderer
20:09:30 [TestNG-test-Yt Master Tests-3] INFO  verifyingSideMenuCollapsedLangAsInSettingsLingua_20-08-09 - [verifyingSideMenuCollapsedLangAsInSettingsLingua_20-08-09] Found 4 ready elements (attempt 1): By.xpath: //ytd-mini-guide-renderer[@class='style-scope ytd-app']//ytd-mini-guide-entry-renderer
20:09:30 [TestNG-test-Yt Master Tests-3] INFO  verifyingSideMenuCollapsedLangAsInSettingsLingua_20-08-09 - 
========== LANGUAGE DETECTION ==========
Detected Language : SPANISH
Input Text        : Inicio Shorts Suscripciones Tú
========================================
20:09:30 [TestNG-test-Yt Master Tests-3] INFO  verifyingSideMenuCollapsedLangAsInSettingsLingua_20-08-09 - text sent to lingua is       Inicio Shorts Suscripciones Tú
20:09:30 [TestNG-test-Yt Master Tests-3] INFO  verifyingSideMenuCollapsedLangAsInSettingsLingua_20-08-09 - getLangAttribute() - locating <html> and reading lang property
20:09:30 [TestNG-test-Yt Master Tests-3] INFO  verifyingSideMenuCollapsedLangAsInSettingsLingua_20-08-09 - Language attribute read: es-ES
20:09:30 [TestNG-test-Yt Master Tests-3] INFO  verifyingSideMenuCollapsedLangAsInSettingsLingua_20-08-09 - Clicking settings ellipses button...
20:09:31 [TestNG-test-Yt Master Tests-3] INFO  verifyingSideMenuCollapsedLangAsInSettingsLingua_20-08-09 - [verifyingSideMenuCollapsedLangAsInSettingsLingua_20-08-09] Trying to find element: By.xpath: //ytd-topbar-menu-button-renderer[@class='style-scope ytd-masthead style-default']
20:09:31 [TestNG-test-Yt Master Tests-3] INFO  verifyingSideMenuCollapsedLangAsInSettingsLingua_20-08-09 - [verifyingSideMenuCollapsedLangAsInSettingsLingua_20-08-09] Element found and ready (attempt 1): By.xpath: //ytd-topbar-menu-button-renderer[@class='style-scope ytd-masthead style-default']
20:09:31 [TestNG-test-Yt Master Tests-3] INFO  verifyingSideMenuCollapsedLangAsInSettingsLingua_20-08-09 - Clicking language dropdown...
20:09:31 [TestNG-test-Yt Master Tests-3] INFO  verifyingSideMenuCollapsedLangAsInSettingsLingua_20-08-09 - [verifyingSideMenuCollapsedLangAsInSettingsLingua_20-08-09] Trying to find element: By.xpath: (//div[@id='content-icon'])[2]
20:09:31 [TestNG-test-Yt Master Tests-3] INFO  verifyingSideMenuCollapsedLangAsInSettingsLingua_20-08-09 - [verifyingSideMenuCollapsedLangAsInSettingsLingua_20-08-09] Element found and ready (attempt 1): By.xpath: (//div[@id='content-icon'])[2]
20:09:32 [TestNG-test-Yt Master Tests-3] INFO  verifyingSideMenuCollapsedLangAsInSettingsLingua_20-08-09 - Looking for language element with name: Español (Latinoamérica)
20:09:32 [TestNG-test-Yt Master Tests-3] INFO  verifyingSideMenuCollapsedLangAsInSettingsLingua_20-08-09 - [verifyingSideMenuCollapsedLangAsInSettingsLingua_20-08-09] Trying to find element: By.xpath: //yt-multi-page-menu-section-renderer[@class='style-scope ytd-multi-page-menu-renderer']//yt-formatted-string[@id='label' and text()='Español (Latinoamérica)']
20:09:32 [TestNG-test-Yt Master Tests-3] INFO  verifyingSideMenuCollapsedLangAsInSettingsLingua_20-08-09 - [verifyingSideMenuCollapsedLangAsInSettingsLingua_20-08-09] Element found and ready (attempt 1): By.xpath: //yt-multi-page-menu-section-renderer[@class='style-scope ytd-multi-page-menu-renderer']//yt-formatted-string[@id='label' and text()='Español (Latinoamérica)']
20:09:32 [TestNG-test-Yt Master Tests-3] INFO  verifyingSideMenuCollapsedLangAsInSettingsLingua_20-08-09 - [verifyingSideMenuCollapsedLangAsInSettingsLingua_20-08-09] Trying to find element: By.xpath: //yt-multi-page-menu-section-renderer[@class='style-scope ytd-multi-page-menu-renderer']//yt-formatted-string[@id='label' and text()='Español (Latinoamérica)']
20:09:32 [TestNG-test-Yt Master Tests-3] INFO  verifyingSideMenuCollapsedLangAsInSettingsLingua_20-08-09 - [verifyingSideMenuCollapsedLangAsInSettingsLingua_20-08-09] Element found and ready (attempt 1): By.xpath: //yt-multi-page-menu-section-renderer[@class='style-scope ytd-multi-page-menu-renderer']//yt-formatted-string[@id='label' and text()='Español (Latinoamérica)']
20:09:34 [TestNG-test-Yt Master Tests-3] INFO  verifyingSideMenuCollapsedLangAsInSettingsLingua_20-08-09 - Clicking settings ellipses button...
20:09:34 [TestNG-test-Yt Master Tests-3] INFO  verifyingSideMenuCollapsedLangAsInSettingsLingua_20-08-09 - [verifyingSideMenuCollapsedLangAsInSettingsLingua_20-08-09] Trying to find element: By.xpath: //ytd-topbar-menu-button-renderer[@class='style-scope ytd-masthead style-default']
20:09:35 [TestNG-test-Yt Master Tests-3] INFO  verifyingSideMenuCollapsedLangAsInSettingsLingua_20-08-09 - [verifyingSideMenuCollapsedLangAsInSettingsLingua_20-08-09] Element found and ready (attempt 1): By.xpath: //ytd-topbar-menu-button-renderer[@class='style-scope ytd-masthead style-default']
20:09:35 [TestNG-test-Yt Master Tests-3] INFO  verifyingSideMenuCollapsedLangAsInSettingsLingua_20-08-09 - [verifyingSideMenuCollapsedLangAsInSettingsLingua_20-08-09] Waiting until element is visible in viewport
20:09:36 [TestNG-test-Yt Master Tests-3] INFO  verifyingSideMenuCollapsedLangAsInSettingsLingua_20-08-09 - Clicking settings ellipses button...
20:09:36 [TestNG-test-Yt Master Tests-3] INFO  verifyingSideMenuCollapsedLangAsInSettingsLingua_20-08-09 - [verifyingSideMenuCollapsedLangAsInSettingsLingua_20-08-09] Trying to find element: By.xpath: //ytd-topbar-menu-button-renderer[@class='style-scope ytd-masthead style-default']
20:09:37 [TestNG-test-Yt Master Tests-3] INFO  verifyingSideMenuCollapsedLangAsInSettingsLingua_20-08-09 - [verifyingSideMenuCollapsedLangAsInSettingsLingua_20-08-09] Element found and ready (attempt 1): By.xpath: //ytd-topbar-menu-button-renderer[@class='style-scope ytd-masthead style-default']
20:09:37 [TestNG-test-Yt Master Tests-3] INFO  verifyingSideMenuCollapsedLangAsInSettingsLingua_20-08-09 - getLangAttribute() - locating <html> and reading lang property
20:09:37 [TestNG-test-Yt Master Tests-3] INFO  verifyingSideMenuCollapsedLangAsInSettingsLingua_20-08-09 - Language attribute read: es-419
20:09:37 [TestNG-test-Yt Master Tests-3] INFO  verifyingSideMenuCollapsedLangAsInSettingsLingua_20-08-09 - Fetching the side menu in collapsed view
20:09:37 [TestNG-test-Yt Master Tests-3] INFO  verifyingSideMenuCollapsedLangAsInSettingsLingua_20-08-09 - [verifyingSideMenuCollapsedLangAsInSettingsLingua_20-08-09] Finding elements list: By.xpath: //ytd-mini-guide-renderer[@class='style-scope ytd-app']//ytd-mini-guide-entry-renderer
20:09:37 [TestNG-test-Yt Master Tests-3] INFO  verifyingSideMenuCollapsedLangAsInSettingsLingua_20-08-09 - [verifyingSideMenuCollapsedLangAsInSettingsLingua_20-08-09] Found 4 ready elements (attempt 1): By.xpath: //ytd-mini-guide-renderer[@class='style-scope ytd-app']//ytd-mini-guide-entry-renderer
20:09:38 [TestNG-test-Yt Master Tests-3] INFO  verifyingSideMenuCollapsedLangAsInSettingsLingua_20-08-09 - 
========== LANGUAGE DETECTION ==========
Detected Language : SPANISH
Input Text        : Principal Shorts Suscripciones Tú
========================================
20:09:38 [TestNG-test-Yt Master Tests-3] INFO  verifyingSideMenuCollapsedLangAsInSettingsLingua_20-08-09 - text sent to lingua is       Principal Shorts Suscripciones Tú
20:09:38 [TestNG-test-Yt Master Tests-3] INFO  verifyingSideMenuCollapsedLangAsInSettingsLingua_20-08-09 - getLangAttribute() - locating <html> and reading lang property
20:09:38 [TestNG-test-Yt Master Tests-3] INFO  verifyingSideMenuCollapsedLangAsInSettingsLingua_20-08-09 - Language attribute read: es-419
20:09:38 [TestNG-test-Yt Master Tests-3] INFO  verifyingSideMenuCollapsedLangAsInSettingsLingua_20-08-09 - Clicking settings ellipses button...
20:09:38 [TestNG-test-Yt Master Tests-3] INFO  verifyingSideMenuCollapsedLangAsInSettingsLingua_20-08-09 - [verifyingSideMenuCollapsedLangAsInSettingsLingua_20-08-09] Trying to find element: By.xpath: //ytd-topbar-menu-button-renderer[@class='style-scope ytd-masthead style-default']
20:09:38 [TestNG-test-Yt Master Tests-3] INFO  verifyingSideMenuCollapsedLangAsInSettingsLingua_20-08-09 - [verifyingSideMenuCollapsedLangAsInSettingsLingua_20-08-09] Element found and ready (attempt 1): By.xpath: //ytd-topbar-menu-button-renderer[@class='style-scope ytd-masthead style-default']
20:09:38 [TestNG-test-Yt Master Tests-3] INFO  verifyingSideMenuCollapsedLangAsInSettingsLingua_20-08-09 - Clicking language dropdown...
20:09:38 [TestNG-test-Yt Master Tests-3] INFO  verifyingSideMenuCollapsedLangAsInSettingsLingua_20-08-09 - [verifyingSideMenuCollapsedLangAsInSettingsLingua_20-08-09] Trying to find element: By.xpath: (//div[@id='content-icon'])[2]
20:09:38 [TestNG-test-Yt Master Tests-3] INFO  verifyingSideMenuCollapsedLangAsInSettingsLingua_20-08-09 - [verifyingSideMenuCollapsedLangAsInSettingsLingua_20-08-09] Element found and ready (attempt 1): By.xpath: (//div[@id='content-icon'])[2]
20:09:39 [TestNG-test-Yt Master Tests-3] INFO  verifyingSideMenuCollapsedLangAsInSettingsLingua_20-08-09 - Looking for language element with name: Español (US)
20:09:39 [TestNG-test-Yt Master Tests-3] INFO  verifyingSideMenuCollapsedLangAsInSettingsLingua_20-08-09 - [verifyingSideMenuCollapsedLangAsInSettingsLingua_20-08-09] Trying to find element: By.xpath: //yt-multi-page-menu-section-renderer[@class='style-scope ytd-multi-page-menu-renderer']//yt-formatted-string[@id='label' and text()='Español (US)']
20:09:39 [TestNG-test-Yt Master Tests-3] INFO  verifyingSideMenuCollapsedLangAsInSettingsLingua_20-08-09 - [verifyingSideMenuCollapsedLangAsInSettingsLingua_20-08-09] Element found and ready (attempt 1): By.xpath: //yt-multi-page-menu-section-renderer[@class='style-scope ytd-multi-page-menu-renderer']//yt-formatted-string[@id='label' and text()='Español (US)']
20:09:39 [TestNG-test-Yt Master Tests-3] INFO  verifyingSideMenuCollapsedLangAsInSettingsLingua_20-08-09 - [verifyingSideMenuCollapsedLangAsInSettingsLingua_20-08-09] Trying to find element: By.xpath: //yt-multi-page-menu-section-renderer[@class='style-scope ytd-multi-page-menu-renderer']//yt-formatted-string[@id='label' and text()='Español (US)']
20:09:39 [TestNG-test-Yt Master Tests-3] INFO  verifyingSideMenuCollapsedLangAsInSettingsLingua_20-08-09 - [verifyingSideMenuCollapsedLangAsInSettingsLingua_20-08-09] Element found and ready (attempt 1): By.xpath: //yt-multi-page-menu-section-renderer[@class='style-scope ytd-multi-page-menu-renderer']//yt-formatted-string[@id='label' and text()='Español (US)']
20:09:41 [TestNG-test-Yt Master Tests-3] INFO  verifyingSideMenuCollapsedLangAsInSettingsLingua_20-08-09 - Clicking settings ellipses button...
20:09:41 [TestNG-test-Yt Master Tests-3] INFO  verifyingSideMenuCollapsedLangAsInSettingsLingua_20-08-09 - [verifyingSideMenuCollapsedLangAsInSettingsLingua_20-08-09] Trying to find element: By.xpath: //ytd-topbar-menu-button-renderer[@class='style-scope ytd-masthead style-default']
20:09:41 [TestNG-test-Yt Master Tests-3] INFO  verifyingSideMenuCollapsedLangAsInSettingsLingua_20-08-09 - [verifyingSideMenuCollapsedLangAsInSettingsLingua_20-08-09] Element found and ready (attempt 1): By.xpath: //ytd-topbar-menu-button-renderer[@class='style-scope ytd-masthead style-default']
20:09:41 [TestNG-test-Yt Master Tests-3] INFO  verifyingSideMenuCollapsedLangAsInSettingsLingua_20-08-09 - [verifyingSideMenuCollapsedLangAsInSettingsLingua_20-08-09] Waiting until element is visible in viewport
20:09:42 [TestNG-test-Yt Master Tests-3] INFO  verifyingSideMenuCollapsedLangAsInSettingsLingua_20-08-09 - Clicking settings ellipses button...
20:09:42 [TestNG-test-Yt Master Tests-3] INFO  verifyingSideMenuCollapsedLangAsInSettingsLingua_20-08-09 - [verifyingSideMenuCollapsedLangAsInSettingsLingua_20-08-09] Trying to find element: By.xpath: //ytd-topbar-menu-button-renderer[@class='style-scope ytd-masthead style-default']
20:09:42 [TestNG-test-Yt Master Tests-3] INFO  verifyingSideMenuCollapsedLangAsInSettingsLingua_20-08-09 - [verifyingSideMenuCollapsedLangAsInSettingsLingua_20-08-09] Element found and ready (attempt 1): By.xpath: //ytd-topbar-menu-button-renderer[@class='style-scope ytd-masthead style-default']
20:09:42 [TestNG-test-Yt Master Tests-3] INFO  verifyingSideMenuCollapsedLangAsInSettingsLingua_20-08-09 - getLangAttribute() - locating <html> and reading lang property
20:09:42 [TestNG-test-Yt Master Tests-3] INFO  verifyingSideMenuCollapsedLangAsInSettingsLingua_20-08-09 - Language attribute read: es-US
20:09:42 [TestNG-test-Yt Master Tests-3] INFO  verifyingSideMenuCollapsedLangAsInSettingsLingua_20-08-09 - Fetching the side menu in collapsed view
20:09:42 [TestNG-test-Yt Master Tests-3] INFO  verifyingSideMenuCollapsedLangAsInSettingsLingua_20-08-09 - [verifyingSideMenuCollapsedLangAsInSettingsLingua_20-08-09] Finding elements list: By.xpath: //ytd-mini-guide-renderer[@class='style-scope ytd-app']//ytd-mini-guide-entry-renderer
20:09:42 [TestNG-test-Yt Master Tests-3] INFO  verifyingSideMenuCollapsedLangAsInSettingsLingua_20-08-09 - [verifyingSideMenuCollapsedLangAsInSettingsLingua_20-08-09] Found 4 ready elements (attempt 1): By.xpath: //ytd-mini-guide-renderer[@class='style-scope ytd-app']//ytd-mini-guide-entry-renderer
20:09:43 [TestNG-test-Yt Master Tests-3] INFO  verifyingSideMenuCollapsedLangAsInSettingsLingua_20-08-09 - 
========== LANGUAGE DETECTION ==========
Detected Language : SPANISH
Input Text        : Principal Shorts Suscripciones Tú
========================================
20:09:43 [TestNG-test-Yt Master Tests-3] INFO  verifyingSideMenuCollapsedLangAsInSettingsLingua_20-08-09 - text sent to lingua is       Principal Shorts Suscripciones Tú
20:09:43 [TestNG-test-Yt Master Tests-3] INFO  verifyingSideMenuCollapsedLangAsInSettingsLingua_20-08-09 - getLangAttribute() - locating <html> and reading lang property
20:09:43 [TestNG-test-Yt Master Tests-3] INFO  verifyingSideMenuCollapsedLangAsInSettingsLingua_20-08-09 - Language attribute read: es-US
20:09:43 [TestNG-test-Yt Master Tests-3] INFO  verifyingSideMenuCollapsedLangAsInSettingsLingua_20-08-09 - Clicking settings ellipses button...
20:09:43 [TestNG-test-Yt Master Tests-3] INFO  verifyingSideMenuCollapsedLangAsInSettingsLingua_20-08-09 - [verifyingSideMenuCollapsedLangAsInSettingsLingua_20-08-09] Trying to find element: By.xpath: //ytd-topbar-menu-button-renderer[@class='style-scope ytd-masthead style-default']
20:09:43 [TestNG-test-Yt Master Tests-3] INFO  verifyingSideMenuCollapsedLangAsInSettingsLingua_20-08-09 - [verifyingSideMenuCollapsedLangAsInSettingsLingua_20-08-09] Element found and ready (attempt 1): By.xpath: //ytd-topbar-menu-button-renderer[@class='style-scope ytd-masthead style-default']
20:09:43 [TestNG-test-Yt Master Tests-3] INFO  verifyingSideMenuCollapsedLangAsInSettingsLingua_20-08-09 - Clicking language dropdown...
20:09:43 [TestNG-test-Yt Master Tests-3] INFO  verifyingSideMenuCollapsedLangAsInSettingsLingua_20-08-09 - [verifyingSideMenuCollapsedLangAsInSettingsLingua_20-08-09] Trying to find element: By.xpath: (//div[@id='content-icon'])[2]
20:09:43 [TestNG-test-Yt Master Tests-3] INFO  verifyingSideMenuCollapsedLangAsInSettingsLingua_20-08-09 - [verifyingSideMenuCollapsedLangAsInSettingsLingua_20-08-09] Element found and ready (attempt 1): By.xpath: (//div[@id='content-icon'])[2]
20:09:44 [TestNG-test-Yt Master Tests-3] INFO  verifyingSideMenuCollapsedLangAsInSettingsLingua_20-08-09 - Looking for language element with name: Euskara
20:09:44 [TestNG-test-Yt Master Tests-3] INFO  verifyingSideMenuCollapsedLangAsInSettingsLingua_20-08-09 - [verifyingSideMenuCollapsedLangAsInSettingsLingua_20-08-09] Trying to find element: By.xpath: //yt-multi-page-menu-section-renderer[@class='style-scope ytd-multi-page-menu-renderer']//yt-formatted-string[@id='label' and text()='Euskara']
20:09:44 [TestNG-test-Yt Master Tests-3] INFO  verifyingSideMenuCollapsedLangAsInSettingsLingua_20-08-09 - [verifyingSideMenuCollapsedLangAsInSettingsLingua_20-08-09] Element found and ready (attempt 1): By.xpath: //yt-multi-page-menu-section-renderer[@class='style-scope ytd-multi-page-menu-renderer']//yt-formatted-string[@id='label' and text()='Euskara']
20:09:44 [TestNG-test-Yt Master Tests-3] INFO  verifyingSideMenuCollapsedLangAsInSettingsLingua_20-08-09 - [verifyingSideMenuCollapsedLangAsInSettingsLingua_20-08-09] Trying to find element: By.xpath: //yt-multi-page-menu-section-renderer[@class='style-scope ytd-multi-page-menu-renderer']//yt-formatted-string[@id='label' and text()='Euskara']
20:09:44 [TestNG-test-Yt Master Tests-3] INFO  verifyingSideMenuCollapsedLangAsInSettingsLingua_20-08-09 - [verifyingSideMenuCollapsedLangAsInSettingsLingua_20-08-09] Element found and ready (attempt 1): By.xpath: //yt-multi-page-menu-section-renderer[@class='style-scope ytd-multi-page-menu-renderer']//yt-formatted-string[@id='label' and text()='Euskara']
20:09:46 [TestNG-test-Yt Master Tests-3] INFO  verifyingSideMenuCollapsedLangAsInSettingsLingua_20-08-09 - Clicking settings ellipses button...
20:09:46 [TestNG-test-Yt Master Tests-3] INFO  verifyingSideMenuCollapsedLangAsInSettingsLingua_20-08-09 - [verifyingSideMenuCollapsedLangAsInSettingsLingua_20-08-09] Trying to find element: By.xpath: //ytd-topbar-menu-button-renderer[@class='style-scope ytd-masthead style-default']
20:09:46 [TestNG-test-Yt Master Tests-3] INFO  verifyingSideMenuCollapsedLangAsInSettingsLingua_20-08-09 - [verifyingSideMenuCollapsedLangAsInSettingsLingua_20-08-09] Element found and ready (attempt 1): By.xpath: //ytd-topbar-menu-button-renderer[@class='style-scope ytd-masthead style-default']
20:09:47 [TestNG-test-Yt Master Tests-3] INFO  verifyingSideMenuCollapsedLangAsInSettingsLingua_20-08-09 - [verifyingSideMenuCollapsedLangAsInSettingsLingua_20-08-09] Waiting until element is visible in viewport
20:09:47 [TestNG-test-Yt Master Tests-3] INFO  verifyingSideMenuCollapsedLangAsInSettingsLingua_20-08-09 - Clicking settings ellipses button...
20:09:47 [TestNG-test-Yt Master Tests-3] INFO  verifyingSideMenuCollapsedLangAsInSettingsLingua_20-08-09 - [verifyingSideMenuCollapsedLangAsInSettingsLingua_20-08-09] Trying to find element: By.xpath: //ytd-topbar-menu-button-renderer[@class='style-scope ytd-masthead style-default']
20:09:47 [TestNG-test-Yt Master Tests-3] INFO  verifyingSideMenuCollapsedLangAsInSettingsLingua_20-08-09 - [verifyingSideMenuCollapsedLangAsInSettingsLingua_20-08-09] Element found and ready (attempt 1): By.xpath: //ytd-topbar-menu-button-renderer[@class='style-scope ytd-masthead style-default']
20:09:47 [TestNG-test-Yt Master Tests-3] INFO  verifyingSideMenuCollapsedLangAsInSettingsLingua_20-08-09 - getLangAttribute() - locating <html> and reading lang property
20:09:48 [TestNG-test-Yt Master Tests-3] INFO  verifyingSideMenuCollapsedLangAsInSettingsLingua_20-08-09 - Language attribute read: eu-ES
20:09:48 [TestNG-test-Yt Master Tests-3] INFO  verifyingSideMenuCollapsedLangAsInSettingsLingua_20-08-09 - Fetching the side menu in collapsed view
20:09:48 [TestNG-test-Yt Master Tests-3] INFO  verifyingSideMenuCollapsedLangAsInSettingsLingua_20-08-09 - [verifyingSideMenuCollapsedLangAsInSettingsLingua_20-08-09] Finding elements list: By.xpath: //ytd-mini-guide-renderer[@class='style-scope ytd-app']//ytd-mini-guide-entry-renderer
20:09:48 [TestNG-test-Yt Master Tests-3] INFO  verifyingSideMenuCollapsedLangAsInSettingsLingua_20-08-09 - [verifyingSideMenuCollapsedLangAsInSettingsLingua_20-08-09] Found 4 ready elements (attempt 1): By.xpath: //ytd-mini-guide-renderer[@class='style-scope ytd-app']//ytd-mini-guide-entry-renderer
20:09:48 [TestNG-test-Yt Master Tests-3] INFO  verifyingSideMenuCollapsedLangAsInSettingsLingua_20-08-09 - 
========== LANGUAGE DETECTION ==========
Detected Language : BASQUE
Input Text        : Orri nagusia Shorts Harpidetzak Zu
========================================
20:09:48 [TestNG-test-Yt Master Tests-3] INFO  verifyingSideMenuCollapsedLangAsInSettingsLingua_20-08-09 - text sent to lingua is       Orri nagusia Shorts Harpidetzak Zu
20:09:48 [TestNG-test-Yt Master Tests-3] INFO  verifyingSideMenuCollapsedLangAsInSettingsLingua_20-08-09 - getLangAttribute() - locating <html> and reading lang property
20:09:48 [TestNG-test-Yt Master Tests-3] INFO  verifyingSideMenuCollapsedLangAsInSettingsLingua_20-08-09 - Language attribute read: eu-ES
20:09:48 [TestNG-test-Yt Master Tests-3] INFO  verifyingSideMenuCollapsedLangAsInSettingsLingua_20-08-09 - Clicking settings ellipses button...
20:09:49 [TestNG-test-Yt Master Tests-3] INFO  verifyingSideMenuCollapsedLangAsInSettingsLingua_20-08-09 - [verifyingSideMenuCollapsedLangAsInSettingsLingua_20-08-09] Trying to find element: By.xpath: //ytd-topbar-menu-button-renderer[@class='style-scope ytd-masthead style-default']
20:09:49 [TestNG-test-Yt Master Tests-3] INFO  verifyingSideMenuCollapsedLangAsInSettingsLingua_20-08-09 - [verifyingSideMenuCollapsedLangAsInSettingsLingua_20-08-09] Element found and ready (attempt 1): By.xpath: //ytd-topbar-menu-button-renderer[@class='style-scope ytd-masthead style-default']
20:09:49 [TestNG-test-Yt Master Tests-3] INFO  verifyingSideMenuCollapsedLangAsInSettingsLingua_20-08-09 - Clicking language dropdown...
20:09:49 [TestNG-test-Yt Master Tests-3] INFO  verifyingSideMenuCollapsedLangAsInSettingsLingua_20-08-09 - [verifyingSideMenuCollapsedLangAsInSettingsLingua_20-08-09] Trying to find element: By.xpath: (//div[@id='content-icon'])[2]
20:09:49 [TestNG-test-Yt Master Tests-3] INFO  verifyingSideMenuCollapsedLangAsInSettingsLingua_20-08-09 - [verifyingSideMenuCollapsedLangAsInSettingsLingua_20-08-09] Element found and ready (attempt 1): By.xpath: (//div[@id='content-icon'])[2]
20:09:50 [TestNG-test-Yt Master Tests-3] INFO  verifyingSideMenuCollapsedLangAsInSettingsLingua_20-08-09 - Looking for language element with name: Français
20:09:50 [TestNG-test-Yt Master Tests-3] INFO  verifyingSideMenuCollapsedLangAsInSettingsLingua_20-08-09 - [verifyingSideMenuCollapsedLangAsInSettingsLingua_20-08-09] Trying to find element: By.xpath: //yt-multi-page-menu-section-renderer[@class='style-scope ytd-multi-page-menu-renderer']//yt-formatted-string[@id='label' and text()='Français']
20:09:50 [TestNG-test-Yt Master Tests-3] INFO  verifyingSideMenuCollapsedLangAsInSettingsLingua_20-08-09 - [verifyingSideMenuCollapsedLangAsInSettingsLingua_20-08-09] Element found and ready (attempt 1): By.xpath: //yt-multi-page-menu-section-renderer[@class='style-scope ytd-multi-page-menu-renderer']//yt-formatted-string[@id='label' and text()='Français']
20:09:50 [TestNG-test-Yt Master Tests-3] INFO  verifyingSideMenuCollapsedLangAsInSettingsLingua_20-08-09 - [verifyingSideMenuCollapsedLangAsInSettingsLingua_20-08-09] Trying to find element: By.xpath: //yt-multi-page-menu-section-renderer[@class='style-scope ytd-multi-page-menu-renderer']//yt-formatted-string[@id='label' and text()='Français']
20:09:51 [TestNG-test-Yt Master Tests-3] INFO  verifyingSideMenuCollapsedLangAsInSettingsLingua_20-08-09 - [verifyingSideMenuCollapsedLangAsInSettingsLingua_20-08-09] Element found and ready (attempt 1): By.xpath: //yt-multi-page-menu-section-renderer[@class='style-scope ytd-multi-page-menu-renderer']//yt-formatted-string[@id='label' and text()='Français']
20:09:52 [TestNG-test-Yt Master Tests-3] INFO  verifyingSideMenuCollapsedLangAsInSettingsLingua_20-08-09 - Clicking settings ellipses button...
20:09:53 [TestNG-test-Yt Master Tests-3] INFO  verifyingSideMenuCollapsedLangAsInSettingsLingua_20-08-09 - [verifyingSideMenuCollapsedLangAsInSettingsLingua_20-08-09] Trying to find element: By.xpath: //ytd-topbar-menu-button-renderer[@class='style-scope ytd-masthead style-default']
20:09:53 [TestNG-test-Yt Master Tests-3] INFO  verifyingSideMenuCollapsedLangAsInSettingsLingua_20-08-09 - [verifyingSideMenuCollapsedLangAsInSettingsLingua_20-08-09] Element found and ready (attempt 1): By.xpath: //ytd-topbar-menu-button-renderer[@class='style-scope ytd-masthead style-default']
20:09:53 [TestNG-test-Yt Master Tests-3] INFO  verifyingSideMenuCollapsedLangAsInSettingsLingua_20-08-09 - [verifyingSideMenuCollapsedLangAsInSettingsLingua_20-08-09] Waiting until element is visible in viewport
20:09:54 [TestNG-test-Yt Master Tests-3] INFO  verifyingSideMenuCollapsedLangAsInSettingsLingua_20-08-09 - Clicking settings ellipses button...
20:09:54 [TestNG-test-Yt Master Tests-3] INFO  verifyingSideMenuCollapsedLangAsInSettingsLingua_20-08-09 - [verifyingSideMenuCollapsedLangAsInSettingsLingua_20-08-09] Trying to find element: By.xpath: //ytd-topbar-menu-button-renderer[@class='style-scope ytd-masthead style-default']
20:09:54 [TestNG-test-Yt Master Tests-3] INFO  verifyingSideMenuCollapsedLangAsInSettingsLingua_20-08-09 - [verifyingSideMenuCollapsedLangAsInSettingsLingua_20-08-09] Element found and ready (attempt 1): By.xpath: //ytd-topbar-menu-button-renderer[@class='style-scope ytd-masthead style-default']
20:09:54 [TestNG-test-Yt Master Tests-3] INFO  verifyingSideMenuCollapsedLangAsInSettingsLingua_20-08-09 - getLangAttribute() - locating <html> and reading lang property
20:09:54 [TestNG-test-Yt Master Tests-3] INFO  verifyingSideMenuCollapsedLangAsInSettingsLingua_20-08-09 - Language attribute read: fr-FR
20:09:54 [TestNG-test-Yt Master Tests-3] INFO  verifyingSideMenuCollapsedLangAsInSettingsLingua_20-08-09 - Fetching the side menu in collapsed view
20:09:54 [TestNG-test-Yt Master Tests-3] INFO  verifyingSideMenuCollapsedLangAsInSettingsLingua_20-08-09 - [verifyingSideMenuCollapsedLangAsInSettingsLingua_20-08-09] Finding elements list: By.xpath: //ytd-mini-guide-renderer[@class='style-scope ytd-app']//ytd-mini-guide-entry-renderer
20:09:54 [TestNG-test-Yt Master Tests-3] INFO  verifyingSideMenuCollapsedLangAsInSettingsLingua_20-08-09 - [verifyingSideMenuCollapsedLangAsInSettingsLingua_20-08-09] Found 4 ready elements (attempt 1): By.xpath: //ytd-mini-guide-renderer[@class='style-scope ytd-app']//ytd-mini-guide-entry-renderer
20:09:54 [TestNG-test-Yt Master Tests-3] INFO  verifyingSideMenuCollapsedLangAsInSettingsLingua_20-08-09 - 
========== LANGUAGE DETECTION ==========
Detected Language : FRENCH
Input Text        : Accueil Shorts Abonnements Vous
========================================
20:09:54 [TestNG-test-Yt Master Tests-3] INFO  verifyingSideMenuCollapsedLangAsInSettingsLingua_20-08-09 - text sent to lingua is       Accueil Shorts Abonnements Vous
20:09:54 [TestNG-test-Yt Master Tests-3] INFO  verifyingSideMenuCollapsedLangAsInSettingsLingua_20-08-09 - getLangAttribute() - locating <html> and reading lang property
20:09:54 [TestNG-test-Yt Master Tests-3] INFO  verifyingSideMenuCollapsedLangAsInSettingsLingua_20-08-09 - Language attribute read: fr-FR
20:09:54 [TestNG-test-Yt Master Tests-3] INFO  verifyingSideMenuCollapsedLangAsInSettingsLingua_20-08-09 - Clicking settings ellipses button...
20:09:54 [TestNG-test-Yt Master Tests-3] INFO  verifyingSideMenuCollapsedLangAsInSettingsLingua_20-08-09 - [verifyingSideMenuCollapsedLangAsInSettingsLingua_20-08-09] Trying to find element: By.xpath: //ytd-topbar-menu-button-renderer[@class='style-scope ytd-masthead style-default']
20:09:54 [TestNG-test-Yt Master Tests-3] INFO  verifyingSideMenuCollapsedLangAsInSettingsLingua_20-08-09 - [verifyingSideMenuCollapsedLangAsInSettingsLingua_20-08-09] Element found and ready (attempt 1): By.xpath: //ytd-topbar-menu-button-renderer[@class='style-scope ytd-masthead style-default']
20:09:54 [TestNG-test-Yt Master Tests-3] INFO  verifyingSideMenuCollapsedLangAsInSettingsLingua_20-08-09 - Clicking language dropdown...
20:09:54 [TestNG-test-Yt Master Tests-3] INFO  verifyingSideMenuCollapsedLangAsInSettingsLingua_20-08-09 - [verifyingSideMenuCollapsedLangAsInSettingsLingua_20-08-09] Trying to find element: By.xpath: (//div[@id='content-icon'])[2]
20:09:55 [TestNG-test-Yt Master Tests-3] INFO  verifyingSideMenuCollapsedLangAsInSettingsLingua_20-08-09 - [verifyingSideMenuCollapsedLangAsInSettingsLingua_20-08-09] Element found and ready (attempt 1): By.xpath: (//div[@id='content-icon'])[2]
20:09:55 [TestNG-test-Yt Master Tests-3] INFO  verifyingSideMenuCollapsedLangAsInSettingsLingua_20-08-09 - Looking for language element with name: Français (Canada)
20:09:55 [TestNG-test-Yt Master Tests-3] INFO  verifyingSideMenuCollapsedLangAsInSettingsLingua_20-08-09 - [verifyingSideMenuCollapsedLangAsInSettingsLingua_20-08-09] Trying to find element: By.xpath: //yt-multi-page-menu-section-renderer[@class='style-scope ytd-multi-page-menu-renderer']//yt-formatted-string[@id='label' and text()='Français (Canada)']
20:09:55 [TestNG-test-Yt Master Tests-3] INFO  verifyingSideMenuCollapsedLangAsInSettingsLingua_20-08-09 - [verifyingSideMenuCollapsedLangAsInSettingsLingua_20-08-09] Element found and ready (attempt 1): By.xpath: //yt-multi-page-menu-section-renderer[@class='style-scope ytd-multi-page-menu-renderer']//yt-formatted-string[@id='label' and text()='Français (Canada)']
20:09:55 [TestNG-test-Yt Master Tests-3] INFO  verifyingSideMenuCollapsedLangAsInSettingsLingua_20-08-09 - [verifyingSideMenuCollapsedLangAsInSettingsLingua_20-08-09] Trying to find element: By.xpath: //yt-multi-page-menu-section-renderer[@class='style-scope ytd-multi-page-menu-renderer']//yt-formatted-string[@id='label' and text()='Français (Canada)']
20:09:56 [TestNG-test-Yt Master Tests-3] INFO  verifyingSideMenuCollapsedLangAsInSettingsLingua_20-08-09 - [verifyingSideMenuCollapsedLangAsInSettingsLingua_20-08-09] Element found and ready (attempt 1): By.xpath: //yt-multi-page-menu-section-renderer[@class='style-scope ytd-multi-page-menu-renderer']//yt-formatted-string[@id='label' and text()='Français (Canada)']
20:09:57 [TestNG-test-Yt Master Tests-3] INFO  verifyingSideMenuCollapsedLangAsInSettingsLingua_20-08-09 - Clicking settings ellipses button...
20:09:57 [TestNG-test-Yt Master Tests-3] INFO  verifyingSideMenuCollapsedLangAsInSettingsLingua_20-08-09 - [verifyingSideMenuCollapsedLangAsInSettingsLingua_20-08-09] Trying to find element: By.xpath: //ytd-topbar-menu-button-renderer[@class='style-scope ytd-masthead style-default']
20:09:57 [TestNG-test-Yt Master Tests-3] INFO  verifyingSideMenuCollapsedLangAsInSettingsLingua_20-08-09 - [verifyingSideMenuCollapsedLangAsInSettingsLingua_20-08-09] Element found and ready (attempt 1): By.xpath: //ytd-topbar-menu-button-renderer[@class='style-scope ytd-masthead style-default']
20:09:57 [TestNG-test-Yt Master Tests-3] INFO  verifyingSideMenuCollapsedLangAsInSettingsLingua_20-08-09 - [verifyingSideMenuCollapsedLangAsInSettingsLingua_20-08-09] Waiting until element is visible in viewport
20:09:59 [TestNG-test-Yt Master Tests-3] INFO  verifyingSideMenuCollapsedLangAsInSettingsLingua_20-08-09 - Clicking settings ellipses button...
20:09:59 [TestNG-test-Yt Master Tests-3] INFO  verifyingSideMenuCollapsedLangAsInSettingsLingua_20-08-09 - [verifyingSideMenuCollapsedLangAsInSettingsLingua_20-08-09] Trying to find element: By.xpath: //ytd-topbar-menu-button-renderer[@class='style-scope ytd-masthead style-default']
20:09:59 [TestNG-test-Yt Master Tests-3] INFO  verifyingSideMenuCollapsedLangAsInSettingsLingua_20-08-09 - [verifyingSideMenuCollapsedLangAsInSettingsLingua_20-08-09] Element found and ready (attempt 1): By.xpath: //ytd-topbar-menu-button-renderer[@class='style-scope ytd-masthead style-default']
20:09:59 [TestNG-test-Yt Master Tests-3] INFO  verifyingSideMenuCollapsedLangAsInSettingsLingua_20-08-09 - getLangAttribute() - locating <html> and reading lang property
20:09:59 [TestNG-test-Yt Master Tests-3] INFO  verifyingSideMenuCollapsedLangAsInSettingsLingua_20-08-09 - Language attribute read: fr-CA
20:09:59 [TestNG-test-Yt Master Tests-3] INFO  verifyingSideMenuCollapsedLangAsInSettingsLingua_20-08-09 - Fetching the side menu in collapsed view
20:09:59 [TestNG-test-Yt Master Tests-3] INFO  verifyingSideMenuCollapsedLangAsInSettingsLingua_20-08-09 - [verifyingSideMenuCollapsedLangAsInSettingsLingua_20-08-09] Finding elements list: By.xpath: //ytd-mini-guide-renderer[@class='style-scope ytd-app']//ytd-mini-guide-entry-renderer
20:09:59 [TestNG-test-Yt Master Tests-3] INFO  verifyingSideMenuCollapsedLangAsInSettingsLingua_20-08-09 - [verifyingSideMenuCollapsedLangAsInSettingsLingua_20-08-09] Found 4 ready elements (attempt 1): By.xpath: //ytd-mini-guide-renderer[@class='style-scope ytd-app']//ytd-mini-guide-entry-renderer
20:09:59 [TestNG-test-Yt Master Tests-3] INFO  verifyingSideMenuCollapsedLangAsInSettingsLingua_20-08-09 - 
========== LANGUAGE DETECTION ==========
Detected Language : FRENCH
Input Text        : Accueil Shorts Abonnements Vous
========================================
20:09:59 [TestNG-test-Yt Master Tests-3] INFO  verifyingSideMenuCollapsedLangAsInSettingsLingua_20-08-09 - text sent to lingua is       Accueil Shorts Abonnements Vous
20:09:59 [TestNG-test-Yt Master Tests-3] INFO  verifyingSideMenuCollapsedLangAsInSettingsLingua_20-08-09 - getLangAttribute() - locating <html> and reading lang property
20:09:59 [TestNG-test-Yt Master Tests-3] INFO  verifyingSideMenuCollapsedLangAsInSettingsLingua_20-08-09 - Language attribute read: fr-CA
20:09:59 [TestNG-test-Yt Master Tests-3] INFO  verifyingSideMenuCollapsedLangAsInSettingsLingua_20-08-09 - Clicking settings ellipses button...
20:10:00 [TestNG-test-Yt Master Tests-3] INFO  verifyingSideMenuCollapsedLangAsInSettingsLingua_20-08-09 - [verifyingSideMenuCollapsedLangAsInSettingsLingua_20-08-09] Trying to find element: By.xpath: //ytd-topbar-menu-button-renderer[@class='style-scope ytd-masthead style-default']
20:10:00 [TestNG-test-Yt Master Tests-3] INFO  verifyingSideMenuCollapsedLangAsInSettingsLingua_20-08-09 - [verifyingSideMenuCollapsedLangAsInSettingsLingua_20-08-09] Element found and ready (attempt 1): By.xpath: //ytd-topbar-menu-button-renderer[@class='style-scope ytd-masthead style-default']
20:10:00 [TestNG-test-Yt Master Tests-3] INFO  verifyingSideMenuCollapsedLangAsInSettingsLingua_20-08-09 - Clicking language dropdown...
20:10:00 [TestNG-test-Yt Master Tests-3] INFO  verifyingSideMenuCollapsedLangAsInSettingsLingua_20-08-09 - [verifyingSideMenuCollapsedLangAsInSettingsLingua_20-08-09] Trying to find element: By.xpath: (//div[@id='content-icon'])[2]
20:10:00 [TestNG-test-Yt Master Tests-3] INFO  verifyingSideMenuCollapsedLangAsInSettingsLingua_20-08-09 - [verifyingSideMenuCollapsedLangAsInSettingsLingua_20-08-09] Element found and ready (attempt 1): By.xpath: (//div[@id='content-icon'])[2]
20:10:01 [TestNG-test-Yt Master Tests-3] INFO  verifyingSideMenuCollapsedLangAsInSettingsLingua_20-08-09 - Looking for language element with name: Hrvatski
20:10:01 [TestNG-test-Yt Master Tests-3] INFO  verifyingSideMenuCollapsedLangAsInSettingsLingua_20-08-09 - [verifyingSideMenuCollapsedLangAsInSettingsLingua_20-08-09] Trying to find element: By.xpath: //yt-multi-page-menu-section-renderer[@class='style-scope ytd-multi-page-menu-renderer']//yt-formatted-string[@id='label' and text()='Hrvatski']
20:10:01 [TestNG-test-Yt Master Tests-3] INFO  verifyingSideMenuCollapsedLangAsInSettingsLingua_20-08-09 - [verifyingSideMenuCollapsedLangAsInSettingsLingua_20-08-09] Element found and ready (attempt 1): By.xpath: //yt-multi-page-menu-section-renderer[@class='style-scope ytd-multi-page-menu-renderer']//yt-formatted-string[@id='label' and text()='Hrvatski']
20:10:01 [TestNG-test-Yt Master Tests-3] INFO  verifyingSideMenuCollapsedLangAsInSettingsLingua_20-08-09 - [verifyingSideMenuCollapsedLangAsInSettingsLingua_20-08-09] Trying to find element: By.xpath: //yt-multi-page-menu-section-renderer[@class='style-scope ytd-multi-page-menu-renderer']//yt-formatted-string[@id='label' and text()='Hrvatski']
20:10:01 [TestNG-test-Yt Master Tests-3] INFO  verifyingSideMenuCollapsedLangAsInSettingsLingua_20-08-09 - [verifyingSideMenuCollapsedLangAsInSettingsLingua_20-08-09] Element found and ready (attempt 1): By.xpath: //yt-multi-page-menu-section-renderer[@class='style-scope ytd-multi-page-menu-renderer']//yt-formatted-string[@id='label' and text()='Hrvatski']
20:10:02 [TestNG-test-Yt Master Tests-3] INFO  verifyingSideMenuCollapsedLangAsInSettingsLingua_20-08-09 - Clicking settings ellipses button...
20:10:03 [TestNG-test-Yt Master Tests-3] INFO  verifyingSideMenuCollapsedLangAsInSettingsLingua_20-08-09 - [verifyingSideMenuCollapsedLangAsInSettingsLingua_20-08-09] Trying to find element: By.xpath: //ytd-topbar-menu-button-renderer[@class='style-scope ytd-masthead style-default']
20:10:03 [TestNG-test-Yt Master Tests-3] INFO  verifyingSideMenuCollapsedLangAsInSettingsLingua_20-08-09 - [verifyingSideMenuCollapsedLangAsInSettingsLingua_20-08-09] Element found and ready (attempt 1): By.xpath: //ytd-topbar-menu-button-renderer[@class='style-scope ytd-masthead style-default']
20:10:04 [TestNG-test-Yt Master Tests-3] INFO  verifyingSideMenuCollapsedLangAsInSettingsLingua_20-08-09 - [verifyingSideMenuCollapsedLangAsInSettingsLingua_20-08-09] Waiting until element is visible in viewport
20:10:04 [TestNG-test-Yt Master Tests-3] INFO  verifyingSideMenuCollapsedLangAsInSettingsLingua_20-08-09 - Clicking settings ellipses button...
20:10:04 [TestNG-test-Yt Master Tests-3] INFO  verifyingSideMenuCollapsedLangAsInSettingsLingua_20-08-09 - [verifyingSideMenuCollapsedLangAsInSettingsLingua_20-08-09] Trying to find element: By.xpath: //ytd-topbar-menu-button-renderer[@class='style-scope ytd-masthead style-default']
20:10:04 [TestNG-test-Yt Master Tests-3] INFO  verifyingSideMenuCollapsedLangAsInSettingsLingua_20-08-09 - [verifyingSideMenuCollapsedLangAsInSettingsLingua_20-08-09] Element found and ready (attempt 1): By.xpath: //ytd-topbar-menu-button-renderer[@class='style-scope ytd-masthead style-default']
20:10:04 [TestNG-test-Yt Master Tests-3] INFO  verifyingSideMenuCollapsedLangAsInSettingsLingua_20-08-09 - getLangAttribute() - locating <html> and reading lang property
20:10:04 [TestNG-test-Yt Master Tests-3] INFO  verifyingSideMenuCollapsedLangAsInSettingsLingua_20-08-09 - Language attribute read: hr-HR
20:10:04 [TestNG-test-Yt Master Tests-3] INFO  verifyingSideMenuCollapsedLangAsInSettingsLingua_20-08-09 - Fetching the side menu in collapsed view
20:10:04 [TestNG-test-Yt Master Tests-3] INFO  verifyingSideMenuCollapsedLangAsInSettingsLingua_20-08-09 - [verifyingSideMenuCollapsedLangAsInSettingsLingua_20-08-09] Finding elements list: By.xpath: //ytd-mini-guide-renderer[@class='style-scope ytd-app']//ytd-mini-guide-entry-renderer
20:10:04 [TestNG-test-Yt Master Tests-3] INFO  verifyingSideMenuCollapsedLangAsInSettingsLingua_20-08-09 - [verifyingSideMenuCollapsedLangAsInSettingsLingua_20-08-09] Found 4 ready elements (attempt 1): By.xpath: //ytd-mini-guide-renderer[@class='style-scope ytd-app']//ytd-mini-guide-entry-renderer
20:10:04 [TestNG-test-Yt Master Tests-3] INFO  verifyingSideMenuCollapsedLangAsInSettingsLingua_20-08-09 - 
========== LANGUAGE DETECTION ==========
Detected Language : BOSNIAN
Input Text        : Početna Shorts Pretplate Moje
========================================
20:10:04 [TestNG-test-Yt Master Tests-3] INFO  verifyingSideMenuCollapsedLangAsInSettingsLingua_20-08-09 - text sent to lingua is       Početna Shorts Pretplate Moje
20:10:04 [TestNG-test-Yt Master Tests-3] INFO  verifyingSideMenuCollapsedLangAsInSettingsLingua_20-08-09 - getLangAttribute() - locating <html> and reading lang property
20:10:04 [TestNG-test-Yt Master Tests-3] INFO  verifyingSideMenuCollapsedLangAsInSettingsLingua_20-08-09 - Language attribute read: hr-HR
20:10:04 [TestNG-test-Yt Master Tests-3] INFO  verifyingSideMenuCollapsedLangAsInSettingsLingua_20-08-09 - Clicking settings ellipses button...
20:10:05 [TestNG-test-Yt Master Tests-3] INFO  verifyingSideMenuCollapsedLangAsInSettingsLingua_20-08-09 - [verifyingSideMenuCollapsedLangAsInSettingsLingua_20-08-09] Trying to find element: By.xpath: //ytd-topbar-menu-button-renderer[@class='style-scope ytd-masthead style-default']
20:10:05 [TestNG-test-Yt Master Tests-3] INFO  verifyingSideMenuCollapsedLangAsInSettingsLingua_20-08-09 - [verifyingSideMenuCollapsedLangAsInSettingsLingua_20-08-09] Element found and ready (attempt 1): By.xpath: //ytd-topbar-menu-button-renderer[@class='style-scope ytd-masthead style-default']
20:10:05 [TestNG-test-Yt Master Tests-3] INFO  verifyingSideMenuCollapsedLangAsInSettingsLingua_20-08-09 - Clicking language dropdown...
20:10:05 [TestNG-test-Yt Master Tests-3] INFO  verifyingSideMenuCollapsedLangAsInSettingsLingua_20-08-09 - [verifyingSideMenuCollapsedLangAsInSettingsLingua_20-08-09] Trying to find element: By.xpath: (//div[@id='content-icon'])[2]
20:10:05 [TestNG-test-Yt Master Tests-3] INFO  verifyingSideMenuCollapsedLangAsInSettingsLingua_20-08-09 - [verifyingSideMenuCollapsedLangAsInSettingsLingua_20-08-09] Element found and ready (attempt 1): By.xpath: (//div[@id='content-icon'])[2]
20:10:06 [TestNG-test-Yt Master Tests-3] INFO  verifyingSideMenuCollapsedLangAsInSettingsLingua_20-08-09 - Looking for language element with name: Íslenska
20:10:06 [TestNG-test-Yt Master Tests-3] INFO  verifyingSideMenuCollapsedLangAsInSettingsLingua_20-08-09 - [verifyingSideMenuCollapsedLangAsInSettingsLingua_20-08-09] Trying to find element: By.xpath: //yt-multi-page-menu-section-renderer[@class='style-scope ytd-multi-page-menu-renderer']//yt-formatted-string[@id='label' and text()='Íslenska']
20:10:06 [TestNG-test-Yt Master Tests-3] INFO  verifyingSideMenuCollapsedLangAsInSettingsLingua_20-08-09 - [verifyingSideMenuCollapsedLangAsInSettingsLingua_20-08-09] Element found and ready (attempt 1): By.xpath: //yt-multi-page-menu-section-renderer[@class='style-scope ytd-multi-page-menu-renderer']//yt-formatted-string[@id='label' and text()='Íslenska']
20:10:06 [TestNG-test-Yt Master Tests-3] INFO  verifyingSideMenuCollapsedLangAsInSettingsLingua_20-08-09 - [verifyingSideMenuCollapsedLangAsInSettingsLingua_20-08-09] Trying to find element: By.xpath: //yt-multi-page-menu-section-renderer[@class='style-scope ytd-multi-page-menu-renderer']//yt-formatted-string[@id='label' and text()='Íslenska']
20:10:06 [TestNG-test-Yt Master Tests-3] INFO  verifyingSideMenuCollapsedLangAsInSettingsLingua_20-08-09 - [verifyingSideMenuCollapsedLangAsInSettingsLingua_20-08-09] Element found and ready (attempt 1): By.xpath: //yt-multi-page-menu-section-renderer[@class='style-scope ytd-multi-page-menu-renderer']//yt-formatted-string[@id='label' and text()='Íslenska']
20:10:07 [TestNG-test-Yt Master Tests-3] INFO  verifyingSideMenuCollapsedLangAsInSettingsLingua_20-08-09 - Clicking settings ellipses button...
20:10:07 [TestNG-test-Yt Master Tests-3] INFO  verifyingSideMenuCollapsedLangAsInSettingsLingua_20-08-09 - [verifyingSideMenuCollapsedLangAsInSettingsLingua_20-08-09] Trying to find element: By.xpath: //ytd-topbar-menu-button-renderer[@class='style-scope ytd-masthead style-default']
20:10:08 [TestNG-test-Yt Master Tests-3] INFO  verifyingSideMenuCollapsedLangAsInSettingsLingua_20-08-09 - [verifyingSideMenuCollapsedLangAsInSettingsLingua_20-08-09] Element found and ready (attempt 1): By.xpath: //ytd-topbar-menu-button-renderer[@class='style-scope ytd-masthead style-default']
20:10:08 [TestNG-test-Yt Master Tests-3] INFO  verifyingSideMenuCollapsedLangAsInSettingsLingua_20-08-09 - [verifyingSideMenuCollapsedLangAsInSettingsLingua_20-08-09] Waiting until element is visible in viewport
20:10:09 [TestNG-test-Yt Master Tests-3] INFO  verifyingSideMenuCollapsedLangAsInSettingsLingua_20-08-09 - Clicking settings ellipses button...
20:10:09 [TestNG-test-Yt Master Tests-3] INFO  verifyingSideMenuCollapsedLangAsInSettingsLingua_20-08-09 - [verifyingSideMenuCollapsedLangAsInSettingsLingua_20-08-09] Trying to find element: By.xpath: //ytd-topbar-menu-button-renderer[@class='style-scope ytd-masthead style-default']
20:10:09 [TestNG-test-Yt Master Tests-3] INFO  verifyingSideMenuCollapsedLangAsInSettingsLingua_20-08-09 - [verifyingSideMenuCollapsedLangAsInSettingsLingua_20-08-09] Element found and ready (attempt 1): By.xpath: //ytd-topbar-menu-button-renderer[@class='style-scope ytd-masthead style-default']
20:10:09 [TestNG-test-Yt Master Tests-3] INFO  verifyingSideMenuCollapsedLangAsInSettingsLingua_20-08-09 - getLangAttribute() - locating <html> and reading lang property
20:10:09 [TestNG-test-Yt Master Tests-3] INFO  verifyingSideMenuCollapsedLangAsInSettingsLingua_20-08-09 - Language attribute read: is-IS
20:10:09 [TestNG-test-Yt Master Tests-3] INFO  verifyingSideMenuCollapsedLangAsInSettingsLingua_20-08-09 - Fetching the side menu in collapsed view
20:10:09 [TestNG-test-Yt Master Tests-3] INFO  verifyingSideMenuCollapsedLangAsInSettingsLingua_20-08-09 - [verifyingSideMenuCollapsedLangAsInSettingsLingua_20-08-09] Finding elements list: By.xpath: //ytd-mini-guide-renderer[@class='style-scope ytd-app']//ytd-mini-guide-entry-renderer
20:10:10 [TestNG-test-Yt Master Tests-3] INFO  verifyingSideMenuCollapsedLangAsInSettingsLingua_20-08-09 - [verifyingSideMenuCollapsedLangAsInSettingsLingua_20-08-09] Found 4 ready elements (attempt 1): By.xpath: //ytd-mini-guide-renderer[@class='style-scope ytd-app']//ytd-mini-guide-entry-renderer
20:10:10 [TestNG-test-Yt Master Tests-3] INFO  verifyingSideMenuCollapsedLangAsInSettingsLingua_20-08-09 - 
========== LANGUAGE DETECTION ==========
Detected Language : ICELANDIC
Input Text        : Heim Shorts Áskriftir Þú
========================================
20:10:10 [TestNG-test-Yt Master Tests-3] INFO  verifyingSideMenuCollapsedLangAsInSettingsLingua_20-08-09 - text sent to lingua is       Heim Shorts Áskriftir Þú
20:10:10 [TestNG-test-Yt Master Tests-3] INFO  verifyingSideMenuCollapsedLangAsInSettingsLingua_20-08-09 - getLangAttribute() - locating <html> and reading lang property
20:10:10 [TestNG-test-Yt Master Tests-3] INFO  verifyingSideMenuCollapsedLangAsInSettingsLingua_20-08-09 - Language attribute read: is-IS
20:10:10 [TestNG-test-Yt Master Tests-3] INFO  verifyingSideMenuCollapsedLangAsInSettingsLingua_20-08-09 - Clicking settings ellipses button...
20:10:10 [TestNG-test-Yt Master Tests-3] INFO  verifyingSideMenuCollapsedLangAsInSettingsLingua_20-08-09 - [verifyingSideMenuCollapsedLangAsInSettingsLingua_20-08-09] Trying to find element: By.xpath: //ytd-topbar-menu-button-renderer[@class='style-scope ytd-masthead style-default']
20:10:10 [TestNG-test-Yt Master Tests-3] INFO  verifyingSideMenuCollapsedLangAsInSettingsLingua_20-08-09 - [verifyingSideMenuCollapsedLangAsInSettingsLingua_20-08-09] Element found and ready (attempt 1): By.xpath: //ytd-topbar-menu-button-renderer[@class='style-scope ytd-masthead style-default']
20:10:10 [TestNG-test-Yt Master Tests-3] INFO  verifyingSideMenuCollapsedLangAsInSettingsLingua_20-08-09 - Clicking language dropdown...
20:10:10 [TestNG-test-Yt Master Tests-3] INFO  verifyingSideMenuCollapsedLangAsInSettingsLingua_20-08-09 - [verifyingSideMenuCollapsedLangAsInSettingsLingua_20-08-09] Trying to find element: By.xpath: (//div[@id='content-icon'])[2]
20:10:11 [TestNG-test-Yt Master Tests-3] INFO  verifyingSideMenuCollapsedLangAsInSettingsLingua_20-08-09 - [verifyingSideMenuCollapsedLangAsInSettingsLingua_20-08-09] Element found and ready (attempt 1): By.xpath: (//div[@id='content-icon'])[2]
20:10:12 [TestNG-test-Yt Master Tests-3] INFO  verifyingSideMenuCollapsedLangAsInSettingsLingua_20-08-09 - Looking for language element with name: Italiano
20:10:12 [TestNG-test-Yt Master Tests-3] INFO  verifyingSideMenuCollapsedLangAsInSettingsLingua_20-08-09 - [verifyingSideMenuCollapsedLangAsInSettingsLingua_20-08-09] Trying to find element: By.xpath: //yt-multi-page-menu-section-renderer[@class='style-scope ytd-multi-page-menu-renderer']//yt-formatted-string[@id='label' and text()='Italiano']
20:10:12 [TestNG-test-Yt Master Tests-3] INFO  verifyingSideMenuCollapsedLangAsInSettingsLingua_20-08-09 - [verifyingSideMenuCollapsedLangAsInSettingsLingua_20-08-09] Element found and ready (attempt 1): By.xpath: //yt-multi-page-menu-section-renderer[@class='style-scope ytd-multi-page-menu-renderer']//yt-formatted-string[@id='label' and text()='Italiano']
20:10:12 [TestNG-test-Yt Master Tests-3] INFO  verifyingSideMenuCollapsedLangAsInSettingsLingua_20-08-09 - [verifyingSideMenuCollapsedLangAsInSettingsLingua_20-08-09] Trying to find element: By.xpath: //yt-multi-page-menu-section-renderer[@class='style-scope ytd-multi-page-menu-renderer']//yt-formatted-string[@id='label' and text()='Italiano']
20:10:12 [TestNG-test-Yt Master Tests-3] INFO  verifyingSideMenuCollapsedLangAsInSettingsLingua_20-08-09 - [verifyingSideMenuCollapsedLangAsInSettingsLingua_20-08-09] Element found and ready (attempt 1): By.xpath: //yt-multi-page-menu-section-renderer[@class='style-scope ytd-multi-page-menu-renderer']//yt-formatted-string[@id='label' and text()='Italiano']
20:10:14 [TestNG-test-Yt Master Tests-3] INFO  verifyingSideMenuCollapsedLangAsInSettingsLingua_20-08-09 - Clicking settings ellipses button...
20:10:14 [TestNG-test-Yt Master Tests-3] INFO  verifyingSideMenuCollapsedLangAsInSettingsLingua_20-08-09 - [verifyingSideMenuCollapsedLangAsInSettingsLingua_20-08-09] Trying to find element: By.xpath: //ytd-topbar-menu-button-renderer[@class='style-scope ytd-masthead style-default']
20:10:14 [TestNG-test-Yt Master Tests-3] INFO  verifyingSideMenuCollapsedLangAsInSettingsLingua_20-08-09 - [verifyingSideMenuCollapsedLangAsInSettingsLingua_20-08-09] Element found and ready (attempt 1): By.xpath: //ytd-topbar-menu-button-renderer[@class='style-scope ytd-masthead style-default']
20:10:14 [TestNG-test-Yt Master Tests-3] INFO  verifyingSideMenuCollapsedLangAsInSettingsLingua_20-08-09 - [verifyingSideMenuCollapsedLangAsInSettingsLingua_20-08-09] Waiting until element is visible in viewport
20:10:15 [TestNG-test-Yt Master Tests-3] INFO  verifyingSideMenuCollapsedLangAsInSettingsLingua_20-08-09 - Clicking settings ellipses button...
20:10:15 [TestNG-test-Yt Master Tests-3] INFO  verifyingSideMenuCollapsedLangAsInSettingsLingua_20-08-09 - [verifyingSideMenuCollapsedLangAsInSettingsLingua_20-08-09] Trying to find element: By.xpath: //ytd-topbar-menu-button-renderer[@class='style-scope ytd-masthead style-default']
20:10:15 [TestNG-test-Yt Master Tests-3] INFO  verifyingSideMenuCollapsedLangAsInSettingsLingua_20-08-09 - [verifyingSideMenuCollapsedLangAsInSettingsLingua_20-08-09] Element found and ready (attempt 1): By.xpath: //ytd-topbar-menu-button-renderer[@class='style-scope ytd-masthead style-default']
20:10:15 [TestNG-test-Yt Master Tests-3] INFO  verifyingSideMenuCollapsedLangAsInSettingsLingua_20-08-09 - getLangAttribute() - locating <html> and reading lang property
20:10:15 [TestNG-test-Yt Master Tests-3] INFO  verifyingSideMenuCollapsedLangAsInSettingsLingua_20-08-09 - Language attribute read: it-IT
20:10:15 [TestNG-test-Yt Master Tests-3] INFO  verifyingSideMenuCollapsedLangAsInSettingsLingua_20-08-09 - Fetching the side menu in collapsed view
20:10:15 [TestNG-test-Yt Master Tests-3] INFO  verifyingSideMenuCollapsedLangAsInSettingsLingua_20-08-09 - [verifyingSideMenuCollapsedLangAsInSettingsLingua_20-08-09] Finding elements list: By.xpath: //ytd-mini-guide-renderer[@class='style-scope ytd-app']//ytd-mini-guide-entry-renderer
20:10:15 [TestNG-test-Yt Master Tests-3] INFO  verifyingSideMenuCollapsedLangAsInSettingsLingua_20-08-09 - [verifyingSideMenuCollapsedLangAsInSettingsLingua_20-08-09] Found 4 ready elements (attempt 1): By.xpath: //ytd-mini-guide-renderer[@class='style-scope ytd-app']//ytd-mini-guide-entry-renderer
20:10:16 [TestNG-test-Yt Master Tests-3] INFO  verifyingSideMenuCollapsedLangAsInSettingsLingua_20-08-09 - 
========== LANGUAGE DETECTION ==========
Detected Language : ITALIAN
Input Text        : Home Shorts Iscrizioni Tu
========================================
20:10:16 [TestNG-test-Yt Master Tests-3] INFO  verifyingSideMenuCollapsedLangAsInSettingsLingua_20-08-09 - text sent to lingua is       Home Shorts Iscrizioni Tu
20:10:16 [TestNG-test-Yt Master Tests-3] INFO  verifyingSideMenuCollapsedLangAsInSettingsLingua_20-08-09 - getLangAttribute() - locating <html> and reading lang property
20:10:16 [TestNG-test-Yt Master Tests-3] INFO  verifyingSideMenuCollapsedLangAsInSettingsLingua_20-08-09 - Language attribute read: it-IT
20:10:16 [TestNG-test-Yt Master Tests-3] INFO  verifyingSideMenuCollapsedLangAsInSettingsLingua_20-08-09 - Clicking settings ellipses button...
20:10:16 [TestNG-test-Yt Master Tests-3] INFO  verifyingSideMenuCollapsedLangAsInSettingsLingua_20-08-09 - [verifyingSideMenuCollapsedLangAsInSettingsLingua_20-08-09] Trying to find element: By.xpath: //ytd-topbar-menu-button-renderer[@class='style-scope ytd-masthead style-default']
20:10:16 [TestNG-test-Yt Master Tests-3] INFO  verifyingSideMenuCollapsedLangAsInSettingsLingua_20-08-09 - [verifyingSideMenuCollapsedLangAsInSettingsLingua_20-08-09] Element found and ready (attempt 1): By.xpath: //ytd-topbar-menu-button-renderer[@class='style-scope ytd-masthead style-default']
20:10:16 [TestNG-test-Yt Master Tests-3] INFO  verifyingSideMenuCollapsedLangAsInSettingsLingua_20-08-09 - Clicking language dropdown...
20:10:16 [TestNG-test-Yt Master Tests-3] INFO  verifyingSideMenuCollapsedLangAsInSettingsLingua_20-08-09 - [verifyingSideMenuCollapsedLangAsInSettingsLingua_20-08-09] Trying to find element: By.xpath: (//div[@id='content-icon'])[2]
20:10:16 [TestNG-test-Yt Master Tests-3] INFO  verifyingSideMenuCollapsedLangAsInSettingsLingua_20-08-09 - [verifyingSideMenuCollapsedLangAsInSettingsLingua_20-08-09] Element found and ready (attempt 1): By.xpath: (//div[@id='content-icon'])[2]
20:10:17 [TestNG-test-Yt Master Tests-3] INFO  verifyingSideMenuCollapsedLangAsInSettingsLingua_20-08-09 - Looking for language element with name: Latviešu valoda
20:10:17 [TestNG-test-Yt Master Tests-3] INFO  verifyingSideMenuCollapsedLangAsInSettingsLingua_20-08-09 - [verifyingSideMenuCollapsedLangAsInSettingsLingua_20-08-09] Trying to find element: By.xpath: //yt-multi-page-menu-section-renderer[@class='style-scope ytd-multi-page-menu-renderer']//yt-formatted-string[@id='label' and text()='Latviešu valoda']
20:10:17 [TestNG-test-Yt Master Tests-3] INFO  verifyingSideMenuCollapsedLangAsInSettingsLingua_20-08-09 - [verifyingSideMenuCollapsedLangAsInSettingsLingua_20-08-09] Element found and ready (attempt 1): By.xpath: //yt-multi-page-menu-section-renderer[@class='style-scope ytd-multi-page-menu-renderer']//yt-formatted-string[@id='label' and text()='Latviešu valoda']
20:10:17 [TestNG-test-Yt Master Tests-3] INFO  verifyingSideMenuCollapsedLangAsInSettingsLingua_20-08-09 - [verifyingSideMenuCollapsedLangAsInSettingsLingua_20-08-09] Trying to find element: By.xpath: //yt-multi-page-menu-section-renderer[@class='style-scope ytd-multi-page-menu-renderer']//yt-formatted-string[@id='label' and text()='Latviešu valoda']
20:10:17 [TestNG-test-Yt Master Tests-3] INFO  verifyingSideMenuCollapsedLangAsInSettingsLingua_20-08-09 - [verifyingSideMenuCollapsedLangAsInSettingsLingua_20-08-09] Element found and ready (attempt 1): By.xpath: //yt-multi-page-menu-section-renderer[@class='style-scope ytd-multi-page-menu-renderer']//yt-formatted-string[@id='label' and text()='Latviešu valoda']
20:10:19 [TestNG-test-Yt Master Tests-3] INFO  verifyingSideMenuCollapsedLangAsInSettingsLingua_20-08-09 - Clicking settings ellipses button...
20:10:19 [TestNG-test-Yt Master Tests-3] INFO  verifyingSideMenuCollapsedLangAsInSettingsLingua_20-08-09 - [verifyingSideMenuCollapsedLangAsInSettingsLingua_20-08-09] Trying to find element: By.xpath: //ytd-topbar-menu-button-renderer[@class='style-scope ytd-masthead style-default']
20:10:19 [TestNG-test-Yt Master Tests-3] INFO  verifyingSideMenuCollapsedLangAsInSettingsLingua_20-08-09 - [verifyingSideMenuCollapsedLangAsInSettingsLingua_20-08-09] Element found and ready (attempt 1): By.xpath: //ytd-topbar-menu-button-renderer[@class='style-scope ytd-masthead style-default']
20:10:19 [TestNG-test-Yt Master Tests-3] INFO  verifyingSideMenuCollapsedLangAsInSettingsLingua_20-08-09 - [verifyingSideMenuCollapsedLangAsInSettingsLingua_20-08-09] Waiting until element is visible in viewport
20:10:20 [TestNG-test-Yt Master Tests-3] INFO  verifyingSideMenuCollapsedLangAsInSettingsLingua_20-08-09 - Clicking settings ellipses button...
20:10:20 [TestNG-test-Yt Master Tests-3] INFO  verifyingSideMenuCollapsedLangAsInSettingsLingua_20-08-09 - [verifyingSideMenuCollapsedLangAsInSettingsLingua_20-08-09] Trying to find element: By.xpath: //ytd-topbar-menu-button-renderer[@class='style-scope ytd-masthead style-default']
20:10:20 [TestNG-test-Yt Master Tests-3] INFO  verifyingSideMenuCollapsedLangAsInSettingsLingua_20-08-09 - [verifyingSideMenuCollapsedLangAsInSettingsLingua_20-08-09] Element found and ready (attempt 1): By.xpath: //ytd-topbar-menu-button-renderer[@class='style-scope ytd-masthead style-default']
20:10:20 [TestNG-test-Yt Master Tests-3] INFO  verifyingSideMenuCollapsedLangAsInSettingsLingua_20-08-09 - getLangAttribute() - locating <html> and reading lang property
20:10:20 [TestNG-test-Yt Master Tests-3] INFO  verifyingSideMenuCollapsedLangAsInSettingsLingua_20-08-09 - Language attribute read: lv-LV
20:10:20 [TestNG-test-Yt Master Tests-3] INFO  verifyingSideMenuCollapsedLangAsInSettingsLingua_20-08-09 - Fetching the side menu in collapsed view
20:10:20 [TestNG-test-Yt Master Tests-3] INFO  verifyingSideMenuCollapsedLangAsInSettingsLingua_20-08-09 - [verifyingSideMenuCollapsedLangAsInSettingsLingua_20-08-09] Finding elements list: By.xpath: //ytd-mini-guide-renderer[@class='style-scope ytd-app']//ytd-mini-guide-entry-renderer
20:10:20 [TestNG-test-Yt Master Tests-3] INFO  verifyingSideMenuCollapsedLangAsInSettingsLingua_20-08-09 - [verifyingSideMenuCollapsedLangAsInSettingsLingua_20-08-09] Found 4 ready elements (attempt 1): By.xpath: //ytd-mini-guide-renderer[@class='style-scope ytd-app']//ytd-mini-guide-entry-renderer
20:10:20 [TestNG-test-Yt Master Tests-3] INFO  verifyingSideMenuCollapsedLangAsInSettingsLingua_20-08-09 - 
========== LANGUAGE DETECTION ==========
Detected Language : LATVIAN
Input Text        : Sākums Shorts Abonementi Jūs
========================================
20:10:20 [TestNG-test-Yt Master Tests-3] INFO  verifyingSideMenuCollapsedLangAsInSettingsLingua_20-08-09 - text sent to lingua is       Sākums Shorts Abonementi Jūs
20:10:20 [TestNG-test-Yt Master Tests-3] INFO  verifyingSideMenuCollapsedLangAsInSettingsLingua_20-08-09 - getLangAttribute() - locating <html> and reading lang property
20:10:20 [TestNG-test-Yt Master Tests-3] INFO  verifyingSideMenuCollapsedLangAsInSettingsLingua_20-08-09 - Language attribute read: lv-LV
20:10:20 [TestNG-test-Yt Master Tests-3] INFO  verifyingSideMenuCollapsedLangAsInSettingsLingua_20-08-09 - Clicking settings ellipses button...
20:10:20 [TestNG-test-Yt Master Tests-3] INFO  verifyingSideMenuCollapsedLangAsInSettingsLingua_20-08-09 - [verifyingSideMenuCollapsedLangAsInSettingsLingua_20-08-09] Trying to find element: By.xpath: //ytd-topbar-menu-button-renderer[@class='style-scope ytd-masthead style-default']
20:10:20 [TestNG-test-Yt Master Tests-3] INFO  verifyingSideMenuCollapsedLangAsInSettingsLingua_20-08-09 - [verifyingSideMenuCollapsedLangAsInSettingsLingua_20-08-09] Element found and ready (attempt 1): By.xpath: //ytd-topbar-menu-button-renderer[@class='style-scope ytd-masthead style-default']
20:10:21 [TestNG-test-Yt Master Tests-3] INFO  verifyingSideMenuCollapsedLangAsInSettingsLingua_20-08-09 - Clicking language dropdown...
20:10:21 [TestNG-test-Yt Master Tests-3] INFO  verifyingSideMenuCollapsedLangAsInSettingsLingua_20-08-09 - [verifyingSideMenuCollapsedLangAsInSettingsLingua_20-08-09] Trying to find element: By.xpath: (//div[@id='content-icon'])[2]
20:10:21 [TestNG-test-Yt Master Tests-3] INFO  verifyingSideMenuCollapsedLangAsInSettingsLingua_20-08-09 - [verifyingSideMenuCollapsedLangAsInSettingsLingua_20-08-09] Element found and ready (attempt 1): By.xpath: (//div[@id='content-icon'])[2]
20:10:22 [TestNG-test-Yt Master Tests-3] INFO  verifyingSideMenuCollapsedLangAsInSettingsLingua_20-08-09 - Looking for language element with name: Lietuvių
20:10:22 [TestNG-test-Yt Master Tests-3] INFO  verifyingSideMenuCollapsedLangAsInSettingsLingua_20-08-09 - [verifyingSideMenuCollapsedLangAsInSettingsLingua_20-08-09] Trying to find element: By.xpath: //yt-multi-page-menu-section-renderer[@class='style-scope ytd-multi-page-menu-renderer']//yt-formatted-string[@id='label' and text()='Lietuvių']
20:10:22 [TestNG-test-Yt Master Tests-3] INFO  verifyingSideMenuCollapsedLangAsInSettingsLingua_20-08-09 - [verifyingSideMenuCollapsedLangAsInSettingsLingua_20-08-09] Element found and ready (attempt 1): By.xpath: //yt-multi-page-menu-section-renderer[@class='style-scope ytd-multi-page-menu-renderer']//yt-formatted-string[@id='label' and text()='Lietuvių']
20:10:22 [TestNG-test-Yt Master Tests-3] INFO  verifyingSideMenuCollapsedLangAsInSettingsLingua_20-08-09 - [verifyingSideMenuCollapsedLangAsInSettingsLingua_20-08-09] Trying to find element: By.xpath: //yt-multi-page-menu-section-renderer[@class='style-scope ytd-multi-page-menu-renderer']//yt-formatted-string[@id='label' and text()='Lietuvių']
20:10:22 [TestNG-test-Yt Master Tests-3] INFO  verifyingSideMenuCollapsedLangAsInSettingsLingua_20-08-09 - [verifyingSideMenuCollapsedLangAsInSettingsLingua_20-08-09] Element found and ready (attempt 1): By.xpath: //yt-multi-page-menu-section-renderer[@class='style-scope ytd-multi-page-menu-renderer']//yt-formatted-string[@id='label' and text()='Lietuvių']
20:10:24 [TestNG-test-Yt Master Tests-3] INFO  verifyingSideMenuCollapsedLangAsInSettingsLingua_20-08-09 - Clicking settings ellipses button...
20:10:24 [TestNG-test-Yt Master Tests-3] INFO  verifyingSideMenuCollapsedLangAsInSettingsLingua_20-08-09 - [verifyingSideMenuCollapsedLangAsInSettingsLingua_20-08-09] Trying to find element: By.xpath: //ytd-topbar-menu-button-renderer[@class='style-scope ytd-masthead style-default']
20:10:25 [TestNG-test-Yt Master Tests-3] INFO  verifyingSideMenuCollapsedLangAsInSettingsLingua_20-08-09 - [verifyingSideMenuCollapsedLangAsInSettingsLingua_20-08-09] Element found and ready (attempt 1): By.xpath: //ytd-topbar-menu-button-renderer[@class='style-scope ytd-masthead style-default']
20:10:25 [TestNG-test-Yt Master Tests-3] INFO  verifyingSideMenuCollapsedLangAsInSettingsLingua_20-08-09 - [verifyingSideMenuCollapsedLangAsInSettingsLingua_20-08-09] Waiting until element is visible in viewport
20:10:26 [TestNG-test-Yt Master Tests-3] INFO  verifyingSideMenuCollapsedLangAsInSettingsLingua_20-08-09 - Clicking settings ellipses button...
20:10:26 [TestNG-test-Yt Master Tests-3] INFO  verifyingSideMenuCollapsedLangAsInSettingsLingua_20-08-09 - [verifyingSideMenuCollapsedLangAsInSettingsLingua_20-08-09] Trying to find element: By.xpath: //ytd-topbar-menu-button-renderer[@class='style-scope ytd-masthead style-default']
20:10:26 [TestNG-test-Yt Master Tests-3] INFO  verifyingSideMenuCollapsedLangAsInSettingsLingua_20-08-09 - [verifyingSideMenuCollapsedLangAsInSettingsLingua_20-08-09] Element found and ready (attempt 1): By.xpath: //ytd-topbar-menu-button-renderer[@class='style-scope ytd-masthead style-default']
20:10:26 [TestNG-test-Yt Master Tests-3] INFO  verifyingSideMenuCollapsedLangAsInSettingsLingua_20-08-09 - getLangAttribute() - locating <html> and reading lang property
20:10:26 [TestNG-test-Yt Master Tests-3] INFO  verifyingSideMenuCollapsedLangAsInSettingsLingua_20-08-09 - Language attribute read: lt-LT
20:10:26 [TestNG-test-Yt Master Tests-3] INFO  verifyingSideMenuCollapsedLangAsInSettingsLingua_20-08-09 - Fetching the side menu in collapsed view
20:10:26 [TestNG-test-Yt Master Tests-3] INFO  verifyingSideMenuCollapsedLangAsInSettingsLingua_20-08-09 - [verifyingSideMenuCollapsedLangAsInSettingsLingua_20-08-09] Finding elements list: By.xpath: //ytd-mini-guide-renderer[@class='style-scope ytd-app']//ytd-mini-guide-entry-renderer
20:10:27 [TestNG-test-Yt Master Tests-3] INFO  verifyingSideMenuCollapsedLangAsInSettingsLingua_20-08-09 - [verifyingSideMenuCollapsedLangAsInSettingsLingua_20-08-09] Found 4 ready elements (attempt 1): By.xpath: //ytd-mini-guide-renderer[@class='style-scope ytd-app']//ytd-mini-guide-entry-renderer
20:10:27 [TestNG-test-Yt Master Tests-3] INFO  verifyingSideMenuCollapsedLangAsInSettingsLingua_20-08-09 - 
========== LANGUAGE DETECTION ==========
Detected Language : LITHUANIAN
Input Text        : Pagrindinis Shorts Prenumeratos Jūs
========================================
20:10:27 [TestNG-test-Yt Master Tests-3] INFO  verifyingSideMenuCollapsedLangAsInSettingsLingua_20-08-09 - text sent to lingua is       Pagrindinis Shorts Prenumeratos Jūs
20:10:27 [TestNG-test-Yt Master Tests-3] INFO  verifyingSideMenuCollapsedLangAsInSettingsLingua_20-08-09 - getLangAttribute() - locating <html> and reading lang property
20:10:27 [TestNG-test-Yt Master Tests-3] INFO  verifyingSideMenuCollapsedLangAsInSettingsLingua_20-08-09 - Language attribute read: lt-LT
20:10:27 [TestNG-test-Yt Master Tests-3] INFO  verifyingSideMenuCollapsedLangAsInSettingsLingua_20-08-09 - Clicking settings ellipses button...
20:10:27 [TestNG-test-Yt Master Tests-3] INFO  verifyingSideMenuCollapsedLangAsInSettingsLingua_20-08-09 - [verifyingSideMenuCollapsedLangAsInSettingsLingua_20-08-09] Trying to find element: By.xpath: //ytd-topbar-menu-button-renderer[@class='style-scope ytd-masthead style-default']
20:10:27 [TestNG-test-Yt Master Tests-3] INFO  verifyingSideMenuCollapsedLangAsInSettingsLingua_20-08-09 - [verifyingSideMenuCollapsedLangAsInSettingsLingua_20-08-09] Element found and ready (attempt 1): By.xpath: //ytd-topbar-menu-button-renderer[@class='style-scope ytd-masthead style-default']
20:10:28 [TestNG-test-Yt Master Tests-3] INFO  verifyingSideMenuCollapsedLangAsInSettingsLingua_20-08-09 - Clicking language dropdown...
20:10:28 [TestNG-test-Yt Master Tests-3] INFO  verifyingSideMenuCollapsedLangAsInSettingsLingua_20-08-09 - [verifyingSideMenuCollapsedLangAsInSettingsLingua_20-08-09] Trying to find element: By.xpath: (//div[@id='content-icon'])[2]
20:10:28 [TestNG-test-Yt Master Tests-3] INFO  verifyingSideMenuCollapsedLangAsInSettingsLingua_20-08-09 - [verifyingSideMenuCollapsedLangAsInSettingsLingua_20-08-09] Element found and ready (attempt 1): By.xpath: (//div[@id='content-icon'])[2]
20:10:28 [TestNG-test-Yt Master Tests-3] INFO  verifyingSideMenuCollapsedLangAsInSettingsLingua_20-08-09 - Looking for language element with name: Magyar
20:10:28 [TestNG-test-Yt Master Tests-3] INFO  verifyingSideMenuCollapsedLangAsInSettingsLingua_20-08-09 - [verifyingSideMenuCollapsedLangAsInSettingsLingua_20-08-09] Trying to find element: By.xpath: //yt-multi-page-menu-section-renderer[@class='style-scope ytd-multi-page-menu-renderer']//yt-formatted-string[@id='label' and text()='Magyar']
20:10:28 [TestNG-test-Yt Master Tests-3] INFO  verifyingSideMenuCollapsedLangAsInSettingsLingua_20-08-09 - [verifyingSideMenuCollapsedLangAsInSettingsLingua_20-08-09] Element found and ready (attempt 1): By.xpath: //yt-multi-page-menu-section-renderer[@class='style-scope ytd-multi-page-menu-renderer']//yt-formatted-string[@id='label' and text()='Magyar']
20:10:28 [TestNG-test-Yt Master Tests-3] INFO  verifyingSideMenuCollapsedLangAsInSettingsLingua_20-08-09 - [verifyingSideMenuCollapsedLangAsInSettingsLingua_20-08-09] Trying to find element: By.xpath: //yt-multi-page-menu-section-renderer[@class='style-scope ytd-multi-page-menu-renderer']//yt-formatted-string[@id='label' and text()='Magyar']
20:10:28 [TestNG-test-Yt Master Tests-3] INFO  verifyingSideMenuCollapsedLangAsInSettingsLingua_20-08-09 - [verifyingSideMenuCollapsedLangAsInSettingsLingua_20-08-09] Element found and ready (attempt 1): By.xpath: //yt-multi-page-menu-section-renderer[@class='style-scope ytd-multi-page-menu-renderer']//yt-formatted-string[@id='label' and text()='Magyar']
20:10:30 [TestNG-test-Yt Master Tests-3] INFO  verifyingSideMenuCollapsedLangAsInSettingsLingua_20-08-09 - Clicking settings ellipses button...
20:10:30 [TestNG-test-Yt Master Tests-3] INFO  verifyingSideMenuCollapsedLangAsInSettingsLingua_20-08-09 - [verifyingSideMenuCollapsedLangAsInSettingsLingua_20-08-09] Trying to find element: By.xpath: //ytd-topbar-menu-button-renderer[@class='style-scope ytd-masthead style-default']
20:10:30 [TestNG-test-Yt Master Tests-3] INFO  verifyingSideMenuCollapsedLangAsInSettingsLingua_20-08-09 - [verifyingSideMenuCollapsedLangAsInSettingsLingua_20-08-09] Element found and ready (attempt 1): By.xpath: //ytd-topbar-menu-button-renderer[@class='style-scope ytd-masthead style-default']
20:10:30 [TestNG-test-Yt Master Tests-3] INFO  verifyingSideMenuCollapsedLangAsInSettingsLingua_20-08-09 - [verifyingSideMenuCollapsedLangAsInSettingsLingua_20-08-09] Waiting until element is visible in viewport
20:10:31 [TestNG-test-Yt Master Tests-3] INFO  verifyingSideMenuCollapsedLangAsInSettingsLingua_20-08-09 - Clicking settings ellipses button...
20:10:31 [TestNG-test-Yt Master Tests-3] INFO  verifyingSideMenuCollapsedLangAsInSettingsLingua_20-08-09 - [verifyingSideMenuCollapsedLangAsInSettingsLingua_20-08-09] Trying to find element: By.xpath: //ytd-topbar-menu-button-renderer[@class='style-scope ytd-masthead style-default']
20:10:31 [TestNG-test-Yt Master Tests-3] INFO  verifyingSideMenuCollapsedLangAsInSettingsLingua_20-08-09 - [verifyingSideMenuCollapsedLangAsInSettingsLingua_20-08-09] Element found and ready (attempt 1): By.xpath: //ytd-topbar-menu-button-renderer[@class='style-scope ytd-masthead style-default']
20:10:31 [TestNG-test-Yt Master Tests-3] INFO  verifyingSideMenuCollapsedLangAsInSettingsLingua_20-08-09 - getLangAttribute() - locating <html> and reading lang property
20:10:31 [TestNG-test-Yt Master Tests-3] INFO  verifyingSideMenuCollapsedLangAsInSettingsLingua_20-08-09 - Language attribute read: hu-HU
20:10:31 [TestNG-test-Yt Master Tests-3] INFO  verifyingSideMenuCollapsedLangAsInSettingsLingua_20-08-09 - Fetching the side menu in collapsed view
20:10:31 [TestNG-test-Yt Master Tests-3] INFO  verifyingSideMenuCollapsedLangAsInSettingsLingua_20-08-09 - [verifyingSideMenuCollapsedLangAsInSettingsLingua_20-08-09] Finding elements list: By.xpath: //ytd-mini-guide-renderer[@class='style-scope ytd-app']//ytd-mini-guide-entry-renderer
20:10:31 [TestNG-test-Yt Master Tests-3] INFO  verifyingSideMenuCollapsedLangAsInSettingsLingua_20-08-09 - [verifyingSideMenuCollapsedLangAsInSettingsLingua_20-08-09] Found 4 ready elements (attempt 1): By.xpath: //ytd-mini-guide-renderer[@class='style-scope ytd-app']//ytd-mini-guide-entry-renderer
20:10:32 [TestNG-test-Yt Master Tests-3] INFO  verifyingSideMenuCollapsedLangAsInSettingsLingua_20-08-09 - 
========== LANGUAGE DETECTION ==========
Detected Language : HUNGARIAN
Input Text        : Kezdőlap Shorts Feliratkozások Te
========================================
20:10:32 [TestNG-test-Yt Master Tests-3] INFO  verifyingSideMenuCollapsedLangAsInSettingsLingua_20-08-09 - text sent to lingua is       Kezdőlap Shorts Feliratkozások Te
20:10:32 [TestNG-test-Yt Master Tests-3] INFO  verifyingSideMenuCollapsedLangAsInSettingsLingua_20-08-09 - getLangAttribute() - locating <html> and reading lang property
20:10:32 [TestNG-test-Yt Master Tests-3] INFO  verifyingSideMenuCollapsedLangAsInSettingsLingua_20-08-09 - Language attribute read: hu-HU
20:10:32 [TestNG-test-Yt Master Tests-3] INFO  verifyingSideMenuCollapsedLangAsInSettingsLingua_20-08-09 - Clicking settings ellipses button...
20:10:32 [TestNG-test-Yt Master Tests-3] INFO  verifyingSideMenuCollapsedLangAsInSettingsLingua_20-08-09 - [verifyingSideMenuCollapsedLangAsInSettingsLingua_20-08-09] Trying to find element: By.xpath: //ytd-topbar-menu-button-renderer[@class='style-scope ytd-masthead style-default']
20:10:32 [TestNG-test-Yt Master Tests-3] INFO  verifyingSideMenuCollapsedLangAsInSettingsLingua_20-08-09 - [verifyingSideMenuCollapsedLangAsInSettingsLingua_20-08-09] Element found and ready (attempt 1): By.xpath: //ytd-topbar-menu-button-renderer[@class='style-scope ytd-masthead style-default']
20:10:32 [TestNG-test-Yt Master Tests-3] INFO  verifyingSideMenuCollapsedLangAsInSettingsLingua_20-08-09 - Clicking language dropdown...
20:10:32 [TestNG-test-Yt Master Tests-3] INFO  verifyingSideMenuCollapsedLangAsInSettingsLingua_20-08-09 - [verifyingSideMenuCollapsedLangAsInSettingsLingua_20-08-09] Trying to find element: By.xpath: (//div[@id='content-icon'])[2]
20:10:32 [TestNG-test-Yt Master Tests-3] INFO  verifyingSideMenuCollapsedLangAsInSettingsLingua_20-08-09 - [verifyingSideMenuCollapsedLangAsInSettingsLingua_20-08-09] Element found and ready (attempt 1): By.xpath: (//div[@id='content-icon'])[2]
20:10:33 [TestNG-test-Yt Master Tests-3] INFO  verifyingSideMenuCollapsedLangAsInSettingsLingua_20-08-09 - Looking for language element with name: Nederlands
20:10:33 [TestNG-test-Yt Master Tests-3] INFO  verifyingSideMenuCollapsedLangAsInSettingsLingua_20-08-09 - [verifyingSideMenuCollapsedLangAsInSettingsLingua_20-08-09] Trying to find element: By.xpath: //yt-multi-page-menu-section-renderer[@class='style-scope ytd-multi-page-menu-renderer']//yt-formatted-string[@id='label' and text()='Nederlands']
20:10:33 [TestNG-test-Yt Master Tests-3] INFO  verifyingSideMenuCollapsedLangAsInSettingsLingua_20-08-09 - [verifyingSideMenuCollapsedLangAsInSettingsLingua_20-08-09] Element found and ready (attempt 1): By.xpath: //yt-multi-page-menu-section-renderer[@class='style-scope ytd-multi-page-menu-renderer']//yt-formatted-string[@id='label' and text()='Nederlands']
20:10:33 [TestNG-test-Yt Master Tests-3] INFO  verifyingSideMenuCollapsedLangAsInSettingsLingua_20-08-09 - [verifyingSideMenuCollapsedLangAsInSettingsLingua_20-08-09] Trying to find element: By.xpath: //yt-multi-page-menu-section-renderer[@class='style-scope ytd-multi-page-menu-renderer']//yt-formatted-string[@id='label' and text()='Nederlands']
20:10:33 [TestNG-test-Yt Master Tests-3] INFO  verifyingSideMenuCollapsedLangAsInSettingsLingua_20-08-09 - [verifyingSideMenuCollapsedLangAsInSettingsLingua_20-08-09] Element found and ready (attempt 1): By.xpath: //yt-multi-page-menu-section-renderer[@class='style-scope ytd-multi-page-menu-renderer']//yt-formatted-string[@id='label' and text()='Nederlands']
20:10:35 [TestNG-test-Yt Master Tests-3] INFO  verifyingSideMenuCollapsedLangAsInSettingsLingua_20-08-09 - Clicking settings ellipses button...
20:10:35 [TestNG-test-Yt Master Tests-3] INFO  verifyingSideMenuCollapsedLangAsInSettingsLingua_20-08-09 - [verifyingSideMenuCollapsedLangAsInSettingsLingua_20-08-09] Trying to find element: By.xpath: //ytd-topbar-menu-button-renderer[@class='style-scope ytd-masthead style-default']
20:10:36 [TestNG-test-Yt Master Tests-3] INFO  verifyingSideMenuCollapsedLangAsInSettingsLingua_20-08-09 - [verifyingSideMenuCollapsedLangAsInSettingsLingua_20-08-09] Element found and ready (attempt 1): By.xpath: //ytd-topbar-menu-button-renderer[@class='style-scope ytd-masthead style-default']
20:10:36 [TestNG-test-Yt Master Tests-3] INFO  verifyingSideMenuCollapsedLangAsInSettingsLingua_20-08-09 - [verifyingSideMenuCollapsedLangAsInSettingsLingua_20-08-09] Waiting until element is visible in viewport
20:10:37 [TestNG-test-Yt Master Tests-3] INFO  verifyingSideMenuCollapsedLangAsInSettingsLingua_20-08-09 - Clicking settings ellipses button...
20:10:37 [TestNG-test-Yt Master Tests-3] INFO  verifyingSideMenuCollapsedLangAsInSettingsLingua_20-08-09 - [verifyingSideMenuCollapsedLangAsInSettingsLingua_20-08-09] Trying to find element: By.xpath: //ytd-topbar-menu-button-renderer[@class='style-scope ytd-masthead style-default']
20:10:37 [TestNG-test-Yt Master Tests-3] INFO  verifyingSideMenuCollapsedLangAsInSettingsLingua_20-08-09 - [verifyingSideMenuCollapsedLangAsInSettingsLingua_20-08-09] Element found and ready (attempt 1): By.xpath: //ytd-topbar-menu-button-renderer[@class='style-scope ytd-masthead style-default']
20:10:37 [TestNG-test-Yt Master Tests-3] INFO  verifyingSideMenuCollapsedLangAsInSettingsLingua_20-08-09 - getLangAttribute() - locating <html> and reading lang property
20:10:37 [TestNG-test-Yt Master Tests-3] INFO  verifyingSideMenuCollapsedLangAsInSettingsLingua_20-08-09 - Language attribute read: nl-NL
20:10:37 [TestNG-test-Yt Master Tests-3] INFO  verifyingSideMenuCollapsedLangAsInSettingsLingua_20-08-09 - Fetching the side menu in collapsed view
20:10:37 [TestNG-test-Yt Master Tests-3] INFO  verifyingSideMenuCollapsedLangAsInSettingsLingua_20-08-09 - [verifyingSideMenuCollapsedLangAsInSettingsLingua_20-08-09] Finding elements list: By.xpath: //ytd-mini-guide-renderer[@class='style-scope ytd-app']//ytd-mini-guide-entry-renderer
20:10:37 [TestNG-test-Yt Master Tests-3] INFO  verifyingSideMenuCollapsedLangAsInSettingsLingua_20-08-09 - [verifyingSideMenuCollapsedLangAsInSettingsLingua_20-08-09] Found 4 ready elements (attempt 1): By.xpath: //ytd-mini-guide-renderer[@class='style-scope ytd-app']//ytd-mini-guide-entry-renderer
20:10:37 [TestNG-test-Yt Master Tests-3] INFO  verifyingSideMenuCollapsedLangAsInSettingsLingua_20-08-09 - 
========== LANGUAGE DETECTION ==========
Detected Language : DUTCH
Input Text        : Home Shorts Abonnementen Jij
========================================
20:10:37 [TestNG-test-Yt Master Tests-3] INFO  verifyingSideMenuCollapsedLangAsInSettingsLingua_20-08-09 - text sent to lingua is       Home Shorts Abonnementen Jij
20:10:37 [TestNG-test-Yt Master Tests-3] INFO  verifyingSideMenuCollapsedLangAsInSettingsLingua_20-08-09 - getLangAttribute() - locating <html> and reading lang property
20:10:37 [TestNG-test-Yt Master Tests-3] INFO  verifyingSideMenuCollapsedLangAsInSettingsLingua_20-08-09 - Language attribute read: nl-NL
20:10:37 [TestNG-test-Yt Master Tests-3] INFO  verifyingSideMenuCollapsedLangAsInSettingsLingua_20-08-09 - Clicking settings ellipses button...
20:10:37 [TestNG-test-Yt Master Tests-3] INFO  verifyingSideMenuCollapsedLangAsInSettingsLingua_20-08-09 - [verifyingSideMenuCollapsedLangAsInSettingsLingua_20-08-09] Trying to find element: By.xpath: //ytd-topbar-menu-button-renderer[@class='style-scope ytd-masthead style-default']
20:10:37 [TestNG-test-Yt Master Tests-3] INFO  verifyingSideMenuCollapsedLangAsInSettingsLingua_20-08-09 - [verifyingSideMenuCollapsedLangAsInSettingsLingua_20-08-09] Element found and ready (attempt 1): By.xpath: //ytd-topbar-menu-button-renderer[@class='style-scope ytd-masthead style-default']
20:10:38 [TestNG-test-Yt Master Tests-3] INFO  verifyingSideMenuCollapsedLangAsInSettingsLingua_20-08-09 - Clicking language dropdown...
20:10:38 [TestNG-test-Yt Master Tests-3] INFO  verifyingSideMenuCollapsedLangAsInSettingsLingua_20-08-09 - [verifyingSideMenuCollapsedLangAsInSettingsLingua_20-08-09] Trying to find element: By.xpath: (//div[@id='content-icon'])[2]
20:10:38 [TestNG-test-Yt Master Tests-3] INFO  verifyingSideMenuCollapsedLangAsInSettingsLingua_20-08-09 - [verifyingSideMenuCollapsedLangAsInSettingsLingua_20-08-09] Element found and ready (attempt 1): By.xpath: (//div[@id='content-icon'])[2]
20:10:39 [TestNG-test-Yt Master Tests-3] INFO  verifyingSideMenuCollapsedLangAsInSettingsLingua_20-08-09 - Looking for language element with name: Polski
20:10:39 [TestNG-test-Yt Master Tests-3] INFO  verifyingSideMenuCollapsedLangAsInSettingsLingua_20-08-09 - [verifyingSideMenuCollapsedLangAsInSettingsLingua_20-08-09] Trying to find element: By.xpath: //yt-multi-page-menu-section-renderer[@class='style-scope ytd-multi-page-menu-renderer']//yt-formatted-string[@id='label' and text()='Polski']
20:10:39 [TestNG-test-Yt Master Tests-3] INFO  verifyingSideMenuCollapsedLangAsInSettingsLingua_20-08-09 - [verifyingSideMenuCollapsedLangAsInSettingsLingua_20-08-09] Element found and ready (attempt 1): By.xpath: //yt-multi-page-menu-section-renderer[@class='style-scope ytd-multi-page-menu-renderer']//yt-formatted-string[@id='label' and text()='Polski']
20:10:39 [TestNG-test-Yt Master Tests-3] INFO  verifyingSideMenuCollapsedLangAsInSettingsLingua_20-08-09 - [verifyingSideMenuCollapsedLangAsInSettingsLingua_20-08-09] Trying to find element: By.xpath: //yt-multi-page-menu-section-renderer[@class='style-scope ytd-multi-page-menu-renderer']//yt-formatted-string[@id='label' and text()='Polski']
20:10:39 [TestNG-test-Yt Master Tests-3] INFO  verifyingSideMenuCollapsedLangAsInSettingsLingua_20-08-09 - [verifyingSideMenuCollapsedLangAsInSettingsLingua_20-08-09] Element found and ready (attempt 1): By.xpath: //yt-multi-page-menu-section-renderer[@class='style-scope ytd-multi-page-menu-renderer']//yt-formatted-string[@id='label' and text()='Polski']
20:10:41 [TestNG-test-Yt Master Tests-3] INFO  verifyingSideMenuCollapsedLangAsInSettingsLingua_20-08-09 - Clicking settings ellipses button...
20:10:41 [TestNG-test-Yt Master Tests-3] INFO  verifyingSideMenuCollapsedLangAsInSettingsLingua_20-08-09 - [verifyingSideMenuCollapsedLangAsInSettingsLingua_20-08-09] Trying to find element: By.xpath: //ytd-topbar-menu-button-renderer[@class='style-scope ytd-masthead style-default']
20:10:41 [TestNG-test-Yt Master Tests-3] INFO  verifyingSideMenuCollapsedLangAsInSettingsLingua_20-08-09 - [verifyingSideMenuCollapsedLangAsInSettingsLingua_20-08-09] Element found and ready (attempt 1): By.xpath: //ytd-topbar-menu-button-renderer[@class='style-scope ytd-masthead style-default']
20:10:41 [TestNG-test-Yt Master Tests-3] INFO  verifyingSideMenuCollapsedLangAsInSettingsLingua_20-08-09 - [verifyingSideMenuCollapsedLangAsInSettingsLingua_20-08-09] Waiting until element is visible in viewport
20:10:42 [TestNG-test-Yt Master Tests-3] INFO  verifyingSideMenuCollapsedLangAsInSettingsLingua_20-08-09 - Clicking settings ellipses button...
20:10:42 [TestNG-test-Yt Master Tests-3] INFO  verifyingSideMenuCollapsedLangAsInSettingsLingua_20-08-09 - [verifyingSideMenuCollapsedLangAsInSettingsLingua_20-08-09] Trying to find element: By.xpath: //ytd-topbar-menu-button-renderer[@class='style-scope ytd-masthead style-default']
20:10:42 [TestNG-test-Yt Master Tests-3] INFO  verifyingSideMenuCollapsedLangAsInSettingsLingua_20-08-09 - [verifyingSideMenuCollapsedLangAsInSettingsLingua_20-08-09] Element found and ready (attempt 1): By.xpath: //ytd-topbar-menu-button-renderer[@class='style-scope ytd-masthead style-default']
20:10:42 [TestNG-test-Yt Master Tests-3] INFO  verifyingSideMenuCollapsedLangAsInSettingsLingua_20-08-09 - getLangAttribute() - locating <html> and reading lang property
20:10:42 [TestNG-test-Yt Master Tests-3] INFO  verifyingSideMenuCollapsedLangAsInSettingsLingua_20-08-09 - Language attribute read: pl-PL
20:10:42 [TestNG-test-Yt Master Tests-3] INFO  verifyingSideMenuCollapsedLangAsInSettingsLingua_20-08-09 - Fetching the side menu in collapsed view
20:10:42 [TestNG-test-Yt Master Tests-3] INFO  verifyingSideMenuCollapsedLangAsInSettingsLingua_20-08-09 - [verifyingSideMenuCollapsedLangAsInSettingsLingua_20-08-09] Finding elements list: By.xpath: //ytd-mini-guide-renderer[@class='style-scope ytd-app']//ytd-mini-guide-entry-renderer
20:10:43 [TestNG-test-Yt Master Tests-3] INFO  verifyingSideMenuCollapsedLangAsInSettingsLingua_20-08-09 - [verifyingSideMenuCollapsedLangAsInSettingsLingua_20-08-09] Found 4 ready elements (attempt 1): By.xpath: //ytd-mini-guide-renderer[@class='style-scope ytd-app']//ytd-mini-guide-entry-renderer
20:10:43 [TestNG-test-Yt Master Tests-3] INFO  verifyingSideMenuCollapsedLangAsInSettingsLingua_20-08-09 - 
========== LANGUAGE DETECTION ==========
Detected Language : POLISH
Input Text        : Główna Shorts Subskrypcje Ty
========================================
20:10:43 [TestNG-test-Yt Master Tests-3] INFO  verifyingSideMenuCollapsedLangAsInSettingsLingua_20-08-09 - text sent to lingua is       Główna Shorts Subskrypcje Ty
20:10:43 [TestNG-test-Yt Master Tests-3] INFO  verifyingSideMenuCollapsedLangAsInSettingsLingua_20-08-09 - getLangAttribute() - locating <html> and reading lang property
20:10:43 [TestNG-test-Yt Master Tests-3] INFO  verifyingSideMenuCollapsedLangAsInSettingsLingua_20-08-09 - Language attribute read: pl-PL
20:10:43 [TestNG-test-Yt Master Tests-3] INFO  verifyingSideMenuCollapsedLangAsInSettingsLingua_20-08-09 - Clicking settings ellipses button...
20:10:43 [TestNG-test-Yt Master Tests-3] INFO  verifyingSideMenuCollapsedLangAsInSettingsLingua_20-08-09 - [verifyingSideMenuCollapsedLangAsInSettingsLingua_20-08-09] Trying to find element: By.xpath: //ytd-topbar-menu-button-renderer[@class='style-scope ytd-masthead style-default']
20:10:43 [TestNG-test-Yt Master Tests-3] INFO  verifyingSideMenuCollapsedLangAsInSettingsLingua_20-08-09 - [verifyingSideMenuCollapsedLangAsInSettingsLingua_20-08-09] Element found and ready (attempt 1): By.xpath: //ytd-topbar-menu-button-renderer[@class='style-scope ytd-masthead style-default']
20:10:43 [TestNG-test-Yt Master Tests-3] INFO  verifyingSideMenuCollapsedLangAsInSettingsLingua_20-08-09 - Clicking language dropdown...
20:10:43 [TestNG-test-Yt Master Tests-3] INFO  verifyingSideMenuCollapsedLangAsInSettingsLingua_20-08-09 - [verifyingSideMenuCollapsedLangAsInSettingsLingua_20-08-09] Trying to find element: By.xpath: (//div[@id='content-icon'])[2]
20:10:43 [TestNG-test-Yt Master Tests-3] INFO  verifyingSideMenuCollapsedLangAsInSettingsLingua_20-08-09 - [verifyingSideMenuCollapsedLangAsInSettingsLingua_20-08-09] Element found and ready (attempt 1): By.xpath: (//div[@id='content-icon'])[2]
20:10:44 [TestNG-test-Yt Master Tests-3] INFO  verifyingSideMenuCollapsedLangAsInSettingsLingua_20-08-09 - Looking for language element with name: Português
20:10:44 [TestNG-test-Yt Master Tests-3] INFO  verifyingSideMenuCollapsedLangAsInSettingsLingua_20-08-09 - [verifyingSideMenuCollapsedLangAsInSettingsLingua_20-08-09] Trying to find element: By.xpath: //yt-multi-page-menu-section-renderer[@class='style-scope ytd-multi-page-menu-renderer']//yt-formatted-string[@id='label' and text()='Português']
20:10:44 [TestNG-test-Yt Master Tests-3] INFO  verifyingSideMenuCollapsedLangAsInSettingsLingua_20-08-09 - [verifyingSideMenuCollapsedLangAsInSettingsLingua_20-08-09] Element found and ready (attempt 1): By.xpath: //yt-multi-page-menu-section-renderer[@class='style-scope ytd-multi-page-menu-renderer']//yt-formatted-string[@id='label' and text()='Português']
20:10:44 [TestNG-test-Yt Master Tests-3] INFO  verifyingSideMenuCollapsedLangAsInSettingsLingua_20-08-09 - [verifyingSideMenuCollapsedLangAsInSettingsLingua_20-08-09] Trying to find element: By.xpath: //yt-multi-page-menu-section-renderer[@class='style-scope ytd-multi-page-menu-renderer']//yt-formatted-string[@id='label' and text()='Português']
20:10:44 [TestNG-test-Yt Master Tests-3] INFO  verifyingSideMenuCollapsedLangAsInSettingsLingua_20-08-09 - [verifyingSideMenuCollapsedLangAsInSettingsLingua_20-08-09] Element found and ready (attempt 1): By.xpath: //yt-multi-page-menu-section-renderer[@class='style-scope ytd-multi-page-menu-renderer']//yt-formatted-string[@id='label' and text()='Português']
20:10:45 [TestNG-test-Yt Master Tests-3] INFO  verifyingSideMenuCollapsedLangAsInSettingsLingua_20-08-09 - Clicking settings ellipses button...
20:10:46 [TestNG-test-Yt Master Tests-3] INFO  verifyingSideMenuCollapsedLangAsInSettingsLingua_20-08-09 - [verifyingSideMenuCollapsedLangAsInSettingsLingua_20-08-09] Trying to find element: By.xpath: //ytd-topbar-menu-button-renderer[@class='style-scope ytd-masthead style-default']
20:10:46 [TestNG-test-Yt Master Tests-3] INFO  verifyingSideMenuCollapsedLangAsInSettingsLingua_20-08-09 - [verifyingSideMenuCollapsedLangAsInSettingsLingua_20-08-09] Element found and ready (attempt 1): By.xpath: //ytd-topbar-menu-button-renderer[@class='style-scope ytd-masthead style-default']
20:10:46 [TestNG-test-Yt Master Tests-3] INFO  verifyingSideMenuCollapsedLangAsInSettingsLingua_20-08-09 - [verifyingSideMenuCollapsedLangAsInSettingsLingua_20-08-09] Waiting until element is visible in viewport
20:10:47 [TestNG-test-Yt Master Tests-3] INFO  verifyingSideMenuCollapsedLangAsInSettingsLingua_20-08-09 - Clicking settings ellipses button...
20:10:47 [TestNG-test-Yt Master Tests-3] INFO  verifyingSideMenuCollapsedLangAsInSettingsLingua_20-08-09 - [verifyingSideMenuCollapsedLangAsInSettingsLingua_20-08-09] Trying to find element: By.xpath: //ytd-topbar-menu-button-renderer[@class='style-scope ytd-masthead style-default']
20:10:47 [TestNG-test-Yt Master Tests-3] INFO  verifyingSideMenuCollapsedLangAsInSettingsLingua_20-08-09 - [verifyingSideMenuCollapsedLangAsInSettingsLingua_20-08-09] Element found and ready (attempt 1): By.xpath: //ytd-topbar-menu-button-renderer[@class='style-scope ytd-masthead style-default']
20:10:48 [TestNG-test-Yt Master Tests-3] INFO  verifyingSideMenuCollapsedLangAsInSettingsLingua_20-08-09 - getLangAttribute() - locating <html> and reading lang property
20:10:48 [TestNG-test-Yt Master Tests-3] INFO  verifyingSideMenuCollapsedLangAsInSettingsLingua_20-08-09 - Language attribute read: pt-PT
20:10:48 [TestNG-test-Yt Master Tests-3] INFO  verifyingSideMenuCollapsedLangAsInSettingsLingua_20-08-09 - Fetching the side menu in collapsed view
20:10:48 [TestNG-test-Yt Master Tests-3] INFO  verifyingSideMenuCollapsedLangAsInSettingsLingua_20-08-09 - [verifyingSideMenuCollapsedLangAsInSettingsLingua_20-08-09] Finding elements list: By.xpath: //ytd-mini-guide-renderer[@class='style-scope ytd-app']//ytd-mini-guide-entry-renderer
20:10:48 [TestNG-test-Yt Master Tests-3] INFO  verifyingSideMenuCollapsedLangAsInSettingsLingua_20-08-09 - [verifyingSideMenuCollapsedLangAsInSettingsLingua_20-08-09] Found 4 ready elements (attempt 1): By.xpath: //ytd-mini-guide-renderer[@class='style-scope ytd-app']//ytd-mini-guide-entry-renderer
20:10:48 [TestNG-test-Yt Master Tests-3] INFO  verifyingSideMenuCollapsedLangAsInSettingsLingua_20-08-09 - 
========== LANGUAGE DETECTION ==========
Detected Language : PORTUGUESE
Input Text        : Início Shorts Subscrições Eu
========================================
20:10:48 [TestNG-test-Yt Master Tests-3] INFO  verifyingSideMenuCollapsedLangAsInSettingsLingua_20-08-09 - text sent to lingua is       Início Shorts Subscrições Eu
20:10:48 [TestNG-test-Yt Master Tests-3] INFO  verifyingSideMenuCollapsedLangAsInSettingsLingua_20-08-09 - getLangAttribute() - locating <html> and reading lang property
20:10:48 [TestNG-test-Yt Master Tests-3] INFO  verifyingSideMenuCollapsedLangAsInSettingsLingua_20-08-09 - Language attribute read: pt-PT
20:10:48 [TestNG-test-Yt Master Tests-3] INFO  verifyingSideMenuCollapsedLangAsInSettingsLingua_20-08-09 - Clicking settings ellipses button...
20:10:48 [TestNG-test-Yt Master Tests-3] INFO  verifyingSideMenuCollapsedLangAsInSettingsLingua_20-08-09 - [verifyingSideMenuCollapsedLangAsInSettingsLingua_20-08-09] Trying to find element: By.xpath: //ytd-topbar-menu-button-renderer[@class='style-scope ytd-masthead style-default']
20:10:49 [TestNG-test-Yt Master Tests-3] INFO  verifyingSideMenuCollapsedLangAsInSettingsLingua_20-08-09 - [verifyingSideMenuCollapsedLangAsInSettingsLingua_20-08-09] Element found and ready (attempt 1): By.xpath: //ytd-topbar-menu-button-renderer[@class='style-scope ytd-masthead style-default']
20:10:49 [TestNG-test-Yt Master Tests-3] INFO  verifyingSideMenuCollapsedLangAsInSettingsLingua_20-08-09 - Clicking language dropdown...
20:10:49 [TestNG-test-Yt Master Tests-3] INFO  verifyingSideMenuCollapsedLangAsInSettingsLingua_20-08-09 - [verifyingSideMenuCollapsedLangAsInSettingsLingua_20-08-09] Trying to find element: By.xpath: (//div[@id='content-icon'])[2]
20:10:50 [TestNG-test-Yt Master Tests-3] INFO  verifyingSideMenuCollapsedLangAsInSettingsLingua_20-08-09 - [verifyingSideMenuCollapsedLangAsInSettingsLingua_20-08-09] Element found and ready (attempt 1): By.xpath: (//div[@id='content-icon'])[2]
20:10:50 [TestNG-test-Yt Master Tests-3] INFO  verifyingSideMenuCollapsedLangAsInSettingsLingua_20-08-09 - Looking for language element with name: Português (Brasil)
20:10:50 [TestNG-test-Yt Master Tests-3] INFO  verifyingSideMenuCollapsedLangAsInSettingsLingua_20-08-09 - [verifyingSideMenuCollapsedLangAsInSettingsLingua_20-08-09] Trying to find element: By.xpath: //yt-multi-page-menu-section-renderer[@class='style-scope ytd-multi-page-menu-renderer']//yt-formatted-string[@id='label' and text()='Português (Brasil)']
20:10:51 [TestNG-test-Yt Master Tests-3] INFO  verifyingSideMenuCollapsedLangAsInSettingsLingua_20-08-09 - [verifyingSideMenuCollapsedLangAsInSettingsLingua_20-08-09] Element found and ready (attempt 1): By.xpath: //yt-multi-page-menu-section-renderer[@class='style-scope ytd-multi-page-menu-renderer']//yt-formatted-string[@id='label' and text()='Português (Brasil)']
20:10:51 [TestNG-test-Yt Master Tests-3] INFO  verifyingSideMenuCollapsedLangAsInSettingsLingua_20-08-09 - [verifyingSideMenuCollapsedLangAsInSettingsLingua_20-08-09] Trying to find element: By.xpath: //yt-multi-page-menu-section-renderer[@class='style-scope ytd-multi-page-menu-renderer']//yt-formatted-string[@id='label' and text()='Português (Brasil)']
20:10:51 [TestNG-test-Yt Master Tests-3] INFO  verifyingSideMenuCollapsedLangAsInSettingsLingua_20-08-09 - [verifyingSideMenuCollapsedLangAsInSettingsLingua_20-08-09] Element found and ready (attempt 1): By.xpath: //yt-multi-page-menu-section-renderer[@class='style-scope ytd-multi-page-menu-renderer']//yt-formatted-string[@id='label' and text()='Português (Brasil)']
20:10:52 [TestNG-test-Yt Master Tests-3] INFO  verifyingSideMenuCollapsedLangAsInSettingsLingua_20-08-09 - Clicking settings ellipses button...
20:10:52 [TestNG-test-Yt Master Tests-3] INFO  verifyingSideMenuCollapsedLangAsInSettingsLingua_20-08-09 - [verifyingSideMenuCollapsedLangAsInSettingsLingua_20-08-09] Trying to find element: By.xpath: //ytd-topbar-menu-button-renderer[@class='style-scope ytd-masthead style-default']
20:10:52 [TestNG-test-Yt Master Tests-3] INFO  verifyingSideMenuCollapsedLangAsInSettingsLingua_20-08-09 - [verifyingSideMenuCollapsedLangAsInSettingsLingua_20-08-09] Element found and ready (attempt 1): By.xpath: //ytd-topbar-menu-button-renderer[@class='style-scope ytd-masthead style-default']
20:10:53 [TestNG-test-Yt Master Tests-3] INFO  verifyingSideMenuCollapsedLangAsInSettingsLingua_20-08-09 - [verifyingSideMenuCollapsedLangAsInSettingsLingua_20-08-09] Waiting until element is visible in viewport
20:10:54 [TestNG-test-Yt Master Tests-3] INFO  verifyingSideMenuCollapsedLangAsInSettingsLingua_20-08-09 - Clicking settings ellipses button...
20:10:54 [TestNG-test-Yt Master Tests-3] INFO  verifyingSideMenuCollapsedLangAsInSettingsLingua_20-08-09 - [verifyingSideMenuCollapsedLangAsInSettingsLingua_20-08-09] Trying to find element: By.xpath: //ytd-topbar-menu-button-renderer[@class='style-scope ytd-masthead style-default']
20:10:54 [TestNG-test-Yt Master Tests-3] INFO  verifyingSideMenuCollapsedLangAsInSettingsLingua_20-08-09 - [verifyingSideMenuCollapsedLangAsInSettingsLingua_20-08-09] Element found and ready (attempt 1): By.xpath: //ytd-topbar-menu-button-renderer[@class='style-scope ytd-masthead style-default']
20:10:54 [TestNG-test-Yt Master Tests-3] INFO  verifyingSideMenuCollapsedLangAsInSettingsLingua_20-08-09 - getLangAttribute() - locating <html> and reading lang property
20:10:54 [TestNG-test-Yt Master Tests-3] INFO  verifyingSideMenuCollapsedLangAsInSettingsLingua_20-08-09 - Language attribute read: pt-BR
20:10:54 [TestNG-test-Yt Master Tests-3] INFO  verifyingSideMenuCollapsedLangAsInSettingsLingua_20-08-09 - Fetching the side menu in collapsed view
20:10:54 [TestNG-test-Yt Master Tests-3] INFO  verifyingSideMenuCollapsedLangAsInSettingsLingua_20-08-09 - [verifyingSideMenuCollapsedLangAsInSettingsLingua_20-08-09] Finding elements list: By.xpath: //ytd-mini-guide-renderer[@class='style-scope ytd-app']//ytd-mini-guide-entry-renderer
20:10:54 [TestNG-test-Yt Master Tests-3] INFO  verifyingSideMenuCollapsedLangAsInSettingsLingua_20-08-09 - [verifyingSideMenuCollapsedLangAsInSettingsLingua_20-08-09] Found 4 ready elements (attempt 1): By.xpath: //ytd-mini-guide-renderer[@class='style-scope ytd-app']//ytd-mini-guide-entry-renderer
20:10:54 [TestNG-test-Yt Master Tests-3] INFO  verifyingSideMenuCollapsedLangAsInSettingsLingua_20-08-09 - 
========== LANGUAGE DETECTION ==========
Detected Language : PORTUGUESE
Input Text        : Início Shorts Inscrições Você
========================================
20:10:54 [TestNG-test-Yt Master Tests-3] INFO  verifyingSideMenuCollapsedLangAsInSettingsLingua_20-08-09 - text sent to lingua is       Início Shorts Inscrições Você
20:10:54 [TestNG-test-Yt Master Tests-3] INFO  verifyingSideMenuCollapsedLangAsInSettingsLingua_20-08-09 - getLangAttribute() - locating <html> and reading lang property
20:10:54 [TestNG-test-Yt Master Tests-3] INFO  verifyingSideMenuCollapsedLangAsInSettingsLingua_20-08-09 - Language attribute read: pt-BR
20:10:54 [TestNG-test-Yt Master Tests-3] INFO  verifyingSideMenuCollapsedLangAsInSettingsLingua_20-08-09 - Clicking settings ellipses button...
20:10:54 [TestNG-test-Yt Master Tests-3] INFO  verifyingSideMenuCollapsedLangAsInSettingsLingua_20-08-09 - [verifyingSideMenuCollapsedLangAsInSettingsLingua_20-08-09] Trying to find element: By.xpath: //ytd-topbar-menu-button-renderer[@class='style-scope ytd-masthead style-default']
20:10:54 [TestNG-test-Yt Master Tests-3] INFO  verifyingSideMenuCollapsedLangAsInSettingsLingua_20-08-09 - [verifyingSideMenuCollapsedLangAsInSettingsLingua_20-08-09] Element found and ready (attempt 1): By.xpath: //ytd-topbar-menu-button-renderer[@class='style-scope ytd-masthead style-default']
20:10:55 [TestNG-test-Yt Master Tests-3] INFO  verifyingSideMenuCollapsedLangAsInSettingsLingua_20-08-09 - Clicking language dropdown...
20:10:55 [TestNG-test-Yt Master Tests-3] INFO  verifyingSideMenuCollapsedLangAsInSettingsLingua_20-08-09 - [verifyingSideMenuCollapsedLangAsInSettingsLingua_20-08-09] Trying to find element: By.xpath: (//div[@id='content-icon'])[2]
20:10:55 [TestNG-test-Yt Master Tests-3] INFO  verifyingSideMenuCollapsedLangAsInSettingsLingua_20-08-09 - [verifyingSideMenuCollapsedLangAsInSettingsLingua_20-08-09] Element found and ready (attempt 1): By.xpath: (//div[@id='content-icon'])[2]
20:10:55 [TestNG-test-Yt Master Tests-3] INFO  verifyingSideMenuCollapsedLangAsInSettingsLingua_20-08-09 - Looking for language element with name: Shqip
20:10:55 [TestNG-test-Yt Master Tests-3] INFO  verifyingSideMenuCollapsedLangAsInSettingsLingua_20-08-09 - [verifyingSideMenuCollapsedLangAsInSettingsLingua_20-08-09] Trying to find element: By.xpath: //yt-multi-page-menu-section-renderer[@class='style-scope ytd-multi-page-menu-renderer']//yt-formatted-string[@id='label' and text()='Shqip']
20:10:56 [TestNG-test-Yt Master Tests-3] INFO  verifyingSideMenuCollapsedLangAsInSettingsLingua_20-08-09 - [verifyingSideMenuCollapsedLangAsInSettingsLingua_20-08-09] Element found and ready (attempt 1): By.xpath: //yt-multi-page-menu-section-renderer[@class='style-scope ytd-multi-page-menu-renderer']//yt-formatted-string[@id='label' and text()='Shqip']
20:10:56 [TestNG-test-Yt Master Tests-3] INFO  verifyingSideMenuCollapsedLangAsInSettingsLingua_20-08-09 - [verifyingSideMenuCollapsedLangAsInSettingsLingua_20-08-09] Trying to find element: By.xpath: //yt-multi-page-menu-section-renderer[@class='style-scope ytd-multi-page-menu-renderer']//yt-formatted-string[@id='label' and text()='Shqip']
20:10:56 [TestNG-test-Yt Master Tests-3] INFO  verifyingSideMenuCollapsedLangAsInSettingsLingua_20-08-09 - [verifyingSideMenuCollapsedLangAsInSettingsLingua_20-08-09] Element found and ready (attempt 1): By.xpath: //yt-multi-page-menu-section-renderer[@class='style-scope ytd-multi-page-menu-renderer']//yt-formatted-string[@id='label' and text()='Shqip']
20:10:57 [TestNG-test-Yt Master Tests-3] INFO  verifyingSideMenuCollapsedLangAsInSettingsLingua_20-08-09 - Clicking settings ellipses button...
20:10:57 [TestNG-test-Yt Master Tests-3] INFO  verifyingSideMenuCollapsedLangAsInSettingsLingua_20-08-09 - [verifyingSideMenuCollapsedLangAsInSettingsLingua_20-08-09] Trying to find element: By.xpath: //ytd-topbar-menu-button-renderer[@class='style-scope ytd-masthead style-default']
20:10:57 [TestNG-test-Yt Master Tests-3] INFO  verifyingSideMenuCollapsedLangAsInSettingsLingua_20-08-09 - [verifyingSideMenuCollapsedLangAsInSettingsLingua_20-08-09] Element found and ready (attempt 1): By.xpath: //ytd-topbar-menu-button-renderer[@class='style-scope ytd-masthead style-default']
20:10:57 [TestNG-test-Yt Master Tests-3] INFO  verifyingSideMenuCollapsedLangAsInSettingsLingua_20-08-09 - [verifyingSideMenuCollapsedLangAsInSettingsLingua_20-08-09] Waiting until element is visible in viewport
20:10:58 [TestNG-test-Yt Master Tests-3] INFO  verifyingSideMenuCollapsedLangAsInSettingsLingua_20-08-09 - Clicking settings ellipses button...
20:10:58 [TestNG-test-Yt Master Tests-3] INFO  verifyingSideMenuCollapsedLangAsInSettingsLingua_20-08-09 - [verifyingSideMenuCollapsedLangAsInSettingsLingua_20-08-09] Trying to find element: By.xpath: //ytd-topbar-menu-button-renderer[@class='style-scope ytd-masthead style-default']
20:10:59 [TestNG-test-Yt Master Tests-3] INFO  verifyingSideMenuCollapsedLangAsInSettingsLingua_20-08-09 - [verifyingSideMenuCollapsedLangAsInSettingsLingua_20-08-09] Element found and ready (attempt 1): By.xpath: //ytd-topbar-menu-button-renderer[@class='style-scope ytd-masthead style-default']
20:10:59 [TestNG-test-Yt Master Tests-3] INFO  verifyingSideMenuCollapsedLangAsInSettingsLingua_20-08-09 - getLangAttribute() - locating <html> and reading lang property
20:10:59 [TestNG-test-Yt Master Tests-3] INFO  verifyingSideMenuCollapsedLangAsInSettingsLingua_20-08-09 - Language attribute read: sq-AL
20:10:59 [TestNG-test-Yt Master Tests-3] INFO  verifyingSideMenuCollapsedLangAsInSettingsLingua_20-08-09 - Fetching the side menu in collapsed view
20:10:59 [TestNG-test-Yt Master Tests-3] INFO  verifyingSideMenuCollapsedLangAsInSettingsLingua_20-08-09 - [verifyingSideMenuCollapsedLangAsInSettingsLingua_20-08-09] Finding elements list: By.xpath: //ytd-mini-guide-renderer[@class='style-scope ytd-app']//ytd-mini-guide-entry-renderer
20:10:59 [TestNG-test-Yt Master Tests-3] INFO  verifyingSideMenuCollapsedLangAsInSettingsLingua_20-08-09 - [verifyingSideMenuCollapsedLangAsInSettingsLingua_20-08-09] Found 4 ready elements (attempt 1): By.xpath: //ytd-mini-guide-renderer[@class='style-scope ytd-app']//ytd-mini-guide-entry-renderer
20:10:59 [TestNG-test-Yt Master Tests-3] INFO  verifyingSideMenuCollapsedLangAsInSettingsLingua_20-08-09 - 
========== LANGUAGE DETECTION ==========
Detected Language : ALBANIAN
Input Text        : Faqja e parë Shorts Abonimet Ti
========================================
20:10:59 [TestNG-test-Yt Master Tests-3] INFO  verifyingSideMenuCollapsedLangAsInSettingsLingua_20-08-09 - text sent to lingua is       Faqja e parë Shorts Abonimet Ti
20:10:59 [TestNG-test-Yt Master Tests-3] INFO  verifyingSideMenuCollapsedLangAsInSettingsLingua_20-08-09 - getLangAttribute() - locating <html> and reading lang property
20:10:59 [TestNG-test-Yt Master Tests-3] INFO  verifyingSideMenuCollapsedLangAsInSettingsLingua_20-08-09 - Language attribute read: sq-AL
20:10:59 [TestNG-test-Yt Master Tests-3] INFO  verifyingSideMenuCollapsedLangAsInSettingsLingua_20-08-09 - Clicking settings ellipses button...
20:11:00 [TestNG-test-Yt Master Tests-3] INFO  verifyingSideMenuCollapsedLangAsInSettingsLingua_20-08-09 - [verifyingSideMenuCollapsedLangAsInSettingsLingua_20-08-09] Trying to find element: By.xpath: //ytd-topbar-menu-button-renderer[@class='style-scope ytd-masthead style-default']
20:11:00 [TestNG-test-Yt Master Tests-3] INFO  verifyingSideMenuCollapsedLangAsInSettingsLingua_20-08-09 - [verifyingSideMenuCollapsedLangAsInSettingsLingua_20-08-09] Element found and ready (attempt 1): By.xpath: //ytd-topbar-menu-button-renderer[@class='style-scope ytd-masthead style-default']
20:11:00 [TestNG-test-Yt Master Tests-3] INFO  verifyingSideMenuCollapsedLangAsInSettingsLingua_20-08-09 - Clicking language dropdown...
20:11:00 [TestNG-test-Yt Master Tests-3] INFO  verifyingSideMenuCollapsedLangAsInSettingsLingua_20-08-09 - [verifyingSideMenuCollapsedLangAsInSettingsLingua_20-08-09] Trying to find element: By.xpath: (//div[@id='content-icon'])[2]
20:11:00 [TestNG-test-Yt Master Tests-3] INFO  verifyingSideMenuCollapsedLangAsInSettingsLingua_20-08-09 - [verifyingSideMenuCollapsedLangAsInSettingsLingua_20-08-09] Element found and ready (attempt 1): By.xpath: (//div[@id='content-icon'])[2]
20:11:01 [TestNG-test-Yt Master Tests-3] INFO  verifyingSideMenuCollapsedLangAsInSettingsLingua_20-08-09 - Looking for language element with name: Slovenščina
20:11:01 [TestNG-test-Yt Master Tests-3] INFO  verifyingSideMenuCollapsedLangAsInSettingsLingua_20-08-09 - [verifyingSideMenuCollapsedLangAsInSettingsLingua_20-08-09] Trying to find element: By.xpath: //yt-multi-page-menu-section-renderer[@class='style-scope ytd-multi-page-menu-renderer']//yt-formatted-string[@id='label' and text()='Slovenščina']
20:11:01 [TestNG-test-Yt Master Tests-3] INFO  verifyingSideMenuCollapsedLangAsInSettingsLingua_20-08-09 - [verifyingSideMenuCollapsedLangAsInSettingsLingua_20-08-09] Element found and ready (attempt 1): By.xpath: //yt-multi-page-menu-section-renderer[@class='style-scope ytd-multi-page-menu-renderer']//yt-formatted-string[@id='label' and text()='Slovenščina']
20:11:01 [TestNG-test-Yt Master Tests-3] INFO  verifyingSideMenuCollapsedLangAsInSettingsLingua_20-08-09 - [verifyingSideMenuCollapsedLangAsInSettingsLingua_20-08-09] Trying to find element: By.xpath: //yt-multi-page-menu-section-renderer[@class='style-scope ytd-multi-page-menu-renderer']//yt-formatted-string[@id='label' and text()='Slovenščina']
20:11:01 [TestNG-test-Yt Master Tests-3] INFO  verifyingSideMenuCollapsedLangAsInSettingsLingua_20-08-09 - [verifyingSideMenuCollapsedLangAsInSettingsLingua_20-08-09] Element found and ready (attempt 1): By.xpath: //yt-multi-page-menu-section-renderer[@class='style-scope ytd-multi-page-menu-renderer']//yt-formatted-string[@id='label' and text()='Slovenščina']
20:11:04 [TestNG-test-Yt Master Tests-3] INFO  verifyingSideMenuCollapsedLangAsInSettingsLingua_20-08-09 - Clicking settings ellipses button...
20:11:04 [TestNG-test-Yt Master Tests-3] INFO  verifyingSideMenuCollapsedLangAsInSettingsLingua_20-08-09 - [verifyingSideMenuCollapsedLangAsInSettingsLingua_20-08-09] Trying to find element: By.xpath: //ytd-topbar-menu-button-renderer[@class='style-scope ytd-masthead style-default']
20:11:04 [TestNG-test-Yt Master Tests-3] INFO  verifyingSideMenuCollapsedLangAsInSettingsLingua_20-08-09 - [verifyingSideMenuCollapsedLangAsInSettingsLingua_20-08-09] Element found and ready (attempt 1): By.xpath: //ytd-topbar-menu-button-renderer[@class='style-scope ytd-masthead style-default']
20:11:04 [TestNG-test-Yt Master Tests-3] INFO  verifyingSideMenuCollapsedLangAsInSettingsLingua_20-08-09 - [verifyingSideMenuCollapsedLangAsInSettingsLingua_20-08-09] Waiting until element is visible in viewport
20:11:05 [TestNG-test-Yt Master Tests-3] INFO  verifyingSideMenuCollapsedLangAsInSettingsLingua_20-08-09 - Clicking settings ellipses button...
20:11:05 [TestNG-test-Yt Master Tests-3] INFO  verifyingSideMenuCollapsedLangAsInSettingsLingua_20-08-09 - [verifyingSideMenuCollapsedLangAsInSettingsLingua_20-08-09] Trying to find element: By.xpath: //ytd-topbar-menu-button-renderer[@class='style-scope ytd-masthead style-default']
20:11:05 [TestNG-test-Yt Master Tests-3] INFO  verifyingSideMenuCollapsedLangAsInSettingsLingua_20-08-09 - [verifyingSideMenuCollapsedLangAsInSettingsLingua_20-08-09] Element found and ready (attempt 1): By.xpath: //ytd-topbar-menu-button-renderer[@class='style-scope ytd-masthead style-default']
20:11:05 [TestNG-test-Yt Master Tests-3] INFO  verifyingSideMenuCollapsedLangAsInSettingsLingua_20-08-09 - getLangAttribute() - locating <html> and reading lang property
20:11:05 [TestNG-test-Yt Master Tests-3] INFO  verifyingSideMenuCollapsedLangAsInSettingsLingua_20-08-09 - Language attribute read: sl-SI
20:11:05 [TestNG-test-Yt Master Tests-3] INFO  verifyingSideMenuCollapsedLangAsInSettingsLingua_20-08-09 - Fetching the side menu in collapsed view
20:11:05 [TestNG-test-Yt Master Tests-3] INFO  verifyingSideMenuCollapsedLangAsInSettingsLingua_20-08-09 - [verifyingSideMenuCollapsedLangAsInSettingsLingua_20-08-09] Finding elements list: By.xpath: //ytd-mini-guide-renderer[@class='style-scope ytd-app']//ytd-mini-guide-entry-renderer
20:11:05 [TestNG-test-Yt Master Tests-3] INFO  verifyingSideMenuCollapsedLangAsInSettingsLingua_20-08-09 - [verifyingSideMenuCollapsedLangAsInSettingsLingua_20-08-09] Found 4 ready elements (attempt 1): By.xpath: //ytd-mini-guide-renderer[@class='style-scope ytd-app']//ytd-mini-guide-entry-renderer
20:11:05 [TestNG-test-Yt Master Tests-3] INFO  verifyingSideMenuCollapsedLangAsInSettingsLingua_20-08-09 - 
========== LANGUAGE DETECTION ==========
Detected Language : SLOVENE
Input Text        : Domača stran Kratki videoposnetki Naročnine Vi
========================================
20:11:05 [TestNG-test-Yt Master Tests-3] INFO  verifyingSideMenuCollapsedLangAsInSettingsLingua_20-08-09 - text sent to lingua is       Domača stran Kratki videoposnetki Naročnine Vi
20:11:05 [TestNG-test-Yt Master Tests-3] INFO  verifyingSideMenuCollapsedLangAsInSettingsLingua_20-08-09 - getLangAttribute() - locating <html> and reading lang property
20:11:05 [TestNG-test-Yt Master Tests-3] INFO  verifyingSideMenuCollapsedLangAsInSettingsLingua_20-08-09 - Language attribute read: sl-SI
20:11:05 [TestNG-test-Yt Master Tests-3] INFO  verifyingSideMenuCollapsedLangAsInSettingsLingua_20-08-09 - Clicking settings ellipses button...
20:11:05 [TestNG-test-Yt Master Tests-3] INFO  verifyingSideMenuCollapsedLangAsInSettingsLingua_20-08-09 - [verifyingSideMenuCollapsedLangAsInSettingsLingua_20-08-09] Trying to find element: By.xpath: //ytd-topbar-menu-button-renderer[@class='style-scope ytd-masthead style-default']
20:11:06 [TestNG-test-Yt Master Tests-3] INFO  verifyingSideMenuCollapsedLangAsInSettingsLingua_20-08-09 - [verifyingSideMenuCollapsedLangAsInSettingsLingua_20-08-09] Element found and ready (attempt 1): By.xpath: //ytd-topbar-menu-button-renderer[@class='style-scope ytd-masthead style-default']
20:11:06 [TestNG-test-Yt Master Tests-3] INFO  verifyingSideMenuCollapsedLangAsInSettingsLingua_20-08-09 - Clicking language dropdown...
20:11:06 [TestNG-test-Yt Master Tests-3] INFO  verifyingSideMenuCollapsedLangAsInSettingsLingua_20-08-09 - [verifyingSideMenuCollapsedLangAsInSettingsLingua_20-08-09] Trying to find element: By.xpath: (//div[@id='content-icon'])[2]
20:11:06 [TestNG-test-Yt Master Tests-3] INFO  verifyingSideMenuCollapsedLangAsInSettingsLingua_20-08-09 - [verifyingSideMenuCollapsedLangAsInSettingsLingua_20-08-09] Element found and ready (attempt 1): By.xpath: (//div[@id='content-icon'])[2]
20:11:07 [TestNG-test-Yt Master Tests-3] INFO  verifyingSideMenuCollapsedLangAsInSettingsLingua_20-08-09 - Looking for language element with name: Suomi
20:11:07 [TestNG-test-Yt Master Tests-3] INFO  verifyingSideMenuCollapsedLangAsInSettingsLingua_20-08-09 - [verifyingSideMenuCollapsedLangAsInSettingsLingua_20-08-09] Trying to find element: By.xpath: //yt-multi-page-menu-section-renderer[@class='style-scope ytd-multi-page-menu-renderer']//yt-formatted-string[@id='label' and text()='Suomi']
20:11:07 [TestNG-test-Yt Master Tests-3] INFO  verifyingSideMenuCollapsedLangAsInSettingsLingua_20-08-09 - [verifyingSideMenuCollapsedLangAsInSettingsLingua_20-08-09] Element found and ready (attempt 1): By.xpath: //yt-multi-page-menu-section-renderer[@class='style-scope ytd-multi-page-menu-renderer']//yt-formatted-string[@id='label' and text()='Suomi']
20:11:07 [TestNG-test-Yt Master Tests-3] INFO  verifyingSideMenuCollapsedLangAsInSettingsLingua_20-08-09 - [verifyingSideMenuCollapsedLangAsInSettingsLingua_20-08-09] Trying to find element: By.xpath: //yt-multi-page-menu-section-renderer[@class='style-scope ytd-multi-page-menu-renderer']//yt-formatted-string[@id='label' and text()='Suomi']
20:11:07 [TestNG-test-Yt Master Tests-3] INFO  verifyingSideMenuCollapsedLangAsInSettingsLingua_20-08-09 - [verifyingSideMenuCollapsedLangAsInSettingsLingua_20-08-09] Element found and ready (attempt 1): By.xpath: //yt-multi-page-menu-section-renderer[@class='style-scope ytd-multi-page-menu-renderer']//yt-formatted-string[@id='label' and text()='Suomi']
20:11:09 [TestNG-test-Yt Master Tests-3] INFO  verifyingSideMenuCollapsedLangAsInSettingsLingua_20-08-09 - Clicking settings ellipses button...
20:11:10 [TestNG-test-Yt Master Tests-3] INFO  verifyingSideMenuCollapsedLangAsInSettingsLingua_20-08-09 - [verifyingSideMenuCollapsedLangAsInSettingsLingua_20-08-09] Trying to find element: By.xpath: //ytd-topbar-menu-button-renderer[@class='style-scope ytd-masthead style-default']
20:11:10 [TestNG-test-Yt Master Tests-3] INFO  verifyingSideMenuCollapsedLangAsInSettingsLingua_20-08-09 - [verifyingSideMenuCollapsedLangAsInSettingsLingua_20-08-09] Element found and ready (attempt 1): By.xpath: //ytd-topbar-menu-button-renderer[@class='style-scope ytd-masthead style-default']
20:11:10 [TestNG-test-Yt Master Tests-3] INFO  verifyingSideMenuCollapsedLangAsInSettingsLingua_20-08-09 - [verifyingSideMenuCollapsedLangAsInSettingsLingua_20-08-09] Waiting until element is visible in viewport
20:11:12 [TestNG-test-Yt Master Tests-3] INFO  verifyingSideMenuCollapsedLangAsInSettingsLingua_20-08-09 - Clicking settings ellipses button...
20:11:12 [TestNG-test-Yt Master Tests-3] INFO  verifyingSideMenuCollapsedLangAsInSettingsLingua_20-08-09 - [verifyingSideMenuCollapsedLangAsInSettingsLingua_20-08-09] Trying to find element: By.xpath: //ytd-topbar-menu-button-renderer[@class='style-scope ytd-masthead style-default']
20:11:12 [TestNG-test-Yt Master Tests-3] INFO  verifyingSideMenuCollapsedLangAsInSettingsLingua_20-08-09 - [verifyingSideMenuCollapsedLangAsInSettingsLingua_20-08-09] Element found and ready (attempt 1): By.xpath: //ytd-topbar-menu-button-renderer[@class='style-scope ytd-masthead style-default']
20:11:12 [TestNG-test-Yt Master Tests-3] INFO  verifyingSideMenuCollapsedLangAsInSettingsLingua_20-08-09 - getLangAttribute() - locating <html> and reading lang property
20:11:12 [TestNG-test-Yt Master Tests-3] INFO  verifyingSideMenuCollapsedLangAsInSettingsLingua_20-08-09 - Language attribute read: fi-FI
20:11:12 [TestNG-test-Yt Master Tests-3] INFO  verifyingSideMenuCollapsedLangAsInSettingsLingua_20-08-09 - Fetching the side menu in collapsed view
20:11:12 [TestNG-test-Yt Master Tests-3] INFO  verifyingSideMenuCollapsedLangAsInSettingsLingua_20-08-09 - [verifyingSideMenuCollapsedLangAsInSettingsLingua_20-08-09] Finding elements list: By.xpath: //ytd-mini-guide-renderer[@class='style-scope ytd-app']//ytd-mini-guide-entry-renderer
20:11:12 [TestNG-test-Yt Master Tests-3] INFO  verifyingSideMenuCollapsedLangAsInSettingsLingua_20-08-09 - [verifyingSideMenuCollapsedLangAsInSettingsLingua_20-08-09] Found 4 ready elements (attempt 1): By.xpath: //ytd-mini-guide-renderer[@class='style-scope ytd-app']//ytd-mini-guide-entry-renderer
20:11:12 [TestNG-test-Yt Master Tests-3] INFO  verifyingSideMenuCollapsedLangAsInSettingsLingua_20-08-09 - 
========== LANGUAGE DETECTION ==========
Detected Language : FINNISH
Input Text        : Koti Shorts Tilaukset Sinä
========================================
20:11:12 [TestNG-test-Yt Master Tests-3] INFO  verifyingSideMenuCollapsedLangAsInSettingsLingua_20-08-09 - text sent to lingua is       Koti Shorts Tilaukset Sinä
20:11:12 [TestNG-test-Yt Master Tests-3] INFO  verifyingSideMenuCollapsedLangAsInSettingsLingua_20-08-09 - getLangAttribute() - locating <html> and reading lang property
20:11:12 [TestNG-test-Yt Master Tests-3] INFO  verifyingSideMenuCollapsedLangAsInSettingsLingua_20-08-09 - Language attribute read: fi-FI
20:11:12 [TestNG-test-Yt Master Tests-3] INFO  verifyingSideMenuCollapsedLangAsInSettingsLingua_20-08-09 - Clicking settings ellipses button...
20:11:12 [TestNG-test-Yt Master Tests-3] INFO  verifyingSideMenuCollapsedLangAsInSettingsLingua_20-08-09 - [verifyingSideMenuCollapsedLangAsInSettingsLingua_20-08-09] Trying to find element: By.xpath: //ytd-topbar-menu-button-renderer[@class='style-scope ytd-masthead style-default']
20:11:12 [TestNG-test-Yt Master Tests-3] INFO  verifyingSideMenuCollapsedLangAsInSettingsLingua_20-08-09 - [verifyingSideMenuCollapsedLangAsInSettingsLingua_20-08-09] Element found and ready (attempt 1): By.xpath: //ytd-topbar-menu-button-renderer[@class='style-scope ytd-masthead style-default']
20:11:12 [TestNG-test-Yt Master Tests-3] INFO  verifyingSideMenuCollapsedLangAsInSettingsLingua_20-08-09 - Clicking language dropdown...
20:11:12 [TestNG-test-Yt Master Tests-3] INFO  verifyingSideMenuCollapsedLangAsInSettingsLingua_20-08-09 - [verifyingSideMenuCollapsedLangAsInSettingsLingua_20-08-09] Trying to find element: By.xpath: (//div[@id='content-icon'])[2]
20:11:13 [TestNG-test-Yt Master Tests-3] INFO  verifyingSideMenuCollapsedLangAsInSettingsLingua_20-08-09 - [verifyingSideMenuCollapsedLangAsInSettingsLingua_20-08-09] Element found and ready (attempt 1): By.xpath: (//div[@id='content-icon'])[2]
20:11:14 [TestNG-test-Yt Master Tests-3] INFO  verifyingSideMenuCollapsedLangAsInSettingsLingua_20-08-09 - Looking for language element with name: Svenska
20:11:14 [TestNG-test-Yt Master Tests-3] INFO  verifyingSideMenuCollapsedLangAsInSettingsLingua_20-08-09 - [verifyingSideMenuCollapsedLangAsInSettingsLingua_20-08-09] Trying to find element: By.xpath: //yt-multi-page-menu-section-renderer[@class='style-scope ytd-multi-page-menu-renderer']//yt-formatted-string[@id='label' and text()='Svenska']
20:11:14 [TestNG-test-Yt Master Tests-3] INFO  verifyingSideMenuCollapsedLangAsInSettingsLingua_20-08-09 - [verifyingSideMenuCollapsedLangAsInSettingsLingua_20-08-09] Element found and ready (attempt 1): By.xpath: //yt-multi-page-menu-section-renderer[@class='style-scope ytd-multi-page-menu-renderer']//yt-formatted-string[@id='label' and text()='Svenska']
20:11:14 [TestNG-test-Yt Master Tests-3] INFO  verifyingSideMenuCollapsedLangAsInSettingsLingua_20-08-09 - [verifyingSideMenuCollapsedLangAsInSettingsLingua_20-08-09] Trying to find element: By.xpath: //yt-multi-page-menu-section-renderer[@class='style-scope ytd-multi-page-menu-renderer']//yt-formatted-string[@id='label' and text()='Svenska']
20:11:14 [TestNG-test-Yt Master Tests-3] INFO  verifyingSideMenuCollapsedLangAsInSettingsLingua_20-08-09 - [verifyingSideMenuCollapsedLangAsInSettingsLingua_20-08-09] Element found and ready (attempt 1): By.xpath: //yt-multi-page-menu-section-renderer[@class='style-scope ytd-multi-page-menu-renderer']//yt-formatted-string[@id='label' and text()='Svenska']
20:11:15 [TestNG-test-Yt Master Tests-3] INFO  verifyingSideMenuCollapsedLangAsInSettingsLingua_20-08-09 - Clicking settings ellipses button...
20:11:15 [TestNG-test-Yt Master Tests-3] INFO  verifyingSideMenuCollapsedLangAsInSettingsLingua_20-08-09 - [verifyingSideMenuCollapsedLangAsInSettingsLingua_20-08-09] Trying to find element: By.xpath: //ytd-topbar-menu-button-renderer[@class='style-scope ytd-masthead style-default']
20:11:16 [TestNG-test-Yt Master Tests-3] INFO  verifyingSideMenuCollapsedLangAsInSettingsLingua_20-08-09 - [verifyingSideMenuCollapsedLangAsInSettingsLingua_20-08-09] Element found and ready (attempt 1): By.xpath: //ytd-topbar-menu-button-renderer[@class='style-scope ytd-masthead style-default']
20:11:16 [TestNG-test-Yt Master Tests-3] INFO  verifyingSideMenuCollapsedLangAsInSettingsLingua_20-08-09 - [verifyingSideMenuCollapsedLangAsInSettingsLingua_20-08-09] Waiting until element is visible in viewport
20:11:17 [TestNG-test-Yt Master Tests-3] INFO  verifyingSideMenuCollapsedLangAsInSettingsLingua_20-08-09 - Clicking settings ellipses button...
20:11:17 [TestNG-test-Yt Master Tests-3] INFO  verifyingSideMenuCollapsedLangAsInSettingsLingua_20-08-09 - [verifyingSideMenuCollapsedLangAsInSettingsLingua_20-08-09] Trying to find element: By.xpath: //ytd-topbar-menu-button-renderer[@class='style-scope ytd-masthead style-default']
20:11:17 [TestNG-test-Yt Master Tests-3] INFO  verifyingSideMenuCollapsedLangAsInSettingsLingua_20-08-09 - [verifyingSideMenuCollapsedLangAsInSettingsLingua_20-08-09] Element found and ready (attempt 1): By.xpath: //ytd-topbar-menu-button-renderer[@class='style-scope ytd-masthead style-default']
20:11:17 [TestNG-test-Yt Master Tests-3] INFO  verifyingSideMenuCollapsedLangAsInSettingsLingua_20-08-09 - getLangAttribute() - locating <html> and reading lang property
20:11:17 [TestNG-test-Yt Master Tests-3] INFO  verifyingSideMenuCollapsedLangAsInSettingsLingua_20-08-09 - Language attribute read: sv-SE
20:11:17 [TestNG-test-Yt Master Tests-3] INFO  verifyingSideMenuCollapsedLangAsInSettingsLingua_20-08-09 - Fetching the side menu in collapsed view
20:11:17 [TestNG-test-Yt Master Tests-3] INFO  verifyingSideMenuCollapsedLangAsInSettingsLingua_20-08-09 - [verifyingSideMenuCollapsedLangAsInSettingsLingua_20-08-09] Finding elements list: By.xpath: //ytd-mini-guide-renderer[@class='style-scope ytd-app']//ytd-mini-guide-entry-renderer
20:11:17 [TestNG-test-Yt Master Tests-3] INFO  verifyingSideMenuCollapsedLangAsInSettingsLingua_20-08-09 - [verifyingSideMenuCollapsedLangAsInSettingsLingua_20-08-09] Found 4 ready elements (attempt 1): By.xpath: //ytd-mini-guide-renderer[@class='style-scope ytd-app']//ytd-mini-guide-entry-renderer
20:11:17 [TestNG-test-Yt Master Tests-3] INFO  verifyingSideMenuCollapsedLangAsInSettingsLingua_20-08-09 - 
========== LANGUAGE DETECTION ==========
Detected Language : SWEDISH
Input Text        : Hem Shorts Prenumerationer Ditt YouTube
========================================
20:11:17 [TestNG-test-Yt Master Tests-3] INFO  verifyingSideMenuCollapsedLangAsInSettingsLingua_20-08-09 - text sent to lingua is       Hem Shorts Prenumerationer Ditt YouTube
20:11:17 [TestNG-test-Yt Master Tests-3] INFO  verifyingSideMenuCollapsedLangAsInSettingsLingua_20-08-09 - getLangAttribute() - locating <html> and reading lang property
20:11:17 [TestNG-test-Yt Master Tests-3] INFO  verifyingSideMenuCollapsedLangAsInSettingsLingua_20-08-09 - Language attribute read: sv-SE
20:11:17 [TestNG-test-Yt Master Tests-3] INFO  verifyingSideMenuCollapsedLangAsInSettingsLingua_20-08-09 - Clicking settings ellipses button...
20:11:17 [TestNG-test-Yt Master Tests-3] INFO  verifyingSideMenuCollapsedLangAsInSettingsLingua_20-08-09 - [verifyingSideMenuCollapsedLangAsInSettingsLingua_20-08-09] Trying to find element: By.xpath: //ytd-topbar-menu-button-renderer[@class='style-scope ytd-masthead style-default']
20:11:17 [TestNG-test-Yt Master Tests-3] INFO  verifyingSideMenuCollapsedLangAsInSettingsLingua_20-08-09 - [verifyingSideMenuCollapsedLangAsInSettingsLingua_20-08-09] Element found and ready (attempt 1): By.xpath: //ytd-topbar-menu-button-renderer[@class='style-scope ytd-masthead style-default']
20:11:18 [TestNG-test-Yt Master Tests-3] INFO  verifyingSideMenuCollapsedLangAsInSettingsLingua_20-08-09 - Clicking language dropdown...
20:11:18 [TestNG-test-Yt Master Tests-3] INFO  verifyingSideMenuCollapsedLangAsInSettingsLingua_20-08-09 - [verifyingSideMenuCollapsedLangAsInSettingsLingua_20-08-09] Trying to find element: By.xpath: (//div[@id='content-icon'])[2]
20:11:18 [TestNG-test-Yt Master Tests-3] INFO  verifyingSideMenuCollapsedLangAsInSettingsLingua_20-08-09 - [verifyingSideMenuCollapsedLangAsInSettingsLingua_20-08-09] Element found and ready (attempt 1): By.xpath: (//div[@id='content-icon'])[2]
20:11:19 [TestNG-test-Yt Master Tests-3] INFO  verifyingSideMenuCollapsedLangAsInSettingsLingua_20-08-09 - Looking for language element with name: Tiếng Việt
20:11:19 [TestNG-test-Yt Master Tests-3] INFO  verifyingSideMenuCollapsedLangAsInSettingsLingua_20-08-09 - [verifyingSideMenuCollapsedLangAsInSettingsLingua_20-08-09] Trying to find element: By.xpath: //yt-multi-page-menu-section-renderer[@class='style-scope ytd-multi-page-menu-renderer']//yt-formatted-string[@id='label' and text()='Tiếng Việt']
20:11:19 [TestNG-test-Yt Master Tests-3] INFO  verifyingSideMenuCollapsedLangAsInSettingsLingua_20-08-09 - [verifyingSideMenuCollapsedLangAsInSettingsLingua_20-08-09] Element found and ready (attempt 1): By.xpath: //yt-multi-page-menu-section-renderer[@class='style-scope ytd-multi-page-menu-renderer']//yt-formatted-string[@id='label' and text()='Tiếng Việt']
20:11:19 [TestNG-test-Yt Master Tests-3] INFO  verifyingSideMenuCollapsedLangAsInSettingsLingua_20-08-09 - [verifyingSideMenuCollapsedLangAsInSettingsLingua_20-08-09] Trying to find element: By.xpath: //yt-multi-page-menu-section-renderer[@class='style-scope ytd-multi-page-menu-renderer']//yt-formatted-string[@id='label' and text()='Tiếng Việt']
20:11:19 [TestNG-test-Yt Master Tests-3] INFO  verifyingSideMenuCollapsedLangAsInSettingsLingua_20-08-09 - [verifyingSideMenuCollapsedLangAsInSettingsLingua_20-08-09] Element found and ready (attempt 1): By.xpath: //yt-multi-page-menu-section-renderer[@class='style-scope ytd-multi-page-menu-renderer']//yt-formatted-string[@id='label' and text()='Tiếng Việt']
20:11:21 [TestNG-test-Yt Master Tests-3] INFO  verifyingSideMenuCollapsedLangAsInSettingsLingua_20-08-09 - Clicking settings ellipses button...
20:11:21 [TestNG-test-Yt Master Tests-3] INFO  verifyingSideMenuCollapsedLangAsInSettingsLingua_20-08-09 - [verifyingSideMenuCollapsedLangAsInSettingsLingua_20-08-09] Trying to find element: By.xpath: //ytd-topbar-menu-button-renderer[@class='style-scope ytd-masthead style-default']
20:11:21 [TestNG-test-Yt Master Tests-3] INFO  verifyingSideMenuCollapsedLangAsInSettingsLingua_20-08-09 - [verifyingSideMenuCollapsedLangAsInSettingsLingua_20-08-09] Element found and ready (attempt 1): By.xpath: //ytd-topbar-menu-button-renderer[@class='style-scope ytd-masthead style-default']
20:11:22 [TestNG-test-Yt Master Tests-3] INFO  verifyingSideMenuCollapsedLangAsInSettingsLingua_20-08-09 - [verifyingSideMenuCollapsedLangAsInSettingsLingua_20-08-09] Waiting until element is visible in viewport
20:11:23 [TestNG-test-Yt Master Tests-3] INFO  verifyingSideMenuCollapsedLangAsInSettingsLingua_20-08-09 - Clicking settings ellipses button...
20:11:23 [TestNG-test-Yt Master Tests-3] INFO  verifyingSideMenuCollapsedLangAsInSettingsLingua_20-08-09 - [verifyingSideMenuCollapsedLangAsInSettingsLingua_20-08-09] Trying to find element: By.xpath: //ytd-topbar-menu-button-renderer[@class='style-scope ytd-masthead style-default']
20:11:23 [TestNG-test-Yt Master Tests-3] INFO  verifyingSideMenuCollapsedLangAsInSettingsLingua_20-08-09 - [verifyingSideMenuCollapsedLangAsInSettingsLingua_20-08-09] Element found and ready (attempt 1): By.xpath: //ytd-topbar-menu-button-renderer[@class='style-scope ytd-masthead style-default']
20:11:24 [TestNG-test-Yt Master Tests-3] INFO  verifyingSideMenuCollapsedLangAsInSettingsLingua_20-08-09 - getLangAttribute() - locating <html> and reading lang property
20:11:24 [TestNG-test-Yt Master Tests-3] INFO  verifyingSideMenuCollapsedLangAsInSettingsLingua_20-08-09 - Language attribute read: vi-VN
20:11:24 [TestNG-test-Yt Master Tests-3] INFO  verifyingSideMenuCollapsedLangAsInSettingsLingua_20-08-09 - Fetching the side menu in collapsed view
20:11:24 [TestNG-test-Yt Master Tests-3] INFO  verifyingSideMenuCollapsedLangAsInSettingsLingua_20-08-09 - [verifyingSideMenuCollapsedLangAsInSettingsLingua_20-08-09] Finding elements list: By.xpath: //ytd-mini-guide-renderer[@class='style-scope ytd-app']//ytd-mini-guide-entry-renderer
20:11:24 [TestNG-test-Yt Master Tests-3] INFO  verifyingSideMenuCollapsedLangAsInSettingsLingua_20-08-09 - [verifyingSideMenuCollapsedLangAsInSettingsLingua_20-08-09] Found 4 ready elements (attempt 1): By.xpath: //ytd-mini-guide-renderer[@class='style-scope ytd-app']//ytd-mini-guide-entry-renderer
20:11:24 [TestNG-test-Yt Master Tests-3] INFO  verifyingSideMenuCollapsedLangAsInSettingsLingua_20-08-09 - 
========== LANGUAGE DETECTION ==========
Detected Language : VIETNAMESE
Input Text        : Trang chủ Shorts Kênh đăng ký Bạn
========================================
20:11:24 [TestNG-test-Yt Master Tests-3] INFO  verifyingSideMenuCollapsedLangAsInSettingsLingua_20-08-09 - text sent to lingua is       Trang chủ Shorts Kênh đăng ký Bạn
20:11:24 [TestNG-test-Yt Master Tests-3] INFO  verifyingSideMenuCollapsedLangAsInSettingsLingua_20-08-09 - getLangAttribute() - locating <html> and reading lang property
20:11:24 [TestNG-test-Yt Master Tests-3] INFO  verifyingSideMenuCollapsedLangAsInSettingsLingua_20-08-09 - Language attribute read: vi-VN
20:11:24 [TestNG-test-Yt Master Tests-3] INFO  verifyingSideMenuCollapsedLangAsInSettingsLingua_20-08-09 - Clicking settings ellipses button...
20:11:24 [TestNG-test-Yt Master Tests-3] INFO  verifyingSideMenuCollapsedLangAsInSettingsLingua_20-08-09 - [verifyingSideMenuCollapsedLangAsInSettingsLingua_20-08-09] Trying to find element: By.xpath: //ytd-topbar-menu-button-renderer[@class='style-scope ytd-masthead style-default']
20:11:24 [TestNG-test-Yt Master Tests-3] INFO  verifyingSideMenuCollapsedLangAsInSettingsLingua_20-08-09 - [verifyingSideMenuCollapsedLangAsInSettingsLingua_20-08-09] Element found and ready (attempt 1): By.xpath: //ytd-topbar-menu-button-renderer[@class='style-scope ytd-masthead style-default']
20:11:25 [TestNG-test-Yt Master Tests-3] INFO  verifyingSideMenuCollapsedLangAsInSettingsLingua_20-08-09 - Clicking language dropdown...
20:11:25 [TestNG-test-Yt Master Tests-3] INFO  verifyingSideMenuCollapsedLangAsInSettingsLingua_20-08-09 - [verifyingSideMenuCollapsedLangAsInSettingsLingua_20-08-09] Trying to find element: By.xpath: (//div[@id='content-icon'])[2]
20:11:25 [TestNG-test-Yt Master Tests-3] INFO  verifyingSideMenuCollapsedLangAsInSettingsLingua_20-08-09 - [verifyingSideMenuCollapsedLangAsInSettingsLingua_20-08-09] Element found and ready (attempt 1): By.xpath: (//div[@id='content-icon'])[2]
20:11:26 [TestNG-test-Yt Master Tests-3] INFO  verifyingSideMenuCollapsedLangAsInSettingsLingua_20-08-09 - Looking for language element with name: Türkçe
20:11:26 [TestNG-test-Yt Master Tests-3] INFO  verifyingSideMenuCollapsedLangAsInSettingsLingua_20-08-09 - [verifyingSideMenuCollapsedLangAsInSettingsLingua_20-08-09] Trying to find element: By.xpath: //yt-multi-page-menu-section-renderer[@class='style-scope ytd-multi-page-menu-renderer']//yt-formatted-string[@id='label' and text()='Türkçe']
20:11:26 [TestNG-test-Yt Master Tests-3] INFO  verifyingSideMenuCollapsedLangAsInSettingsLingua_20-08-09 - [verifyingSideMenuCollapsedLangAsInSettingsLingua_20-08-09] Element found and ready (attempt 1): By.xpath: //yt-multi-page-menu-section-renderer[@class='style-scope ytd-multi-page-menu-renderer']//yt-formatted-string[@id='label' and text()='Türkçe']
20:11:26 [TestNG-test-Yt Master Tests-3] INFO  verifyingSideMenuCollapsedLangAsInSettingsLingua_20-08-09 - [verifyingSideMenuCollapsedLangAsInSettingsLingua_20-08-09] Trying to find element: By.xpath: //yt-multi-page-menu-section-renderer[@class='style-scope ytd-multi-page-menu-renderer']//yt-formatted-string[@id='label' and text()='Türkçe']
20:11:26 [TestNG-test-Yt Master Tests-3] INFO  verifyingSideMenuCollapsedLangAsInSettingsLingua_20-08-09 - [verifyingSideMenuCollapsedLangAsInSettingsLingua_20-08-09] Element found and ready (attempt 1): By.xpath: //yt-multi-page-menu-section-renderer[@class='style-scope ytd-multi-page-menu-renderer']//yt-formatted-string[@id='label' and text()='Türkçe']
20:11:27 [TestNG-test-Yt Master Tests-3] INFO  verifyingSideMenuCollapsedLangAsInSettingsLingua_20-08-09 - Clicking settings ellipses button...
20:11:27 [TestNG-test-Yt Master Tests-3] INFO  verifyingSideMenuCollapsedLangAsInSettingsLingua_20-08-09 - [verifyingSideMenuCollapsedLangAsInSettingsLingua_20-08-09] Trying to find element: By.xpath: //ytd-topbar-menu-button-renderer[@class='style-scope ytd-masthead style-default']
20:11:27 [TestNG-test-Yt Master Tests-3] INFO  verifyingSideMenuCollapsedLangAsInSettingsLingua_20-08-09 - [verifyingSideMenuCollapsedLangAsInSettingsLingua_20-08-09] Element found and ready (attempt 1): By.xpath: //ytd-topbar-menu-button-renderer[@class='style-scope ytd-masthead style-default']
20:11:28 [TestNG-test-Yt Master Tests-3] INFO  verifyingSideMenuCollapsedLangAsInSettingsLingua_20-08-09 - [verifyingSideMenuCollapsedLangAsInSettingsLingua_20-08-09] Waiting until element is visible in viewport
20:11:28 [TestNG-test-Yt Master Tests-3] INFO  verifyingSideMenuCollapsedLangAsInSettingsLingua_20-08-09 - Clicking settings ellipses button...
20:11:28 [TestNG-test-Yt Master Tests-3] INFO  verifyingSideMenuCollapsedLangAsInSettingsLingua_20-08-09 - [verifyingSideMenuCollapsedLangAsInSettingsLingua_20-08-09] Trying to find element: By.xpath: //ytd-topbar-menu-button-renderer[@class='style-scope ytd-masthead style-default']
20:11:28 [TestNG-test-Yt Master Tests-3] INFO  verifyingSideMenuCollapsedLangAsInSettingsLingua_20-08-09 - [verifyingSideMenuCollapsedLangAsInSettingsLingua_20-08-09] Element found and ready (attempt 1): By.xpath: //ytd-topbar-menu-button-renderer[@class='style-scope ytd-masthead style-default']
20:11:29 [TestNG-test-Yt Master Tests-3] INFO  verifyingSideMenuCollapsedLangAsInSettingsLingua_20-08-09 - getLangAttribute() - locating <html> and reading lang property
20:11:29 [TestNG-test-Yt Master Tests-3] INFO  verifyingSideMenuCollapsedLangAsInSettingsLingua_20-08-09 - Language attribute read: tr-TR
20:11:29 [TestNG-test-Yt Master Tests-3] INFO  verifyingSideMenuCollapsedLangAsInSettingsLingua_20-08-09 - Fetching the side menu in collapsed view
20:11:29 [TestNG-test-Yt Master Tests-3] INFO  verifyingSideMenuCollapsedLangAsInSettingsLingua_20-08-09 - [verifyingSideMenuCollapsedLangAsInSettingsLingua_20-08-09] Finding elements list: By.xpath: //ytd-mini-guide-renderer[@class='style-scope ytd-app']//ytd-mini-guide-entry-renderer
20:11:29 [TestNG-test-Yt Master Tests-3] INFO  verifyingSideMenuCollapsedLangAsInSettingsLingua_20-08-09 - [verifyingSideMenuCollapsedLangAsInSettingsLingua_20-08-09] Found 4 ready elements (attempt 1): By.xpath: //ytd-mini-guide-renderer[@class='style-scope ytd-app']//ytd-mini-guide-entry-renderer
20:11:29 [TestNG-test-Yt Master Tests-3] INFO  verifyingSideMenuCollapsedLangAsInSettingsLingua_20-08-09 - 
========== LANGUAGE DETECTION ==========
Detected Language : TURKISH
Input Text        : Ana Sayfa Shorts Abonelikler Siz
========================================
20:11:29 [TestNG-test-Yt Master Tests-3] INFO  verifyingSideMenuCollapsedLangAsInSettingsLingua_20-08-09 - text sent to lingua is       Ana Sayfa Shorts Abonelikler Siz
20:11:29 [TestNG-test-Yt Master Tests-3] INFO  verifyingSideMenuCollapsedLangAsInSettingsLingua_20-08-09 - getLangAttribute() - locating <html> and reading lang property
20:11:29 [TestNG-test-Yt Master Tests-3] INFO  verifyingSideMenuCollapsedLangAsInSettingsLingua_20-08-09 - Language attribute read: tr-TR
20:11:29 [TestNG-test-Yt Master Tests-3] INFO  verifyingSideMenuCollapsedLangAsInSettingsLingua_20-08-09 - Clicking settings ellipses button...
20:11:29 [TestNG-test-Yt Master Tests-3] INFO  verifyingSideMenuCollapsedLangAsInSettingsLingua_20-08-09 - [verifyingSideMenuCollapsedLangAsInSettingsLingua_20-08-09] Trying to find element: By.xpath: //ytd-topbar-menu-button-renderer[@class='style-scope ytd-masthead style-default']
20:11:29 [TestNG-test-Yt Master Tests-3] INFO  verifyingSideMenuCollapsedLangAsInSettingsLingua_20-08-09 - [verifyingSideMenuCollapsedLangAsInSettingsLingua_20-08-09] Element found and ready (attempt 1): By.xpath: //ytd-topbar-menu-button-renderer[@class='style-scope ytd-masthead style-default']
20:11:29 [TestNG-test-Yt Master Tests-3] INFO  verifyingSideMenuCollapsedLangAsInSettingsLingua_20-08-09 - Clicking language dropdown...
20:11:29 [TestNG-test-Yt Master Tests-3] INFO  verifyingSideMenuCollapsedLangAsInSettingsLingua_20-08-09 - [verifyingSideMenuCollapsedLangAsInSettingsLingua_20-08-09] Trying to find element: By.xpath: (//div[@id='content-icon'])[2]
20:11:30 [TestNG-test-Yt Master Tests-3] INFO  verifyingSideMenuCollapsedLangAsInSettingsLingua_20-08-09 - [verifyingSideMenuCollapsedLangAsInSettingsLingua_20-08-09] Element found and ready (attempt 1): By.xpath: (//div[@id='content-icon'])[2]
20:11:31 [TestNG-test-Yt Master Tests-3] INFO  verifyingSideMenuCollapsedLangAsInSettingsLingua_20-08-09 - Looking for language element with name: Беларуская
20:11:31 [TestNG-test-Yt Master Tests-3] INFO  verifyingSideMenuCollapsedLangAsInSettingsLingua_20-08-09 - [verifyingSideMenuCollapsedLangAsInSettingsLingua_20-08-09] Trying to find element: By.xpath: //yt-multi-page-menu-section-renderer[@class='style-scope ytd-multi-page-menu-renderer']//yt-formatted-string[@id='label' and text()='Беларуская']
20:11:31 [TestNG-test-Yt Master Tests-3] INFO  verifyingSideMenuCollapsedLangAsInSettingsLingua_20-08-09 - [verifyingSideMenuCollapsedLangAsInSettingsLingua_20-08-09] Element found and ready (attempt 1): By.xpath: //yt-multi-page-menu-section-renderer[@class='style-scope ytd-multi-page-menu-renderer']//yt-formatted-string[@id='label' and text()='Беларуская']
20:11:31 [TestNG-test-Yt Master Tests-3] INFO  verifyingSideMenuCollapsedLangAsInSettingsLingua_20-08-09 - [verifyingSideMenuCollapsedLangAsInSettingsLingua_20-08-09] Trying to find element: By.xpath: //yt-multi-page-menu-section-renderer[@class='style-scope ytd-multi-page-menu-renderer']//yt-formatted-string[@id='label' and text()='Беларуская']
20:11:31 [TestNG-test-Yt Master Tests-3] INFO  verifyingSideMenuCollapsedLangAsInSettingsLingua_20-08-09 - [verifyingSideMenuCollapsedLangAsInSettingsLingua_20-08-09] Element found and ready (attempt 1): By.xpath: //yt-multi-page-menu-section-renderer[@class='style-scope ytd-multi-page-menu-renderer']//yt-formatted-string[@id='label' and text()='Беларуская']
20:11:32 [TestNG-test-Yt Master Tests-3] INFO  verifyingSideMenuCollapsedLangAsInSettingsLingua_20-08-09 - Clicking settings ellipses button...
20:11:32 [TestNG-test-Yt Master Tests-3] INFO  verifyingSideMenuCollapsedLangAsInSettingsLingua_20-08-09 - [verifyingSideMenuCollapsedLangAsInSettingsLingua_20-08-09] Trying to find element: By.xpath: //ytd-topbar-menu-button-renderer[@class='style-scope ytd-masthead style-default']
20:11:33 [TestNG-test-Yt Master Tests-3] INFO  verifyingSideMenuCollapsedLangAsInSettingsLingua_20-08-09 - [verifyingSideMenuCollapsedLangAsInSettingsLingua_20-08-09] Element found and ready (attempt 1): By.xpath: //ytd-topbar-menu-button-renderer[@class='style-scope ytd-masthead style-default']
20:11:34 [TestNG-test-Yt Master Tests-3] INFO  verifyingSideMenuCollapsedLangAsInSettingsLingua_20-08-09 - [verifyingSideMenuCollapsedLangAsInSettingsLingua_20-08-09] Waiting until element is visible in viewport
20:11:34 [TestNG-test-Yt Master Tests-3] INFO  verifyingSideMenuCollapsedLangAsInSettingsLingua_20-08-09 - Clicking settings ellipses button...
20:11:34 [TestNG-test-Yt Master Tests-3] INFO  verifyingSideMenuCollapsedLangAsInSettingsLingua_20-08-09 - [verifyingSideMenuCollapsedLangAsInSettingsLingua_20-08-09] Trying to find element: By.xpath: //ytd-topbar-menu-button-renderer[@class='style-scope ytd-masthead style-default']
20:11:34 [TestNG-test-Yt Master Tests-3] INFO  verifyingSideMenuCollapsedLangAsInSettingsLingua_20-08-09 - [verifyingSideMenuCollapsedLangAsInSettingsLingua_20-08-09] Element found and ready (attempt 1): By.xpath: //ytd-topbar-menu-button-renderer[@class='style-scope ytd-masthead style-default']
20:11:34 [TestNG-test-Yt Master Tests-3] INFO  verifyingSideMenuCollapsedLangAsInSettingsLingua_20-08-09 - getLangAttribute() - locating <html> and reading lang property
20:11:34 [TestNG-test-Yt Master Tests-3] INFO  verifyingSideMenuCollapsedLangAsInSettingsLingua_20-08-09 - Language attribute read: be-BY
20:11:34 [TestNG-test-Yt Master Tests-3] INFO  verifyingSideMenuCollapsedLangAsInSettingsLingua_20-08-09 - Fetching the side menu in collapsed view
20:11:34 [TestNG-test-Yt Master Tests-3] INFO  verifyingSideMenuCollapsedLangAsInSettingsLingua_20-08-09 - [verifyingSideMenuCollapsedLangAsInSettingsLingua_20-08-09] Finding elements list: By.xpath: //ytd-mini-guide-renderer[@class='style-scope ytd-app']//ytd-mini-guide-entry-renderer
20:11:34 [TestNG-test-Yt Master Tests-3] INFO  verifyingSideMenuCollapsedLangAsInSettingsLingua_20-08-09 - [verifyingSideMenuCollapsedLangAsInSettingsLingua_20-08-09] Found 4 ready elements (attempt 1): By.xpath: //ytd-mini-guide-renderer[@class='style-scope ytd-app']//ytd-mini-guide-entry-renderer
20:11:35 [TestNG-test-Yt Master Tests-3] INFO  verifyingSideMenuCollapsedLangAsInSettingsLingua_20-08-09 - 
========== LANGUAGE DETECTION ==========
Detected Language : BELARUSIAN
Input Text        : Галоўная старонка Shorts Падпіскі Вы
========================================
20:11:35 [TestNG-test-Yt Master Tests-3] INFO  verifyingSideMenuCollapsedLangAsInSettingsLingua_20-08-09 - text sent to lingua is       Галоўная старонка Shorts Падпіскі Вы
20:11:35 [TestNG-test-Yt Master Tests-3] INFO  verifyingSideMenuCollapsedLangAsInSettingsLingua_20-08-09 - getLangAttribute() - locating <html> and reading lang property
20:11:35 [TestNG-test-Yt Master Tests-3] INFO  verifyingSideMenuCollapsedLangAsInSettingsLingua_20-08-09 - Language attribute read: be-BY
20:11:35 [TestNG-test-Yt Master Tests-3] INFO  verifyingSideMenuCollapsedLangAsInSettingsLingua_20-08-09 - Clicking settings ellipses button...
20:11:35 [TestNG-test-Yt Master Tests-3] INFO  verifyingSideMenuCollapsedLangAsInSettingsLingua_20-08-09 - [verifyingSideMenuCollapsedLangAsInSettingsLingua_20-08-09] Trying to find element: By.xpath: //ytd-topbar-menu-button-renderer[@class='style-scope ytd-masthead style-default']
20:11:36 [TestNG-test-Yt Master Tests-3] INFO  verifyingSideMenuCollapsedLangAsInSettingsLingua_20-08-09 - [verifyingSideMenuCollapsedLangAsInSettingsLingua_20-08-09] Element found and ready (attempt 1): By.xpath: //ytd-topbar-menu-button-renderer[@class='style-scope ytd-masthead style-default']
20:11:36 [TestNG-test-Yt Master Tests-3] INFO  verifyingSideMenuCollapsedLangAsInSettingsLingua_20-08-09 - Clicking language dropdown...
20:11:36 [TestNG-test-Yt Master Tests-3] INFO  verifyingSideMenuCollapsedLangAsInSettingsLingua_20-08-09 - [verifyingSideMenuCollapsedLangAsInSettingsLingua_20-08-09] Trying to find element: By.xpath: (//div[@id='content-icon'])[2]
20:11:37 [TestNG-test-Yt Master Tests-3] INFO  verifyingSideMenuCollapsedLangAsInSettingsLingua_20-08-09 - [verifyingSideMenuCollapsedLangAsInSettingsLingua_20-08-09] Element found and ready (attempt 1): By.xpath: (//div[@id='content-icon'])[2]
20:11:38 [TestNG-test-Yt Master Tests-3] INFO  verifyingSideMenuCollapsedLangAsInSettingsLingua_20-08-09 - Looking for language element with name: Български
20:11:38 [TestNG-test-Yt Master Tests-3] INFO  verifyingSideMenuCollapsedLangAsInSettingsLingua_20-08-09 - [verifyingSideMenuCollapsedLangAsInSettingsLingua_20-08-09] Trying to find element: By.xpath: //yt-multi-page-menu-section-renderer[@class='style-scope ytd-multi-page-menu-renderer']//yt-formatted-string[@id='label' and text()='Български']
20:11:38 [TestNG-test-Yt Master Tests-3] INFO  verifyingSideMenuCollapsedLangAsInSettingsLingua_20-08-09 - [verifyingSideMenuCollapsedLangAsInSettingsLingua_20-08-09] Element found and ready (attempt 1): By.xpath: //yt-multi-page-menu-section-renderer[@class='style-scope ytd-multi-page-menu-renderer']//yt-formatted-string[@id='label' and text()='Български']
20:11:38 [TestNG-test-Yt Master Tests-3] INFO  verifyingSideMenuCollapsedLangAsInSettingsLingua_20-08-09 - [verifyingSideMenuCollapsedLangAsInSettingsLingua_20-08-09] Trying to find element: By.xpath: //yt-multi-page-menu-section-renderer[@class='style-scope ytd-multi-page-menu-renderer']//yt-formatted-string[@id='label' and text()='Български']
20:11:38 [TestNG-test-Yt Master Tests-3] INFO  verifyingSideMenuCollapsedLangAsInSettingsLingua_20-08-09 - [verifyingSideMenuCollapsedLangAsInSettingsLingua_20-08-09] Element found and ready (attempt 1): By.xpath: //yt-multi-page-menu-section-renderer[@class='style-scope ytd-multi-page-menu-renderer']//yt-formatted-string[@id='label' and text()='Български']
20:11:40 [TestNG-test-Yt Master Tests-3] INFO  verifyingSideMenuCollapsedLangAsInSettingsLingua_20-08-09 - Clicking settings ellipses button...
20:11:40 [TestNG-test-Yt Master Tests-3] INFO  verifyingSideMenuCollapsedLangAsInSettingsLingua_20-08-09 - [verifyingSideMenuCollapsedLangAsInSettingsLingua_20-08-09] Trying to find element: By.xpath: //ytd-topbar-menu-button-renderer[@class='style-scope ytd-masthead style-default']
20:11:40 [TestNG-test-Yt Master Tests-3] INFO  verifyingSideMenuCollapsedLangAsInSettingsLingua_20-08-09 - [verifyingSideMenuCollapsedLangAsInSettingsLingua_20-08-09] Element found and ready (attempt 1): By.xpath: //ytd-topbar-menu-button-renderer[@class='style-scope ytd-masthead style-default']
20:11:41 [TestNG-test-Yt Master Tests-3] INFO  verifyingSideMenuCollapsedLangAsInSettingsLingua_20-08-09 - [verifyingSideMenuCollapsedLangAsInSettingsLingua_20-08-09] Waiting until element is visible in viewport
20:11:41 [TestNG-test-Yt Master Tests-3] INFO  verifyingSideMenuCollapsedLangAsInSettingsLingua_20-08-09 - Clicking settings ellipses button...
20:11:41 [TestNG-test-Yt Master Tests-3] INFO  verifyingSideMenuCollapsedLangAsInSettingsLingua_20-08-09 - [verifyingSideMenuCollapsedLangAsInSettingsLingua_20-08-09] Trying to find element: By.xpath: //ytd-topbar-menu-button-renderer[@class='style-scope ytd-masthead style-default']
20:11:42 [TestNG-test-Yt Master Tests-3] INFO  verifyingSideMenuCollapsedLangAsInSettingsLingua_20-08-09 - [verifyingSideMenuCollapsedLangAsInSettingsLingua_20-08-09] Element found and ready (attempt 1): By.xpath: //ytd-topbar-menu-button-renderer[@class='style-scope ytd-masthead style-default']
20:11:42 [TestNG-test-Yt Master Tests-3] INFO  verifyingSideMenuCollapsedLangAsInSettingsLingua_20-08-09 - getLangAttribute() - locating <html> and reading lang property
20:11:42 [TestNG-test-Yt Master Tests-3] INFO  verifyingSideMenuCollapsedLangAsInSettingsLingua_20-08-09 - Language attribute read: bg-BG
20:11:42 [TestNG-test-Yt Master Tests-3] INFO  verifyingSideMenuCollapsedLangAsInSettingsLingua_20-08-09 - Fetching the side menu in collapsed view
20:11:42 [TestNG-test-Yt Master Tests-3] INFO  verifyingSideMenuCollapsedLangAsInSettingsLingua_20-08-09 - [verifyingSideMenuCollapsedLangAsInSettingsLingua_20-08-09] Finding elements list: By.xpath: //ytd-mini-guide-renderer[@class='style-scope ytd-app']//ytd-mini-guide-entry-renderer
20:11:42 [TestNG-test-Yt Master Tests-3] INFO  verifyingSideMenuCollapsedLangAsInSettingsLingua_20-08-09 - [verifyingSideMenuCollapsedLangAsInSettingsLingua_20-08-09] Found 4 ready elements (attempt 1): By.xpath: //ytd-mini-guide-renderer[@class='style-scope ytd-app']//ytd-mini-guide-entry-renderer
20:11:42 [TestNG-test-Yt Master Tests-3] INFO  verifyingSideMenuCollapsedLangAsInSettingsLingua_20-08-09 - 
========== LANGUAGE DETECTION ==========
Detected Language : BULGARIAN
Input Text        : Начало Shorts Абонаменти Вие
========================================
20:11:42 [TestNG-test-Yt Master Tests-3] INFO  verifyingSideMenuCollapsedLangAsInSettingsLingua_20-08-09 - text sent to lingua is       Начало Shorts Абонаменти Вие
20:11:42 [TestNG-test-Yt Master Tests-3] INFO  verifyingSideMenuCollapsedLangAsInSettingsLingua_20-08-09 - getLangAttribute() - locating <html> and reading lang property
20:11:42 [TestNG-test-Yt Master Tests-3] INFO  verifyingSideMenuCollapsedLangAsInSettingsLingua_20-08-09 - Language attribute read: bg-BG
20:11:42 [TestNG-test-Yt Master Tests-3] INFO  verifyingSideMenuCollapsedLangAsInSettingsLingua_20-08-09 - Clicking settings ellipses button...
20:11:42 [TestNG-test-Yt Master Tests-3] INFO  verifyingSideMenuCollapsedLangAsInSettingsLingua_20-08-09 - [verifyingSideMenuCollapsedLangAsInSettingsLingua_20-08-09] Trying to find element: By.xpath: //ytd-topbar-menu-button-renderer[@class='style-scope ytd-masthead style-default']
20:11:42 [TestNG-test-Yt Master Tests-3] INFO  verifyingSideMenuCollapsedLangAsInSettingsLingua_20-08-09 - [verifyingSideMenuCollapsedLangAsInSettingsLingua_20-08-09] Element found and ready (attempt 1): By.xpath: //ytd-topbar-menu-button-renderer[@class='style-scope ytd-masthead style-default']
20:11:42 [TestNG-test-Yt Master Tests-3] INFO  verifyingSideMenuCollapsedLangAsInSettingsLingua_20-08-09 - Clicking language dropdown...
20:11:42 [TestNG-test-Yt Master Tests-3] INFO  verifyingSideMenuCollapsedLangAsInSettingsLingua_20-08-09 - [verifyingSideMenuCollapsedLangAsInSettingsLingua_20-08-09] Trying to find element: By.xpath: (//div[@id='content-icon'])[2]
20:11:43 [TestNG-test-Yt Master Tests-3] INFO  verifyingSideMenuCollapsedLangAsInSettingsLingua_20-08-09 - [verifyingSideMenuCollapsedLangAsInSettingsLingua_20-08-09] Element found and ready (attempt 1): By.xpath: (//div[@id='content-icon'])[2]
20:11:43 [TestNG-test-Yt Master Tests-3] INFO  verifyingSideMenuCollapsedLangAsInSettingsLingua_20-08-09 - Looking for language element with name: Русский
20:11:43 [TestNG-test-Yt Master Tests-3] INFO  verifyingSideMenuCollapsedLangAsInSettingsLingua_20-08-09 - [verifyingSideMenuCollapsedLangAsInSettingsLingua_20-08-09] Trying to find element: By.xpath: //yt-multi-page-menu-section-renderer[@class='style-scope ytd-multi-page-menu-renderer']//yt-formatted-string[@id='label' and text()='Русский']
20:11:43 [TestNG-test-Yt Master Tests-3] INFO  verifyingSideMenuCollapsedLangAsInSettingsLingua_20-08-09 - [verifyingSideMenuCollapsedLangAsInSettingsLingua_20-08-09] Element found and ready (attempt 1): By.xpath: //yt-multi-page-menu-section-renderer[@class='style-scope ytd-multi-page-menu-renderer']//yt-formatted-string[@id='label' and text()='Русский']
20:11:43 [TestNG-test-Yt Master Tests-3] INFO  verifyingSideMenuCollapsedLangAsInSettingsLingua_20-08-09 - [verifyingSideMenuCollapsedLangAsInSettingsLingua_20-08-09] Trying to find element: By.xpath: //yt-multi-page-menu-section-renderer[@class='style-scope ytd-multi-page-menu-renderer']//yt-formatted-string[@id='label' and text()='Русский']
20:11:44 [TestNG-test-Yt Master Tests-3] INFO  verifyingSideMenuCollapsedLangAsInSettingsLingua_20-08-09 - [verifyingSideMenuCollapsedLangAsInSettingsLingua_20-08-09] Element found and ready (attempt 1): By.xpath: //yt-multi-page-menu-section-renderer[@class='style-scope ytd-multi-page-menu-renderer']//yt-formatted-string[@id='label' and text()='Русский']
20:11:45 [TestNG-test-Yt Master Tests-3] INFO  verifyingSideMenuCollapsedLangAsInSettingsLingua_20-08-09 - Clicking settings ellipses button...
20:11:45 [TestNG-test-Yt Master Tests-3] INFO  verifyingSideMenuCollapsedLangAsInSettingsLingua_20-08-09 - [verifyingSideMenuCollapsedLangAsInSettingsLingua_20-08-09] Trying to find element: By.xpath: //ytd-topbar-menu-button-renderer[@class='style-scope ytd-masthead style-default']
20:11:46 [TestNG-test-Yt Master Tests-3] INFO  verifyingSideMenuCollapsedLangAsInSettingsLingua_20-08-09 - [verifyingSideMenuCollapsedLangAsInSettingsLingua_20-08-09] Element found and ready (attempt 1): By.xpath: //ytd-topbar-menu-button-renderer[@class='style-scope ytd-masthead style-default']
20:11:47 [TestNG-test-Yt Master Tests-3] INFO  verifyingSideMenuCollapsedLangAsInSettingsLingua_20-08-09 - [verifyingSideMenuCollapsedLangAsInSettingsLingua_20-08-09] Waiting until element is visible in viewport
20:11:47 [TestNG-test-Yt Master Tests-3] INFO  verifyingSideMenuCollapsedLangAsInSettingsLingua_20-08-09 - Clicking settings ellipses button...
20:11:47 [TestNG-test-Yt Master Tests-3] INFO  verifyingSideMenuCollapsedLangAsInSettingsLingua_20-08-09 - [verifyingSideMenuCollapsedLangAsInSettingsLingua_20-08-09] Trying to find element: By.xpath: //ytd-topbar-menu-button-renderer[@class='style-scope ytd-masthead style-default']
20:11:47 [TestNG-test-Yt Master Tests-3] INFO  verifyingSideMenuCollapsedLangAsInSettingsLingua_20-08-09 - [verifyingSideMenuCollapsedLangAsInSettingsLingua_20-08-09] Element found and ready (attempt 1): By.xpath: //ytd-topbar-menu-button-renderer[@class='style-scope ytd-masthead style-default']
20:11:47 [TestNG-test-Yt Master Tests-3] INFO  verifyingSideMenuCollapsedLangAsInSettingsLingua_20-08-09 - getLangAttribute() - locating <html> and reading lang property
20:11:48 [TestNG-test-Yt Master Tests-3] INFO  verifyingSideMenuCollapsedLangAsInSettingsLingua_20-08-09 - Language attribute read: ru-RU
20:11:48 [TestNG-test-Yt Master Tests-3] INFO  verifyingSideMenuCollapsedLangAsInSettingsLingua_20-08-09 - Fetching the side menu in collapsed view
20:11:48 [TestNG-test-Yt Master Tests-3] INFO  verifyingSideMenuCollapsedLangAsInSettingsLingua_20-08-09 - [verifyingSideMenuCollapsedLangAsInSettingsLingua_20-08-09] Finding elements list: By.xpath: //ytd-mini-guide-renderer[@class='style-scope ytd-app']//ytd-mini-guide-entry-renderer
20:11:48 [TestNG-test-Yt Master Tests-3] INFO  verifyingSideMenuCollapsedLangAsInSettingsLingua_20-08-09 - [verifyingSideMenuCollapsedLangAsInSettingsLingua_20-08-09] Found 4 ready elements (attempt 1): By.xpath: //ytd-mini-guide-renderer[@class='style-scope ytd-app']//ytd-mini-guide-entry-renderer
20:11:48 [TestNG-test-Yt Master Tests-3] INFO  verifyingSideMenuCollapsedLangAsInSettingsLingua_20-08-09 - 
========== LANGUAGE DETECTION ==========
Detected Language : RUSSIAN
Input Text        : Главная Shorts Подписки Вы
========================================
20:11:48 [TestNG-test-Yt Master Tests-3] INFO  verifyingSideMenuCollapsedLangAsInSettingsLingua_20-08-09 - text sent to lingua is       Главная Shorts Подписки Вы
20:11:48 [TestNG-test-Yt Master Tests-3] INFO  verifyingSideMenuCollapsedLangAsInSettingsLingua_20-08-09 - getLangAttribute() - locating <html> and reading lang property
20:11:48 [TestNG-test-Yt Master Tests-3] INFO  verifyingSideMenuCollapsedLangAsInSettingsLingua_20-08-09 - Language attribute read: ru-RU
20:11:48 [TestNG-test-Yt Master Tests-3] INFO  verifyingSideMenuCollapsedLangAsInSettingsLingua_20-08-09 - Clicking settings ellipses button...
20:11:48 [TestNG-test-Yt Master Tests-3] INFO  verifyingSideMenuCollapsedLangAsInSettingsLingua_20-08-09 - [verifyingSideMenuCollapsedLangAsInSettingsLingua_20-08-09] Trying to find element: By.xpath: //ytd-topbar-menu-button-renderer[@class='style-scope ytd-masthead style-default']
20:11:48 [TestNG-test-Yt Master Tests-3] INFO  verifyingSideMenuCollapsedLangAsInSettingsLingua_20-08-09 - [verifyingSideMenuCollapsedLangAsInSettingsLingua_20-08-09] Element found and ready (attempt 1): By.xpath: //ytd-topbar-menu-button-renderer[@class='style-scope ytd-masthead style-default']
20:11:48 [TestNG-test-Yt Master Tests-3] INFO  verifyingSideMenuCollapsedLangAsInSettingsLingua_20-08-09 - Clicking language dropdown...
20:11:48 [TestNG-test-Yt Master Tests-3] INFO  verifyingSideMenuCollapsedLangAsInSettingsLingua_20-08-09 - [verifyingSideMenuCollapsedLangAsInSettingsLingua_20-08-09] Trying to find element: By.xpath: (//div[@id='content-icon'])[2]
20:11:49 [TestNG-test-Yt Master Tests-3] INFO  verifyingSideMenuCollapsedLangAsInSettingsLingua_20-08-09 - [verifyingSideMenuCollapsedLangAsInSettingsLingua_20-08-09] Element found and ready (attempt 1): By.xpath: (//div[@id='content-icon'])[2]
20:11:50 [TestNG-test-Yt Master Tests-3] INFO  verifyingSideMenuCollapsedLangAsInSettingsLingua_20-08-09 - Looking for language element with name: Українська
20:11:50 [TestNG-test-Yt Master Tests-3] INFO  verifyingSideMenuCollapsedLangAsInSettingsLingua_20-08-09 - [verifyingSideMenuCollapsedLangAsInSettingsLingua_20-08-09] Trying to find element: By.xpath: //yt-multi-page-menu-section-renderer[@class='style-scope ytd-multi-page-menu-renderer']//yt-formatted-string[@id='label' and text()='Українська']
20:11:50 [TestNG-test-Yt Master Tests-3] INFO  verifyingSideMenuCollapsedLangAsInSettingsLingua_20-08-09 - [verifyingSideMenuCollapsedLangAsInSettingsLingua_20-08-09] Element found and ready (attempt 1): By.xpath: //yt-multi-page-menu-section-renderer[@class='style-scope ytd-multi-page-menu-renderer']//yt-formatted-string[@id='label' and text()='Українська']
20:11:50 [TestNG-test-Yt Master Tests-3] INFO  verifyingSideMenuCollapsedLangAsInSettingsLingua_20-08-09 - [verifyingSideMenuCollapsedLangAsInSettingsLingua_20-08-09] Trying to find element: By.xpath: //yt-multi-page-menu-section-renderer[@class='style-scope ytd-multi-page-menu-renderer']//yt-formatted-string[@id='label' and text()='Українська']
20:11:50 [TestNG-test-Yt Master Tests-3] INFO  verifyingSideMenuCollapsedLangAsInSettingsLingua_20-08-09 - [verifyingSideMenuCollapsedLangAsInSettingsLingua_20-08-09] Element found and ready (attempt 1): By.xpath: //yt-multi-page-menu-section-renderer[@class='style-scope ytd-multi-page-menu-renderer']//yt-formatted-string[@id='label' and text()='Українська']
20:11:51 [TestNG-test-Yt Master Tests-3] INFO  verifyingSideMenuCollapsedLangAsInSettingsLingua_20-08-09 - Clicking settings ellipses button...
20:11:51 [TestNG-test-Yt Master Tests-3] INFO  verifyingSideMenuCollapsedLangAsInSettingsLingua_20-08-09 - [verifyingSideMenuCollapsedLangAsInSettingsLingua_20-08-09] Trying to find element: By.xpath: //ytd-topbar-menu-button-renderer[@class='style-scope ytd-masthead style-default']
20:11:51 [TestNG-test-Yt Master Tests-3] INFO  verifyingSideMenuCollapsedLangAsInSettingsLingua_20-08-09 - [verifyingSideMenuCollapsedLangAsInSettingsLingua_20-08-09] Element found and ready (attempt 1): By.xpath: //ytd-topbar-menu-button-renderer[@class='style-scope ytd-masthead style-default']
20:11:52 [TestNG-test-Yt Master Tests-3] INFO  verifyingSideMenuCollapsedLangAsInSettingsLingua_20-08-09 - [verifyingSideMenuCollapsedLangAsInSettingsLingua_20-08-09] Waiting until element is visible in viewport
20:11:52 [TestNG-test-Yt Master Tests-3] INFO  verifyingSideMenuCollapsedLangAsInSettingsLingua_20-08-09 - Clicking settings ellipses button...
20:11:53 [TestNG-test-Yt Master Tests-3] INFO  verifyingSideMenuCollapsedLangAsInSettingsLingua_20-08-09 - [verifyingSideMenuCollapsedLangAsInSettingsLingua_20-08-09] Trying to find element: By.xpath: //ytd-topbar-menu-button-renderer[@class='style-scope ytd-masthead style-default']
20:11:53 [TestNG-test-Yt Master Tests-3] INFO  verifyingSideMenuCollapsedLangAsInSettingsLingua_20-08-09 - [verifyingSideMenuCollapsedLangAsInSettingsLingua_20-08-09] Element found and ready (attempt 1): By.xpath: //ytd-topbar-menu-button-renderer[@class='style-scope ytd-masthead style-default']
20:11:53 [TestNG-test-Yt Master Tests-3] INFO  verifyingSideMenuCollapsedLangAsInSettingsLingua_20-08-09 - getLangAttribute() - locating <html> and reading lang property
20:11:53 [TestNG-test-Yt Master Tests-3] INFO  verifyingSideMenuCollapsedLangAsInSettingsLingua_20-08-09 - Language attribute read: uk-UA
20:11:53 [TestNG-test-Yt Master Tests-3] INFO  verifyingSideMenuCollapsedLangAsInSettingsLingua_20-08-09 - Fetching the side menu in collapsed view
20:11:53 [TestNG-test-Yt Master Tests-3] INFO  verifyingSideMenuCollapsedLangAsInSettingsLingua_20-08-09 - [verifyingSideMenuCollapsedLangAsInSettingsLingua_20-08-09] Finding elements list: By.xpath: //ytd-mini-guide-renderer[@class='style-scope ytd-app']//ytd-mini-guide-entry-renderer
20:11:53 [TestNG-test-Yt Master Tests-3] INFO  verifyingSideMenuCollapsedLangAsInSettingsLingua_20-08-09 - [verifyingSideMenuCollapsedLangAsInSettingsLingua_20-08-09] Found 4 ready elements (attempt 1): By.xpath: //ytd-mini-guide-renderer[@class='style-scope ytd-app']//ytd-mini-guide-entry-renderer
20:11:53 [TestNG-test-Yt Master Tests-3] INFO  verifyingSideMenuCollapsedLangAsInSettingsLingua_20-08-09 - 
========== LANGUAGE DETECTION ==========
Detected Language : UKRAINIAN
Input Text        : Головна YouTube Shorts Підписки Ви
========================================
20:11:53 [TestNG-test-Yt Master Tests-3] INFO  verifyingSideMenuCollapsedLangAsInSettingsLingua_20-08-09 - text sent to lingua is       Головна YouTube Shorts Підписки Ви
20:11:53 [TestNG-test-Yt Master Tests-3] INFO  verifyingSideMenuCollapsedLangAsInSettingsLingua_20-08-09 - getLangAttribute() - locating <html> and reading lang property
20:11:53 [TestNG-test-Yt Master Tests-3] INFO  verifyingSideMenuCollapsedLangAsInSettingsLingua_20-08-09 - Language attribute read: uk-UA
20:11:53 [TestNG-test-Yt Master Tests-3] INFO  verifyingSideMenuCollapsedLangAsInSettingsLingua_20-08-09 - Clicking settings ellipses button...
20:11:53 [TestNG-test-Yt Master Tests-3] INFO  verifyingSideMenuCollapsedLangAsInSettingsLingua_20-08-09 - [verifyingSideMenuCollapsedLangAsInSettingsLingua_20-08-09] Trying to find element: By.xpath: //ytd-topbar-menu-button-renderer[@class='style-scope ytd-masthead style-default']
20:11:53 [TestNG-test-Yt Master Tests-3] INFO  verifyingSideMenuCollapsedLangAsInSettingsLingua_20-08-09 - [verifyingSideMenuCollapsedLangAsInSettingsLingua_20-08-09] Element found and ready (attempt 1): By.xpath: //ytd-topbar-menu-button-renderer[@class='style-scope ytd-masthead style-default']
20:11:54 [TestNG-test-Yt Master Tests-3] INFO  verifyingSideMenuCollapsedLangAsInSettingsLingua_20-08-09 - Clicking language dropdown...
20:11:54 [TestNG-test-Yt Master Tests-3] INFO  verifyingSideMenuCollapsedLangAsInSettingsLingua_20-08-09 - [verifyingSideMenuCollapsedLangAsInSettingsLingua_20-08-09] Trying to find element: By.xpath: (//div[@id='content-icon'])[2]
20:11:54 [TestNG-test-Yt Master Tests-3] INFO  verifyingSideMenuCollapsedLangAsInSettingsLingua_20-08-09 - [verifyingSideMenuCollapsedLangAsInSettingsLingua_20-08-09] Element found and ready (attempt 1): By.xpath: (//div[@id='content-icon'])[2]
20:11:55 [TestNG-test-Yt Master Tests-3] INFO  verifyingSideMenuCollapsedLangAsInSettingsLingua_20-08-09 - Looking for language element with name: Ελληνικά
20:11:55 [TestNG-test-Yt Master Tests-3] INFO  verifyingSideMenuCollapsedLangAsInSettingsLingua_20-08-09 - [verifyingSideMenuCollapsedLangAsInSettingsLingua_20-08-09] Trying to find element: By.xpath: //yt-multi-page-menu-section-renderer[@class='style-scope ytd-multi-page-menu-renderer']//yt-formatted-string[@id='label' and text()='Ελληνικά']
20:11:55 [TestNG-test-Yt Master Tests-3] INFO  verifyingSideMenuCollapsedLangAsInSettingsLingua_20-08-09 - [verifyingSideMenuCollapsedLangAsInSettingsLingua_20-08-09] Element found and ready (attempt 1): By.xpath: //yt-multi-page-menu-section-renderer[@class='style-scope ytd-multi-page-menu-renderer']//yt-formatted-string[@id='label' and text()='Ελληνικά']
20:11:55 [TestNG-test-Yt Master Tests-3] INFO  verifyingSideMenuCollapsedLangAsInSettingsLingua_20-08-09 - [verifyingSideMenuCollapsedLangAsInSettingsLingua_20-08-09] Trying to find element: By.xpath: //yt-multi-page-menu-section-renderer[@class='style-scope ytd-multi-page-menu-renderer']//yt-formatted-string[@id='label' and text()='Ελληνικά']
20:11:55 [TestNG-test-Yt Master Tests-3] INFO  verifyingSideMenuCollapsedLangAsInSettingsLingua_20-08-09 - [verifyingSideMenuCollapsedLangAsInSettingsLingua_20-08-09] Element found and ready (attempt 1): By.xpath: //yt-multi-page-menu-section-renderer[@class='style-scope ytd-multi-page-menu-renderer']//yt-formatted-string[@id='label' and text()='Ελληνικά']
20:11:56 [TestNG-test-Yt Master Tests-3] INFO  verifyingSideMenuCollapsedLangAsInSettingsLingua_20-08-09 - Clicking settings ellipses button...
20:11:57 [TestNG-test-Yt Master Tests-3] INFO  verifyingSideMenuCollapsedLangAsInSettingsLingua_20-08-09 - [verifyingSideMenuCollapsedLangAsInSettingsLingua_20-08-09] Trying to find element: By.xpath: //ytd-topbar-menu-button-renderer[@class='style-scope ytd-masthead style-default']
20:11:57 [TestNG-test-Yt Master Tests-3] INFO  verifyingSideMenuCollapsedLangAsInSettingsLingua_20-08-09 - [verifyingSideMenuCollapsedLangAsInSettingsLingua_20-08-09] Element found and ready (attempt 1): By.xpath: //ytd-topbar-menu-button-renderer[@class='style-scope ytd-masthead style-default']
20:11:58 [TestNG-test-Yt Master Tests-3] INFO  verifyingSideMenuCollapsedLangAsInSettingsLingua_20-08-09 - [verifyingSideMenuCollapsedLangAsInSettingsLingua_20-08-09] Waiting until element is visible in viewport
20:11:58 [TestNG-test-Yt Master Tests-3] INFO  verifyingSideMenuCollapsedLangAsInSettingsLingua_20-08-09 - Clicking settings ellipses button...
20:11:58 [TestNG-test-Yt Master Tests-3] INFO  verifyingSideMenuCollapsedLangAsInSettingsLingua_20-08-09 - [verifyingSideMenuCollapsedLangAsInSettingsLingua_20-08-09] Trying to find element: By.xpath: //ytd-topbar-menu-button-renderer[@class='style-scope ytd-masthead style-default']
20:11:58 [TestNG-test-Yt Master Tests-3] INFO  verifyingSideMenuCollapsedLangAsInSettingsLingua_20-08-09 - [verifyingSideMenuCollapsedLangAsInSettingsLingua_20-08-09] Element found and ready (attempt 1): By.xpath: //ytd-topbar-menu-button-renderer[@class='style-scope ytd-masthead style-default']
20:11:58 [TestNG-test-Yt Master Tests-3] INFO  verifyingSideMenuCollapsedLangAsInSettingsLingua_20-08-09 - getLangAttribute() - locating <html> and reading lang property
20:11:58 [TestNG-test-Yt Master Tests-3] INFO  verifyingSideMenuCollapsedLangAsInSettingsLingua_20-08-09 - Language attribute read: el-GR
20:11:58 [TestNG-test-Yt Master Tests-3] INFO  verifyingSideMenuCollapsedLangAsInSettingsLingua_20-08-09 - Fetching the side menu in collapsed view
20:11:58 [TestNG-test-Yt Master Tests-3] INFO  verifyingSideMenuCollapsedLangAsInSettingsLingua_20-08-09 - [verifyingSideMenuCollapsedLangAsInSettingsLingua_20-08-09] Finding elements list: By.xpath: //ytd-mini-guide-renderer[@class='style-scope ytd-app']//ytd-mini-guide-entry-renderer
20:11:59 [TestNG-test-Yt Master Tests-3] INFO  verifyingSideMenuCollapsedLangAsInSettingsLingua_20-08-09 - [verifyingSideMenuCollapsedLangAsInSettingsLingua_20-08-09] Found 4 ready elements (attempt 1): By.xpath: //ytd-mini-guide-renderer[@class='style-scope ytd-app']//ytd-mini-guide-entry-renderer
20:11:59 [TestNG-test-Yt Master Tests-3] INFO  verifyingSideMenuCollapsedLangAsInSettingsLingua_20-08-09 - 
========== LANGUAGE DETECTION ==========
Detected Language : GREEK
Input Text        : Αρχική Shorts Εγγραφές Εσείς
========================================
20:11:59 [TestNG-test-Yt Master Tests-3] INFO  verifyingSideMenuCollapsedLangAsInSettingsLingua_20-08-09 - text sent to lingua is       Αρχική Shorts Εγγραφές Εσείς
20:11:59 [TestNG-test-Yt Master Tests-3] INFO  verifyingSideMenuCollapsedLangAsInSettingsLingua_20-08-09 - getLangAttribute() - locating <html> and reading lang property
20:11:59 [TestNG-test-Yt Master Tests-3] INFO  verifyingSideMenuCollapsedLangAsInSettingsLingua_20-08-09 - Language attribute read: el-GR
20:11:59 [TestNG-test-Yt Master Tests-3] INFO  verifyingSideMenuCollapsedLangAsInSettingsLingua_20-08-09 - Clicking settings ellipses button...
20:11:59 [TestNG-test-Yt Master Tests-3] INFO  verifyingSideMenuCollapsedLangAsInSettingsLingua_20-08-09 - [verifyingSideMenuCollapsedLangAsInSettingsLingua_20-08-09] Trying to find element: By.xpath: //ytd-topbar-menu-button-renderer[@class='style-scope ytd-masthead style-default']
20:11:59 [TestNG-test-Yt Master Tests-3] INFO  verifyingSideMenuCollapsedLangAsInSettingsLingua_20-08-09 - [verifyingSideMenuCollapsedLangAsInSettingsLingua_20-08-09] Element found and ready (attempt 1): By.xpath: //ytd-topbar-menu-button-renderer[@class='style-scope ytd-masthead style-default']
20:11:59 [TestNG-test-Yt Master Tests-3] INFO  verifyingSideMenuCollapsedLangAsInSettingsLingua_20-08-09 - Clicking language dropdown...
20:11:59 [TestNG-test-Yt Master Tests-3] INFO  verifyingSideMenuCollapsedLangAsInSettingsLingua_20-08-09 - [verifyingSideMenuCollapsedLangAsInSettingsLingua_20-08-09] Trying to find element: By.xpath: (//div[@id='content-icon'])[2]
20:12:00 [TestNG-test-Yt Master Tests-3] INFO  verifyingSideMenuCollapsedLangAsInSettingsLingua_20-08-09 - [verifyingSideMenuCollapsedLangAsInSettingsLingua_20-08-09] Element found and ready (attempt 1): By.xpath: (//div[@id='content-icon'])[2]
20:12:01 [TestNG-test-Yt Master Tests-3] INFO  verifyingSideMenuCollapsedLangAsInSettingsLingua_20-08-09 - Looking for language element with name: Հայերեն
20:12:01 [TestNG-test-Yt Master Tests-3] INFO  verifyingSideMenuCollapsedLangAsInSettingsLingua_20-08-09 - [verifyingSideMenuCollapsedLangAsInSettingsLingua_20-08-09] Trying to find element: By.xpath: //yt-multi-page-menu-section-renderer[@class='style-scope ytd-multi-page-menu-renderer']//yt-formatted-string[@id='label' and text()='Հայերեն']
20:12:01 [TestNG-test-Yt Master Tests-3] INFO  verifyingSideMenuCollapsedLangAsInSettingsLingua_20-08-09 - [verifyingSideMenuCollapsedLangAsInSettingsLingua_20-08-09] Element found and ready (attempt 1): By.xpath: //yt-multi-page-menu-section-renderer[@class='style-scope ytd-multi-page-menu-renderer']//yt-formatted-string[@id='label' and text()='Հայերեն']
20:12:01 [TestNG-test-Yt Master Tests-3] INFO  verifyingSideMenuCollapsedLangAsInSettingsLingua_20-08-09 - [verifyingSideMenuCollapsedLangAsInSettingsLingua_20-08-09] Trying to find element: By.xpath: //yt-multi-page-menu-section-renderer[@class='style-scope ytd-multi-page-menu-renderer']//yt-formatted-string[@id='label' and text()='Հայերեն']
20:12:01 [TestNG-test-Yt Master Tests-3] INFO  verifyingSideMenuCollapsedLangAsInSettingsLingua_20-08-09 - [verifyingSideMenuCollapsedLangAsInSettingsLingua_20-08-09] Element found and ready (attempt 1): By.xpath: //yt-multi-page-menu-section-renderer[@class='style-scope ytd-multi-page-menu-renderer']//yt-formatted-string[@id='label' and text()='Հայերեն']
20:12:03 [TestNG-test-Yt Master Tests-3] INFO  verifyingSideMenuCollapsedLangAsInSettingsLingua_20-08-09 - Clicking settings ellipses button...
20:12:03 [TestNG-test-Yt Master Tests-3] INFO  verifyingSideMenuCollapsedLangAsInSettingsLingua_20-08-09 - [verifyingSideMenuCollapsedLangAsInSettingsLingua_20-08-09] Trying to find element: By.xpath: //ytd-topbar-menu-button-renderer[@class='style-scope ytd-masthead style-default']
20:12:03 [TestNG-test-Yt Master Tests-3] INFO  verifyingSideMenuCollapsedLangAsInSettingsLingua_20-08-09 - [verifyingSideMenuCollapsedLangAsInSettingsLingua_20-08-09] Element found and ready (attempt 1): By.xpath: //ytd-topbar-menu-button-renderer[@class='style-scope ytd-masthead style-default']
20:12:03 [TestNG-test-Yt Master Tests-3] INFO  verifyingSideMenuCollapsedLangAsInSettingsLingua_20-08-09 - [verifyingSideMenuCollapsedLangAsInSettingsLingua_20-08-09] Waiting until element is visible in viewport
20:12:04 [TestNG-test-Yt Master Tests-3] INFO  verifyingSideMenuCollapsedLangAsInSettingsLingua_20-08-09 - Clicking settings ellipses button...
20:12:04 [TestNG-test-Yt Master Tests-3] INFO  verifyingSideMenuCollapsedLangAsInSettingsLingua_20-08-09 - [verifyingSideMenuCollapsedLangAsInSettingsLingua_20-08-09] Trying to find element: By.xpath: //ytd-topbar-menu-button-renderer[@class='style-scope ytd-masthead style-default']
20:12:04 [TestNG-test-Yt Master Tests-3] INFO  verifyingSideMenuCollapsedLangAsInSettingsLingua_20-08-09 - [verifyingSideMenuCollapsedLangAsInSettingsLingua_20-08-09] Element found and ready (attempt 1): By.xpath: //ytd-topbar-menu-button-renderer[@class='style-scope ytd-masthead style-default']
20:12:04 [TestNG-test-Yt Master Tests-3] INFO  verifyingSideMenuCollapsedLangAsInSettingsLingua_20-08-09 - getLangAttribute() - locating <html> and reading lang property
20:12:04 [TestNG-test-Yt Master Tests-3] INFO  verifyingSideMenuCollapsedLangAsInSettingsLingua_20-08-09 - Language attribute read: hy-AM
20:12:04 [TestNG-test-Yt Master Tests-3] INFO  verifyingSideMenuCollapsedLangAsInSettingsLingua_20-08-09 - Fetching the side menu in collapsed view
20:12:04 [TestNG-test-Yt Master Tests-3] INFO  verifyingSideMenuCollapsedLangAsInSettingsLingua_20-08-09 - [verifyingSideMenuCollapsedLangAsInSettingsLingua_20-08-09] Finding elements list: By.xpath: //ytd-mini-guide-renderer[@class='style-scope ytd-app']//ytd-mini-guide-entry-renderer
20:12:04 [TestNG-test-Yt Master Tests-3] INFO  verifyingSideMenuCollapsedLangAsInSettingsLingua_20-08-09 - [verifyingSideMenuCollapsedLangAsInSettingsLingua_20-08-09] Found 4 ready elements (attempt 1): By.xpath: //ytd-mini-guide-renderer[@class='style-scope ytd-app']//ytd-mini-guide-entry-renderer
20:12:05 [TestNG-test-Yt Master Tests-3] INFO  verifyingSideMenuCollapsedLangAsInSettingsLingua_20-08-09 - 
========== LANGUAGE DETECTION ==========
Detected Language : ARMENIAN
Input Text        : Սկիզբ Shorts Հետևում եմ Դուք
========================================
20:12:05 [TestNG-test-Yt Master Tests-3] INFO  verifyingSideMenuCollapsedLangAsInSettingsLingua_20-08-09 - text sent to lingua is       Սկիզբ Shorts Հետևում եմ Դուք
20:12:05 [TestNG-test-Yt Master Tests-3] INFO  verifyingSideMenuCollapsedLangAsInSettingsLingua_20-08-09 - getLangAttribute() - locating <html> and reading lang property
20:12:05 [TestNG-test-Yt Master Tests-3] INFO  verifyingSideMenuCollapsedLangAsInSettingsLingua_20-08-09 - Language attribute read: hy-AM
20:12:05 [TestNG-test-Yt Master Tests-3] INFO  verifyingSideMenuCollapsedLangAsInSettingsLingua_20-08-09 - Clicking settings ellipses button...
20:12:05 [TestNG-test-Yt Master Tests-3] INFO  verifyingSideMenuCollapsedLangAsInSettingsLingua_20-08-09 - [verifyingSideMenuCollapsedLangAsInSettingsLingua_20-08-09] Trying to find element: By.xpath: //ytd-topbar-menu-button-renderer[@class='style-scope ytd-masthead style-default']
20:12:05 [TestNG-test-Yt Master Tests-3] INFO  verifyingSideMenuCollapsedLangAsInSettingsLingua_20-08-09 - [verifyingSideMenuCollapsedLangAsInSettingsLingua_20-08-09] Element found and ready (attempt 1): By.xpath: //ytd-topbar-menu-button-renderer[@class='style-scope ytd-masthead style-default']
20:12:05 [TestNG-test-Yt Master Tests-3] INFO  verifyingSideMenuCollapsedLangAsInSettingsLingua_20-08-09 - Clicking language dropdown...
20:12:05 [TestNG-test-Yt Master Tests-3] INFO  verifyingSideMenuCollapsedLangAsInSettingsLingua_20-08-09 - [verifyingSideMenuCollapsedLangAsInSettingsLingua_20-08-09] Trying to find element: By.xpath: (//div[@id='content-icon'])[2]
20:12:05 [TestNG-test-Yt Master Tests-3] INFO  verifyingSideMenuCollapsedLangAsInSettingsLingua_20-08-09 - [verifyingSideMenuCollapsedLangAsInSettingsLingua_20-08-09] Element found and ready (attempt 1): By.xpath: (//div[@id='content-icon'])[2]
20:12:06 [TestNG-test-Yt Master Tests-3] INFO  verifyingSideMenuCollapsedLangAsInSettingsLingua_20-08-09 - Looking for language element with name: עברית
20:12:06 [TestNG-test-Yt Master Tests-3] INFO  verifyingSideMenuCollapsedLangAsInSettingsLingua_20-08-09 - [verifyingSideMenuCollapsedLangAsInSettingsLingua_20-08-09] Trying to find element: By.xpath: //yt-multi-page-menu-section-renderer[@class='style-scope ytd-multi-page-menu-renderer']//yt-formatted-string[@id='label' and text()='עברית']
20:12:06 [TestNG-test-Yt Master Tests-3] INFO  verifyingSideMenuCollapsedLangAsInSettingsLingua_20-08-09 - [verifyingSideMenuCollapsedLangAsInSettingsLingua_20-08-09] Element found and ready (attempt 1): By.xpath: //yt-multi-page-menu-section-renderer[@class='style-scope ytd-multi-page-menu-renderer']//yt-formatted-string[@id='label' and text()='עברית']
20:12:06 [TestNG-test-Yt Master Tests-3] INFO  verifyingSideMenuCollapsedLangAsInSettingsLingua_20-08-09 - [verifyingSideMenuCollapsedLangAsInSettingsLingua_20-08-09] Trying to find element: By.xpath: //yt-multi-page-menu-section-renderer[@class='style-scope ytd-multi-page-menu-renderer']//yt-formatted-string[@id='label' and text()='עברית']
20:12:06 [TestNG-test-Yt Master Tests-3] INFO  verifyingSideMenuCollapsedLangAsInSettingsLingua_20-08-09 - [verifyingSideMenuCollapsedLangAsInSettingsLingua_20-08-09] Element found and ready (attempt 1): By.xpath: //yt-multi-page-menu-section-renderer[@class='style-scope ytd-multi-page-menu-renderer']//yt-formatted-string[@id='label' and text()='עברית']
20:12:07 [TestNG-test-Yt Master Tests-3] INFO  verifyingSideMenuCollapsedLangAsInSettingsLingua_20-08-09 - Clicking settings ellipses button...
20:12:08 [TestNG-test-Yt Master Tests-3] INFO  verifyingSideMenuCollapsedLangAsInSettingsLingua_20-08-09 - [verifyingSideMenuCollapsedLangAsInSettingsLingua_20-08-09] Trying to find element: By.xpath: //ytd-topbar-menu-button-renderer[@class='style-scope ytd-masthead style-default']
20:12:08 [TestNG-test-Yt Master Tests-3] INFO  verifyingSideMenuCollapsedLangAsInSettingsLingua_20-08-09 - [verifyingSideMenuCollapsedLangAsInSettingsLingua_20-08-09] Element found and ready (attempt 1): By.xpath: //ytd-topbar-menu-button-renderer[@class='style-scope ytd-masthead style-default']
20:12:08 [TestNG-test-Yt Master Tests-3] INFO  verifyingSideMenuCollapsedLangAsInSettingsLingua_20-08-09 - [verifyingSideMenuCollapsedLangAsInSettingsLingua_20-08-09] Waiting until element is visible in viewport
20:12:09 [TestNG-test-Yt Master Tests-3] INFO  verifyingSideMenuCollapsedLangAsInSettingsLingua_20-08-09 - Clicking settings ellipses button...
20:12:09 [TestNG-test-Yt Master Tests-3] INFO  verifyingSideMenuCollapsedLangAsInSettingsLingua_20-08-09 - [verifyingSideMenuCollapsedLangAsInSettingsLingua_20-08-09] Trying to find element: By.xpath: //ytd-topbar-menu-button-renderer[@class='style-scope ytd-masthead style-default']
20:12:09 [TestNG-test-Yt Master Tests-3] INFO  verifyingSideMenuCollapsedLangAsInSettingsLingua_20-08-09 - [verifyingSideMenuCollapsedLangAsInSettingsLingua_20-08-09] Element found and ready (attempt 1): By.xpath: //ytd-topbar-menu-button-renderer[@class='style-scope ytd-masthead style-default']
20:12:09 [TestNG-test-Yt Master Tests-3] INFO  verifyingSideMenuCollapsedLangAsInSettingsLingua_20-08-09 - getLangAttribute() - locating <html> and reading lang property
20:12:09 [TestNG-test-Yt Master Tests-3] INFO  verifyingSideMenuCollapsedLangAsInSettingsLingua_20-08-09 - Language attribute read: he-IL
20:12:09 [TestNG-test-Yt Master Tests-3] INFO  verifyingSideMenuCollapsedLangAsInSettingsLingua_20-08-09 - Fetching the side menu in collapsed view
20:12:09 [TestNG-test-Yt Master Tests-3] INFO  verifyingSideMenuCollapsedLangAsInSettingsLingua_20-08-09 - [verifyingSideMenuCollapsedLangAsInSettingsLingua_20-08-09] Finding elements list: By.xpath: //ytd-mini-guide-renderer[@class='style-scope ytd-app']//ytd-mini-guide-entry-renderer
20:12:10 [TestNG-test-Yt Master Tests-3] INFO  verifyingSideMenuCollapsedLangAsInSettingsLingua_20-08-09 - [verifyingSideMenuCollapsedLangAsInSettingsLingua_20-08-09] Found 4 ready elements (attempt 1): By.xpath: //ytd-mini-guide-renderer[@class='style-scope ytd-app']//ytd-mini-guide-entry-renderer
20:12:10 [TestNG-test-Yt Master Tests-3] INFO  verifyingSideMenuCollapsedLangAsInSettingsLingua_20-08-09 - 
========== LANGUAGE DETECTION ==========
Detected Language : HEBREW
Input Text        : דף הבית Shorts מינויים הדף שלי
========================================
20:12:10 [TestNG-test-Yt Master Tests-3] INFO  verifyingSideMenuCollapsedLangAsInSettingsLingua_20-08-09 - text sent to lingua is       דף הבית Shorts מינויים הדף שלי
20:12:10 [TestNG-test-Yt Master Tests-3] INFO  verifyingSideMenuCollapsedLangAsInSettingsLingua_20-08-09 - getLangAttribute() - locating <html> and reading lang property
20:12:10 [TestNG-test-Yt Master Tests-3] INFO  verifyingSideMenuCollapsedLangAsInSettingsLingua_20-08-09 - Language attribute read: he-IL
20:12:10 [TestNG-test-Yt Master Tests-3] INFO  verifyingSideMenuCollapsedLangAsInSettingsLingua_20-08-09 - Clicking settings ellipses button...
20:12:10 [TestNG-test-Yt Master Tests-3] INFO  verifyingSideMenuCollapsedLangAsInSettingsLingua_20-08-09 - [verifyingSideMenuCollapsedLangAsInSettingsLingua_20-08-09] Trying to find element: By.xpath: //ytd-topbar-menu-button-renderer[@class='style-scope ytd-masthead style-default']
20:12:10 [TestNG-test-Yt Master Tests-3] INFO  verifyingSideMenuCollapsedLangAsInSettingsLingua_20-08-09 - [verifyingSideMenuCollapsedLangAsInSettingsLingua_20-08-09] Element found and ready (attempt 1): By.xpath: //ytd-topbar-menu-button-renderer[@class='style-scope ytd-masthead style-default']
20:12:10 [TestNG-test-Yt Master Tests-3] INFO  verifyingSideMenuCollapsedLangAsInSettingsLingua_20-08-09 - Clicking language dropdown...
20:12:10 [TestNG-test-Yt Master Tests-3] INFO  verifyingSideMenuCollapsedLangAsInSettingsLingua_20-08-09 - [verifyingSideMenuCollapsedLangAsInSettingsLingua_20-08-09] Trying to find element: By.xpath: (//div[@id='content-icon'])[2]
20:12:11 [TestNG-test-Yt Master Tests-3] INFO  verifyingSideMenuCollapsedLangAsInSettingsLingua_20-08-09 - [verifyingSideMenuCollapsedLangAsInSettingsLingua_20-08-09] Element found and ready (attempt 1): By.xpath: (//div[@id='content-icon'])[2]
20:12:11 [TestNG-test-Yt Master Tests-3] INFO  verifyingSideMenuCollapsedLangAsInSettingsLingua_20-08-09 - Looking for language element with name: العربية
20:12:11 [TestNG-test-Yt Master Tests-3] INFO  verifyingSideMenuCollapsedLangAsInSettingsLingua_20-08-09 - [verifyingSideMenuCollapsedLangAsInSettingsLingua_20-08-09] Trying to find element: By.xpath: //yt-multi-page-menu-section-renderer[@class='style-scope ytd-multi-page-menu-renderer']//yt-formatted-string[@id='label' and text()='العربية']
20:12:11 [TestNG-test-Yt Master Tests-3] INFO  verifyingSideMenuCollapsedLangAsInSettingsLingua_20-08-09 - [verifyingSideMenuCollapsedLangAsInSettingsLingua_20-08-09] Element found and ready (attempt 1): By.xpath: //yt-multi-page-menu-section-renderer[@class='style-scope ytd-multi-page-menu-renderer']//yt-formatted-string[@id='label' and text()='العربية']
20:12:11 [TestNG-test-Yt Master Tests-3] INFO  verifyingSideMenuCollapsedLangAsInSettingsLingua_20-08-09 - [verifyingSideMenuCollapsedLangAsInSettingsLingua_20-08-09] Trying to find element: By.xpath: //yt-multi-page-menu-section-renderer[@class='style-scope ytd-multi-page-menu-renderer']//yt-formatted-string[@id='label' and text()='العربية']
20:12:12 [TestNG-test-Yt Master Tests-3] INFO  verifyingSideMenuCollapsedLangAsInSettingsLingua_20-08-09 - [verifyingSideMenuCollapsedLangAsInSettingsLingua_20-08-09] Element found and ready (attempt 1): By.xpath: //yt-multi-page-menu-section-renderer[@class='style-scope ytd-multi-page-menu-renderer']//yt-formatted-string[@id='label' and text()='العربية']
20:12:13 [TestNG-test-Yt Master Tests-3] INFO  verifyingSideMenuCollapsedLangAsInSettingsLingua_20-08-09 - Clicking settings ellipses button...
20:12:13 [TestNG-test-Yt Master Tests-3] INFO  verifyingSideMenuCollapsedLangAsInSettingsLingua_20-08-09 - [verifyingSideMenuCollapsedLangAsInSettingsLingua_20-08-09] Trying to find element: By.xpath: //ytd-topbar-menu-button-renderer[@class='style-scope ytd-masthead style-default']
20:12:14 [TestNG-test-Yt Master Tests-3] INFO  verifyingSideMenuCollapsedLangAsInSettingsLingua_20-08-09 - [verifyingSideMenuCollapsedLangAsInSettingsLingua_20-08-09] Element found and ready (attempt 1): By.xpath: //ytd-topbar-menu-button-renderer[@class='style-scope ytd-masthead style-default']
20:12:14 [TestNG-test-Yt Master Tests-3] INFO  verifyingSideMenuCollapsedLangAsInSettingsLingua_20-08-09 - [verifyingSideMenuCollapsedLangAsInSettingsLingua_20-08-09] Waiting until element is visible in viewport
20:12:15 [TestNG-test-Yt Master Tests-3] INFO  verifyingSideMenuCollapsedLangAsInSettingsLingua_20-08-09 - Clicking settings ellipses button...
20:12:15 [TestNG-test-Yt Master Tests-3] INFO  verifyingSideMenuCollapsedLangAsInSettingsLingua_20-08-09 - [verifyingSideMenuCollapsedLangAsInSettingsLingua_20-08-09] Trying to find element: By.xpath: //ytd-topbar-menu-button-renderer[@class='style-scope ytd-masthead style-default']
20:12:15 [TestNG-test-Yt Master Tests-3] INFO  verifyingSideMenuCollapsedLangAsInSettingsLingua_20-08-09 - [verifyingSideMenuCollapsedLangAsInSettingsLingua_20-08-09] Element found and ready (attempt 1): By.xpath: //ytd-topbar-menu-button-renderer[@class='style-scope ytd-masthead style-default']
20:12:15 [TestNG-test-Yt Master Tests-3] INFO  verifyingSideMenuCollapsedLangAsInSettingsLingua_20-08-09 - getLangAttribute() - locating <html> and reading lang property
20:12:15 [TestNG-test-Yt Master Tests-3] INFO  verifyingSideMenuCollapsedLangAsInSettingsLingua_20-08-09 - Language attribute read: ar
20:12:15 [TestNG-test-Yt Master Tests-3] INFO  verifyingSideMenuCollapsedLangAsInSettingsLingua_20-08-09 - Fetching the side menu in collapsed view
20:12:15 [TestNG-test-Yt Master Tests-3] INFO  verifyingSideMenuCollapsedLangAsInSettingsLingua_20-08-09 - [verifyingSideMenuCollapsedLangAsInSettingsLingua_20-08-09] Finding elements list: By.xpath: //ytd-mini-guide-renderer[@class='style-scope ytd-app']//ytd-mini-guide-entry-renderer
20:12:15 [TestNG-test-Yt Master Tests-3] INFO  verifyingSideMenuCollapsedLangAsInSettingsLingua_20-08-09 - [verifyingSideMenuCollapsedLangAsInSettingsLingua_20-08-09] Found 4 ready elements (attempt 1): By.xpath: //ytd-mini-guide-renderer[@class='style-scope ytd-app']//ytd-mini-guide-entry-renderer
20:12:16 [TestNG-test-Yt Master Tests-3] INFO  verifyingSideMenuCollapsedLangAsInSettingsLingua_20-08-09 - 
========== LANGUAGE DETECTION ==========
Detected Language : ARABIC
Input Text        : الصفحة الرئيسية Shorts الاشتراكات أنت
========================================
20:12:16 [TestNG-test-Yt Master Tests-3] INFO  verifyingSideMenuCollapsedLangAsInSettingsLingua_20-08-09 - text sent to lingua is       الصفحة الرئيسية Shorts الاشتراكات أنت
20:12:16 [TestNG-test-Yt Master Tests-3] INFO  verifyingSideMenuCollapsedLangAsInSettingsLingua_20-08-09 - getLangAttribute() - locating <html> and reading lang property
20:12:16 [TestNG-test-Yt Master Tests-3] INFO  verifyingSideMenuCollapsedLangAsInSettingsLingua_20-08-09 - Language attribute read: ar
20:12:16 [TestNG-test-Yt Master Tests-3] INFO  verifyingSideMenuCollapsedLangAsInSettingsLingua_20-08-09 - Clicking settings ellipses button...
20:12:16 [TestNG-test-Yt Master Tests-3] INFO  verifyingSideMenuCollapsedLangAsInSettingsLingua_20-08-09 - [verifyingSideMenuCollapsedLangAsInSettingsLingua_20-08-09] Trying to find element: By.xpath: //ytd-topbar-menu-button-renderer[@class='style-scope ytd-masthead style-default']
20:12:16 [TestNG-test-Yt Master Tests-3] INFO  verifyingSideMenuCollapsedLangAsInSettingsLingua_20-08-09 - [verifyingSideMenuCollapsedLangAsInSettingsLingua_20-08-09] Element found and ready (attempt 1): By.xpath: //ytd-topbar-menu-button-renderer[@class='style-scope ytd-masthead style-default']
20:12:16 [TestNG-test-Yt Master Tests-3] INFO  verifyingSideMenuCollapsedLangAsInSettingsLingua_20-08-09 - Clicking language dropdown...
20:12:16 [TestNG-test-Yt Master Tests-3] INFO  verifyingSideMenuCollapsedLangAsInSettingsLingua_20-08-09 - [verifyingSideMenuCollapsedLangAsInSettingsLingua_20-08-09] Trying to find element: By.xpath: (//div[@id='content-icon'])[2]
20:12:17 [TestNG-test-Yt Master Tests-3] INFO  verifyingSideMenuCollapsedLangAsInSettingsLingua_20-08-09 - [verifyingSideMenuCollapsedLangAsInSettingsLingua_20-08-09] Element found and ready (attempt 1): By.xpath: (//div[@id='content-icon'])[2]
20:12:18 [TestNG-test-Yt Master Tests-3] INFO  verifyingSideMenuCollapsedLangAsInSettingsLingua_20-08-09 - Looking for language element with name: فارسی
20:12:18 [TestNG-test-Yt Master Tests-3] INFO  verifyingSideMenuCollapsedLangAsInSettingsLingua_20-08-09 - [verifyingSideMenuCollapsedLangAsInSettingsLingua_20-08-09] Trying to find element: By.xpath: //yt-multi-page-menu-section-renderer[@class='style-scope ytd-multi-page-menu-renderer']//yt-formatted-string[@id='label' and text()='فارسی']
20:12:18 [TestNG-test-Yt Master Tests-3] INFO  verifyingSideMenuCollapsedLangAsInSettingsLingua_20-08-09 - [verifyingSideMenuCollapsedLangAsInSettingsLingua_20-08-09] Element found and ready (attempt 1): By.xpath: //yt-multi-page-menu-section-renderer[@class='style-scope ytd-multi-page-menu-renderer']//yt-formatted-string[@id='label' and text()='فارسی']
20:12:18 [TestNG-test-Yt Master Tests-3] INFO  verifyingSideMenuCollapsedLangAsInSettingsLingua_20-08-09 - [verifyingSideMenuCollapsedLangAsInSettingsLingua_20-08-09] Trying to find element: By.xpath: //yt-multi-page-menu-section-renderer[@class='style-scope ytd-multi-page-menu-renderer']//yt-formatted-string[@id='label' and text()='فارسی']
20:12:18 [TestNG-test-Yt Master Tests-3] INFO  verifyingSideMenuCollapsedLangAsInSettingsLingua_20-08-09 - [verifyingSideMenuCollapsedLangAsInSettingsLingua_20-08-09] Element found and ready (attempt 1): By.xpath: //yt-multi-page-menu-section-renderer[@class='style-scope ytd-multi-page-menu-renderer']//yt-formatted-string[@id='label' and text()='فارسی']
20:12:19 [TestNG-test-Yt Master Tests-3] INFO  verifyingSideMenuCollapsedLangAsInSettingsLingua_20-08-09 - Clicking settings ellipses button...
20:12:19 [TestNG-test-Yt Master Tests-3] INFO  verifyingSideMenuCollapsedLangAsInSettingsLingua_20-08-09 - [verifyingSideMenuCollapsedLangAsInSettingsLingua_20-08-09] Trying to find element: By.xpath: //ytd-topbar-menu-button-renderer[@class='style-scope ytd-masthead style-default']
20:12:20 [TestNG-test-Yt Master Tests-3] INFO  verifyingSideMenuCollapsedLangAsInSettingsLingua_20-08-09 - [verifyingSideMenuCollapsedLangAsInSettingsLingua_20-08-09] Element found and ready (attempt 1): By.xpath: //ytd-topbar-menu-button-renderer[@class='style-scope ytd-masthead style-default']
20:12:20 [TestNG-test-Yt Master Tests-3] INFO  verifyingSideMenuCollapsedLangAsInSettingsLingua_20-08-09 - [verifyingSideMenuCollapsedLangAsInSettingsLingua_20-08-09] Waiting until element is visible in viewport
20:12:21 [TestNG-test-Yt Master Tests-3] INFO  verifyingSideMenuCollapsedLangAsInSettingsLingua_20-08-09 - Clicking settings ellipses button...
20:12:21 [TestNG-test-Yt Master Tests-3] INFO  verifyingSideMenuCollapsedLangAsInSettingsLingua_20-08-09 - [verifyingSideMenuCollapsedLangAsInSettingsLingua_20-08-09] Trying to find element: By.xpath: //ytd-topbar-menu-button-renderer[@class='style-scope ytd-masthead style-default']
20:12:21 [TestNG-test-Yt Master Tests-3] INFO  verifyingSideMenuCollapsedLangAsInSettingsLingua_20-08-09 - [verifyingSideMenuCollapsedLangAsInSettingsLingua_20-08-09] Element found and ready (attempt 1): By.xpath: //ytd-topbar-menu-button-renderer[@class='style-scope ytd-masthead style-default']
20:12:21 [TestNG-test-Yt Master Tests-3] INFO  verifyingSideMenuCollapsedLangAsInSettingsLingua_20-08-09 - getLangAttribute() - locating <html> and reading lang property
20:12:21 [TestNG-test-Yt Master Tests-3] INFO  verifyingSideMenuCollapsedLangAsInSettingsLingua_20-08-09 - Language attribute read: fa-IR
20:12:21 [TestNG-test-Yt Master Tests-3] INFO  verifyingSideMenuCollapsedLangAsInSettingsLingua_20-08-09 - Fetching the side menu in collapsed view
20:12:21 [TestNG-test-Yt Master Tests-3] INFO  verifyingSideMenuCollapsedLangAsInSettingsLingua_20-08-09 - [verifyingSideMenuCollapsedLangAsInSettingsLingua_20-08-09] Finding elements list: By.xpath: //ytd-mini-guide-renderer[@class='style-scope ytd-app']//ytd-mini-guide-entry-renderer
20:12:22 [TestNG-test-Yt Master Tests-3] INFO  verifyingSideMenuCollapsedLangAsInSettingsLingua_20-08-09 - [verifyingSideMenuCollapsedLangAsInSettingsLingua_20-08-09] Found 4 ready elements (attempt 1): By.xpath: //ytd-mini-guide-renderer[@class='style-scope ytd-app']//ytd-mini-guide-entry-renderer
20:12:22 [TestNG-test-Yt Master Tests-3] INFO  verifyingSideMenuCollapsedLangAsInSettingsLingua_20-08-09 - 
========== LANGUAGE DETECTION ==========
Detected Language : PERSIAN
Input Text        : صفحه اصلی کوته‌ویدیوهای YouTube اشتراک‌ها شما
========================================
20:12:22 [TestNG-test-Yt Master Tests-3] INFO  verifyingSideMenuCollapsedLangAsInSettingsLingua_20-08-09 - text sent to lingua is       صفحه اصلی کوته‌ویدیوهای YouTube اشتراک‌ها شما
20:12:22 [TestNG-test-Yt Master Tests-3] INFO  verifyingSideMenuCollapsedLangAsInSettingsLingua_20-08-09 - getLangAttribute() - locating <html> and reading lang property
20:12:22 [TestNG-test-Yt Master Tests-3] INFO  verifyingSideMenuCollapsedLangAsInSettingsLingua_20-08-09 - Language attribute read: fa-IR
20:12:22 [TestNG-test-Yt Master Tests-3] INFO  verifyingSideMenuCollapsedLangAsInSettingsLingua_20-08-09 - Clicking settings ellipses button...
20:12:22 [TestNG-test-Yt Master Tests-3] INFO  verifyingSideMenuCollapsedLangAsInSettingsLingua_20-08-09 - [verifyingSideMenuCollapsedLangAsInSettingsLingua_20-08-09] Trying to find element: By.xpath: //ytd-topbar-menu-button-renderer[@class='style-scope ytd-masthead style-default']
20:12:22 [TestNG-test-Yt Master Tests-3] INFO  verifyingSideMenuCollapsedLangAsInSettingsLingua_20-08-09 - [verifyingSideMenuCollapsedLangAsInSettingsLingua_20-08-09] Element found and ready (attempt 1): By.xpath: //ytd-topbar-menu-button-renderer[@class='style-scope ytd-masthead style-default']
20:12:22 [TestNG-test-Yt Master Tests-3] INFO  verifyingSideMenuCollapsedLangAsInSettingsLingua_20-08-09 - Clicking language dropdown...
20:12:22 [TestNG-test-Yt Master Tests-3] INFO  verifyingSideMenuCollapsedLangAsInSettingsLingua_20-08-09 - [verifyingSideMenuCollapsedLangAsInSettingsLingua_20-08-09] Trying to find element: By.xpath: (//div[@id='content-icon'])[2]
20:12:23 [TestNG-test-Yt Master Tests-3] INFO  verifyingSideMenuCollapsedLangAsInSettingsLingua_20-08-09 - [verifyingSideMenuCollapsedLangAsInSettingsLingua_20-08-09] Element found and ready (attempt 1): By.xpath: (//div[@id='content-icon'])[2]
20:12:24 [TestNG-test-Yt Master Tests-3] INFO  verifyingSideMenuCollapsedLangAsInSettingsLingua_20-08-09 - Looking for language element with name: हिन्दी
20:12:24 [TestNG-test-Yt Master Tests-3] INFO  verifyingSideMenuCollapsedLangAsInSettingsLingua_20-08-09 - [verifyingSideMenuCollapsedLangAsInSettingsLingua_20-08-09] Trying to find element: By.xpath: //yt-multi-page-menu-section-renderer[@class='style-scope ytd-multi-page-menu-renderer']//yt-formatted-string[@id='label' and text()='हिन्दी']
20:12:24 [TestNG-test-Yt Master Tests-3] INFO  verifyingSideMenuCollapsedLangAsInSettingsLingua_20-08-09 - [verifyingSideMenuCollapsedLangAsInSettingsLingua_20-08-09] Element found and ready (attempt 1): By.xpath: //yt-multi-page-menu-section-renderer[@class='style-scope ytd-multi-page-menu-renderer']//yt-formatted-string[@id='label' and text()='हिन्दी']
20:12:24 [TestNG-test-Yt Master Tests-3] INFO  verifyingSideMenuCollapsedLangAsInSettingsLingua_20-08-09 - [verifyingSideMenuCollapsedLangAsInSettingsLingua_20-08-09] Trying to find element: By.xpath: //yt-multi-page-menu-section-renderer[@class='style-scope ytd-multi-page-menu-renderer']//yt-formatted-string[@id='label' and text()='हिन्दी']
20:12:24 [TestNG-test-Yt Master Tests-3] INFO  verifyingSideMenuCollapsedLangAsInSettingsLingua_20-08-09 - [verifyingSideMenuCollapsedLangAsInSettingsLingua_20-08-09] Element found and ready (attempt 1): By.xpath: //yt-multi-page-menu-section-renderer[@class='style-scope ytd-multi-page-menu-renderer']//yt-formatted-string[@id='label' and text()='हिन्दी']
20:12:25 [TestNG-test-Yt Master Tests-3] INFO  verifyingSideMenuCollapsedLangAsInSettingsLingua_20-08-09 - Clicking settings ellipses button...
20:12:26 [TestNG-test-Yt Master Tests-3] INFO  verifyingSideMenuCollapsedLangAsInSettingsLingua_20-08-09 - [verifyingSideMenuCollapsedLangAsInSettingsLingua_20-08-09] Trying to find element: By.xpath: //ytd-topbar-menu-button-renderer[@class='style-scope ytd-masthead style-default']
20:12:26 [TestNG-test-Yt Master Tests-3] INFO  verifyingSideMenuCollapsedLangAsInSettingsLingua_20-08-09 - [verifyingSideMenuCollapsedLangAsInSettingsLingua_20-08-09] Element found and ready (attempt 1): By.xpath: //ytd-topbar-menu-button-renderer[@class='style-scope ytd-masthead style-default']
20:12:26 [TestNG-test-Yt Master Tests-3] INFO  verifyingSideMenuCollapsedLangAsInSettingsLingua_20-08-09 - [verifyingSideMenuCollapsedLangAsInSettingsLingua_20-08-09] Waiting until element is visible in viewport
20:12:27 [TestNG-test-Yt Master Tests-3] INFO  verifyingSideMenuCollapsedLangAsInSettingsLingua_20-08-09 - Clicking settings ellipses button...
20:12:27 [TestNG-test-Yt Master Tests-3] INFO  verifyingSideMenuCollapsedLangAsInSettingsLingua_20-08-09 - [verifyingSideMenuCollapsedLangAsInSettingsLingua_20-08-09] Trying to find element: By.xpath: //ytd-topbar-menu-button-renderer[@class='style-scope ytd-masthead style-default']
20:12:27 [TestNG-test-Yt Master Tests-3] INFO  verifyingSideMenuCollapsedLangAsInSettingsLingua_20-08-09 - [verifyingSideMenuCollapsedLangAsInSettingsLingua_20-08-09] Element found and ready (attempt 1): By.xpath: //ytd-topbar-menu-button-renderer[@class='style-scope ytd-masthead style-default']
20:12:27 [TestNG-test-Yt Master Tests-3] INFO  verifyingSideMenuCollapsedLangAsInSettingsLingua_20-08-09 - getLangAttribute() - locating <html> and reading lang property
20:12:27 [TestNG-test-Yt Master Tests-3] INFO  verifyingSideMenuCollapsedLangAsInSettingsLingua_20-08-09 - Language attribute read: hi-IN
20:12:27 [TestNG-test-Yt Master Tests-3] INFO  verifyingSideMenuCollapsedLangAsInSettingsLingua_20-08-09 - Fetching the side menu in collapsed view
20:12:27 [TestNG-test-Yt Master Tests-3] INFO  verifyingSideMenuCollapsedLangAsInSettingsLingua_20-08-09 - [verifyingSideMenuCollapsedLangAsInSettingsLingua_20-08-09] Finding elements list: By.xpath: //ytd-mini-guide-renderer[@class='style-scope ytd-app']//ytd-mini-guide-entry-renderer
20:12:27 [TestNG-test-Yt Master Tests-3] INFO  verifyingSideMenuCollapsedLangAsInSettingsLingua_20-08-09 - [verifyingSideMenuCollapsedLangAsInSettingsLingua_20-08-09] Found 4 ready elements (attempt 1): By.xpath: //ytd-mini-guide-renderer[@class='style-scope ytd-app']//ytd-mini-guide-entry-renderer
20:12:27 [TestNG-test-Yt Master Tests-3] INFO  verifyingSideMenuCollapsedLangAsInSettingsLingua_20-08-09 - 
========== LANGUAGE DETECTION ==========
Detected Language : HINDI
Input Text        : होम पेज Shorts सदस्यता आप
========================================
20:12:27 [TestNG-test-Yt Master Tests-3] INFO  verifyingSideMenuCollapsedLangAsInSettingsLingua_20-08-09 - text sent to lingua is       होम पेज Shorts सदस्यता आप
20:12:27 [TestNG-test-Yt Master Tests-3] INFO  verifyingSideMenuCollapsedLangAsInSettingsLingua_20-08-09 - getLangAttribute() - locating <html> and reading lang property
20:12:27 [TestNG-test-Yt Master Tests-3] INFO  verifyingSideMenuCollapsedLangAsInSettingsLingua_20-08-09 - Language attribute read: hi-IN
20:12:27 [TestNG-test-Yt Master Tests-3] INFO  verifyingSideMenuCollapsedLangAsInSettingsLingua_20-08-09 - Clicking settings ellipses button...
20:12:27 [TestNG-test-Yt Master Tests-3] INFO  verifyingSideMenuCollapsedLangAsInSettingsLingua_20-08-09 - [verifyingSideMenuCollapsedLangAsInSettingsLingua_20-08-09] Trying to find element: By.xpath: //ytd-topbar-menu-button-renderer[@class='style-scope ytd-masthead style-default']
20:12:28 [TestNG-test-Yt Master Tests-3] INFO  verifyingSideMenuCollapsedLangAsInSettingsLingua_20-08-09 - [verifyingSideMenuCollapsedLangAsInSettingsLingua_20-08-09] Element found and ready (attempt 1): By.xpath: //ytd-topbar-menu-button-renderer[@class='style-scope ytd-masthead style-default']
20:12:28 [TestNG-test-Yt Master Tests-3] INFO  verifyingSideMenuCollapsedLangAsInSettingsLingua_20-08-09 - Clicking language dropdown...
20:12:28 [TestNG-test-Yt Master Tests-3] INFO  verifyingSideMenuCollapsedLangAsInSettingsLingua_20-08-09 - [verifyingSideMenuCollapsedLangAsInSettingsLingua_20-08-09] Trying to find element: By.xpath: (//div[@id='content-icon'])[2]
20:12:28 [TestNG-test-Yt Master Tests-3] INFO  verifyingSideMenuCollapsedLangAsInSettingsLingua_20-08-09 - [verifyingSideMenuCollapsedLangAsInSettingsLingua_20-08-09] Element found and ready (attempt 1): By.xpath: (//div[@id='content-icon'])[2]
20:12:29 [TestNG-test-Yt Master Tests-3] INFO  verifyingSideMenuCollapsedLangAsInSettingsLingua_20-08-09 - Looking for language element with name: বাংলা
20:12:29 [TestNG-test-Yt Master Tests-3] INFO  verifyingSideMenuCollapsedLangAsInSettingsLingua_20-08-09 - [verifyingSideMenuCollapsedLangAsInSettingsLingua_20-08-09] Trying to find element: By.xpath: //yt-multi-page-menu-section-renderer[@class='style-scope ytd-multi-page-menu-renderer']//yt-formatted-string[@id='label' and text()='বাংলা']
20:12:29 [TestNG-test-Yt Master Tests-3] INFO  verifyingSideMenuCollapsedLangAsInSettingsLingua_20-08-09 - [verifyingSideMenuCollapsedLangAsInSettingsLingua_20-08-09] Element found and ready (attempt 1): By.xpath: //yt-multi-page-menu-section-renderer[@class='style-scope ytd-multi-page-menu-renderer']//yt-formatted-string[@id='label' and text()='বাংলা']
20:12:29 [TestNG-test-Yt Master Tests-3] INFO  verifyingSideMenuCollapsedLangAsInSettingsLingua_20-08-09 - [verifyingSideMenuCollapsedLangAsInSettingsLingua_20-08-09] Trying to find element: By.xpath: //yt-multi-page-menu-section-renderer[@class='style-scope ytd-multi-page-menu-renderer']//yt-formatted-string[@id='label' and text()='বাংলা']
20:12:29 [TestNG-test-Yt Master Tests-3] INFO  verifyingSideMenuCollapsedLangAsInSettingsLingua_20-08-09 - [verifyingSideMenuCollapsedLangAsInSettingsLingua_20-08-09] Element found and ready (attempt 1): By.xpath: //yt-multi-page-menu-section-renderer[@class='style-scope ytd-multi-page-menu-renderer']//yt-formatted-string[@id='label' and text()='বাংলা']
20:12:30 [TestNG-test-Yt Master Tests-3] INFO  verifyingSideMenuCollapsedLangAsInSettingsLingua_20-08-09 - Clicking settings ellipses button...
20:12:31 [TestNG-test-Yt Master Tests-3] INFO  verifyingSideMenuCollapsedLangAsInSettingsLingua_20-08-09 - [verifyingSideMenuCollapsedLangAsInSettingsLingua_20-08-09] Trying to find element: By.xpath: //ytd-topbar-menu-button-renderer[@class='style-scope ytd-masthead style-default']
20:12:31 [TestNG-test-Yt Master Tests-3] INFO  verifyingSideMenuCollapsedLangAsInSettingsLingua_20-08-09 - [verifyingSideMenuCollapsedLangAsInSettingsLingua_20-08-09] Element found and ready (attempt 1): By.xpath: //ytd-topbar-menu-button-renderer[@class='style-scope ytd-masthead style-default']
20:12:31 [TestNG-test-Yt Master Tests-3] INFO  verifyingSideMenuCollapsedLangAsInSettingsLingua_20-08-09 - [verifyingSideMenuCollapsedLangAsInSettingsLingua_20-08-09] Waiting until element is visible in viewport
20:12:32 [TestNG-test-Yt Master Tests-3] INFO  verifyingSideMenuCollapsedLangAsInSettingsLingua_20-08-09 - Clicking settings ellipses button...
20:12:32 [TestNG-test-Yt Master Tests-3] INFO  verifyingSideMenuCollapsedLangAsInSettingsLingua_20-08-09 - [verifyingSideMenuCollapsedLangAsInSettingsLingua_20-08-09] Trying to find element: By.xpath: //ytd-topbar-menu-button-renderer[@class='style-scope ytd-masthead style-default']
20:12:32 [TestNG-test-Yt Master Tests-3] INFO  verifyingSideMenuCollapsedLangAsInSettingsLingua_20-08-09 - [verifyingSideMenuCollapsedLangAsInSettingsLingua_20-08-09] Element found and ready (attempt 1): By.xpath: //ytd-topbar-menu-button-renderer[@class='style-scope ytd-masthead style-default']
20:12:33 [TestNG-test-Yt Master Tests-3] INFO  verifyingSideMenuCollapsedLangAsInSettingsLingua_20-08-09 - getLangAttribute() - locating <html> and reading lang property
20:12:33 [TestNG-test-Yt Master Tests-3] INFO  verifyingSideMenuCollapsedLangAsInSettingsLingua_20-08-09 - Language attribute read: bn-BD
20:12:33 [TestNG-test-Yt Master Tests-3] INFO  verifyingSideMenuCollapsedLangAsInSettingsLingua_20-08-09 - Fetching the side menu in collapsed view
20:12:33 [TestNG-test-Yt Master Tests-3] INFO  verifyingSideMenuCollapsedLangAsInSettingsLingua_20-08-09 - [verifyingSideMenuCollapsedLangAsInSettingsLingua_20-08-09] Finding elements list: By.xpath: //ytd-mini-guide-renderer[@class='style-scope ytd-app']//ytd-mini-guide-entry-renderer
20:12:34 [TestNG-test-Yt Master Tests-3] INFO  verifyingSideMenuCollapsedLangAsInSettingsLingua_20-08-09 - [verifyingSideMenuCollapsedLangAsInSettingsLingua_20-08-09] Found 4 ready elements (attempt 1): By.xpath: //ytd-mini-guide-renderer[@class='style-scope ytd-app']//ytd-mini-guide-entry-renderer
20:12:34 [TestNG-test-Yt Master Tests-3] INFO  verifyingSideMenuCollapsedLangAsInSettingsLingua_20-08-09 - 
========== LANGUAGE DETECTION ==========
Detected Language : BENGALI
Input Text        : হোম Shorts সাবস্ক্রিপশন আপনি
========================================
20:12:34 [TestNG-test-Yt Master Tests-3] INFO  verifyingSideMenuCollapsedLangAsInSettingsLingua_20-08-09 - text sent to lingua is       হোম Shorts সাবস্ক্রিপশন আপনি
20:12:34 [TestNG-test-Yt Master Tests-3] INFO  verifyingSideMenuCollapsedLangAsInSettingsLingua_20-08-09 - getLangAttribute() - locating <html> and reading lang property
20:12:34 [TestNG-test-Yt Master Tests-3] INFO  verifyingSideMenuCollapsedLangAsInSettingsLingua_20-08-09 - Language attribute read: bn-BD
20:12:34 [TestNG-test-Yt Master Tests-3] INFO  verifyingSideMenuCollapsedLangAsInSettingsLingua_20-08-09 - Clicking settings ellipses button...
20:12:34 [TestNG-test-Yt Master Tests-3] INFO  verifyingSideMenuCollapsedLangAsInSettingsLingua_20-08-09 - [verifyingSideMenuCollapsedLangAsInSettingsLingua_20-08-09] Trying to find element: By.xpath: //ytd-topbar-menu-button-renderer[@class='style-scope ytd-masthead style-default']
20:12:34 [TestNG-test-Yt Master Tests-3] INFO  verifyingSideMenuCollapsedLangAsInSettingsLingua_20-08-09 - [verifyingSideMenuCollapsedLangAsInSettingsLingua_20-08-09] Element found and ready (attempt 1): By.xpath: //ytd-topbar-menu-button-renderer[@class='style-scope ytd-masthead style-default']
20:12:34 [TestNG-test-Yt Master Tests-3] INFO  verifyingSideMenuCollapsedLangAsInSettingsLingua_20-08-09 - Clicking language dropdown...
20:12:34 [TestNG-test-Yt Master Tests-3] INFO  verifyingSideMenuCollapsedLangAsInSettingsLingua_20-08-09 - [verifyingSideMenuCollapsedLangAsInSettingsLingua_20-08-09] Trying to find element: By.xpath: (//div[@id='content-icon'])[2]
20:12:35 [TestNG-test-Yt Master Tests-3] INFO  verifyingSideMenuCollapsedLangAsInSettingsLingua_20-08-09 - [verifyingSideMenuCollapsedLangAsInSettingsLingua_20-08-09] Element found and ready (attempt 1): By.xpath: (//div[@id='content-icon'])[2]
20:12:35 [TestNG-test-Yt Master Tests-3] INFO  verifyingSideMenuCollapsedLangAsInSettingsLingua_20-08-09 - Looking for language element with name: ਪੰਜਾਬੀ
20:12:35 [TestNG-test-Yt Master Tests-3] INFO  verifyingSideMenuCollapsedLangAsInSettingsLingua_20-08-09 - [verifyingSideMenuCollapsedLangAsInSettingsLingua_20-08-09] Trying to find element: By.xpath: //yt-multi-page-menu-section-renderer[@class='style-scope ytd-multi-page-menu-renderer']//yt-formatted-string[@id='label' and text()='ਪੰਜਾਬੀ']
20:12:36 [TestNG-test-Yt Master Tests-3] INFO  verifyingSideMenuCollapsedLangAsInSettingsLingua_20-08-09 - [verifyingSideMenuCollapsedLangAsInSettingsLingua_20-08-09] Element found and ready (attempt 1): By.xpath: //yt-multi-page-menu-section-renderer[@class='style-scope ytd-multi-page-menu-renderer']//yt-formatted-string[@id='label' and text()='ਪੰਜਾਬੀ']
20:12:36 [TestNG-test-Yt Master Tests-3] INFO  verifyingSideMenuCollapsedLangAsInSettingsLingua_20-08-09 - [verifyingSideMenuCollapsedLangAsInSettingsLingua_20-08-09] Trying to find element: By.xpath: //yt-multi-page-menu-section-renderer[@class='style-scope ytd-multi-page-menu-renderer']//yt-formatted-string[@id='label' and text()='ਪੰਜਾਬੀ']
20:12:36 [TestNG-test-Yt Master Tests-3] INFO  verifyingSideMenuCollapsedLangAsInSettingsLingua_20-08-09 - [verifyingSideMenuCollapsedLangAsInSettingsLingua_20-08-09] Element found and ready (attempt 1): By.xpath: //yt-multi-page-menu-section-renderer[@class='style-scope ytd-multi-page-menu-renderer']//yt-formatted-string[@id='label' and text()='ਪੰਜਾਬੀ']
20:12:38 [TestNG-test-Yt Master Tests-3] INFO  verifyingSideMenuCollapsedLangAsInSettingsLingua_20-08-09 - Clicking settings ellipses button...
20:12:38 [TestNG-test-Yt Master Tests-3] INFO  verifyingSideMenuCollapsedLangAsInSettingsLingua_20-08-09 - [verifyingSideMenuCollapsedLangAsInSettingsLingua_20-08-09] Trying to find element: By.xpath: //ytd-topbar-menu-button-renderer[@class='style-scope ytd-masthead style-default']
20:12:38 [TestNG-test-Yt Master Tests-3] INFO  verifyingSideMenuCollapsedLangAsInSettingsLingua_20-08-09 - [verifyingSideMenuCollapsedLangAsInSettingsLingua_20-08-09] Element found and ready (attempt 1): By.xpath: //ytd-topbar-menu-button-renderer[@class='style-scope ytd-masthead style-default']
20:12:38 [TestNG-test-Yt Master Tests-3] INFO  verifyingSideMenuCollapsedLangAsInSettingsLingua_20-08-09 - [verifyingSideMenuCollapsedLangAsInSettingsLingua_20-08-09] Waiting until element is visible in viewport
20:12:39 [TestNG-test-Yt Master Tests-3] INFO  verifyingSideMenuCollapsedLangAsInSettingsLingua_20-08-09 - Clicking settings ellipses button...
20:12:39 [TestNG-test-Yt Master Tests-3] INFO  verifyingSideMenuCollapsedLangAsInSettingsLingua_20-08-09 - [verifyingSideMenuCollapsedLangAsInSettingsLingua_20-08-09] Trying to find element: By.xpath: //ytd-topbar-menu-button-renderer[@class='style-scope ytd-masthead style-default']
20:12:39 [TestNG-test-Yt Master Tests-3] INFO  verifyingSideMenuCollapsedLangAsInSettingsLingua_20-08-09 - [verifyingSideMenuCollapsedLangAsInSettingsLingua_20-08-09] Element found and ready (attempt 1): By.xpath: //ytd-topbar-menu-button-renderer[@class='style-scope ytd-masthead style-default']
20:12:39 [TestNG-test-Yt Master Tests-3] INFO  verifyingSideMenuCollapsedLangAsInSettingsLingua_20-08-09 - getLangAttribute() - locating <html> and reading lang property
20:12:39 [TestNG-test-Yt Master Tests-3] INFO  verifyingSideMenuCollapsedLangAsInSettingsLingua_20-08-09 - Language attribute read: pa-Guru-IN
20:12:39 [TestNG-test-Yt Master Tests-3] INFO  verifyingSideMenuCollapsedLangAsInSettingsLingua_20-08-09 - Fetching the side menu in collapsed view
20:12:39 [TestNG-test-Yt Master Tests-3] INFO  verifyingSideMenuCollapsedLangAsInSettingsLingua_20-08-09 - [verifyingSideMenuCollapsedLangAsInSettingsLingua_20-08-09] Finding elements list: By.xpath: //ytd-mini-guide-renderer[@class='style-scope ytd-app']//ytd-mini-guide-entry-renderer
20:12:39 [TestNG-test-Yt Master Tests-3] INFO  verifyingSideMenuCollapsedLangAsInSettingsLingua_20-08-09 - [verifyingSideMenuCollapsedLangAsInSettingsLingua_20-08-09] Found 4 ready elements (attempt 1): By.xpath: //ytd-mini-guide-renderer[@class='style-scope ytd-app']//ytd-mini-guide-entry-renderer
20:12:39 [TestNG-test-Yt Master Tests-3] INFO  verifyingSideMenuCollapsedLangAsInSettingsLingua_20-08-09 - 
========== LANGUAGE DETECTION ==========
Detected Language : PUNJABI
Input Text        : ਹੋਮ Shorts ਸਬਸਕ੍ਰਿਪਸ਼ਨਾਂ ਤੁਸੀਂ
========================================
20:12:39 [TestNG-test-Yt Master Tests-3] INFO  verifyingSideMenuCollapsedLangAsInSettingsLingua_20-08-09 - text sent to lingua is       ਹੋਮ Shorts ਸਬਸਕ੍ਰਿਪਸ਼ਨਾਂ ਤੁਸੀਂ
20:12:39 [TestNG-test-Yt Master Tests-3] INFO  verifyingSideMenuCollapsedLangAsInSettingsLingua_20-08-09 - getLangAttribute() - locating <html> and reading lang property
20:12:39 [TestNG-test-Yt Master Tests-3] INFO  verifyingSideMenuCollapsedLangAsInSettingsLingua_20-08-09 - Language attribute read: pa-Guru-IN
20:12:39 [TestNG-test-Yt Master Tests-3] INFO  verifyingSideMenuCollapsedLangAsInSettingsLingua_20-08-09 - Clicking settings ellipses button...
20:12:39 [TestNG-test-Yt Master Tests-3] INFO  verifyingSideMenuCollapsedLangAsInSettingsLingua_20-08-09 - [verifyingSideMenuCollapsedLangAsInSettingsLingua_20-08-09] Trying to find element: By.xpath: //ytd-topbar-menu-button-renderer[@class='style-scope ytd-masthead style-default']
20:12:39 [TestNG-test-Yt Master Tests-3] INFO  verifyingSideMenuCollapsedLangAsInSettingsLingua_20-08-09 - [verifyingSideMenuCollapsedLangAsInSettingsLingua_20-08-09] Element found and ready (attempt 1): By.xpath: //ytd-topbar-menu-button-renderer[@class='style-scope ytd-masthead style-default']
20:12:39 [TestNG-test-Yt Master Tests-3] INFO  verifyingSideMenuCollapsedLangAsInSettingsLingua_20-08-09 - Clicking language dropdown...
20:12:39 [TestNG-test-Yt Master Tests-3] INFO  verifyingSideMenuCollapsedLangAsInSettingsLingua_20-08-09 - [verifyingSideMenuCollapsedLangAsInSettingsLingua_20-08-09] Trying to find element: By.xpath: (//div[@id='content-icon'])[2]
20:12:40 [TestNG-test-Yt Master Tests-3] INFO  verifyingSideMenuCollapsedLangAsInSettingsLingua_20-08-09 - [verifyingSideMenuCollapsedLangAsInSettingsLingua_20-08-09] Element found and ready (attempt 1): By.xpath: (//div[@id='content-icon'])[2]
20:12:41 [TestNG-test-Yt Master Tests-3] INFO  verifyingSideMenuCollapsedLangAsInSettingsLingua_20-08-09 - Looking for language element with name: ગુજરાતી
20:12:41 [TestNG-test-Yt Master Tests-3] INFO  verifyingSideMenuCollapsedLangAsInSettingsLingua_20-08-09 - [verifyingSideMenuCollapsedLangAsInSettingsLingua_20-08-09] Trying to find element: By.xpath: //yt-multi-page-menu-section-renderer[@class='style-scope ytd-multi-page-menu-renderer']//yt-formatted-string[@id='label' and text()='ગુજરાતી']
20:12:41 [TestNG-test-Yt Master Tests-3] INFO  verifyingSideMenuCollapsedLangAsInSettingsLingua_20-08-09 - [verifyingSideMenuCollapsedLangAsInSettingsLingua_20-08-09] Element found and ready (attempt 1): By.xpath: //yt-multi-page-menu-section-renderer[@class='style-scope ytd-multi-page-menu-renderer']//yt-formatted-string[@id='label' and text()='ગુજરાતી']
20:12:41 [TestNG-test-Yt Master Tests-3] INFO  verifyingSideMenuCollapsedLangAsInSettingsLingua_20-08-09 - [verifyingSideMenuCollapsedLangAsInSettingsLingua_20-08-09] Trying to find element: By.xpath: //yt-multi-page-menu-section-renderer[@class='style-scope ytd-multi-page-menu-renderer']//yt-formatted-string[@id='label' and text()='ગુજરાતી']
20:12:41 [TestNG-test-Yt Master Tests-3] INFO  verifyingSideMenuCollapsedLangAsInSettingsLingua_20-08-09 - [verifyingSideMenuCollapsedLangAsInSettingsLingua_20-08-09] Element found and ready (attempt 1): By.xpath: //yt-multi-page-menu-section-renderer[@class='style-scope ytd-multi-page-menu-renderer']//yt-formatted-string[@id='label' and text()='ગુજરાતી']
20:12:43 [TestNG-test-Yt Master Tests-3] INFO  verifyingSideMenuCollapsedLangAsInSettingsLingua_20-08-09 - Clicking settings ellipses button...
20:12:43 [TestNG-test-Yt Master Tests-3] INFO  verifyingSideMenuCollapsedLangAsInSettingsLingua_20-08-09 - [verifyingSideMenuCollapsedLangAsInSettingsLingua_20-08-09] Trying to find element: By.xpath: //ytd-topbar-menu-button-renderer[@class='style-scope ytd-masthead style-default']
20:12:43 [TestNG-test-Yt Master Tests-3] INFO  verifyingSideMenuCollapsedLangAsInSettingsLingua_20-08-09 - [verifyingSideMenuCollapsedLangAsInSettingsLingua_20-08-09] Element found and ready (attempt 1): By.xpath: //ytd-topbar-menu-button-renderer[@class='style-scope ytd-masthead style-default']
20:12:43 [TestNG-test-Yt Master Tests-3] INFO  verifyingSideMenuCollapsedLangAsInSettingsLingua_20-08-09 - [verifyingSideMenuCollapsedLangAsInSettingsLingua_20-08-09] Waiting until element is visible in viewport
20:12:44 [TestNG-test-Yt Master Tests-3] INFO  verifyingSideMenuCollapsedLangAsInSettingsLingua_20-08-09 - Clicking settings ellipses button...
20:12:44 [TestNG-test-Yt Master Tests-3] INFO  verifyingSideMenuCollapsedLangAsInSettingsLingua_20-08-09 - [verifyingSideMenuCollapsedLangAsInSettingsLingua_20-08-09] Trying to find element: By.xpath: //ytd-topbar-menu-button-renderer[@class='style-scope ytd-masthead style-default']
20:12:45 [TestNG-test-Yt Master Tests-3] INFO  verifyingSideMenuCollapsedLangAsInSettingsLingua_20-08-09 - [verifyingSideMenuCollapsedLangAsInSettingsLingua_20-08-09] Element found and ready (attempt 1): By.xpath: //ytd-topbar-menu-button-renderer[@class='style-scope ytd-masthead style-default']
20:12:45 [TestNG-test-Yt Master Tests-3] INFO  verifyingSideMenuCollapsedLangAsInSettingsLingua_20-08-09 - getLangAttribute() - locating <html> and reading lang property
20:12:45 [TestNG-test-Yt Master Tests-3] INFO  verifyingSideMenuCollapsedLangAsInSettingsLingua_20-08-09 - Language attribute read: gu-IN
20:12:45 [TestNG-test-Yt Master Tests-3] INFO  verifyingSideMenuCollapsedLangAsInSettingsLingua_20-08-09 - Fetching the side menu in collapsed view
20:12:45 [TestNG-test-Yt Master Tests-3] INFO  verifyingSideMenuCollapsedLangAsInSettingsLingua_20-08-09 - [verifyingSideMenuCollapsedLangAsInSettingsLingua_20-08-09] Finding elements list: By.xpath: //ytd-mini-guide-renderer[@class='style-scope ytd-app']//ytd-mini-guide-entry-renderer
20:12:45 [TestNG-test-Yt Master Tests-3] INFO  verifyingSideMenuCollapsedLangAsInSettingsLingua_20-08-09 - [verifyingSideMenuCollapsedLangAsInSettingsLingua_20-08-09] Found 4 ready elements (attempt 1): By.xpath: //ytd-mini-guide-renderer[@class='style-scope ytd-app']//ytd-mini-guide-entry-renderer
20:12:45 [TestNG-test-Yt Master Tests-3] INFO  verifyingSideMenuCollapsedLangAsInSettingsLingua_20-08-09 - 
========== LANGUAGE DETECTION ==========
Detected Language : GUJARATI
Input Text        : હોમ Shorts સબ્સ્ક્રિપ્શન તમે
========================================
20:12:45 [TestNG-test-Yt Master Tests-3] INFO  verifyingSideMenuCollapsedLangAsInSettingsLingua_20-08-09 - text sent to lingua is       હોમ Shorts સબ્સ્ક્રિપ્શન તમે
20:12:45 [TestNG-test-Yt Master Tests-3] INFO  verifyingSideMenuCollapsedLangAsInSettingsLingua_20-08-09 - getLangAttribute() - locating <html> and reading lang property
20:12:45 [TestNG-test-Yt Master Tests-3] INFO  verifyingSideMenuCollapsedLangAsInSettingsLingua_20-08-09 - Language attribute read: gu-IN
20:12:45 [TestNG-test-Yt Master Tests-3] INFO  verifyingSideMenuCollapsedLangAsInSettingsLingua_20-08-09 - Clicking settings ellipses button...
20:12:45 [TestNG-test-Yt Master Tests-3] INFO  verifyingSideMenuCollapsedLangAsInSettingsLingua_20-08-09 - [verifyingSideMenuCollapsedLangAsInSettingsLingua_20-08-09] Trying to find element: By.xpath: //ytd-topbar-menu-button-renderer[@class='style-scope ytd-masthead style-default']
20:12:45 [TestNG-test-Yt Master Tests-3] INFO  verifyingSideMenuCollapsedLangAsInSettingsLingua_20-08-09 - [verifyingSideMenuCollapsedLangAsInSettingsLingua_20-08-09] Element found and ready (attempt 1): By.xpath: //ytd-topbar-menu-button-renderer[@class='style-scope ytd-masthead style-default']
20:12:46 [TestNG-test-Yt Master Tests-3] INFO  verifyingSideMenuCollapsedLangAsInSettingsLingua_20-08-09 - Clicking language dropdown...
20:12:46 [TestNG-test-Yt Master Tests-3] INFO  verifyingSideMenuCollapsedLangAsInSettingsLingua_20-08-09 - [verifyingSideMenuCollapsedLangAsInSettingsLingua_20-08-09] Trying to find element: By.xpath: (//div[@id='content-icon'])[2]
20:12:46 [TestNG-test-Yt Master Tests-3] INFO  verifyingSideMenuCollapsedLangAsInSettingsLingua_20-08-09 - [verifyingSideMenuCollapsedLangAsInSettingsLingua_20-08-09] Element found and ready (attempt 1): By.xpath: (//div[@id='content-icon'])[2]
20:12:46 [TestNG-test-Yt Master Tests-3] INFO  verifyingSideMenuCollapsedLangAsInSettingsLingua_20-08-09 - Looking for language element with name: தமிழ்
20:12:46 [TestNG-test-Yt Master Tests-3] INFO  verifyingSideMenuCollapsedLangAsInSettingsLingua_20-08-09 - [verifyingSideMenuCollapsedLangAsInSettingsLingua_20-08-09] Trying to find element: By.xpath: //yt-multi-page-menu-section-renderer[@class='style-scope ytd-multi-page-menu-renderer']//yt-formatted-string[@id='label' and text()='தமிழ்']
20:12:46 [TestNG-test-Yt Master Tests-3] INFO  verifyingSideMenuCollapsedLangAsInSettingsLingua_20-08-09 - [verifyingSideMenuCollapsedLangAsInSettingsLingua_20-08-09] Element found and ready (attempt 1): By.xpath: //yt-multi-page-menu-section-renderer[@class='style-scope ytd-multi-page-menu-renderer']//yt-formatted-string[@id='label' and text()='தமிழ்']
20:12:46 [TestNG-test-Yt Master Tests-3] INFO  verifyingSideMenuCollapsedLangAsInSettingsLingua_20-08-09 - [verifyingSideMenuCollapsedLangAsInSettingsLingua_20-08-09] Trying to find element: By.xpath: //yt-multi-page-menu-section-renderer[@class='style-scope ytd-multi-page-menu-renderer']//yt-formatted-string[@id='label' and text()='தமிழ்']
20:12:47 [TestNG-test-Yt Master Tests-3] INFO  verifyingSideMenuCollapsedLangAsInSettingsLingua_20-08-09 - [verifyingSideMenuCollapsedLangAsInSettingsLingua_20-08-09] Element found and ready (attempt 1): By.xpath: //yt-multi-page-menu-section-renderer[@class='style-scope ytd-multi-page-menu-renderer']//yt-formatted-string[@id='label' and text()='தமிழ்']
20:12:48 [TestNG-test-Yt Master Tests-3] INFO  verifyingSideMenuCollapsedLangAsInSettingsLingua_20-08-09 - Clicking settings ellipses button...
20:12:48 [TestNG-test-Yt Master Tests-3] INFO  verifyingSideMenuCollapsedLangAsInSettingsLingua_20-08-09 - [verifyingSideMenuCollapsedLangAsInSettingsLingua_20-08-09] Trying to find element: By.xpath: //ytd-topbar-menu-button-renderer[@class='style-scope ytd-masthead style-default']
20:12:48 [TestNG-test-Yt Master Tests-3] INFO  verifyingSideMenuCollapsedLangAsInSettingsLingua_20-08-09 - [verifyingSideMenuCollapsedLangAsInSettingsLingua_20-08-09] Element found and ready (attempt 1): By.xpath: //ytd-topbar-menu-button-renderer[@class='style-scope ytd-masthead style-default']
20:12:49 [TestNG-test-Yt Master Tests-3] INFO  verifyingSideMenuCollapsedLangAsInSettingsLingua_20-08-09 - [verifyingSideMenuCollapsedLangAsInSettingsLingua_20-08-09] Waiting until element is visible in viewport
20:12:50 [TestNG-test-Yt Master Tests-3] INFO  verifyingSideMenuCollapsedLangAsInSettingsLingua_20-08-09 - Clicking settings ellipses button...
20:12:50 [TestNG-test-Yt Master Tests-3] INFO  verifyingSideMenuCollapsedLangAsInSettingsLingua_20-08-09 - [verifyingSideMenuCollapsedLangAsInSettingsLingua_20-08-09] Trying to find element: By.xpath: //ytd-topbar-menu-button-renderer[@class='style-scope ytd-masthead style-default']
20:12:50 [TestNG-test-Yt Master Tests-3] INFO  verifyingSideMenuCollapsedLangAsInSettingsLingua_20-08-09 - [verifyingSideMenuCollapsedLangAsInSettingsLingua_20-08-09] Element found and ready (attempt 1): By.xpath: //ytd-topbar-menu-button-renderer[@class='style-scope ytd-masthead style-default']
20:12:50 [TestNG-test-Yt Master Tests-3] INFO  verifyingSideMenuCollapsedLangAsInSettingsLingua_20-08-09 - getLangAttribute() - locating <html> and reading lang property
20:12:50 [TestNG-test-Yt Master Tests-3] INFO  verifyingSideMenuCollapsedLangAsInSettingsLingua_20-08-09 - Language attribute read: ta-IN
20:12:50 [TestNG-test-Yt Master Tests-3] INFO  verifyingSideMenuCollapsedLangAsInSettingsLingua_20-08-09 - Fetching the side menu in collapsed view
20:12:50 [TestNG-test-Yt Master Tests-3] INFO  verifyingSideMenuCollapsedLangAsInSettingsLingua_20-08-09 - [verifyingSideMenuCollapsedLangAsInSettingsLingua_20-08-09] Finding elements list: By.xpath: //ytd-mini-guide-renderer[@class='style-scope ytd-app']//ytd-mini-guide-entry-renderer
20:12:50 [TestNG-test-Yt Master Tests-3] INFO  verifyingSideMenuCollapsedLangAsInSettingsLingua_20-08-09 - [verifyingSideMenuCollapsedLangAsInSettingsLingua_20-08-09] Found 4 ready elements (attempt 1): By.xpath: //ytd-mini-guide-renderer[@class='style-scope ytd-app']//ytd-mini-guide-entry-renderer
20:12:50 [TestNG-test-Yt Master Tests-3] INFO  verifyingSideMenuCollapsedLangAsInSettingsLingua_20-08-09 - 
========== LANGUAGE DETECTION ==========
Detected Language : TAMIL
Input Text        : முகப்பு Shorts சந்தாக்கள் நீங்கள்
========================================
20:12:50 [TestNG-test-Yt Master Tests-3] INFO  verifyingSideMenuCollapsedLangAsInSettingsLingua_20-08-09 - text sent to lingua is       முகப்பு Shorts சந்தாக்கள் நீங்கள்
20:12:50 [TestNG-test-Yt Master Tests-3] INFO  verifyingSideMenuCollapsedLangAsInSettingsLingua_20-08-09 - getLangAttribute() - locating <html> and reading lang property
20:12:50 [TestNG-test-Yt Master Tests-3] INFO  verifyingSideMenuCollapsedLangAsInSettingsLingua_20-08-09 - Language attribute read: ta-IN
20:12:50 [TestNG-test-Yt Master Tests-3] INFO  verifyingSideMenuCollapsedLangAsInSettingsLingua_20-08-09 - Clicking settings ellipses button...
20:12:50 [TestNG-test-Yt Master Tests-3] INFO  verifyingSideMenuCollapsedLangAsInSettingsLingua_20-08-09 - [verifyingSideMenuCollapsedLangAsInSettingsLingua_20-08-09] Trying to find element: By.xpath: //ytd-topbar-menu-button-renderer[@class='style-scope ytd-masthead style-default']
20:12:51 [TestNG-test-Yt Master Tests-3] INFO  verifyingSideMenuCollapsedLangAsInSettingsLingua_20-08-09 - [verifyingSideMenuCollapsedLangAsInSettingsLingua_20-08-09] Element found and ready (attempt 1): By.xpath: //ytd-topbar-menu-button-renderer[@class='style-scope ytd-masthead style-default']
20:12:51 [TestNG-test-Yt Master Tests-3] INFO  verifyingSideMenuCollapsedLangAsInSettingsLingua_20-08-09 - Clicking language dropdown...
20:12:51 [TestNG-test-Yt Master Tests-3] INFO  verifyingSideMenuCollapsedLangAsInSettingsLingua_20-08-09 - [verifyingSideMenuCollapsedLangAsInSettingsLingua_20-08-09] Trying to find element: By.xpath: (//div[@id='content-icon'])[2]
20:12:51 [TestNG-test-Yt Master Tests-3] INFO  verifyingSideMenuCollapsedLangAsInSettingsLingua_20-08-09 - [verifyingSideMenuCollapsedLangAsInSettingsLingua_20-08-09] Element found and ready (attempt 1): By.xpath: (//div[@id='content-icon'])[2]
20:12:52 [TestNG-test-Yt Master Tests-3] INFO  verifyingSideMenuCollapsedLangAsInSettingsLingua_20-08-09 - Looking for language element with name: తెలుగు
20:12:52 [TestNG-test-Yt Master Tests-3] INFO  verifyingSideMenuCollapsedLangAsInSettingsLingua_20-08-09 - [verifyingSideMenuCollapsedLangAsInSettingsLingua_20-08-09] Trying to find element: By.xpath: //yt-multi-page-menu-section-renderer[@class='style-scope ytd-multi-page-menu-renderer']//yt-formatted-string[@id='label' and text()='తెలుగు']
20:12:52 [TestNG-test-Yt Master Tests-3] INFO  verifyingSideMenuCollapsedLangAsInSettingsLingua_20-08-09 - [verifyingSideMenuCollapsedLangAsInSettingsLingua_20-08-09] Element found and ready (attempt 1): By.xpath: //yt-multi-page-menu-section-renderer[@class='style-scope ytd-multi-page-menu-renderer']//yt-formatted-string[@id='label' and text()='తెలుగు']
20:12:52 [TestNG-test-Yt Master Tests-3] INFO  verifyingSideMenuCollapsedLangAsInSettingsLingua_20-08-09 - [verifyingSideMenuCollapsedLangAsInSettingsLingua_20-08-09] Trying to find element: By.xpath: //yt-multi-page-menu-section-renderer[@class='style-scope ytd-multi-page-menu-renderer']//yt-formatted-string[@id='label' and text()='తెలుగు']
20:12:52 [TestNG-test-Yt Master Tests-3] INFO  verifyingSideMenuCollapsedLangAsInSettingsLingua_20-08-09 - [verifyingSideMenuCollapsedLangAsInSettingsLingua_20-08-09] Element found and ready (attempt 1): By.xpath: //yt-multi-page-menu-section-renderer[@class='style-scope ytd-multi-page-menu-renderer']//yt-formatted-string[@id='label' and text()='తెలుగు']
20:12:53 [TestNG-test-Yt Master Tests-3] INFO  verifyingSideMenuCollapsedLangAsInSettingsLingua_20-08-09 - Clicking settings ellipses button...
20:12:54 [TestNG-test-Yt Master Tests-3] INFO  verifyingSideMenuCollapsedLangAsInSettingsLingua_20-08-09 - [verifyingSideMenuCollapsedLangAsInSettingsLingua_20-08-09] Trying to find element: By.xpath: //ytd-topbar-menu-button-renderer[@class='style-scope ytd-masthead style-default']
20:12:54 [TestNG-test-Yt Master Tests-3] INFO  verifyingSideMenuCollapsedLangAsInSettingsLingua_20-08-09 - [verifyingSideMenuCollapsedLangAsInSettingsLingua_20-08-09] Element found and ready (attempt 1): By.xpath: //ytd-topbar-menu-button-renderer[@class='style-scope ytd-masthead style-default']
20:12:54 [TestNG-test-Yt Master Tests-3] INFO  verifyingSideMenuCollapsedLangAsInSettingsLingua_20-08-09 - [verifyingSideMenuCollapsedLangAsInSettingsLingua_20-08-09] Waiting until element is visible in viewport
20:12:56 [TestNG-test-Yt Master Tests-3] INFO  verifyingSideMenuCollapsedLangAsInSettingsLingua_20-08-09 - Clicking settings ellipses button...
20:12:57 [TestNG-test-Yt Master Tests-3] INFO  verifyingSideMenuCollapsedLangAsInSettingsLingua_20-08-09 - [verifyingSideMenuCollapsedLangAsInSettingsLingua_20-08-09] Trying to find element: By.xpath: //ytd-topbar-menu-button-renderer[@class='style-scope ytd-masthead style-default']
20:12:57 [TestNG-test-Yt Master Tests-3] INFO  verifyingSideMenuCollapsedLangAsInSettingsLingua_20-08-09 - [verifyingSideMenuCollapsedLangAsInSettingsLingua_20-08-09] Element found and ready (attempt 1): By.xpath: //ytd-topbar-menu-button-renderer[@class='style-scope ytd-masthead style-default']
20:12:57 [TestNG-test-Yt Master Tests-3] INFO  verifyingSideMenuCollapsedLangAsInSettingsLingua_20-08-09 - getLangAttribute() - locating <html> and reading lang property
20:12:58 [TestNG-test-Yt Master Tests-3] INFO  verifyingSideMenuCollapsedLangAsInSettingsLingua_20-08-09 - Language attribute read: te-IN
20:12:58 [TestNG-test-Yt Master Tests-3] INFO  verifyingSideMenuCollapsedLangAsInSettingsLingua_20-08-09 - Fetching the side menu in collapsed view
20:12:58 [TestNG-test-Yt Master Tests-3] INFO  verifyingSideMenuCollapsedLangAsInSettingsLingua_20-08-09 - [verifyingSideMenuCollapsedLangAsInSettingsLingua_20-08-09] Finding elements list: By.xpath: //ytd-mini-guide-renderer[@class='style-scope ytd-app']//ytd-mini-guide-entry-renderer
20:12:58 [TestNG-test-Yt Master Tests-3] INFO  verifyingSideMenuCollapsedLangAsInSettingsLingua_20-08-09 - [verifyingSideMenuCollapsedLangAsInSettingsLingua_20-08-09] Found 4 ready elements (attempt 1): By.xpath: //ytd-mini-guide-renderer[@class='style-scope ytd-app']//ytd-mini-guide-entry-renderer
20:12:58 [TestNG-test-Yt Master Tests-3] INFO  verifyingSideMenuCollapsedLangAsInSettingsLingua_20-08-09 - 
========== LANGUAGE DETECTION ==========
Detected Language : TELUGU
Input Text        : మొదటి ట్యాబ్ Shorts సబ్‌స్క్రిప్షన్‌లు ఖాతా
========================================
20:12:58 [TestNG-test-Yt Master Tests-3] INFO  verifyingSideMenuCollapsedLangAsInSettingsLingua_20-08-09 - text sent to lingua is       మొదటి ట్యాబ్ Shorts సబ్‌స్క్రిప్షన్‌లు ఖాతా
20:12:58 [TestNG-test-Yt Master Tests-3] INFO  verifyingSideMenuCollapsedLangAsInSettingsLingua_20-08-09 - getLangAttribute() - locating <html> and reading lang property
20:12:58 [TestNG-test-Yt Master Tests-3] INFO  verifyingSideMenuCollapsedLangAsInSettingsLingua_20-08-09 - Language attribute read: te-IN
20:12:58 [TestNG-test-Yt Master Tests-3] INFO  verifyingSideMenuCollapsedLangAsInSettingsLingua_20-08-09 - Clicking settings ellipses button...
20:12:58 [TestNG-test-Yt Master Tests-3] INFO  verifyingSideMenuCollapsedLangAsInSettingsLingua_20-08-09 - [verifyingSideMenuCollapsedLangAsInSettingsLingua_20-08-09] Trying to find element: By.xpath: //ytd-topbar-menu-button-renderer[@class='style-scope ytd-masthead style-default']
20:12:58 [TestNG-test-Yt Master Tests-3] INFO  verifyingSideMenuCollapsedLangAsInSettingsLingua_20-08-09 - [verifyingSideMenuCollapsedLangAsInSettingsLingua_20-08-09] Element found and ready (attempt 1): By.xpath: //ytd-topbar-menu-button-renderer[@class='style-scope ytd-masthead style-default']
20:12:58 [TestNG-test-Yt Master Tests-3] INFO  verifyingSideMenuCollapsedLangAsInSettingsLingua_20-08-09 - Clicking language dropdown...
20:12:58 [TestNG-test-Yt Master Tests-3] INFO  verifyingSideMenuCollapsedLangAsInSettingsLingua_20-08-09 - [verifyingSideMenuCollapsedLangAsInSettingsLingua_20-08-09] Trying to find element: By.xpath: (//div[@id='content-icon'])[2]
20:12:59 [TestNG-test-Yt Master Tests-3] INFO  verifyingSideMenuCollapsedLangAsInSettingsLingua_20-08-09 - [verifyingSideMenuCollapsedLangAsInSettingsLingua_20-08-09] Element found and ready (attempt 1): By.xpath: (//div[@id='content-icon'])[2]
20:13:00 [TestNG-test-Yt Master Tests-3] INFO  verifyingSideMenuCollapsedLangAsInSettingsLingua_20-08-09 - Looking for language element with name: 中文 (简体)
20:13:00 [TestNG-test-Yt Master Tests-3] INFO  verifyingSideMenuCollapsedLangAsInSettingsLingua_20-08-09 - [verifyingSideMenuCollapsedLangAsInSettingsLingua_20-08-09] Trying to find element: By.xpath: //yt-multi-page-menu-section-renderer[@class='style-scope ytd-multi-page-menu-renderer']//yt-formatted-string[@id='label' and text()='中文 (简体)']
20:13:00 [TestNG-test-Yt Master Tests-3] INFO  verifyingSideMenuCollapsedLangAsInSettingsLingua_20-08-09 - [verifyingSideMenuCollapsedLangAsInSettingsLingua_20-08-09] Element found and ready (attempt 1): By.xpath: //yt-multi-page-menu-section-renderer[@class='style-scope ytd-multi-page-menu-renderer']//yt-formatted-string[@id='label' and text()='中文 (简体)']
20:13:00 [TestNG-test-Yt Master Tests-3] INFO  verifyingSideMenuCollapsedLangAsInSettingsLingua_20-08-09 - [verifyingSideMenuCollapsedLangAsInSettingsLingua_20-08-09] Trying to find element: By.xpath: //yt-multi-page-menu-section-renderer[@class='style-scope ytd-multi-page-menu-renderer']//yt-formatted-string[@id='label' and text()='中文 (简体)']
20:13:00 [TestNG-test-Yt Master Tests-3] INFO  verifyingSideMenuCollapsedLangAsInSettingsLingua_20-08-09 - [verifyingSideMenuCollapsedLangAsInSettingsLingua_20-08-09] Element found and ready (attempt 1): By.xpath: //yt-multi-page-menu-section-renderer[@class='style-scope ytd-multi-page-menu-renderer']//yt-formatted-string[@id='label' and text()='中文 (简体)']
20:13:02 [TestNG-test-Yt Master Tests-3] INFO  verifyingSideMenuCollapsedLangAsInSettingsLingua_20-08-09 - Clicking settings ellipses button...
20:13:02 [TestNG-test-Yt Master Tests-3] INFO  verifyingSideMenuCollapsedLangAsInSettingsLingua_20-08-09 - [verifyingSideMenuCollapsedLangAsInSettingsLingua_20-08-09] Trying to find element: By.xpath: //ytd-topbar-menu-button-renderer[@class='style-scope ytd-masthead style-default']
20:13:02 [TestNG-test-Yt Master Tests-3] INFO  verifyingSideMenuCollapsedLangAsInSettingsLingua_20-08-09 - [verifyingSideMenuCollapsedLangAsInSettingsLingua_20-08-09] Element found and ready (attempt 1): By.xpath: //ytd-topbar-menu-button-renderer[@class='style-scope ytd-masthead style-default']
20:13:02 [TestNG-test-Yt Master Tests-3] INFO  verifyingSideMenuCollapsedLangAsInSettingsLingua_20-08-09 - [verifyingSideMenuCollapsedLangAsInSettingsLingua_20-08-09] Waiting until element is visible in viewport
20:13:03 [TestNG-test-Yt Master Tests-3] INFO  verifyingSideMenuCollapsedLangAsInSettingsLingua_20-08-09 - Clicking settings ellipses button...
20:13:03 [TestNG-test-Yt Master Tests-3] INFO  verifyingSideMenuCollapsedLangAsInSettingsLingua_20-08-09 - [verifyingSideMenuCollapsedLangAsInSettingsLingua_20-08-09] Trying to find element: By.xpath: //ytd-topbar-menu-button-renderer[@class='style-scope ytd-masthead style-default']
20:13:03 [TestNG-test-Yt Master Tests-3] INFO  verifyingSideMenuCollapsedLangAsInSettingsLingua_20-08-09 - [verifyingSideMenuCollapsedLangAsInSettingsLingua_20-08-09] Element found and ready (attempt 1): By.xpath: //ytd-topbar-menu-button-renderer[@class='style-scope ytd-masthead style-default']
20:13:03 [TestNG-test-Yt Master Tests-3] INFO  verifyingSideMenuCollapsedLangAsInSettingsLingua_20-08-09 - getLangAttribute() - locating <html> and reading lang property
20:13:03 [TestNG-test-Yt Master Tests-3] INFO  verifyingSideMenuCollapsedLangAsInSettingsLingua_20-08-09 - Language attribute read: zh-Hans-CN
20:13:03 [TestNG-test-Yt Master Tests-3] INFO  verifyingSideMenuCollapsedLangAsInSettingsLingua_20-08-09 - Fetching the side menu in collapsed view
20:13:03 [TestNG-test-Yt Master Tests-3] INFO  verifyingSideMenuCollapsedLangAsInSettingsLingua_20-08-09 - [verifyingSideMenuCollapsedLangAsInSettingsLingua_20-08-09] Finding elements list: By.xpath: //ytd-mini-guide-renderer[@class='style-scope ytd-app']//ytd-mini-guide-entry-renderer
20:13:03 [TestNG-test-Yt Master Tests-3] INFO  verifyingSideMenuCollapsedLangAsInSettingsLingua_20-08-09 - [verifyingSideMenuCollapsedLangAsInSettingsLingua_20-08-09] Found 4 ready elements (attempt 1): By.xpath: //ytd-mini-guide-renderer[@class='style-scope ytd-app']//ytd-mini-guide-entry-renderer
20:13:03 [TestNG-test-Yt Master Tests-3] INFO  verifyingSideMenuCollapsedLangAsInSettingsLingua_20-08-09 - 
========== LANGUAGE DETECTION ==========
Detected Language : CHINESE
Input Text        : 首页 Shorts 订阅 我
========================================
20:13:03 [TestNG-test-Yt Master Tests-3] INFO  verifyingSideMenuCollapsedLangAsInSettingsLingua_20-08-09 - text sent to lingua is       首页 Shorts 订阅 我
20:13:03 [TestNG-test-Yt Master Tests-3] INFO  verifyingSideMenuCollapsedLangAsInSettingsLingua_20-08-09 - getLangAttribute() - locating <html> and reading lang property
20:13:03 [TestNG-test-Yt Master Tests-3] INFO  verifyingSideMenuCollapsedLangAsInSettingsLingua_20-08-09 - Language attribute read: zh-Hans-CN
20:13:03 [TestNG-test-Yt Master Tests-3] INFO  verifyingSideMenuCollapsedLangAsInSettingsLingua_20-08-09 - Clicking settings ellipses button...
20:13:03 [TestNG-test-Yt Master Tests-3] INFO  verifyingSideMenuCollapsedLangAsInSettingsLingua_20-08-09 - [verifyingSideMenuCollapsedLangAsInSettingsLingua_20-08-09] Trying to find element: By.xpath: //ytd-topbar-menu-button-renderer[@class='style-scope ytd-masthead style-default']
20:13:04 [TestNG-test-Yt Master Tests-3] INFO  verifyingSideMenuCollapsedLangAsInSettingsLingua_20-08-09 - [verifyingSideMenuCollapsedLangAsInSettingsLingua_20-08-09] Element found and ready (attempt 1): By.xpath: //ytd-topbar-menu-button-renderer[@class='style-scope ytd-masthead style-default']
20:13:04 [TestNG-test-Yt Master Tests-3] INFO  verifyingSideMenuCollapsedLangAsInSettingsLingua_20-08-09 - Clicking language dropdown...
20:13:04 [TestNG-test-Yt Master Tests-3] INFO  verifyingSideMenuCollapsedLangAsInSettingsLingua_20-08-09 - [verifyingSideMenuCollapsedLangAsInSettingsLingua_20-08-09] Trying to find element: By.xpath: (//div[@id='content-icon'])[2]
20:13:04 [TestNG-test-Yt Master Tests-3] INFO  verifyingSideMenuCollapsedLangAsInSettingsLingua_20-08-09 - [verifyingSideMenuCollapsedLangAsInSettingsLingua_20-08-09] Element found and ready (attempt 1): By.xpath: (//div[@id='content-icon'])[2]
20:13:05 [TestNG-test-Yt Master Tests-3] INFO  verifyingSideMenuCollapsedLangAsInSettingsLingua_20-08-09 - Looking for language element with name: 中文 (繁體)
20:13:05 [TestNG-test-Yt Master Tests-3] INFO  verifyingSideMenuCollapsedLangAsInSettingsLingua_20-08-09 - [verifyingSideMenuCollapsedLangAsInSettingsLingua_20-08-09] Trying to find element: By.xpath: //yt-multi-page-menu-section-renderer[@class='style-scope ytd-multi-page-menu-renderer']//yt-formatted-string[@id='label' and text()='中文 (繁體)']
20:13:05 [TestNG-test-Yt Master Tests-3] INFO  verifyingSideMenuCollapsedLangAsInSettingsLingua_20-08-09 - [verifyingSideMenuCollapsedLangAsInSettingsLingua_20-08-09] Element found and ready (attempt 1): By.xpath: //yt-multi-page-menu-section-renderer[@class='style-scope ytd-multi-page-menu-renderer']//yt-formatted-string[@id='label' and text()='中文 (繁體)']
20:13:05 [TestNG-test-Yt Master Tests-3] INFO  verifyingSideMenuCollapsedLangAsInSettingsLingua_20-08-09 - [verifyingSideMenuCollapsedLangAsInSettingsLingua_20-08-09] Trying to find element: By.xpath: //yt-multi-page-menu-section-renderer[@class='style-scope ytd-multi-page-menu-renderer']//yt-formatted-string[@id='label' and text()='中文 (繁體)']
20:13:05 [TestNG-test-Yt Master Tests-3] INFO  verifyingSideMenuCollapsedLangAsInSettingsLingua_20-08-09 - [verifyingSideMenuCollapsedLangAsInSettingsLingua_20-08-09] Element found and ready (attempt 1): By.xpath: //yt-multi-page-menu-section-renderer[@class='style-scope ytd-multi-page-menu-renderer']//yt-formatted-string[@id='label' and text()='中文 (繁體)']
20:13:06 [TestNG-test-Yt Master Tests-3] INFO  verifyingSideMenuCollapsedLangAsInSettingsLingua_20-08-09 - Clicking settings ellipses button...
20:13:07 [TestNG-test-Yt Master Tests-3] INFO  verifyingSideMenuCollapsedLangAsInSettingsLingua_20-08-09 - [verifyingSideMenuCollapsedLangAsInSettingsLingua_20-08-09] Trying to find element: By.xpath: //ytd-topbar-menu-button-renderer[@class='style-scope ytd-masthead style-default']
20:13:07 [TestNG-test-Yt Master Tests-3] INFO  verifyingSideMenuCollapsedLangAsInSettingsLingua_20-08-09 - [verifyingSideMenuCollapsedLangAsInSettingsLingua_20-08-09] Element found and ready (attempt 1): By.xpath: //ytd-topbar-menu-button-renderer[@class='style-scope ytd-masthead style-default']
20:13:07 [TestNG-test-Yt Master Tests-3] INFO  verifyingSideMenuCollapsedLangAsInSettingsLingua_20-08-09 - [verifyingSideMenuCollapsedLangAsInSettingsLingua_20-08-09] Waiting until element is visible in viewport
20:13:08 [TestNG-test-Yt Master Tests-3] INFO  verifyingSideMenuCollapsedLangAsInSettingsLingua_20-08-09 - Clicking settings ellipses button...
20:13:08 [TestNG-test-Yt Master Tests-3] INFO  verifyingSideMenuCollapsedLangAsInSettingsLingua_20-08-09 - [verifyingSideMenuCollapsedLangAsInSettingsLingua_20-08-09] Trying to find element: By.xpath: //ytd-topbar-menu-button-renderer[@class='style-scope ytd-masthead style-default']
20:13:08 [TestNG-test-Yt Master Tests-3] INFO  verifyingSideMenuCollapsedLangAsInSettingsLingua_20-08-09 - [verifyingSideMenuCollapsedLangAsInSettingsLingua_20-08-09] Element found and ready (attempt 1): By.xpath: //ytd-topbar-menu-button-renderer[@class='style-scope ytd-masthead style-default']
20:13:08 [TestNG-test-Yt Master Tests-3] INFO  verifyingSideMenuCollapsedLangAsInSettingsLingua_20-08-09 - getLangAttribute() - locating <html> and reading lang property
20:13:09 [TestNG-test-Yt Master Tests-3] INFO  verifyingSideMenuCollapsedLangAsInSettingsLingua_20-08-09 - Language attribute read: zh-Hant-TW
20:13:09 [TestNG-test-Yt Master Tests-3] INFO  verifyingSideMenuCollapsedLangAsInSettingsLingua_20-08-09 - Fetching the side menu in collapsed view
20:13:09 [TestNG-test-Yt Master Tests-3] INFO  verifyingSideMenuCollapsedLangAsInSettingsLingua_20-08-09 - [verifyingSideMenuCollapsedLangAsInSettingsLingua_20-08-09] Finding elements list: By.xpath: //ytd-mini-guide-renderer[@class='style-scope ytd-app']//ytd-mini-guide-entry-renderer
20:13:09 [TestNG-test-Yt Master Tests-3] INFO  verifyingSideMenuCollapsedLangAsInSettingsLingua_20-08-09 - [verifyingSideMenuCollapsedLangAsInSettingsLingua_20-08-09] Found 4 ready elements (attempt 1): By.xpath: //ytd-mini-guide-renderer[@class='style-scope ytd-app']//ytd-mini-guide-entry-renderer
20:13:09 [TestNG-test-Yt Master Tests-3] INFO  verifyingSideMenuCollapsedLangAsInSettingsLingua_20-08-09 - 
========== LANGUAGE DETECTION ==========
Detected Language : CHINESE
Input Text        : 首頁 Shorts 訂閱內容 個人中心
========================================
20:13:09 [TestNG-test-Yt Master Tests-3] INFO  verifyingSideMenuCollapsedLangAsInSettingsLingua_20-08-09 - text sent to lingua is       首頁 Shorts 訂閱內容 個人中心
20:13:09 [TestNG-test-Yt Master Tests-3] INFO  verifyingSideMenuCollapsedLangAsInSettingsLingua_20-08-09 - getLangAttribute() - locating <html> and reading lang property
20:13:09 [TestNG-test-Yt Master Tests-3] INFO  verifyingSideMenuCollapsedLangAsInSettingsLingua_20-08-09 - Language attribute read: zh-Hant-TW
20:13:09 [TestNG-test-Yt Master Tests-3] INFO  verifyingSideMenuCollapsedLangAsInSettingsLingua_20-08-09 - Clicking settings ellipses button...
20:13:09 [TestNG-test-Yt Master Tests-3] INFO  verifyingSideMenuCollapsedLangAsInSettingsLingua_20-08-09 - [verifyingSideMenuCollapsedLangAsInSettingsLingua_20-08-09] Trying to find element: By.xpath: //ytd-topbar-menu-button-renderer[@class='style-scope ytd-masthead style-default']
20:13:09 [TestNG-test-Yt Master Tests-3] INFO  verifyingSideMenuCollapsedLangAsInSettingsLingua_20-08-09 - [verifyingSideMenuCollapsedLangAsInSettingsLingua_20-08-09] Element found and ready (attempt 1): By.xpath: //ytd-topbar-menu-button-renderer[@class='style-scope ytd-masthead style-default']
20:13:09 [TestNG-test-Yt Master Tests-3] INFO  verifyingSideMenuCollapsedLangAsInSettingsLingua_20-08-09 - Clicking language dropdown...
20:13:09 [TestNG-test-Yt Master Tests-3] INFO  verifyingSideMenuCollapsedLangAsInSettingsLingua_20-08-09 - [verifyingSideMenuCollapsedLangAsInSettingsLingua_20-08-09] Trying to find element: By.xpath: (//div[@id='content-icon'])[2]
20:13:10 [TestNG-test-Yt Master Tests-3] INFO  verifyingSideMenuCollapsedLangAsInSettingsLingua_20-08-09 - [verifyingSideMenuCollapsedLangAsInSettingsLingua_20-08-09] Element found and ready (attempt 1): By.xpath: (//div[@id='content-icon'])[2]
20:13:11 [TestNG-test-Yt Master Tests-3] INFO  verifyingSideMenuCollapsedLangAsInSettingsLingua_20-08-09 - Looking for language element with name: 中文 (香港)
20:13:11 [TestNG-test-Yt Master Tests-3] INFO  verifyingSideMenuCollapsedLangAsInSettingsLingua_20-08-09 - [verifyingSideMenuCollapsedLangAsInSettingsLingua_20-08-09] Trying to find element: By.xpath: //yt-multi-page-menu-section-renderer[@class='style-scope ytd-multi-page-menu-renderer']//yt-formatted-string[@id='label' and text()='中文 (香港)']
20:13:11 [TestNG-test-Yt Master Tests-3] INFO  verifyingSideMenuCollapsedLangAsInSettingsLingua_20-08-09 - [verifyingSideMenuCollapsedLangAsInSettingsLingua_20-08-09] Element found and ready (attempt 1): By.xpath: //yt-multi-page-menu-section-renderer[@class='style-scope ytd-multi-page-menu-renderer']//yt-formatted-string[@id='label' and text()='中文 (香港)']
20:13:11 [TestNG-test-Yt Master Tests-3] INFO  verifyingSideMenuCollapsedLangAsInSettingsLingua_20-08-09 - [verifyingSideMenuCollapsedLangAsInSettingsLingua_20-08-09] Trying to find element: By.xpath: //yt-multi-page-menu-section-renderer[@class='style-scope ytd-multi-page-menu-renderer']//yt-formatted-string[@id='label' and text()='中文 (香港)']
20:13:11 [TestNG-test-Yt Master Tests-3] INFO  verifyingSideMenuCollapsedLangAsInSettingsLingua_20-08-09 - [verifyingSideMenuCollapsedLangAsInSettingsLingua_20-08-09] Element found and ready (attempt 1): By.xpath: //yt-multi-page-menu-section-renderer[@class='style-scope ytd-multi-page-menu-renderer']//yt-formatted-string[@id='label' and text()='中文 (香港)']
20:13:13 [TestNG-test-Yt Master Tests-3] INFO  verifyingSideMenuCollapsedLangAsInSettingsLingua_20-08-09 - Clicking settings ellipses button...
20:13:13 [TestNG-test-Yt Master Tests-3] INFO  verifyingSideMenuCollapsedLangAsInSettingsLingua_20-08-09 - [verifyingSideMenuCollapsedLangAsInSettingsLingua_20-08-09] Trying to find element: By.xpath: //ytd-topbar-menu-button-renderer[@class='style-scope ytd-masthead style-default']
20:13:13 [TestNG-test-Yt Master Tests-3] INFO  verifyingSideMenuCollapsedLangAsInSettingsLingua_20-08-09 - [verifyingSideMenuCollapsedLangAsInSettingsLingua_20-08-09] Element found and ready (attempt 1): By.xpath: //ytd-topbar-menu-button-renderer[@class='style-scope ytd-masthead style-default']
20:13:13 [TestNG-test-Yt Master Tests-3] INFO  verifyingSideMenuCollapsedLangAsInSettingsLingua_20-08-09 - [verifyingSideMenuCollapsedLangAsInSettingsLingua_20-08-09] Waiting until element is visible in viewport
20:13:14 [TestNG-test-Yt Master Tests-3] INFO  verifyingSideMenuCollapsedLangAsInSettingsLingua_20-08-09 - Clicking settings ellipses button...
20:13:14 [TestNG-test-Yt Master Tests-3] INFO  verifyingSideMenuCollapsedLangAsInSettingsLingua_20-08-09 - [verifyingSideMenuCollapsedLangAsInSettingsLingua_20-08-09] Trying to find element: By.xpath: //ytd-topbar-menu-button-renderer[@class='style-scope ytd-masthead style-default']
20:13:15 [TestNG-test-Yt Master Tests-3] INFO  verifyingSideMenuCollapsedLangAsInSettingsLingua_20-08-09 - [verifyingSideMenuCollapsedLangAsInSettingsLingua_20-08-09] Element found and ready (attempt 1): By.xpath: //ytd-topbar-menu-button-renderer[@class='style-scope ytd-masthead style-default']
20:13:15 [TestNG-test-Yt Master Tests-3] INFO  verifyingSideMenuCollapsedLangAsInSettingsLingua_20-08-09 - getLangAttribute() - locating <html> and reading lang property
20:13:15 [TestNG-test-Yt Master Tests-3] INFO  verifyingSideMenuCollapsedLangAsInSettingsLingua_20-08-09 - Language attribute read: zh-Hant-HK
20:13:15 [TestNG-test-Yt Master Tests-3] INFO  verifyingSideMenuCollapsedLangAsInSettingsLingua_20-08-09 - Fetching the side menu in collapsed view
20:13:15 [TestNG-test-Yt Master Tests-3] INFO  verifyingSideMenuCollapsedLangAsInSettingsLingua_20-08-09 - [verifyingSideMenuCollapsedLangAsInSettingsLingua_20-08-09] Finding elements list: By.xpath: //ytd-mini-guide-renderer[@class='style-scope ytd-app']//ytd-mini-guide-entry-renderer
20:13:15 [TestNG-test-Yt Master Tests-3] INFO  verifyingSideMenuCollapsedLangAsInSettingsLingua_20-08-09 - [verifyingSideMenuCollapsedLangAsInSettingsLingua_20-08-09] Found 4 ready elements (attempt 1): By.xpath: //ytd-mini-guide-renderer[@class='style-scope ytd-app']//ytd-mini-guide-entry-renderer
20:13:15 [TestNG-test-Yt Master Tests-3] INFO  verifyingSideMenuCollapsedLangAsInSettingsLingua_20-08-09 - 
========== LANGUAGE DETECTION ==========
Detected Language : CHINESE
Input Text        : 主頁 Shorts 訂閱項目 個人中心
========================================
20:13:15 [TestNG-test-Yt Master Tests-3] INFO  verifyingSideMenuCollapsedLangAsInSettingsLingua_20-08-09 - text sent to lingua is       主頁 Shorts 訂閱項目 個人中心
20:13:15 [TestNG-test-Yt Master Tests-3] INFO  verifyingSideMenuCollapsedLangAsInSettingsLingua_20-08-09 - getLangAttribute() - locating <html> and reading lang property
20:13:15 [TestNG-test-Yt Master Tests-3] INFO  verifyingSideMenuCollapsedLangAsInSettingsLingua_20-08-09 - Language attribute read: zh-Hant-HK
20:13:15 [TestNG-test-Yt Master Tests-3] INFO  verifyingSideMenuCollapsedLangAsInSettingsLingua_20-08-09 - Clicking settings ellipses button...
20:13:15 [TestNG-test-Yt Master Tests-3] INFO  verifyingSideMenuCollapsedLangAsInSettingsLingua_20-08-09 - [verifyingSideMenuCollapsedLangAsInSettingsLingua_20-08-09] Trying to find element: By.xpath: //ytd-topbar-menu-button-renderer[@class='style-scope ytd-masthead style-default']
20:13:15 [TestNG-test-Yt Master Tests-3] INFO  verifyingSideMenuCollapsedLangAsInSettingsLingua_20-08-09 - [verifyingSideMenuCollapsedLangAsInSettingsLingua_20-08-09] Element found and ready (attempt 1): By.xpath: //ytd-topbar-menu-button-renderer[@class='style-scope ytd-masthead style-default']
20:13:15 [TestNG-test-Yt Master Tests-3] INFO  verifyingSideMenuCollapsedLangAsInSettingsLingua_20-08-09 - Clicking language dropdown...
20:13:15 [TestNG-test-Yt Master Tests-3] INFO  verifyingSideMenuCollapsedLangAsInSettingsLingua_20-08-09 - [verifyingSideMenuCollapsedLangAsInSettingsLingua_20-08-09] Trying to find element: By.xpath: (//div[@id='content-icon'])[2]
20:13:16 [TestNG-test-Yt Master Tests-3] INFO  verifyingSideMenuCollapsedLangAsInSettingsLingua_20-08-09 - [verifyingSideMenuCollapsedLangAsInSettingsLingua_20-08-09] Element found and ready (attempt 1): By.xpath: (//div[@id='content-icon'])[2]
20:13:17 [TestNG-test-Yt Master Tests-3] INFO  verifyingSideMenuCollapsedLangAsInSettingsLingua_20-08-09 - Looking for language element with name: 日本語
20:13:17 [TestNG-test-Yt Master Tests-3] INFO  verifyingSideMenuCollapsedLangAsInSettingsLingua_20-08-09 - [verifyingSideMenuCollapsedLangAsInSettingsLingua_20-08-09] Trying to find element: By.xpath: //yt-multi-page-menu-section-renderer[@class='style-scope ytd-multi-page-menu-renderer']//yt-formatted-string[@id='label' and text()='日本語']
20:13:17 [TestNG-test-Yt Master Tests-3] INFO  verifyingSideMenuCollapsedLangAsInSettingsLingua_20-08-09 - [verifyingSideMenuCollapsedLangAsInSettingsLingua_20-08-09] Element found and ready (attempt 1): By.xpath: //yt-multi-page-menu-section-renderer[@class='style-scope ytd-multi-page-menu-renderer']//yt-formatted-string[@id='label' and text()='日本語']
20:13:17 [TestNG-test-Yt Master Tests-3] INFO  verifyingSideMenuCollapsedLangAsInSettingsLingua_20-08-09 - [verifyingSideMenuCollapsedLangAsInSettingsLingua_20-08-09] Trying to find element: By.xpath: //yt-multi-page-menu-section-renderer[@class='style-scope ytd-multi-page-menu-renderer']//yt-formatted-string[@id='label' and text()='日本語']
20:13:17 [TestNG-test-Yt Master Tests-3] INFO  verifyingSideMenuCollapsedLangAsInSettingsLingua_20-08-09 - [verifyingSideMenuCollapsedLangAsInSettingsLingua_20-08-09] Element found and ready (attempt 1): By.xpath: //yt-multi-page-menu-section-renderer[@class='style-scope ytd-multi-page-menu-renderer']//yt-formatted-string[@id='label' and text()='日本語']
20:13:20 [TestNG-test-Yt Master Tests-3] INFO  verifyingSideMenuCollapsedLangAsInSettingsLingua_20-08-09 - Clicking settings ellipses button...
20:13:20 [TestNG-test-Yt Master Tests-3] INFO  verifyingSideMenuCollapsedLangAsInSettingsLingua_20-08-09 - [verifyingSideMenuCollapsedLangAsInSettingsLingua_20-08-09] Trying to find element: By.xpath: //ytd-topbar-menu-button-renderer[@class='style-scope ytd-masthead style-default']
20:13:20 [TestNG-test-Yt Master Tests-3] INFO  verifyingSideMenuCollapsedLangAsInSettingsLingua_20-08-09 - [verifyingSideMenuCollapsedLangAsInSettingsLingua_20-08-09] Element found and ready (attempt 1): By.xpath: //ytd-topbar-menu-button-renderer[@class='style-scope ytd-masthead style-default']
20:13:20 [TestNG-test-Yt Master Tests-3] INFO  verifyingSideMenuCollapsedLangAsInSettingsLingua_20-08-09 - [verifyingSideMenuCollapsedLangAsInSettingsLingua_20-08-09] Waiting until element is visible in viewport
20:13:21 [TestNG-test-Yt Master Tests-3] INFO  verifyingSideMenuCollapsedLangAsInSettingsLingua_20-08-09 - Clicking settings ellipses button...
20:13:21 [TestNG-test-Yt Master Tests-3] INFO  verifyingSideMenuCollapsedLangAsInSettingsLingua_20-08-09 - [verifyingSideMenuCollapsedLangAsInSettingsLingua_20-08-09] Trying to find element: By.xpath: //ytd-topbar-menu-button-renderer[@class='style-scope ytd-masthead style-default']
20:13:21 [TestNG-test-Yt Master Tests-3] INFO  verifyingSideMenuCollapsedLangAsInSettingsLingua_20-08-09 - [verifyingSideMenuCollapsedLangAsInSettingsLingua_20-08-09] Element found and ready (attempt 1): By.xpath: //ytd-topbar-menu-button-renderer[@class='style-scope ytd-masthead style-default']
20:13:21 [TestNG-test-Yt Master Tests-3] INFO  verifyingSideMenuCollapsedLangAsInSettingsLingua_20-08-09 - getLangAttribute() - locating <html> and reading lang property
20:13:21 [TestNG-test-Yt Master Tests-3] INFO  verifyingSideMenuCollapsedLangAsInSettingsLingua_20-08-09 - Language attribute read: ja-JP
20:13:21 [TestNG-test-Yt Master Tests-3] INFO  verifyingSideMenuCollapsedLangAsInSettingsLingua_20-08-09 - Fetching the side menu in collapsed view
20:13:21 [TestNG-test-Yt Master Tests-3] INFO  verifyingSideMenuCollapsedLangAsInSettingsLingua_20-08-09 - [verifyingSideMenuCollapsedLangAsInSettingsLingua_20-08-09] Finding elements list: By.xpath: //ytd-mini-guide-renderer[@class='style-scope ytd-app']//ytd-mini-guide-entry-renderer
20:13:21 [TestNG-test-Yt Master Tests-3] INFO  verifyingSideMenuCollapsedLangAsInSettingsLingua_20-08-09 - [verifyingSideMenuCollapsedLangAsInSettingsLingua_20-08-09] Found 4 ready elements (attempt 1): By.xpath: //ytd-mini-guide-renderer[@class='style-scope ytd-app']//ytd-mini-guide-entry-renderer
20:13:21 [TestNG-test-Yt Master Tests-3] INFO  verifyingSideMenuCollapsedLangAsInSettingsLingua_20-08-09 - 
========== LANGUAGE DETECTION ==========
Detected Language : JAPANESE
Input Text        : ホーム ショート 登録チャンネル マイページ
========================================
20:13:21 [TestNG-test-Yt Master Tests-3] INFO  verifyingSideMenuCollapsedLangAsInSettingsLingua_20-08-09 - text sent to lingua is       ホーム ショート 登録チャンネル マイページ
20:13:21 [TestNG-test-Yt Master Tests-3] INFO  verifyingSideMenuCollapsedLangAsInSettingsLingua_20-08-09 - getLangAttribute() - locating <html> and reading lang property
20:13:21 [TestNG-test-Yt Master Tests-3] INFO  verifyingSideMenuCollapsedLangAsInSettingsLingua_20-08-09 - Language attribute read: ja-JP
20:13:21 [TestNG-test-Yt Master Tests-3] INFO  verifyingSideMenuCollapsedLangAsInSettingsLingua_20-08-09 - Clicking settings ellipses button...
20:13:21 [TestNG-test-Yt Master Tests-3] INFO  verifyingSideMenuCollapsedLangAsInSettingsLingua_20-08-09 - [verifyingSideMenuCollapsedLangAsInSettingsLingua_20-08-09] Trying to find element: By.xpath: //ytd-topbar-menu-button-renderer[@class='style-scope ytd-masthead style-default']
20:13:21 [TestNG-test-Yt Master Tests-3] INFO  verifyingSideMenuCollapsedLangAsInSettingsLingua_20-08-09 - [verifyingSideMenuCollapsedLangAsInSettingsLingua_20-08-09] Element found and ready (attempt 1): By.xpath: //ytd-topbar-menu-button-renderer[@class='style-scope ytd-masthead style-default']
20:13:22 [TestNG-test-Yt Master Tests-3] INFO  verifyingSideMenuCollapsedLangAsInSettingsLingua_20-08-09 - Clicking language dropdown...
20:13:22 [TestNG-test-Yt Master Tests-3] INFO  verifyingSideMenuCollapsedLangAsInSettingsLingua_20-08-09 - [verifyingSideMenuCollapsedLangAsInSettingsLingua_20-08-09] Trying to find element: By.xpath: (//div[@id='content-icon'])[2]
20:13:22 [TestNG-test-Yt Master Tests-3] INFO  verifyingSideMenuCollapsedLangAsInSettingsLingua_20-08-09 - [verifyingSideMenuCollapsedLangAsInSettingsLingua_20-08-09] Element found and ready (attempt 1): By.xpath: (//div[@id='content-icon'])[2]
20:13:23 [TestNG-test-Yt Master Tests-3] INFO  verifyingSideMenuCollapsedLangAsInSettingsLingua_20-08-09 - Looking for language element with name: 한국어
20:13:23 [TestNG-test-Yt Master Tests-3] INFO  verifyingSideMenuCollapsedLangAsInSettingsLingua_20-08-09 - [verifyingSideMenuCollapsedLangAsInSettingsLingua_20-08-09] Trying to find element: By.xpath: //yt-multi-page-menu-section-renderer[@class='style-scope ytd-multi-page-menu-renderer']//yt-formatted-string[@id='label' and text()='한국어']
20:13:23 [TestNG-test-Yt Master Tests-3] INFO  verifyingSideMenuCollapsedLangAsInSettingsLingua_20-08-09 - [verifyingSideMenuCollapsedLangAsInSettingsLingua_20-08-09] Element found and ready (attempt 1): By.xpath: //yt-multi-page-menu-section-renderer[@class='style-scope ytd-multi-page-menu-renderer']//yt-formatted-string[@id='label' and text()='한국어']
20:13:23 [TestNG-test-Yt Master Tests-3] INFO  verifyingSideMenuCollapsedLangAsInSettingsLingua_20-08-09 - [verifyingSideMenuCollapsedLangAsInSettingsLingua_20-08-09] Trying to find element: By.xpath: //yt-multi-page-menu-section-renderer[@class='style-scope ytd-multi-page-menu-renderer']//yt-formatted-string[@id='label' and text()='한국어']
20:13:23 [TestNG-test-Yt Master Tests-3] INFO  verifyingSideMenuCollapsedLangAsInSettingsLingua_20-08-09 - [verifyingSideMenuCollapsedLangAsInSettingsLingua_20-08-09] Element found and ready (attempt 1): By.xpath: //yt-multi-page-menu-section-renderer[@class='style-scope ytd-multi-page-menu-renderer']//yt-formatted-string[@id='label' and text()='한국어']
20:13:25 [TestNG-test-Yt Master Tests-3] INFO  verifyingSideMenuCollapsedLangAsInSettingsLingua_20-08-09 - Clicking settings ellipses button...
20:13:25 [TestNG-test-Yt Master Tests-3] INFO  verifyingSideMenuCollapsedLangAsInSettingsLingua_20-08-09 - [verifyingSideMenuCollapsedLangAsInSettingsLingua_20-08-09] Trying to find element: By.xpath: //ytd-topbar-menu-button-renderer[@class='style-scope ytd-masthead style-default']
20:13:26 [TestNG-test-Yt Master Tests-3] INFO  verifyingSideMenuCollapsedLangAsInSettingsLingua_20-08-09 - [verifyingSideMenuCollapsedLangAsInSettingsLingua_20-08-09] Element found and ready (attempt 1): By.xpath: //ytd-topbar-menu-button-renderer[@class='style-scope ytd-masthead style-default']
20:13:26 [TestNG-test-Yt Master Tests-3] INFO  verifyingSideMenuCollapsedLangAsInSettingsLingua_20-08-09 - [verifyingSideMenuCollapsedLangAsInSettingsLingua_20-08-09] Waiting until element is visible in viewport
20:13:27 [TestNG-test-Yt Master Tests-3] INFO  verifyingSideMenuCollapsedLangAsInSettingsLingua_20-08-09 - Clicking settings ellipses button...
20:13:27 [TestNG-test-Yt Master Tests-3] INFO  verifyingSideMenuCollapsedLangAsInSettingsLingua_20-08-09 - [verifyingSideMenuCollapsedLangAsInSettingsLingua_20-08-09] Trying to find element: By.xpath: //ytd-topbar-menu-button-renderer[@class='style-scope ytd-masthead style-default']
20:13:27 [TestNG-test-Yt Master Tests-3] INFO  verifyingSideMenuCollapsedLangAsInSettingsLingua_20-08-09 - [verifyingSideMenuCollapsedLangAsInSettingsLingua_20-08-09] Element found and ready (attempt 1): By.xpath: //ytd-topbar-menu-button-renderer[@class='style-scope ytd-masthead style-default']
20:13:27 [TestNG-test-Yt Master Tests-3] INFO  verifyingSideMenuCollapsedLangAsInSettingsLingua_20-08-09 - getLangAttribute() - locating <html> and reading lang property
20:13:27 [TestNG-test-Yt Master Tests-3] INFO  verifyingSideMenuCollapsedLangAsInSettingsLingua_20-08-09 - Language attribute read: ko-KR
20:13:27 [TestNG-test-Yt Master Tests-3] INFO  verifyingSideMenuCollapsedLangAsInSettingsLingua_20-08-09 - Fetching the side menu in collapsed view
20:13:27 [TestNG-test-Yt Master Tests-3] INFO  verifyingSideMenuCollapsedLangAsInSettingsLingua_20-08-09 - [verifyingSideMenuCollapsedLangAsInSettingsLingua_20-08-09] Finding elements list: By.xpath: //ytd-mini-guide-renderer[@class='style-scope ytd-app']//ytd-mini-guide-entry-renderer
20:13:27 [TestNG-test-Yt Master Tests-3] INFO  verifyingSideMenuCollapsedLangAsInSettingsLingua_20-08-09 - [verifyingSideMenuCollapsedLangAsInSettingsLingua_20-08-09] Found 4 ready elements (attempt 1): By.xpath: //ytd-mini-guide-renderer[@class='style-scope ytd-app']//ytd-mini-guide-entry-renderer
20:13:27 [TestNG-test-Yt Master Tests-3] INFO  verifyingSideMenuCollapsedLangAsInSettingsLingua_20-08-09 - 
========== LANGUAGE DETECTION ==========
Detected Language : KOREAN
Input Text        : 홈 Shorts 구독 내 페이지
========================================
20:13:27 [TestNG-test-Yt Master Tests-3] INFO  verifyingSideMenuCollapsedLangAsInSettingsLingua_20-08-09 - text sent to lingua is       홈 Shorts 구독 내 페이지
20:13:27 [TestNG-test-Yt Master Tests-3] INFO  verifyingSideMenuCollapsedLangAsInSettingsLingua_20-08-09 - getLangAttribute() - locating <html> and reading lang property
20:13:27 [TestNG-test-Yt Master Tests-3] INFO  verifyingSideMenuCollapsedLangAsInSettingsLingua_20-08-09 - Language attribute read: ko-KR
20:13:27 [TestNG-test-Yt Master Tests-3] INFO  verifyingSideMenuCollapsedLangAsInSettingsLingua_20-08-09 - Clicking settings ellipses button...
20:13:27 [TestNG-test-Yt Master Tests-3] INFO  verifyingSideMenuCollapsedLangAsInSettingsLingua_20-08-09 - [verifyingSideMenuCollapsedLangAsInSettingsLingua_20-08-09] Trying to find element: By.xpath: //ytd-topbar-menu-button-renderer[@class='style-scope ytd-masthead style-default']
20:13:27 [TestNG-test-Yt Master Tests-3] INFO  verifyingSideMenuCollapsedLangAsInSettingsLingua_20-08-09 - [verifyingSideMenuCollapsedLangAsInSettingsLingua_20-08-09] Element found and ready (attempt 1): By.xpath: //ytd-topbar-menu-button-renderer[@class='style-scope ytd-masthead style-default']
20:13:27 [TestNG-test-Yt Master Tests-3] INFO  verifyingSideMenuCollapsedLangAsInSettingsLingua_20-08-09 - Clicking language dropdown...
20:13:27 [TestNG-test-Yt Master Tests-3] INFO  verifyingSideMenuCollapsedLangAsInSettingsLingua_20-08-09 - [verifyingSideMenuCollapsedLangAsInSettingsLingua_20-08-09] Trying to find element: By.xpath: (//div[@id='content-icon'])[2]
20:13:28 [TestNG-test-Yt Master Tests-3] INFO  verifyingSideMenuCollapsedLangAsInSettingsLingua_20-08-09 - [verifyingSideMenuCollapsedLangAsInSettingsLingua_20-08-09] Element found and ready (attempt 1): By.xpath: (//div[@id='content-icon'])[2]
20:13:28 [TestNG-test-Yt Master Tests-3] INFO  verifyingSideMenuCollapsedLangAsInSettingsLingua_20-08-09 - [verifyingSideMenuCollapsedLangAsInSettingsLingua_20-08-09] Not retrying test 'verifyingSideMenuCollapsedLangAsInSettingsLingua'. Retry count: 0, Cause: The following asserts failed:
	Language detection mismatch for language=Azərbaycan expected [AZERBAIJANI] but found [TURKISH],
	Language detection mismatch for language=Bahasa Indonesia expected [INDONESIAN] but found [ENGLISH],
	Language detection mismatch for language=Bosanski expected [CROATIAN] but found [BOSNIAN],
	Language detection mismatch for language=Hrvatski expected [CROATIAN] but found [BOSNIAN]
