21:36:43 [TestNG-test-Yt Master Tests-2] INFO  verifyingSideMenuCollapsedLangAsInSettingsLingua_21-36-43 - No existing WebDriver found for current thread. Initializing a new ChromeDriver...
21:36:43 [TestNG-test-Yt Master Tests-2] INFO  verifyingSideMenuCollapsedLangAsInSettingsLingua_21-36-43 - WebDriverManager: chromedriver setup OK
21:36:45 [TestNG-test-Yt Master Tests-2] INFO  verifyingSideMenuCollapsedLangAsInSettingsLingua_21-36-43 - ChromeDriver initialized successfully for thread: 35
21:36:45 [TestNG-test-Yt Master Tests-2] INFO  verifyingSideMenuCollapsedLangAsInSettingsLingua_21-36-43 - SafeActions initialized with driver ChromeDriver: chrome on windows (837ff90148be2e182bd090edceba8452)
21:36:45 [TestNG-test-Yt Master Tests-2] INFO  verifyingSideMenuCollapsedLangAsInSettingsLingua_21-36-43 - Initialized YtLandingPage with driver: ChromeDriver: chrome on windows (837ff90148be2e182bd090edceba8452)
21:36:45 [TestNG-test-Yt Master Tests-2] INFO  verifyingSideMenuCollapsedLangAsInSettingsLingua_21-36-43 - SafeActions initialized with driver ChromeDriver: chrome on windows (837ff90148be2e182bd090edceba8452)
21:36:48 [TestNG-test-Yt Master Tests-2] INFO  verifyingSideMenuCollapsedLangAsInSettingsLingua_21-36-43 - Opened YouTube landing page.
21:36:48 [TestNG-test-Yt Master Tests-2] INFO  verifyingSideMenuCollapsedLangAsInSettingsLingua_21-36-43 - Clicking left ellipses in the landing page
21:36:48 [TestNG-test-Yt Master Tests-2] INFO  verifyingSideMenuCollapsedLangAsInSettingsLingua_21-36-43 - [verifyingSideMenuCollapsedLangAsInSettingsLingua_21-36-43] Trying to find element: By.xpath: //ytd-topbar-logo-renderer[@id='logo']/preceding-sibling::*[@id='guide-button']
21:36:48 [TestNG-test-Yt Master Tests-2] INFO  verifyingSideMenuCollapsedLangAsInSettingsLingua_21-36-43 - [verifyingSideMenuCollapsedLangAsInSettingsLingua_21-36-43] Element found and ready (attempt 1): By.xpath: //ytd-topbar-logo-renderer[@id='logo']/preceding-sibling::*[@id='guide-button']
21:36:48 [TestNG-test-Yt Master Tests-2] INFO  verifyingSideMenuCollapsedLangAsInSettingsLingua_21-36-43 - Clicking settings ellipses button...
21:36:48 [TestNG-test-Yt Master Tests-2] INFO  verifyingSideMenuCollapsedLangAsInSettingsLingua_21-36-43 - [verifyingSideMenuCollapsedLangAsInSettingsLingua_21-36-43] Trying to find element: By.xpath: //ytd-topbar-menu-button-renderer[@class='style-scope ytd-masthead style-default']
21:36:48 [TestNG-test-Yt Master Tests-2] INFO  verifyingSideMenuCollapsedLangAsInSettingsLingua_21-36-43 - [verifyingSideMenuCollapsedLangAsInSettingsLingua_21-36-43] Element found and ready (attempt 1): By.xpath: //ytd-topbar-menu-button-renderer[@class='style-scope ytd-masthead style-default']
21:36:48 [TestNG-test-Yt Master Tests-2] INFO  verifyingSideMenuCollapsedLangAsInSettingsLingua_21-36-43 - Clicking language dropdown...
21:36:48 [TestNG-test-Yt Master Tests-2] INFO  verifyingSideMenuCollapsedLangAsInSettingsLingua_21-36-43 - [verifyingSideMenuCollapsedLangAsInSettingsLingua_21-36-43] Trying to find element: By.xpath: (//div[@id='content-icon'])[2]
21:36:49 [TestNG-test-Yt Master Tests-2] INFO  verifyingSideMenuCollapsedLangAsInSettingsLingua_21-36-43 - [verifyingSideMenuCollapsedLangAsInSettingsLingua_21-36-43] Element found and ready (attempt 1): By.xpath: (//div[@id='content-icon'])[2]
21:36:50 [TestNG-test-Yt Master Tests-2] INFO  verifyingSideMenuCollapsedLangAsInSettingsLingua_21-36-43 - [verifyingSideMenuCollapsedLangAsInSettingsLingua_21-36-43] Execution is scheduled type /CRON Job on CI Hence refering to CI keys from UtilData
21:36:50 [TestNG-test-Yt Master Tests-2] INFO  verifyingSideMenuCollapsedLangAsInSettingsLingua_21-36-43 - Looking for language element with name: Afrikaans
21:36:50 [TestNG-test-Yt Master Tests-2] INFO  verifyingSideMenuCollapsedLangAsInSettingsLingua_21-36-43 - [verifyingSideMenuCollapsedLangAsInSettingsLingua_21-36-43] Trying to find element: By.xpath: //yt-multi-page-menu-section-renderer[@class='style-scope ytd-multi-page-menu-renderer']//yt-formatted-string[@id='label' and text()='Afrikaans']
21:36:50 [TestNG-test-Yt Master Tests-2] INFO  verifyingSideMenuCollapsedLangAsInSettingsLingua_21-36-43 - [verifyingSideMenuCollapsedLangAsInSettingsLingua_21-36-43] Element found and ready (attempt 1): By.xpath: //yt-multi-page-menu-section-renderer[@class='style-scope ytd-multi-page-menu-renderer']//yt-formatted-string[@id='label' and text()='Afrikaans']
21:36:50 [TestNG-test-Yt Master Tests-2] INFO  verifyingSideMenuCollapsedLangAsInSettingsLingua_21-36-43 - [verifyingSideMenuCollapsedLangAsInSettingsLingua_21-36-43] Trying to find element: By.xpath: //yt-multi-page-menu-section-renderer[@class='style-scope ytd-multi-page-menu-renderer']//yt-formatted-string[@id='label' and text()='Afrikaans']
21:36:50 [TestNG-test-Yt Master Tests-2] INFO  verifyingSideMenuCollapsedLangAsInSettingsLingua_21-36-43 - [verifyingSideMenuCollapsedLangAsInSettingsLingua_21-36-43] Element found and ready (attempt 1): By.xpath: //yt-multi-page-menu-section-renderer[@class='style-scope ytd-multi-page-menu-renderer']//yt-formatted-string[@id='label' and text()='Afrikaans']
21:36:52 [TestNG-test-Yt Master Tests-2] INFO  verifyingSideMenuCollapsedLangAsInSettingsLingua_21-36-43 - Clicking settings ellipses button...
21:36:53 [TestNG-test-Yt Master Tests-2] INFO  verifyingSideMenuCollapsedLangAsInSettingsLingua_21-36-43 - [verifyingSideMenuCollapsedLangAsInSettingsLingua_21-36-43] Trying to find element: By.xpath: //ytd-topbar-menu-button-renderer[@class='style-scope ytd-masthead style-default']
21:36:53 [TestNG-test-Yt Master Tests-2] INFO  verifyingSideMenuCollapsedLangAsInSettingsLingua_21-36-43 - [verifyingSideMenuCollapsedLangAsInSettingsLingua_21-36-43] Element found and ready (attempt 1): By.xpath: //ytd-topbar-menu-button-renderer[@class='style-scope ytd-masthead style-default']
21:36:53 [TestNG-test-Yt Master Tests-2] INFO  verifyingSideMenuCollapsedLangAsInSettingsLingua_21-36-43 - [verifyingSideMenuCollapsedLangAsInSettingsLingua_21-36-43] Waiting until element is visible in viewport
21:36:54 [TestNG-test-Yt Master Tests-2] INFO  verifyingSideMenuCollapsedLangAsInSettingsLingua_21-36-43 - Clicking settings ellipses button...
21:36:54 [TestNG-test-Yt Master Tests-2] INFO  verifyingSideMenuCollapsedLangAsInSettingsLingua_21-36-43 - [verifyingSideMenuCollapsedLangAsInSettingsLingua_21-36-43] Trying to find element: By.xpath: //ytd-topbar-menu-button-renderer[@class='style-scope ytd-masthead style-default']
21:36:54 [TestNG-test-Yt Master Tests-2] INFO  verifyingSideMenuCollapsedLangAsInSettingsLingua_21-36-43 - [verifyingSideMenuCollapsedLangAsInSettingsLingua_21-36-43] Element found and ready (attempt 1): By.xpath: //ytd-topbar-menu-button-renderer[@class='style-scope ytd-masthead style-default']
21:36:55 [TestNG-test-Yt Master Tests-2] INFO  verifyingSideMenuCollapsedLangAsInSettingsLingua_21-36-43 - getLangAttribute() - locating <html> and reading lang property
21:36:55 [TestNG-test-Yt Master Tests-2] INFO  verifyingSideMenuCollapsedLangAsInSettingsLingua_21-36-43 - Language attribute read: af-ZA
21:36:55 [TestNG-test-Yt Master Tests-2] INFO  verifyingSideMenuCollapsedLangAsInSettingsLingua_21-36-43 - Fetching the side menu in collapsed view
21:36:55 [TestNG-test-Yt Master Tests-2] INFO  verifyingSideMenuCollapsedLangAsInSettingsLingua_21-36-43 - [verifyingSideMenuCollapsedLangAsInSettingsLingua_21-36-43] Finding elements list: By.xpath: //ytd-mini-guide-renderer[@class='style-scope ytd-app']//ytd-mini-guide-entry-renderer
21:36:55 [TestNG-test-Yt Master Tests-2] INFO  verifyingSideMenuCollapsedLangAsInSettingsLingua_21-36-43 - [verifyingSideMenuCollapsedLangAsInSettingsLingua_21-36-43] Found 4 ready elements (attempt 1): By.xpath: //ytd-mini-guide-renderer[@class='style-scope ytd-app']//ytd-mini-guide-entry-renderer
21:37:03 [TestNG-test-Yt Master Tests-2] INFO  verifyingSideMenuCollapsedLangAsInSettingsLingua_21-36-43 - 
========== LANGUAGE DETECTION ==========
Detected Language : AFRIKAANS
Input Text        : Tuis Kortvideo's Intekeninge Myne
========================================
21:37:03 [TestNG-test-Yt Master Tests-2] INFO  verifyingSideMenuCollapsedLangAsInSettingsLingua_21-36-43 - text sent to lingua is       Tuis Kortvideo's Intekeninge Myne
21:37:03 [TestNG-test-Yt Master Tests-2] INFO  verifyingSideMenuCollapsedLangAsInSettingsLingua_21-36-43 - getLangAttribute() - locating <html> and reading lang property
21:37:03 [TestNG-test-Yt Master Tests-2] INFO  verifyingSideMenuCollapsedLangAsInSettingsLingua_21-36-43 - Language attribute read: af-ZA
21:37:03 [TestNG-test-Yt Master Tests-2] INFO  verifyingSideMenuCollapsedLangAsInSettingsLingua_21-36-43 - Clicking settings ellipses button...
21:37:03 [TestNG-test-Yt Master Tests-2] INFO  verifyingSideMenuCollapsedLangAsInSettingsLingua_21-36-43 - [verifyingSideMenuCollapsedLangAsInSettingsLingua_21-36-43] Trying to find element: By.xpath: //ytd-topbar-menu-button-renderer[@class='style-scope ytd-masthead style-default']
21:37:03 [TestNG-test-Yt Master Tests-2] INFO  verifyingSideMenuCollapsedLangAsInSettingsLingua_21-36-43 - [verifyingSideMenuCollapsedLangAsInSettingsLingua_21-36-43] Element found and ready (attempt 1): By.xpath: //ytd-topbar-menu-button-renderer[@class='style-scope ytd-masthead style-default']
21:37:03 [TestNG-test-Yt Master Tests-2] INFO  verifyingSideMenuCollapsedLangAsInSettingsLingua_21-36-43 - Clicking language dropdown...
21:37:03 [TestNG-test-Yt Master Tests-2] INFO  verifyingSideMenuCollapsedLangAsInSettingsLingua_21-36-43 - [verifyingSideMenuCollapsedLangAsInSettingsLingua_21-36-43] Trying to find element: By.xpath: (//div[@id='content-icon'])[2]
21:37:04 [TestNG-test-Yt Master Tests-2] INFO  verifyingSideMenuCollapsedLangAsInSettingsLingua_21-36-43 - [verifyingSideMenuCollapsedLangAsInSettingsLingua_21-36-43] Element found and ready (attempt 1): By.xpath: (//div[@id='content-icon'])[2]
21:37:05 [TestNG-test-Yt Master Tests-2] INFO  verifyingSideMenuCollapsedLangAsInSettingsLingua_21-36-43 - Looking for language element with name: Azərbaycan
21:37:05 [TestNG-test-Yt Master Tests-2] INFO  verifyingSideMenuCollapsedLangAsInSettingsLingua_21-36-43 - [verifyingSideMenuCollapsedLangAsInSettingsLingua_21-36-43] Trying to find element: By.xpath: //yt-multi-page-menu-section-renderer[@class='style-scope ytd-multi-page-menu-renderer']//yt-formatted-string[@id='label' and text()='Azərbaycan']
21:37:05 [TestNG-test-Yt Master Tests-2] INFO  verifyingSideMenuCollapsedLangAsInSettingsLingua_21-36-43 - [verifyingSideMenuCollapsedLangAsInSettingsLingua_21-36-43] Element found and ready (attempt 1): By.xpath: //yt-multi-page-menu-section-renderer[@class='style-scope ytd-multi-page-menu-renderer']//yt-formatted-string[@id='label' and text()='Azərbaycan']
21:37:05 [TestNG-test-Yt Master Tests-2] INFO  verifyingSideMenuCollapsedLangAsInSettingsLingua_21-36-43 - [verifyingSideMenuCollapsedLangAsInSettingsLingua_21-36-43] Trying to find element: By.xpath: //yt-multi-page-menu-section-renderer[@class='style-scope ytd-multi-page-menu-renderer']//yt-formatted-string[@id='label' and text()='Azərbaycan']
21:37:05 [TestNG-test-Yt Master Tests-2] INFO  verifyingSideMenuCollapsedLangAsInSettingsLingua_21-36-43 - [verifyingSideMenuCollapsedLangAsInSettingsLingua_21-36-43] Element found and ready (attempt 1): By.xpath: //yt-multi-page-menu-section-renderer[@class='style-scope ytd-multi-page-menu-renderer']//yt-formatted-string[@id='label' and text()='Azərbaycan']
21:37:07 [TestNG-test-Yt Master Tests-2] INFO  verifyingSideMenuCollapsedLangAsInSettingsLingua_21-36-43 - Clicking settings ellipses button...
21:37:07 [TestNG-test-Yt Master Tests-2] INFO  verifyingSideMenuCollapsedLangAsInSettingsLingua_21-36-43 - [verifyingSideMenuCollapsedLangAsInSettingsLingua_21-36-43] Trying to find element: By.xpath: //ytd-topbar-menu-button-renderer[@class='style-scope ytd-masthead style-default']
21:37:07 [TestNG-test-Yt Master Tests-2] INFO  verifyingSideMenuCollapsedLangAsInSettingsLingua_21-36-43 - [verifyingSideMenuCollapsedLangAsInSettingsLingua_21-36-43] Element found and ready (attempt 1): By.xpath: //ytd-topbar-menu-button-renderer[@class='style-scope ytd-masthead style-default']
21:37:08 [TestNG-test-Yt Master Tests-2] INFO  verifyingSideMenuCollapsedLangAsInSettingsLingua_21-36-43 - [verifyingSideMenuCollapsedLangAsInSettingsLingua_21-36-43] Waiting until element is visible in viewport
21:37:09 [TestNG-test-Yt Master Tests-2] INFO  verifyingSideMenuCollapsedLangAsInSettingsLingua_21-36-43 - Clicking settings ellipses button...
21:37:09 [TestNG-test-Yt Master Tests-2] INFO  verifyingSideMenuCollapsedLangAsInSettingsLingua_21-36-43 - [verifyingSideMenuCollapsedLangAsInSettingsLingua_21-36-43] Trying to find element: By.xpath: //ytd-topbar-menu-button-renderer[@class='style-scope ytd-masthead style-default']
21:37:09 [TestNG-test-Yt Master Tests-2] INFO  verifyingSideMenuCollapsedLangAsInSettingsLingua_21-36-43 - [verifyingSideMenuCollapsedLangAsInSettingsLingua_21-36-43] Element found and ready (attempt 1): By.xpath: //ytd-topbar-menu-button-renderer[@class='style-scope ytd-masthead style-default']
21:37:09 [TestNG-test-Yt Master Tests-2] INFO  verifyingSideMenuCollapsedLangAsInSettingsLingua_21-36-43 - getLangAttribute() - locating <html> and reading lang property
21:37:09 [TestNG-test-Yt Master Tests-2] INFO  verifyingSideMenuCollapsedLangAsInSettingsLingua_21-36-43 - Language attribute read: az-Latn-AZ
21:37:09 [TestNG-test-Yt Master Tests-2] INFO  verifyingSideMenuCollapsedLangAsInSettingsLingua_21-36-43 - Fetching the side menu in collapsed view
21:37:09 [TestNG-test-Yt Master Tests-2] INFO  verifyingSideMenuCollapsedLangAsInSettingsLingua_21-36-43 - [verifyingSideMenuCollapsedLangAsInSettingsLingua_21-36-43] Finding elements list: By.xpath: //ytd-mini-guide-renderer[@class='style-scope ytd-app']//ytd-mini-guide-entry-renderer
21:37:09 [TestNG-test-Yt Master Tests-2] INFO  verifyingSideMenuCollapsedLangAsInSettingsLingua_21-36-43 - [verifyingSideMenuCollapsedLangAsInSettingsLingua_21-36-43] Found 4 ready elements (attempt 1): By.xpath: //ytd-mini-guide-renderer[@class='style-scope ytd-app']//ytd-mini-guide-entry-renderer
21:37:10 [TestNG-test-Yt Master Tests-2] INFO  verifyingSideMenuCollapsedLangAsInSettingsLingua_21-36-43 - 
========== LANGUAGE DETECTION ==========
Detected Language : TURKISH
Input Text        : Ev Shorts Abunəliklər Siz
========================================
21:37:10 [TestNG-test-Yt Master Tests-2] INFO  verifyingSideMenuCollapsedLangAsInSettingsLingua_21-36-43 - text sent to lingua is       Ev Shorts Abunəliklər Siz
21:37:10 [TestNG-test-Yt Master Tests-2] INFO  verifyingSideMenuCollapsedLangAsInSettingsLingua_21-36-43 - getLangAttribute() - locating <html> and reading lang property
21:37:10 [TestNG-test-Yt Master Tests-2] INFO  verifyingSideMenuCollapsedLangAsInSettingsLingua_21-36-43 - Language attribute read: az-Latn-AZ
21:37:10 [TestNG-test-Yt Master Tests-2] INFO  verifyingSideMenuCollapsedLangAsInSettingsLingua_21-36-43 - Clicking settings ellipses button...
21:37:10 [TestNG-test-Yt Master Tests-2] INFO  verifyingSideMenuCollapsedLangAsInSettingsLingua_21-36-43 - [verifyingSideMenuCollapsedLangAsInSettingsLingua_21-36-43] Trying to find element: By.xpath: //ytd-topbar-menu-button-renderer[@class='style-scope ytd-masthead style-default']
21:37:10 [TestNG-test-Yt Master Tests-2] INFO  verifyingSideMenuCollapsedLangAsInSettingsLingua_21-36-43 - [verifyingSideMenuCollapsedLangAsInSettingsLingua_21-36-43] Element found and ready (attempt 1): By.xpath: //ytd-topbar-menu-button-renderer[@class='style-scope ytd-masthead style-default']
21:37:10 [TestNG-test-Yt Master Tests-2] INFO  verifyingSideMenuCollapsedLangAsInSettingsLingua_21-36-43 - Clicking language dropdown...
21:37:10 [TestNG-test-Yt Master Tests-2] INFO  verifyingSideMenuCollapsedLangAsInSettingsLingua_21-36-43 - [verifyingSideMenuCollapsedLangAsInSettingsLingua_21-36-43] Trying to find element: By.xpath: (//div[@id='content-icon'])[2]
21:37:11 [TestNG-test-Yt Master Tests-2] INFO  verifyingSideMenuCollapsedLangAsInSettingsLingua_21-36-43 - [verifyingSideMenuCollapsedLangAsInSettingsLingua_21-36-43] Element found and ready (attempt 1): By.xpath: (//div[@id='content-icon'])[2]
21:37:12 [TestNG-test-Yt Master Tests-2] INFO  verifyingSideMenuCollapsedLangAsInSettingsLingua_21-36-43 - Looking for language element with name: Bahasa Indonesia
21:37:12 [TestNG-test-Yt Master Tests-2] INFO  verifyingSideMenuCollapsedLangAsInSettingsLingua_21-36-43 - [verifyingSideMenuCollapsedLangAsInSettingsLingua_21-36-43] Trying to find element: By.xpath: //yt-multi-page-menu-section-renderer[@class='style-scope ytd-multi-page-menu-renderer']//yt-formatted-string[@id='label' and text()='Bahasa Indonesia']
21:37:12 [TestNG-test-Yt Master Tests-2] INFO  verifyingSideMenuCollapsedLangAsInSettingsLingua_21-36-43 - [verifyingSideMenuCollapsedLangAsInSettingsLingua_21-36-43] Element found and ready (attempt 1): By.xpath: //yt-multi-page-menu-section-renderer[@class='style-scope ytd-multi-page-menu-renderer']//yt-formatted-string[@id='label' and text()='Bahasa Indonesia']
21:37:12 [TestNG-test-Yt Master Tests-2] INFO  verifyingSideMenuCollapsedLangAsInSettingsLingua_21-36-43 - [verifyingSideMenuCollapsedLangAsInSettingsLingua_21-36-43] Trying to find element: By.xpath: //yt-multi-page-menu-section-renderer[@class='style-scope ytd-multi-page-menu-renderer']//yt-formatted-string[@id='label' and text()='Bahasa Indonesia']
21:37:12 [TestNG-test-Yt Master Tests-2] INFO  verifyingSideMenuCollapsedLangAsInSettingsLingua_21-36-43 - [verifyingSideMenuCollapsedLangAsInSettingsLingua_21-36-43] Element found and ready (attempt 1): By.xpath: //yt-multi-page-menu-section-renderer[@class='style-scope ytd-multi-page-menu-renderer']//yt-formatted-string[@id='label' and text()='Bahasa Indonesia']
21:37:13 [TestNG-test-Yt Master Tests-2] INFO  verifyingSideMenuCollapsedLangAsInSettingsLingua_21-36-43 - Clicking settings ellipses button...
21:37:14 [TestNG-test-Yt Master Tests-2] INFO  verifyingSideMenuCollapsedLangAsInSettingsLingua_21-36-43 - [verifyingSideMenuCollapsedLangAsInSettingsLingua_21-36-43] Trying to find element: By.xpath: //ytd-topbar-menu-button-renderer[@class='style-scope ytd-masthead style-default']
21:37:14 [TestNG-test-Yt Master Tests-2] INFO  verifyingSideMenuCollapsedLangAsInSettingsLingua_21-36-43 - [verifyingSideMenuCollapsedLangAsInSettingsLingua_21-36-43] Element found and ready (attempt 1): By.xpath: //ytd-topbar-menu-button-renderer[@class='style-scope ytd-masthead style-default']
21:37:14 [TestNG-test-Yt Master Tests-2] INFO  verifyingSideMenuCollapsedLangAsInSettingsLingua_21-36-43 - [verifyingSideMenuCollapsedLangAsInSettingsLingua_21-36-43] Waiting until element is visible in viewport
21:37:15 [TestNG-test-Yt Master Tests-2] INFO  verifyingSideMenuCollapsedLangAsInSettingsLingua_21-36-43 - Clicking settings ellipses button...
21:37:15 [TestNG-test-Yt Master Tests-2] INFO  verifyingSideMenuCollapsedLangAsInSettingsLingua_21-36-43 - [verifyingSideMenuCollapsedLangAsInSettingsLingua_21-36-43] Trying to find element: By.xpath: //ytd-topbar-menu-button-renderer[@class='style-scope ytd-masthead style-default']
21:37:15 [TestNG-test-Yt Master Tests-2] INFO  verifyingSideMenuCollapsedLangAsInSettingsLingua_21-36-43 - [verifyingSideMenuCollapsedLangAsInSettingsLingua_21-36-43] Element found and ready (attempt 1): By.xpath: //ytd-topbar-menu-button-renderer[@class='style-scope ytd-masthead style-default']
21:37:15 [TestNG-test-Yt Master Tests-2] INFO  verifyingSideMenuCollapsedLangAsInSettingsLingua_21-36-43 - getLangAttribute() - locating <html> and reading lang property
21:37:15 [TestNG-test-Yt Master Tests-2] INFO  verifyingSideMenuCollapsedLangAsInSettingsLingua_21-36-43 - Language attribute read: id-ID
21:37:15 [TestNG-test-Yt Master Tests-2] INFO  verifyingSideMenuCollapsedLangAsInSettingsLingua_21-36-43 - Fetching the side menu in collapsed view
21:37:15 [TestNG-test-Yt Master Tests-2] INFO  verifyingSideMenuCollapsedLangAsInSettingsLingua_21-36-43 - [verifyingSideMenuCollapsedLangAsInSettingsLingua_21-36-43] Finding elements list: By.xpath: //ytd-mini-guide-renderer[@class='style-scope ytd-app']//ytd-mini-guide-entry-renderer
21:37:15 [TestNG-test-Yt Master Tests-2] INFO  verifyingSideMenuCollapsedLangAsInSettingsLingua_21-36-43 - [verifyingSideMenuCollapsedLangAsInSettingsLingua_21-36-43] Found 4 ready elements (attempt 1): By.xpath: //ytd-mini-guide-renderer[@class='style-scope ytd-app']//ytd-mini-guide-entry-renderer
21:37:16 [TestNG-test-Yt Master Tests-2] INFO  verifyingSideMenuCollapsedLangAsInSettingsLingua_21-36-43 - 
========== LANGUAGE DETECTION ==========
Detected Language : ENGLISH
Input Text        : Beranda Shorts Subscription Anda
========================================
21:37:16 [TestNG-test-Yt Master Tests-2] INFO  verifyingSideMenuCollapsedLangAsInSettingsLingua_21-36-43 - text sent to lingua is       Beranda Shorts Subscription Anda
21:37:16 [TestNG-test-Yt Master Tests-2] INFO  verifyingSideMenuCollapsedLangAsInSettingsLingua_21-36-43 - getLangAttribute() - locating <html> and reading lang property
21:37:16 [TestNG-test-Yt Master Tests-2] INFO  verifyingSideMenuCollapsedLangAsInSettingsLingua_21-36-43 - Language attribute read: id-ID
21:37:16 [TestNG-test-Yt Master Tests-2] INFO  verifyingSideMenuCollapsedLangAsInSettingsLingua_21-36-43 - Clicking settings ellipses button...
21:37:16 [TestNG-test-Yt Master Tests-2] INFO  verifyingSideMenuCollapsedLangAsInSettingsLingua_21-36-43 - [verifyingSideMenuCollapsedLangAsInSettingsLingua_21-36-43] Trying to find element: By.xpath: //ytd-topbar-menu-button-renderer[@class='style-scope ytd-masthead style-default']
21:37:16 [TestNG-test-Yt Master Tests-2] INFO  verifyingSideMenuCollapsedLangAsInSettingsLingua_21-36-43 - [verifyingSideMenuCollapsedLangAsInSettingsLingua_21-36-43] Element found and ready (attempt 1): By.xpath: //ytd-topbar-menu-button-renderer[@class='style-scope ytd-masthead style-default']
21:37:16 [TestNG-test-Yt Master Tests-2] INFO  verifyingSideMenuCollapsedLangAsInSettingsLingua_21-36-43 - Clicking language dropdown...
21:37:16 [TestNG-test-Yt Master Tests-2] INFO  verifyingSideMenuCollapsedLangAsInSettingsLingua_21-36-43 - [verifyingSideMenuCollapsedLangAsInSettingsLingua_21-36-43] Trying to find element: By.xpath: (//div[@id='content-icon'])[2]
21:37:16 [TestNG-test-Yt Master Tests-2] INFO  verifyingSideMenuCollapsedLangAsInSettingsLingua_21-36-43 - [verifyingSideMenuCollapsedLangAsInSettingsLingua_21-36-43] Element found and ready (attempt 1): By.xpath: (//div[@id='content-icon'])[2]
21:37:17 [TestNG-test-Yt Master Tests-2] INFO  verifyingSideMenuCollapsedLangAsInSettingsLingua_21-36-43 - Looking for language element with name: Bosanski
21:37:17 [TestNG-test-Yt Master Tests-2] INFO  verifyingSideMenuCollapsedLangAsInSettingsLingua_21-36-43 - [verifyingSideMenuCollapsedLangAsInSettingsLingua_21-36-43] Trying to find element: By.xpath: //yt-multi-page-menu-section-renderer[@class='style-scope ytd-multi-page-menu-renderer']//yt-formatted-string[@id='label' and text()='Bosanski']
21:37:17 [TestNG-test-Yt Master Tests-2] INFO  verifyingSideMenuCollapsedLangAsInSettingsLingua_21-36-43 - [verifyingSideMenuCollapsedLangAsInSettingsLingua_21-36-43] Element found and ready (attempt 1): By.xpath: //yt-multi-page-menu-section-renderer[@class='style-scope ytd-multi-page-menu-renderer']//yt-formatted-string[@id='label' and text()='Bosanski']
21:37:17 [TestNG-test-Yt Master Tests-2] INFO  verifyingSideMenuCollapsedLangAsInSettingsLingua_21-36-43 - [verifyingSideMenuCollapsedLangAsInSettingsLingua_21-36-43] Trying to find element: By.xpath: //yt-multi-page-menu-section-renderer[@class='style-scope ytd-multi-page-menu-renderer']//yt-formatted-string[@id='label' and text()='Bosanski']
21:37:17 [TestNG-test-Yt Master Tests-2] INFO  verifyingSideMenuCollapsedLangAsInSettingsLingua_21-36-43 - [verifyingSideMenuCollapsedLangAsInSettingsLingua_21-36-43] Element found and ready (attempt 1): By.xpath: //yt-multi-page-menu-section-renderer[@class='style-scope ytd-multi-page-menu-renderer']//yt-formatted-string[@id='label' and text()='Bosanski']
21:37:20 [TestNG-test-Yt Master Tests-2] INFO  verifyingSideMenuCollapsedLangAsInSettingsLingua_21-36-43 - Clicking settings ellipses button...
21:37:20 [TestNG-test-Yt Master Tests-2] INFO  verifyingSideMenuCollapsedLangAsInSettingsLingua_21-36-43 - [verifyingSideMenuCollapsedLangAsInSettingsLingua_21-36-43] Trying to find element: By.xpath: //ytd-topbar-menu-button-renderer[@class='style-scope ytd-masthead style-default']
21:37:20 [TestNG-test-Yt Master Tests-2] INFO  verifyingSideMenuCollapsedLangAsInSettingsLingua_21-36-43 - [verifyingSideMenuCollapsedLangAsInSettingsLingua_21-36-43] Element found and ready (attempt 1): By.xpath: //ytd-topbar-menu-button-renderer[@class='style-scope ytd-masthead style-default']
21:37:20 [TestNG-test-Yt Master Tests-2] INFO  verifyingSideMenuCollapsedLangAsInSettingsLingua_21-36-43 - [verifyingSideMenuCollapsedLangAsInSettingsLingua_21-36-43] Waiting until element is visible in viewport
21:37:21 [TestNG-test-Yt Master Tests-2] INFO  verifyingSideMenuCollapsedLangAsInSettingsLingua_21-36-43 - Clicking settings ellipses button...
21:37:21 [TestNG-test-Yt Master Tests-2] INFO  verifyingSideMenuCollapsedLangAsInSettingsLingua_21-36-43 - [verifyingSideMenuCollapsedLangAsInSettingsLingua_21-36-43] Trying to find element: By.xpath: //ytd-topbar-menu-button-renderer[@class='style-scope ytd-masthead style-default']
21:37:21 [TestNG-test-Yt Master Tests-2] INFO  verifyingSideMenuCollapsedLangAsInSettingsLingua_21-36-43 - [verifyingSideMenuCollapsedLangAsInSettingsLingua_21-36-43] Element found and ready (attempt 1): By.xpath: //ytd-topbar-menu-button-renderer[@class='style-scope ytd-masthead style-default']
21:37:22 [TestNG-test-Yt Master Tests-2] INFO  verifyingSideMenuCollapsedLangAsInSettingsLingua_21-36-43 - getLangAttribute() - locating <html> and reading lang property
21:37:22 [TestNG-test-Yt Master Tests-2] INFO  verifyingSideMenuCollapsedLangAsInSettingsLingua_21-36-43 - Language attribute read: bs-Latn-BA
21:37:22 [TestNG-test-Yt Master Tests-2] INFO  verifyingSideMenuCollapsedLangAsInSettingsLingua_21-36-43 - Fetching the side menu in collapsed view
21:37:22 [TestNG-test-Yt Master Tests-2] INFO  verifyingSideMenuCollapsedLangAsInSettingsLingua_21-36-43 - [verifyingSideMenuCollapsedLangAsInSettingsLingua_21-36-43] Finding elements list: By.xpath: //ytd-mini-guide-renderer[@class='style-scope ytd-app']//ytd-mini-guide-entry-renderer
21:37:22 [TestNG-test-Yt Master Tests-2] INFO  verifyingSideMenuCollapsedLangAsInSettingsLingua_21-36-43 - [verifyingSideMenuCollapsedLangAsInSettingsLingua_21-36-43] Found 4 ready elements (attempt 1): By.xpath: //ytd-mini-guide-renderer[@class='style-scope ytd-app']//ytd-mini-guide-entry-renderer
21:37:22 [TestNG-test-Yt Master Tests-2] INFO  verifyingSideMenuCollapsedLangAsInSettingsLingua_21-36-43 - 
========== LANGUAGE DETECTION ==========
Detected Language : BOSNIAN
Input Text        : Početna stranica Shorts Pretplate Vi
========================================
21:37:22 [TestNG-test-Yt Master Tests-2] INFO  verifyingSideMenuCollapsedLangAsInSettingsLingua_21-36-43 - text sent to lingua is       Početna stranica Shorts Pretplate Vi
21:37:22 [TestNG-test-Yt Master Tests-2] INFO  verifyingSideMenuCollapsedLangAsInSettingsLingua_21-36-43 - getLangAttribute() - locating <html> and reading lang property
21:37:22 [TestNG-test-Yt Master Tests-2] INFO  verifyingSideMenuCollapsedLangAsInSettingsLingua_21-36-43 - Language attribute read: bs-Latn-BA
21:37:22 [TestNG-test-Yt Master Tests-2] INFO  verifyingSideMenuCollapsedLangAsInSettingsLingua_21-36-43 - Clicking settings ellipses button...
21:37:22 [TestNG-test-Yt Master Tests-2] INFO  verifyingSideMenuCollapsedLangAsInSettingsLingua_21-36-43 - [verifyingSideMenuCollapsedLangAsInSettingsLingua_21-36-43] Trying to find element: By.xpath: //ytd-topbar-menu-button-renderer[@class='style-scope ytd-masthead style-default']
21:37:22 [TestNG-test-Yt Master Tests-2] INFO  verifyingSideMenuCollapsedLangAsInSettingsLingua_21-36-43 - [verifyingSideMenuCollapsedLangAsInSettingsLingua_21-36-43] Element found and ready (attempt 1): By.xpath: //ytd-topbar-menu-button-renderer[@class='style-scope ytd-masthead style-default']
21:37:22 [TestNG-test-Yt Master Tests-2] INFO  verifyingSideMenuCollapsedLangAsInSettingsLingua_21-36-43 - Clicking language dropdown...
21:37:22 [TestNG-test-Yt Master Tests-2] INFO  verifyingSideMenuCollapsedLangAsInSettingsLingua_21-36-43 - [verifyingSideMenuCollapsedLangAsInSettingsLingua_21-36-43] Trying to find element: By.xpath: (//div[@id='content-icon'])[2]
21:37:23 [TestNG-test-Yt Master Tests-2] INFO  verifyingSideMenuCollapsedLangAsInSettingsLingua_21-36-43 - [verifyingSideMenuCollapsedLangAsInSettingsLingua_21-36-43] Element found and ready (attempt 1): By.xpath: (//div[@id='content-icon'])[2]
21:37:23 [TestNG-test-Yt Master Tests-2] INFO  verifyingSideMenuCollapsedLangAsInSettingsLingua_21-36-43 - Looking for language element with name: Català
21:37:23 [TestNG-test-Yt Master Tests-2] INFO  verifyingSideMenuCollapsedLangAsInSettingsLingua_21-36-43 - [verifyingSideMenuCollapsedLangAsInSettingsLingua_21-36-43] Trying to find element: By.xpath: //yt-multi-page-menu-section-renderer[@class='style-scope ytd-multi-page-menu-renderer']//yt-formatted-string[@id='label' and text()='Català']
21:37:24 [TestNG-test-Yt Master Tests-2] INFO  verifyingSideMenuCollapsedLangAsInSettingsLingua_21-36-43 - [verifyingSideMenuCollapsedLangAsInSettingsLingua_21-36-43] Element found and ready (attempt 1): By.xpath: //yt-multi-page-menu-section-renderer[@class='style-scope ytd-multi-page-menu-renderer']//yt-formatted-string[@id='label' and text()='Català']
21:37:24 [TestNG-test-Yt Master Tests-2] INFO  verifyingSideMenuCollapsedLangAsInSettingsLingua_21-36-43 - [verifyingSideMenuCollapsedLangAsInSettingsLingua_21-36-43] Trying to find element: By.xpath: //yt-multi-page-menu-section-renderer[@class='style-scope ytd-multi-page-menu-renderer']//yt-formatted-string[@id='label' and text()='Català']
21:37:24 [TestNG-test-Yt Master Tests-2] INFO  verifyingSideMenuCollapsedLangAsInSettingsLingua_21-36-43 - [verifyingSideMenuCollapsedLangAsInSettingsLingua_21-36-43] Element found and ready (attempt 1): By.xpath: //yt-multi-page-menu-section-renderer[@class='style-scope ytd-multi-page-menu-renderer']//yt-formatted-string[@id='label' and text()='Català']
21:37:25 [TestNG-test-Yt Master Tests-2] INFO  verifyingSideMenuCollapsedLangAsInSettingsLingua_21-36-43 - Clicking settings ellipses button...
21:37:25 [TestNG-test-Yt Master Tests-2] INFO  verifyingSideMenuCollapsedLangAsInSettingsLingua_21-36-43 - [verifyingSideMenuCollapsedLangAsInSettingsLingua_21-36-43] Trying to find element: By.xpath: //ytd-topbar-menu-button-renderer[@class='style-scope ytd-masthead style-default']
21:37:26 [TestNG-test-Yt Master Tests-2] INFO  verifyingSideMenuCollapsedLangAsInSettingsLingua_21-36-43 - [verifyingSideMenuCollapsedLangAsInSettingsLingua_21-36-43] Element found and ready (attempt 1): By.xpath: //ytd-topbar-menu-button-renderer[@class='style-scope ytd-masthead style-default']
21:37:26 [TestNG-test-Yt Master Tests-2] INFO  verifyingSideMenuCollapsedLangAsInSettingsLingua_21-36-43 - [verifyingSideMenuCollapsedLangAsInSettingsLingua_21-36-43] Waiting until element is visible in viewport
21:37:26 [TestNG-test-Yt Master Tests-2] INFO  verifyingSideMenuCollapsedLangAsInSettingsLingua_21-36-43 - Clicking settings ellipses button...
21:37:27 [TestNG-test-Yt Master Tests-2] INFO  verifyingSideMenuCollapsedLangAsInSettingsLingua_21-36-43 - [verifyingSideMenuCollapsedLangAsInSettingsLingua_21-36-43] Trying to find element: By.xpath: //ytd-topbar-menu-button-renderer[@class='style-scope ytd-masthead style-default']
21:37:27 [TestNG-test-Yt Master Tests-2] INFO  verifyingSideMenuCollapsedLangAsInSettingsLingua_21-36-43 - [verifyingSideMenuCollapsedLangAsInSettingsLingua_21-36-43] Element found and ready (attempt 1): By.xpath: //ytd-topbar-menu-button-renderer[@class='style-scope ytd-masthead style-default']
21:37:27 [TestNG-test-Yt Master Tests-2] INFO  verifyingSideMenuCollapsedLangAsInSettingsLingua_21-36-43 - getLangAttribute() - locating <html> and reading lang property
21:37:27 [TestNG-test-Yt Master Tests-2] INFO  verifyingSideMenuCollapsedLangAsInSettingsLingua_21-36-43 - Language attribute read: ca-ES
21:37:27 [TestNG-test-Yt Master Tests-2] INFO  verifyingSideMenuCollapsedLangAsInSettingsLingua_21-36-43 - Fetching the side menu in collapsed view
21:37:27 [TestNG-test-Yt Master Tests-2] INFO  verifyingSideMenuCollapsedLangAsInSettingsLingua_21-36-43 - [verifyingSideMenuCollapsedLangAsInSettingsLingua_21-36-43] Finding elements list: By.xpath: //ytd-mini-guide-renderer[@class='style-scope ytd-app']//ytd-mini-guide-entry-renderer
21:37:27 [TestNG-test-Yt Master Tests-2] INFO  verifyingSideMenuCollapsedLangAsInSettingsLingua_21-36-43 - [verifyingSideMenuCollapsedLangAsInSettingsLingua_21-36-43] Found 4 ready elements (attempt 1): By.xpath: //ytd-mini-guide-renderer[@class='style-scope ytd-app']//ytd-mini-guide-entry-renderer
21:37:27 [TestNG-test-Yt Master Tests-2] INFO  verifyingSideMenuCollapsedLangAsInSettingsLingua_21-36-43 - 
========== LANGUAGE DETECTION ==========
Detected Language : CATALAN
Input Text        : Inici YouTube Shorts Subscripcions Tu
========================================
21:37:27 [TestNG-test-Yt Master Tests-2] INFO  verifyingSideMenuCollapsedLangAsInSettingsLingua_21-36-43 - text sent to lingua is       Inici YouTube Shorts Subscripcions Tu
21:37:27 [TestNG-test-Yt Master Tests-2] INFO  verifyingSideMenuCollapsedLangAsInSettingsLingua_21-36-43 - getLangAttribute() - locating <html> and reading lang property
21:37:27 [TestNG-test-Yt Master Tests-2] INFO  verifyingSideMenuCollapsedLangAsInSettingsLingua_21-36-43 - Language attribute read: ca-ES
21:37:27 [TestNG-test-Yt Master Tests-2] INFO  verifyingSideMenuCollapsedLangAsInSettingsLingua_21-36-43 - Clicking settings ellipses button...
21:37:27 [TestNG-test-Yt Master Tests-2] INFO  verifyingSideMenuCollapsedLangAsInSettingsLingua_21-36-43 - [verifyingSideMenuCollapsedLangAsInSettingsLingua_21-36-43] Trying to find element: By.xpath: //ytd-topbar-menu-button-renderer[@class='style-scope ytd-masthead style-default']
21:37:27 [TestNG-test-Yt Master Tests-2] INFO  verifyingSideMenuCollapsedLangAsInSettingsLingua_21-36-43 - [verifyingSideMenuCollapsedLangAsInSettingsLingua_21-36-43] Element found and ready (attempt 1): By.xpath: //ytd-topbar-menu-button-renderer[@class='style-scope ytd-masthead style-default']
21:37:27 [TestNG-test-Yt Master Tests-2] INFO  verifyingSideMenuCollapsedLangAsInSettingsLingua_21-36-43 - Clicking language dropdown...
21:37:27 [TestNG-test-Yt Master Tests-2] INFO  verifyingSideMenuCollapsedLangAsInSettingsLingua_21-36-43 - [verifyingSideMenuCollapsedLangAsInSettingsLingua_21-36-43] Trying to find element: By.xpath: (//div[@id='content-icon'])[2]
21:37:28 [TestNG-test-Yt Master Tests-2] INFO  verifyingSideMenuCollapsedLangAsInSettingsLingua_21-36-43 - [verifyingSideMenuCollapsedLangAsInSettingsLingua_21-36-43] Element found and ready (attempt 1): By.xpath: (//div[@id='content-icon'])[2]
21:37:28 [TestNG-test-Yt Master Tests-2] INFO  verifyingSideMenuCollapsedLangAsInSettingsLingua_21-36-43 - Looking for language element with name: Dansk
21:37:28 [TestNG-test-Yt Master Tests-2] INFO  verifyingSideMenuCollapsedLangAsInSettingsLingua_21-36-43 - [verifyingSideMenuCollapsedLangAsInSettingsLingua_21-36-43] Trying to find element: By.xpath: //yt-multi-page-menu-section-renderer[@class='style-scope ytd-multi-page-menu-renderer']//yt-formatted-string[@id='label' and text()='Dansk']
21:37:29 [TestNG-test-Yt Master Tests-2] INFO  verifyingSideMenuCollapsedLangAsInSettingsLingua_21-36-43 - [verifyingSideMenuCollapsedLangAsInSettingsLingua_21-36-43] Element found and ready (attempt 1): By.xpath: //yt-multi-page-menu-section-renderer[@class='style-scope ytd-multi-page-menu-renderer']//yt-formatted-string[@id='label' and text()='Dansk']
21:37:29 [TestNG-test-Yt Master Tests-2] INFO  verifyingSideMenuCollapsedLangAsInSettingsLingua_21-36-43 - [verifyingSideMenuCollapsedLangAsInSettingsLingua_21-36-43] Trying to find element: By.xpath: //yt-multi-page-menu-section-renderer[@class='style-scope ytd-multi-page-menu-renderer']//yt-formatted-string[@id='label' and text()='Dansk']
21:37:29 [TestNG-test-Yt Master Tests-2] INFO  verifyingSideMenuCollapsedLangAsInSettingsLingua_21-36-43 - [verifyingSideMenuCollapsedLangAsInSettingsLingua_21-36-43] Element found and ready (attempt 1): By.xpath: //yt-multi-page-menu-section-renderer[@class='style-scope ytd-multi-page-menu-renderer']//yt-formatted-string[@id='label' and text()='Dansk']
21:37:30 [TestNG-test-Yt Master Tests-2] INFO  verifyingSideMenuCollapsedLangAsInSettingsLingua_21-36-43 - Clicking settings ellipses button...
21:37:30 [TestNG-test-Yt Master Tests-2] INFO  verifyingSideMenuCollapsedLangAsInSettingsLingua_21-36-43 - [verifyingSideMenuCollapsedLangAsInSettingsLingua_21-36-43] Trying to find element: By.xpath: //ytd-topbar-menu-button-renderer[@class='style-scope ytd-masthead style-default']
21:37:31 [TestNG-test-Yt Master Tests-2] INFO  verifyingSideMenuCollapsedLangAsInSettingsLingua_21-36-43 - [verifyingSideMenuCollapsedLangAsInSettingsLingua_21-36-43] Element found and ready (attempt 1): By.xpath: //ytd-topbar-menu-button-renderer[@class='style-scope ytd-masthead style-default']
21:37:31 [TestNG-test-Yt Master Tests-2] INFO  verifyingSideMenuCollapsedLangAsInSettingsLingua_21-36-43 - [verifyingSideMenuCollapsedLangAsInSettingsLingua_21-36-43] Waiting until element is visible in viewport
21:37:32 [TestNG-test-Yt Master Tests-2] INFO  verifyingSideMenuCollapsedLangAsInSettingsLingua_21-36-43 - Clicking settings ellipses button...
21:37:32 [TestNG-test-Yt Master Tests-2] INFO  verifyingSideMenuCollapsedLangAsInSettingsLingua_21-36-43 - [verifyingSideMenuCollapsedLangAsInSettingsLingua_21-36-43] Trying to find element: By.xpath: //ytd-topbar-menu-button-renderer[@class='style-scope ytd-masthead style-default']
21:37:32 [TestNG-test-Yt Master Tests-2] INFO  verifyingSideMenuCollapsedLangAsInSettingsLingua_21-36-43 - [verifyingSideMenuCollapsedLangAsInSettingsLingua_21-36-43] Element found and ready (attempt 1): By.xpath: //ytd-topbar-menu-button-renderer[@class='style-scope ytd-masthead style-default']
21:37:32 [TestNG-test-Yt Master Tests-2] INFO  verifyingSideMenuCollapsedLangAsInSettingsLingua_21-36-43 - getLangAttribute() - locating <html> and reading lang property
21:37:32 [TestNG-test-Yt Master Tests-2] INFO  verifyingSideMenuCollapsedLangAsInSettingsLingua_21-36-43 - Language attribute read: da-DK
21:37:32 [TestNG-test-Yt Master Tests-2] INFO  verifyingSideMenuCollapsedLangAsInSettingsLingua_21-36-43 - Fetching the side menu in collapsed view
21:37:32 [TestNG-test-Yt Master Tests-2] INFO  verifyingSideMenuCollapsedLangAsInSettingsLingua_21-36-43 - [verifyingSideMenuCollapsedLangAsInSettingsLingua_21-36-43] Finding elements list: By.xpath: //ytd-mini-guide-renderer[@class='style-scope ytd-app']//ytd-mini-guide-entry-renderer
21:37:32 [TestNG-test-Yt Master Tests-2] INFO  verifyingSideMenuCollapsedLangAsInSettingsLingua_21-36-43 - [verifyingSideMenuCollapsedLangAsInSettingsLingua_21-36-43] Found 4 ready elements (attempt 1): By.xpath: //ytd-mini-guide-renderer[@class='style-scope ytd-app']//ytd-mini-guide-entry-renderer
21:37:32 [TestNG-test-Yt Master Tests-2] INFO  verifyingSideMenuCollapsedLangAsInSettingsLingua_21-36-43 - 
========== LANGUAGE DETECTION ==========
Detected Language : DANISH
Input Text        : Start Shorts Abonnementer Dig
========================================
21:37:32 [TestNG-test-Yt Master Tests-2] INFO  verifyingSideMenuCollapsedLangAsInSettingsLingua_21-36-43 - text sent to lingua is       Start Shorts Abonnementer Dig
21:37:32 [TestNG-test-Yt Master Tests-2] INFO  verifyingSideMenuCollapsedLangAsInSettingsLingua_21-36-43 - getLangAttribute() - locating <html> and reading lang property
21:37:32 [TestNG-test-Yt Master Tests-2] INFO  verifyingSideMenuCollapsedLangAsInSettingsLingua_21-36-43 - Language attribute read: da-DK
21:37:32 [TestNG-test-Yt Master Tests-2] INFO  verifyingSideMenuCollapsedLangAsInSettingsLingua_21-36-43 - Clicking settings ellipses button...
21:37:32 [TestNG-test-Yt Master Tests-2] INFO  verifyingSideMenuCollapsedLangAsInSettingsLingua_21-36-43 - [verifyingSideMenuCollapsedLangAsInSettingsLingua_21-36-43] Trying to find element: By.xpath: //ytd-topbar-menu-button-renderer[@class='style-scope ytd-masthead style-default']
21:37:32 [TestNG-test-Yt Master Tests-2] INFO  verifyingSideMenuCollapsedLangAsInSettingsLingua_21-36-43 - [verifyingSideMenuCollapsedLangAsInSettingsLingua_21-36-43] Element found and ready (attempt 1): By.xpath: //ytd-topbar-menu-button-renderer[@class='style-scope ytd-masthead style-default']
21:37:32 [TestNG-test-Yt Master Tests-2] INFO  verifyingSideMenuCollapsedLangAsInSettingsLingua_21-36-43 - Clicking language dropdown...
21:37:32 [TestNG-test-Yt Master Tests-2] INFO  verifyingSideMenuCollapsedLangAsInSettingsLingua_21-36-43 - [verifyingSideMenuCollapsedLangAsInSettingsLingua_21-36-43] Trying to find element: By.xpath: (//div[@id='content-icon'])[2]
21:37:33 [TestNG-test-Yt Master Tests-2] INFO  verifyingSideMenuCollapsedLangAsInSettingsLingua_21-36-43 - [verifyingSideMenuCollapsedLangAsInSettingsLingua_21-36-43] Element found and ready (attempt 1): By.xpath: (//div[@id='content-icon'])[2]
21:37:33 [TestNG-test-Yt Master Tests-2] INFO  verifyingSideMenuCollapsedLangAsInSettingsLingua_21-36-43 - Looking for language element with name: Deutsch
21:37:33 [TestNG-test-Yt Master Tests-2] INFO  verifyingSideMenuCollapsedLangAsInSettingsLingua_21-36-43 - [verifyingSideMenuCollapsedLangAsInSettingsLingua_21-36-43] Trying to find element: By.xpath: //yt-multi-page-menu-section-renderer[@class='style-scope ytd-multi-page-menu-renderer']//yt-formatted-string[@id='label' and text()='Deutsch']
21:37:34 [TestNG-test-Yt Master Tests-2] INFO  verifyingSideMenuCollapsedLangAsInSettingsLingua_21-36-43 - [verifyingSideMenuCollapsedLangAsInSettingsLingua_21-36-43] Element found and ready (attempt 1): By.xpath: //yt-multi-page-menu-section-renderer[@class='style-scope ytd-multi-page-menu-renderer']//yt-formatted-string[@id='label' and text()='Deutsch']
21:37:34 [TestNG-test-Yt Master Tests-2] INFO  verifyingSideMenuCollapsedLangAsInSettingsLingua_21-36-43 - [verifyingSideMenuCollapsedLangAsInSettingsLingua_21-36-43] Trying to find element: By.xpath: //yt-multi-page-menu-section-renderer[@class='style-scope ytd-multi-page-menu-renderer']//yt-formatted-string[@id='label' and text()='Deutsch']
21:37:34 [TestNG-test-Yt Master Tests-2] INFO  verifyingSideMenuCollapsedLangAsInSettingsLingua_21-36-43 - [verifyingSideMenuCollapsedLangAsInSettingsLingua_21-36-43] Element found and ready (attempt 1): By.xpath: //yt-multi-page-menu-section-renderer[@class='style-scope ytd-multi-page-menu-renderer']//yt-formatted-string[@id='label' and text()='Deutsch']
21:37:35 [TestNG-test-Yt Master Tests-2] INFO  verifyingSideMenuCollapsedLangAsInSettingsLingua_21-36-43 - Clicking settings ellipses button...
21:37:35 [TestNG-test-Yt Master Tests-2] INFO  verifyingSideMenuCollapsedLangAsInSettingsLingua_21-36-43 - [verifyingSideMenuCollapsedLangAsInSettingsLingua_21-36-43] Trying to find element: By.xpath: //ytd-topbar-menu-button-renderer[@class='style-scope ytd-masthead style-default']
21:37:36 [TestNG-test-Yt Master Tests-2] INFO  verifyingSideMenuCollapsedLangAsInSettingsLingua_21-36-43 - [verifyingSideMenuCollapsedLangAsInSettingsLingua_21-36-43] Element found and ready (attempt 1): By.xpath: //ytd-topbar-menu-button-renderer[@class='style-scope ytd-masthead style-default']
21:37:36 [TestNG-test-Yt Master Tests-2] INFO  verifyingSideMenuCollapsedLangAsInSettingsLingua_21-36-43 - [verifyingSideMenuCollapsedLangAsInSettingsLingua_21-36-43] Waiting until element is visible in viewport
21:37:37 [TestNG-test-Yt Master Tests-2] INFO  verifyingSideMenuCollapsedLangAsInSettingsLingua_21-36-43 - Clicking settings ellipses button...
21:37:37 [TestNG-test-Yt Master Tests-2] INFO  verifyingSideMenuCollapsedLangAsInSettingsLingua_21-36-43 - [verifyingSideMenuCollapsedLangAsInSettingsLingua_21-36-43] Trying to find element: By.xpath: //ytd-topbar-menu-button-renderer[@class='style-scope ytd-masthead style-default']
21:37:37 [TestNG-test-Yt Master Tests-2] INFO  verifyingSideMenuCollapsedLangAsInSettingsLingua_21-36-43 - [verifyingSideMenuCollapsedLangAsInSettingsLingua_21-36-43] Element found and ready (attempt 1): By.xpath: //ytd-topbar-menu-button-renderer[@class='style-scope ytd-masthead style-default']
21:37:37 [TestNG-test-Yt Master Tests-2] INFO  verifyingSideMenuCollapsedLangAsInSettingsLingua_21-36-43 - getLangAttribute() - locating <html> and reading lang property
21:37:37 [TestNG-test-Yt Master Tests-2] INFO  verifyingSideMenuCollapsedLangAsInSettingsLingua_21-36-43 - Language attribute read: de-DE
21:37:37 [TestNG-test-Yt Master Tests-2] INFO  verifyingSideMenuCollapsedLangAsInSettingsLingua_21-36-43 - Fetching the side menu in collapsed view
21:37:37 [TestNG-test-Yt Master Tests-2] INFO  verifyingSideMenuCollapsedLangAsInSettingsLingua_21-36-43 - [verifyingSideMenuCollapsedLangAsInSettingsLingua_21-36-43] Finding elements list: By.xpath: //ytd-mini-guide-renderer[@class='style-scope ytd-app']//ytd-mini-guide-entry-renderer
21:37:37 [TestNG-test-Yt Master Tests-2] INFO  verifyingSideMenuCollapsedLangAsInSettingsLingua_21-36-43 - [verifyingSideMenuCollapsedLangAsInSettingsLingua_21-36-43] Found 4 ready elements (attempt 1): By.xpath: //ytd-mini-guide-renderer[@class='style-scope ytd-app']//ytd-mini-guide-entry-renderer
21:37:37 [TestNG-test-Yt Master Tests-2] INFO  verifyingSideMenuCollapsedLangAsInSettingsLingua_21-36-43 - 
========== LANGUAGE DETECTION ==========
Detected Language : GERMAN
Input Text        : Startseite Shorts Abos Mein YouTube
========================================
21:37:37 [TestNG-test-Yt Master Tests-2] INFO  verifyingSideMenuCollapsedLangAsInSettingsLingua_21-36-43 - text sent to lingua is       Startseite Shorts Abos Mein YouTube
21:37:37 [TestNG-test-Yt Master Tests-2] INFO  verifyingSideMenuCollapsedLangAsInSettingsLingua_21-36-43 - getLangAttribute() - locating <html> and reading lang property
21:37:37 [TestNG-test-Yt Master Tests-2] INFO  verifyingSideMenuCollapsedLangAsInSettingsLingua_21-36-43 - Language attribute read: de-DE
21:37:37 [TestNG-test-Yt Master Tests-2] INFO  verifyingSideMenuCollapsedLangAsInSettingsLingua_21-36-43 - Clicking settings ellipses button...
21:37:37 [TestNG-test-Yt Master Tests-2] INFO  verifyingSideMenuCollapsedLangAsInSettingsLingua_21-36-43 - [verifyingSideMenuCollapsedLangAsInSettingsLingua_21-36-43] Trying to find element: By.xpath: //ytd-topbar-menu-button-renderer[@class='style-scope ytd-masthead style-default']
21:37:37 [TestNG-test-Yt Master Tests-2] INFO  verifyingSideMenuCollapsedLangAsInSettingsLingua_21-36-43 - [verifyingSideMenuCollapsedLangAsInSettingsLingua_21-36-43] Element found and ready (attempt 1): By.xpath: //ytd-topbar-menu-button-renderer[@class='style-scope ytd-masthead style-default']
21:37:37 [TestNG-test-Yt Master Tests-2] INFO  verifyingSideMenuCollapsedLangAsInSettingsLingua_21-36-43 - Clicking language dropdown...
21:37:37 [TestNG-test-Yt Master Tests-2] INFO  verifyingSideMenuCollapsedLangAsInSettingsLingua_21-36-43 - [verifyingSideMenuCollapsedLangAsInSettingsLingua_21-36-43] Trying to find element: By.xpath: (//div[@id='content-icon'])[2]
21:37:38 [TestNG-test-Yt Master Tests-2] INFO  verifyingSideMenuCollapsedLangAsInSettingsLingua_21-36-43 - [verifyingSideMenuCollapsedLangAsInSettingsLingua_21-36-43] Element found and ready (attempt 1): By.xpath: (//div[@id='content-icon'])[2]
21:37:38 [TestNG-test-Yt Master Tests-2] INFO  verifyingSideMenuCollapsedLangAsInSettingsLingua_21-36-43 - Looking for language element with name: Eesti
21:37:38 [TestNG-test-Yt Master Tests-2] INFO  verifyingSideMenuCollapsedLangAsInSettingsLingua_21-36-43 - [verifyingSideMenuCollapsedLangAsInSettingsLingua_21-36-43] Trying to find element: By.xpath: //yt-multi-page-menu-section-renderer[@class='style-scope ytd-multi-page-menu-renderer']//yt-formatted-string[@id='label' and text()='Eesti']
21:37:39 [TestNG-test-Yt Master Tests-2] INFO  verifyingSideMenuCollapsedLangAsInSettingsLingua_21-36-43 - [verifyingSideMenuCollapsedLangAsInSettingsLingua_21-36-43] Element found and ready (attempt 1): By.xpath: //yt-multi-page-menu-section-renderer[@class='style-scope ytd-multi-page-menu-renderer']//yt-formatted-string[@id='label' and text()='Eesti']
21:37:39 [TestNG-test-Yt Master Tests-2] INFO  verifyingSideMenuCollapsedLangAsInSettingsLingua_21-36-43 - [verifyingSideMenuCollapsedLangAsInSettingsLingua_21-36-43] Trying to find element: By.xpath: //yt-multi-page-menu-section-renderer[@class='style-scope ytd-multi-page-menu-renderer']//yt-formatted-string[@id='label' and text()='Eesti']
21:37:39 [TestNG-test-Yt Master Tests-2] INFO  verifyingSideMenuCollapsedLangAsInSettingsLingua_21-36-43 - [verifyingSideMenuCollapsedLangAsInSettingsLingua_21-36-43] Element found and ready (attempt 1): By.xpath: //yt-multi-page-menu-section-renderer[@class='style-scope ytd-multi-page-menu-renderer']//yt-formatted-string[@id='label' and text()='Eesti']
21:37:40 [TestNG-test-Yt Master Tests-2] INFO  verifyingSideMenuCollapsedLangAsInSettingsLingua_21-36-43 - Clicking settings ellipses button...
21:37:40 [TestNG-test-Yt Master Tests-2] INFO  verifyingSideMenuCollapsedLangAsInSettingsLingua_21-36-43 - [verifyingSideMenuCollapsedLangAsInSettingsLingua_21-36-43] Trying to find element: By.xpath: //ytd-topbar-menu-button-renderer[@class='style-scope ytd-masthead style-default']
21:37:40 [TestNG-test-Yt Master Tests-2] INFO  verifyingSideMenuCollapsedLangAsInSettingsLingua_21-36-43 - [verifyingSideMenuCollapsedLangAsInSettingsLingua_21-36-43] Element found and ready (attempt 1): By.xpath: //ytd-topbar-menu-button-renderer[@class='style-scope ytd-masthead style-default']
21:37:41 [TestNG-test-Yt Master Tests-2] INFO  verifyingSideMenuCollapsedLangAsInSettingsLingua_21-36-43 - [verifyingSideMenuCollapsedLangAsInSettingsLingua_21-36-43] Waiting until element is visible in viewport
21:37:41 [TestNG-test-Yt Master Tests-2] INFO  verifyingSideMenuCollapsedLangAsInSettingsLingua_21-36-43 - Clicking settings ellipses button...
21:37:41 [TestNG-test-Yt Master Tests-2] INFO  verifyingSideMenuCollapsedLangAsInSettingsLingua_21-36-43 - [verifyingSideMenuCollapsedLangAsInSettingsLingua_21-36-43] Trying to find element: By.xpath: //ytd-topbar-menu-button-renderer[@class='style-scope ytd-masthead style-default']
21:37:42 [TestNG-test-Yt Master Tests-2] INFO  verifyingSideMenuCollapsedLangAsInSettingsLingua_21-36-43 - [verifyingSideMenuCollapsedLangAsInSettingsLingua_21-36-43] Element found and ready (attempt 1): By.xpath: //ytd-topbar-menu-button-renderer[@class='style-scope ytd-masthead style-default']
21:37:42 [TestNG-test-Yt Master Tests-2] INFO  verifyingSideMenuCollapsedLangAsInSettingsLingua_21-36-43 - getLangAttribute() - locating <html> and reading lang property
21:37:42 [TestNG-test-Yt Master Tests-2] INFO  verifyingSideMenuCollapsedLangAsInSettingsLingua_21-36-43 - Language attribute read: et-EE
21:37:42 [TestNG-test-Yt Master Tests-2] INFO  verifyingSideMenuCollapsedLangAsInSettingsLingua_21-36-43 - Fetching the side menu in collapsed view
21:37:42 [TestNG-test-Yt Master Tests-2] INFO  verifyingSideMenuCollapsedLangAsInSettingsLingua_21-36-43 - [verifyingSideMenuCollapsedLangAsInSettingsLingua_21-36-43] Finding elements list: By.xpath: //ytd-mini-guide-renderer[@class='style-scope ytd-app']//ytd-mini-guide-entry-renderer
21:37:43 [TestNG-test-Yt Master Tests-2] INFO  verifyingSideMenuCollapsedLangAsInSettingsLingua_21-36-43 - [verifyingSideMenuCollapsedLangAsInSettingsLingua_21-36-43] Found 4 ready elements (attempt 1): By.xpath: //ytd-mini-guide-renderer[@class='style-scope ytd-app']//ytd-mini-guide-entry-renderer
21:37:43 [TestNG-test-Yt Master Tests-2] INFO  verifyingSideMenuCollapsedLangAsInSettingsLingua_21-36-43 - 
========== LANGUAGE DETECTION ==========
Detected Language : ESTONIAN
Input Text        : Avaleht Shorts Tellimused Teie
========================================
21:37:43 [TestNG-test-Yt Master Tests-2] INFO  verifyingSideMenuCollapsedLangAsInSettingsLingua_21-36-43 - text sent to lingua is       Avaleht Shorts Tellimused Teie
21:37:43 [TestNG-test-Yt Master Tests-2] INFO  verifyingSideMenuCollapsedLangAsInSettingsLingua_21-36-43 - getLangAttribute() - locating <html> and reading lang property
21:37:43 [TestNG-test-Yt Master Tests-2] INFO  verifyingSideMenuCollapsedLangAsInSettingsLingua_21-36-43 - Language attribute read: et-EE
21:37:43 [TestNG-test-Yt Master Tests-2] INFO  verifyingSideMenuCollapsedLangAsInSettingsLingua_21-36-43 - Clicking settings ellipses button...
21:37:43 [TestNG-test-Yt Master Tests-2] INFO  verifyingSideMenuCollapsedLangAsInSettingsLingua_21-36-43 - [verifyingSideMenuCollapsedLangAsInSettingsLingua_21-36-43] Trying to find element: By.xpath: //ytd-topbar-menu-button-renderer[@class='style-scope ytd-masthead style-default']
21:37:43 [TestNG-test-Yt Master Tests-2] INFO  verifyingSideMenuCollapsedLangAsInSettingsLingua_21-36-43 - [verifyingSideMenuCollapsedLangAsInSettingsLingua_21-36-43] Element found and ready (attempt 1): By.xpath: //ytd-topbar-menu-button-renderer[@class='style-scope ytd-masthead style-default']
21:37:43 [TestNG-test-Yt Master Tests-2] INFO  verifyingSideMenuCollapsedLangAsInSettingsLingua_21-36-43 - Clicking language dropdown...
21:37:43 [TestNG-test-Yt Master Tests-2] INFO  verifyingSideMenuCollapsedLangAsInSettingsLingua_21-36-43 - [verifyingSideMenuCollapsedLangAsInSettingsLingua_21-36-43] Trying to find element: By.xpath: (//div[@id='content-icon'])[2]
21:37:44 [TestNG-test-Yt Master Tests-2] INFO  verifyingSideMenuCollapsedLangAsInSettingsLingua_21-36-43 - [verifyingSideMenuCollapsedLangAsInSettingsLingua_21-36-43] Element found and ready (attempt 1): By.xpath: (//div[@id='content-icon'])[2]
21:37:44 [TestNG-test-Yt Master Tests-2] INFO  verifyingSideMenuCollapsedLangAsInSettingsLingua_21-36-43 - Looking for language element with name: English (India)
21:37:44 [TestNG-test-Yt Master Tests-2] INFO  verifyingSideMenuCollapsedLangAsInSettingsLingua_21-36-43 - [verifyingSideMenuCollapsedLangAsInSettingsLingua_21-36-43] Trying to find element: By.xpath: //yt-multi-page-menu-section-renderer[@class='style-scope ytd-multi-page-menu-renderer']//yt-formatted-string[@id='label' and text()='English (India)']
21:37:44 [TestNG-test-Yt Master Tests-2] INFO  verifyingSideMenuCollapsedLangAsInSettingsLingua_21-36-43 - [verifyingSideMenuCollapsedLangAsInSettingsLingua_21-36-43] Element found and ready (attempt 1): By.xpath: //yt-multi-page-menu-section-renderer[@class='style-scope ytd-multi-page-menu-renderer']//yt-formatted-string[@id='label' and text()='English (India)']
21:37:44 [TestNG-test-Yt Master Tests-2] INFO  verifyingSideMenuCollapsedLangAsInSettingsLingua_21-36-43 - [verifyingSideMenuCollapsedLangAsInSettingsLingua_21-36-43] Trying to find element: By.xpath: //yt-multi-page-menu-section-renderer[@class='style-scope ytd-multi-page-menu-renderer']//yt-formatted-string[@id='label' and text()='English (India)']
21:37:45 [TestNG-test-Yt Master Tests-2] INFO  verifyingSideMenuCollapsedLangAsInSettingsLingua_21-36-43 - [verifyingSideMenuCollapsedLangAsInSettingsLingua_21-36-43] Element found and ready (attempt 1): By.xpath: //yt-multi-page-menu-section-renderer[@class='style-scope ytd-multi-page-menu-renderer']//yt-formatted-string[@id='label' and text()='English (India)']
21:37:46 [TestNG-test-Yt Master Tests-2] INFO  verifyingSideMenuCollapsedLangAsInSettingsLingua_21-36-43 - Clicking settings ellipses button...
21:37:46 [TestNG-test-Yt Master Tests-2] INFO  verifyingSideMenuCollapsedLangAsInSettingsLingua_21-36-43 - [verifyingSideMenuCollapsedLangAsInSettingsLingua_21-36-43] Trying to find element: By.xpath: //ytd-topbar-menu-button-renderer[@class='style-scope ytd-masthead style-default']
21:37:46 [TestNG-test-Yt Master Tests-2] INFO  verifyingSideMenuCollapsedLangAsInSettingsLingua_21-36-43 - [verifyingSideMenuCollapsedLangAsInSettingsLingua_21-36-43] Element found and ready (attempt 1): By.xpath: //ytd-topbar-menu-button-renderer[@class='style-scope ytd-masthead style-default']
21:37:47 [TestNG-test-Yt Master Tests-2] INFO  verifyingSideMenuCollapsedLangAsInSettingsLingua_21-36-43 - [verifyingSideMenuCollapsedLangAsInSettingsLingua_21-36-43] Waiting until element is visible in viewport
21:37:48 [TestNG-test-Yt Master Tests-2] INFO  verifyingSideMenuCollapsedLangAsInSettingsLingua_21-36-43 - Clicking settings ellipses button...
21:37:48 [TestNG-test-Yt Master Tests-2] INFO  verifyingSideMenuCollapsedLangAsInSettingsLingua_21-36-43 - [verifyingSideMenuCollapsedLangAsInSettingsLingua_21-36-43] Trying to find element: By.xpath: //ytd-topbar-menu-button-renderer[@class='style-scope ytd-masthead style-default']
21:37:48 [TestNG-test-Yt Master Tests-2] INFO  verifyingSideMenuCollapsedLangAsInSettingsLingua_21-36-43 - [verifyingSideMenuCollapsedLangAsInSettingsLingua_21-36-43] Element found and ready (attempt 1): By.xpath: //ytd-topbar-menu-button-renderer[@class='style-scope ytd-masthead style-default']
21:37:48 [TestNG-test-Yt Master Tests-2] INFO  verifyingSideMenuCollapsedLangAsInSettingsLingua_21-36-43 - getLangAttribute() - locating <html> and reading lang property
21:37:48 [TestNG-test-Yt Master Tests-2] INFO  verifyingSideMenuCollapsedLangAsInSettingsLingua_21-36-43 - Language attribute read: en-IN
21:37:48 [TestNG-test-Yt Master Tests-2] INFO  verifyingSideMenuCollapsedLangAsInSettingsLingua_21-36-43 - Fetching the side menu in collapsed view
21:37:48 [TestNG-test-Yt Master Tests-2] INFO  verifyingSideMenuCollapsedLangAsInSettingsLingua_21-36-43 - [verifyingSideMenuCollapsedLangAsInSettingsLingua_21-36-43] Finding elements list: By.xpath: //ytd-mini-guide-renderer[@class='style-scope ytd-app']//ytd-mini-guide-entry-renderer
21:37:48 [TestNG-test-Yt Master Tests-2] INFO  verifyingSideMenuCollapsedLangAsInSettingsLingua_21-36-43 - [verifyingSideMenuCollapsedLangAsInSettingsLingua_21-36-43] Found 4 ready elements (attempt 1): By.xpath: //ytd-mini-guide-renderer[@class='style-scope ytd-app']//ytd-mini-guide-entry-renderer
21:37:48 [TestNG-test-Yt Master Tests-2] INFO  verifyingSideMenuCollapsedLangAsInSettingsLingua_21-36-43 - 
========== LANGUAGE DETECTION ==========
Detected Language : ENGLISH
Input Text        : Home Shorts Subscriptions You
========================================
21:37:48 [TestNG-test-Yt Master Tests-2] INFO  verifyingSideMenuCollapsedLangAsInSettingsLingua_21-36-43 - text sent to lingua is       Home Shorts Subscriptions You
21:37:48 [TestNG-test-Yt Master Tests-2] INFO  verifyingSideMenuCollapsedLangAsInSettingsLingua_21-36-43 - getLangAttribute() - locating <html> and reading lang property
21:37:48 [TestNG-test-Yt Master Tests-2] INFO  verifyingSideMenuCollapsedLangAsInSettingsLingua_21-36-43 - Language attribute read: en-IN
21:37:48 [TestNG-test-Yt Master Tests-2] INFO  verifyingSideMenuCollapsedLangAsInSettingsLingua_21-36-43 - Clicking settings ellipses button...
21:37:48 [TestNG-test-Yt Master Tests-2] INFO  verifyingSideMenuCollapsedLangAsInSettingsLingua_21-36-43 - [verifyingSideMenuCollapsedLangAsInSettingsLingua_21-36-43] Trying to find element: By.xpath: //ytd-topbar-menu-button-renderer[@class='style-scope ytd-masthead style-default']
21:37:48 [TestNG-test-Yt Master Tests-2] INFO  verifyingSideMenuCollapsedLangAsInSettingsLingua_21-36-43 - [verifyingSideMenuCollapsedLangAsInSettingsLingua_21-36-43] Element found and ready (attempt 1): By.xpath: //ytd-topbar-menu-button-renderer[@class='style-scope ytd-masthead style-default']
21:37:48 [TestNG-test-Yt Master Tests-2] INFO  verifyingSideMenuCollapsedLangAsInSettingsLingua_21-36-43 - Clicking language dropdown...
21:37:48 [TestNG-test-Yt Master Tests-2] INFO  verifyingSideMenuCollapsedLangAsInSettingsLingua_21-36-43 - [verifyingSideMenuCollapsedLangAsInSettingsLingua_21-36-43] Trying to find element: By.xpath: (//div[@id='content-icon'])[2]
21:37:49 [TestNG-test-Yt Master Tests-2] INFO  verifyingSideMenuCollapsedLangAsInSettingsLingua_21-36-43 - [verifyingSideMenuCollapsedLangAsInSettingsLingua_21-36-43] Element found and ready (attempt 1): By.xpath: (//div[@id='content-icon'])[2]
21:37:50 [TestNG-test-Yt Master Tests-2] INFO  verifyingSideMenuCollapsedLangAsInSettingsLingua_21-36-43 - Looking for language element with name: English (UK)
21:37:50 [TestNG-test-Yt Master Tests-2] INFO  verifyingSideMenuCollapsedLangAsInSettingsLingua_21-36-43 - [verifyingSideMenuCollapsedLangAsInSettingsLingua_21-36-43] Trying to find element: By.xpath: //yt-multi-page-menu-section-renderer[@class='style-scope ytd-multi-page-menu-renderer']//yt-formatted-string[@id='label' and text()='English (UK)']
21:37:50 [TestNG-test-Yt Master Tests-2] INFO  verifyingSideMenuCollapsedLangAsInSettingsLingua_21-36-43 - [verifyingSideMenuCollapsedLangAsInSettingsLingua_21-36-43] Element found and ready (attempt 1): By.xpath: //yt-multi-page-menu-section-renderer[@class='style-scope ytd-multi-page-menu-renderer']//yt-formatted-string[@id='label' and text()='English (UK)']
21:37:50 [TestNG-test-Yt Master Tests-2] INFO  verifyingSideMenuCollapsedLangAsInSettingsLingua_21-36-43 - [verifyingSideMenuCollapsedLangAsInSettingsLingua_21-36-43] Trying to find element: By.xpath: //yt-multi-page-menu-section-renderer[@class='style-scope ytd-multi-page-menu-renderer']//yt-formatted-string[@id='label' and text()='English (UK)']
21:37:50 [TestNG-test-Yt Master Tests-2] INFO  verifyingSideMenuCollapsedLangAsInSettingsLingua_21-36-43 - [verifyingSideMenuCollapsedLangAsInSettingsLingua_21-36-43] Element found and ready (attempt 1): By.xpath: //yt-multi-page-menu-section-renderer[@class='style-scope ytd-multi-page-menu-renderer']//yt-formatted-string[@id='label' and text()='English (UK)']
21:37:51 [TestNG-test-Yt Master Tests-2] INFO  verifyingSideMenuCollapsedLangAsInSettingsLingua_21-36-43 - Clicking settings ellipses button...
21:37:52 [TestNG-test-Yt Master Tests-2] INFO  verifyingSideMenuCollapsedLangAsInSettingsLingua_21-36-43 - [verifyingSideMenuCollapsedLangAsInSettingsLingua_21-36-43] Trying to find element: By.xpath: //ytd-topbar-menu-button-renderer[@class='style-scope ytd-masthead style-default']
21:37:52 [TestNG-test-Yt Master Tests-2] INFO  verifyingSideMenuCollapsedLangAsInSettingsLingua_21-36-43 - [verifyingSideMenuCollapsedLangAsInSettingsLingua_21-36-43] Element found and ready (attempt 1): By.xpath: //ytd-topbar-menu-button-renderer[@class='style-scope ytd-masthead style-default']
21:37:52 [TestNG-test-Yt Master Tests-2] INFO  verifyingSideMenuCollapsedLangAsInSettingsLingua_21-36-43 - [verifyingSideMenuCollapsedLangAsInSettingsLingua_21-36-43] Waiting until element is visible in viewport
21:37:53 [TestNG-test-Yt Master Tests-2] INFO  verifyingSideMenuCollapsedLangAsInSettingsLingua_21-36-43 - Clicking settings ellipses button...
21:37:53 [TestNG-test-Yt Master Tests-2] INFO  verifyingSideMenuCollapsedLangAsInSettingsLingua_21-36-43 - [verifyingSideMenuCollapsedLangAsInSettingsLingua_21-36-43] Trying to find element: By.xpath: //ytd-topbar-menu-button-renderer[@class='style-scope ytd-masthead style-default']
21:37:53 [TestNG-test-Yt Master Tests-2] INFO  verifyingSideMenuCollapsedLangAsInSettingsLingua_21-36-43 - [verifyingSideMenuCollapsedLangAsInSettingsLingua_21-36-43] Element found and ready (attempt 1): By.xpath: //ytd-topbar-menu-button-renderer[@class='style-scope ytd-masthead style-default']
21:37:53 [TestNG-test-Yt Master Tests-2] INFO  verifyingSideMenuCollapsedLangAsInSettingsLingua_21-36-43 - getLangAttribute() - locating <html> and reading lang property
21:37:53 [TestNG-test-Yt Master Tests-2] INFO  verifyingSideMenuCollapsedLangAsInSettingsLingua_21-36-43 - Language attribute read: en-GB
21:37:53 [TestNG-test-Yt Master Tests-2] INFO  verifyingSideMenuCollapsedLangAsInSettingsLingua_21-36-43 - Fetching the side menu in collapsed view
21:37:53 [TestNG-test-Yt Master Tests-2] INFO  verifyingSideMenuCollapsedLangAsInSettingsLingua_21-36-43 - [verifyingSideMenuCollapsedLangAsInSettingsLingua_21-36-43] Finding elements list: By.xpath: //ytd-mini-guide-renderer[@class='style-scope ytd-app']//ytd-mini-guide-entry-renderer
21:37:54 [TestNG-test-Yt Master Tests-2] INFO  verifyingSideMenuCollapsedLangAsInSettingsLingua_21-36-43 - [verifyingSideMenuCollapsedLangAsInSettingsLingua_21-36-43] Found 4 ready elements (attempt 1): By.xpath: //ytd-mini-guide-renderer[@class='style-scope ytd-app']//ytd-mini-guide-entry-renderer
21:37:54 [TestNG-test-Yt Master Tests-2] INFO  verifyingSideMenuCollapsedLangAsInSettingsLingua_21-36-43 - 
========== LANGUAGE DETECTION ==========
Detected Language : ENGLISH
Input Text        : Home Shorts Subscriptions You
========================================
21:37:54 [TestNG-test-Yt Master Tests-2] INFO  verifyingSideMenuCollapsedLangAsInSettingsLingua_21-36-43 - text sent to lingua is       Home Shorts Subscriptions You
21:37:54 [TestNG-test-Yt Master Tests-2] INFO  verifyingSideMenuCollapsedLangAsInSettingsLingua_21-36-43 - getLangAttribute() - locating <html> and reading lang property
21:37:54 [TestNG-test-Yt Master Tests-2] INFO  verifyingSideMenuCollapsedLangAsInSettingsLingua_21-36-43 - Language attribute read: en-GB
21:37:54 [TestNG-test-Yt Master Tests-2] INFO  verifyingSideMenuCollapsedLangAsInSettingsLingua_21-36-43 - Clicking settings ellipses button...
21:37:54 [TestNG-test-Yt Master Tests-2] INFO  verifyingSideMenuCollapsedLangAsInSettingsLingua_21-36-43 - [verifyingSideMenuCollapsedLangAsInSettingsLingua_21-36-43] Trying to find element: By.xpath: //ytd-topbar-menu-button-renderer[@class='style-scope ytd-masthead style-default']
21:37:55 [TestNG-test-Yt Master Tests-2] INFO  verifyingSideMenuCollapsedLangAsInSettingsLingua_21-36-43 - [verifyingSideMenuCollapsedLangAsInSettingsLingua_21-36-43] Element found and ready (attempt 1): By.xpath: //ytd-topbar-menu-button-renderer[@class='style-scope ytd-masthead style-default']
21:37:55 [TestNG-test-Yt Master Tests-2] INFO  verifyingSideMenuCollapsedLangAsInSettingsLingua_21-36-43 - Clicking language dropdown...
21:37:55 [TestNG-test-Yt Master Tests-2] INFO  verifyingSideMenuCollapsedLangAsInSettingsLingua_21-36-43 - [verifyingSideMenuCollapsedLangAsInSettingsLingua_21-36-43] Trying to find element: By.xpath: (//div[@id='content-icon'])[2]
21:37:55 [TestNG-test-Yt Master Tests-2] INFO  verifyingSideMenuCollapsedLangAsInSettingsLingua_21-36-43 - [verifyingSideMenuCollapsedLangAsInSettingsLingua_21-36-43] Element found and ready (attempt 1): By.xpath: (//div[@id='content-icon'])[2]
21:37:56 [TestNG-test-Yt Master Tests-2] INFO  verifyingSideMenuCollapsedLangAsInSettingsLingua_21-36-43 - Looking for language element with name: English (US)
21:37:56 [TestNG-test-Yt Master Tests-2] INFO  verifyingSideMenuCollapsedLangAsInSettingsLingua_21-36-43 - [verifyingSideMenuCollapsedLangAsInSettingsLingua_21-36-43] Trying to find element: By.xpath: //yt-multi-page-menu-section-renderer[@class='style-scope ytd-multi-page-menu-renderer']//yt-formatted-string[@id='label' and text()='English (US)']
21:37:56 [TestNG-test-Yt Master Tests-2] INFO  verifyingSideMenuCollapsedLangAsInSettingsLingua_21-36-43 - [verifyingSideMenuCollapsedLangAsInSettingsLingua_21-36-43] Element found and ready (attempt 1): By.xpath: //yt-multi-page-menu-section-renderer[@class='style-scope ytd-multi-page-menu-renderer']//yt-formatted-string[@id='label' and text()='English (US)']
21:37:56 [TestNG-test-Yt Master Tests-2] INFO  verifyingSideMenuCollapsedLangAsInSettingsLingua_21-36-43 - [verifyingSideMenuCollapsedLangAsInSettingsLingua_21-36-43] Trying to find element: By.xpath: //yt-multi-page-menu-section-renderer[@class='style-scope ytd-multi-page-menu-renderer']//yt-formatted-string[@id='label' and text()='English (US)']
21:37:56 [TestNG-test-Yt Master Tests-2] INFO  verifyingSideMenuCollapsedLangAsInSettingsLingua_21-36-43 - [verifyingSideMenuCollapsedLangAsInSettingsLingua_21-36-43] Element found and ready (attempt 1): By.xpath: //yt-multi-page-menu-section-renderer[@class='style-scope ytd-multi-page-menu-renderer']//yt-formatted-string[@id='label' and text()='English (US)']
21:37:59 [TestNG-test-Yt Master Tests-2] INFO  verifyingSideMenuCollapsedLangAsInSettingsLingua_21-36-43 - Clicking settings ellipses button...
21:37:59 [TestNG-test-Yt Master Tests-2] INFO  verifyingSideMenuCollapsedLangAsInSettingsLingua_21-36-43 - [verifyingSideMenuCollapsedLangAsInSettingsLingua_21-36-43] Trying to find element: By.xpath: //ytd-topbar-menu-button-renderer[@class='style-scope ytd-masthead style-default']
21:37:59 [TestNG-test-Yt Master Tests-2] INFO  verifyingSideMenuCollapsedLangAsInSettingsLingua_21-36-43 - [verifyingSideMenuCollapsedLangAsInSettingsLingua_21-36-43] Element found and ready (attempt 1): By.xpath: //ytd-topbar-menu-button-renderer[@class='style-scope ytd-masthead style-default']
21:37:59 [TestNG-test-Yt Master Tests-2] INFO  verifyingSideMenuCollapsedLangAsInSettingsLingua_21-36-43 - [verifyingSideMenuCollapsedLangAsInSettingsLingua_21-36-43] Waiting until element is visible in viewport
21:38:00 [TestNG-test-Yt Master Tests-2] INFO  verifyingSideMenuCollapsedLangAsInSettingsLingua_21-36-43 - Clicking settings ellipses button...
21:38:00 [TestNG-test-Yt Master Tests-2] INFO  verifyingSideMenuCollapsedLangAsInSettingsLingua_21-36-43 - [verifyingSideMenuCollapsedLangAsInSettingsLingua_21-36-43] Trying to find element: By.xpath: //ytd-topbar-menu-button-renderer[@class='style-scope ytd-masthead style-default']
21:38:00 [TestNG-test-Yt Master Tests-2] INFO  verifyingSideMenuCollapsedLangAsInSettingsLingua_21-36-43 - [verifyingSideMenuCollapsedLangAsInSettingsLingua_21-36-43] Element found and ready (attempt 1): By.xpath: //ytd-topbar-menu-button-renderer[@class='style-scope ytd-masthead style-default']
21:38:00 [TestNG-test-Yt Master Tests-2] INFO  verifyingSideMenuCollapsedLangAsInSettingsLingua_21-36-43 - getLangAttribute() - locating <html> and reading lang property
21:38:00 [TestNG-test-Yt Master Tests-2] INFO  verifyingSideMenuCollapsedLangAsInSettingsLingua_21-36-43 - Language attribute read: en
21:38:00 [TestNG-test-Yt Master Tests-2] INFO  verifyingSideMenuCollapsedLangAsInSettingsLingua_21-36-43 - Fetching the side menu in collapsed view
21:38:00 [TestNG-test-Yt Master Tests-2] INFO  verifyingSideMenuCollapsedLangAsInSettingsLingua_21-36-43 - [verifyingSideMenuCollapsedLangAsInSettingsLingua_21-36-43] Finding elements list: By.xpath: //ytd-mini-guide-renderer[@class='style-scope ytd-app']//ytd-mini-guide-entry-renderer
21:38:00 [TestNG-test-Yt Master Tests-2] INFO  verifyingSideMenuCollapsedLangAsInSettingsLingua_21-36-43 - [verifyingSideMenuCollapsedLangAsInSettingsLingua_21-36-43] Found 4 ready elements (attempt 1): By.xpath: //ytd-mini-guide-renderer[@class='style-scope ytd-app']//ytd-mini-guide-entry-renderer
21:38:00 [TestNG-test-Yt Master Tests-2] INFO  verifyingSideMenuCollapsedLangAsInSettingsLingua_21-36-43 - 
========== LANGUAGE DETECTION ==========
Detected Language : ENGLISH
Input Text        : Home Shorts Subscriptions You
========================================
21:38:00 [TestNG-test-Yt Master Tests-2] INFO  verifyingSideMenuCollapsedLangAsInSettingsLingua_21-36-43 - text sent to lingua is       Home Shorts Subscriptions You
21:38:00 [TestNG-test-Yt Master Tests-2] INFO  verifyingSideMenuCollapsedLangAsInSettingsLingua_21-36-43 - getLangAttribute() - locating <html> and reading lang property
21:38:00 [TestNG-test-Yt Master Tests-2] INFO  verifyingSideMenuCollapsedLangAsInSettingsLingua_21-36-43 - Language attribute read: en
21:38:00 [TestNG-test-Yt Master Tests-2] INFO  verifyingSideMenuCollapsedLangAsInSettingsLingua_21-36-43 - Clicking settings ellipses button...
21:38:00 [TestNG-test-Yt Master Tests-2] INFO  verifyingSideMenuCollapsedLangAsInSettingsLingua_21-36-43 - [verifyingSideMenuCollapsedLangAsInSettingsLingua_21-36-43] Trying to find element: By.xpath: //ytd-topbar-menu-button-renderer[@class='style-scope ytd-masthead style-default']
21:38:01 [TestNG-test-Yt Master Tests-2] INFO  verifyingSideMenuCollapsedLangAsInSettingsLingua_21-36-43 - [verifyingSideMenuCollapsedLangAsInSettingsLingua_21-36-43] Element found and ready (attempt 1): By.xpath: //ytd-topbar-menu-button-renderer[@class='style-scope ytd-masthead style-default']
21:38:01 [TestNG-test-Yt Master Tests-2] INFO  verifyingSideMenuCollapsedLangAsInSettingsLingua_21-36-43 - Clicking language dropdown...
21:38:01 [TestNG-test-Yt Master Tests-2] INFO  verifyingSideMenuCollapsedLangAsInSettingsLingua_21-36-43 - [verifyingSideMenuCollapsedLangAsInSettingsLingua_21-36-43] Trying to find element: By.xpath: (//div[@id='content-icon'])[2]
21:38:01 [TestNG-test-Yt Master Tests-2] INFO  verifyingSideMenuCollapsedLangAsInSettingsLingua_21-36-43 - [verifyingSideMenuCollapsedLangAsInSettingsLingua_21-36-43] Element found and ready (attempt 1): By.xpath: (//div[@id='content-icon'])[2]
21:38:02 [TestNG-test-Yt Master Tests-2] INFO  verifyingSideMenuCollapsedLangAsInSettingsLingua_21-36-43 - Looking for language element with name: Español (España)
21:38:02 [TestNG-test-Yt Master Tests-2] INFO  verifyingSideMenuCollapsedLangAsInSettingsLingua_21-36-43 - [verifyingSideMenuCollapsedLangAsInSettingsLingua_21-36-43] Trying to find element: By.xpath: //yt-multi-page-menu-section-renderer[@class='style-scope ytd-multi-page-menu-renderer']//yt-formatted-string[@id='label' and text()='Español (España)']
21:38:02 [TestNG-test-Yt Master Tests-2] INFO  verifyingSideMenuCollapsedLangAsInSettingsLingua_21-36-43 - [verifyingSideMenuCollapsedLangAsInSettingsLingua_21-36-43] Element found and ready (attempt 1): By.xpath: //yt-multi-page-menu-section-renderer[@class='style-scope ytd-multi-page-menu-renderer']//yt-formatted-string[@id='label' and text()='Español (España)']
21:38:02 [TestNG-test-Yt Master Tests-2] INFO  verifyingSideMenuCollapsedLangAsInSettingsLingua_21-36-43 - [verifyingSideMenuCollapsedLangAsInSettingsLingua_21-36-43] Trying to find element: By.xpath: //yt-multi-page-menu-section-renderer[@class='style-scope ytd-multi-page-menu-renderer']//yt-formatted-string[@id='label' and text()='Español (España)']
21:38:02 [TestNG-test-Yt Master Tests-2] INFO  verifyingSideMenuCollapsedLangAsInSettingsLingua_21-36-43 - [verifyingSideMenuCollapsedLangAsInSettingsLingua_21-36-43] Element found and ready (attempt 1): By.xpath: //yt-multi-page-menu-section-renderer[@class='style-scope ytd-multi-page-menu-renderer']//yt-formatted-string[@id='label' and text()='Español (España)']
21:38:04 [TestNG-test-Yt Master Tests-2] INFO  verifyingSideMenuCollapsedLangAsInSettingsLingua_21-36-43 - Clicking settings ellipses button...
21:38:04 [TestNG-test-Yt Master Tests-2] INFO  verifyingSideMenuCollapsedLangAsInSettingsLingua_21-36-43 - [verifyingSideMenuCollapsedLangAsInSettingsLingua_21-36-43] Trying to find element: By.xpath: //ytd-topbar-menu-button-renderer[@class='style-scope ytd-masthead style-default']
21:38:04 [TestNG-test-Yt Master Tests-2] INFO  verifyingSideMenuCollapsedLangAsInSettingsLingua_21-36-43 - [verifyingSideMenuCollapsedLangAsInSettingsLingua_21-36-43] Element found and ready (attempt 1): By.xpath: //ytd-topbar-menu-button-renderer[@class='style-scope ytd-masthead style-default']
21:38:05 [TestNG-test-Yt Master Tests-2] INFO  verifyingSideMenuCollapsedLangAsInSettingsLingua_21-36-43 - [verifyingSideMenuCollapsedLangAsInSettingsLingua_21-36-43] Waiting until element is visible in viewport
21:38:05 [TestNG-test-Yt Master Tests-2] INFO  verifyingSideMenuCollapsedLangAsInSettingsLingua_21-36-43 - Clicking settings ellipses button...
21:38:05 [TestNG-test-Yt Master Tests-2] INFO  verifyingSideMenuCollapsedLangAsInSettingsLingua_21-36-43 - [verifyingSideMenuCollapsedLangAsInSettingsLingua_21-36-43] Trying to find element: By.xpath: //ytd-topbar-menu-button-renderer[@class='style-scope ytd-masthead style-default']
21:38:06 [TestNG-test-Yt Master Tests-2] INFO  verifyingSideMenuCollapsedLangAsInSettingsLingua_21-36-43 - [verifyingSideMenuCollapsedLangAsInSettingsLingua_21-36-43] Element found and ready (attempt 1): By.xpath: //ytd-topbar-menu-button-renderer[@class='style-scope ytd-masthead style-default']
21:38:06 [TestNG-test-Yt Master Tests-2] INFO  verifyingSideMenuCollapsedLangAsInSettingsLingua_21-36-43 - getLangAttribute() - locating <html> and reading lang property
21:38:06 [TestNG-test-Yt Master Tests-2] INFO  verifyingSideMenuCollapsedLangAsInSettingsLingua_21-36-43 - Language attribute read: es-ES
21:38:06 [TestNG-test-Yt Master Tests-2] INFO  verifyingSideMenuCollapsedLangAsInSettingsLingua_21-36-43 - Fetching the side menu in collapsed view
21:38:06 [TestNG-test-Yt Master Tests-2] INFO  verifyingSideMenuCollapsedLangAsInSettingsLingua_21-36-43 - [verifyingSideMenuCollapsedLangAsInSettingsLingua_21-36-43] Finding elements list: By.xpath: //ytd-mini-guide-renderer[@class='style-scope ytd-app']//ytd-mini-guide-entry-renderer
21:38:06 [TestNG-test-Yt Master Tests-2] INFO  verifyingSideMenuCollapsedLangAsInSettingsLingua_21-36-43 - [verifyingSideMenuCollapsedLangAsInSettingsLingua_21-36-43] Found 4 ready elements (attempt 1): By.xpath: //ytd-mini-guide-renderer[@class='style-scope ytd-app']//ytd-mini-guide-entry-renderer
21:38:06 [TestNG-test-Yt Master Tests-2] INFO  verifyingSideMenuCollapsedLangAsInSettingsLingua_21-36-43 - 
========== LANGUAGE DETECTION ==========
Detected Language : SPANISH
Input Text        : Inicio Shorts Suscripciones Tú
========================================
21:38:06 [TestNG-test-Yt Master Tests-2] INFO  verifyingSideMenuCollapsedLangAsInSettingsLingua_21-36-43 - text sent to lingua is       Inicio Shorts Suscripciones Tú
21:38:06 [TestNG-test-Yt Master Tests-2] INFO  verifyingSideMenuCollapsedLangAsInSettingsLingua_21-36-43 - getLangAttribute() - locating <html> and reading lang property
21:38:06 [TestNG-test-Yt Master Tests-2] INFO  verifyingSideMenuCollapsedLangAsInSettingsLingua_21-36-43 - Language attribute read: es-ES
21:38:06 [TestNG-test-Yt Master Tests-2] INFO  verifyingSideMenuCollapsedLangAsInSettingsLingua_21-36-43 - Clicking settings ellipses button...
21:38:06 [TestNG-test-Yt Master Tests-2] INFO  verifyingSideMenuCollapsedLangAsInSettingsLingua_21-36-43 - [verifyingSideMenuCollapsedLangAsInSettingsLingua_21-36-43] Trying to find element: By.xpath: //ytd-topbar-menu-button-renderer[@class='style-scope ytd-masthead style-default']
21:38:06 [TestNG-test-Yt Master Tests-2] INFO  verifyingSideMenuCollapsedLangAsInSettingsLingua_21-36-43 - [verifyingSideMenuCollapsedLangAsInSettingsLingua_21-36-43] Element found and ready (attempt 1): By.xpath: //ytd-topbar-menu-button-renderer[@class='style-scope ytd-masthead style-default']
21:38:06 [TestNG-test-Yt Master Tests-2] INFO  verifyingSideMenuCollapsedLangAsInSettingsLingua_21-36-43 - Clicking language dropdown...
21:38:06 [TestNG-test-Yt Master Tests-2] INFO  verifyingSideMenuCollapsedLangAsInSettingsLingua_21-36-43 - [verifyingSideMenuCollapsedLangAsInSettingsLingua_21-36-43] Trying to find element: By.xpath: (//div[@id='content-icon'])[2]
21:38:07 [TestNG-test-Yt Master Tests-2] INFO  verifyingSideMenuCollapsedLangAsInSettingsLingua_21-36-43 - [verifyingSideMenuCollapsedLangAsInSettingsLingua_21-36-43] Element found and ready (attempt 1): By.xpath: (//div[@id='content-icon'])[2]
21:38:07 [TestNG-test-Yt Master Tests-2] INFO  verifyingSideMenuCollapsedLangAsInSettingsLingua_21-36-43 - Looking for language element with name: Español (Latinoamérica)
21:38:07 [TestNG-test-Yt Master Tests-2] INFO  verifyingSideMenuCollapsedLangAsInSettingsLingua_21-36-43 - [verifyingSideMenuCollapsedLangAsInSettingsLingua_21-36-43] Trying to find element: By.xpath: //yt-multi-page-menu-section-renderer[@class='style-scope ytd-multi-page-menu-renderer']//yt-formatted-string[@id='label' and text()='Español (Latinoamérica)']
21:38:08 [TestNG-test-Yt Master Tests-2] INFO  verifyingSideMenuCollapsedLangAsInSettingsLingua_21-36-43 - [verifyingSideMenuCollapsedLangAsInSettingsLingua_21-36-43] Element found and ready (attempt 1): By.xpath: //yt-multi-page-menu-section-renderer[@class='style-scope ytd-multi-page-menu-renderer']//yt-formatted-string[@id='label' and text()='Español (Latinoamérica)']
21:38:08 [TestNG-test-Yt Master Tests-2] INFO  verifyingSideMenuCollapsedLangAsInSettingsLingua_21-36-43 - [verifyingSideMenuCollapsedLangAsInSettingsLingua_21-36-43] Trying to find element: By.xpath: //yt-multi-page-menu-section-renderer[@class='style-scope ytd-multi-page-menu-renderer']//yt-formatted-string[@id='label' and text()='Español (Latinoamérica)']
21:38:08 [TestNG-test-Yt Master Tests-2] INFO  verifyingSideMenuCollapsedLangAsInSettingsLingua_21-36-43 - [verifyingSideMenuCollapsedLangAsInSettingsLingua_21-36-43] Element found and ready (attempt 1): By.xpath: //yt-multi-page-menu-section-renderer[@class='style-scope ytd-multi-page-menu-renderer']//yt-formatted-string[@id='label' and text()='Español (Latinoamérica)']
21:38:09 [TestNG-test-Yt Master Tests-2] INFO  verifyingSideMenuCollapsedLangAsInSettingsLingua_21-36-43 - Clicking settings ellipses button...
21:38:09 [TestNG-test-Yt Master Tests-2] INFO  verifyingSideMenuCollapsedLangAsInSettingsLingua_21-36-43 - [verifyingSideMenuCollapsedLangAsInSettingsLingua_21-36-43] Trying to find element: By.xpath: //ytd-topbar-menu-button-renderer[@class='style-scope ytd-masthead style-default']
21:38:10 [TestNG-test-Yt Master Tests-2] INFO  verifyingSideMenuCollapsedLangAsInSettingsLingua_21-36-43 - [verifyingSideMenuCollapsedLangAsInSettingsLingua_21-36-43] Element found and ready (attempt 1): By.xpath: //ytd-topbar-menu-button-renderer[@class='style-scope ytd-masthead style-default']
21:38:10 [TestNG-test-Yt Master Tests-2] INFO  verifyingSideMenuCollapsedLangAsInSettingsLingua_21-36-43 - [verifyingSideMenuCollapsedLangAsInSettingsLingua_21-36-43] Waiting until element is visible in viewport
21:38:11 [TestNG-test-Yt Master Tests-2] INFO  verifyingSideMenuCollapsedLangAsInSettingsLingua_21-36-43 - Clicking settings ellipses button...
21:38:11 [TestNG-test-Yt Master Tests-2] INFO  verifyingSideMenuCollapsedLangAsInSettingsLingua_21-36-43 - [verifyingSideMenuCollapsedLangAsInSettingsLingua_21-36-43] Trying to find element: By.xpath: //ytd-topbar-menu-button-renderer[@class='style-scope ytd-masthead style-default']
21:38:11 [TestNG-test-Yt Master Tests-2] INFO  verifyingSideMenuCollapsedLangAsInSettingsLingua_21-36-43 - [verifyingSideMenuCollapsedLangAsInSettingsLingua_21-36-43] Element found and ready (attempt 1): By.xpath: //ytd-topbar-menu-button-renderer[@class='style-scope ytd-masthead style-default']
21:38:11 [TestNG-test-Yt Master Tests-2] INFO  verifyingSideMenuCollapsedLangAsInSettingsLingua_21-36-43 - getLangAttribute() - locating <html> and reading lang property
21:38:11 [TestNG-test-Yt Master Tests-2] INFO  verifyingSideMenuCollapsedLangAsInSettingsLingua_21-36-43 - Language attribute read: es-419
21:38:11 [TestNG-test-Yt Master Tests-2] INFO  verifyingSideMenuCollapsedLangAsInSettingsLingua_21-36-43 - Fetching the side menu in collapsed view
21:38:11 [TestNG-test-Yt Master Tests-2] INFO  verifyingSideMenuCollapsedLangAsInSettingsLingua_21-36-43 - [verifyingSideMenuCollapsedLangAsInSettingsLingua_21-36-43] Finding elements list: By.xpath: //ytd-mini-guide-renderer[@class='style-scope ytd-app']//ytd-mini-guide-entry-renderer
21:38:11 [TestNG-test-Yt Master Tests-2] INFO  verifyingSideMenuCollapsedLangAsInSettingsLingua_21-36-43 - [verifyingSideMenuCollapsedLangAsInSettingsLingua_21-36-43] Found 4 ready elements (attempt 1): By.xpath: //ytd-mini-guide-renderer[@class='style-scope ytd-app']//ytd-mini-guide-entry-renderer
21:38:11 [TestNG-test-Yt Master Tests-2] INFO  verifyingSideMenuCollapsedLangAsInSettingsLingua_21-36-43 - 
========== LANGUAGE DETECTION ==========
Detected Language : SPANISH
Input Text        : Principal Shorts Suscripciones Tú
========================================
21:38:11 [TestNG-test-Yt Master Tests-2] INFO  verifyingSideMenuCollapsedLangAsInSettingsLingua_21-36-43 - text sent to lingua is       Principal Shorts Suscripciones Tú
21:38:11 [TestNG-test-Yt Master Tests-2] INFO  verifyingSideMenuCollapsedLangAsInSettingsLingua_21-36-43 - getLangAttribute() - locating <html> and reading lang property
21:38:11 [TestNG-test-Yt Master Tests-2] INFO  verifyingSideMenuCollapsedLangAsInSettingsLingua_21-36-43 - Language attribute read: es-419
21:38:11 [TestNG-test-Yt Master Tests-2] INFO  verifyingSideMenuCollapsedLangAsInSettingsLingua_21-36-43 - Clicking settings ellipses button...
21:38:11 [TestNG-test-Yt Master Tests-2] INFO  verifyingSideMenuCollapsedLangAsInSettingsLingua_21-36-43 - [verifyingSideMenuCollapsedLangAsInSettingsLingua_21-36-43] Trying to find element: By.xpath: //ytd-topbar-menu-button-renderer[@class='style-scope ytd-masthead style-default']
21:38:11 [TestNG-test-Yt Master Tests-2] INFO  verifyingSideMenuCollapsedLangAsInSettingsLingua_21-36-43 - [verifyingSideMenuCollapsedLangAsInSettingsLingua_21-36-43] Element found and ready (attempt 1): By.xpath: //ytd-topbar-menu-button-renderer[@class='style-scope ytd-masthead style-default']
21:38:11 [TestNG-test-Yt Master Tests-2] INFO  verifyingSideMenuCollapsedLangAsInSettingsLingua_21-36-43 - Clicking language dropdown...
21:38:11 [TestNG-test-Yt Master Tests-2] INFO  verifyingSideMenuCollapsedLangAsInSettingsLingua_21-36-43 - [verifyingSideMenuCollapsedLangAsInSettingsLingua_21-36-43] Trying to find element: By.xpath: (//div[@id='content-icon'])[2]
21:38:12 [TestNG-test-Yt Master Tests-2] INFO  verifyingSideMenuCollapsedLangAsInSettingsLingua_21-36-43 - [verifyingSideMenuCollapsedLangAsInSettingsLingua_21-36-43] Element found and ready (attempt 1): By.xpath: (//div[@id='content-icon'])[2]
21:38:13 [TestNG-test-Yt Master Tests-2] INFO  verifyingSideMenuCollapsedLangAsInSettingsLingua_21-36-43 - Looking for language element with name: Español (US)
21:38:13 [TestNG-test-Yt Master Tests-2] INFO  verifyingSideMenuCollapsedLangAsInSettingsLingua_21-36-43 - [verifyingSideMenuCollapsedLangAsInSettingsLingua_21-36-43] Trying to find element: By.xpath: //yt-multi-page-menu-section-renderer[@class='style-scope ytd-multi-page-menu-renderer']//yt-formatted-string[@id='label' and text()='Español (US)']
21:38:13 [TestNG-test-Yt Master Tests-2] INFO  verifyingSideMenuCollapsedLangAsInSettingsLingua_21-36-43 - [verifyingSideMenuCollapsedLangAsInSettingsLingua_21-36-43] Element found and ready (attempt 1): By.xpath: //yt-multi-page-menu-section-renderer[@class='style-scope ytd-multi-page-menu-renderer']//yt-formatted-string[@id='label' and text()='Español (US)']
21:38:13 [TestNG-test-Yt Master Tests-2] INFO  verifyingSideMenuCollapsedLangAsInSettingsLingua_21-36-43 - [verifyingSideMenuCollapsedLangAsInSettingsLingua_21-36-43] Trying to find element: By.xpath: //yt-multi-page-menu-section-renderer[@class='style-scope ytd-multi-page-menu-renderer']//yt-formatted-string[@id='label' and text()='Español (US)']
21:38:13 [TestNG-test-Yt Master Tests-2] INFO  verifyingSideMenuCollapsedLangAsInSettingsLingua_21-36-43 - [verifyingSideMenuCollapsedLangAsInSettingsLingua_21-36-43] Element found and ready (attempt 1): By.xpath: //yt-multi-page-menu-section-renderer[@class='style-scope ytd-multi-page-menu-renderer']//yt-formatted-string[@id='label' and text()='Español (US)']
21:38:15 [TestNG-test-Yt Master Tests-2] INFO  verifyingSideMenuCollapsedLangAsInSettingsLingua_21-36-43 - Clicking settings ellipses button...
21:38:15 [TestNG-test-Yt Master Tests-2] INFO  verifyingSideMenuCollapsedLangAsInSettingsLingua_21-36-43 - [verifyingSideMenuCollapsedLangAsInSettingsLingua_21-36-43] Trying to find element: By.xpath: //ytd-topbar-menu-button-renderer[@class='style-scope ytd-masthead style-default']
21:38:15 [TestNG-test-Yt Master Tests-2] INFO  verifyingSideMenuCollapsedLangAsInSettingsLingua_21-36-43 - [verifyingSideMenuCollapsedLangAsInSettingsLingua_21-36-43] Element found and ready (attempt 1): By.xpath: //ytd-topbar-menu-button-renderer[@class='style-scope ytd-masthead style-default']
21:38:15 [TestNG-test-Yt Master Tests-2] INFO  verifyingSideMenuCollapsedLangAsInSettingsLingua_21-36-43 - [verifyingSideMenuCollapsedLangAsInSettingsLingua_21-36-43] Waiting until element is visible in viewport
21:38:16 [TestNG-test-Yt Master Tests-2] INFO  verifyingSideMenuCollapsedLangAsInSettingsLingua_21-36-43 - Clicking settings ellipses button...
21:38:16 [TestNG-test-Yt Master Tests-2] INFO  verifyingSideMenuCollapsedLangAsInSettingsLingua_21-36-43 - [verifyingSideMenuCollapsedLangAsInSettingsLingua_21-36-43] Trying to find element: By.xpath: //ytd-topbar-menu-button-renderer[@class='style-scope ytd-masthead style-default']
21:38:16 [TestNG-test-Yt Master Tests-2] INFO  verifyingSideMenuCollapsedLangAsInSettingsLingua_21-36-43 - [verifyingSideMenuCollapsedLangAsInSettingsLingua_21-36-43] Element found and ready (attempt 1): By.xpath: //ytd-topbar-menu-button-renderer[@class='style-scope ytd-masthead style-default']
21:38:17 [TestNG-test-Yt Master Tests-2] INFO  verifyingSideMenuCollapsedLangAsInSettingsLingua_21-36-43 - getLangAttribute() - locating <html> and reading lang property
21:38:17 [TestNG-test-Yt Master Tests-2] INFO  verifyingSideMenuCollapsedLangAsInSettingsLingua_21-36-43 - Language attribute read: es-US
21:38:17 [TestNG-test-Yt Master Tests-2] INFO  verifyingSideMenuCollapsedLangAsInSettingsLingua_21-36-43 - Fetching the side menu in collapsed view
21:38:17 [TestNG-test-Yt Master Tests-2] INFO  verifyingSideMenuCollapsedLangAsInSettingsLingua_21-36-43 - [verifyingSideMenuCollapsedLangAsInSettingsLingua_21-36-43] Finding elements list: By.xpath: //ytd-mini-guide-renderer[@class='style-scope ytd-app']//ytd-mini-guide-entry-renderer
21:38:17 [TestNG-test-Yt Master Tests-2] INFO  verifyingSideMenuCollapsedLangAsInSettingsLingua_21-36-43 - [verifyingSideMenuCollapsedLangAsInSettingsLingua_21-36-43] Found 4 ready elements (attempt 1): By.xpath: //ytd-mini-guide-renderer[@class='style-scope ytd-app']//ytd-mini-guide-entry-renderer
21:38:17 [TestNG-test-Yt Master Tests-2] INFO  verifyingSideMenuCollapsedLangAsInSettingsLingua_21-36-43 - 
========== LANGUAGE DETECTION ==========
Detected Language : SPANISH
Input Text        : Principal Shorts Suscripciones Tú
========================================
21:38:17 [TestNG-test-Yt Master Tests-2] INFO  verifyingSideMenuCollapsedLangAsInSettingsLingua_21-36-43 - text sent to lingua is       Principal Shorts Suscripciones Tú
21:38:17 [TestNG-test-Yt Master Tests-2] INFO  verifyingSideMenuCollapsedLangAsInSettingsLingua_21-36-43 - getLangAttribute() - locating <html> and reading lang property
21:38:17 [TestNG-test-Yt Master Tests-2] INFO  verifyingSideMenuCollapsedLangAsInSettingsLingua_21-36-43 - Language attribute read: es-US
21:38:17 [TestNG-test-Yt Master Tests-2] INFO  verifyingSideMenuCollapsedLangAsInSettingsLingua_21-36-43 - Clicking settings ellipses button...
21:38:17 [TestNG-test-Yt Master Tests-2] INFO  verifyingSideMenuCollapsedLangAsInSettingsLingua_21-36-43 - [verifyingSideMenuCollapsedLangAsInSettingsLingua_21-36-43] Trying to find element: By.xpath: //ytd-topbar-menu-button-renderer[@class='style-scope ytd-masthead style-default']
21:38:18 [TestNG-test-Yt Master Tests-2] INFO  verifyingSideMenuCollapsedLangAsInSettingsLingua_21-36-43 - [verifyingSideMenuCollapsedLangAsInSettingsLingua_21-36-43] Element found and ready (attempt 1): By.xpath: //ytd-topbar-menu-button-renderer[@class='style-scope ytd-masthead style-default']
21:38:18 [TestNG-test-Yt Master Tests-2] INFO  verifyingSideMenuCollapsedLangAsInSettingsLingua_21-36-43 - Clicking language dropdown...
21:38:18 [TestNG-test-Yt Master Tests-2] INFO  verifyingSideMenuCollapsedLangAsInSettingsLingua_21-36-43 - [verifyingSideMenuCollapsedLangAsInSettingsLingua_21-36-43] Trying to find element: By.xpath: (//div[@id='content-icon'])[2]
21:38:18 [TestNG-test-Yt Master Tests-2] INFO  verifyingSideMenuCollapsedLangAsInSettingsLingua_21-36-43 - [verifyingSideMenuCollapsedLangAsInSettingsLingua_21-36-43] Element found and ready (attempt 1): By.xpath: (//div[@id='content-icon'])[2]
21:38:19 [TestNG-test-Yt Master Tests-2] INFO  verifyingSideMenuCollapsedLangAsInSettingsLingua_21-36-43 - Looking for language element with name: Euskara
21:38:19 [TestNG-test-Yt Master Tests-2] INFO  verifyingSideMenuCollapsedLangAsInSettingsLingua_21-36-43 - [verifyingSideMenuCollapsedLangAsInSettingsLingua_21-36-43] Trying to find element: By.xpath: //yt-multi-page-menu-section-renderer[@class='style-scope ytd-multi-page-menu-renderer']//yt-formatted-string[@id='label' and text()='Euskara']
21:38:19 [TestNG-test-Yt Master Tests-2] INFO  verifyingSideMenuCollapsedLangAsInSettingsLingua_21-36-43 - [verifyingSideMenuCollapsedLangAsInSettingsLingua_21-36-43] Element found and ready (attempt 1): By.xpath: //yt-multi-page-menu-section-renderer[@class='style-scope ytd-multi-page-menu-renderer']//yt-formatted-string[@id='label' and text()='Euskara']
21:38:19 [TestNG-test-Yt Master Tests-2] INFO  verifyingSideMenuCollapsedLangAsInSettingsLingua_21-36-43 - [verifyingSideMenuCollapsedLangAsInSettingsLingua_21-36-43] Trying to find element: By.xpath: //yt-multi-page-menu-section-renderer[@class='style-scope ytd-multi-page-menu-renderer']//yt-formatted-string[@id='label' and text()='Euskara']
21:38:19 [TestNG-test-Yt Master Tests-2] INFO  verifyingSideMenuCollapsedLangAsInSettingsLingua_21-36-43 - [verifyingSideMenuCollapsedLangAsInSettingsLingua_21-36-43] Element found and ready (attempt 1): By.xpath: //yt-multi-page-menu-section-renderer[@class='style-scope ytd-multi-page-menu-renderer']//yt-formatted-string[@id='label' and text()='Euskara']
21:38:20 [TestNG-test-Yt Master Tests-2] INFO  verifyingSideMenuCollapsedLangAsInSettingsLingua_21-36-43 - Clicking settings ellipses button...
21:38:21 [TestNG-test-Yt Master Tests-2] INFO  verifyingSideMenuCollapsedLangAsInSettingsLingua_21-36-43 - [verifyingSideMenuCollapsedLangAsInSettingsLingua_21-36-43] Trying to find element: By.xpath: //ytd-topbar-menu-button-renderer[@class='style-scope ytd-masthead style-default']
21:38:21 [TestNG-test-Yt Master Tests-2] INFO  verifyingSideMenuCollapsedLangAsInSettingsLingua_21-36-43 - [verifyingSideMenuCollapsedLangAsInSettingsLingua_21-36-43] Element found and ready (attempt 1): By.xpath: //ytd-topbar-menu-button-renderer[@class='style-scope ytd-masthead style-default']
21:38:21 [TestNG-test-Yt Master Tests-2] INFO  verifyingSideMenuCollapsedLangAsInSettingsLingua_21-36-43 - [verifyingSideMenuCollapsedLangAsInSettingsLingua_21-36-43] Waiting until element is visible in viewport
21:38:22 [TestNG-test-Yt Master Tests-2] INFO  verifyingSideMenuCollapsedLangAsInSettingsLingua_21-36-43 - Clicking settings ellipses button...
21:38:22 [TestNG-test-Yt Master Tests-2] INFO  verifyingSideMenuCollapsedLangAsInSettingsLingua_21-36-43 - [verifyingSideMenuCollapsedLangAsInSettingsLingua_21-36-43] Trying to find element: By.xpath: //ytd-topbar-menu-button-renderer[@class='style-scope ytd-masthead style-default']
21:38:22 [TestNG-test-Yt Master Tests-2] INFO  verifyingSideMenuCollapsedLangAsInSettingsLingua_21-36-43 - [verifyingSideMenuCollapsedLangAsInSettingsLingua_21-36-43] Element found and ready (attempt 1): By.xpath: //ytd-topbar-menu-button-renderer[@class='style-scope ytd-masthead style-default']
21:38:22 [TestNG-test-Yt Master Tests-2] INFO  verifyingSideMenuCollapsedLangAsInSettingsLingua_21-36-43 - getLangAttribute() - locating <html> and reading lang property
21:38:22 [TestNG-test-Yt Master Tests-2] INFO  verifyingSideMenuCollapsedLangAsInSettingsLingua_21-36-43 - Language attribute read: eu-ES
21:38:22 [TestNG-test-Yt Master Tests-2] INFO  verifyingSideMenuCollapsedLangAsInSettingsLingua_21-36-43 - Fetching the side menu in collapsed view
21:38:22 [TestNG-test-Yt Master Tests-2] INFO  verifyingSideMenuCollapsedLangAsInSettingsLingua_21-36-43 - [verifyingSideMenuCollapsedLangAsInSettingsLingua_21-36-43] Finding elements list: By.xpath: //ytd-mini-guide-renderer[@class='style-scope ytd-app']//ytd-mini-guide-entry-renderer
21:38:22 [TestNG-test-Yt Master Tests-2] INFO  verifyingSideMenuCollapsedLangAsInSettingsLingua_21-36-43 - [verifyingSideMenuCollapsedLangAsInSettingsLingua_21-36-43] Found 4 ready elements (attempt 1): By.xpath: //ytd-mini-guide-renderer[@class='style-scope ytd-app']//ytd-mini-guide-entry-renderer
21:38:22 [TestNG-test-Yt Master Tests-2] INFO  verifyingSideMenuCollapsedLangAsInSettingsLingua_21-36-43 - 
========== LANGUAGE DETECTION ==========
Detected Language : BASQUE
Input Text        : Orri nagusia Shorts Harpidetzak Zu
========================================
21:38:22 [TestNG-test-Yt Master Tests-2] INFO  verifyingSideMenuCollapsedLangAsInSettingsLingua_21-36-43 - text sent to lingua is       Orri nagusia Shorts Harpidetzak Zu
21:38:22 [TestNG-test-Yt Master Tests-2] INFO  verifyingSideMenuCollapsedLangAsInSettingsLingua_21-36-43 - getLangAttribute() - locating <html> and reading lang property
21:38:22 [TestNG-test-Yt Master Tests-2] INFO  verifyingSideMenuCollapsedLangAsInSettingsLingua_21-36-43 - Language attribute read: eu-ES
21:38:22 [TestNG-test-Yt Master Tests-2] INFO  verifyingSideMenuCollapsedLangAsInSettingsLingua_21-36-43 - Clicking settings ellipses button...
21:38:22 [TestNG-test-Yt Master Tests-2] INFO  verifyingSideMenuCollapsedLangAsInSettingsLingua_21-36-43 - [verifyingSideMenuCollapsedLangAsInSettingsLingua_21-36-43] Trying to find element: By.xpath: //ytd-topbar-menu-button-renderer[@class='style-scope ytd-masthead style-default']
21:38:22 [TestNG-test-Yt Master Tests-2] INFO  verifyingSideMenuCollapsedLangAsInSettingsLingua_21-36-43 - [verifyingSideMenuCollapsedLangAsInSettingsLingua_21-36-43] Element found and ready (attempt 1): By.xpath: //ytd-topbar-menu-button-renderer[@class='style-scope ytd-masthead style-default']
21:38:22 [TestNG-test-Yt Master Tests-2] INFO  verifyingSideMenuCollapsedLangAsInSettingsLingua_21-36-43 - Clicking language dropdown...
21:38:22 [TestNG-test-Yt Master Tests-2] INFO  verifyingSideMenuCollapsedLangAsInSettingsLingua_21-36-43 - [verifyingSideMenuCollapsedLangAsInSettingsLingua_21-36-43] Trying to find element: By.xpath: (//div[@id='content-icon'])[2]
21:38:23 [TestNG-test-Yt Master Tests-2] INFO  verifyingSideMenuCollapsedLangAsInSettingsLingua_21-36-43 - [verifyingSideMenuCollapsedLangAsInSettingsLingua_21-36-43] Element found and ready (attempt 1): By.xpath: (//div[@id='content-icon'])[2]
21:38:24 [TestNG-test-Yt Master Tests-2] INFO  verifyingSideMenuCollapsedLangAsInSettingsLingua_21-36-43 - Looking for language element with name: Français
21:38:24 [TestNG-test-Yt Master Tests-2] INFO  verifyingSideMenuCollapsedLangAsInSettingsLingua_21-36-43 - [verifyingSideMenuCollapsedLangAsInSettingsLingua_21-36-43] Trying to find element: By.xpath: //yt-multi-page-menu-section-renderer[@class='style-scope ytd-multi-page-menu-renderer']//yt-formatted-string[@id='label' and text()='Français']
21:38:24 [TestNG-test-Yt Master Tests-2] INFO  verifyingSideMenuCollapsedLangAsInSettingsLingua_21-36-43 - [verifyingSideMenuCollapsedLangAsInSettingsLingua_21-36-43] Element found and ready (attempt 1): By.xpath: //yt-multi-page-menu-section-renderer[@class='style-scope ytd-multi-page-menu-renderer']//yt-formatted-string[@id='label' and text()='Français']
21:38:24 [TestNG-test-Yt Master Tests-2] INFO  verifyingSideMenuCollapsedLangAsInSettingsLingua_21-36-43 - [verifyingSideMenuCollapsedLangAsInSettingsLingua_21-36-43] Trying to find element: By.xpath: //yt-multi-page-menu-section-renderer[@class='style-scope ytd-multi-page-menu-renderer']//yt-formatted-string[@id='label' and text()='Français']
21:38:24 [TestNG-test-Yt Master Tests-2] INFO  verifyingSideMenuCollapsedLangAsInSettingsLingua_21-36-43 - [verifyingSideMenuCollapsedLangAsInSettingsLingua_21-36-43] Element found and ready (attempt 1): By.xpath: //yt-multi-page-menu-section-renderer[@class='style-scope ytd-multi-page-menu-renderer']//yt-formatted-string[@id='label' and text()='Français']
21:38:25 [TestNG-test-Yt Master Tests-2] INFO  verifyingSideMenuCollapsedLangAsInSettingsLingua_21-36-43 - Clicking settings ellipses button...
21:38:26 [TestNG-test-Yt Master Tests-2] INFO  verifyingSideMenuCollapsedLangAsInSettingsLingua_21-36-43 - [verifyingSideMenuCollapsedLangAsInSettingsLingua_21-36-43] Trying to find element: By.xpath: //ytd-topbar-menu-button-renderer[@class='style-scope ytd-masthead style-default']
21:38:26 [TestNG-test-Yt Master Tests-2] INFO  verifyingSideMenuCollapsedLangAsInSettingsLingua_21-36-43 - [verifyingSideMenuCollapsedLangAsInSettingsLingua_21-36-43] Element found and ready (attempt 1): By.xpath: //ytd-topbar-menu-button-renderer[@class='style-scope ytd-masthead style-default']
21:38:26 [TestNG-test-Yt Master Tests-2] INFO  verifyingSideMenuCollapsedLangAsInSettingsLingua_21-36-43 - [verifyingSideMenuCollapsedLangAsInSettingsLingua_21-36-43] Waiting until element is visible in viewport
21:38:27 [TestNG-test-Yt Master Tests-2] INFO  verifyingSideMenuCollapsedLangAsInSettingsLingua_21-36-43 - Clicking settings ellipses button...
21:38:27 [TestNG-test-Yt Master Tests-2] INFO  verifyingSideMenuCollapsedLangAsInSettingsLingua_21-36-43 - [verifyingSideMenuCollapsedLangAsInSettingsLingua_21-36-43] Trying to find element: By.xpath: //ytd-topbar-menu-button-renderer[@class='style-scope ytd-masthead style-default']
21:38:27 [TestNG-test-Yt Master Tests-2] INFO  verifyingSideMenuCollapsedLangAsInSettingsLingua_21-36-43 - [verifyingSideMenuCollapsedLangAsInSettingsLingua_21-36-43] Element found and ready (attempt 1): By.xpath: //ytd-topbar-menu-button-renderer[@class='style-scope ytd-masthead style-default']
21:38:27 [TestNG-test-Yt Master Tests-2] INFO  verifyingSideMenuCollapsedLangAsInSettingsLingua_21-36-43 - getLangAttribute() - locating <html> and reading lang property
21:38:27 [TestNG-test-Yt Master Tests-2] INFO  verifyingSideMenuCollapsedLangAsInSettingsLingua_21-36-43 - Language attribute read: fr-FR
21:38:27 [TestNG-test-Yt Master Tests-2] INFO  verifyingSideMenuCollapsedLangAsInSettingsLingua_21-36-43 - Fetching the side menu in collapsed view
21:38:27 [TestNG-test-Yt Master Tests-2] INFO  verifyingSideMenuCollapsedLangAsInSettingsLingua_21-36-43 - [verifyingSideMenuCollapsedLangAsInSettingsLingua_21-36-43] Finding elements list: By.xpath: //ytd-mini-guide-renderer[@class='style-scope ytd-app']//ytd-mini-guide-entry-renderer
21:38:27 [TestNG-test-Yt Master Tests-2] INFO  verifyingSideMenuCollapsedLangAsInSettingsLingua_21-36-43 - [verifyingSideMenuCollapsedLangAsInSettingsLingua_21-36-43] Found 4 ready elements (attempt 1): By.xpath: //ytd-mini-guide-renderer[@class='style-scope ytd-app']//ytd-mini-guide-entry-renderer
21:38:28 [TestNG-test-Yt Master Tests-2] INFO  verifyingSideMenuCollapsedLangAsInSettingsLingua_21-36-43 - 
========== LANGUAGE DETECTION ==========
Detected Language : FRENCH
Input Text        : Accueil Shorts Abonnements Vous
========================================
21:38:28 [TestNG-test-Yt Master Tests-2] INFO  verifyingSideMenuCollapsedLangAsInSettingsLingua_21-36-43 - text sent to lingua is       Accueil Shorts Abonnements Vous
21:38:28 [TestNG-test-Yt Master Tests-2] INFO  verifyingSideMenuCollapsedLangAsInSettingsLingua_21-36-43 - getLangAttribute() - locating <html> and reading lang property
21:38:28 [TestNG-test-Yt Master Tests-2] INFO  verifyingSideMenuCollapsedLangAsInSettingsLingua_21-36-43 - Language attribute read: fr-FR
21:38:28 [TestNG-test-Yt Master Tests-2] INFO  verifyingSideMenuCollapsedLangAsInSettingsLingua_21-36-43 - Clicking settings ellipses button...
21:38:28 [TestNG-test-Yt Master Tests-2] INFO  verifyingSideMenuCollapsedLangAsInSettingsLingua_21-36-43 - [verifyingSideMenuCollapsedLangAsInSettingsLingua_21-36-43] Trying to find element: By.xpath: //ytd-topbar-menu-button-renderer[@class='style-scope ytd-masthead style-default']
21:38:28 [TestNG-test-Yt Master Tests-2] INFO  verifyingSideMenuCollapsedLangAsInSettingsLingua_21-36-43 - [verifyingSideMenuCollapsedLangAsInSettingsLingua_21-36-43] Element found and ready (attempt 1): By.xpath: //ytd-topbar-menu-button-renderer[@class='style-scope ytd-masthead style-default']
21:38:28 [TestNG-test-Yt Master Tests-2] INFO  verifyingSideMenuCollapsedLangAsInSettingsLingua_21-36-43 - Clicking language dropdown...
21:38:28 [TestNG-test-Yt Master Tests-2] INFO  verifyingSideMenuCollapsedLangAsInSettingsLingua_21-36-43 - [verifyingSideMenuCollapsedLangAsInSettingsLingua_21-36-43] Trying to find element: By.xpath: (//div[@id='content-icon'])[2]
21:38:28 [TestNG-test-Yt Master Tests-2] INFO  verifyingSideMenuCollapsedLangAsInSettingsLingua_21-36-43 - [verifyingSideMenuCollapsedLangAsInSettingsLingua_21-36-43] Element found and ready (attempt 1): By.xpath: (//div[@id='content-icon'])[2]
21:38:29 [TestNG-test-Yt Master Tests-2] INFO  verifyingSideMenuCollapsedLangAsInSettingsLingua_21-36-43 - Looking for language element with name: Français (Canada)
21:38:29 [TestNG-test-Yt Master Tests-2] INFO  verifyingSideMenuCollapsedLangAsInSettingsLingua_21-36-43 - [verifyingSideMenuCollapsedLangAsInSettingsLingua_21-36-43] Trying to find element: By.xpath: //yt-multi-page-menu-section-renderer[@class='style-scope ytd-multi-page-menu-renderer']//yt-formatted-string[@id='label' and text()='Français (Canada)']
21:38:29 [TestNG-test-Yt Master Tests-2] INFO  verifyingSideMenuCollapsedLangAsInSettingsLingua_21-36-43 - [verifyingSideMenuCollapsedLangAsInSettingsLingua_21-36-43] Element found and ready (attempt 1): By.xpath: //yt-multi-page-menu-section-renderer[@class='style-scope ytd-multi-page-menu-renderer']//yt-formatted-string[@id='label' and text()='Français (Canada)']
21:38:29 [TestNG-test-Yt Master Tests-2] INFO  verifyingSideMenuCollapsedLangAsInSettingsLingua_21-36-43 - [verifyingSideMenuCollapsedLangAsInSettingsLingua_21-36-43] Trying to find element: By.xpath: //yt-multi-page-menu-section-renderer[@class='style-scope ytd-multi-page-menu-renderer']//yt-formatted-string[@id='label' and text()='Français (Canada)']
21:38:29 [TestNG-test-Yt Master Tests-2] INFO  verifyingSideMenuCollapsedLangAsInSettingsLingua_21-36-43 - [verifyingSideMenuCollapsedLangAsInSettingsLingua_21-36-43] Element found and ready (attempt 1): By.xpath: //yt-multi-page-menu-section-renderer[@class='style-scope ytd-multi-page-menu-renderer']//yt-formatted-string[@id='label' and text()='Français (Canada)']
21:38:31 [TestNG-test-Yt Master Tests-2] INFO  verifyingSideMenuCollapsedLangAsInSettingsLingua_21-36-43 - Clicking settings ellipses button...
21:38:31 [TestNG-test-Yt Master Tests-2] INFO  verifyingSideMenuCollapsedLangAsInSettingsLingua_21-36-43 - [verifyingSideMenuCollapsedLangAsInSettingsLingua_21-36-43] Trying to find element: By.xpath: //ytd-topbar-menu-button-renderer[@class='style-scope ytd-masthead style-default']
21:38:31 [TestNG-test-Yt Master Tests-2] INFO  verifyingSideMenuCollapsedLangAsInSettingsLingua_21-36-43 - [verifyingSideMenuCollapsedLangAsInSettingsLingua_21-36-43] Element found and ready (attempt 1): By.xpath: //ytd-topbar-menu-button-renderer[@class='style-scope ytd-masthead style-default']
21:38:31 [TestNG-test-Yt Master Tests-2] INFO  verifyingSideMenuCollapsedLangAsInSettingsLingua_21-36-43 - [verifyingSideMenuCollapsedLangAsInSettingsLingua_21-36-43] Waiting until element is visible in viewport
21:38:32 [TestNG-test-Yt Master Tests-2] INFO  verifyingSideMenuCollapsedLangAsInSettingsLingua_21-36-43 - Clicking settings ellipses button...
21:38:32 [TestNG-test-Yt Master Tests-2] INFO  verifyingSideMenuCollapsedLangAsInSettingsLingua_21-36-43 - [verifyingSideMenuCollapsedLangAsInSettingsLingua_21-36-43] Trying to find element: By.xpath: //ytd-topbar-menu-button-renderer[@class='style-scope ytd-masthead style-default']
21:38:32 [TestNG-test-Yt Master Tests-2] INFO  verifyingSideMenuCollapsedLangAsInSettingsLingua_21-36-43 - [verifyingSideMenuCollapsedLangAsInSettingsLingua_21-36-43] Element found and ready (attempt 1): By.xpath: //ytd-topbar-menu-button-renderer[@class='style-scope ytd-masthead style-default']
21:38:32 [TestNG-test-Yt Master Tests-2] INFO  verifyingSideMenuCollapsedLangAsInSettingsLingua_21-36-43 - getLangAttribute() - locating <html> and reading lang property
21:38:32 [TestNG-test-Yt Master Tests-2] INFO  verifyingSideMenuCollapsedLangAsInSettingsLingua_21-36-43 - Language attribute read: fr-CA
21:38:32 [TestNG-test-Yt Master Tests-2] INFO  verifyingSideMenuCollapsedLangAsInSettingsLingua_21-36-43 - Fetching the side menu in collapsed view
21:38:32 [TestNG-test-Yt Master Tests-2] INFO  verifyingSideMenuCollapsedLangAsInSettingsLingua_21-36-43 - [verifyingSideMenuCollapsedLangAsInSettingsLingua_21-36-43] Finding elements list: By.xpath: //ytd-mini-guide-renderer[@class='style-scope ytd-app']//ytd-mini-guide-entry-renderer
21:38:33 [TestNG-test-Yt Master Tests-2] INFO  verifyingSideMenuCollapsedLangAsInSettingsLingua_21-36-43 - [verifyingSideMenuCollapsedLangAsInSettingsLingua_21-36-43] Found 4 ready elements (attempt 1): By.xpath: //ytd-mini-guide-renderer[@class='style-scope ytd-app']//ytd-mini-guide-entry-renderer
21:38:33 [TestNG-test-Yt Master Tests-2] INFO  verifyingSideMenuCollapsedLangAsInSettingsLingua_21-36-43 - 
========== LANGUAGE DETECTION ==========
Detected Language : FRENCH
Input Text        : Accueil Shorts Abonnements Vous
========================================
21:38:33 [TestNG-test-Yt Master Tests-2] INFO  verifyingSideMenuCollapsedLangAsInSettingsLingua_21-36-43 - text sent to lingua is       Accueil Shorts Abonnements Vous
21:38:33 [TestNG-test-Yt Master Tests-2] INFO  verifyingSideMenuCollapsedLangAsInSettingsLingua_21-36-43 - getLangAttribute() - locating <html> and reading lang property
21:38:33 [TestNG-test-Yt Master Tests-2] INFO  verifyingSideMenuCollapsedLangAsInSettingsLingua_21-36-43 - Language attribute read: fr-CA
21:38:33 [TestNG-test-Yt Master Tests-2] INFO  verifyingSideMenuCollapsedLangAsInSettingsLingua_21-36-43 - Clicking settings ellipses button...
21:38:33 [TestNG-test-Yt Master Tests-2] INFO  verifyingSideMenuCollapsedLangAsInSettingsLingua_21-36-43 - [verifyingSideMenuCollapsedLangAsInSettingsLingua_21-36-43] Trying to find element: By.xpath: //ytd-topbar-menu-button-renderer[@class='style-scope ytd-masthead style-default']
21:38:33 [TestNG-test-Yt Master Tests-2] INFO  verifyingSideMenuCollapsedLangAsInSettingsLingua_21-36-43 - [verifyingSideMenuCollapsedLangAsInSettingsLingua_21-36-43] Element found and ready (attempt 1): By.xpath: //ytd-topbar-menu-button-renderer[@class='style-scope ytd-masthead style-default']
21:38:33 [TestNG-test-Yt Master Tests-2] INFO  verifyingSideMenuCollapsedLangAsInSettingsLingua_21-36-43 - Clicking language dropdown...
21:38:33 [TestNG-test-Yt Master Tests-2] INFO  verifyingSideMenuCollapsedLangAsInSettingsLingua_21-36-43 - [verifyingSideMenuCollapsedLangAsInSettingsLingua_21-36-43] Trying to find element: By.xpath: (//div[@id='content-icon'])[2]
21:38:33 [TestNG-test-Yt Master Tests-2] INFO  verifyingSideMenuCollapsedLangAsInSettingsLingua_21-36-43 - [verifyingSideMenuCollapsedLangAsInSettingsLingua_21-36-43] Element found and ready (attempt 1): By.xpath: (//div[@id='content-icon'])[2]
21:38:34 [TestNG-test-Yt Master Tests-2] INFO  verifyingSideMenuCollapsedLangAsInSettingsLingua_21-36-43 - Looking for language element with name: Hrvatski
21:38:34 [TestNG-test-Yt Master Tests-2] INFO  verifyingSideMenuCollapsedLangAsInSettingsLingua_21-36-43 - [verifyingSideMenuCollapsedLangAsInSettingsLingua_21-36-43] Trying to find element: By.xpath: //yt-multi-page-menu-section-renderer[@class='style-scope ytd-multi-page-menu-renderer']//yt-formatted-string[@id='label' and text()='Hrvatski']
21:38:34 [TestNG-test-Yt Master Tests-2] INFO  verifyingSideMenuCollapsedLangAsInSettingsLingua_21-36-43 - [verifyingSideMenuCollapsedLangAsInSettingsLingua_21-36-43] Element found and ready (attempt 1): By.xpath: //yt-multi-page-menu-section-renderer[@class='style-scope ytd-multi-page-menu-renderer']//yt-formatted-string[@id='label' and text()='Hrvatski']
21:38:34 [TestNG-test-Yt Master Tests-2] INFO  verifyingSideMenuCollapsedLangAsInSettingsLingua_21-36-43 - [verifyingSideMenuCollapsedLangAsInSettingsLingua_21-36-43] Trying to find element: By.xpath: //yt-multi-page-menu-section-renderer[@class='style-scope ytd-multi-page-menu-renderer']//yt-formatted-string[@id='label' and text()='Hrvatski']
21:38:34 [TestNG-test-Yt Master Tests-2] INFO  verifyingSideMenuCollapsedLangAsInSettingsLingua_21-36-43 - [verifyingSideMenuCollapsedLangAsInSettingsLingua_21-36-43] Element found and ready (attempt 1): By.xpath: //yt-multi-page-menu-section-renderer[@class='style-scope ytd-multi-page-menu-renderer']//yt-formatted-string[@id='label' and text()='Hrvatski']
21:38:35 [TestNG-test-Yt Master Tests-2] INFO  verifyingSideMenuCollapsedLangAsInSettingsLingua_21-36-43 - Clicking settings ellipses button...
21:38:36 [TestNG-test-Yt Master Tests-2] INFO  verifyingSideMenuCollapsedLangAsInSettingsLingua_21-36-43 - [verifyingSideMenuCollapsedLangAsInSettingsLingua_21-36-43] Trying to find element: By.xpath: //ytd-topbar-menu-button-renderer[@class='style-scope ytd-masthead style-default']
21:38:36 [TestNG-test-Yt Master Tests-2] INFO  verifyingSideMenuCollapsedLangAsInSettingsLingua_21-36-43 - [verifyingSideMenuCollapsedLangAsInSettingsLingua_21-36-43] Element found and ready (attempt 1): By.xpath: //ytd-topbar-menu-button-renderer[@class='style-scope ytd-masthead style-default']
21:38:36 [TestNG-test-Yt Master Tests-2] INFO  verifyingSideMenuCollapsedLangAsInSettingsLingua_21-36-43 - [verifyingSideMenuCollapsedLangAsInSettingsLingua_21-36-43] Waiting until element is visible in viewport
21:38:37 [TestNG-test-Yt Master Tests-2] INFO  verifyingSideMenuCollapsedLangAsInSettingsLingua_21-36-43 - Clicking settings ellipses button...
21:38:38 [TestNG-test-Yt Master Tests-2] INFO  verifyingSideMenuCollapsedLangAsInSettingsLingua_21-36-43 - [verifyingSideMenuCollapsedLangAsInSettingsLingua_21-36-43] Trying to find element: By.xpath: //ytd-topbar-menu-button-renderer[@class='style-scope ytd-masthead style-default']
21:38:38 [TestNG-test-Yt Master Tests-2] INFO  verifyingSideMenuCollapsedLangAsInSettingsLingua_21-36-43 - [verifyingSideMenuCollapsedLangAsInSettingsLingua_21-36-43] Element found and ready (attempt 1): By.xpath: //ytd-topbar-menu-button-renderer[@class='style-scope ytd-masthead style-default']
21:38:38 [TestNG-test-Yt Master Tests-2] INFO  verifyingSideMenuCollapsedLangAsInSettingsLingua_21-36-43 - getLangAttribute() - locating <html> and reading lang property
21:38:38 [TestNG-test-Yt Master Tests-2] INFO  verifyingSideMenuCollapsedLangAsInSettingsLingua_21-36-43 - Language attribute read: hr-HR
21:38:38 [TestNG-test-Yt Master Tests-2] INFO  verifyingSideMenuCollapsedLangAsInSettingsLingua_21-36-43 - Fetching the side menu in collapsed view
21:38:38 [TestNG-test-Yt Master Tests-2] INFO  verifyingSideMenuCollapsedLangAsInSettingsLingua_21-36-43 - [verifyingSideMenuCollapsedLangAsInSettingsLingua_21-36-43] Finding elements list: By.xpath: //ytd-mini-guide-renderer[@class='style-scope ytd-app']//ytd-mini-guide-entry-renderer
21:38:39 [TestNG-test-Yt Master Tests-2] INFO  verifyingSideMenuCollapsedLangAsInSettingsLingua_21-36-43 - [verifyingSideMenuCollapsedLangAsInSettingsLingua_21-36-43] Found 4 ready elements (attempt 1): By.xpath: //ytd-mini-guide-renderer[@class='style-scope ytd-app']//ytd-mini-guide-entry-renderer
21:38:39 [TestNG-test-Yt Master Tests-2] INFO  verifyingSideMenuCollapsedLangAsInSettingsLingua_21-36-43 - 
========== LANGUAGE DETECTION ==========
Detected Language : BOSNIAN
Input Text        : Početna Shorts Pretplate Moje
========================================
21:38:39 [TestNG-test-Yt Master Tests-2] INFO  verifyingSideMenuCollapsedLangAsInSettingsLingua_21-36-43 - text sent to lingua is       Početna Shorts Pretplate Moje
21:38:39 [TestNG-test-Yt Master Tests-2] INFO  verifyingSideMenuCollapsedLangAsInSettingsLingua_21-36-43 - getLangAttribute() - locating <html> and reading lang property
21:38:39 [TestNG-test-Yt Master Tests-2] INFO  verifyingSideMenuCollapsedLangAsInSettingsLingua_21-36-43 - Language attribute read: hr-HR
21:38:39 [TestNG-test-Yt Master Tests-2] INFO  verifyingSideMenuCollapsedLangAsInSettingsLingua_21-36-43 - Clicking settings ellipses button...
21:38:39 [TestNG-test-Yt Master Tests-2] INFO  verifyingSideMenuCollapsedLangAsInSettingsLingua_21-36-43 - [verifyingSideMenuCollapsedLangAsInSettingsLingua_21-36-43] Trying to find element: By.xpath: //ytd-topbar-menu-button-renderer[@class='style-scope ytd-masthead style-default']
21:38:39 [TestNG-test-Yt Master Tests-2] INFO  verifyingSideMenuCollapsedLangAsInSettingsLingua_21-36-43 - [verifyingSideMenuCollapsedLangAsInSettingsLingua_21-36-43] Element found and ready (attempt 1): By.xpath: //ytd-topbar-menu-button-renderer[@class='style-scope ytd-masthead style-default']
21:38:39 [TestNG-test-Yt Master Tests-2] INFO  verifyingSideMenuCollapsedLangAsInSettingsLingua_21-36-43 - Clicking language dropdown...
21:38:39 [TestNG-test-Yt Master Tests-2] INFO  verifyingSideMenuCollapsedLangAsInSettingsLingua_21-36-43 - [verifyingSideMenuCollapsedLangAsInSettingsLingua_21-36-43] Trying to find element: By.xpath: (//div[@id='content-icon'])[2]
21:38:40 [TestNG-test-Yt Master Tests-2] INFO  verifyingSideMenuCollapsedLangAsInSettingsLingua_21-36-43 - [verifyingSideMenuCollapsedLangAsInSettingsLingua_21-36-43] Element found and ready (attempt 1): By.xpath: (//div[@id='content-icon'])[2]
21:38:40 [TestNG-test-Yt Master Tests-2] INFO  verifyingSideMenuCollapsedLangAsInSettingsLingua_21-36-43 - Looking for language element with name: Íslenska
21:38:40 [TestNG-test-Yt Master Tests-2] INFO  verifyingSideMenuCollapsedLangAsInSettingsLingua_21-36-43 - [verifyingSideMenuCollapsedLangAsInSettingsLingua_21-36-43] Trying to find element: By.xpath: //yt-multi-page-menu-section-renderer[@class='style-scope ytd-multi-page-menu-renderer']//yt-formatted-string[@id='label' and text()='Íslenska']
21:38:41 [TestNG-test-Yt Master Tests-2] INFO  verifyingSideMenuCollapsedLangAsInSettingsLingua_21-36-43 - [verifyingSideMenuCollapsedLangAsInSettingsLingua_21-36-43] Element found and ready (attempt 1): By.xpath: //yt-multi-page-menu-section-renderer[@class='style-scope ytd-multi-page-menu-renderer']//yt-formatted-string[@id='label' and text()='Íslenska']
21:38:41 [TestNG-test-Yt Master Tests-2] INFO  verifyingSideMenuCollapsedLangAsInSettingsLingua_21-36-43 - [verifyingSideMenuCollapsedLangAsInSettingsLingua_21-36-43] Trying to find element: By.xpath: //yt-multi-page-menu-section-renderer[@class='style-scope ytd-multi-page-menu-renderer']//yt-formatted-string[@id='label' and text()='Íslenska']
21:38:41 [TestNG-test-Yt Master Tests-2] INFO  verifyingSideMenuCollapsedLangAsInSettingsLingua_21-36-43 - [verifyingSideMenuCollapsedLangAsInSettingsLingua_21-36-43] Element found and ready (attempt 1): By.xpath: //yt-multi-page-menu-section-renderer[@class='style-scope ytd-multi-page-menu-renderer']//yt-formatted-string[@id='label' and text()='Íslenska']
21:38:42 [TestNG-test-Yt Master Tests-2] INFO  verifyingSideMenuCollapsedLangAsInSettingsLingua_21-36-43 - Clicking settings ellipses button...
21:38:42 [TestNG-test-Yt Master Tests-2] INFO  verifyingSideMenuCollapsedLangAsInSettingsLingua_21-36-43 - [verifyingSideMenuCollapsedLangAsInSettingsLingua_21-36-43] Trying to find element: By.xpath: //ytd-topbar-menu-button-renderer[@class='style-scope ytd-masthead style-default']
21:38:42 [TestNG-test-Yt Master Tests-2] INFO  verifyingSideMenuCollapsedLangAsInSettingsLingua_21-36-43 - [verifyingSideMenuCollapsedLangAsInSettingsLingua_21-36-43] Element found and ready (attempt 1): By.xpath: //ytd-topbar-menu-button-renderer[@class='style-scope ytd-masthead style-default']
21:38:42 [TestNG-test-Yt Master Tests-2] INFO  verifyingSideMenuCollapsedLangAsInSettingsLingua_21-36-43 - [verifyingSideMenuCollapsedLangAsInSettingsLingua_21-36-43] Waiting until element is visible in viewport
21:38:43 [TestNG-test-Yt Master Tests-2] INFO  verifyingSideMenuCollapsedLangAsInSettingsLingua_21-36-43 - Clicking settings ellipses button...
21:38:43 [TestNG-test-Yt Master Tests-2] INFO  verifyingSideMenuCollapsedLangAsInSettingsLingua_21-36-43 - [verifyingSideMenuCollapsedLangAsInSettingsLingua_21-36-43] Trying to find element: By.xpath: //ytd-topbar-menu-button-renderer[@class='style-scope ytd-masthead style-default']
21:38:43 [TestNG-test-Yt Master Tests-2] INFO  verifyingSideMenuCollapsedLangAsInSettingsLingua_21-36-43 - [verifyingSideMenuCollapsedLangAsInSettingsLingua_21-36-43] Element found and ready (attempt 1): By.xpath: //ytd-topbar-menu-button-renderer[@class='style-scope ytd-masthead style-default']
21:38:43 [TestNG-test-Yt Master Tests-2] INFO  verifyingSideMenuCollapsedLangAsInSettingsLingua_21-36-43 - getLangAttribute() - locating <html> and reading lang property
21:38:43 [TestNG-test-Yt Master Tests-2] INFO  verifyingSideMenuCollapsedLangAsInSettingsLingua_21-36-43 - Language attribute read: is-IS
21:38:43 [TestNG-test-Yt Master Tests-2] INFO  verifyingSideMenuCollapsedLangAsInSettingsLingua_21-36-43 - Fetching the side menu in collapsed view
21:38:43 [TestNG-test-Yt Master Tests-2] INFO  verifyingSideMenuCollapsedLangAsInSettingsLingua_21-36-43 - [verifyingSideMenuCollapsedLangAsInSettingsLingua_21-36-43] Finding elements list: By.xpath: //ytd-mini-guide-renderer[@class='style-scope ytd-app']//ytd-mini-guide-entry-renderer
21:38:44 [TestNG-test-Yt Master Tests-2] INFO  verifyingSideMenuCollapsedLangAsInSettingsLingua_21-36-43 - [verifyingSideMenuCollapsedLangAsInSettingsLingua_21-36-43] Found 4 ready elements (attempt 1): By.xpath: //ytd-mini-guide-renderer[@class='style-scope ytd-app']//ytd-mini-guide-entry-renderer
21:38:44 [TestNG-test-Yt Master Tests-2] INFO  verifyingSideMenuCollapsedLangAsInSettingsLingua_21-36-43 - 
========== LANGUAGE DETECTION ==========
Detected Language : ICELANDIC
Input Text        : Heim Shorts Áskriftir Þú
========================================
21:38:44 [TestNG-test-Yt Master Tests-2] INFO  verifyingSideMenuCollapsedLangAsInSettingsLingua_21-36-43 - text sent to lingua is       Heim Shorts Áskriftir Þú
21:38:44 [TestNG-test-Yt Master Tests-2] INFO  verifyingSideMenuCollapsedLangAsInSettingsLingua_21-36-43 - getLangAttribute() - locating <html> and reading lang property
21:38:44 [TestNG-test-Yt Master Tests-2] INFO  verifyingSideMenuCollapsedLangAsInSettingsLingua_21-36-43 - Language attribute read: is-IS
21:38:44 [TestNG-test-Yt Master Tests-2] INFO  verifyingSideMenuCollapsedLangAsInSettingsLingua_21-36-43 - Clicking settings ellipses button...
21:38:44 [TestNG-test-Yt Master Tests-2] INFO  verifyingSideMenuCollapsedLangAsInSettingsLingua_21-36-43 - [verifyingSideMenuCollapsedLangAsInSettingsLingua_21-36-43] Trying to find element: By.xpath: //ytd-topbar-menu-button-renderer[@class='style-scope ytd-masthead style-default']
21:38:44 [TestNG-test-Yt Master Tests-2] INFO  verifyingSideMenuCollapsedLangAsInSettingsLingua_21-36-43 - [verifyingSideMenuCollapsedLangAsInSettingsLingua_21-36-43] Element found and ready (attempt 1): By.xpath: //ytd-topbar-menu-button-renderer[@class='style-scope ytd-masthead style-default']
21:38:44 [TestNG-test-Yt Master Tests-2] INFO  verifyingSideMenuCollapsedLangAsInSettingsLingua_21-36-43 - Clicking language dropdown...
21:38:44 [TestNG-test-Yt Master Tests-2] INFO  verifyingSideMenuCollapsedLangAsInSettingsLingua_21-36-43 - [verifyingSideMenuCollapsedLangAsInSettingsLingua_21-36-43] Trying to find element: By.xpath: (//div[@id='content-icon'])[2]
21:38:44 [TestNG-test-Yt Master Tests-2] INFO  verifyingSideMenuCollapsedLangAsInSettingsLingua_21-36-43 - [verifyingSideMenuCollapsedLangAsInSettingsLingua_21-36-43] Element found and ready (attempt 1): By.xpath: (//div[@id='content-icon'])[2]
21:38:45 [TestNG-test-Yt Master Tests-2] INFO  verifyingSideMenuCollapsedLangAsInSettingsLingua_21-36-43 - Looking for language element with name: Italiano
21:38:45 [TestNG-test-Yt Master Tests-2] INFO  verifyingSideMenuCollapsedLangAsInSettingsLingua_21-36-43 - [verifyingSideMenuCollapsedLangAsInSettingsLingua_21-36-43] Trying to find element: By.xpath: //yt-multi-page-menu-section-renderer[@class='style-scope ytd-multi-page-menu-renderer']//yt-formatted-string[@id='label' and text()='Italiano']
21:38:45 [TestNG-test-Yt Master Tests-2] INFO  verifyingSideMenuCollapsedLangAsInSettingsLingua_21-36-43 - [verifyingSideMenuCollapsedLangAsInSettingsLingua_21-36-43] Element found and ready (attempt 1): By.xpath: //yt-multi-page-menu-section-renderer[@class='style-scope ytd-multi-page-menu-renderer']//yt-formatted-string[@id='label' and text()='Italiano']
21:38:45 [TestNG-test-Yt Master Tests-2] INFO  verifyingSideMenuCollapsedLangAsInSettingsLingua_21-36-43 - [verifyingSideMenuCollapsedLangAsInSettingsLingua_21-36-43] Trying to find element: By.xpath: //yt-multi-page-menu-section-renderer[@class='style-scope ytd-multi-page-menu-renderer']//yt-formatted-string[@id='label' and text()='Italiano']
21:38:45 [TestNG-test-Yt Master Tests-2] INFO  verifyingSideMenuCollapsedLangAsInSettingsLingua_21-36-43 - [verifyingSideMenuCollapsedLangAsInSettingsLingua_21-36-43] Element found and ready (attempt 1): By.xpath: //yt-multi-page-menu-section-renderer[@class='style-scope ytd-multi-page-menu-renderer']//yt-formatted-string[@id='label' and text()='Italiano']
21:38:46 [TestNG-test-Yt Master Tests-2] INFO  verifyingSideMenuCollapsedLangAsInSettingsLingua_21-36-43 - Clicking settings ellipses button...
21:38:47 [TestNG-test-Yt Master Tests-2] INFO  verifyingSideMenuCollapsedLangAsInSettingsLingua_21-36-43 - [verifyingSideMenuCollapsedLangAsInSettingsLingua_21-36-43] Trying to find element: By.xpath: //ytd-topbar-menu-button-renderer[@class='style-scope ytd-masthead style-default']
21:38:47 [TestNG-test-Yt Master Tests-2] INFO  verifyingSideMenuCollapsedLangAsInSettingsLingua_21-36-43 - [verifyingSideMenuCollapsedLangAsInSettingsLingua_21-36-43] Element found and ready (attempt 1): By.xpath: //ytd-topbar-menu-button-renderer[@class='style-scope ytd-masthead style-default']
21:38:47 [TestNG-test-Yt Master Tests-2] INFO  verifyingSideMenuCollapsedLangAsInSettingsLingua_21-36-43 - [verifyingSideMenuCollapsedLangAsInSettingsLingua_21-36-43] Waiting until element is visible in viewport
21:38:49 [TestNG-test-Yt Master Tests-2] INFO  verifyingSideMenuCollapsedLangAsInSettingsLingua_21-36-43 - Clicking settings ellipses button...
21:38:49 [TestNG-test-Yt Master Tests-2] INFO  verifyingSideMenuCollapsedLangAsInSettingsLingua_21-36-43 - [verifyingSideMenuCollapsedLangAsInSettingsLingua_21-36-43] Trying to find element: By.xpath: //ytd-topbar-menu-button-renderer[@class='style-scope ytd-masthead style-default']
21:38:49 [TestNG-test-Yt Master Tests-2] INFO  verifyingSideMenuCollapsedLangAsInSettingsLingua_21-36-43 - [verifyingSideMenuCollapsedLangAsInSettingsLingua_21-36-43] Element found and ready (attempt 1): By.xpath: //ytd-topbar-menu-button-renderer[@class='style-scope ytd-masthead style-default']
21:38:49 [TestNG-test-Yt Master Tests-2] INFO  verifyingSideMenuCollapsedLangAsInSettingsLingua_21-36-43 - getLangAttribute() - locating <html> and reading lang property
21:38:49 [TestNG-test-Yt Master Tests-2] INFO  verifyingSideMenuCollapsedLangAsInSettingsLingua_21-36-43 - Language attribute read: it-IT
21:38:49 [TestNG-test-Yt Master Tests-2] INFO  verifyingSideMenuCollapsedLangAsInSettingsLingua_21-36-43 - Fetching the side menu in collapsed view
21:38:49 [TestNG-test-Yt Master Tests-2] INFO  verifyingSideMenuCollapsedLangAsInSettingsLingua_21-36-43 - [verifyingSideMenuCollapsedLangAsInSettingsLingua_21-36-43] Finding elements list: By.xpath: //ytd-mini-guide-renderer[@class='style-scope ytd-app']//ytd-mini-guide-entry-renderer
21:38:49 [TestNG-test-Yt Master Tests-2] INFO  verifyingSideMenuCollapsedLangAsInSettingsLingua_21-36-43 - [verifyingSideMenuCollapsedLangAsInSettingsLingua_21-36-43] Found 4 ready elements (attempt 1): By.xpath: //ytd-mini-guide-renderer[@class='style-scope ytd-app']//ytd-mini-guide-entry-renderer
21:38:49 [TestNG-test-Yt Master Tests-2] INFO  verifyingSideMenuCollapsedLangAsInSettingsLingua_21-36-43 - 
========== LANGUAGE DETECTION ==========
Detected Language : ITALIAN
Input Text        : Home Shorts Iscrizioni Tu
========================================
21:38:49 [TestNG-test-Yt Master Tests-2] INFO  verifyingSideMenuCollapsedLangAsInSettingsLingua_21-36-43 - text sent to lingua is       Home Shorts Iscrizioni Tu
21:38:49 [TestNG-test-Yt Master Tests-2] INFO  verifyingSideMenuCollapsedLangAsInSettingsLingua_21-36-43 - getLangAttribute() - locating <html> and reading lang property
21:38:49 [TestNG-test-Yt Master Tests-2] INFO  verifyingSideMenuCollapsedLangAsInSettingsLingua_21-36-43 - Language attribute read: it-IT
21:38:49 [TestNG-test-Yt Master Tests-2] INFO  verifyingSideMenuCollapsedLangAsInSettingsLingua_21-36-43 - Clicking settings ellipses button...
21:38:49 [TestNG-test-Yt Master Tests-2] INFO  verifyingSideMenuCollapsedLangAsInSettingsLingua_21-36-43 - [verifyingSideMenuCollapsedLangAsInSettingsLingua_21-36-43] Trying to find element: By.xpath: //ytd-topbar-menu-button-renderer[@class='style-scope ytd-masthead style-default']
21:38:49 [TestNG-test-Yt Master Tests-2] INFO  verifyingSideMenuCollapsedLangAsInSettingsLingua_21-36-43 - [verifyingSideMenuCollapsedLangAsInSettingsLingua_21-36-43] Element found and ready (attempt 1): By.xpath: //ytd-topbar-menu-button-renderer[@class='style-scope ytd-masthead style-default']
21:38:49 [TestNG-test-Yt Master Tests-2] INFO  verifyingSideMenuCollapsedLangAsInSettingsLingua_21-36-43 - Clicking language dropdown...
21:38:49 [TestNG-test-Yt Master Tests-2] INFO  verifyingSideMenuCollapsedLangAsInSettingsLingua_21-36-43 - [verifyingSideMenuCollapsedLangAsInSettingsLingua_21-36-43] Trying to find element: By.xpath: (//div[@id='content-icon'])[2]
21:38:50 [TestNG-test-Yt Master Tests-2] INFO  verifyingSideMenuCollapsedLangAsInSettingsLingua_21-36-43 - [verifyingSideMenuCollapsedLangAsInSettingsLingua_21-36-43] Element found and ready (attempt 1): By.xpath: (//div[@id='content-icon'])[2]
21:38:50 [TestNG-test-Yt Master Tests-2] INFO  verifyingSideMenuCollapsedLangAsInSettingsLingua_21-36-43 - Looking for language element with name: Latviešu valoda
21:38:50 [TestNG-test-Yt Master Tests-2] INFO  verifyingSideMenuCollapsedLangAsInSettingsLingua_21-36-43 - [verifyingSideMenuCollapsedLangAsInSettingsLingua_21-36-43] Trying to find element: By.xpath: //yt-multi-page-menu-section-renderer[@class='style-scope ytd-multi-page-menu-renderer']//yt-formatted-string[@id='label' and text()='Latviešu valoda']
21:38:50 [TestNG-test-Yt Master Tests-2] INFO  verifyingSideMenuCollapsedLangAsInSettingsLingua_21-36-43 - [verifyingSideMenuCollapsedLangAsInSettingsLingua_21-36-43] Element found and ready (attempt 1): By.xpath: //yt-multi-page-menu-section-renderer[@class='style-scope ytd-multi-page-menu-renderer']//yt-formatted-string[@id='label' and text()='Latviešu valoda']
21:38:50 [TestNG-test-Yt Master Tests-2] INFO  verifyingSideMenuCollapsedLangAsInSettingsLingua_21-36-43 - [verifyingSideMenuCollapsedLangAsInSettingsLingua_21-36-43] Trying to find element: By.xpath: //yt-multi-page-menu-section-renderer[@class='style-scope ytd-multi-page-menu-renderer']//yt-formatted-string[@id='label' and text()='Latviešu valoda']
21:38:51 [TestNG-test-Yt Master Tests-2] INFO  verifyingSideMenuCollapsedLangAsInSettingsLingua_21-36-43 - [verifyingSideMenuCollapsedLangAsInSettingsLingua_21-36-43] Element found and ready (attempt 1): By.xpath: //yt-multi-page-menu-section-renderer[@class='style-scope ytd-multi-page-menu-renderer']//yt-formatted-string[@id='label' and text()='Latviešu valoda']
21:38:52 [TestNG-test-Yt Master Tests-2] INFO  verifyingSideMenuCollapsedLangAsInSettingsLingua_21-36-43 - Clicking settings ellipses button...
21:38:52 [TestNG-test-Yt Master Tests-2] INFO  verifyingSideMenuCollapsedLangAsInSettingsLingua_21-36-43 - [verifyingSideMenuCollapsedLangAsInSettingsLingua_21-36-43] Trying to find element: By.xpath: //ytd-topbar-menu-button-renderer[@class='style-scope ytd-masthead style-default']
21:38:53 [TestNG-test-Yt Master Tests-2] INFO  verifyingSideMenuCollapsedLangAsInSettingsLingua_21-36-43 - [verifyingSideMenuCollapsedLangAsInSettingsLingua_21-36-43] Element found and ready (attempt 1): By.xpath: //ytd-topbar-menu-button-renderer[@class='style-scope ytd-masthead style-default']
21:38:53 [TestNG-test-Yt Master Tests-2] INFO  verifyingSideMenuCollapsedLangAsInSettingsLingua_21-36-43 - [verifyingSideMenuCollapsedLangAsInSettingsLingua_21-36-43] Waiting until element is visible in viewport
21:38:54 [TestNG-test-Yt Master Tests-2] INFO  verifyingSideMenuCollapsedLangAsInSettingsLingua_21-36-43 - Clicking settings ellipses button...
21:38:54 [TestNG-test-Yt Master Tests-2] INFO  verifyingSideMenuCollapsedLangAsInSettingsLingua_21-36-43 - [verifyingSideMenuCollapsedLangAsInSettingsLingua_21-36-43] Trying to find element: By.xpath: //ytd-topbar-menu-button-renderer[@class='style-scope ytd-masthead style-default']
21:38:54 [TestNG-test-Yt Master Tests-2] INFO  verifyingSideMenuCollapsedLangAsInSettingsLingua_21-36-43 - [verifyingSideMenuCollapsedLangAsInSettingsLingua_21-36-43] Element found and ready (attempt 1): By.xpath: //ytd-topbar-menu-button-renderer[@class='style-scope ytd-masthead style-default']
21:38:54 [TestNG-test-Yt Master Tests-2] INFO  verifyingSideMenuCollapsedLangAsInSettingsLingua_21-36-43 - getLangAttribute() - locating <html> and reading lang property
21:38:54 [TestNG-test-Yt Master Tests-2] INFO  verifyingSideMenuCollapsedLangAsInSettingsLingua_21-36-43 - Language attribute read: lv-LV
21:38:54 [TestNG-test-Yt Master Tests-2] INFO  verifyingSideMenuCollapsedLangAsInSettingsLingua_21-36-43 - Fetching the side menu in collapsed view
21:38:54 [TestNG-test-Yt Master Tests-2] INFO  verifyingSideMenuCollapsedLangAsInSettingsLingua_21-36-43 - [verifyingSideMenuCollapsedLangAsInSettingsLingua_21-36-43] Finding elements list: By.xpath: //ytd-mini-guide-renderer[@class='style-scope ytd-app']//ytd-mini-guide-entry-renderer
21:38:54 [TestNG-test-Yt Master Tests-2] INFO  verifyingSideMenuCollapsedLangAsInSettingsLingua_21-36-43 - [verifyingSideMenuCollapsedLangAsInSettingsLingua_21-36-43] Found 4 ready elements (attempt 1): By.xpath: //ytd-mini-guide-renderer[@class='style-scope ytd-app']//ytd-mini-guide-entry-renderer
21:38:54 [TestNG-test-Yt Master Tests-2] INFO  verifyingSideMenuCollapsedLangAsInSettingsLingua_21-36-43 - 
========== LANGUAGE DETECTION ==========
Detected Language : LATVIAN
Input Text        : Sākums Shorts Abonementi Jūs
========================================
21:38:54 [TestNG-test-Yt Master Tests-2] INFO  verifyingSideMenuCollapsedLangAsInSettingsLingua_21-36-43 - text sent to lingua is       Sākums Shorts Abonementi Jūs
21:38:54 [TestNG-test-Yt Master Tests-2] INFO  verifyingSideMenuCollapsedLangAsInSettingsLingua_21-36-43 - getLangAttribute() - locating <html> and reading lang property
21:38:54 [TestNG-test-Yt Master Tests-2] INFO  verifyingSideMenuCollapsedLangAsInSettingsLingua_21-36-43 - Language attribute read: lv-LV
21:38:54 [TestNG-test-Yt Master Tests-2] INFO  verifyingSideMenuCollapsedLangAsInSettingsLingua_21-36-43 - Clicking settings ellipses button...
21:38:54 [TestNG-test-Yt Master Tests-2] INFO  verifyingSideMenuCollapsedLangAsInSettingsLingua_21-36-43 - [verifyingSideMenuCollapsedLangAsInSettingsLingua_21-36-43] Trying to find element: By.xpath: //ytd-topbar-menu-button-renderer[@class='style-scope ytd-masthead style-default']
21:38:54 [TestNG-test-Yt Master Tests-2] INFO  verifyingSideMenuCollapsedLangAsInSettingsLingua_21-36-43 - [verifyingSideMenuCollapsedLangAsInSettingsLingua_21-36-43] Element found and ready (attempt 1): By.xpath: //ytd-topbar-menu-button-renderer[@class='style-scope ytd-masthead style-default']
21:38:54 [TestNG-test-Yt Master Tests-2] INFO  verifyingSideMenuCollapsedLangAsInSettingsLingua_21-36-43 - Clicking language dropdown...
21:38:54 [TestNG-test-Yt Master Tests-2] INFO  verifyingSideMenuCollapsedLangAsInSettingsLingua_21-36-43 - [verifyingSideMenuCollapsedLangAsInSettingsLingua_21-36-43] Trying to find element: By.xpath: (//div[@id='content-icon'])[2]
21:38:55 [TestNG-test-Yt Master Tests-2] INFO  verifyingSideMenuCollapsedLangAsInSettingsLingua_21-36-43 - [verifyingSideMenuCollapsedLangAsInSettingsLingua_21-36-43] Element found and ready (attempt 1): By.xpath: (//div[@id='content-icon'])[2]
21:38:56 [TestNG-test-Yt Master Tests-2] INFO  verifyingSideMenuCollapsedLangAsInSettingsLingua_21-36-43 - Looking for language element with name: Lietuvių
21:38:56 [TestNG-test-Yt Master Tests-2] INFO  verifyingSideMenuCollapsedLangAsInSettingsLingua_21-36-43 - [verifyingSideMenuCollapsedLangAsInSettingsLingua_21-36-43] Trying to find element: By.xpath: //yt-multi-page-menu-section-renderer[@class='style-scope ytd-multi-page-menu-renderer']//yt-formatted-string[@id='label' and text()='Lietuvių']
21:38:56 [TestNG-test-Yt Master Tests-2] INFO  verifyingSideMenuCollapsedLangAsInSettingsLingua_21-36-43 - [verifyingSideMenuCollapsedLangAsInSettingsLingua_21-36-43] Element found and ready (attempt 1): By.xpath: //yt-multi-page-menu-section-renderer[@class='style-scope ytd-multi-page-menu-renderer']//yt-formatted-string[@id='label' and text()='Lietuvių']
21:38:56 [TestNG-test-Yt Master Tests-2] INFO  verifyingSideMenuCollapsedLangAsInSettingsLingua_21-36-43 - [verifyingSideMenuCollapsedLangAsInSettingsLingua_21-36-43] Trying to find element: By.xpath: //yt-multi-page-menu-section-renderer[@class='style-scope ytd-multi-page-menu-renderer']//yt-formatted-string[@id='label' and text()='Lietuvių']
21:38:56 [TestNG-test-Yt Master Tests-2] INFO  verifyingSideMenuCollapsedLangAsInSettingsLingua_21-36-43 - [verifyingSideMenuCollapsedLangAsInSettingsLingua_21-36-43] Element found and ready (attempt 1): By.xpath: //yt-multi-page-menu-section-renderer[@class='style-scope ytd-multi-page-menu-renderer']//yt-formatted-string[@id='label' and text()='Lietuvių']
21:38:57 [TestNG-test-Yt Master Tests-2] INFO  verifyingSideMenuCollapsedLangAsInSettingsLingua_21-36-43 - Clicking settings ellipses button...
21:38:57 [TestNG-test-Yt Master Tests-2] INFO  verifyingSideMenuCollapsedLangAsInSettingsLingua_21-36-43 - [verifyingSideMenuCollapsedLangAsInSettingsLingua_21-36-43] Trying to find element: By.xpath: //ytd-topbar-menu-button-renderer[@class='style-scope ytd-masthead style-default']
21:38:58 [TestNG-test-Yt Master Tests-2] INFO  verifyingSideMenuCollapsedLangAsInSettingsLingua_21-36-43 - [verifyingSideMenuCollapsedLangAsInSettingsLingua_21-36-43] Element found and ready (attempt 1): By.xpath: //ytd-topbar-menu-button-renderer[@class='style-scope ytd-masthead style-default']
21:38:58 [TestNG-test-Yt Master Tests-2] INFO  verifyingSideMenuCollapsedLangAsInSettingsLingua_21-36-43 - [verifyingSideMenuCollapsedLangAsInSettingsLingua_21-36-43] Waiting until element is visible in viewport
21:38:59 [TestNG-test-Yt Master Tests-2] INFO  verifyingSideMenuCollapsedLangAsInSettingsLingua_21-36-43 - Clicking settings ellipses button...
21:38:59 [TestNG-test-Yt Master Tests-2] INFO  verifyingSideMenuCollapsedLangAsInSettingsLingua_21-36-43 - [verifyingSideMenuCollapsedLangAsInSettingsLingua_21-36-43] Trying to find element: By.xpath: //ytd-topbar-menu-button-renderer[@class='style-scope ytd-masthead style-default']
21:38:59 [TestNG-test-Yt Master Tests-2] INFO  verifyingSideMenuCollapsedLangAsInSettingsLingua_21-36-43 - [verifyingSideMenuCollapsedLangAsInSettingsLingua_21-36-43] Element found and ready (attempt 1): By.xpath: //ytd-topbar-menu-button-renderer[@class='style-scope ytd-masthead style-default']
21:38:59 [TestNG-test-Yt Master Tests-2] INFO  verifyingSideMenuCollapsedLangAsInSettingsLingua_21-36-43 - getLangAttribute() - locating <html> and reading lang property
21:38:59 [TestNG-test-Yt Master Tests-2] INFO  verifyingSideMenuCollapsedLangAsInSettingsLingua_21-36-43 - Language attribute read: lt-LT
21:38:59 [TestNG-test-Yt Master Tests-2] INFO  verifyingSideMenuCollapsedLangAsInSettingsLingua_21-36-43 - Fetching the side menu in collapsed view
21:38:59 [TestNG-test-Yt Master Tests-2] INFO  verifyingSideMenuCollapsedLangAsInSettingsLingua_21-36-43 - [verifyingSideMenuCollapsedLangAsInSettingsLingua_21-36-43] Finding elements list: By.xpath: //ytd-mini-guide-renderer[@class='style-scope ytd-app']//ytd-mini-guide-entry-renderer
21:39:00 [TestNG-test-Yt Master Tests-2] INFO  verifyingSideMenuCollapsedLangAsInSettingsLingua_21-36-43 - [verifyingSideMenuCollapsedLangAsInSettingsLingua_21-36-43] Found 4 ready elements (attempt 1): By.xpath: //ytd-mini-guide-renderer[@class='style-scope ytd-app']//ytd-mini-guide-entry-renderer
21:39:00 [TestNG-test-Yt Master Tests-2] INFO  verifyingSideMenuCollapsedLangAsInSettingsLingua_21-36-43 - 
========== LANGUAGE DETECTION ==========
Detected Language : LITHUANIAN
Input Text        : Pagrindinis Shorts Prenumeratos Jūs
========================================
21:39:00 [TestNG-test-Yt Master Tests-2] INFO  verifyingSideMenuCollapsedLangAsInSettingsLingua_21-36-43 - text sent to lingua is       Pagrindinis Shorts Prenumeratos Jūs
21:39:00 [TestNG-test-Yt Master Tests-2] INFO  verifyingSideMenuCollapsedLangAsInSettingsLingua_21-36-43 - getLangAttribute() - locating <html> and reading lang property
21:39:00 [TestNG-test-Yt Master Tests-2] INFO  verifyingSideMenuCollapsedLangAsInSettingsLingua_21-36-43 - Language attribute read: lt-LT
21:39:00 [TestNG-test-Yt Master Tests-2] INFO  verifyingSideMenuCollapsedLangAsInSettingsLingua_21-36-43 - Clicking settings ellipses button...
21:39:01 [TestNG-test-Yt Master Tests-2] INFO  verifyingSideMenuCollapsedLangAsInSettingsLingua_21-36-43 - [verifyingSideMenuCollapsedLangAsInSettingsLingua_21-36-43] Trying to find element: By.xpath: //ytd-topbar-menu-button-renderer[@class='style-scope ytd-masthead style-default']
21:39:01 [TestNG-test-Yt Master Tests-2] INFO  verifyingSideMenuCollapsedLangAsInSettingsLingua_21-36-43 - [verifyingSideMenuCollapsedLangAsInSettingsLingua_21-36-43] Element found and ready (attempt 1): By.xpath: //ytd-topbar-menu-button-renderer[@class='style-scope ytd-masthead style-default']
21:39:01 [TestNG-test-Yt Master Tests-2] INFO  verifyingSideMenuCollapsedLangAsInSettingsLingua_21-36-43 - Clicking language dropdown...
21:39:01 [TestNG-test-Yt Master Tests-2] INFO  verifyingSideMenuCollapsedLangAsInSettingsLingua_21-36-43 - [verifyingSideMenuCollapsedLangAsInSettingsLingua_21-36-43] Trying to find element: By.xpath: (//div[@id='content-icon'])[2]
21:39:01 [TestNG-test-Yt Master Tests-2] INFO  verifyingSideMenuCollapsedLangAsInSettingsLingua_21-36-43 - [verifyingSideMenuCollapsedLangAsInSettingsLingua_21-36-43] Element found and ready (attempt 1): By.xpath: (//div[@id='content-icon'])[2]
21:39:02 [TestNG-test-Yt Master Tests-2] INFO  verifyingSideMenuCollapsedLangAsInSettingsLingua_21-36-43 - Looking for language element with name: Magyar
21:39:02 [TestNG-test-Yt Master Tests-2] INFO  verifyingSideMenuCollapsedLangAsInSettingsLingua_21-36-43 - [verifyingSideMenuCollapsedLangAsInSettingsLingua_21-36-43] Trying to find element: By.xpath: //yt-multi-page-menu-section-renderer[@class='style-scope ytd-multi-page-menu-renderer']//yt-formatted-string[@id='label' and text()='Magyar']
21:39:02 [TestNG-test-Yt Master Tests-2] INFO  verifyingSideMenuCollapsedLangAsInSettingsLingua_21-36-43 - [verifyingSideMenuCollapsedLangAsInSettingsLingua_21-36-43] Element found and ready (attempt 1): By.xpath: //yt-multi-page-menu-section-renderer[@class='style-scope ytd-multi-page-menu-renderer']//yt-formatted-string[@id='label' and text()='Magyar']
21:39:02 [TestNG-test-Yt Master Tests-2] INFO  verifyingSideMenuCollapsedLangAsInSettingsLingua_21-36-43 - [verifyingSideMenuCollapsedLangAsInSettingsLingua_21-36-43] Trying to find element: By.xpath: //yt-multi-page-menu-section-renderer[@class='style-scope ytd-multi-page-menu-renderer']//yt-formatted-string[@id='label' and text()='Magyar']
21:39:02 [TestNG-test-Yt Master Tests-2] INFO  verifyingSideMenuCollapsedLangAsInSettingsLingua_21-36-43 - [verifyingSideMenuCollapsedLangAsInSettingsLingua_21-36-43] Element found and ready (attempt 1): By.xpath: //yt-multi-page-menu-section-renderer[@class='style-scope ytd-multi-page-menu-renderer']//yt-formatted-string[@id='label' and text()='Magyar']
21:39:04 [TestNG-test-Yt Master Tests-2] INFO  verifyingSideMenuCollapsedLangAsInSettingsLingua_21-36-43 - Clicking settings ellipses button...
21:39:04 [TestNG-test-Yt Master Tests-2] INFO  verifyingSideMenuCollapsedLangAsInSettingsLingua_21-36-43 - [verifyingSideMenuCollapsedLangAsInSettingsLingua_21-36-43] Trying to find element: By.xpath: //ytd-topbar-menu-button-renderer[@class='style-scope ytd-masthead style-default']
21:39:04 [TestNG-test-Yt Master Tests-2] INFO  verifyingSideMenuCollapsedLangAsInSettingsLingua_21-36-43 - [verifyingSideMenuCollapsedLangAsInSettingsLingua_21-36-43] Element found and ready (attempt 1): By.xpath: //ytd-topbar-menu-button-renderer[@class='style-scope ytd-masthead style-default']
21:39:04 [TestNG-test-Yt Master Tests-2] INFO  verifyingSideMenuCollapsedLangAsInSettingsLingua_21-36-43 - [verifyingSideMenuCollapsedLangAsInSettingsLingua_21-36-43] Waiting until element is visible in viewport
21:39:05 [TestNG-test-Yt Master Tests-2] INFO  verifyingSideMenuCollapsedLangAsInSettingsLingua_21-36-43 - Clicking settings ellipses button...
21:39:05 [TestNG-test-Yt Master Tests-2] INFO  verifyingSideMenuCollapsedLangAsInSettingsLingua_21-36-43 - [verifyingSideMenuCollapsedLangAsInSettingsLingua_21-36-43] Trying to find element: By.xpath: //ytd-topbar-menu-button-renderer[@class='style-scope ytd-masthead style-default']
21:39:05 [TestNG-test-Yt Master Tests-2] INFO  verifyingSideMenuCollapsedLangAsInSettingsLingua_21-36-43 - [verifyingSideMenuCollapsedLangAsInSettingsLingua_21-36-43] Element found and ready (attempt 1): By.xpath: //ytd-topbar-menu-button-renderer[@class='style-scope ytd-masthead style-default']
21:39:05 [TestNG-test-Yt Master Tests-2] INFO  verifyingSideMenuCollapsedLangAsInSettingsLingua_21-36-43 - getLangAttribute() - locating <html> and reading lang property
21:39:05 [TestNG-test-Yt Master Tests-2] INFO  verifyingSideMenuCollapsedLangAsInSettingsLingua_21-36-43 - Language attribute read: hu-HU
21:39:05 [TestNG-test-Yt Master Tests-2] INFO  verifyingSideMenuCollapsedLangAsInSettingsLingua_21-36-43 - Fetching the side menu in collapsed view
21:39:05 [TestNG-test-Yt Master Tests-2] INFO  verifyingSideMenuCollapsedLangAsInSettingsLingua_21-36-43 - [verifyingSideMenuCollapsedLangAsInSettingsLingua_21-36-43] Finding elements list: By.xpath: //ytd-mini-guide-renderer[@class='style-scope ytd-app']//ytd-mini-guide-entry-renderer
21:39:05 [TestNG-test-Yt Master Tests-2] INFO  verifyingSideMenuCollapsedLangAsInSettingsLingua_21-36-43 - [verifyingSideMenuCollapsedLangAsInSettingsLingua_21-36-43] Found 4 ready elements (attempt 1): By.xpath: //ytd-mini-guide-renderer[@class='style-scope ytd-app']//ytd-mini-guide-entry-renderer
21:39:06 [TestNG-test-Yt Master Tests-2] INFO  verifyingSideMenuCollapsedLangAsInSettingsLingua_21-36-43 - 
========== LANGUAGE DETECTION ==========
Detected Language : HUNGARIAN
Input Text        : Kezdőlap Shorts Feliratkozások Te
========================================
21:39:06 [TestNG-test-Yt Master Tests-2] INFO  verifyingSideMenuCollapsedLangAsInSettingsLingua_21-36-43 - text sent to lingua is       Kezdőlap Shorts Feliratkozások Te
21:39:06 [TestNG-test-Yt Master Tests-2] INFO  verifyingSideMenuCollapsedLangAsInSettingsLingua_21-36-43 - getLangAttribute() - locating <html> and reading lang property
21:39:06 [TestNG-test-Yt Master Tests-2] INFO  verifyingSideMenuCollapsedLangAsInSettingsLingua_21-36-43 - Language attribute read: hu-HU
21:39:06 [TestNG-test-Yt Master Tests-2] INFO  verifyingSideMenuCollapsedLangAsInSettingsLingua_21-36-43 - Clicking settings ellipses button...
21:39:06 [TestNG-test-Yt Master Tests-2] INFO  verifyingSideMenuCollapsedLangAsInSettingsLingua_21-36-43 - [verifyingSideMenuCollapsedLangAsInSettingsLingua_21-36-43] Trying to find element: By.xpath: //ytd-topbar-menu-button-renderer[@class='style-scope ytd-masthead style-default']
21:39:06 [TestNG-test-Yt Master Tests-2] INFO  verifyingSideMenuCollapsedLangAsInSettingsLingua_21-36-43 - [verifyingSideMenuCollapsedLangAsInSettingsLingua_21-36-43] Element found and ready (attempt 1): By.xpath: //ytd-topbar-menu-button-renderer[@class='style-scope ytd-masthead style-default']
21:39:06 [TestNG-test-Yt Master Tests-2] INFO  verifyingSideMenuCollapsedLangAsInSettingsLingua_21-36-43 - Clicking language dropdown...
21:39:06 [TestNG-test-Yt Master Tests-2] INFO  verifyingSideMenuCollapsedLangAsInSettingsLingua_21-36-43 - [verifyingSideMenuCollapsedLangAsInSettingsLingua_21-36-43] Trying to find element: By.xpath: (//div[@id='content-icon'])[2]
21:39:07 [TestNG-test-Yt Master Tests-2] INFO  verifyingSideMenuCollapsedLangAsInSettingsLingua_21-36-43 - [verifyingSideMenuCollapsedLangAsInSettingsLingua_21-36-43] Element found and ready (attempt 1): By.xpath: (//div[@id='content-icon'])[2]
21:39:07 [TestNG-test-Yt Master Tests-2] INFO  verifyingSideMenuCollapsedLangAsInSettingsLingua_21-36-43 - Looking for language element with name: Nederlands
21:39:07 [TestNG-test-Yt Master Tests-2] INFO  verifyingSideMenuCollapsedLangAsInSettingsLingua_21-36-43 - [verifyingSideMenuCollapsedLangAsInSettingsLingua_21-36-43] Trying to find element: By.xpath: //yt-multi-page-menu-section-renderer[@class='style-scope ytd-multi-page-menu-renderer']//yt-formatted-string[@id='label' and text()='Nederlands']
21:39:07 [TestNG-test-Yt Master Tests-2] INFO  verifyingSideMenuCollapsedLangAsInSettingsLingua_21-36-43 - [verifyingSideMenuCollapsedLangAsInSettingsLingua_21-36-43] Element found and ready (attempt 1): By.xpath: //yt-multi-page-menu-section-renderer[@class='style-scope ytd-multi-page-menu-renderer']//yt-formatted-string[@id='label' and text()='Nederlands']
21:39:07 [TestNG-test-Yt Master Tests-2] INFO  verifyingSideMenuCollapsedLangAsInSettingsLingua_21-36-43 - [verifyingSideMenuCollapsedLangAsInSettingsLingua_21-36-43] Trying to find element: By.xpath: //yt-multi-page-menu-section-renderer[@class='style-scope ytd-multi-page-menu-renderer']//yt-formatted-string[@id='label' and text()='Nederlands']
21:39:07 [TestNG-test-Yt Master Tests-2] INFO  verifyingSideMenuCollapsedLangAsInSettingsLingua_21-36-43 - [verifyingSideMenuCollapsedLangAsInSettingsLingua_21-36-43] Element found and ready (attempt 1): By.xpath: //yt-multi-page-menu-section-renderer[@class='style-scope ytd-multi-page-menu-renderer']//yt-formatted-string[@id='label' and text()='Nederlands']
21:39:09 [TestNG-test-Yt Master Tests-2] INFO  verifyingSideMenuCollapsedLangAsInSettingsLingua_21-36-43 - Clicking settings ellipses button...
21:39:09 [TestNG-test-Yt Master Tests-2] INFO  verifyingSideMenuCollapsedLangAsInSettingsLingua_21-36-43 - [verifyingSideMenuCollapsedLangAsInSettingsLingua_21-36-43] Trying to find element: By.xpath: //ytd-topbar-menu-button-renderer[@class='style-scope ytd-masthead style-default']
21:39:09 [TestNG-test-Yt Master Tests-2] INFO  verifyingSideMenuCollapsedLangAsInSettingsLingua_21-36-43 - [verifyingSideMenuCollapsedLangAsInSettingsLingua_21-36-43] Element found and ready (attempt 1): By.xpath: //ytd-topbar-menu-button-renderer[@class='style-scope ytd-masthead style-default']
21:39:09 [TestNG-test-Yt Master Tests-2] INFO  verifyingSideMenuCollapsedLangAsInSettingsLingua_21-36-43 - [verifyingSideMenuCollapsedLangAsInSettingsLingua_21-36-43] Waiting until element is visible in viewport
21:39:10 [TestNG-test-Yt Master Tests-2] INFO  verifyingSideMenuCollapsedLangAsInSettingsLingua_21-36-43 - Clicking settings ellipses button...
21:39:10 [TestNG-test-Yt Master Tests-2] INFO  verifyingSideMenuCollapsedLangAsInSettingsLingua_21-36-43 - [verifyingSideMenuCollapsedLangAsInSettingsLingua_21-36-43] Trying to find element: By.xpath: //ytd-topbar-menu-button-renderer[@class='style-scope ytd-masthead style-default']
21:39:10 [TestNG-test-Yt Master Tests-2] INFO  verifyingSideMenuCollapsedLangAsInSettingsLingua_21-36-43 - [verifyingSideMenuCollapsedLangAsInSettingsLingua_21-36-43] Element found and ready (attempt 1): By.xpath: //ytd-topbar-menu-button-renderer[@class='style-scope ytd-masthead style-default']
21:39:10 [TestNG-test-Yt Master Tests-2] INFO  verifyingSideMenuCollapsedLangAsInSettingsLingua_21-36-43 - getLangAttribute() - locating <html> and reading lang property
21:39:10 [TestNG-test-Yt Master Tests-2] INFO  verifyingSideMenuCollapsedLangAsInSettingsLingua_21-36-43 - Language attribute read: nl-NL
21:39:10 [TestNG-test-Yt Master Tests-2] INFO  verifyingSideMenuCollapsedLangAsInSettingsLingua_21-36-43 - Fetching the side menu in collapsed view
21:39:10 [TestNG-test-Yt Master Tests-2] INFO  verifyingSideMenuCollapsedLangAsInSettingsLingua_21-36-43 - [verifyingSideMenuCollapsedLangAsInSettingsLingua_21-36-43] Finding elements list: By.xpath: //ytd-mini-guide-renderer[@class='style-scope ytd-app']//ytd-mini-guide-entry-renderer
21:39:11 [TestNG-test-Yt Master Tests-2] INFO  verifyingSideMenuCollapsedLangAsInSettingsLingua_21-36-43 - [verifyingSideMenuCollapsedLangAsInSettingsLingua_21-36-43] Found 4 ready elements (attempt 1): By.xpath: //ytd-mini-guide-renderer[@class='style-scope ytd-app']//ytd-mini-guide-entry-renderer
21:39:11 [TestNG-test-Yt Master Tests-2] INFO  verifyingSideMenuCollapsedLangAsInSettingsLingua_21-36-43 - 
========== LANGUAGE DETECTION ==========
Detected Language : DUTCH
Input Text        : Home Shorts Abonnementen Jij
========================================
21:39:11 [TestNG-test-Yt Master Tests-2] INFO  verifyingSideMenuCollapsedLangAsInSettingsLingua_21-36-43 - text sent to lingua is       Home Shorts Abonnementen Jij
21:39:11 [TestNG-test-Yt Master Tests-2] INFO  verifyingSideMenuCollapsedLangAsInSettingsLingua_21-36-43 - getLangAttribute() - locating <html> and reading lang property
21:39:11 [TestNG-test-Yt Master Tests-2] INFO  verifyingSideMenuCollapsedLangAsInSettingsLingua_21-36-43 - Language attribute read: nl-NL
21:39:11 [TestNG-test-Yt Master Tests-2] INFO  verifyingSideMenuCollapsedLangAsInSettingsLingua_21-36-43 - Clicking settings ellipses button...
21:39:11 [TestNG-test-Yt Master Tests-2] INFO  verifyingSideMenuCollapsedLangAsInSettingsLingua_21-36-43 - [verifyingSideMenuCollapsedLangAsInSettingsLingua_21-36-43] Trying to find element: By.xpath: //ytd-topbar-menu-button-renderer[@class='style-scope ytd-masthead style-default']
21:39:11 [TestNG-test-Yt Master Tests-2] INFO  verifyingSideMenuCollapsedLangAsInSettingsLingua_21-36-43 - [verifyingSideMenuCollapsedLangAsInSettingsLingua_21-36-43] Element found and ready (attempt 1): By.xpath: //ytd-topbar-menu-button-renderer[@class='style-scope ytd-masthead style-default']
21:39:11 [TestNG-test-Yt Master Tests-2] INFO  verifyingSideMenuCollapsedLangAsInSettingsLingua_21-36-43 - Clicking language dropdown...
21:39:11 [TestNG-test-Yt Master Tests-2] INFO  verifyingSideMenuCollapsedLangAsInSettingsLingua_21-36-43 - [verifyingSideMenuCollapsedLangAsInSettingsLingua_21-36-43] Trying to find element: By.xpath: (//div[@id='content-icon'])[2]
21:39:12 [TestNG-test-Yt Master Tests-2] INFO  verifyingSideMenuCollapsedLangAsInSettingsLingua_21-36-43 - [verifyingSideMenuCollapsedLangAsInSettingsLingua_21-36-43] Element found and ready (attempt 1): By.xpath: (//div[@id='content-icon'])[2]
21:39:13 [TestNG-test-Yt Master Tests-2] INFO  verifyingSideMenuCollapsedLangAsInSettingsLingua_21-36-43 - Looking for language element with name: Polski
21:39:13 [TestNG-test-Yt Master Tests-2] INFO  verifyingSideMenuCollapsedLangAsInSettingsLingua_21-36-43 - [verifyingSideMenuCollapsedLangAsInSettingsLingua_21-36-43] Trying to find element: By.xpath: //yt-multi-page-menu-section-renderer[@class='style-scope ytd-multi-page-menu-renderer']//yt-formatted-string[@id='label' and text()='Polski']
21:39:13 [TestNG-test-Yt Master Tests-2] INFO  verifyingSideMenuCollapsedLangAsInSettingsLingua_21-36-43 - [verifyingSideMenuCollapsedLangAsInSettingsLingua_21-36-43] Element found and ready (attempt 1): By.xpath: //yt-multi-page-menu-section-renderer[@class='style-scope ytd-multi-page-menu-renderer']//yt-formatted-string[@id='label' and text()='Polski']
21:39:13 [TestNG-test-Yt Master Tests-2] INFO  verifyingSideMenuCollapsedLangAsInSettingsLingua_21-36-43 - [verifyingSideMenuCollapsedLangAsInSettingsLingua_21-36-43] Trying to find element: By.xpath: //yt-multi-page-menu-section-renderer[@class='style-scope ytd-multi-page-menu-renderer']//yt-formatted-string[@id='label' and text()='Polski']
21:39:13 [TestNG-test-Yt Master Tests-2] INFO  verifyingSideMenuCollapsedLangAsInSettingsLingua_21-36-43 - [verifyingSideMenuCollapsedLangAsInSettingsLingua_21-36-43] Element found and ready (attempt 1): By.xpath: //yt-multi-page-menu-section-renderer[@class='style-scope ytd-multi-page-menu-renderer']//yt-formatted-string[@id='label' and text()='Polski']
21:39:14 [TestNG-test-Yt Master Tests-2] INFO  verifyingSideMenuCollapsedLangAsInSettingsLingua_21-36-43 - Clicking settings ellipses button...
21:39:14 [TestNG-test-Yt Master Tests-2] INFO  verifyingSideMenuCollapsedLangAsInSettingsLingua_21-36-43 - [verifyingSideMenuCollapsedLangAsInSettingsLingua_21-36-43] Trying to find element: By.xpath: //ytd-topbar-menu-button-renderer[@class='style-scope ytd-masthead style-default']
21:39:15 [TestNG-test-Yt Master Tests-2] INFO  verifyingSideMenuCollapsedLangAsInSettingsLingua_21-36-43 - [verifyingSideMenuCollapsedLangAsInSettingsLingua_21-36-43] Element found and ready (attempt 1): By.xpath: //ytd-topbar-menu-button-renderer[@class='style-scope ytd-masthead style-default']
21:39:15 [TestNG-test-Yt Master Tests-2] INFO  verifyingSideMenuCollapsedLangAsInSettingsLingua_21-36-43 - [verifyingSideMenuCollapsedLangAsInSettingsLingua_21-36-43] Waiting until element is visible in viewport
21:39:16 [TestNG-test-Yt Master Tests-2] INFO  verifyingSideMenuCollapsedLangAsInSettingsLingua_21-36-43 - Clicking settings ellipses button...
21:39:16 [TestNG-test-Yt Master Tests-2] INFO  verifyingSideMenuCollapsedLangAsInSettingsLingua_21-36-43 - [verifyingSideMenuCollapsedLangAsInSettingsLingua_21-36-43] Trying to find element: By.xpath: //ytd-topbar-menu-button-renderer[@class='style-scope ytd-masthead style-default']
21:39:17 [TestNG-test-Yt Master Tests-2] INFO  verifyingSideMenuCollapsedLangAsInSettingsLingua_21-36-43 - [verifyingSideMenuCollapsedLangAsInSettingsLingua_21-36-43] Element found and ready (attempt 1): By.xpath: //ytd-topbar-menu-button-renderer[@class='style-scope ytd-masthead style-default']
21:39:17 [TestNG-test-Yt Master Tests-2] INFO  verifyingSideMenuCollapsedLangAsInSettingsLingua_21-36-43 - getLangAttribute() - locating <html> and reading lang property
21:39:17 [TestNG-test-Yt Master Tests-2] INFO  verifyingSideMenuCollapsedLangAsInSettingsLingua_21-36-43 - Language attribute read: pl-PL
21:39:17 [TestNG-test-Yt Master Tests-2] INFO  verifyingSideMenuCollapsedLangAsInSettingsLingua_21-36-43 - Fetching the side menu in collapsed view
21:39:17 [TestNG-test-Yt Master Tests-2] INFO  verifyingSideMenuCollapsedLangAsInSettingsLingua_21-36-43 - [verifyingSideMenuCollapsedLangAsInSettingsLingua_21-36-43] Finding elements list: By.xpath: //ytd-mini-guide-renderer[@class='style-scope ytd-app']//ytd-mini-guide-entry-renderer
21:39:17 [TestNG-test-Yt Master Tests-2] INFO  verifyingSideMenuCollapsedLangAsInSettingsLingua_21-36-43 - [verifyingSideMenuCollapsedLangAsInSettingsLingua_21-36-43] Found 4 ready elements (attempt 1): By.xpath: //ytd-mini-guide-renderer[@class='style-scope ytd-app']//ytd-mini-guide-entry-renderer
21:39:17 [TestNG-test-Yt Master Tests-2] INFO  verifyingSideMenuCollapsedLangAsInSettingsLingua_21-36-43 - 
========== LANGUAGE DETECTION ==========
Detected Language : POLISH
Input Text        : Główna Shorts Subskrypcje Ty
========================================
21:39:17 [TestNG-test-Yt Master Tests-2] INFO  verifyingSideMenuCollapsedLangAsInSettingsLingua_21-36-43 - text sent to lingua is       Główna Shorts Subskrypcje Ty
21:39:17 [TestNG-test-Yt Master Tests-2] INFO  verifyingSideMenuCollapsedLangAsInSettingsLingua_21-36-43 - getLangAttribute() - locating <html> and reading lang property
21:39:17 [TestNG-test-Yt Master Tests-2] INFO  verifyingSideMenuCollapsedLangAsInSettingsLingua_21-36-43 - Language attribute read: pl-PL
21:39:17 [TestNG-test-Yt Master Tests-2] INFO  verifyingSideMenuCollapsedLangAsInSettingsLingua_21-36-43 - Clicking settings ellipses button...
21:39:17 [TestNG-test-Yt Master Tests-2] INFO  verifyingSideMenuCollapsedLangAsInSettingsLingua_21-36-43 - [verifyingSideMenuCollapsedLangAsInSettingsLingua_21-36-43] Trying to find element: By.xpath: //ytd-topbar-menu-button-renderer[@class='style-scope ytd-masthead style-default']
21:39:17 [TestNG-test-Yt Master Tests-2] INFO  verifyingSideMenuCollapsedLangAsInSettingsLingua_21-36-43 - [verifyingSideMenuCollapsedLangAsInSettingsLingua_21-36-43] Element found and ready (attempt 1): By.xpath: //ytd-topbar-menu-button-renderer[@class='style-scope ytd-masthead style-default']
21:39:17 [TestNG-test-Yt Master Tests-2] INFO  verifyingSideMenuCollapsedLangAsInSettingsLingua_21-36-43 - Clicking language dropdown...
21:39:17 [TestNG-test-Yt Master Tests-2] INFO  verifyingSideMenuCollapsedLangAsInSettingsLingua_21-36-43 - [verifyingSideMenuCollapsedLangAsInSettingsLingua_21-36-43] Trying to find element: By.xpath: (//div[@id='content-icon'])[2]
21:39:18 [TestNG-test-Yt Master Tests-2] INFO  verifyingSideMenuCollapsedLangAsInSettingsLingua_21-36-43 - [verifyingSideMenuCollapsedLangAsInSettingsLingua_21-36-43] Element found and ready (attempt 1): By.xpath: (//div[@id='content-icon'])[2]
21:39:18 [TestNG-test-Yt Master Tests-2] INFO  verifyingSideMenuCollapsedLangAsInSettingsLingua_21-36-43 - Looking for language element with name: Português
21:39:18 [TestNG-test-Yt Master Tests-2] INFO  verifyingSideMenuCollapsedLangAsInSettingsLingua_21-36-43 - [verifyingSideMenuCollapsedLangAsInSettingsLingua_21-36-43] Trying to find element: By.xpath: //yt-multi-page-menu-section-renderer[@class='style-scope ytd-multi-page-menu-renderer']//yt-formatted-string[@id='label' and text()='Português']
21:39:18 [TestNG-test-Yt Master Tests-2] INFO  verifyingSideMenuCollapsedLangAsInSettingsLingua_21-36-43 - [verifyingSideMenuCollapsedLangAsInSettingsLingua_21-36-43] Element found and ready (attempt 1): By.xpath: //yt-multi-page-menu-section-renderer[@class='style-scope ytd-multi-page-menu-renderer']//yt-formatted-string[@id='label' and text()='Português']
21:39:18 [TestNG-test-Yt Master Tests-2] INFO  verifyingSideMenuCollapsedLangAsInSettingsLingua_21-36-43 - [verifyingSideMenuCollapsedLangAsInSettingsLingua_21-36-43] Trying to find element: By.xpath: //yt-multi-page-menu-section-renderer[@class='style-scope ytd-multi-page-menu-renderer']//yt-formatted-string[@id='label' and text()='Português']
21:39:18 [TestNG-test-Yt Master Tests-2] INFO  verifyingSideMenuCollapsedLangAsInSettingsLingua_21-36-43 - [verifyingSideMenuCollapsedLangAsInSettingsLingua_21-36-43] Element found and ready (attempt 1): By.xpath: //yt-multi-page-menu-section-renderer[@class='style-scope ytd-multi-page-menu-renderer']//yt-formatted-string[@id='label' and text()='Português']
21:39:20 [TestNG-test-Yt Master Tests-2] INFO  verifyingSideMenuCollapsedLangAsInSettingsLingua_21-36-43 - Clicking settings ellipses button...
21:39:20 [TestNG-test-Yt Master Tests-2] INFO  verifyingSideMenuCollapsedLangAsInSettingsLingua_21-36-43 - [verifyingSideMenuCollapsedLangAsInSettingsLingua_21-36-43] Trying to find element: By.xpath: //ytd-topbar-menu-button-renderer[@class='style-scope ytd-masthead style-default']
21:39:20 [TestNG-test-Yt Master Tests-2] INFO  verifyingSideMenuCollapsedLangAsInSettingsLingua_21-36-43 - [verifyingSideMenuCollapsedLangAsInSettingsLingua_21-36-43] Element found and ready (attempt 1): By.xpath: //ytd-topbar-menu-button-renderer[@class='style-scope ytd-masthead style-default']
21:39:22 [TestNG-test-Yt Master Tests-2] INFO  verifyingSideMenuCollapsedLangAsInSettingsLingua_21-36-43 - [verifyingSideMenuCollapsedLangAsInSettingsLingua_21-36-43] Waiting until element is visible in viewport
21:39:23 [TestNG-test-Yt Master Tests-2] INFO  verifyingSideMenuCollapsedLangAsInSettingsLingua_21-36-43 - Clicking settings ellipses button...
21:39:23 [TestNG-test-Yt Master Tests-2] INFO  verifyingSideMenuCollapsedLangAsInSettingsLingua_21-36-43 - [verifyingSideMenuCollapsedLangAsInSettingsLingua_21-36-43] Trying to find element: By.xpath: //ytd-topbar-menu-button-renderer[@class='style-scope ytd-masthead style-default']
21:39:23 [TestNG-test-Yt Master Tests-2] INFO  verifyingSideMenuCollapsedLangAsInSettingsLingua_21-36-43 - [verifyingSideMenuCollapsedLangAsInSettingsLingua_21-36-43] Element found and ready (attempt 1): By.xpath: //ytd-topbar-menu-button-renderer[@class='style-scope ytd-masthead style-default']
21:39:23 [TestNG-test-Yt Master Tests-2] INFO  verifyingSideMenuCollapsedLangAsInSettingsLingua_21-36-43 - getLangAttribute() - locating <html> and reading lang property
21:39:23 [TestNG-test-Yt Master Tests-2] INFO  verifyingSideMenuCollapsedLangAsInSettingsLingua_21-36-43 - Language attribute read: pt-PT
21:39:23 [TestNG-test-Yt Master Tests-2] INFO  verifyingSideMenuCollapsedLangAsInSettingsLingua_21-36-43 - Fetching the side menu in collapsed view
21:39:23 [TestNG-test-Yt Master Tests-2] INFO  verifyingSideMenuCollapsedLangAsInSettingsLingua_21-36-43 - [verifyingSideMenuCollapsedLangAsInSettingsLingua_21-36-43] Finding elements list: By.xpath: //ytd-mini-guide-renderer[@class='style-scope ytd-app']//ytd-mini-guide-entry-renderer
21:39:23 [TestNG-test-Yt Master Tests-2] INFO  verifyingSideMenuCollapsedLangAsInSettingsLingua_21-36-43 - [verifyingSideMenuCollapsedLangAsInSettingsLingua_21-36-43] Found 4 ready elements (attempt 1): By.xpath: //ytd-mini-guide-renderer[@class='style-scope ytd-app']//ytd-mini-guide-entry-renderer
21:39:23 [TestNG-test-Yt Master Tests-2] INFO  verifyingSideMenuCollapsedLangAsInSettingsLingua_21-36-43 - 
========== LANGUAGE DETECTION ==========
Detected Language : PORTUGUESE
Input Text        : Início Shorts Subscrições Eu
========================================
21:39:23 [TestNG-test-Yt Master Tests-2] INFO  verifyingSideMenuCollapsedLangAsInSettingsLingua_21-36-43 - text sent to lingua is       Início Shorts Subscrições Eu
21:39:23 [TestNG-test-Yt Master Tests-2] INFO  verifyingSideMenuCollapsedLangAsInSettingsLingua_21-36-43 - getLangAttribute() - locating <html> and reading lang property
21:39:23 [TestNG-test-Yt Master Tests-2] INFO  verifyingSideMenuCollapsedLangAsInSettingsLingua_21-36-43 - Language attribute read: pt-PT
21:39:23 [TestNG-test-Yt Master Tests-2] INFO  verifyingSideMenuCollapsedLangAsInSettingsLingua_21-36-43 - Clicking settings ellipses button...
21:39:23 [TestNG-test-Yt Master Tests-2] INFO  verifyingSideMenuCollapsedLangAsInSettingsLingua_21-36-43 - [verifyingSideMenuCollapsedLangAsInSettingsLingua_21-36-43] Trying to find element: By.xpath: //ytd-topbar-menu-button-renderer[@class='style-scope ytd-masthead style-default']
21:39:23 [TestNG-test-Yt Master Tests-2] INFO  verifyingSideMenuCollapsedLangAsInSettingsLingua_21-36-43 - [verifyingSideMenuCollapsedLangAsInSettingsLingua_21-36-43] Element found and ready (attempt 1): By.xpath: //ytd-topbar-menu-button-renderer[@class='style-scope ytd-masthead style-default']
21:39:24 [TestNG-test-Yt Master Tests-2] INFO  verifyingSideMenuCollapsedLangAsInSettingsLingua_21-36-43 - Clicking language dropdown...
21:39:24 [TestNG-test-Yt Master Tests-2] INFO  verifyingSideMenuCollapsedLangAsInSettingsLingua_21-36-43 - [verifyingSideMenuCollapsedLangAsInSettingsLingua_21-36-43] Trying to find element: By.xpath: (//div[@id='content-icon'])[2]
21:39:24 [TestNG-test-Yt Master Tests-2] INFO  verifyingSideMenuCollapsedLangAsInSettingsLingua_21-36-43 - [verifyingSideMenuCollapsedLangAsInSettingsLingua_21-36-43] Element found and ready (attempt 1): By.xpath: (//div[@id='content-icon'])[2]
21:39:25 [TestNG-test-Yt Master Tests-2] INFO  verifyingSideMenuCollapsedLangAsInSettingsLingua_21-36-43 - Looking for language element with name: Português (Brasil)
21:39:25 [TestNG-test-Yt Master Tests-2] INFO  verifyingSideMenuCollapsedLangAsInSettingsLingua_21-36-43 - [verifyingSideMenuCollapsedLangAsInSettingsLingua_21-36-43] Trying to find element: By.xpath: //yt-multi-page-menu-section-renderer[@class='style-scope ytd-multi-page-menu-renderer']//yt-formatted-string[@id='label' and text()='Português (Brasil)']
21:39:25 [TestNG-test-Yt Master Tests-2] INFO  verifyingSideMenuCollapsedLangAsInSettingsLingua_21-36-43 - [verifyingSideMenuCollapsedLangAsInSettingsLingua_21-36-43] Element found and ready (attempt 1): By.xpath: //yt-multi-page-menu-section-renderer[@class='style-scope ytd-multi-page-menu-renderer']//yt-formatted-string[@id='label' and text()='Português (Brasil)']
21:39:25 [TestNG-test-Yt Master Tests-2] INFO  verifyingSideMenuCollapsedLangAsInSettingsLingua_21-36-43 - [verifyingSideMenuCollapsedLangAsInSettingsLingua_21-36-43] Trying to find element: By.xpath: //yt-multi-page-menu-section-renderer[@class='style-scope ytd-multi-page-menu-renderer']//yt-formatted-string[@id='label' and text()='Português (Brasil)']
21:39:25 [TestNG-test-Yt Master Tests-2] INFO  verifyingSideMenuCollapsedLangAsInSettingsLingua_21-36-43 - [verifyingSideMenuCollapsedLangAsInSettingsLingua_21-36-43] Element found and ready (attempt 1): By.xpath: //yt-multi-page-menu-section-renderer[@class='style-scope ytd-multi-page-menu-renderer']//yt-formatted-string[@id='label' and text()='Português (Brasil)']
21:39:26 [TestNG-test-Yt Master Tests-2] INFO  verifyingSideMenuCollapsedLangAsInSettingsLingua_21-36-43 - Clicking settings ellipses button...
21:39:27 [TestNG-test-Yt Master Tests-2] INFO  verifyingSideMenuCollapsedLangAsInSettingsLingua_21-36-43 - [verifyingSideMenuCollapsedLangAsInSettingsLingua_21-36-43] Trying to find element: By.xpath: //ytd-topbar-menu-button-renderer[@class='style-scope ytd-masthead style-default']
21:39:27 [TestNG-test-Yt Master Tests-2] INFO  verifyingSideMenuCollapsedLangAsInSettingsLingua_21-36-43 - [verifyingSideMenuCollapsedLangAsInSettingsLingua_21-36-43] Element found and ready (attempt 1): By.xpath: //ytd-topbar-menu-button-renderer[@class='style-scope ytd-masthead style-default']
21:39:27 [TestNG-test-Yt Master Tests-2] INFO  verifyingSideMenuCollapsedLangAsInSettingsLingua_21-36-43 - [verifyingSideMenuCollapsedLangAsInSettingsLingua_21-36-43] Waiting until element is visible in viewport
21:39:28 [TestNG-test-Yt Master Tests-2] INFO  verifyingSideMenuCollapsedLangAsInSettingsLingua_21-36-43 - Clicking settings ellipses button...
21:39:28 [TestNG-test-Yt Master Tests-2] INFO  verifyingSideMenuCollapsedLangAsInSettingsLingua_21-36-43 - [verifyingSideMenuCollapsedLangAsInSettingsLingua_21-36-43] Trying to find element: By.xpath: //ytd-topbar-menu-button-renderer[@class='style-scope ytd-masthead style-default']
21:39:28 [TestNG-test-Yt Master Tests-2] INFO  verifyingSideMenuCollapsedLangAsInSettingsLingua_21-36-43 - [verifyingSideMenuCollapsedLangAsInSettingsLingua_21-36-43] Element found and ready (attempt 1): By.xpath: //ytd-topbar-menu-button-renderer[@class='style-scope ytd-masthead style-default']
21:39:28 [TestNG-test-Yt Master Tests-2] INFO  verifyingSideMenuCollapsedLangAsInSettingsLingua_21-36-43 - getLangAttribute() - locating <html> and reading lang property
21:39:28 [TestNG-test-Yt Master Tests-2] INFO  verifyingSideMenuCollapsedLangAsInSettingsLingua_21-36-43 - Language attribute read: pt-BR
21:39:28 [TestNG-test-Yt Master Tests-2] INFO  verifyingSideMenuCollapsedLangAsInSettingsLingua_21-36-43 - Fetching the side menu in collapsed view
21:39:28 [TestNG-test-Yt Master Tests-2] INFO  verifyingSideMenuCollapsedLangAsInSettingsLingua_21-36-43 - [verifyingSideMenuCollapsedLangAsInSettingsLingua_21-36-43] Finding elements list: By.xpath: //ytd-mini-guide-renderer[@class='style-scope ytd-app']//ytd-mini-guide-entry-renderer
21:39:28 [TestNG-test-Yt Master Tests-2] INFO  verifyingSideMenuCollapsedLangAsInSettingsLingua_21-36-43 - [verifyingSideMenuCollapsedLangAsInSettingsLingua_21-36-43] Found 4 ready elements (attempt 1): By.xpath: //ytd-mini-guide-renderer[@class='style-scope ytd-app']//ytd-mini-guide-entry-renderer
21:39:28 [TestNG-test-Yt Master Tests-2] INFO  verifyingSideMenuCollapsedLangAsInSettingsLingua_21-36-43 - 
========== LANGUAGE DETECTION ==========
Detected Language : PORTUGUESE
Input Text        : Início Shorts Inscrições Você
========================================
21:39:28 [TestNG-test-Yt Master Tests-2] INFO  verifyingSideMenuCollapsedLangAsInSettingsLingua_21-36-43 - text sent to lingua is       Início Shorts Inscrições Você
21:39:28 [TestNG-test-Yt Master Tests-2] INFO  verifyingSideMenuCollapsedLangAsInSettingsLingua_21-36-43 - getLangAttribute() - locating <html> and reading lang property
21:39:28 [TestNG-test-Yt Master Tests-2] INFO  verifyingSideMenuCollapsedLangAsInSettingsLingua_21-36-43 - Language attribute read: pt-BR
21:39:28 [TestNG-test-Yt Master Tests-2] INFO  verifyingSideMenuCollapsedLangAsInSettingsLingua_21-36-43 - Clicking settings ellipses button...
21:39:28 [TestNG-test-Yt Master Tests-2] INFO  verifyingSideMenuCollapsedLangAsInSettingsLingua_21-36-43 - [verifyingSideMenuCollapsedLangAsInSettingsLingua_21-36-43] Trying to find element: By.xpath: //ytd-topbar-menu-button-renderer[@class='style-scope ytd-masthead style-default']
21:39:29 [TestNG-test-Yt Master Tests-2] INFO  verifyingSideMenuCollapsedLangAsInSettingsLingua_21-36-43 - [verifyingSideMenuCollapsedLangAsInSettingsLingua_21-36-43] Element found and ready (attempt 1): By.xpath: //ytd-topbar-menu-button-renderer[@class='style-scope ytd-masthead style-default']
21:39:29 [TestNG-test-Yt Master Tests-2] INFO  verifyingSideMenuCollapsedLangAsInSettingsLingua_21-36-43 - Clicking language dropdown...
21:39:29 [TestNG-test-Yt Master Tests-2] INFO  verifyingSideMenuCollapsedLangAsInSettingsLingua_21-36-43 - [verifyingSideMenuCollapsedLangAsInSettingsLingua_21-36-43] Trying to find element: By.xpath: (//div[@id='content-icon'])[2]
21:39:29 [TestNG-test-Yt Master Tests-2] INFO  verifyingSideMenuCollapsedLangAsInSettingsLingua_21-36-43 - [verifyingSideMenuCollapsedLangAsInSettingsLingua_21-36-43] Element found and ready (attempt 1): By.xpath: (//div[@id='content-icon'])[2]
21:39:30 [TestNG-test-Yt Master Tests-2] INFO  verifyingSideMenuCollapsedLangAsInSettingsLingua_21-36-43 - Looking for language element with name: Shqip
21:39:30 [TestNG-test-Yt Master Tests-2] INFO  verifyingSideMenuCollapsedLangAsInSettingsLingua_21-36-43 - [verifyingSideMenuCollapsedLangAsInSettingsLingua_21-36-43] Trying to find element: By.xpath: //yt-multi-page-menu-section-renderer[@class='style-scope ytd-multi-page-menu-renderer']//yt-formatted-string[@id='label' and text()='Shqip']
21:39:30 [TestNG-test-Yt Master Tests-2] INFO  verifyingSideMenuCollapsedLangAsInSettingsLingua_21-36-43 - [verifyingSideMenuCollapsedLangAsInSettingsLingua_21-36-43] Element found and ready (attempt 1): By.xpath: //yt-multi-page-menu-section-renderer[@class='style-scope ytd-multi-page-menu-renderer']//yt-formatted-string[@id='label' and text()='Shqip']
21:39:30 [TestNG-test-Yt Master Tests-2] INFO  verifyingSideMenuCollapsedLangAsInSettingsLingua_21-36-43 - [verifyingSideMenuCollapsedLangAsInSettingsLingua_21-36-43] Trying to find element: By.xpath: //yt-multi-page-menu-section-renderer[@class='style-scope ytd-multi-page-menu-renderer']//yt-formatted-string[@id='label' and text()='Shqip']
21:39:30 [TestNG-test-Yt Master Tests-2] INFO  verifyingSideMenuCollapsedLangAsInSettingsLingua_21-36-43 - [verifyingSideMenuCollapsedLangAsInSettingsLingua_21-36-43] Element found and ready (attempt 1): By.xpath: //yt-multi-page-menu-section-renderer[@class='style-scope ytd-multi-page-menu-renderer']//yt-formatted-string[@id='label' and text()='Shqip']
21:39:32 [TestNG-test-Yt Master Tests-2] INFO  verifyingSideMenuCollapsedLangAsInSettingsLingua_21-36-43 - Clicking settings ellipses button...
21:39:32 [TestNG-test-Yt Master Tests-2] INFO  verifyingSideMenuCollapsedLangAsInSettingsLingua_21-36-43 - [verifyingSideMenuCollapsedLangAsInSettingsLingua_21-36-43] Trying to find element: By.xpath: //ytd-topbar-menu-button-renderer[@class='style-scope ytd-masthead style-default']
21:39:32 [TestNG-test-Yt Master Tests-2] INFO  verifyingSideMenuCollapsedLangAsInSettingsLingua_21-36-43 - [verifyingSideMenuCollapsedLangAsInSettingsLingua_21-36-43] Element found and ready (attempt 1): By.xpath: //ytd-topbar-menu-button-renderer[@class='style-scope ytd-masthead style-default']
21:39:32 [TestNG-test-Yt Master Tests-2] INFO  verifyingSideMenuCollapsedLangAsInSettingsLingua_21-36-43 - [verifyingSideMenuCollapsedLangAsInSettingsLingua_21-36-43] Waiting until element is visible in viewport
21:39:33 [TestNG-test-Yt Master Tests-2] INFO  verifyingSideMenuCollapsedLangAsInSettingsLingua_21-36-43 - Clicking settings ellipses button...
21:39:33 [TestNG-test-Yt Master Tests-2] INFO  verifyingSideMenuCollapsedLangAsInSettingsLingua_21-36-43 - [verifyingSideMenuCollapsedLangAsInSettingsLingua_21-36-43] Trying to find element: By.xpath: //ytd-topbar-menu-button-renderer[@class='style-scope ytd-masthead style-default']
21:39:33 [TestNG-test-Yt Master Tests-2] INFO  verifyingSideMenuCollapsedLangAsInSettingsLingua_21-36-43 - [verifyingSideMenuCollapsedLangAsInSettingsLingua_21-36-43] Element found and ready (attempt 1): By.xpath: //ytd-topbar-menu-button-renderer[@class='style-scope ytd-masthead style-default']
21:39:33 [TestNG-test-Yt Master Tests-2] INFO  verifyingSideMenuCollapsedLangAsInSettingsLingua_21-36-43 - getLangAttribute() - locating <html> and reading lang property
21:39:33 [TestNG-test-Yt Master Tests-2] INFO  verifyingSideMenuCollapsedLangAsInSettingsLingua_21-36-43 - Language attribute read: sq-AL
21:39:33 [TestNG-test-Yt Master Tests-2] INFO  verifyingSideMenuCollapsedLangAsInSettingsLingua_21-36-43 - Fetching the side menu in collapsed view
21:39:33 [TestNG-test-Yt Master Tests-2] INFO  verifyingSideMenuCollapsedLangAsInSettingsLingua_21-36-43 - [verifyingSideMenuCollapsedLangAsInSettingsLingua_21-36-43] Finding elements list: By.xpath: //ytd-mini-guide-renderer[@class='style-scope ytd-app']//ytd-mini-guide-entry-renderer
21:39:33 [TestNG-test-Yt Master Tests-2] INFO  verifyingSideMenuCollapsedLangAsInSettingsLingua_21-36-43 - [verifyingSideMenuCollapsedLangAsInSettingsLingua_21-36-43] Found 4 ready elements (attempt 1): By.xpath: //ytd-mini-guide-renderer[@class='style-scope ytd-app']//ytd-mini-guide-entry-renderer
21:39:34 [TestNG-test-Yt Master Tests-2] INFO  verifyingSideMenuCollapsedLangAsInSettingsLingua_21-36-43 - 
========== LANGUAGE DETECTION ==========
Detected Language : ALBANIAN
Input Text        : Faqja e parë Shorts Abonimet Ti
========================================
21:39:34 [TestNG-test-Yt Master Tests-2] INFO  verifyingSideMenuCollapsedLangAsInSettingsLingua_21-36-43 - text sent to lingua is       Faqja e parë Shorts Abonimet Ti
21:39:34 [TestNG-test-Yt Master Tests-2] INFO  verifyingSideMenuCollapsedLangAsInSettingsLingua_21-36-43 - getLangAttribute() - locating <html> and reading lang property
21:39:34 [TestNG-test-Yt Master Tests-2] INFO  verifyingSideMenuCollapsedLangAsInSettingsLingua_21-36-43 - Language attribute read: sq-AL
21:39:34 [TestNG-test-Yt Master Tests-2] INFO  verifyingSideMenuCollapsedLangAsInSettingsLingua_21-36-43 - Clicking settings ellipses button...
21:39:34 [TestNG-test-Yt Master Tests-2] INFO  verifyingSideMenuCollapsedLangAsInSettingsLingua_21-36-43 - [verifyingSideMenuCollapsedLangAsInSettingsLingua_21-36-43] Trying to find element: By.xpath: //ytd-topbar-menu-button-renderer[@class='style-scope ytd-masthead style-default']
21:39:34 [TestNG-test-Yt Master Tests-2] INFO  verifyingSideMenuCollapsedLangAsInSettingsLingua_21-36-43 - [verifyingSideMenuCollapsedLangAsInSettingsLingua_21-36-43] Element found and ready (attempt 1): By.xpath: //ytd-topbar-menu-button-renderer[@class='style-scope ytd-masthead style-default']
21:39:34 [TestNG-test-Yt Master Tests-2] INFO  verifyingSideMenuCollapsedLangAsInSettingsLingua_21-36-43 - Clicking language dropdown...
21:39:34 [TestNG-test-Yt Master Tests-2] INFO  verifyingSideMenuCollapsedLangAsInSettingsLingua_21-36-43 - [verifyingSideMenuCollapsedLangAsInSettingsLingua_21-36-43] Trying to find element: By.xpath: (//div[@id='content-icon'])[2]
21:39:34 [TestNG-test-Yt Master Tests-2] INFO  verifyingSideMenuCollapsedLangAsInSettingsLingua_21-36-43 - [verifyingSideMenuCollapsedLangAsInSettingsLingua_21-36-43] Element found and ready (attempt 1): By.xpath: (//div[@id='content-icon'])[2]
21:39:35 [TestNG-test-Yt Master Tests-2] INFO  verifyingSideMenuCollapsedLangAsInSettingsLingua_21-36-43 - Looking for language element with name: Slovenščina
21:39:35 [TestNG-test-Yt Master Tests-2] INFO  verifyingSideMenuCollapsedLangAsInSettingsLingua_21-36-43 - [verifyingSideMenuCollapsedLangAsInSettingsLingua_21-36-43] Trying to find element: By.xpath: //yt-multi-page-menu-section-renderer[@class='style-scope ytd-multi-page-menu-renderer']//yt-formatted-string[@id='label' and text()='Slovenščina']
21:39:35 [TestNG-test-Yt Master Tests-2] INFO  verifyingSideMenuCollapsedLangAsInSettingsLingua_21-36-43 - [verifyingSideMenuCollapsedLangAsInSettingsLingua_21-36-43] Element found and ready (attempt 1): By.xpath: //yt-multi-page-menu-section-renderer[@class='style-scope ytd-multi-page-menu-renderer']//yt-formatted-string[@id='label' and text()='Slovenščina']
21:39:35 [TestNG-test-Yt Master Tests-2] INFO  verifyingSideMenuCollapsedLangAsInSettingsLingua_21-36-43 - [verifyingSideMenuCollapsedLangAsInSettingsLingua_21-36-43] Trying to find element: By.xpath: //yt-multi-page-menu-section-renderer[@class='style-scope ytd-multi-page-menu-renderer']//yt-formatted-string[@id='label' and text()='Slovenščina']
21:39:35 [TestNG-test-Yt Master Tests-2] INFO  verifyingSideMenuCollapsedLangAsInSettingsLingua_21-36-43 - [verifyingSideMenuCollapsedLangAsInSettingsLingua_21-36-43] Element found and ready (attempt 1): By.xpath: //yt-multi-page-menu-section-renderer[@class='style-scope ytd-multi-page-menu-renderer']//yt-formatted-string[@id='label' and text()='Slovenščina']
21:39:37 [TestNG-test-Yt Master Tests-2] INFO  verifyingSideMenuCollapsedLangAsInSettingsLingua_21-36-43 - Clicking settings ellipses button...
21:39:37 [TestNG-test-Yt Master Tests-2] INFO  verifyingSideMenuCollapsedLangAsInSettingsLingua_21-36-43 - [verifyingSideMenuCollapsedLangAsInSettingsLingua_21-36-43] Trying to find element: By.xpath: //ytd-topbar-menu-button-renderer[@class='style-scope ytd-masthead style-default']
21:39:37 [TestNG-test-Yt Master Tests-2] INFO  verifyingSideMenuCollapsedLangAsInSettingsLingua_21-36-43 - [verifyingSideMenuCollapsedLangAsInSettingsLingua_21-36-43] Element found and ready (attempt 1): By.xpath: //ytd-topbar-menu-button-renderer[@class='style-scope ytd-masthead style-default']
21:39:37 [TestNG-test-Yt Master Tests-2] INFO  verifyingSideMenuCollapsedLangAsInSettingsLingua_21-36-43 - [verifyingSideMenuCollapsedLangAsInSettingsLingua_21-36-43] Waiting until element is visible in viewport
21:39:38 [TestNG-test-Yt Master Tests-2] INFO  verifyingSideMenuCollapsedLangAsInSettingsLingua_21-36-43 - Clicking settings ellipses button...
21:39:38 [TestNG-test-Yt Master Tests-2] INFO  verifyingSideMenuCollapsedLangAsInSettingsLingua_21-36-43 - [verifyingSideMenuCollapsedLangAsInSettingsLingua_21-36-43] Trying to find element: By.xpath: //ytd-topbar-menu-button-renderer[@class='style-scope ytd-masthead style-default']
21:39:38 [TestNG-test-Yt Master Tests-2] INFO  verifyingSideMenuCollapsedLangAsInSettingsLingua_21-36-43 - [verifyingSideMenuCollapsedLangAsInSettingsLingua_21-36-43] Element found and ready (attempt 1): By.xpath: //ytd-topbar-menu-button-renderer[@class='style-scope ytd-masthead style-default']
21:39:38 [TestNG-test-Yt Master Tests-2] INFO  verifyingSideMenuCollapsedLangAsInSettingsLingua_21-36-43 - getLangAttribute() - locating <html> and reading lang property
21:39:38 [TestNG-test-Yt Master Tests-2] INFO  verifyingSideMenuCollapsedLangAsInSettingsLingua_21-36-43 - Language attribute read: sl-SI
21:39:38 [TestNG-test-Yt Master Tests-2] INFO  verifyingSideMenuCollapsedLangAsInSettingsLingua_21-36-43 - Fetching the side menu in collapsed view
21:39:38 [TestNG-test-Yt Master Tests-2] INFO  verifyingSideMenuCollapsedLangAsInSettingsLingua_21-36-43 - [verifyingSideMenuCollapsedLangAsInSettingsLingua_21-36-43] Finding elements list: By.xpath: //ytd-mini-guide-renderer[@class='style-scope ytd-app']//ytd-mini-guide-entry-renderer
21:39:38 [TestNG-test-Yt Master Tests-2] INFO  verifyingSideMenuCollapsedLangAsInSettingsLingua_21-36-43 - [verifyingSideMenuCollapsedLangAsInSettingsLingua_21-36-43] Found 4 ready elements (attempt 1): By.xpath: //ytd-mini-guide-renderer[@class='style-scope ytd-app']//ytd-mini-guide-entry-renderer
21:39:38 [TestNG-test-Yt Master Tests-2] INFO  verifyingSideMenuCollapsedLangAsInSettingsLingua_21-36-43 - 
========== LANGUAGE DETECTION ==========
Detected Language : SLOVENE
Input Text        : Domača stran Kratki videoposnetki Naročnine Vi
========================================
21:39:38 [TestNG-test-Yt Master Tests-2] INFO  verifyingSideMenuCollapsedLangAsInSettingsLingua_21-36-43 - text sent to lingua is       Domača stran Kratki videoposnetki Naročnine Vi
21:39:38 [TestNG-test-Yt Master Tests-2] INFO  verifyingSideMenuCollapsedLangAsInSettingsLingua_21-36-43 - getLangAttribute() - locating <html> and reading lang property
21:39:39 [TestNG-test-Yt Master Tests-2] INFO  verifyingSideMenuCollapsedLangAsInSettingsLingua_21-36-43 - Language attribute read: sl-SI
21:39:39 [TestNG-test-Yt Master Tests-2] INFO  verifyingSideMenuCollapsedLangAsInSettingsLingua_21-36-43 - Clicking settings ellipses button...
21:39:39 [TestNG-test-Yt Master Tests-2] INFO  verifyingSideMenuCollapsedLangAsInSettingsLingua_21-36-43 - [verifyingSideMenuCollapsedLangAsInSettingsLingua_21-36-43] Trying to find element: By.xpath: //ytd-topbar-menu-button-renderer[@class='style-scope ytd-masthead style-default']
21:39:39 [TestNG-test-Yt Master Tests-2] INFO  verifyingSideMenuCollapsedLangAsInSettingsLingua_21-36-43 - [verifyingSideMenuCollapsedLangAsInSettingsLingua_21-36-43] Element found and ready (attempt 1): By.xpath: //ytd-topbar-menu-button-renderer[@class='style-scope ytd-masthead style-default']
21:39:39 [TestNG-test-Yt Master Tests-2] INFO  verifyingSideMenuCollapsedLangAsInSettingsLingua_21-36-43 - Clicking language dropdown...
21:39:39 [TestNG-test-Yt Master Tests-2] INFO  verifyingSideMenuCollapsedLangAsInSettingsLingua_21-36-43 - [verifyingSideMenuCollapsedLangAsInSettingsLingua_21-36-43] Trying to find element: By.xpath: (//div[@id='content-icon'])[2]
21:39:39 [TestNG-test-Yt Master Tests-2] INFO  verifyingSideMenuCollapsedLangAsInSettingsLingua_21-36-43 - [verifyingSideMenuCollapsedLangAsInSettingsLingua_21-36-43] Element found and ready (attempt 1): By.xpath: (//div[@id='content-icon'])[2]
21:39:40 [TestNG-test-Yt Master Tests-2] INFO  verifyingSideMenuCollapsedLangAsInSettingsLingua_21-36-43 - Looking for language element with name: Suomi
21:39:40 [TestNG-test-Yt Master Tests-2] INFO  verifyingSideMenuCollapsedLangAsInSettingsLingua_21-36-43 - [verifyingSideMenuCollapsedLangAsInSettingsLingua_21-36-43] Trying to find element: By.xpath: //yt-multi-page-menu-section-renderer[@class='style-scope ytd-multi-page-menu-renderer']//yt-formatted-string[@id='label' and text()='Suomi']
21:39:40 [TestNG-test-Yt Master Tests-2] INFO  verifyingSideMenuCollapsedLangAsInSettingsLingua_21-36-43 - [verifyingSideMenuCollapsedLangAsInSettingsLingua_21-36-43] Element found and ready (attempt 1): By.xpath: //yt-multi-page-menu-section-renderer[@class='style-scope ytd-multi-page-menu-renderer']//yt-formatted-string[@id='label' and text()='Suomi']
21:39:40 [TestNG-test-Yt Master Tests-2] INFO  verifyingSideMenuCollapsedLangAsInSettingsLingua_21-36-43 - [verifyingSideMenuCollapsedLangAsInSettingsLingua_21-36-43] Trying to find element: By.xpath: //yt-multi-page-menu-section-renderer[@class='style-scope ytd-multi-page-menu-renderer']//yt-formatted-string[@id='label' and text()='Suomi']
21:39:40 [TestNG-test-Yt Master Tests-2] INFO  verifyingSideMenuCollapsedLangAsInSettingsLingua_21-36-43 - [verifyingSideMenuCollapsedLangAsInSettingsLingua_21-36-43] Element found and ready (attempt 1): By.xpath: //yt-multi-page-menu-section-renderer[@class='style-scope ytd-multi-page-menu-renderer']//yt-formatted-string[@id='label' and text()='Suomi']
21:39:42 [TestNG-test-Yt Master Tests-2] INFO  verifyingSideMenuCollapsedLangAsInSettingsLingua_21-36-43 - Clicking settings ellipses button...
21:39:42 [TestNG-test-Yt Master Tests-2] INFO  verifyingSideMenuCollapsedLangAsInSettingsLingua_21-36-43 - [verifyingSideMenuCollapsedLangAsInSettingsLingua_21-36-43] Trying to find element: By.xpath: //ytd-topbar-menu-button-renderer[@class='style-scope ytd-masthead style-default']
21:39:42 [TestNG-test-Yt Master Tests-2] INFO  verifyingSideMenuCollapsedLangAsInSettingsLingua_21-36-43 - [verifyingSideMenuCollapsedLangAsInSettingsLingua_21-36-43] Element found and ready (attempt 1): By.xpath: //ytd-topbar-menu-button-renderer[@class='style-scope ytd-masthead style-default']
21:39:43 [TestNG-test-Yt Master Tests-2] INFO  verifyingSideMenuCollapsedLangAsInSettingsLingua_21-36-43 - [verifyingSideMenuCollapsedLangAsInSettingsLingua_21-36-43] Waiting until element is visible in viewport
21:39:44 [TestNG-test-Yt Master Tests-2] INFO  verifyingSideMenuCollapsedLangAsInSettingsLingua_21-36-43 - Clicking settings ellipses button...
21:39:44 [TestNG-test-Yt Master Tests-2] INFO  verifyingSideMenuCollapsedLangAsInSettingsLingua_21-36-43 - [verifyingSideMenuCollapsedLangAsInSettingsLingua_21-36-43] Trying to find element: By.xpath: //ytd-topbar-menu-button-renderer[@class='style-scope ytd-masthead style-default']
21:39:44 [TestNG-test-Yt Master Tests-2] INFO  verifyingSideMenuCollapsedLangAsInSettingsLingua_21-36-43 - [verifyingSideMenuCollapsedLangAsInSettingsLingua_21-36-43] Element found and ready (attempt 1): By.xpath: //ytd-topbar-menu-button-renderer[@class='style-scope ytd-masthead style-default']
21:39:44 [TestNG-test-Yt Master Tests-2] INFO  verifyingSideMenuCollapsedLangAsInSettingsLingua_21-36-43 - getLangAttribute() - locating <html> and reading lang property
21:39:44 [TestNG-test-Yt Master Tests-2] INFO  verifyingSideMenuCollapsedLangAsInSettingsLingua_21-36-43 - Language attribute read: fi-FI
21:39:44 [TestNG-test-Yt Master Tests-2] INFO  verifyingSideMenuCollapsedLangAsInSettingsLingua_21-36-43 - Fetching the side menu in collapsed view
21:39:44 [TestNG-test-Yt Master Tests-2] INFO  verifyingSideMenuCollapsedLangAsInSettingsLingua_21-36-43 - [verifyingSideMenuCollapsedLangAsInSettingsLingua_21-36-43] Finding elements list: By.xpath: //ytd-mini-guide-renderer[@class='style-scope ytd-app']//ytd-mini-guide-entry-renderer
21:39:44 [TestNG-test-Yt Master Tests-2] INFO  verifyingSideMenuCollapsedLangAsInSettingsLingua_21-36-43 - [verifyingSideMenuCollapsedLangAsInSettingsLingua_21-36-43] Found 4 ready elements (attempt 1): By.xpath: //ytd-mini-guide-renderer[@class='style-scope ytd-app']//ytd-mini-guide-entry-renderer
21:39:44 [TestNG-test-Yt Master Tests-2] INFO  verifyingSideMenuCollapsedLangAsInSettingsLingua_21-36-43 - 
========== LANGUAGE DETECTION ==========
Detected Language : FINNISH
Input Text        : Koti Shorts Tilaukset Sinä
========================================
21:39:44 [TestNG-test-Yt Master Tests-2] INFO  verifyingSideMenuCollapsedLangAsInSettingsLingua_21-36-43 - text sent to lingua is       Koti Shorts Tilaukset Sinä
21:39:44 [TestNG-test-Yt Master Tests-2] INFO  verifyingSideMenuCollapsedLangAsInSettingsLingua_21-36-43 - getLangAttribute() - locating <html> and reading lang property
21:39:45 [TestNG-test-Yt Master Tests-2] INFO  verifyingSideMenuCollapsedLangAsInSettingsLingua_21-36-43 - Language attribute read: fi-FI
21:39:45 [TestNG-test-Yt Master Tests-2] INFO  verifyingSideMenuCollapsedLangAsInSettingsLingua_21-36-43 - Clicking settings ellipses button...
21:39:45 [TestNG-test-Yt Master Tests-2] INFO  verifyingSideMenuCollapsedLangAsInSettingsLingua_21-36-43 - [verifyingSideMenuCollapsedLangAsInSettingsLingua_21-36-43] Trying to find element: By.xpath: //ytd-topbar-menu-button-renderer[@class='style-scope ytd-masthead style-default']
21:39:45 [TestNG-test-Yt Master Tests-2] INFO  verifyingSideMenuCollapsedLangAsInSettingsLingua_21-36-43 - [verifyingSideMenuCollapsedLangAsInSettingsLingua_21-36-43] Element found and ready (attempt 1): By.xpath: //ytd-topbar-menu-button-renderer[@class='style-scope ytd-masthead style-default']
21:39:45 [TestNG-test-Yt Master Tests-2] INFO  verifyingSideMenuCollapsedLangAsInSettingsLingua_21-36-43 - Clicking language dropdown...
21:39:45 [TestNG-test-Yt Master Tests-2] INFO  verifyingSideMenuCollapsedLangAsInSettingsLingua_21-36-43 - [verifyingSideMenuCollapsedLangAsInSettingsLingua_21-36-43] Trying to find element: By.xpath: (//div[@id='content-icon'])[2]
21:39:45 [TestNG-test-Yt Master Tests-2] INFO  verifyingSideMenuCollapsedLangAsInSettingsLingua_21-36-43 - [verifyingSideMenuCollapsedLangAsInSettingsLingua_21-36-43] Element found and ready (attempt 1): By.xpath: (//div[@id='content-icon'])[2]
21:39:46 [TestNG-test-Yt Master Tests-2] INFO  verifyingSideMenuCollapsedLangAsInSettingsLingua_21-36-43 - Looking for language element with name: Svenska
21:39:46 [TestNG-test-Yt Master Tests-2] INFO  verifyingSideMenuCollapsedLangAsInSettingsLingua_21-36-43 - [verifyingSideMenuCollapsedLangAsInSettingsLingua_21-36-43] Trying to find element: By.xpath: //yt-multi-page-menu-section-renderer[@class='style-scope ytd-multi-page-menu-renderer']//yt-formatted-string[@id='label' and text()='Svenska']
21:39:46 [TestNG-test-Yt Master Tests-2] INFO  verifyingSideMenuCollapsedLangAsInSettingsLingua_21-36-43 - [verifyingSideMenuCollapsedLangAsInSettingsLingua_21-36-43] Element found and ready (attempt 1): By.xpath: //yt-multi-page-menu-section-renderer[@class='style-scope ytd-multi-page-menu-renderer']//yt-formatted-string[@id='label' and text()='Svenska']
21:39:46 [TestNG-test-Yt Master Tests-2] INFO  verifyingSideMenuCollapsedLangAsInSettingsLingua_21-36-43 - [verifyingSideMenuCollapsedLangAsInSettingsLingua_21-36-43] Trying to find element: By.xpath: //yt-multi-page-menu-section-renderer[@class='style-scope ytd-multi-page-menu-renderer']//yt-formatted-string[@id='label' and text()='Svenska']
21:39:46 [TestNG-test-Yt Master Tests-2] INFO  verifyingSideMenuCollapsedLangAsInSettingsLingua_21-36-43 - [verifyingSideMenuCollapsedLangAsInSettingsLingua_21-36-43] Element found and ready (attempt 1): By.xpath: //yt-multi-page-menu-section-renderer[@class='style-scope ytd-multi-page-menu-renderer']//yt-formatted-string[@id='label' and text()='Svenska']
21:39:47 [TestNG-test-Yt Master Tests-2] INFO  verifyingSideMenuCollapsedLangAsInSettingsLingua_21-36-43 - Clicking settings ellipses button...
21:39:47 [TestNG-test-Yt Master Tests-2] INFO  verifyingSideMenuCollapsedLangAsInSettingsLingua_21-36-43 - [verifyingSideMenuCollapsedLangAsInSettingsLingua_21-36-43] Trying to find element: By.xpath: //ytd-topbar-menu-button-renderer[@class='style-scope ytd-masthead style-default']
21:39:48 [TestNG-test-Yt Master Tests-2] INFO  verifyingSideMenuCollapsedLangAsInSettingsLingua_21-36-43 - [verifyingSideMenuCollapsedLangAsInSettingsLingua_21-36-43] Element found and ready (attempt 1): By.xpath: //ytd-topbar-menu-button-renderer[@class='style-scope ytd-masthead style-default']
21:39:48 [TestNG-test-Yt Master Tests-2] INFO  verifyingSideMenuCollapsedLangAsInSettingsLingua_21-36-43 - [verifyingSideMenuCollapsedLangAsInSettingsLingua_21-36-43] Waiting until element is visible in viewport
21:39:49 [TestNG-test-Yt Master Tests-2] INFO  verifyingSideMenuCollapsedLangAsInSettingsLingua_21-36-43 - Clicking settings ellipses button...
21:39:49 [TestNG-test-Yt Master Tests-2] INFO  verifyingSideMenuCollapsedLangAsInSettingsLingua_21-36-43 - [verifyingSideMenuCollapsedLangAsInSettingsLingua_21-36-43] Trying to find element: By.xpath: //ytd-topbar-menu-button-renderer[@class='style-scope ytd-masthead style-default']
21:39:49 [TestNG-test-Yt Master Tests-2] INFO  verifyingSideMenuCollapsedLangAsInSettingsLingua_21-36-43 - [verifyingSideMenuCollapsedLangAsInSettingsLingua_21-36-43] Element found and ready (attempt 1): By.xpath: //ytd-topbar-menu-button-renderer[@class='style-scope ytd-masthead style-default']
21:39:49 [TestNG-test-Yt Master Tests-2] INFO  verifyingSideMenuCollapsedLangAsInSettingsLingua_21-36-43 - getLangAttribute() - locating <html> and reading lang property
21:39:49 [TestNG-test-Yt Master Tests-2] INFO  verifyingSideMenuCollapsedLangAsInSettingsLingua_21-36-43 - Language attribute read: sv-SE
21:39:49 [TestNG-test-Yt Master Tests-2] INFO  verifyingSideMenuCollapsedLangAsInSettingsLingua_21-36-43 - Fetching the side menu in collapsed view
21:39:49 [TestNG-test-Yt Master Tests-2] INFO  verifyingSideMenuCollapsedLangAsInSettingsLingua_21-36-43 - [verifyingSideMenuCollapsedLangAsInSettingsLingua_21-36-43] Finding elements list: By.xpath: //ytd-mini-guide-renderer[@class='style-scope ytd-app']//ytd-mini-guide-entry-renderer
21:39:49 [TestNG-test-Yt Master Tests-2] INFO  verifyingSideMenuCollapsedLangAsInSettingsLingua_21-36-43 - [verifyingSideMenuCollapsedLangAsInSettingsLingua_21-36-43] Found 4 ready elements (attempt 1): By.xpath: //ytd-mini-guide-renderer[@class='style-scope ytd-app']//ytd-mini-guide-entry-renderer
21:39:49 [TestNG-test-Yt Master Tests-2] INFO  verifyingSideMenuCollapsedLangAsInSettingsLingua_21-36-43 - 
========== LANGUAGE DETECTION ==========
Detected Language : SWEDISH
Input Text        : Hem Shorts Prenumerationer Ditt YouTube
========================================
21:39:49 [TestNG-test-Yt Master Tests-2] INFO  verifyingSideMenuCollapsedLangAsInSettingsLingua_21-36-43 - text sent to lingua is       Hem Shorts Prenumerationer Ditt YouTube
21:39:49 [TestNG-test-Yt Master Tests-2] INFO  verifyingSideMenuCollapsedLangAsInSettingsLingua_21-36-43 - getLangAttribute() - locating <html> and reading lang property
21:39:49 [TestNG-test-Yt Master Tests-2] INFO  verifyingSideMenuCollapsedLangAsInSettingsLingua_21-36-43 - Language attribute read: sv-SE
21:39:49 [TestNG-test-Yt Master Tests-2] INFO  verifyingSideMenuCollapsedLangAsInSettingsLingua_21-36-43 - Clicking settings ellipses button...
21:39:49 [TestNG-test-Yt Master Tests-2] INFO  verifyingSideMenuCollapsedLangAsInSettingsLingua_21-36-43 - [verifyingSideMenuCollapsedLangAsInSettingsLingua_21-36-43] Trying to find element: By.xpath: //ytd-topbar-menu-button-renderer[@class='style-scope ytd-masthead style-default']
21:39:49 [TestNG-test-Yt Master Tests-2] INFO  verifyingSideMenuCollapsedLangAsInSettingsLingua_21-36-43 - [verifyingSideMenuCollapsedLangAsInSettingsLingua_21-36-43] Element found and ready (attempt 1): By.xpath: //ytd-topbar-menu-button-renderer[@class='style-scope ytd-masthead style-default']
21:39:49 [TestNG-test-Yt Master Tests-2] INFO  verifyingSideMenuCollapsedLangAsInSettingsLingua_21-36-43 - Clicking language dropdown...
21:39:49 [TestNG-test-Yt Master Tests-2] INFO  verifyingSideMenuCollapsedLangAsInSettingsLingua_21-36-43 - [verifyingSideMenuCollapsedLangAsInSettingsLingua_21-36-43] Trying to find element: By.xpath: (//div[@id='content-icon'])[2]
21:39:50 [TestNG-test-Yt Master Tests-2] INFO  verifyingSideMenuCollapsedLangAsInSettingsLingua_21-36-43 - [verifyingSideMenuCollapsedLangAsInSettingsLingua_21-36-43] Element found and ready (attempt 1): By.xpath: (//div[@id='content-icon'])[2]
21:39:51 [TestNG-test-Yt Master Tests-2] INFO  verifyingSideMenuCollapsedLangAsInSettingsLingua_21-36-43 - Looking for language element with name: Tiếng Việt
21:39:51 [TestNG-test-Yt Master Tests-2] INFO  verifyingSideMenuCollapsedLangAsInSettingsLingua_21-36-43 - [verifyingSideMenuCollapsedLangAsInSettingsLingua_21-36-43] Trying to find element: By.xpath: //yt-multi-page-menu-section-renderer[@class='style-scope ytd-multi-page-menu-renderer']//yt-formatted-string[@id='label' and text()='Tiếng Việt']
21:39:51 [TestNG-test-Yt Master Tests-2] INFO  verifyingSideMenuCollapsedLangAsInSettingsLingua_21-36-43 - [verifyingSideMenuCollapsedLangAsInSettingsLingua_21-36-43] Element found and ready (attempt 1): By.xpath: //yt-multi-page-menu-section-renderer[@class='style-scope ytd-multi-page-menu-renderer']//yt-formatted-string[@id='label' and text()='Tiếng Việt']
21:39:51 [TestNG-test-Yt Master Tests-2] INFO  verifyingSideMenuCollapsedLangAsInSettingsLingua_21-36-43 - [verifyingSideMenuCollapsedLangAsInSettingsLingua_21-36-43] Trying to find element: By.xpath: //yt-multi-page-menu-section-renderer[@class='style-scope ytd-multi-page-menu-renderer']//yt-formatted-string[@id='label' and text()='Tiếng Việt']
21:39:51 [TestNG-test-Yt Master Tests-2] INFO  verifyingSideMenuCollapsedLangAsInSettingsLingua_21-36-43 - [verifyingSideMenuCollapsedLangAsInSettingsLingua_21-36-43] Element found and ready (attempt 1): By.xpath: //yt-multi-page-menu-section-renderer[@class='style-scope ytd-multi-page-menu-renderer']//yt-formatted-string[@id='label' and text()='Tiếng Việt']
21:39:52 [TestNG-test-Yt Master Tests-2] INFO  verifyingSideMenuCollapsedLangAsInSettingsLingua_21-36-43 - Clicking settings ellipses button...
21:39:53 [TestNG-test-Yt Master Tests-2] INFO  verifyingSideMenuCollapsedLangAsInSettingsLingua_21-36-43 - [verifyingSideMenuCollapsedLangAsInSettingsLingua_21-36-43] Trying to find element: By.xpath: //ytd-topbar-menu-button-renderer[@class='style-scope ytd-masthead style-default']
21:39:53 [TestNG-test-Yt Master Tests-2] INFO  verifyingSideMenuCollapsedLangAsInSettingsLingua_21-36-43 - [verifyingSideMenuCollapsedLangAsInSettingsLingua_21-36-43] Element found and ready (attempt 1): By.xpath: //ytd-topbar-menu-button-renderer[@class='style-scope ytd-masthead style-default']
21:39:53 [TestNG-test-Yt Master Tests-2] INFO  verifyingSideMenuCollapsedLangAsInSettingsLingua_21-36-43 - [verifyingSideMenuCollapsedLangAsInSettingsLingua_21-36-43] Waiting until element is visible in viewport
21:39:54 [TestNG-test-Yt Master Tests-2] INFO  verifyingSideMenuCollapsedLangAsInSettingsLingua_21-36-43 - Clicking settings ellipses button...
21:39:54 [TestNG-test-Yt Master Tests-2] INFO  verifyingSideMenuCollapsedLangAsInSettingsLingua_21-36-43 - [verifyingSideMenuCollapsedLangAsInSettingsLingua_21-36-43] Trying to find element: By.xpath: //ytd-topbar-menu-button-renderer[@class='style-scope ytd-masthead style-default']
21:39:54 [TestNG-test-Yt Master Tests-2] INFO  verifyingSideMenuCollapsedLangAsInSettingsLingua_21-36-43 - [verifyingSideMenuCollapsedLangAsInSettingsLingua_21-36-43] Element found and ready (attempt 1): By.xpath: //ytd-topbar-menu-button-renderer[@class='style-scope ytd-masthead style-default']
21:39:54 [TestNG-test-Yt Master Tests-2] INFO  verifyingSideMenuCollapsedLangAsInSettingsLingua_21-36-43 - getLangAttribute() - locating <html> and reading lang property
21:39:54 [TestNG-test-Yt Master Tests-2] INFO  verifyingSideMenuCollapsedLangAsInSettingsLingua_21-36-43 - Language attribute read: vi-VN
21:39:54 [TestNG-test-Yt Master Tests-2] INFO  verifyingSideMenuCollapsedLangAsInSettingsLingua_21-36-43 - Fetching the side menu in collapsed view
21:39:54 [TestNG-test-Yt Master Tests-2] INFO  verifyingSideMenuCollapsedLangAsInSettingsLingua_21-36-43 - [verifyingSideMenuCollapsedLangAsInSettingsLingua_21-36-43] Finding elements list: By.xpath: //ytd-mini-guide-renderer[@class='style-scope ytd-app']//ytd-mini-guide-entry-renderer
21:39:55 [TestNG-test-Yt Master Tests-2] INFO  verifyingSideMenuCollapsedLangAsInSettingsLingua_21-36-43 - [verifyingSideMenuCollapsedLangAsInSettingsLingua_21-36-43] Found 4 ready elements (attempt 1): By.xpath: //ytd-mini-guide-renderer[@class='style-scope ytd-app']//ytd-mini-guide-entry-renderer
21:39:55 [TestNG-test-Yt Master Tests-2] INFO  verifyingSideMenuCollapsedLangAsInSettingsLingua_21-36-43 - 
========== LANGUAGE DETECTION ==========
Detected Language : VIETNAMESE
Input Text        : Trang chủ Shorts Kênh đăng ký Bạn
========================================
21:39:55 [TestNG-test-Yt Master Tests-2] INFO  verifyingSideMenuCollapsedLangAsInSettingsLingua_21-36-43 - text sent to lingua is       Trang chủ Shorts Kênh đăng ký Bạn
21:39:55 [TestNG-test-Yt Master Tests-2] INFO  verifyingSideMenuCollapsedLangAsInSettingsLingua_21-36-43 - getLangAttribute() - locating <html> and reading lang property
21:39:55 [TestNG-test-Yt Master Tests-2] INFO  verifyingSideMenuCollapsedLangAsInSettingsLingua_21-36-43 - Language attribute read: vi-VN
21:39:55 [TestNG-test-Yt Master Tests-2] INFO  verifyingSideMenuCollapsedLangAsInSettingsLingua_21-36-43 - Clicking settings ellipses button...
21:39:55 [TestNG-test-Yt Master Tests-2] INFO  verifyingSideMenuCollapsedLangAsInSettingsLingua_21-36-43 - [verifyingSideMenuCollapsedLangAsInSettingsLingua_21-36-43] Trying to find element: By.xpath: //ytd-topbar-menu-button-renderer[@class='style-scope ytd-masthead style-default']
21:39:55 [TestNG-test-Yt Master Tests-2] INFO  verifyingSideMenuCollapsedLangAsInSettingsLingua_21-36-43 - [verifyingSideMenuCollapsedLangAsInSettingsLingua_21-36-43] Element found and ready (attempt 1): By.xpath: //ytd-topbar-menu-button-renderer[@class='style-scope ytd-masthead style-default']
21:39:55 [TestNG-test-Yt Master Tests-2] INFO  verifyingSideMenuCollapsedLangAsInSettingsLingua_21-36-43 - Clicking language dropdown...
21:39:55 [TestNG-test-Yt Master Tests-2] INFO  verifyingSideMenuCollapsedLangAsInSettingsLingua_21-36-43 - [verifyingSideMenuCollapsedLangAsInSettingsLingua_21-36-43] Trying to find element: By.xpath: (//div[@id='content-icon'])[2]
21:39:56 [TestNG-test-Yt Master Tests-2] INFO  verifyingSideMenuCollapsedLangAsInSettingsLingua_21-36-43 - [verifyingSideMenuCollapsedLangAsInSettingsLingua_21-36-43] Element found and ready (attempt 1): By.xpath: (//div[@id='content-icon'])[2]
21:39:56 [TestNG-test-Yt Master Tests-2] INFO  verifyingSideMenuCollapsedLangAsInSettingsLingua_21-36-43 - Looking for language element with name: Türkçe
21:39:56 [TestNG-test-Yt Master Tests-2] INFO  verifyingSideMenuCollapsedLangAsInSettingsLingua_21-36-43 - [verifyingSideMenuCollapsedLangAsInSettingsLingua_21-36-43] Trying to find element: By.xpath: //yt-multi-page-menu-section-renderer[@class='style-scope ytd-multi-page-menu-renderer']//yt-formatted-string[@id='label' and text()='Türkçe']
21:39:57 [TestNG-test-Yt Master Tests-2] INFO  verifyingSideMenuCollapsedLangAsInSettingsLingua_21-36-43 - [verifyingSideMenuCollapsedLangAsInSettingsLingua_21-36-43] Element found and ready (attempt 1): By.xpath: //yt-multi-page-menu-section-renderer[@class='style-scope ytd-multi-page-menu-renderer']//yt-formatted-string[@id='label' and text()='Türkçe']
21:39:57 [TestNG-test-Yt Master Tests-2] INFO  verifyingSideMenuCollapsedLangAsInSettingsLingua_21-36-43 - [verifyingSideMenuCollapsedLangAsInSettingsLingua_21-36-43] Trying to find element: By.xpath: //yt-multi-page-menu-section-renderer[@class='style-scope ytd-multi-page-menu-renderer']//yt-formatted-string[@id='label' and text()='Türkçe']
21:39:57 [TestNG-test-Yt Master Tests-2] INFO  verifyingSideMenuCollapsedLangAsInSettingsLingua_21-36-43 - [verifyingSideMenuCollapsedLangAsInSettingsLingua_21-36-43] Element found and ready (attempt 1): By.xpath: //yt-multi-page-menu-section-renderer[@class='style-scope ytd-multi-page-menu-renderer']//yt-formatted-string[@id='label' and text()='Türkçe']
21:39:59 [TestNG-test-Yt Master Tests-2] INFO  verifyingSideMenuCollapsedLangAsInSettingsLingua_21-36-43 - Clicking settings ellipses button...
21:39:59 [TestNG-test-Yt Master Tests-2] INFO  verifyingSideMenuCollapsedLangAsInSettingsLingua_21-36-43 - [verifyingSideMenuCollapsedLangAsInSettingsLingua_21-36-43] Trying to find element: By.xpath: //ytd-topbar-menu-button-renderer[@class='style-scope ytd-masthead style-default']
21:39:59 [TestNG-test-Yt Master Tests-2] INFO  verifyingSideMenuCollapsedLangAsInSettingsLingua_21-36-43 - [verifyingSideMenuCollapsedLangAsInSettingsLingua_21-36-43] Element found and ready (attempt 1): By.xpath: //ytd-topbar-menu-button-renderer[@class='style-scope ytd-masthead style-default']
21:39:59 [TestNG-test-Yt Master Tests-2] INFO  verifyingSideMenuCollapsedLangAsInSettingsLingua_21-36-43 - [verifyingSideMenuCollapsedLangAsInSettingsLingua_21-36-43] Waiting until element is visible in viewport
21:40:00 [TestNG-test-Yt Master Tests-2] INFO  verifyingSideMenuCollapsedLangAsInSettingsLingua_21-36-43 - Clicking settings ellipses button...
21:40:00 [TestNG-test-Yt Master Tests-2] INFO  verifyingSideMenuCollapsedLangAsInSettingsLingua_21-36-43 - [verifyingSideMenuCollapsedLangAsInSettingsLingua_21-36-43] Trying to find element: By.xpath: //ytd-topbar-menu-button-renderer[@class='style-scope ytd-masthead style-default']
21:40:00 [TestNG-test-Yt Master Tests-2] INFO  verifyingSideMenuCollapsedLangAsInSettingsLingua_21-36-43 - [verifyingSideMenuCollapsedLangAsInSettingsLingua_21-36-43] Element found and ready (attempt 1): By.xpath: //ytd-topbar-menu-button-renderer[@class='style-scope ytd-masthead style-default']
21:40:00 [TestNG-test-Yt Master Tests-2] INFO  verifyingSideMenuCollapsedLangAsInSettingsLingua_21-36-43 - getLangAttribute() - locating <html> and reading lang property
21:40:00 [TestNG-test-Yt Master Tests-2] INFO  verifyingSideMenuCollapsedLangAsInSettingsLingua_21-36-43 - Language attribute read: tr-TR
21:40:00 [TestNG-test-Yt Master Tests-2] INFO  verifyingSideMenuCollapsedLangAsInSettingsLingua_21-36-43 - Fetching the side menu in collapsed view
21:40:00 [TestNG-test-Yt Master Tests-2] INFO  verifyingSideMenuCollapsedLangAsInSettingsLingua_21-36-43 - [verifyingSideMenuCollapsedLangAsInSettingsLingua_21-36-43] Finding elements list: By.xpath: //ytd-mini-guide-renderer[@class='style-scope ytd-app']//ytd-mini-guide-entry-renderer
21:40:00 [TestNG-test-Yt Master Tests-2] INFO  verifyingSideMenuCollapsedLangAsInSettingsLingua_21-36-43 - [verifyingSideMenuCollapsedLangAsInSettingsLingua_21-36-43] Found 4 ready elements (attempt 1): By.xpath: //ytd-mini-guide-renderer[@class='style-scope ytd-app']//ytd-mini-guide-entry-renderer
21:40:01 [TestNG-test-Yt Master Tests-2] INFO  verifyingSideMenuCollapsedLangAsInSettingsLingua_21-36-43 - 
========== LANGUAGE DETECTION ==========
Detected Language : TURKISH
Input Text        : Ana Sayfa Shorts Abonelikler Siz
========================================
21:40:01 [TestNG-test-Yt Master Tests-2] INFO  verifyingSideMenuCollapsedLangAsInSettingsLingua_21-36-43 - text sent to lingua is       Ana Sayfa Shorts Abonelikler Siz
21:40:01 [TestNG-test-Yt Master Tests-2] INFO  verifyingSideMenuCollapsedLangAsInSettingsLingua_21-36-43 - getLangAttribute() - locating <html> and reading lang property
21:40:01 [TestNG-test-Yt Master Tests-2] INFO  verifyingSideMenuCollapsedLangAsInSettingsLingua_21-36-43 - Language attribute read: tr-TR
21:40:01 [TestNG-test-Yt Master Tests-2] INFO  verifyingSideMenuCollapsedLangAsInSettingsLingua_21-36-43 - Clicking settings ellipses button...
21:40:01 [TestNG-test-Yt Master Tests-2] INFO  verifyingSideMenuCollapsedLangAsInSettingsLingua_21-36-43 - [verifyingSideMenuCollapsedLangAsInSettingsLingua_21-36-43] Trying to find element: By.xpath: //ytd-topbar-menu-button-renderer[@class='style-scope ytd-masthead style-default']
21:40:01 [TestNG-test-Yt Master Tests-2] INFO  verifyingSideMenuCollapsedLangAsInSettingsLingua_21-36-43 - [verifyingSideMenuCollapsedLangAsInSettingsLingua_21-36-43] Element found and ready (attempt 1): By.xpath: //ytd-topbar-menu-button-renderer[@class='style-scope ytd-masthead style-default']
21:40:01 [TestNG-test-Yt Master Tests-2] INFO  verifyingSideMenuCollapsedLangAsInSettingsLingua_21-36-43 - Clicking language dropdown...
21:40:01 [TestNG-test-Yt Master Tests-2] INFO  verifyingSideMenuCollapsedLangAsInSettingsLingua_21-36-43 - [verifyingSideMenuCollapsedLangAsInSettingsLingua_21-36-43] Trying to find element: By.xpath: (//div[@id='content-icon'])[2]
21:40:01 [TestNG-test-Yt Master Tests-2] INFO  verifyingSideMenuCollapsedLangAsInSettingsLingua_21-36-43 - [verifyingSideMenuCollapsedLangAsInSettingsLingua_21-36-43] Element found and ready (attempt 1): By.xpath: (//div[@id='content-icon'])[2]
21:40:02 [TestNG-test-Yt Master Tests-2] INFO  verifyingSideMenuCollapsedLangAsInSettingsLingua_21-36-43 - Looking for language element with name: Беларуская
21:40:02 [TestNG-test-Yt Master Tests-2] INFO  verifyingSideMenuCollapsedLangAsInSettingsLingua_21-36-43 - [verifyingSideMenuCollapsedLangAsInSettingsLingua_21-36-43] Trying to find element: By.xpath: //yt-multi-page-menu-section-renderer[@class='style-scope ytd-multi-page-menu-renderer']//yt-formatted-string[@id='label' and text()='Беларуская']
21:40:02 [TestNG-test-Yt Master Tests-2] INFO  verifyingSideMenuCollapsedLangAsInSettingsLingua_21-36-43 - [verifyingSideMenuCollapsedLangAsInSettingsLingua_21-36-43] Element found and ready (attempt 1): By.xpath: //yt-multi-page-menu-section-renderer[@class='style-scope ytd-multi-page-menu-renderer']//yt-formatted-string[@id='label' and text()='Беларуская']
21:40:02 [TestNG-test-Yt Master Tests-2] INFO  verifyingSideMenuCollapsedLangAsInSettingsLingua_21-36-43 - [verifyingSideMenuCollapsedLangAsInSettingsLingua_21-36-43] Trying to find element: By.xpath: //yt-multi-page-menu-section-renderer[@class='style-scope ytd-multi-page-menu-renderer']//yt-formatted-string[@id='label' and text()='Беларуская']
21:40:02 [TestNG-test-Yt Master Tests-2] INFO  verifyingSideMenuCollapsedLangAsInSettingsLingua_21-36-43 - [verifyingSideMenuCollapsedLangAsInSettingsLingua_21-36-43] Element found and ready (attempt 1): By.xpath: //yt-multi-page-menu-section-renderer[@class='style-scope ytd-multi-page-menu-renderer']//yt-formatted-string[@id='label' and text()='Беларуская']
21:40:05 [TestNG-test-Yt Master Tests-2] INFO  verifyingSideMenuCollapsedLangAsInSettingsLingua_21-36-43 - Clicking settings ellipses button...
21:40:05 [TestNG-test-Yt Master Tests-2] INFO  verifyingSideMenuCollapsedLangAsInSettingsLingua_21-36-43 - [verifyingSideMenuCollapsedLangAsInSettingsLingua_21-36-43] Trying to find element: By.xpath: //ytd-topbar-menu-button-renderer[@class='style-scope ytd-masthead style-default']
21:40:05 [TestNG-test-Yt Master Tests-2] INFO  verifyingSideMenuCollapsedLangAsInSettingsLingua_21-36-43 - [verifyingSideMenuCollapsedLangAsInSettingsLingua_21-36-43] Element found and ready (attempt 1): By.xpath: //ytd-topbar-menu-button-renderer[@class='style-scope ytd-masthead style-default']
21:40:06 [TestNG-test-Yt Master Tests-2] INFO  verifyingSideMenuCollapsedLangAsInSettingsLingua_21-36-43 - [verifyingSideMenuCollapsedLangAsInSettingsLingua_21-36-43] Waiting until element is visible in viewport
21:40:06 [TestNG-test-Yt Master Tests-2] INFO  verifyingSideMenuCollapsedLangAsInSettingsLingua_21-36-43 - Clicking settings ellipses button...
21:40:06 [TestNG-test-Yt Master Tests-2] INFO  verifyingSideMenuCollapsedLangAsInSettingsLingua_21-36-43 - [verifyingSideMenuCollapsedLangAsInSettingsLingua_21-36-43] Trying to find element: By.xpath: //ytd-topbar-menu-button-renderer[@class='style-scope ytd-masthead style-default']
21:40:06 [TestNG-test-Yt Master Tests-2] INFO  verifyingSideMenuCollapsedLangAsInSettingsLingua_21-36-43 - [verifyingSideMenuCollapsedLangAsInSettingsLingua_21-36-43] Element found and ready (attempt 1): By.xpath: //ytd-topbar-menu-button-renderer[@class='style-scope ytd-masthead style-default']
21:40:06 [TestNG-test-Yt Master Tests-2] INFO  verifyingSideMenuCollapsedLangAsInSettingsLingua_21-36-43 - getLangAttribute() - locating <html> and reading lang property
21:40:07 [TestNG-test-Yt Master Tests-2] INFO  verifyingSideMenuCollapsedLangAsInSettingsLingua_21-36-43 - Language attribute read: be-BY
21:40:07 [TestNG-test-Yt Master Tests-2] INFO  verifyingSideMenuCollapsedLangAsInSettingsLingua_21-36-43 - Fetching the side menu in collapsed view
21:40:07 [TestNG-test-Yt Master Tests-2] INFO  verifyingSideMenuCollapsedLangAsInSettingsLingua_21-36-43 - [verifyingSideMenuCollapsedLangAsInSettingsLingua_21-36-43] Finding elements list: By.xpath: //ytd-mini-guide-renderer[@class='style-scope ytd-app']//ytd-mini-guide-entry-renderer
21:40:07 [TestNG-test-Yt Master Tests-2] INFO  verifyingSideMenuCollapsedLangAsInSettingsLingua_21-36-43 - [verifyingSideMenuCollapsedLangAsInSettingsLingua_21-36-43] Found 4 ready elements (attempt 1): By.xpath: //ytd-mini-guide-renderer[@class='style-scope ytd-app']//ytd-mini-guide-entry-renderer
21:40:08 [TestNG-test-Yt Master Tests-2] INFO  verifyingSideMenuCollapsedLangAsInSettingsLingua_21-36-43 - 
========== LANGUAGE DETECTION ==========
Detected Language : BELARUSIAN
Input Text        : Галоўная старонка Shorts Падпіскі Вы
========================================
21:40:08 [TestNG-test-Yt Master Tests-2] INFO  verifyingSideMenuCollapsedLangAsInSettingsLingua_21-36-43 - text sent to lingua is       Галоўная старонка Shorts Падпіскі Вы
21:40:08 [TestNG-test-Yt Master Tests-2] INFO  verifyingSideMenuCollapsedLangAsInSettingsLingua_21-36-43 - getLangAttribute() - locating <html> and reading lang property
21:40:08 [TestNG-test-Yt Master Tests-2] INFO  verifyingSideMenuCollapsedLangAsInSettingsLingua_21-36-43 - Language attribute read: be-BY
21:40:08 [TestNG-test-Yt Master Tests-2] INFO  verifyingSideMenuCollapsedLangAsInSettingsLingua_21-36-43 - Clicking settings ellipses button...
21:40:08 [TestNG-test-Yt Master Tests-2] INFO  verifyingSideMenuCollapsedLangAsInSettingsLingua_21-36-43 - [verifyingSideMenuCollapsedLangAsInSettingsLingua_21-36-43] Trying to find element: By.xpath: //ytd-topbar-menu-button-renderer[@class='style-scope ytd-masthead style-default']
21:40:08 [TestNG-test-Yt Master Tests-2] INFO  verifyingSideMenuCollapsedLangAsInSettingsLingua_21-36-43 - [verifyingSideMenuCollapsedLangAsInSettingsLingua_21-36-43] Element found and ready (attempt 1): By.xpath: //ytd-topbar-menu-button-renderer[@class='style-scope ytd-masthead style-default']
21:40:08 [TestNG-test-Yt Master Tests-2] INFO  verifyingSideMenuCollapsedLangAsInSettingsLingua_21-36-43 - Clicking language dropdown...
21:40:08 [TestNG-test-Yt Master Tests-2] INFO  verifyingSideMenuCollapsedLangAsInSettingsLingua_21-36-43 - [verifyingSideMenuCollapsedLangAsInSettingsLingua_21-36-43] Trying to find element: By.xpath: (//div[@id='content-icon'])[2]
21:40:09 [TestNG-test-Yt Master Tests-2] INFO  verifyingSideMenuCollapsedLangAsInSettingsLingua_21-36-43 - [verifyingSideMenuCollapsedLangAsInSettingsLingua_21-36-43] Element found and ready (attempt 1): By.xpath: (//div[@id='content-icon'])[2]
21:40:09 [TestNG-test-Yt Master Tests-2] INFO  verifyingSideMenuCollapsedLangAsInSettingsLingua_21-36-43 - Looking for language element with name: Български
21:40:09 [TestNG-test-Yt Master Tests-2] INFO  verifyingSideMenuCollapsedLangAsInSettingsLingua_21-36-43 - [verifyingSideMenuCollapsedLangAsInSettingsLingua_21-36-43] Trying to find element: By.xpath: //yt-multi-page-menu-section-renderer[@class='style-scope ytd-multi-page-menu-renderer']//yt-formatted-string[@id='label' and text()='Български']
21:40:09 [TestNG-test-Yt Master Tests-2] INFO  verifyingSideMenuCollapsedLangAsInSettingsLingua_21-36-43 - [verifyingSideMenuCollapsedLangAsInSettingsLingua_21-36-43] Element found and ready (attempt 1): By.xpath: //yt-multi-page-menu-section-renderer[@class='style-scope ytd-multi-page-menu-renderer']//yt-formatted-string[@id='label' and text()='Български']
21:40:09 [TestNG-test-Yt Master Tests-2] INFO  verifyingSideMenuCollapsedLangAsInSettingsLingua_21-36-43 - [verifyingSideMenuCollapsedLangAsInSettingsLingua_21-36-43] Trying to find element: By.xpath: //yt-multi-page-menu-section-renderer[@class='style-scope ytd-multi-page-menu-renderer']//yt-formatted-string[@id='label' and text()='Български']
21:40:09 [TestNG-test-Yt Master Tests-2] INFO  verifyingSideMenuCollapsedLangAsInSettingsLingua_21-36-43 - [verifyingSideMenuCollapsedLangAsInSettingsLingua_21-36-43] Element found and ready (attempt 1): By.xpath: //yt-multi-page-menu-section-renderer[@class='style-scope ytd-multi-page-menu-renderer']//yt-formatted-string[@id='label' and text()='Български']
21:40:11 [TestNG-test-Yt Master Tests-2] INFO  verifyingSideMenuCollapsedLangAsInSettingsLingua_21-36-43 - Clicking settings ellipses button...
21:40:11 [TestNG-test-Yt Master Tests-2] INFO  verifyingSideMenuCollapsedLangAsInSettingsLingua_21-36-43 - [verifyingSideMenuCollapsedLangAsInSettingsLingua_21-36-43] Trying to find element: By.xpath: //ytd-topbar-menu-button-renderer[@class='style-scope ytd-masthead style-default']
21:40:12 [TestNG-test-Yt Master Tests-2] INFO  verifyingSideMenuCollapsedLangAsInSettingsLingua_21-36-43 - [verifyingSideMenuCollapsedLangAsInSettingsLingua_21-36-43] Element found and ready (attempt 1): By.xpath: //ytd-topbar-menu-button-renderer[@class='style-scope ytd-masthead style-default']
21:40:12 [TestNG-test-Yt Master Tests-2] INFO  verifyingSideMenuCollapsedLangAsInSettingsLingua_21-36-43 - [verifyingSideMenuCollapsedLangAsInSettingsLingua_21-36-43] Waiting until element is visible in viewport
21:40:13 [TestNG-test-Yt Master Tests-2] INFO  verifyingSideMenuCollapsedLangAsInSettingsLingua_21-36-43 - Clicking settings ellipses button...
21:40:13 [TestNG-test-Yt Master Tests-2] INFO  verifyingSideMenuCollapsedLangAsInSettingsLingua_21-36-43 - [verifyingSideMenuCollapsedLangAsInSettingsLingua_21-36-43] Trying to find element: By.xpath: //ytd-topbar-menu-button-renderer[@class='style-scope ytd-masthead style-default']
21:40:13 [TestNG-test-Yt Master Tests-2] INFO  verifyingSideMenuCollapsedLangAsInSettingsLingua_21-36-43 - [verifyingSideMenuCollapsedLangAsInSettingsLingua_21-36-43] Element found and ready (attempt 1): By.xpath: //ytd-topbar-menu-button-renderer[@class='style-scope ytd-masthead style-default']
21:40:13 [TestNG-test-Yt Master Tests-2] INFO  verifyingSideMenuCollapsedLangAsInSettingsLingua_21-36-43 - getLangAttribute() - locating <html> and reading lang property
21:40:13 [TestNG-test-Yt Master Tests-2] INFO  verifyingSideMenuCollapsedLangAsInSettingsLingua_21-36-43 - Language attribute read: bg-BG
21:40:13 [TestNG-test-Yt Master Tests-2] INFO  verifyingSideMenuCollapsedLangAsInSettingsLingua_21-36-43 - Fetching the side menu in collapsed view
21:40:13 [TestNG-test-Yt Master Tests-2] INFO  verifyingSideMenuCollapsedLangAsInSettingsLingua_21-36-43 - [verifyingSideMenuCollapsedLangAsInSettingsLingua_21-36-43] Finding elements list: By.xpath: //ytd-mini-guide-renderer[@class='style-scope ytd-app']//ytd-mini-guide-entry-renderer
21:40:13 [TestNG-test-Yt Master Tests-2] INFO  verifyingSideMenuCollapsedLangAsInSettingsLingua_21-36-43 - [verifyingSideMenuCollapsedLangAsInSettingsLingua_21-36-43] Found 4 ready elements (attempt 1): By.xpath: //ytd-mini-guide-renderer[@class='style-scope ytd-app']//ytd-mini-guide-entry-renderer
21:40:13 [TestNG-test-Yt Master Tests-2] INFO  verifyingSideMenuCollapsedLangAsInSettingsLingua_21-36-43 - 
========== LANGUAGE DETECTION ==========
Detected Language : BULGARIAN
Input Text        : Начало Shorts Абонаменти Вие
========================================
21:40:13 [TestNG-test-Yt Master Tests-2] INFO  verifyingSideMenuCollapsedLangAsInSettingsLingua_21-36-43 - text sent to lingua is       Начало Shorts Абонаменти Вие
21:40:13 [TestNG-test-Yt Master Tests-2] INFO  verifyingSideMenuCollapsedLangAsInSettingsLingua_21-36-43 - getLangAttribute() - locating <html> and reading lang property
21:40:13 [TestNG-test-Yt Master Tests-2] INFO  verifyingSideMenuCollapsedLangAsInSettingsLingua_21-36-43 - Language attribute read: bg-BG
21:40:13 [TestNG-test-Yt Master Tests-2] INFO  verifyingSideMenuCollapsedLangAsInSettingsLingua_21-36-43 - Clicking settings ellipses button...
21:40:13 [TestNG-test-Yt Master Tests-2] INFO  verifyingSideMenuCollapsedLangAsInSettingsLingua_21-36-43 - [verifyingSideMenuCollapsedLangAsInSettingsLingua_21-36-43] Trying to find element: By.xpath: //ytd-topbar-menu-button-renderer[@class='style-scope ytd-masthead style-default']
21:40:13 [TestNG-test-Yt Master Tests-2] INFO  verifyingSideMenuCollapsedLangAsInSettingsLingua_21-36-43 - [verifyingSideMenuCollapsedLangAsInSettingsLingua_21-36-43] Element found and ready (attempt 1): By.xpath: //ytd-topbar-menu-button-renderer[@class='style-scope ytd-masthead style-default']
21:40:14 [TestNG-test-Yt Master Tests-2] INFO  verifyingSideMenuCollapsedLangAsInSettingsLingua_21-36-43 - Clicking language dropdown...
21:40:14 [TestNG-test-Yt Master Tests-2] INFO  verifyingSideMenuCollapsedLangAsInSettingsLingua_21-36-43 - [verifyingSideMenuCollapsedLangAsInSettingsLingua_21-36-43] Trying to find element: By.xpath: (//div[@id='content-icon'])[2]
21:40:14 [TestNG-test-Yt Master Tests-2] INFO  verifyingSideMenuCollapsedLangAsInSettingsLingua_21-36-43 - [verifyingSideMenuCollapsedLangAsInSettingsLingua_21-36-43] Element found and ready (attempt 1): By.xpath: (//div[@id='content-icon'])[2]
21:40:14 [TestNG-test-Yt Master Tests-2] INFO  verifyingSideMenuCollapsedLangAsInSettingsLingua_21-36-43 - Looking for language element with name: Русский
21:40:14 [TestNG-test-Yt Master Tests-2] INFO  verifyingSideMenuCollapsedLangAsInSettingsLingua_21-36-43 - [verifyingSideMenuCollapsedLangAsInSettingsLingua_21-36-43] Trying to find element: By.xpath: //yt-multi-page-menu-section-renderer[@class='style-scope ytd-multi-page-menu-renderer']//yt-formatted-string[@id='label' and text()='Русский']
21:40:15 [TestNG-test-Yt Master Tests-2] INFO  verifyingSideMenuCollapsedLangAsInSettingsLingua_21-36-43 - [verifyingSideMenuCollapsedLangAsInSettingsLingua_21-36-43] Element found and ready (attempt 1): By.xpath: //yt-multi-page-menu-section-renderer[@class='style-scope ytd-multi-page-menu-renderer']//yt-formatted-string[@id='label' and text()='Русский']
21:40:15 [TestNG-test-Yt Master Tests-2] INFO  verifyingSideMenuCollapsedLangAsInSettingsLingua_21-36-43 - [verifyingSideMenuCollapsedLangAsInSettingsLingua_21-36-43] Trying to find element: By.xpath: //yt-multi-page-menu-section-renderer[@class='style-scope ytd-multi-page-menu-renderer']//yt-formatted-string[@id='label' and text()='Русский']
21:40:15 [TestNG-test-Yt Master Tests-2] INFO  verifyingSideMenuCollapsedLangAsInSettingsLingua_21-36-43 - [verifyingSideMenuCollapsedLangAsInSettingsLingua_21-36-43] Element found and ready (attempt 1): By.xpath: //yt-multi-page-menu-section-renderer[@class='style-scope ytd-multi-page-menu-renderer']//yt-formatted-string[@id='label' and text()='Русский']
21:40:16 [TestNG-test-Yt Master Tests-2] INFO  verifyingSideMenuCollapsedLangAsInSettingsLingua_21-36-43 - Clicking settings ellipses button...
21:40:16 [TestNG-test-Yt Master Tests-2] INFO  verifyingSideMenuCollapsedLangAsInSettingsLingua_21-36-43 - [verifyingSideMenuCollapsedLangAsInSettingsLingua_21-36-43] Trying to find element: By.xpath: //ytd-topbar-menu-button-renderer[@class='style-scope ytd-masthead style-default']
21:40:17 [TestNG-test-Yt Master Tests-2] INFO  verifyingSideMenuCollapsedLangAsInSettingsLingua_21-36-43 - [verifyingSideMenuCollapsedLangAsInSettingsLingua_21-36-43] Element found and ready (attempt 1): By.xpath: //ytd-topbar-menu-button-renderer[@class='style-scope ytd-masthead style-default']
21:40:17 [TestNG-test-Yt Master Tests-2] INFO  verifyingSideMenuCollapsedLangAsInSettingsLingua_21-36-43 - [verifyingSideMenuCollapsedLangAsInSettingsLingua_21-36-43] Waiting until element is visible in viewport
21:40:18 [TestNG-test-Yt Master Tests-2] INFO  verifyingSideMenuCollapsedLangAsInSettingsLingua_21-36-43 - Clicking settings ellipses button...
21:40:18 [TestNG-test-Yt Master Tests-2] INFO  verifyingSideMenuCollapsedLangAsInSettingsLingua_21-36-43 - [verifyingSideMenuCollapsedLangAsInSettingsLingua_21-36-43] Trying to find element: By.xpath: //ytd-topbar-menu-button-renderer[@class='style-scope ytd-masthead style-default']
21:40:18 [TestNG-test-Yt Master Tests-2] INFO  verifyingSideMenuCollapsedLangAsInSettingsLingua_21-36-43 - [verifyingSideMenuCollapsedLangAsInSettingsLingua_21-36-43] Element found and ready (attempt 1): By.xpath: //ytd-topbar-menu-button-renderer[@class='style-scope ytd-masthead style-default']
21:40:19 [TestNG-test-Yt Master Tests-2] INFO  verifyingSideMenuCollapsedLangAsInSettingsLingua_21-36-43 - getLangAttribute() - locating <html> and reading lang property
21:40:19 [TestNG-test-Yt Master Tests-2] INFO  verifyingSideMenuCollapsedLangAsInSettingsLingua_21-36-43 - Language attribute read: ru-RU
21:40:19 [TestNG-test-Yt Master Tests-2] INFO  verifyingSideMenuCollapsedLangAsInSettingsLingua_21-36-43 - Fetching the side menu in collapsed view
21:40:19 [TestNG-test-Yt Master Tests-2] INFO  verifyingSideMenuCollapsedLangAsInSettingsLingua_21-36-43 - [verifyingSideMenuCollapsedLangAsInSettingsLingua_21-36-43] Finding elements list: By.xpath: //ytd-mini-guide-renderer[@class='style-scope ytd-app']//ytd-mini-guide-entry-renderer
21:40:19 [TestNG-test-Yt Master Tests-2] INFO  verifyingSideMenuCollapsedLangAsInSettingsLingua_21-36-43 - [verifyingSideMenuCollapsedLangAsInSettingsLingua_21-36-43] Found 4 ready elements (attempt 1): By.xpath: //ytd-mini-guide-renderer[@class='style-scope ytd-app']//ytd-mini-guide-entry-renderer
21:40:19 [TestNG-test-Yt Master Tests-2] INFO  verifyingSideMenuCollapsedLangAsInSettingsLingua_21-36-43 - 
========== LANGUAGE DETECTION ==========
Detected Language : RUSSIAN
Input Text        : Главная Shorts Подписки Вы
========================================
21:40:19 [TestNG-test-Yt Master Tests-2] INFO  verifyingSideMenuCollapsedLangAsInSettingsLingua_21-36-43 - text sent to lingua is       Главная Shorts Подписки Вы
21:40:19 [TestNG-test-Yt Master Tests-2] INFO  verifyingSideMenuCollapsedLangAsInSettingsLingua_21-36-43 - getLangAttribute() - locating <html> and reading lang property
21:40:19 [TestNG-test-Yt Master Tests-2] INFO  verifyingSideMenuCollapsedLangAsInSettingsLingua_21-36-43 - Language attribute read: ru-RU
21:40:19 [TestNG-test-Yt Master Tests-2] INFO  verifyingSideMenuCollapsedLangAsInSettingsLingua_21-36-43 - Clicking settings ellipses button...
21:40:19 [TestNG-test-Yt Master Tests-2] INFO  verifyingSideMenuCollapsedLangAsInSettingsLingua_21-36-43 - [verifyingSideMenuCollapsedLangAsInSettingsLingua_21-36-43] Trying to find element: By.xpath: //ytd-topbar-menu-button-renderer[@class='style-scope ytd-masthead style-default']
21:40:19 [TestNG-test-Yt Master Tests-2] INFO  verifyingSideMenuCollapsedLangAsInSettingsLingua_21-36-43 - [verifyingSideMenuCollapsedLangAsInSettingsLingua_21-36-43] Element found and ready (attempt 1): By.xpath: //ytd-topbar-menu-button-renderer[@class='style-scope ytd-masthead style-default']
21:40:20 [TestNG-test-Yt Master Tests-2] INFO  verifyingSideMenuCollapsedLangAsInSettingsLingua_21-36-43 - Clicking language dropdown...
21:40:20 [TestNG-test-Yt Master Tests-2] INFO  verifyingSideMenuCollapsedLangAsInSettingsLingua_21-36-43 - [verifyingSideMenuCollapsedLangAsInSettingsLingua_21-36-43] Trying to find element: By.xpath: (//div[@id='content-icon'])[2]
21:40:20 [TestNG-test-Yt Master Tests-2] INFO  verifyingSideMenuCollapsedLangAsInSettingsLingua_21-36-43 - [verifyingSideMenuCollapsedLangAsInSettingsLingua_21-36-43] Element found and ready (attempt 1): By.xpath: (//div[@id='content-icon'])[2]
21:40:21 [TestNG-test-Yt Master Tests-2] INFO  verifyingSideMenuCollapsedLangAsInSettingsLingua_21-36-43 - Looking for language element with name: Українська
21:40:21 [TestNG-test-Yt Master Tests-2] INFO  verifyingSideMenuCollapsedLangAsInSettingsLingua_21-36-43 - [verifyingSideMenuCollapsedLangAsInSettingsLingua_21-36-43] Trying to find element: By.xpath: //yt-multi-page-menu-section-renderer[@class='style-scope ytd-multi-page-menu-renderer']//yt-formatted-string[@id='label' and text()='Українська']
21:40:21 [TestNG-test-Yt Master Tests-2] INFO  verifyingSideMenuCollapsedLangAsInSettingsLingua_21-36-43 - [verifyingSideMenuCollapsedLangAsInSettingsLingua_21-36-43] Element found and ready (attempt 1): By.xpath: //yt-multi-page-menu-section-renderer[@class='style-scope ytd-multi-page-menu-renderer']//yt-formatted-string[@id='label' and text()='Українська']
21:40:21 [TestNG-test-Yt Master Tests-2] INFO  verifyingSideMenuCollapsedLangAsInSettingsLingua_21-36-43 - [verifyingSideMenuCollapsedLangAsInSettingsLingua_21-36-43] Trying to find element: By.xpath: //yt-multi-page-menu-section-renderer[@class='style-scope ytd-multi-page-menu-renderer']//yt-formatted-string[@id='label' and text()='Українська']
21:40:21 [TestNG-test-Yt Master Tests-2] INFO  verifyingSideMenuCollapsedLangAsInSettingsLingua_21-36-43 - [verifyingSideMenuCollapsedLangAsInSettingsLingua_21-36-43] Element found and ready (attempt 1): By.xpath: //yt-multi-page-menu-section-renderer[@class='style-scope ytd-multi-page-menu-renderer']//yt-formatted-string[@id='label' and text()='Українська']
21:40:22 [TestNG-test-Yt Master Tests-2] INFO  verifyingSideMenuCollapsedLangAsInSettingsLingua_21-36-43 - Clicking settings ellipses button...
21:40:22 [TestNG-test-Yt Master Tests-2] INFO  verifyingSideMenuCollapsedLangAsInSettingsLingua_21-36-43 - [verifyingSideMenuCollapsedLangAsInSettingsLingua_21-36-43] Trying to find element: By.xpath: //ytd-topbar-menu-button-renderer[@class='style-scope ytd-masthead style-default']
21:40:23 [TestNG-test-Yt Master Tests-2] INFO  verifyingSideMenuCollapsedLangAsInSettingsLingua_21-36-43 - [verifyingSideMenuCollapsedLangAsInSettingsLingua_21-36-43] Element found and ready (attempt 1): By.xpath: //ytd-topbar-menu-button-renderer[@class='style-scope ytd-masthead style-default']
21:40:23 [TestNG-test-Yt Master Tests-2] INFO  verifyingSideMenuCollapsedLangAsInSettingsLingua_21-36-43 - [verifyingSideMenuCollapsedLangAsInSettingsLingua_21-36-43] Waiting until element is visible in viewport
21:40:24 [TestNG-test-Yt Master Tests-2] INFO  verifyingSideMenuCollapsedLangAsInSettingsLingua_21-36-43 - Clicking settings ellipses button...
21:40:24 [TestNG-test-Yt Master Tests-2] INFO  verifyingSideMenuCollapsedLangAsInSettingsLingua_21-36-43 - [verifyingSideMenuCollapsedLangAsInSettingsLingua_21-36-43] Trying to find element: By.xpath: //ytd-topbar-menu-button-renderer[@class='style-scope ytd-masthead style-default']
21:40:24 [TestNG-test-Yt Master Tests-2] INFO  verifyingSideMenuCollapsedLangAsInSettingsLingua_21-36-43 - [verifyingSideMenuCollapsedLangAsInSettingsLingua_21-36-43] Element found and ready (attempt 1): By.xpath: //ytd-topbar-menu-button-renderer[@class='style-scope ytd-masthead style-default']
21:40:24 [TestNG-test-Yt Master Tests-2] INFO  verifyingSideMenuCollapsedLangAsInSettingsLingua_21-36-43 - getLangAttribute() - locating <html> and reading lang property
21:40:24 [TestNG-test-Yt Master Tests-2] INFO  verifyingSideMenuCollapsedLangAsInSettingsLingua_21-36-43 - Language attribute read: uk-UA
21:40:24 [TestNG-test-Yt Master Tests-2] INFO  verifyingSideMenuCollapsedLangAsInSettingsLingua_21-36-43 - Fetching the side menu in collapsed view
21:40:24 [TestNG-test-Yt Master Tests-2] INFO  verifyingSideMenuCollapsedLangAsInSettingsLingua_21-36-43 - [verifyingSideMenuCollapsedLangAsInSettingsLingua_21-36-43] Finding elements list: By.xpath: //ytd-mini-guide-renderer[@class='style-scope ytd-app']//ytd-mini-guide-entry-renderer
21:40:24 [TestNG-test-Yt Master Tests-2] INFO  verifyingSideMenuCollapsedLangAsInSettingsLingua_21-36-43 - [verifyingSideMenuCollapsedLangAsInSettingsLingua_21-36-43] Found 4 ready elements (attempt 1): By.xpath: //ytd-mini-guide-renderer[@class='style-scope ytd-app']//ytd-mini-guide-entry-renderer
21:40:24 [TestNG-test-Yt Master Tests-2] INFO  verifyingSideMenuCollapsedLangAsInSettingsLingua_21-36-43 - 
========== LANGUAGE DETECTION ==========
Detected Language : UKRAINIAN
Input Text        : Головна YouTube Shorts Підписки Ви
========================================
21:40:24 [TestNG-test-Yt Master Tests-2] INFO  verifyingSideMenuCollapsedLangAsInSettingsLingua_21-36-43 - text sent to lingua is       Головна YouTube Shorts Підписки Ви
21:40:24 [TestNG-test-Yt Master Tests-2] INFO  verifyingSideMenuCollapsedLangAsInSettingsLingua_21-36-43 - getLangAttribute() - locating <html> and reading lang property
21:40:24 [TestNG-test-Yt Master Tests-2] INFO  verifyingSideMenuCollapsedLangAsInSettingsLingua_21-36-43 - Language attribute read: uk-UA
21:40:24 [TestNG-test-Yt Master Tests-2] INFO  verifyingSideMenuCollapsedLangAsInSettingsLingua_21-36-43 - Clicking settings ellipses button...
21:40:24 [TestNG-test-Yt Master Tests-2] INFO  verifyingSideMenuCollapsedLangAsInSettingsLingua_21-36-43 - [verifyingSideMenuCollapsedLangAsInSettingsLingua_21-36-43] Trying to find element: By.xpath: //ytd-topbar-menu-button-renderer[@class='style-scope ytd-masthead style-default']
21:40:24 [TestNG-test-Yt Master Tests-2] INFO  verifyingSideMenuCollapsedLangAsInSettingsLingua_21-36-43 - [verifyingSideMenuCollapsedLangAsInSettingsLingua_21-36-43] Element found and ready (attempt 1): By.xpath: //ytd-topbar-menu-button-renderer[@class='style-scope ytd-masthead style-default']
21:40:24 [TestNG-test-Yt Master Tests-2] INFO  verifyingSideMenuCollapsedLangAsInSettingsLingua_21-36-43 - Clicking language dropdown...
21:40:24 [TestNG-test-Yt Master Tests-2] INFO  verifyingSideMenuCollapsedLangAsInSettingsLingua_21-36-43 - [verifyingSideMenuCollapsedLangAsInSettingsLingua_21-36-43] Trying to find element: By.xpath: (//div[@id='content-icon'])[2]
21:40:25 [TestNG-test-Yt Master Tests-2] INFO  verifyingSideMenuCollapsedLangAsInSettingsLingua_21-36-43 - [verifyingSideMenuCollapsedLangAsInSettingsLingua_21-36-43] Element found and ready (attempt 1): By.xpath: (//div[@id='content-icon'])[2]
21:40:26 [TestNG-test-Yt Master Tests-2] INFO  verifyingSideMenuCollapsedLangAsInSettingsLingua_21-36-43 - Looking for language element with name: Ελληνικά
21:40:26 [TestNG-test-Yt Master Tests-2] INFO  verifyingSideMenuCollapsedLangAsInSettingsLingua_21-36-43 - [verifyingSideMenuCollapsedLangAsInSettingsLingua_21-36-43] Trying to find element: By.xpath: //yt-multi-page-menu-section-renderer[@class='style-scope ytd-multi-page-menu-renderer']//yt-formatted-string[@id='label' and text()='Ελληνικά']
21:40:26 [TestNG-test-Yt Master Tests-2] INFO  verifyingSideMenuCollapsedLangAsInSettingsLingua_21-36-43 - [verifyingSideMenuCollapsedLangAsInSettingsLingua_21-36-43] Element found and ready (attempt 1): By.xpath: //yt-multi-page-menu-section-renderer[@class='style-scope ytd-multi-page-menu-renderer']//yt-formatted-string[@id='label' and text()='Ελληνικά']
21:40:26 [TestNG-test-Yt Master Tests-2] INFO  verifyingSideMenuCollapsedLangAsInSettingsLingua_21-36-43 - [verifyingSideMenuCollapsedLangAsInSettingsLingua_21-36-43] Trying to find element: By.xpath: //yt-multi-page-menu-section-renderer[@class='style-scope ytd-multi-page-menu-renderer']//yt-formatted-string[@id='label' and text()='Ελληνικά']
21:40:26 [TestNG-test-Yt Master Tests-2] INFO  verifyingSideMenuCollapsedLangAsInSettingsLingua_21-36-43 - [verifyingSideMenuCollapsedLangAsInSettingsLingua_21-36-43] Element found and ready (attempt 1): By.xpath: //yt-multi-page-menu-section-renderer[@class='style-scope ytd-multi-page-menu-renderer']//yt-formatted-string[@id='label' and text()='Ελληνικά']
21:40:28 [TestNG-test-Yt Master Tests-2] INFO  verifyingSideMenuCollapsedLangAsInSettingsLingua_21-36-43 - Clicking settings ellipses button...
21:40:28 [TestNG-test-Yt Master Tests-2] INFO  verifyingSideMenuCollapsedLangAsInSettingsLingua_21-36-43 - [verifyingSideMenuCollapsedLangAsInSettingsLingua_21-36-43] Trying to find element: By.xpath: //ytd-topbar-menu-button-renderer[@class='style-scope ytd-masthead style-default']
21:40:28 [TestNG-test-Yt Master Tests-2] INFO  verifyingSideMenuCollapsedLangAsInSettingsLingua_21-36-43 - [verifyingSideMenuCollapsedLangAsInSettingsLingua_21-36-43] Element found and ready (attempt 1): By.xpath: //ytd-topbar-menu-button-renderer[@class='style-scope ytd-masthead style-default']
21:40:28 [TestNG-test-Yt Master Tests-2] INFO  verifyingSideMenuCollapsedLangAsInSettingsLingua_21-36-43 - [verifyingSideMenuCollapsedLangAsInSettingsLingua_21-36-43] Waiting until element is visible in viewport
21:40:29 [TestNG-test-Yt Master Tests-2] INFO  verifyingSideMenuCollapsedLangAsInSettingsLingua_21-36-43 - Clicking settings ellipses button...
21:40:29 [TestNG-test-Yt Master Tests-2] INFO  verifyingSideMenuCollapsedLangAsInSettingsLingua_21-36-43 - [verifyingSideMenuCollapsedLangAsInSettingsLingua_21-36-43] Trying to find element: By.xpath: //ytd-topbar-menu-button-renderer[@class='style-scope ytd-masthead style-default']
21:40:29 [TestNG-test-Yt Master Tests-2] INFO  verifyingSideMenuCollapsedLangAsInSettingsLingua_21-36-43 - [verifyingSideMenuCollapsedLangAsInSettingsLingua_21-36-43] Element found and ready (attempt 1): By.xpath: //ytd-topbar-menu-button-renderer[@class='style-scope ytd-masthead style-default']
21:40:29 [TestNG-test-Yt Master Tests-2] INFO  verifyingSideMenuCollapsedLangAsInSettingsLingua_21-36-43 - getLangAttribute() - locating <html> and reading lang property
21:40:29 [TestNG-test-Yt Master Tests-2] INFO  verifyingSideMenuCollapsedLangAsInSettingsLingua_21-36-43 - Language attribute read: el-GR
21:40:29 [TestNG-test-Yt Master Tests-2] INFO  verifyingSideMenuCollapsedLangAsInSettingsLingua_21-36-43 - Fetching the side menu in collapsed view
21:40:29 [TestNG-test-Yt Master Tests-2] INFO  verifyingSideMenuCollapsedLangAsInSettingsLingua_21-36-43 - [verifyingSideMenuCollapsedLangAsInSettingsLingua_21-36-43] Finding elements list: By.xpath: //ytd-mini-guide-renderer[@class='style-scope ytd-app']//ytd-mini-guide-entry-renderer
21:40:29 [TestNG-test-Yt Master Tests-2] INFO  verifyingSideMenuCollapsedLangAsInSettingsLingua_21-36-43 - [verifyingSideMenuCollapsedLangAsInSettingsLingua_21-36-43] Found 4 ready elements (attempt 1): By.xpath: //ytd-mini-guide-renderer[@class='style-scope ytd-app']//ytd-mini-guide-entry-renderer
21:40:29 [TestNG-test-Yt Master Tests-2] INFO  verifyingSideMenuCollapsedLangAsInSettingsLingua_21-36-43 - 
========== LANGUAGE DETECTION ==========
Detected Language : GREEK
Input Text        : Αρχική Shorts Εγγραφές Εσείς
========================================
21:40:29 [TestNG-test-Yt Master Tests-2] INFO  verifyingSideMenuCollapsedLangAsInSettingsLingua_21-36-43 - text sent to lingua is       Αρχική Shorts Εγγραφές Εσείς
21:40:29 [TestNG-test-Yt Master Tests-2] INFO  verifyingSideMenuCollapsedLangAsInSettingsLingua_21-36-43 - getLangAttribute() - locating <html> and reading lang property
21:40:29 [TestNG-test-Yt Master Tests-2] INFO  verifyingSideMenuCollapsedLangAsInSettingsLingua_21-36-43 - Language attribute read: el-GR
21:40:29 [TestNG-test-Yt Master Tests-2] INFO  verifyingSideMenuCollapsedLangAsInSettingsLingua_21-36-43 - Clicking settings ellipses button...
21:40:29 [TestNG-test-Yt Master Tests-2] INFO  verifyingSideMenuCollapsedLangAsInSettingsLingua_21-36-43 - [verifyingSideMenuCollapsedLangAsInSettingsLingua_21-36-43] Trying to find element: By.xpath: //ytd-topbar-menu-button-renderer[@class='style-scope ytd-masthead style-default']
21:40:30 [TestNG-test-Yt Master Tests-2] INFO  verifyingSideMenuCollapsedLangAsInSettingsLingua_21-36-43 - [verifyingSideMenuCollapsedLangAsInSettingsLingua_21-36-43] Element found and ready (attempt 1): By.xpath: //ytd-topbar-menu-button-renderer[@class='style-scope ytd-masthead style-default']
21:40:30 [TestNG-test-Yt Master Tests-2] INFO  verifyingSideMenuCollapsedLangAsInSettingsLingua_21-36-43 - Clicking language dropdown...
21:40:30 [TestNG-test-Yt Master Tests-2] INFO  verifyingSideMenuCollapsedLangAsInSettingsLingua_21-36-43 - [verifyingSideMenuCollapsedLangAsInSettingsLingua_21-36-43] Trying to find element: By.xpath: (//div[@id='content-icon'])[2]
21:40:30 [TestNG-test-Yt Master Tests-2] INFO  verifyingSideMenuCollapsedLangAsInSettingsLingua_21-36-43 - [verifyingSideMenuCollapsedLangAsInSettingsLingua_21-36-43] Element found and ready (attempt 1): By.xpath: (//div[@id='content-icon'])[2]
21:40:31 [TestNG-test-Yt Master Tests-2] INFO  verifyingSideMenuCollapsedLangAsInSettingsLingua_21-36-43 - Looking for language element with name: Հայերեն
21:40:31 [TestNG-test-Yt Master Tests-2] INFO  verifyingSideMenuCollapsedLangAsInSettingsLingua_21-36-43 - [verifyingSideMenuCollapsedLangAsInSettingsLingua_21-36-43] Trying to find element: By.xpath: //yt-multi-page-menu-section-renderer[@class='style-scope ytd-multi-page-menu-renderer']//yt-formatted-string[@id='label' and text()='Հայերեն']
21:40:31 [TestNG-test-Yt Master Tests-2] INFO  verifyingSideMenuCollapsedLangAsInSettingsLingua_21-36-43 - [verifyingSideMenuCollapsedLangAsInSettingsLingua_21-36-43] Element found and ready (attempt 1): By.xpath: //yt-multi-page-menu-section-renderer[@class='style-scope ytd-multi-page-menu-renderer']//yt-formatted-string[@id='label' and text()='Հայերեն']
21:40:31 [TestNG-test-Yt Master Tests-2] INFO  verifyingSideMenuCollapsedLangAsInSettingsLingua_21-36-43 - [verifyingSideMenuCollapsedLangAsInSettingsLingua_21-36-43] Trying to find element: By.xpath: //yt-multi-page-menu-section-renderer[@class='style-scope ytd-multi-page-menu-renderer']//yt-formatted-string[@id='label' and text()='Հայերեն']
21:40:31 [TestNG-test-Yt Master Tests-2] INFO  verifyingSideMenuCollapsedLangAsInSettingsLingua_21-36-43 - [verifyingSideMenuCollapsedLangAsInSettingsLingua_21-36-43] Element found and ready (attempt 1): By.xpath: //yt-multi-page-menu-section-renderer[@class='style-scope ytd-multi-page-menu-renderer']//yt-formatted-string[@id='label' and text()='Հայերեն']
21:40:33 [TestNG-test-Yt Master Tests-2] INFO  verifyingSideMenuCollapsedLangAsInSettingsLingua_21-36-43 - Clicking settings ellipses button...
21:40:34 [TestNG-test-Yt Master Tests-2] INFO  verifyingSideMenuCollapsedLangAsInSettingsLingua_21-36-43 - [verifyingSideMenuCollapsedLangAsInSettingsLingua_21-36-43] Trying to find element: By.xpath: //ytd-topbar-menu-button-renderer[@class='style-scope ytd-masthead style-default']
21:40:34 [TestNG-test-Yt Master Tests-2] INFO  verifyingSideMenuCollapsedLangAsInSettingsLingua_21-36-43 - [verifyingSideMenuCollapsedLangAsInSettingsLingua_21-36-43] Element found and ready (attempt 1): By.xpath: //ytd-topbar-menu-button-renderer[@class='style-scope ytd-masthead style-default']
21:40:34 [TestNG-test-Yt Master Tests-2] INFO  verifyingSideMenuCollapsedLangAsInSettingsLingua_21-36-43 - [verifyingSideMenuCollapsedLangAsInSettingsLingua_21-36-43] Waiting until element is visible in viewport
21:40:35 [TestNG-test-Yt Master Tests-2] INFO  verifyingSideMenuCollapsedLangAsInSettingsLingua_21-36-43 - Clicking settings ellipses button...
21:40:35 [TestNG-test-Yt Master Tests-2] INFO  verifyingSideMenuCollapsedLangAsInSettingsLingua_21-36-43 - [verifyingSideMenuCollapsedLangAsInSettingsLingua_21-36-43] Trying to find element: By.xpath: //ytd-topbar-menu-button-renderer[@class='style-scope ytd-masthead style-default']
21:40:35 [TestNG-test-Yt Master Tests-2] INFO  verifyingSideMenuCollapsedLangAsInSettingsLingua_21-36-43 - [verifyingSideMenuCollapsedLangAsInSettingsLingua_21-36-43] Element found and ready (attempt 1): By.xpath: //ytd-topbar-menu-button-renderer[@class='style-scope ytd-masthead style-default']
21:40:35 [TestNG-test-Yt Master Tests-2] INFO  verifyingSideMenuCollapsedLangAsInSettingsLingua_21-36-43 - getLangAttribute() - locating <html> and reading lang property
21:40:35 [TestNG-test-Yt Master Tests-2] INFO  verifyingSideMenuCollapsedLangAsInSettingsLingua_21-36-43 - Language attribute read: hy-AM
21:40:35 [TestNG-test-Yt Master Tests-2] INFO  verifyingSideMenuCollapsedLangAsInSettingsLingua_21-36-43 - Fetching the side menu in collapsed view
21:40:35 [TestNG-test-Yt Master Tests-2] INFO  verifyingSideMenuCollapsedLangAsInSettingsLingua_21-36-43 - [verifyingSideMenuCollapsedLangAsInSettingsLingua_21-36-43] Finding elements list: By.xpath: //ytd-mini-guide-renderer[@class='style-scope ytd-app']//ytd-mini-guide-entry-renderer
21:40:35 [TestNG-test-Yt Master Tests-2] INFO  verifyingSideMenuCollapsedLangAsInSettingsLingua_21-36-43 - [verifyingSideMenuCollapsedLangAsInSettingsLingua_21-36-43] Found 4 ready elements (attempt 1): By.xpath: //ytd-mini-guide-renderer[@class='style-scope ytd-app']//ytd-mini-guide-entry-renderer
21:40:35 [TestNG-test-Yt Master Tests-2] INFO  verifyingSideMenuCollapsedLangAsInSettingsLingua_21-36-43 - 
========== LANGUAGE DETECTION ==========
Detected Language : ARMENIAN
Input Text        : Սկիզբ Shorts Հետևում եմ Դուք
========================================
21:40:35 [TestNG-test-Yt Master Tests-2] INFO  verifyingSideMenuCollapsedLangAsInSettingsLingua_21-36-43 - text sent to lingua is       Սկիզբ Shorts Հետևում եմ Դուք
21:40:35 [TestNG-test-Yt Master Tests-2] INFO  verifyingSideMenuCollapsedLangAsInSettingsLingua_21-36-43 - getLangAttribute() - locating <html> and reading lang property
21:40:35 [TestNG-test-Yt Master Tests-2] INFO  verifyingSideMenuCollapsedLangAsInSettingsLingua_21-36-43 - Language attribute read: hy-AM
21:40:35 [TestNG-test-Yt Master Tests-2] INFO  verifyingSideMenuCollapsedLangAsInSettingsLingua_21-36-43 - Clicking settings ellipses button...
21:40:35 [TestNG-test-Yt Master Tests-2] INFO  verifyingSideMenuCollapsedLangAsInSettingsLingua_21-36-43 - [verifyingSideMenuCollapsedLangAsInSettingsLingua_21-36-43] Trying to find element: By.xpath: //ytd-topbar-menu-button-renderer[@class='style-scope ytd-masthead style-default']
21:40:35 [TestNG-test-Yt Master Tests-2] INFO  verifyingSideMenuCollapsedLangAsInSettingsLingua_21-36-43 - [verifyingSideMenuCollapsedLangAsInSettingsLingua_21-36-43] Element found and ready (attempt 1): By.xpath: //ytd-topbar-menu-button-renderer[@class='style-scope ytd-masthead style-default']
21:40:35 [TestNG-test-Yt Master Tests-2] INFO  verifyingSideMenuCollapsedLangAsInSettingsLingua_21-36-43 - Clicking language dropdown...
21:40:35 [TestNG-test-Yt Master Tests-2] INFO  verifyingSideMenuCollapsedLangAsInSettingsLingua_21-36-43 - [verifyingSideMenuCollapsedLangAsInSettingsLingua_21-36-43] Trying to find element: By.xpath: (//div[@id='content-icon'])[2]
21:40:36 [TestNG-test-Yt Master Tests-2] INFO  verifyingSideMenuCollapsedLangAsInSettingsLingua_21-36-43 - [verifyingSideMenuCollapsedLangAsInSettingsLingua_21-36-43] Element found and ready (attempt 1): By.xpath: (//div[@id='content-icon'])[2]
21:40:36 [TestNG-test-Yt Master Tests-2] INFO  verifyingSideMenuCollapsedLangAsInSettingsLingua_21-36-43 - Looking for language element with name: עברית
21:40:36 [TestNG-test-Yt Master Tests-2] INFO  verifyingSideMenuCollapsedLangAsInSettingsLingua_21-36-43 - [verifyingSideMenuCollapsedLangAsInSettingsLingua_21-36-43] Trying to find element: By.xpath: //yt-multi-page-menu-section-renderer[@class='style-scope ytd-multi-page-menu-renderer']//yt-formatted-string[@id='label' and text()='עברית']
21:40:37 [TestNG-test-Yt Master Tests-2] INFO  verifyingSideMenuCollapsedLangAsInSettingsLingua_21-36-43 - [verifyingSideMenuCollapsedLangAsInSettingsLingua_21-36-43] Element found and ready (attempt 1): By.xpath: //yt-multi-page-menu-section-renderer[@class='style-scope ytd-multi-page-menu-renderer']//yt-formatted-string[@id='label' and text()='עברית']
21:40:37 [TestNG-test-Yt Master Tests-2] INFO  verifyingSideMenuCollapsedLangAsInSettingsLingua_21-36-43 - [verifyingSideMenuCollapsedLangAsInSettingsLingua_21-36-43] Trying to find element: By.xpath: //yt-multi-page-menu-section-renderer[@class='style-scope ytd-multi-page-menu-renderer']//yt-formatted-string[@id='label' and text()='עברית']
21:40:37 [TestNG-test-Yt Master Tests-2] INFO  verifyingSideMenuCollapsedLangAsInSettingsLingua_21-36-43 - [verifyingSideMenuCollapsedLangAsInSettingsLingua_21-36-43] Element found and ready (attempt 1): By.xpath: //yt-multi-page-menu-section-renderer[@class='style-scope ytd-multi-page-menu-renderer']//yt-formatted-string[@id='label' and text()='עברית']
21:40:38 [TestNG-test-Yt Master Tests-2] INFO  verifyingSideMenuCollapsedLangAsInSettingsLingua_21-36-43 - Clicking settings ellipses button...
21:40:39 [TestNG-test-Yt Master Tests-2] INFO  verifyingSideMenuCollapsedLangAsInSettingsLingua_21-36-43 - [verifyingSideMenuCollapsedLangAsInSettingsLingua_21-36-43] Trying to find element: By.xpath: //ytd-topbar-menu-button-renderer[@class='style-scope ytd-masthead style-default']
21:40:39 [TestNG-test-Yt Master Tests-2] INFO  verifyingSideMenuCollapsedLangAsInSettingsLingua_21-36-43 - [verifyingSideMenuCollapsedLangAsInSettingsLingua_21-36-43] Element found and ready (attempt 1): By.xpath: //ytd-topbar-menu-button-renderer[@class='style-scope ytd-masthead style-default']
21:40:40 [TestNG-test-Yt Master Tests-2] INFO  verifyingSideMenuCollapsedLangAsInSettingsLingua_21-36-43 - [verifyingSideMenuCollapsedLangAsInSettingsLingua_21-36-43] Waiting until element is visible in viewport
21:40:41 [TestNG-test-Yt Master Tests-2] INFO  verifyingSideMenuCollapsedLangAsInSettingsLingua_21-36-43 - Clicking settings ellipses button...
21:40:41 [TestNG-test-Yt Master Tests-2] INFO  verifyingSideMenuCollapsedLangAsInSettingsLingua_21-36-43 - [verifyingSideMenuCollapsedLangAsInSettingsLingua_21-36-43] Trying to find element: By.xpath: //ytd-topbar-menu-button-renderer[@class='style-scope ytd-masthead style-default']
21:40:41 [TestNG-test-Yt Master Tests-2] INFO  verifyingSideMenuCollapsedLangAsInSettingsLingua_21-36-43 - [verifyingSideMenuCollapsedLangAsInSettingsLingua_21-36-43] Element found and ready (attempt 1): By.xpath: //ytd-topbar-menu-button-renderer[@class='style-scope ytd-masthead style-default']
21:40:41 [TestNG-test-Yt Master Tests-2] INFO  verifyingSideMenuCollapsedLangAsInSettingsLingua_21-36-43 - getLangAttribute() - locating <html> and reading lang property
21:40:41 [TestNG-test-Yt Master Tests-2] INFO  verifyingSideMenuCollapsedLangAsInSettingsLingua_21-36-43 - Language attribute read: he-IL
21:40:41 [TestNG-test-Yt Master Tests-2] INFO  verifyingSideMenuCollapsedLangAsInSettingsLingua_21-36-43 - Fetching the side menu in collapsed view
21:40:41 [TestNG-test-Yt Master Tests-2] INFO  verifyingSideMenuCollapsedLangAsInSettingsLingua_21-36-43 - [verifyingSideMenuCollapsedLangAsInSettingsLingua_21-36-43] Finding elements list: By.xpath: //ytd-mini-guide-renderer[@class='style-scope ytd-app']//ytd-mini-guide-entry-renderer
21:40:41 [TestNG-test-Yt Master Tests-2] INFO  verifyingSideMenuCollapsedLangAsInSettingsLingua_21-36-43 - [verifyingSideMenuCollapsedLangAsInSettingsLingua_21-36-43] Found 4 ready elements (attempt 1): By.xpath: //ytd-mini-guide-renderer[@class='style-scope ytd-app']//ytd-mini-guide-entry-renderer
21:40:41 [TestNG-test-Yt Master Tests-2] INFO  verifyingSideMenuCollapsedLangAsInSettingsLingua_21-36-43 - 
========== LANGUAGE DETECTION ==========
Detected Language : HEBREW
Input Text        : דף הבית Shorts מינויים הדף שלי
========================================
21:40:41 [TestNG-test-Yt Master Tests-2] INFO  verifyingSideMenuCollapsedLangAsInSettingsLingua_21-36-43 - text sent to lingua is       דף הבית Shorts מינויים הדף שלי
21:40:41 [TestNG-test-Yt Master Tests-2] INFO  verifyingSideMenuCollapsedLangAsInSettingsLingua_21-36-43 - getLangAttribute() - locating <html> and reading lang property
21:40:41 [TestNG-test-Yt Master Tests-2] INFO  verifyingSideMenuCollapsedLangAsInSettingsLingua_21-36-43 - Language attribute read: he-IL
21:40:41 [TestNG-test-Yt Master Tests-2] INFO  verifyingSideMenuCollapsedLangAsInSettingsLingua_21-36-43 - Clicking settings ellipses button...
21:40:41 [TestNG-test-Yt Master Tests-2] INFO  verifyingSideMenuCollapsedLangAsInSettingsLingua_21-36-43 - [verifyingSideMenuCollapsedLangAsInSettingsLingua_21-36-43] Trying to find element: By.xpath: //ytd-topbar-menu-button-renderer[@class='style-scope ytd-masthead style-default']
21:40:41 [TestNG-test-Yt Master Tests-2] INFO  verifyingSideMenuCollapsedLangAsInSettingsLingua_21-36-43 - [verifyingSideMenuCollapsedLangAsInSettingsLingua_21-36-43] Element found and ready (attempt 1): By.xpath: //ytd-topbar-menu-button-renderer[@class='style-scope ytd-masthead style-default']
21:40:41 [TestNG-test-Yt Master Tests-2] INFO  verifyingSideMenuCollapsedLangAsInSettingsLingua_21-36-43 - Clicking language dropdown...
21:40:41 [TestNG-test-Yt Master Tests-2] INFO  verifyingSideMenuCollapsedLangAsInSettingsLingua_21-36-43 - [verifyingSideMenuCollapsedLangAsInSettingsLingua_21-36-43] Trying to find element: By.xpath: (//div[@id='content-icon'])[2]
21:40:42 [TestNG-test-Yt Master Tests-2] INFO  verifyingSideMenuCollapsedLangAsInSettingsLingua_21-36-43 - [verifyingSideMenuCollapsedLangAsInSettingsLingua_21-36-43] Element found and ready (attempt 1): By.xpath: (//div[@id='content-icon'])[2]
21:40:43 [TestNG-test-Yt Master Tests-2] INFO  verifyingSideMenuCollapsedLangAsInSettingsLingua_21-36-43 - Looking for language element with name: العربية
21:40:43 [TestNG-test-Yt Master Tests-2] INFO  verifyingSideMenuCollapsedLangAsInSettingsLingua_21-36-43 - [verifyingSideMenuCollapsedLangAsInSettingsLingua_21-36-43] Trying to find element: By.xpath: //yt-multi-page-menu-section-renderer[@class='style-scope ytd-multi-page-menu-renderer']//yt-formatted-string[@id='label' and text()='العربية']
21:40:43 [TestNG-test-Yt Master Tests-2] INFO  verifyingSideMenuCollapsedLangAsInSettingsLingua_21-36-43 - [verifyingSideMenuCollapsedLangAsInSettingsLingua_21-36-43] Element found and ready (attempt 1): By.xpath: //yt-multi-page-menu-section-renderer[@class='style-scope ytd-multi-page-menu-renderer']//yt-formatted-string[@id='label' and text()='العربية']
21:40:43 [TestNG-test-Yt Master Tests-2] INFO  verifyingSideMenuCollapsedLangAsInSettingsLingua_21-36-43 - [verifyingSideMenuCollapsedLangAsInSettingsLingua_21-36-43] Trying to find element: By.xpath: //yt-multi-page-menu-section-renderer[@class='style-scope ytd-multi-page-menu-renderer']//yt-formatted-string[@id='label' and text()='العربية']
21:40:43 [TestNG-test-Yt Master Tests-2] INFO  verifyingSideMenuCollapsedLangAsInSettingsLingua_21-36-43 - [verifyingSideMenuCollapsedLangAsInSettingsLingua_21-36-43] Element found and ready (attempt 1): By.xpath: //yt-multi-page-menu-section-renderer[@class='style-scope ytd-multi-page-menu-renderer']//yt-formatted-string[@id='label' and text()='العربية']
21:40:44 [TestNG-test-Yt Master Tests-2] INFO  verifyingSideMenuCollapsedLangAsInSettingsLingua_21-36-43 - Clicking settings ellipses button...
21:40:45 [TestNG-test-Yt Master Tests-2] INFO  verifyingSideMenuCollapsedLangAsInSettingsLingua_21-36-43 - [verifyingSideMenuCollapsedLangAsInSettingsLingua_21-36-43] Trying to find element: By.xpath: //ytd-topbar-menu-button-renderer[@class='style-scope ytd-masthead style-default']
21:40:45 [TestNG-test-Yt Master Tests-2] INFO  verifyingSideMenuCollapsedLangAsInSettingsLingua_21-36-43 - [verifyingSideMenuCollapsedLangAsInSettingsLingua_21-36-43] Element found and ready (attempt 1): By.xpath: //ytd-topbar-menu-button-renderer[@class='style-scope ytd-masthead style-default']
21:40:45 [TestNG-test-Yt Master Tests-2] INFO  verifyingSideMenuCollapsedLangAsInSettingsLingua_21-36-43 - [verifyingSideMenuCollapsedLangAsInSettingsLingua_21-36-43] Waiting until element is visible in viewport
21:40:46 [TestNG-test-Yt Master Tests-2] INFO  verifyingSideMenuCollapsedLangAsInSettingsLingua_21-36-43 - Clicking settings ellipses button...
21:40:46 [TestNG-test-Yt Master Tests-2] INFO  verifyingSideMenuCollapsedLangAsInSettingsLingua_21-36-43 - [verifyingSideMenuCollapsedLangAsInSettingsLingua_21-36-43] Trying to find element: By.xpath: //ytd-topbar-menu-button-renderer[@class='style-scope ytd-masthead style-default']
21:40:46 [TestNG-test-Yt Master Tests-2] INFO  verifyingSideMenuCollapsedLangAsInSettingsLingua_21-36-43 - [verifyingSideMenuCollapsedLangAsInSettingsLingua_21-36-43] Element found and ready (attempt 1): By.xpath: //ytd-topbar-menu-button-renderer[@class='style-scope ytd-masthead style-default']
21:40:46 [TestNG-test-Yt Master Tests-2] INFO  verifyingSideMenuCollapsedLangAsInSettingsLingua_21-36-43 - getLangAttribute() - locating <html> and reading lang property
21:40:46 [TestNG-test-Yt Master Tests-2] INFO  verifyingSideMenuCollapsedLangAsInSettingsLingua_21-36-43 - Language attribute read: ar
21:40:46 [TestNG-test-Yt Master Tests-2] INFO  verifyingSideMenuCollapsedLangAsInSettingsLingua_21-36-43 - Fetching the side menu in collapsed view
21:40:46 [TestNG-test-Yt Master Tests-2] INFO  verifyingSideMenuCollapsedLangAsInSettingsLingua_21-36-43 - [verifyingSideMenuCollapsedLangAsInSettingsLingua_21-36-43] Finding elements list: By.xpath: //ytd-mini-guide-renderer[@class='style-scope ytd-app']//ytd-mini-guide-entry-renderer
21:40:46 [TestNG-test-Yt Master Tests-2] INFO  verifyingSideMenuCollapsedLangAsInSettingsLingua_21-36-43 - [verifyingSideMenuCollapsedLangAsInSettingsLingua_21-36-43] Found 4 ready elements (attempt 1): By.xpath: //ytd-mini-guide-renderer[@class='style-scope ytd-app']//ytd-mini-guide-entry-renderer
21:40:47 [TestNG-test-Yt Master Tests-2] INFO  verifyingSideMenuCollapsedLangAsInSettingsLingua_21-36-43 - 
========== LANGUAGE DETECTION ==========
Detected Language : ARABIC
Input Text        : الصفحة الرئيسية Shorts الاشتراكات أنت
========================================
21:40:47 [TestNG-test-Yt Master Tests-2] INFO  verifyingSideMenuCollapsedLangAsInSettingsLingua_21-36-43 - text sent to lingua is       الصفحة الرئيسية Shorts الاشتراكات أنت
21:40:47 [TestNG-test-Yt Master Tests-2] INFO  verifyingSideMenuCollapsedLangAsInSettingsLingua_21-36-43 - getLangAttribute() - locating <html> and reading lang property
21:40:47 [TestNG-test-Yt Master Tests-2] INFO  verifyingSideMenuCollapsedLangAsInSettingsLingua_21-36-43 - Language attribute read: ar
21:40:47 [TestNG-test-Yt Master Tests-2] INFO  verifyingSideMenuCollapsedLangAsInSettingsLingua_21-36-43 - Clicking settings ellipses button...
21:40:47 [TestNG-test-Yt Master Tests-2] INFO  verifyingSideMenuCollapsedLangAsInSettingsLingua_21-36-43 - [verifyingSideMenuCollapsedLangAsInSettingsLingua_21-36-43] Trying to find element: By.xpath: //ytd-topbar-menu-button-renderer[@class='style-scope ytd-masthead style-default']
21:40:47 [TestNG-test-Yt Master Tests-2] INFO  verifyingSideMenuCollapsedLangAsInSettingsLingua_21-36-43 - [verifyingSideMenuCollapsedLangAsInSettingsLingua_21-36-43] Element found and ready (attempt 1): By.xpath: //ytd-topbar-menu-button-renderer[@class='style-scope ytd-masthead style-default']
21:40:47 [TestNG-test-Yt Master Tests-2] INFO  verifyingSideMenuCollapsedLangAsInSettingsLingua_21-36-43 - Clicking language dropdown...
21:40:47 [TestNG-test-Yt Master Tests-2] INFO  verifyingSideMenuCollapsedLangAsInSettingsLingua_21-36-43 - [verifyingSideMenuCollapsedLangAsInSettingsLingua_21-36-43] Trying to find element: By.xpath: (//div[@id='content-icon'])[2]
21:40:48 [TestNG-test-Yt Master Tests-2] INFO  verifyingSideMenuCollapsedLangAsInSettingsLingua_21-36-43 - [verifyingSideMenuCollapsedLangAsInSettingsLingua_21-36-43] Element found and ready (attempt 1): By.xpath: (//div[@id='content-icon'])[2]
21:40:49 [TestNG-test-Yt Master Tests-2] INFO  verifyingSideMenuCollapsedLangAsInSettingsLingua_21-36-43 - Looking for language element with name: فارسی
21:40:49 [TestNG-test-Yt Master Tests-2] INFO  verifyingSideMenuCollapsedLangAsInSettingsLingua_21-36-43 - [verifyingSideMenuCollapsedLangAsInSettingsLingua_21-36-43] Trying to find element: By.xpath: //yt-multi-page-menu-section-renderer[@class='style-scope ytd-multi-page-menu-renderer']//yt-formatted-string[@id='label' and text()='فارسی']
21:40:49 [TestNG-test-Yt Master Tests-2] INFO  verifyingSideMenuCollapsedLangAsInSettingsLingua_21-36-43 - [verifyingSideMenuCollapsedLangAsInSettingsLingua_21-36-43] Element found and ready (attempt 1): By.xpath: //yt-multi-page-menu-section-renderer[@class='style-scope ytd-multi-page-menu-renderer']//yt-formatted-string[@id='label' and text()='فارسی']
21:40:49 [TestNG-test-Yt Master Tests-2] INFO  verifyingSideMenuCollapsedLangAsInSettingsLingua_21-36-43 - [verifyingSideMenuCollapsedLangAsInSettingsLingua_21-36-43] Trying to find element: By.xpath: //yt-multi-page-menu-section-renderer[@class='style-scope ytd-multi-page-menu-renderer']//yt-formatted-string[@id='label' and text()='فارسی']
21:40:49 [TestNG-test-Yt Master Tests-2] INFO  verifyingSideMenuCollapsedLangAsInSettingsLingua_21-36-43 - [verifyingSideMenuCollapsedLangAsInSettingsLingua_21-36-43] Element found and ready (attempt 1): By.xpath: //yt-multi-page-menu-section-renderer[@class='style-scope ytd-multi-page-menu-renderer']//yt-formatted-string[@id='label' and text()='فارسی']
21:40:51 [TestNG-test-Yt Master Tests-2] INFO  verifyingSideMenuCollapsedLangAsInSettingsLingua_21-36-43 - Clicking settings ellipses button...
21:40:51 [TestNG-test-Yt Master Tests-2] INFO  verifyingSideMenuCollapsedLangAsInSettingsLingua_21-36-43 - [verifyingSideMenuCollapsedLangAsInSettingsLingua_21-36-43] Trying to find element: By.xpath: //ytd-topbar-menu-button-renderer[@class='style-scope ytd-masthead style-default']
21:40:51 [TestNG-test-Yt Master Tests-2] INFO  verifyingSideMenuCollapsedLangAsInSettingsLingua_21-36-43 - [verifyingSideMenuCollapsedLangAsInSettingsLingua_21-36-43] Element found and ready (attempt 1): By.xpath: //ytd-topbar-menu-button-renderer[@class='style-scope ytd-masthead style-default']
21:40:51 [TestNG-test-Yt Master Tests-2] INFO  verifyingSideMenuCollapsedLangAsInSettingsLingua_21-36-43 - [verifyingSideMenuCollapsedLangAsInSettingsLingua_21-36-43] Waiting until element is visible in viewport
21:40:52 [TestNG-test-Yt Master Tests-2] INFO  verifyingSideMenuCollapsedLangAsInSettingsLingua_21-36-43 - Clicking settings ellipses button...
21:40:52 [TestNG-test-Yt Master Tests-2] INFO  verifyingSideMenuCollapsedLangAsInSettingsLingua_21-36-43 - [verifyingSideMenuCollapsedLangAsInSettingsLingua_21-36-43] Trying to find element: By.xpath: //ytd-topbar-menu-button-renderer[@class='style-scope ytd-masthead style-default']
21:40:52 [TestNG-test-Yt Master Tests-2] INFO  verifyingSideMenuCollapsedLangAsInSettingsLingua_21-36-43 - [verifyingSideMenuCollapsedLangAsInSettingsLingua_21-36-43] Element found and ready (attempt 1): By.xpath: //ytd-topbar-menu-button-renderer[@class='style-scope ytd-masthead style-default']
21:40:52 [TestNG-test-Yt Master Tests-2] INFO  verifyingSideMenuCollapsedLangAsInSettingsLingua_21-36-43 - getLangAttribute() - locating <html> and reading lang property
21:40:52 [TestNG-test-Yt Master Tests-2] INFO  verifyingSideMenuCollapsedLangAsInSettingsLingua_21-36-43 - Language attribute read: fa-IR
21:40:52 [TestNG-test-Yt Master Tests-2] INFO  verifyingSideMenuCollapsedLangAsInSettingsLingua_21-36-43 - Fetching the side menu in collapsed view
21:40:52 [TestNG-test-Yt Master Tests-2] INFO  verifyingSideMenuCollapsedLangAsInSettingsLingua_21-36-43 - [verifyingSideMenuCollapsedLangAsInSettingsLingua_21-36-43] Finding elements list: By.xpath: //ytd-mini-guide-renderer[@class='style-scope ytd-app']//ytd-mini-guide-entry-renderer
21:40:53 [TestNG-test-Yt Master Tests-2] INFO  verifyingSideMenuCollapsedLangAsInSettingsLingua_21-36-43 - [verifyingSideMenuCollapsedLangAsInSettingsLingua_21-36-43] Found 4 ready elements (attempt 1): By.xpath: //ytd-mini-guide-renderer[@class='style-scope ytd-app']//ytd-mini-guide-entry-renderer
21:40:53 [TestNG-test-Yt Master Tests-2] INFO  verifyingSideMenuCollapsedLangAsInSettingsLingua_21-36-43 - 
========== LANGUAGE DETECTION ==========
Detected Language : PERSIAN
Input Text        : صفحه اصلی کوته‌ویدیوهای YouTube اشتراک‌ها شما
========================================
21:40:53 [TestNG-test-Yt Master Tests-2] INFO  verifyingSideMenuCollapsedLangAsInSettingsLingua_21-36-43 - text sent to lingua is       صفحه اصلی کوته‌ویدیوهای YouTube اشتراک‌ها شما
21:40:53 [TestNG-test-Yt Master Tests-2] INFO  verifyingSideMenuCollapsedLangAsInSettingsLingua_21-36-43 - getLangAttribute() - locating <html> and reading lang property
21:40:53 [TestNG-test-Yt Master Tests-2] INFO  verifyingSideMenuCollapsedLangAsInSettingsLingua_21-36-43 - Language attribute read: fa-IR
21:40:53 [TestNG-test-Yt Master Tests-2] INFO  verifyingSideMenuCollapsedLangAsInSettingsLingua_21-36-43 - Clicking settings ellipses button...
21:40:53 [TestNG-test-Yt Master Tests-2] INFO  verifyingSideMenuCollapsedLangAsInSettingsLingua_21-36-43 - [verifyingSideMenuCollapsedLangAsInSettingsLingua_21-36-43] Trying to find element: By.xpath: //ytd-topbar-menu-button-renderer[@class='style-scope ytd-masthead style-default']
21:40:53 [TestNG-test-Yt Master Tests-2] INFO  verifyingSideMenuCollapsedLangAsInSettingsLingua_21-36-43 - [verifyingSideMenuCollapsedLangAsInSettingsLingua_21-36-43] Element found and ready (attempt 1): By.xpath: //ytd-topbar-menu-button-renderer[@class='style-scope ytd-masthead style-default']
21:40:53 [TestNG-test-Yt Master Tests-2] INFO  verifyingSideMenuCollapsedLangAsInSettingsLingua_21-36-43 - Clicking language dropdown...
21:40:53 [TestNG-test-Yt Master Tests-2] INFO  verifyingSideMenuCollapsedLangAsInSettingsLingua_21-36-43 - [verifyingSideMenuCollapsedLangAsInSettingsLingua_21-36-43] Trying to find element: By.xpath: (//div[@id='content-icon'])[2]
21:40:54 [TestNG-test-Yt Master Tests-2] INFO  verifyingSideMenuCollapsedLangAsInSettingsLingua_21-36-43 - [verifyingSideMenuCollapsedLangAsInSettingsLingua_21-36-43] Element found and ready (attempt 1): By.xpath: (//div[@id='content-icon'])[2]
21:40:54 [TestNG-test-Yt Master Tests-2] INFO  verifyingSideMenuCollapsedLangAsInSettingsLingua_21-36-43 - Looking for language element with name: हिन्दी
21:40:54 [TestNG-test-Yt Master Tests-2] INFO  verifyingSideMenuCollapsedLangAsInSettingsLingua_21-36-43 - [verifyingSideMenuCollapsedLangAsInSettingsLingua_21-36-43] Trying to find element: By.xpath: //yt-multi-page-menu-section-renderer[@class='style-scope ytd-multi-page-menu-renderer']//yt-formatted-string[@id='label' and text()='हिन्दी']
21:40:54 [TestNG-test-Yt Master Tests-2] INFO  verifyingSideMenuCollapsedLangAsInSettingsLingua_21-36-43 - [verifyingSideMenuCollapsedLangAsInSettingsLingua_21-36-43] Element found and ready (attempt 1): By.xpath: //yt-multi-page-menu-section-renderer[@class='style-scope ytd-multi-page-menu-renderer']//yt-formatted-string[@id='label' and text()='हिन्दी']
21:40:54 [TestNG-test-Yt Master Tests-2] INFO  verifyingSideMenuCollapsedLangAsInSettingsLingua_21-36-43 - [verifyingSideMenuCollapsedLangAsInSettingsLingua_21-36-43] Trying to find element: By.xpath: //yt-multi-page-menu-section-renderer[@class='style-scope ytd-multi-page-menu-renderer']//yt-formatted-string[@id='label' and text()='हिन्दी']
21:40:54 [TestNG-test-Yt Master Tests-2] INFO  verifyingSideMenuCollapsedLangAsInSettingsLingua_21-36-43 - [verifyingSideMenuCollapsedLangAsInSettingsLingua_21-36-43] Element found and ready (attempt 1): By.xpath: //yt-multi-page-menu-section-renderer[@class='style-scope ytd-multi-page-menu-renderer']//yt-formatted-string[@id='label' and text()='हिन्दी']
21:40:56 [TestNG-test-Yt Master Tests-2] INFO  verifyingSideMenuCollapsedLangAsInSettingsLingua_21-36-43 - Clicking settings ellipses button...
21:40:56 [TestNG-test-Yt Master Tests-2] INFO  verifyingSideMenuCollapsedLangAsInSettingsLingua_21-36-43 - [verifyingSideMenuCollapsedLangAsInSettingsLingua_21-36-43] Trying to find element: By.xpath: //ytd-topbar-menu-button-renderer[@class='style-scope ytd-masthead style-default']
21:40:56 [TestNG-test-Yt Master Tests-2] INFO  verifyingSideMenuCollapsedLangAsInSettingsLingua_21-36-43 - [verifyingSideMenuCollapsedLangAsInSettingsLingua_21-36-43] Element found and ready (attempt 1): By.xpath: //ytd-topbar-menu-button-renderer[@class='style-scope ytd-masthead style-default']
21:40:56 [TestNG-test-Yt Master Tests-2] INFO  verifyingSideMenuCollapsedLangAsInSettingsLingua_21-36-43 - [verifyingSideMenuCollapsedLangAsInSettingsLingua_21-36-43] Waiting until element is visible in viewport
21:40:57 [TestNG-test-Yt Master Tests-2] INFO  verifyingSideMenuCollapsedLangAsInSettingsLingua_21-36-43 - Clicking settings ellipses button...
21:40:57 [TestNG-test-Yt Master Tests-2] INFO  verifyingSideMenuCollapsedLangAsInSettingsLingua_21-36-43 - [verifyingSideMenuCollapsedLangAsInSettingsLingua_21-36-43] Trying to find element: By.xpath: //ytd-topbar-menu-button-renderer[@class='style-scope ytd-masthead style-default']
21:40:57 [TestNG-test-Yt Master Tests-2] INFO  verifyingSideMenuCollapsedLangAsInSettingsLingua_21-36-43 - [verifyingSideMenuCollapsedLangAsInSettingsLingua_21-36-43] Element found and ready (attempt 1): By.xpath: //ytd-topbar-menu-button-renderer[@class='style-scope ytd-masthead style-default']
21:40:57 [TestNG-test-Yt Master Tests-2] INFO  verifyingSideMenuCollapsedLangAsInSettingsLingua_21-36-43 - getLangAttribute() - locating <html> and reading lang property
21:40:57 [TestNG-test-Yt Master Tests-2] INFO  verifyingSideMenuCollapsedLangAsInSettingsLingua_21-36-43 - Language attribute read: hi-IN
21:40:57 [TestNG-test-Yt Master Tests-2] INFO  verifyingSideMenuCollapsedLangAsInSettingsLingua_21-36-43 - Fetching the side menu in collapsed view
21:40:57 [TestNG-test-Yt Master Tests-2] INFO  verifyingSideMenuCollapsedLangAsInSettingsLingua_21-36-43 - [verifyingSideMenuCollapsedLangAsInSettingsLingua_21-36-43] Finding elements list: By.xpath: //ytd-mini-guide-renderer[@class='style-scope ytd-app']//ytd-mini-guide-entry-renderer
21:40:57 [TestNG-test-Yt Master Tests-2] INFO  verifyingSideMenuCollapsedLangAsInSettingsLingua_21-36-43 - [verifyingSideMenuCollapsedLangAsInSettingsLingua_21-36-43] Found 4 ready elements (attempt 1): By.xpath: //ytd-mini-guide-renderer[@class='style-scope ytd-app']//ytd-mini-guide-entry-renderer
21:40:58 [TestNG-test-Yt Master Tests-2] INFO  verifyingSideMenuCollapsedLangAsInSettingsLingua_21-36-43 - 
========== LANGUAGE DETECTION ==========
Detected Language : HINDI
Input Text        : होम पेज Shorts सदस्यता आप
========================================
21:40:58 [TestNG-test-Yt Master Tests-2] INFO  verifyingSideMenuCollapsedLangAsInSettingsLingua_21-36-43 - text sent to lingua is       होम पेज Shorts सदस्यता आप
21:40:58 [TestNG-test-Yt Master Tests-2] INFO  verifyingSideMenuCollapsedLangAsInSettingsLingua_21-36-43 - getLangAttribute() - locating <html> and reading lang property
21:40:58 [TestNG-test-Yt Master Tests-2] INFO  verifyingSideMenuCollapsedLangAsInSettingsLingua_21-36-43 - Language attribute read: hi-IN
21:40:58 [TestNG-test-Yt Master Tests-2] INFO  verifyingSideMenuCollapsedLangAsInSettingsLingua_21-36-43 - Clicking settings ellipses button...
21:40:58 [TestNG-test-Yt Master Tests-2] INFO  verifyingSideMenuCollapsedLangAsInSettingsLingua_21-36-43 - [verifyingSideMenuCollapsedLangAsInSettingsLingua_21-36-43] Trying to find element: By.xpath: //ytd-topbar-menu-button-renderer[@class='style-scope ytd-masthead style-default']
21:40:58 [TestNG-test-Yt Master Tests-2] INFO  verifyingSideMenuCollapsedLangAsInSettingsLingua_21-36-43 - [verifyingSideMenuCollapsedLangAsInSettingsLingua_21-36-43] Element found and ready (attempt 1): By.xpath: //ytd-topbar-menu-button-renderer[@class='style-scope ytd-masthead style-default']
21:40:58 [TestNG-test-Yt Master Tests-2] INFO  verifyingSideMenuCollapsedLangAsInSettingsLingua_21-36-43 - Clicking language dropdown...
21:40:58 [TestNG-test-Yt Master Tests-2] INFO  verifyingSideMenuCollapsedLangAsInSettingsLingua_21-36-43 - [verifyingSideMenuCollapsedLangAsInSettingsLingua_21-36-43] Trying to find element: By.xpath: (//div[@id='content-icon'])[2]
21:40:58 [TestNG-test-Yt Master Tests-2] INFO  verifyingSideMenuCollapsedLangAsInSettingsLingua_21-36-43 - [verifyingSideMenuCollapsedLangAsInSettingsLingua_21-36-43] Element found and ready (attempt 1): By.xpath: (//div[@id='content-icon'])[2]
21:40:59 [TestNG-test-Yt Master Tests-2] INFO  verifyingSideMenuCollapsedLangAsInSettingsLingua_21-36-43 - Looking for language element with name: বাংলা
21:40:59 [TestNG-test-Yt Master Tests-2] INFO  verifyingSideMenuCollapsedLangAsInSettingsLingua_21-36-43 - [verifyingSideMenuCollapsedLangAsInSettingsLingua_21-36-43] Trying to find element: By.xpath: //yt-multi-page-menu-section-renderer[@class='style-scope ytd-multi-page-menu-renderer']//yt-formatted-string[@id='label' and text()='বাংলা']
21:40:59 [TestNG-test-Yt Master Tests-2] INFO  verifyingSideMenuCollapsedLangAsInSettingsLingua_21-36-43 - [verifyingSideMenuCollapsedLangAsInSettingsLingua_21-36-43] Element found and ready (attempt 1): By.xpath: //yt-multi-page-menu-section-renderer[@class='style-scope ytd-multi-page-menu-renderer']//yt-formatted-string[@id='label' and text()='বাংলা']
21:40:59 [TestNG-test-Yt Master Tests-2] INFO  verifyingSideMenuCollapsedLangAsInSettingsLingua_21-36-43 - [verifyingSideMenuCollapsedLangAsInSettingsLingua_21-36-43] Trying to find element: By.xpath: //yt-multi-page-menu-section-renderer[@class='style-scope ytd-multi-page-menu-renderer']//yt-formatted-string[@id='label' and text()='বাংলা']
21:40:59 [TestNG-test-Yt Master Tests-2] INFO  verifyingSideMenuCollapsedLangAsInSettingsLingua_21-36-43 - [verifyingSideMenuCollapsedLangAsInSettingsLingua_21-36-43] Element found and ready (attempt 1): By.xpath: //yt-multi-page-menu-section-renderer[@class='style-scope ytd-multi-page-menu-renderer']//yt-formatted-string[@id='label' and text()='বাংলা']
21:41:01 [TestNG-test-Yt Master Tests-2] INFO  verifyingSideMenuCollapsedLangAsInSettingsLingua_21-36-43 - Clicking settings ellipses button...
21:41:01 [TestNG-test-Yt Master Tests-2] INFO  verifyingSideMenuCollapsedLangAsInSettingsLingua_21-36-43 - [verifyingSideMenuCollapsedLangAsInSettingsLingua_21-36-43] Trying to find element: By.xpath: //ytd-topbar-menu-button-renderer[@class='style-scope ytd-masthead style-default']
21:41:02 [TestNG-test-Yt Master Tests-2] INFO  verifyingSideMenuCollapsedLangAsInSettingsLingua_21-36-43 - [verifyingSideMenuCollapsedLangAsInSettingsLingua_21-36-43] Element found and ready (attempt 1): By.xpath: //ytd-topbar-menu-button-renderer[@class='style-scope ytd-masthead style-default']
21:41:03 [TestNG-test-Yt Master Tests-2] INFO  verifyingSideMenuCollapsedLangAsInSettingsLingua_21-36-43 - [verifyingSideMenuCollapsedLangAsInSettingsLingua_21-36-43] Waiting until element is visible in viewport
21:41:03 [TestNG-test-Yt Master Tests-2] INFO  verifyingSideMenuCollapsedLangAsInSettingsLingua_21-36-43 - Clicking settings ellipses button...
21:41:03 [TestNG-test-Yt Master Tests-2] INFO  verifyingSideMenuCollapsedLangAsInSettingsLingua_21-36-43 - [verifyingSideMenuCollapsedLangAsInSettingsLingua_21-36-43] Trying to find element: By.xpath: //ytd-topbar-menu-button-renderer[@class='style-scope ytd-masthead style-default']
21:41:03 [TestNG-test-Yt Master Tests-2] INFO  verifyingSideMenuCollapsedLangAsInSettingsLingua_21-36-43 - [verifyingSideMenuCollapsedLangAsInSettingsLingua_21-36-43] Element found and ready (attempt 1): By.xpath: //ytd-topbar-menu-button-renderer[@class='style-scope ytd-masthead style-default']
21:41:03 [TestNG-test-Yt Master Tests-2] INFO  verifyingSideMenuCollapsedLangAsInSettingsLingua_21-36-43 - getLangAttribute() - locating <html> and reading lang property
21:41:03 [TestNG-test-Yt Master Tests-2] INFO  verifyingSideMenuCollapsedLangAsInSettingsLingua_21-36-43 - Language attribute read: bn-BD
21:41:03 [TestNG-test-Yt Master Tests-2] INFO  verifyingSideMenuCollapsedLangAsInSettingsLingua_21-36-43 - Fetching the side menu in collapsed view
21:41:03 [TestNG-test-Yt Master Tests-2] INFO  verifyingSideMenuCollapsedLangAsInSettingsLingua_21-36-43 - [verifyingSideMenuCollapsedLangAsInSettingsLingua_21-36-43] Finding elements list: By.xpath: //ytd-mini-guide-renderer[@class='style-scope ytd-app']//ytd-mini-guide-entry-renderer
21:41:03 [TestNG-test-Yt Master Tests-2] INFO  verifyingSideMenuCollapsedLangAsInSettingsLingua_21-36-43 - [verifyingSideMenuCollapsedLangAsInSettingsLingua_21-36-43] Found 4 ready elements (attempt 1): By.xpath: //ytd-mini-guide-renderer[@class='style-scope ytd-app']//ytd-mini-guide-entry-renderer
21:41:03 [TestNG-test-Yt Master Tests-2] INFO  verifyingSideMenuCollapsedLangAsInSettingsLingua_21-36-43 - 
========== LANGUAGE DETECTION ==========
Detected Language : BENGALI
Input Text        : হোম Shorts সাবস্ক্রিপশন আপনি
========================================
21:41:03 [TestNG-test-Yt Master Tests-2] INFO  verifyingSideMenuCollapsedLangAsInSettingsLingua_21-36-43 - text sent to lingua is       হোম Shorts সাবস্ক্রিপশন আপনি
21:41:03 [TestNG-test-Yt Master Tests-2] INFO  verifyingSideMenuCollapsedLangAsInSettingsLingua_21-36-43 - getLangAttribute() - locating <html> and reading lang property
21:41:03 [TestNG-test-Yt Master Tests-2] INFO  verifyingSideMenuCollapsedLangAsInSettingsLingua_21-36-43 - Language attribute read: bn-BD
21:41:03 [TestNG-test-Yt Master Tests-2] INFO  verifyingSideMenuCollapsedLangAsInSettingsLingua_21-36-43 - Clicking settings ellipses button...
21:41:03 [TestNG-test-Yt Master Tests-2] INFO  verifyingSideMenuCollapsedLangAsInSettingsLingua_21-36-43 - [verifyingSideMenuCollapsedLangAsInSettingsLingua_21-36-43] Trying to find element: By.xpath: //ytd-topbar-menu-button-renderer[@class='style-scope ytd-masthead style-default']
21:41:04 [TestNG-test-Yt Master Tests-2] INFO  verifyingSideMenuCollapsedLangAsInSettingsLingua_21-36-43 - [verifyingSideMenuCollapsedLangAsInSettingsLingua_21-36-43] Element found and ready (attempt 1): By.xpath: //ytd-topbar-menu-button-renderer[@class='style-scope ytd-masthead style-default']
21:41:04 [TestNG-test-Yt Master Tests-2] INFO  verifyingSideMenuCollapsedLangAsInSettingsLingua_21-36-43 - Clicking language dropdown...
21:41:04 [TestNG-test-Yt Master Tests-2] INFO  verifyingSideMenuCollapsedLangAsInSettingsLingua_21-36-43 - [verifyingSideMenuCollapsedLangAsInSettingsLingua_21-36-43] Trying to find element: By.xpath: (//div[@id='content-icon'])[2]
21:41:04 [TestNG-test-Yt Master Tests-2] INFO  verifyingSideMenuCollapsedLangAsInSettingsLingua_21-36-43 - [verifyingSideMenuCollapsedLangAsInSettingsLingua_21-36-43] Element found and ready (attempt 1): By.xpath: (//div[@id='content-icon'])[2]
21:41:05 [TestNG-test-Yt Master Tests-2] INFO  verifyingSideMenuCollapsedLangAsInSettingsLingua_21-36-43 - Looking for language element with name: ਪੰਜਾਬੀ
21:41:05 [TestNG-test-Yt Master Tests-2] INFO  verifyingSideMenuCollapsedLangAsInSettingsLingua_21-36-43 - [verifyingSideMenuCollapsedLangAsInSettingsLingua_21-36-43] Trying to find element: By.xpath: //yt-multi-page-menu-section-renderer[@class='style-scope ytd-multi-page-menu-renderer']//yt-formatted-string[@id='label' and text()='ਪੰਜਾਬੀ']
21:41:05 [TestNG-test-Yt Master Tests-2] INFO  verifyingSideMenuCollapsedLangAsInSettingsLingua_21-36-43 - [verifyingSideMenuCollapsedLangAsInSettingsLingua_21-36-43] Element found and ready (attempt 1): By.xpath: //yt-multi-page-menu-section-renderer[@class='style-scope ytd-multi-page-menu-renderer']//yt-formatted-string[@id='label' and text()='ਪੰਜਾਬੀ']
21:41:05 [TestNG-test-Yt Master Tests-2] INFO  verifyingSideMenuCollapsedLangAsInSettingsLingua_21-36-43 - [verifyingSideMenuCollapsedLangAsInSettingsLingua_21-36-43] Trying to find element: By.xpath: //yt-multi-page-menu-section-renderer[@class='style-scope ytd-multi-page-menu-renderer']//yt-formatted-string[@id='label' and text()='ਪੰਜਾਬੀ']
21:41:05 [TestNG-test-Yt Master Tests-2] INFO  verifyingSideMenuCollapsedLangAsInSettingsLingua_21-36-43 - [verifyingSideMenuCollapsedLangAsInSettingsLingua_21-36-43] Element found and ready (attempt 1): By.xpath: //yt-multi-page-menu-section-renderer[@class='style-scope ytd-multi-page-menu-renderer']//yt-formatted-string[@id='label' and text()='ਪੰਜਾਬੀ']
21:41:06 [TestNG-test-Yt Master Tests-2] INFO  verifyingSideMenuCollapsedLangAsInSettingsLingua_21-36-43 - Clicking settings ellipses button...
21:41:06 [TestNG-test-Yt Master Tests-2] INFO  verifyingSideMenuCollapsedLangAsInSettingsLingua_21-36-43 - [verifyingSideMenuCollapsedLangAsInSettingsLingua_21-36-43] Trying to find element: By.xpath: //ytd-topbar-menu-button-renderer[@class='style-scope ytd-masthead style-default']
21:41:06 [TestNG-test-Yt Master Tests-2] INFO  verifyingSideMenuCollapsedLangAsInSettingsLingua_21-36-43 - [verifyingSideMenuCollapsedLangAsInSettingsLingua_21-36-43] Element found and ready (attempt 1): By.xpath: //ytd-topbar-menu-button-renderer[@class='style-scope ytd-masthead style-default']
21:41:07 [TestNG-test-Yt Master Tests-2] INFO  verifyingSideMenuCollapsedLangAsInSettingsLingua_21-36-43 - [verifyingSideMenuCollapsedLangAsInSettingsLingua_21-36-43] Waiting until element is visible in viewport
21:41:07 [TestNG-test-Yt Master Tests-2] INFO  verifyingSideMenuCollapsedLangAsInSettingsLingua_21-36-43 - Clicking settings ellipses button...
21:41:07 [TestNG-test-Yt Master Tests-2] INFO  verifyingSideMenuCollapsedLangAsInSettingsLingua_21-36-43 - [verifyingSideMenuCollapsedLangAsInSettingsLingua_21-36-43] Trying to find element: By.xpath: //ytd-topbar-menu-button-renderer[@class='style-scope ytd-masthead style-default']
21:41:07 [TestNG-test-Yt Master Tests-2] INFO  verifyingSideMenuCollapsedLangAsInSettingsLingua_21-36-43 - [verifyingSideMenuCollapsedLangAsInSettingsLingua_21-36-43] Element found and ready (attempt 1): By.xpath: //ytd-topbar-menu-button-renderer[@class='style-scope ytd-masthead style-default']
21:41:07 [TestNG-test-Yt Master Tests-2] INFO  verifyingSideMenuCollapsedLangAsInSettingsLingua_21-36-43 - getLangAttribute() - locating <html> and reading lang property
21:41:07 [TestNG-test-Yt Master Tests-2] INFO  verifyingSideMenuCollapsedLangAsInSettingsLingua_21-36-43 - Language attribute read: pa-Guru-IN
21:41:07 [TestNG-test-Yt Master Tests-2] INFO  verifyingSideMenuCollapsedLangAsInSettingsLingua_21-36-43 - Fetching the side menu in collapsed view
21:41:07 [TestNG-test-Yt Master Tests-2] INFO  verifyingSideMenuCollapsedLangAsInSettingsLingua_21-36-43 - [verifyingSideMenuCollapsedLangAsInSettingsLingua_21-36-43] Finding elements list: By.xpath: //ytd-mini-guide-renderer[@class='style-scope ytd-app']//ytd-mini-guide-entry-renderer
21:41:08 [TestNG-test-Yt Master Tests-2] INFO  verifyingSideMenuCollapsedLangAsInSettingsLingua_21-36-43 - [verifyingSideMenuCollapsedLangAsInSettingsLingua_21-36-43] Found 4 ready elements (attempt 1): By.xpath: //ytd-mini-guide-renderer[@class='style-scope ytd-app']//ytd-mini-guide-entry-renderer
21:41:08 [TestNG-test-Yt Master Tests-2] INFO  verifyingSideMenuCollapsedLangAsInSettingsLingua_21-36-43 - 
========== LANGUAGE DETECTION ==========
Detected Language : PUNJABI
Input Text        : ਹੋਮ Shorts ਸਬਸਕ੍ਰਿਪਸ਼ਨਾਂ ਤੁਸੀਂ
========================================
21:41:08 [TestNG-test-Yt Master Tests-2] INFO  verifyingSideMenuCollapsedLangAsInSettingsLingua_21-36-43 - text sent to lingua is       ਹੋਮ Shorts ਸਬਸਕ੍ਰਿਪਸ਼ਨਾਂ ਤੁਸੀਂ
21:41:08 [TestNG-test-Yt Master Tests-2] INFO  verifyingSideMenuCollapsedLangAsInSettingsLingua_21-36-43 - getLangAttribute() - locating <html> and reading lang property
21:41:08 [TestNG-test-Yt Master Tests-2] INFO  verifyingSideMenuCollapsedLangAsInSettingsLingua_21-36-43 - Language attribute read: pa-Guru-IN
21:41:08 [TestNG-test-Yt Master Tests-2] INFO  verifyingSideMenuCollapsedLangAsInSettingsLingua_21-36-43 - Clicking settings ellipses button...
21:41:08 [TestNG-test-Yt Master Tests-2] INFO  verifyingSideMenuCollapsedLangAsInSettingsLingua_21-36-43 - [verifyingSideMenuCollapsedLangAsInSettingsLingua_21-36-43] Trying to find element: By.xpath: //ytd-topbar-menu-button-renderer[@class='style-scope ytd-masthead style-default']
21:41:08 [TestNG-test-Yt Master Tests-2] INFO  verifyingSideMenuCollapsedLangAsInSettingsLingua_21-36-43 - [verifyingSideMenuCollapsedLangAsInSettingsLingua_21-36-43] Element found and ready (attempt 1): By.xpath: //ytd-topbar-menu-button-renderer[@class='style-scope ytd-masthead style-default']
21:41:08 [TestNG-test-Yt Master Tests-2] INFO  verifyingSideMenuCollapsedLangAsInSettingsLingua_21-36-43 - Clicking language dropdown...
21:41:08 [TestNG-test-Yt Master Tests-2] INFO  verifyingSideMenuCollapsedLangAsInSettingsLingua_21-36-43 - [verifyingSideMenuCollapsedLangAsInSettingsLingua_21-36-43] Trying to find element: By.xpath: (//div[@id='content-icon'])[2]
21:41:09 [TestNG-test-Yt Master Tests-2] INFO  verifyingSideMenuCollapsedLangAsInSettingsLingua_21-36-43 - [verifyingSideMenuCollapsedLangAsInSettingsLingua_21-36-43] Element found and ready (attempt 1): By.xpath: (//div[@id='content-icon'])[2]
21:41:09 [TestNG-test-Yt Master Tests-2] INFO  verifyingSideMenuCollapsedLangAsInSettingsLingua_21-36-43 - Looking for language element with name: ગુજરાતી
21:41:09 [TestNG-test-Yt Master Tests-2] INFO  verifyingSideMenuCollapsedLangAsInSettingsLingua_21-36-43 - [verifyingSideMenuCollapsedLangAsInSettingsLingua_21-36-43] Trying to find element: By.xpath: //yt-multi-page-menu-section-renderer[@class='style-scope ytd-multi-page-menu-renderer']//yt-formatted-string[@id='label' and text()='ગુજરાતી']
21:41:10 [TestNG-test-Yt Master Tests-2] INFO  verifyingSideMenuCollapsedLangAsInSettingsLingua_21-36-43 - [verifyingSideMenuCollapsedLangAsInSettingsLingua_21-36-43] Element found and ready (attempt 1): By.xpath: //yt-multi-page-menu-section-renderer[@class='style-scope ytd-multi-page-menu-renderer']//yt-formatted-string[@id='label' and text()='ગુજરાતી']
21:41:10 [TestNG-test-Yt Master Tests-2] INFO  verifyingSideMenuCollapsedLangAsInSettingsLingua_21-36-43 - [verifyingSideMenuCollapsedLangAsInSettingsLingua_21-36-43] Trying to find element: By.xpath: //yt-multi-page-menu-section-renderer[@class='style-scope ytd-multi-page-menu-renderer']//yt-formatted-string[@id='label' and text()='ગુજરાતી']
21:41:10 [TestNG-test-Yt Master Tests-2] INFO  verifyingSideMenuCollapsedLangAsInSettingsLingua_21-36-43 - [verifyingSideMenuCollapsedLangAsInSettingsLingua_21-36-43] Element found and ready (attempt 1): By.xpath: //yt-multi-page-menu-section-renderer[@class='style-scope ytd-multi-page-menu-renderer']//yt-formatted-string[@id='label' and text()='ગુજરાતી']
21:41:12 [TestNG-test-Yt Master Tests-2] INFO  verifyingSideMenuCollapsedLangAsInSettingsLingua_21-36-43 - Clicking settings ellipses button...
21:41:12 [TestNG-test-Yt Master Tests-2] INFO  verifyingSideMenuCollapsedLangAsInSettingsLingua_21-36-43 - [verifyingSideMenuCollapsedLangAsInSettingsLingua_21-36-43] Trying to find element: By.xpath: //ytd-topbar-menu-button-renderer[@class='style-scope ytd-masthead style-default']
21:41:12 [TestNG-test-Yt Master Tests-2] INFO  verifyingSideMenuCollapsedLangAsInSettingsLingua_21-36-43 - [verifyingSideMenuCollapsedLangAsInSettingsLingua_21-36-43] Element found and ready (attempt 1): By.xpath: //ytd-topbar-menu-button-renderer[@class='style-scope ytd-masthead style-default']
21:41:12 [TestNG-test-Yt Master Tests-2] INFO  verifyingSideMenuCollapsedLangAsInSettingsLingua_21-36-43 - [verifyingSideMenuCollapsedLangAsInSettingsLingua_21-36-43] Waiting until element is visible in viewport
21:41:13 [TestNG-test-Yt Master Tests-2] INFO  verifyingSideMenuCollapsedLangAsInSettingsLingua_21-36-43 - Clicking settings ellipses button...
21:41:13 [TestNG-test-Yt Master Tests-2] INFO  verifyingSideMenuCollapsedLangAsInSettingsLingua_21-36-43 - [verifyingSideMenuCollapsedLangAsInSettingsLingua_21-36-43] Trying to find element: By.xpath: //ytd-topbar-menu-button-renderer[@class='style-scope ytd-masthead style-default']
21:41:13 [TestNG-test-Yt Master Tests-2] INFO  verifyingSideMenuCollapsedLangAsInSettingsLingua_21-36-43 - [verifyingSideMenuCollapsedLangAsInSettingsLingua_21-36-43] Element found and ready (attempt 1): By.xpath: //ytd-topbar-menu-button-renderer[@class='style-scope ytd-masthead style-default']
21:41:13 [TestNG-test-Yt Master Tests-2] INFO  verifyingSideMenuCollapsedLangAsInSettingsLingua_21-36-43 - getLangAttribute() - locating <html> and reading lang property
21:41:13 [TestNG-test-Yt Master Tests-2] INFO  verifyingSideMenuCollapsedLangAsInSettingsLingua_21-36-43 - Language attribute read: gu-IN
21:41:13 [TestNG-test-Yt Master Tests-2] INFO  verifyingSideMenuCollapsedLangAsInSettingsLingua_21-36-43 - Fetching the side menu in collapsed view
21:41:13 [TestNG-test-Yt Master Tests-2] INFO  verifyingSideMenuCollapsedLangAsInSettingsLingua_21-36-43 - [verifyingSideMenuCollapsedLangAsInSettingsLingua_21-36-43] Finding elements list: By.xpath: //ytd-mini-guide-renderer[@class='style-scope ytd-app']//ytd-mini-guide-entry-renderer
21:41:14 [TestNG-test-Yt Master Tests-2] INFO  verifyingSideMenuCollapsedLangAsInSettingsLingua_21-36-43 - [verifyingSideMenuCollapsedLangAsInSettingsLingua_21-36-43] Found 4 ready elements (attempt 1): By.xpath: //ytd-mini-guide-renderer[@class='style-scope ytd-app']//ytd-mini-guide-entry-renderer
21:41:14 [TestNG-test-Yt Master Tests-2] INFO  verifyingSideMenuCollapsedLangAsInSettingsLingua_21-36-43 - 
========== LANGUAGE DETECTION ==========
Detected Language : GUJARATI
Input Text        : હોમ Shorts સબ્સ્ક્રિપ્શન તમે
========================================
21:41:14 [TestNG-test-Yt Master Tests-2] INFO  verifyingSideMenuCollapsedLangAsInSettingsLingua_21-36-43 - text sent to lingua is       હોમ Shorts સબ્સ્ક્રિપ્શન તમે
21:41:14 [TestNG-test-Yt Master Tests-2] INFO  verifyingSideMenuCollapsedLangAsInSettingsLingua_21-36-43 - getLangAttribute() - locating <html> and reading lang property
21:41:14 [TestNG-test-Yt Master Tests-2] INFO  verifyingSideMenuCollapsedLangAsInSettingsLingua_21-36-43 - Language attribute read: gu-IN
21:41:14 [TestNG-test-Yt Master Tests-2] INFO  verifyingSideMenuCollapsedLangAsInSettingsLingua_21-36-43 - Clicking settings ellipses button...
21:41:14 [TestNG-test-Yt Master Tests-2] INFO  verifyingSideMenuCollapsedLangAsInSettingsLingua_21-36-43 - [verifyingSideMenuCollapsedLangAsInSettingsLingua_21-36-43] Trying to find element: By.xpath: //ytd-topbar-menu-button-renderer[@class='style-scope ytd-masthead style-default']
21:41:14 [TestNG-test-Yt Master Tests-2] INFO  verifyingSideMenuCollapsedLangAsInSettingsLingua_21-36-43 - [verifyingSideMenuCollapsedLangAsInSettingsLingua_21-36-43] Element found and ready (attempt 1): By.xpath: //ytd-topbar-menu-button-renderer[@class='style-scope ytd-masthead style-default']
21:41:14 [TestNG-test-Yt Master Tests-2] INFO  verifyingSideMenuCollapsedLangAsInSettingsLingua_21-36-43 - Clicking language dropdown...
21:41:14 [TestNG-test-Yt Master Tests-2] INFO  verifyingSideMenuCollapsedLangAsInSettingsLingua_21-36-43 - [verifyingSideMenuCollapsedLangAsInSettingsLingua_21-36-43] Trying to find element: By.xpath: (//div[@id='content-icon'])[2]
21:41:14 [TestNG-test-Yt Master Tests-2] INFO  verifyingSideMenuCollapsedLangAsInSettingsLingua_21-36-43 - [verifyingSideMenuCollapsedLangAsInSettingsLingua_21-36-43] Element found and ready (attempt 1): By.xpath: (//div[@id='content-icon'])[2]
21:41:15 [TestNG-test-Yt Master Tests-2] INFO  verifyingSideMenuCollapsedLangAsInSettingsLingua_21-36-43 - Looking for language element with name: தமிழ்
21:41:15 [TestNG-test-Yt Master Tests-2] INFO  verifyingSideMenuCollapsedLangAsInSettingsLingua_21-36-43 - [verifyingSideMenuCollapsedLangAsInSettingsLingua_21-36-43] Trying to find element: By.xpath: //yt-multi-page-menu-section-renderer[@class='style-scope ytd-multi-page-menu-renderer']//yt-formatted-string[@id='label' and text()='தமிழ்']
21:41:15 [TestNG-test-Yt Master Tests-2] INFO  verifyingSideMenuCollapsedLangAsInSettingsLingua_21-36-43 - [verifyingSideMenuCollapsedLangAsInSettingsLingua_21-36-43] Element found and ready (attempt 1): By.xpath: //yt-multi-page-menu-section-renderer[@class='style-scope ytd-multi-page-menu-renderer']//yt-formatted-string[@id='label' and text()='தமிழ்']
21:41:15 [TestNG-test-Yt Master Tests-2] INFO  verifyingSideMenuCollapsedLangAsInSettingsLingua_21-36-43 - [verifyingSideMenuCollapsedLangAsInSettingsLingua_21-36-43] Trying to find element: By.xpath: //yt-multi-page-menu-section-renderer[@class='style-scope ytd-multi-page-menu-renderer']//yt-formatted-string[@id='label' and text()='தமிழ்']
21:41:15 [TestNG-test-Yt Master Tests-2] INFO  verifyingSideMenuCollapsedLangAsInSettingsLingua_21-36-43 - [verifyingSideMenuCollapsedLangAsInSettingsLingua_21-36-43] Element found and ready (attempt 1): By.xpath: //yt-multi-page-menu-section-renderer[@class='style-scope ytd-multi-page-menu-renderer']//yt-formatted-string[@id='label' and text()='தமிழ்']
21:41:17 [TestNG-test-Yt Master Tests-2] INFO  verifyingSideMenuCollapsedLangAsInSettingsLingua_21-36-43 - Clicking settings ellipses button...
21:41:17 [TestNG-test-Yt Master Tests-2] INFO  verifyingSideMenuCollapsedLangAsInSettingsLingua_21-36-43 - [verifyingSideMenuCollapsedLangAsInSettingsLingua_21-36-43] Trying to find element: By.xpath: //ytd-topbar-menu-button-renderer[@class='style-scope ytd-masthead style-default']
21:41:17 [TestNG-test-Yt Master Tests-2] INFO  verifyingSideMenuCollapsedLangAsInSettingsLingua_21-36-43 - [verifyingSideMenuCollapsedLangAsInSettingsLingua_21-36-43] Element found and ready (attempt 1): By.xpath: //ytd-topbar-menu-button-renderer[@class='style-scope ytd-masthead style-default']
21:41:17 [TestNG-test-Yt Master Tests-2] INFO  verifyingSideMenuCollapsedLangAsInSettingsLingua_21-36-43 - [verifyingSideMenuCollapsedLangAsInSettingsLingua_21-36-43] Waiting until element is visible in viewport
21:41:18 [TestNG-test-Yt Master Tests-2] INFO  verifyingSideMenuCollapsedLangAsInSettingsLingua_21-36-43 - Clicking settings ellipses button...
21:41:18 [TestNG-test-Yt Master Tests-2] INFO  verifyingSideMenuCollapsedLangAsInSettingsLingua_21-36-43 - [verifyingSideMenuCollapsedLangAsInSettingsLingua_21-36-43] Trying to find element: By.xpath: //ytd-topbar-menu-button-renderer[@class='style-scope ytd-masthead style-default']
21:41:18 [TestNG-test-Yt Master Tests-2] INFO  verifyingSideMenuCollapsedLangAsInSettingsLingua_21-36-43 - [verifyingSideMenuCollapsedLangAsInSettingsLingua_21-36-43] Element found and ready (attempt 1): By.xpath: //ytd-topbar-menu-button-renderer[@class='style-scope ytd-masthead style-default']
21:41:18 [TestNG-test-Yt Master Tests-2] INFO  verifyingSideMenuCollapsedLangAsInSettingsLingua_21-36-43 - getLangAttribute() - locating <html> and reading lang property
21:41:18 [TestNG-test-Yt Master Tests-2] INFO  verifyingSideMenuCollapsedLangAsInSettingsLingua_21-36-43 - Language attribute read: ta-IN
21:41:18 [TestNG-test-Yt Master Tests-2] INFO  verifyingSideMenuCollapsedLangAsInSettingsLingua_21-36-43 - Fetching the side menu in collapsed view
21:41:18 [TestNG-test-Yt Master Tests-2] INFO  verifyingSideMenuCollapsedLangAsInSettingsLingua_21-36-43 - [verifyingSideMenuCollapsedLangAsInSettingsLingua_21-36-43] Finding elements list: By.xpath: //ytd-mini-guide-renderer[@class='style-scope ytd-app']//ytd-mini-guide-entry-renderer
21:41:18 [TestNG-test-Yt Master Tests-2] INFO  verifyingSideMenuCollapsedLangAsInSettingsLingua_21-36-43 - [verifyingSideMenuCollapsedLangAsInSettingsLingua_21-36-43] Found 4 ready elements (attempt 1): By.xpath: //ytd-mini-guide-renderer[@class='style-scope ytd-app']//ytd-mini-guide-entry-renderer
21:41:19 [TestNG-test-Yt Master Tests-2] INFO  verifyingSideMenuCollapsedLangAsInSettingsLingua_21-36-43 - 
========== LANGUAGE DETECTION ==========
Detected Language : TAMIL
Input Text        : முகப்பு Shorts சந்தாக்கள் நீங்கள்
========================================
21:41:19 [TestNG-test-Yt Master Tests-2] INFO  verifyingSideMenuCollapsedLangAsInSettingsLingua_21-36-43 - text sent to lingua is       முகப்பு Shorts சந்தாக்கள் நீங்கள்
21:41:19 [TestNG-test-Yt Master Tests-2] INFO  verifyingSideMenuCollapsedLangAsInSettingsLingua_21-36-43 - getLangAttribute() - locating <html> and reading lang property
21:41:19 [TestNG-test-Yt Master Tests-2] INFO  verifyingSideMenuCollapsedLangAsInSettingsLingua_21-36-43 - Language attribute read: ta-IN
21:41:19 [TestNG-test-Yt Master Tests-2] INFO  verifyingSideMenuCollapsedLangAsInSettingsLingua_21-36-43 - Clicking settings ellipses button...
21:41:19 [TestNG-test-Yt Master Tests-2] INFO  verifyingSideMenuCollapsedLangAsInSettingsLingua_21-36-43 - [verifyingSideMenuCollapsedLangAsInSettingsLingua_21-36-43] Trying to find element: By.xpath: //ytd-topbar-menu-button-renderer[@class='style-scope ytd-masthead style-default']
21:41:19 [TestNG-test-Yt Master Tests-2] INFO  verifyingSideMenuCollapsedLangAsInSettingsLingua_21-36-43 - [verifyingSideMenuCollapsedLangAsInSettingsLingua_21-36-43] Element found and ready (attempt 1): By.xpath: //ytd-topbar-menu-button-renderer[@class='style-scope ytd-masthead style-default']
21:41:19 [TestNG-test-Yt Master Tests-2] INFO  verifyingSideMenuCollapsedLangAsInSettingsLingua_21-36-43 - Clicking language dropdown...
21:41:19 [TestNG-test-Yt Master Tests-2] INFO  verifyingSideMenuCollapsedLangAsInSettingsLingua_21-36-43 - [verifyingSideMenuCollapsedLangAsInSettingsLingua_21-36-43] Trying to find element: By.xpath: (//div[@id='content-icon'])[2]
21:41:19 [TestNG-test-Yt Master Tests-2] INFO  verifyingSideMenuCollapsedLangAsInSettingsLingua_21-36-43 - [verifyingSideMenuCollapsedLangAsInSettingsLingua_21-36-43] Element found and ready (attempt 1): By.xpath: (//div[@id='content-icon'])[2]
21:41:20 [TestNG-test-Yt Master Tests-2] INFO  verifyingSideMenuCollapsedLangAsInSettingsLingua_21-36-43 - Looking for language element with name: తెలుగు
21:41:20 [TestNG-test-Yt Master Tests-2] INFO  verifyingSideMenuCollapsedLangAsInSettingsLingua_21-36-43 - [verifyingSideMenuCollapsedLangAsInSettingsLingua_21-36-43] Trying to find element: By.xpath: //yt-multi-page-menu-section-renderer[@class='style-scope ytd-multi-page-menu-renderer']//yt-formatted-string[@id='label' and text()='తెలుగు']
21:41:20 [TestNG-test-Yt Master Tests-2] INFO  verifyingSideMenuCollapsedLangAsInSettingsLingua_21-36-43 - [verifyingSideMenuCollapsedLangAsInSettingsLingua_21-36-43] Element found and ready (attempt 1): By.xpath: //yt-multi-page-menu-section-renderer[@class='style-scope ytd-multi-page-menu-renderer']//yt-formatted-string[@id='label' and text()='తెలుగు']
21:41:20 [TestNG-test-Yt Master Tests-2] INFO  verifyingSideMenuCollapsedLangAsInSettingsLingua_21-36-43 - [verifyingSideMenuCollapsedLangAsInSettingsLingua_21-36-43] Trying to find element: By.xpath: //yt-multi-page-menu-section-renderer[@class='style-scope ytd-multi-page-menu-renderer']//yt-formatted-string[@id='label' and text()='తెలుగు']
21:41:20 [TestNG-test-Yt Master Tests-2] INFO  verifyingSideMenuCollapsedLangAsInSettingsLingua_21-36-43 - [verifyingSideMenuCollapsedLangAsInSettingsLingua_21-36-43] Element found and ready (attempt 1): By.xpath: //yt-multi-page-menu-section-renderer[@class='style-scope ytd-multi-page-menu-renderer']//yt-formatted-string[@id='label' and text()='తెలుగు']
21:41:22 [TestNG-test-Yt Master Tests-2] INFO  verifyingSideMenuCollapsedLangAsInSettingsLingua_21-36-43 - Clicking settings ellipses button...
21:41:22 [TestNG-test-Yt Master Tests-2] INFO  verifyingSideMenuCollapsedLangAsInSettingsLingua_21-36-43 - [verifyingSideMenuCollapsedLangAsInSettingsLingua_21-36-43] Trying to find element: By.xpath: //ytd-topbar-menu-button-renderer[@class='style-scope ytd-masthead style-default']
21:41:23 [TestNG-test-Yt Master Tests-2] INFO  verifyingSideMenuCollapsedLangAsInSettingsLingua_21-36-43 - [verifyingSideMenuCollapsedLangAsInSettingsLingua_21-36-43] Element found and ready (attempt 1): By.xpath: //ytd-topbar-menu-button-renderer[@class='style-scope ytd-masthead style-default']
21:41:23 [TestNG-test-Yt Master Tests-2] INFO  verifyingSideMenuCollapsedLangAsInSettingsLingua_21-36-43 - [verifyingSideMenuCollapsedLangAsInSettingsLingua_21-36-43] Waiting until element is visible in viewport
21:41:24 [TestNG-test-Yt Master Tests-2] INFO  verifyingSideMenuCollapsedLangAsInSettingsLingua_21-36-43 - Clicking settings ellipses button...
21:41:24 [TestNG-test-Yt Master Tests-2] INFO  verifyingSideMenuCollapsedLangAsInSettingsLingua_21-36-43 - [verifyingSideMenuCollapsedLangAsInSettingsLingua_21-36-43] Trying to find element: By.xpath: //ytd-topbar-menu-button-renderer[@class='style-scope ytd-masthead style-default']
21:41:24 [TestNG-test-Yt Master Tests-2] INFO  verifyingSideMenuCollapsedLangAsInSettingsLingua_21-36-43 - [verifyingSideMenuCollapsedLangAsInSettingsLingua_21-36-43] Element found and ready (attempt 1): By.xpath: //ytd-topbar-menu-button-renderer[@class='style-scope ytd-masthead style-default']
21:41:24 [TestNG-test-Yt Master Tests-2] INFO  verifyingSideMenuCollapsedLangAsInSettingsLingua_21-36-43 - getLangAttribute() - locating <html> and reading lang property
21:41:24 [TestNG-test-Yt Master Tests-2] INFO  verifyingSideMenuCollapsedLangAsInSettingsLingua_21-36-43 - Language attribute read: te-IN
21:41:24 [TestNG-test-Yt Master Tests-2] INFO  verifyingSideMenuCollapsedLangAsInSettingsLingua_21-36-43 - Fetching the side menu in collapsed view
21:41:24 [TestNG-test-Yt Master Tests-2] INFO  verifyingSideMenuCollapsedLangAsInSettingsLingua_21-36-43 - [verifyingSideMenuCollapsedLangAsInSettingsLingua_21-36-43] Finding elements list: By.xpath: //ytd-mini-guide-renderer[@class='style-scope ytd-app']//ytd-mini-guide-entry-renderer
21:41:24 [TestNG-test-Yt Master Tests-2] INFO  verifyingSideMenuCollapsedLangAsInSettingsLingua_21-36-43 - [verifyingSideMenuCollapsedLangAsInSettingsLingua_21-36-43] Found 4 ready elements (attempt 1): By.xpath: //ytd-mini-guide-renderer[@class='style-scope ytd-app']//ytd-mini-guide-entry-renderer
21:41:25 [TestNG-test-Yt Master Tests-2] INFO  verifyingSideMenuCollapsedLangAsInSettingsLingua_21-36-43 - 
========== LANGUAGE DETECTION ==========
Detected Language : TELUGU
Input Text        : మొదటి ట్యాబ్ Shorts సబ్‌స్క్రిప్షన్‌లు ఖాతా
========================================
21:41:25 [TestNG-test-Yt Master Tests-2] INFO  verifyingSideMenuCollapsedLangAsInSettingsLingua_21-36-43 - text sent to lingua is       మొదటి ట్యాబ్ Shorts సబ్‌స్క్రిప్షన్‌లు ఖాతా
21:41:25 [TestNG-test-Yt Master Tests-2] INFO  verifyingSideMenuCollapsedLangAsInSettingsLingua_21-36-43 - getLangAttribute() - locating <html> and reading lang property
21:41:25 [TestNG-test-Yt Master Tests-2] INFO  verifyingSideMenuCollapsedLangAsInSettingsLingua_21-36-43 - Language attribute read: te-IN
21:41:25 [TestNG-test-Yt Master Tests-2] INFO  verifyingSideMenuCollapsedLangAsInSettingsLingua_21-36-43 - Clicking settings ellipses button...
21:41:25 [TestNG-test-Yt Master Tests-2] INFO  verifyingSideMenuCollapsedLangAsInSettingsLingua_21-36-43 - [verifyingSideMenuCollapsedLangAsInSettingsLingua_21-36-43] Trying to find element: By.xpath: //ytd-topbar-menu-button-renderer[@class='style-scope ytd-masthead style-default']
21:41:25 [TestNG-test-Yt Master Tests-2] INFO  verifyingSideMenuCollapsedLangAsInSettingsLingua_21-36-43 - [verifyingSideMenuCollapsedLangAsInSettingsLingua_21-36-43] Element found and ready (attempt 1): By.xpath: //ytd-topbar-menu-button-renderer[@class='style-scope ytd-masthead style-default']
21:41:25 [TestNG-test-Yt Master Tests-2] INFO  verifyingSideMenuCollapsedLangAsInSettingsLingua_21-36-43 - Clicking language dropdown...
21:41:25 [TestNG-test-Yt Master Tests-2] INFO  verifyingSideMenuCollapsedLangAsInSettingsLingua_21-36-43 - [verifyingSideMenuCollapsedLangAsInSettingsLingua_21-36-43] Trying to find element: By.xpath: (//div[@id='content-icon'])[2]
21:41:25 [TestNG-test-Yt Master Tests-2] INFO  verifyingSideMenuCollapsedLangAsInSettingsLingua_21-36-43 - [verifyingSideMenuCollapsedLangAsInSettingsLingua_21-36-43] Element found and ready (attempt 1): By.xpath: (//div[@id='content-icon'])[2]
21:41:26 [TestNG-test-Yt Master Tests-2] INFO  verifyingSideMenuCollapsedLangAsInSettingsLingua_21-36-43 - Looking for language element with name: 中文 (简体)
21:41:26 [TestNG-test-Yt Master Tests-2] INFO  verifyingSideMenuCollapsedLangAsInSettingsLingua_21-36-43 - [verifyingSideMenuCollapsedLangAsInSettingsLingua_21-36-43] Trying to find element: By.xpath: //yt-multi-page-menu-section-renderer[@class='style-scope ytd-multi-page-menu-renderer']//yt-formatted-string[@id='label' and text()='中文 (简体)']
21:41:26 [TestNG-test-Yt Master Tests-2] INFO  verifyingSideMenuCollapsedLangAsInSettingsLingua_21-36-43 - [verifyingSideMenuCollapsedLangAsInSettingsLingua_21-36-43] Element found and ready (attempt 1): By.xpath: //yt-multi-page-menu-section-renderer[@class='style-scope ytd-multi-page-menu-renderer']//yt-formatted-string[@id='label' and text()='中文 (简体)']
21:41:26 [TestNG-test-Yt Master Tests-2] INFO  verifyingSideMenuCollapsedLangAsInSettingsLingua_21-36-43 - [verifyingSideMenuCollapsedLangAsInSettingsLingua_21-36-43] Trying to find element: By.xpath: //yt-multi-page-menu-section-renderer[@class='style-scope ytd-multi-page-menu-renderer']//yt-formatted-string[@id='label' and text()='中文 (简体)']
21:41:26 [TestNG-test-Yt Master Tests-2] INFO  verifyingSideMenuCollapsedLangAsInSettingsLingua_21-36-43 - [verifyingSideMenuCollapsedLangAsInSettingsLingua_21-36-43] Element found and ready (attempt 1): By.xpath: //yt-multi-page-menu-section-renderer[@class='style-scope ytd-multi-page-menu-renderer']//yt-formatted-string[@id='label' and text()='中文 (简体)']
21:41:27 [TestNG-test-Yt Master Tests-2] INFO  verifyingSideMenuCollapsedLangAsInSettingsLingua_21-36-43 - Clicking settings ellipses button...
21:41:28 [TestNG-test-Yt Master Tests-2] INFO  verifyingSideMenuCollapsedLangAsInSettingsLingua_21-36-43 - [verifyingSideMenuCollapsedLangAsInSettingsLingua_21-36-43] Trying to find element: By.xpath: //ytd-topbar-menu-button-renderer[@class='style-scope ytd-masthead style-default']
21:41:28 [TestNG-test-Yt Master Tests-2] INFO  verifyingSideMenuCollapsedLangAsInSettingsLingua_21-36-43 - [verifyingSideMenuCollapsedLangAsInSettingsLingua_21-36-43] Element found and ready (attempt 1): By.xpath: //ytd-topbar-menu-button-renderer[@class='style-scope ytd-masthead style-default']
21:41:28 [TestNG-test-Yt Master Tests-2] INFO  verifyingSideMenuCollapsedLangAsInSettingsLingua_21-36-43 - [verifyingSideMenuCollapsedLangAsInSettingsLingua_21-36-43] Waiting until element is visible in viewport
21:41:29 [TestNG-test-Yt Master Tests-2] INFO  verifyingSideMenuCollapsedLangAsInSettingsLingua_21-36-43 - Clicking settings ellipses button...
21:41:29 [TestNG-test-Yt Master Tests-2] INFO  verifyingSideMenuCollapsedLangAsInSettingsLingua_21-36-43 - [verifyingSideMenuCollapsedLangAsInSettingsLingua_21-36-43] Trying to find element: By.xpath: //ytd-topbar-menu-button-renderer[@class='style-scope ytd-masthead style-default']
21:41:29 [TestNG-test-Yt Master Tests-2] INFO  verifyingSideMenuCollapsedLangAsInSettingsLingua_21-36-43 - [verifyingSideMenuCollapsedLangAsInSettingsLingua_21-36-43] Element found and ready (attempt 1): By.xpath: //ytd-topbar-menu-button-renderer[@class='style-scope ytd-masthead style-default']
21:41:29 [TestNG-test-Yt Master Tests-2] INFO  verifyingSideMenuCollapsedLangAsInSettingsLingua_21-36-43 - getLangAttribute() - locating <html> and reading lang property
21:41:29 [TestNG-test-Yt Master Tests-2] INFO  verifyingSideMenuCollapsedLangAsInSettingsLingua_21-36-43 - Language attribute read: zh-Hans-CN
21:41:29 [TestNG-test-Yt Master Tests-2] INFO  verifyingSideMenuCollapsedLangAsInSettingsLingua_21-36-43 - Fetching the side menu in collapsed view
21:41:29 [TestNG-test-Yt Master Tests-2] INFO  verifyingSideMenuCollapsedLangAsInSettingsLingua_21-36-43 - [verifyingSideMenuCollapsedLangAsInSettingsLingua_21-36-43] Finding elements list: By.xpath: //ytd-mini-guide-renderer[@class='style-scope ytd-app']//ytd-mini-guide-entry-renderer
21:41:29 [TestNG-test-Yt Master Tests-2] INFO  verifyingSideMenuCollapsedLangAsInSettingsLingua_21-36-43 - [verifyingSideMenuCollapsedLangAsInSettingsLingua_21-36-43] Found 4 ready elements (attempt 1): By.xpath: //ytd-mini-guide-renderer[@class='style-scope ytd-app']//ytd-mini-guide-entry-renderer
21:41:30 [TestNG-test-Yt Master Tests-2] INFO  verifyingSideMenuCollapsedLangAsInSettingsLingua_21-36-43 - 
========== LANGUAGE DETECTION ==========
Detected Language : CHINESE
Input Text        : 首页 Shorts 订阅 我
========================================
21:41:30 [TestNG-test-Yt Master Tests-2] INFO  verifyingSideMenuCollapsedLangAsInSettingsLingua_21-36-43 - text sent to lingua is       首页 Shorts 订阅 我
21:41:30 [TestNG-test-Yt Master Tests-2] INFO  verifyingSideMenuCollapsedLangAsInSettingsLingua_21-36-43 - getLangAttribute() - locating <html> and reading lang property
21:41:30 [TestNG-test-Yt Master Tests-2] INFO  verifyingSideMenuCollapsedLangAsInSettingsLingua_21-36-43 - Language attribute read: zh-Hans-CN
21:41:30 [TestNG-test-Yt Master Tests-2] INFO  verifyingSideMenuCollapsedLangAsInSettingsLingua_21-36-43 - Clicking settings ellipses button...
21:41:30 [TestNG-test-Yt Master Tests-2] INFO  verifyingSideMenuCollapsedLangAsInSettingsLingua_21-36-43 - [verifyingSideMenuCollapsedLangAsInSettingsLingua_21-36-43] Trying to find element: By.xpath: //ytd-topbar-menu-button-renderer[@class='style-scope ytd-masthead style-default']
21:41:30 [TestNG-test-Yt Master Tests-2] INFO  verifyingSideMenuCollapsedLangAsInSettingsLingua_21-36-43 - [verifyingSideMenuCollapsedLangAsInSettingsLingua_21-36-43] Element found and ready (attempt 1): By.xpath: //ytd-topbar-menu-button-renderer[@class='style-scope ytd-masthead style-default']
21:41:30 [TestNG-test-Yt Master Tests-2] INFO  verifyingSideMenuCollapsedLangAsInSettingsLingua_21-36-43 - Clicking language dropdown...
21:41:30 [TestNG-test-Yt Master Tests-2] INFO  verifyingSideMenuCollapsedLangAsInSettingsLingua_21-36-43 - [verifyingSideMenuCollapsedLangAsInSettingsLingua_21-36-43] Trying to find element: By.xpath: (//div[@id='content-icon'])[2]
21:41:30 [TestNG-test-Yt Master Tests-2] INFO  verifyingSideMenuCollapsedLangAsInSettingsLingua_21-36-43 - [verifyingSideMenuCollapsedLangAsInSettingsLingua_21-36-43] Element found and ready (attempt 1): By.xpath: (//div[@id='content-icon'])[2]
21:41:31 [TestNG-test-Yt Master Tests-2] INFO  verifyingSideMenuCollapsedLangAsInSettingsLingua_21-36-43 - Looking for language element with name: 中文 (繁體)
21:41:31 [TestNG-test-Yt Master Tests-2] INFO  verifyingSideMenuCollapsedLangAsInSettingsLingua_21-36-43 - [verifyingSideMenuCollapsedLangAsInSettingsLingua_21-36-43] Trying to find element: By.xpath: //yt-multi-page-menu-section-renderer[@class='style-scope ytd-multi-page-menu-renderer']//yt-formatted-string[@id='label' and text()='中文 (繁體)']
21:41:31 [TestNG-test-Yt Master Tests-2] INFO  verifyingSideMenuCollapsedLangAsInSettingsLingua_21-36-43 - [verifyingSideMenuCollapsedLangAsInSettingsLingua_21-36-43] Element found and ready (attempt 1): By.xpath: //yt-multi-page-menu-section-renderer[@class='style-scope ytd-multi-page-menu-renderer']//yt-formatted-string[@id='label' and text()='中文 (繁體)']
21:41:31 [TestNG-test-Yt Master Tests-2] INFO  verifyingSideMenuCollapsedLangAsInSettingsLingua_21-36-43 - [verifyingSideMenuCollapsedLangAsInSettingsLingua_21-36-43] Trying to find element: By.xpath: //yt-multi-page-menu-section-renderer[@class='style-scope ytd-multi-page-menu-renderer']//yt-formatted-string[@id='label' and text()='中文 (繁體)']
21:41:31 [TestNG-test-Yt Master Tests-2] INFO  verifyingSideMenuCollapsedLangAsInSettingsLingua_21-36-43 - [verifyingSideMenuCollapsedLangAsInSettingsLingua_21-36-43] Element found and ready (attempt 1): By.xpath: //yt-multi-page-menu-section-renderer[@class='style-scope ytd-multi-page-menu-renderer']//yt-formatted-string[@id='label' and text()='中文 (繁體)']
21:41:33 [TestNG-test-Yt Master Tests-2] INFO  verifyingSideMenuCollapsedLangAsInSettingsLingua_21-36-43 - Clicking settings ellipses button...
21:41:33 [TestNG-test-Yt Master Tests-2] INFO  verifyingSideMenuCollapsedLangAsInSettingsLingua_21-36-43 - [verifyingSideMenuCollapsedLangAsInSettingsLingua_21-36-43] Trying to find element: By.xpath: //ytd-topbar-menu-button-renderer[@class='style-scope ytd-masthead style-default']
21:41:34 [TestNG-test-Yt Master Tests-2] INFO  verifyingSideMenuCollapsedLangAsInSettingsLingua_21-36-43 - [verifyingSideMenuCollapsedLangAsInSettingsLingua_21-36-43] Element found and ready (attempt 1): By.xpath: //ytd-topbar-menu-button-renderer[@class='style-scope ytd-masthead style-default']
21:41:34 [TestNG-test-Yt Master Tests-2] INFO  verifyingSideMenuCollapsedLangAsInSettingsLingua_21-36-43 - [verifyingSideMenuCollapsedLangAsInSettingsLingua_21-36-43] Waiting until element is visible in viewport
21:41:34 [TestNG-test-Yt Master Tests-2] INFO  verifyingSideMenuCollapsedLangAsInSettingsLingua_21-36-43 - Clicking settings ellipses button...
21:41:35 [TestNG-test-Yt Master Tests-2] INFO  verifyingSideMenuCollapsedLangAsInSettingsLingua_21-36-43 - [verifyingSideMenuCollapsedLangAsInSettingsLingua_21-36-43] Trying to find element: By.xpath: //ytd-topbar-menu-button-renderer[@class='style-scope ytd-masthead style-default']
21:41:35 [TestNG-test-Yt Master Tests-2] INFO  verifyingSideMenuCollapsedLangAsInSettingsLingua_21-36-43 - [verifyingSideMenuCollapsedLangAsInSettingsLingua_21-36-43] Element found and ready (attempt 1): By.xpath: //ytd-topbar-menu-button-renderer[@class='style-scope ytd-masthead style-default']
21:41:35 [TestNG-test-Yt Master Tests-2] INFO  verifyingSideMenuCollapsedLangAsInSettingsLingua_21-36-43 - getLangAttribute() - locating <html> and reading lang property
21:41:35 [TestNG-test-Yt Master Tests-2] INFO  verifyingSideMenuCollapsedLangAsInSettingsLingua_21-36-43 - Language attribute read: zh-Hant-TW
21:41:35 [TestNG-test-Yt Master Tests-2] INFO  verifyingSideMenuCollapsedLangAsInSettingsLingua_21-36-43 - Fetching the side menu in collapsed view
21:41:35 [TestNG-test-Yt Master Tests-2] INFO  verifyingSideMenuCollapsedLangAsInSettingsLingua_21-36-43 - [verifyingSideMenuCollapsedLangAsInSettingsLingua_21-36-43] Finding elements list: By.xpath: //ytd-mini-guide-renderer[@class='style-scope ytd-app']//ytd-mini-guide-entry-renderer
21:41:35 [TestNG-test-Yt Master Tests-2] INFO  verifyingSideMenuCollapsedLangAsInSettingsLingua_21-36-43 - [verifyingSideMenuCollapsedLangAsInSettingsLingua_21-36-43] Found 4 ready elements (attempt 1): By.xpath: //ytd-mini-guide-renderer[@class='style-scope ytd-app']//ytd-mini-guide-entry-renderer
21:41:35 [TestNG-test-Yt Master Tests-2] INFO  verifyingSideMenuCollapsedLangAsInSettingsLingua_21-36-43 - 
========== LANGUAGE DETECTION ==========
Detected Language : CHINESE
Input Text        : 首頁 Shorts 訂閱內容 個人中心
========================================
21:41:35 [TestNG-test-Yt Master Tests-2] INFO  verifyingSideMenuCollapsedLangAsInSettingsLingua_21-36-43 - text sent to lingua is       首頁 Shorts 訂閱內容 個人中心
21:41:35 [TestNG-test-Yt Master Tests-2] INFO  verifyingSideMenuCollapsedLangAsInSettingsLingua_21-36-43 - getLangAttribute() - locating <html> and reading lang property
21:41:35 [TestNG-test-Yt Master Tests-2] INFO  verifyingSideMenuCollapsedLangAsInSettingsLingua_21-36-43 - Language attribute read: zh-Hant-TW
21:41:35 [TestNG-test-Yt Master Tests-2] INFO  verifyingSideMenuCollapsedLangAsInSettingsLingua_21-36-43 - Clicking settings ellipses button...
21:41:35 [TestNG-test-Yt Master Tests-2] INFO  verifyingSideMenuCollapsedLangAsInSettingsLingua_21-36-43 - [verifyingSideMenuCollapsedLangAsInSettingsLingua_21-36-43] Trying to find element: By.xpath: //ytd-topbar-menu-button-renderer[@class='style-scope ytd-masthead style-default']
21:41:35 [TestNG-test-Yt Master Tests-2] INFO  verifyingSideMenuCollapsedLangAsInSettingsLingua_21-36-43 - [verifyingSideMenuCollapsedLangAsInSettingsLingua_21-36-43] Element found and ready (attempt 1): By.xpath: //ytd-topbar-menu-button-renderer[@class='style-scope ytd-masthead style-default']
21:41:35 [TestNG-test-Yt Master Tests-2] INFO  verifyingSideMenuCollapsedLangAsInSettingsLingua_21-36-43 - Clicking language dropdown...
21:41:35 [TestNG-test-Yt Master Tests-2] INFO  verifyingSideMenuCollapsedLangAsInSettingsLingua_21-36-43 - [verifyingSideMenuCollapsedLangAsInSettingsLingua_21-36-43] Trying to find element: By.xpath: (//div[@id='content-icon'])[2]
21:41:36 [TestNG-test-Yt Master Tests-2] INFO  verifyingSideMenuCollapsedLangAsInSettingsLingua_21-36-43 - [verifyingSideMenuCollapsedLangAsInSettingsLingua_21-36-43] Element found and ready (attempt 1): By.xpath: (//div[@id='content-icon'])[2]
21:41:36 [TestNG-test-Yt Master Tests-2] INFO  verifyingSideMenuCollapsedLangAsInSettingsLingua_21-36-43 - Looking for language element with name: 中文 (香港)
21:41:36 [TestNG-test-Yt Master Tests-2] INFO  verifyingSideMenuCollapsedLangAsInSettingsLingua_21-36-43 - [verifyingSideMenuCollapsedLangAsInSettingsLingua_21-36-43] Trying to find element: By.xpath: //yt-multi-page-menu-section-renderer[@class='style-scope ytd-multi-page-menu-renderer']//yt-formatted-string[@id='label' and text()='中文 (香港)']
21:41:36 [TestNG-test-Yt Master Tests-2] INFO  verifyingSideMenuCollapsedLangAsInSettingsLingua_21-36-43 - [verifyingSideMenuCollapsedLangAsInSettingsLingua_21-36-43] Element found and ready (attempt 1): By.xpath: //yt-multi-page-menu-section-renderer[@class='style-scope ytd-multi-page-menu-renderer']//yt-formatted-string[@id='label' and text()='中文 (香港)']
21:41:36 [TestNG-test-Yt Master Tests-2] INFO  verifyingSideMenuCollapsedLangAsInSettingsLingua_21-36-43 - [verifyingSideMenuCollapsedLangAsInSettingsLingua_21-36-43] Trying to find element: By.xpath: //yt-multi-page-menu-section-renderer[@class='style-scope ytd-multi-page-menu-renderer']//yt-formatted-string[@id='label' and text()='中文 (香港)']
21:41:36 [TestNG-test-Yt Master Tests-2] INFO  verifyingSideMenuCollapsedLangAsInSettingsLingua_21-36-43 - [verifyingSideMenuCollapsedLangAsInSettingsLingua_21-36-43] Element found and ready (attempt 1): By.xpath: //yt-multi-page-menu-section-renderer[@class='style-scope ytd-multi-page-menu-renderer']//yt-formatted-string[@id='label' and text()='中文 (香港)']
21:41:38 [TestNG-test-Yt Master Tests-2] INFO  verifyingSideMenuCollapsedLangAsInSettingsLingua_21-36-43 - Clicking settings ellipses button...
21:41:38 [TestNG-test-Yt Master Tests-2] INFO  verifyingSideMenuCollapsedLangAsInSettingsLingua_21-36-43 - [verifyingSideMenuCollapsedLangAsInSettingsLingua_21-36-43] Trying to find element: By.xpath: //ytd-topbar-menu-button-renderer[@class='style-scope ytd-masthead style-default']
21:41:38 [TestNG-test-Yt Master Tests-2] INFO  verifyingSideMenuCollapsedLangAsInSettingsLingua_21-36-43 - [verifyingSideMenuCollapsedLangAsInSettingsLingua_21-36-43] Element found and ready (attempt 1): By.xpath: //ytd-topbar-menu-button-renderer[@class='style-scope ytd-masthead style-default']
21:41:39 [TestNG-test-Yt Master Tests-2] INFO  verifyingSideMenuCollapsedLangAsInSettingsLingua_21-36-43 - [verifyingSideMenuCollapsedLangAsInSettingsLingua_21-36-43] Waiting until element is visible in viewport
21:41:39 [TestNG-test-Yt Master Tests-2] INFO  verifyingSideMenuCollapsedLangAsInSettingsLingua_21-36-43 - Clicking settings ellipses button...
21:41:39 [TestNG-test-Yt Master Tests-2] INFO  verifyingSideMenuCollapsedLangAsInSettingsLingua_21-36-43 - [verifyingSideMenuCollapsedLangAsInSettingsLingua_21-36-43] Trying to find element: By.xpath: //ytd-topbar-menu-button-renderer[@class='style-scope ytd-masthead style-default']
21:41:39 [TestNG-test-Yt Master Tests-2] INFO  verifyingSideMenuCollapsedLangAsInSettingsLingua_21-36-43 - [verifyingSideMenuCollapsedLangAsInSettingsLingua_21-36-43] Element found and ready (attempt 1): By.xpath: //ytd-topbar-menu-button-renderer[@class='style-scope ytd-masthead style-default']
21:41:39 [TestNG-test-Yt Master Tests-2] INFO  verifyingSideMenuCollapsedLangAsInSettingsLingua_21-36-43 - getLangAttribute() - locating <html> and reading lang property
21:41:39 [TestNG-test-Yt Master Tests-2] INFO  verifyingSideMenuCollapsedLangAsInSettingsLingua_21-36-43 - Language attribute read: zh-Hant-HK
21:41:39 [TestNG-test-Yt Master Tests-2] INFO  verifyingSideMenuCollapsedLangAsInSettingsLingua_21-36-43 - Fetching the side menu in collapsed view
21:41:39 [TestNG-test-Yt Master Tests-2] INFO  verifyingSideMenuCollapsedLangAsInSettingsLingua_21-36-43 - [verifyingSideMenuCollapsedLangAsInSettingsLingua_21-36-43] Finding elements list: By.xpath: //ytd-mini-guide-renderer[@class='style-scope ytd-app']//ytd-mini-guide-entry-renderer
21:41:40 [TestNG-test-Yt Master Tests-2] INFO  verifyingSideMenuCollapsedLangAsInSettingsLingua_21-36-43 - [verifyingSideMenuCollapsedLangAsInSettingsLingua_21-36-43] Found 4 ready elements (attempt 1): By.xpath: //ytd-mini-guide-renderer[@class='style-scope ytd-app']//ytd-mini-guide-entry-renderer
21:41:40 [TestNG-test-Yt Master Tests-2] INFO  verifyingSideMenuCollapsedLangAsInSettingsLingua_21-36-43 - 
========== LANGUAGE DETECTION ==========
Detected Language : CHINESE
Input Text        : 主頁 Shorts 訂閱項目 個人中心
========================================
21:41:40 [TestNG-test-Yt Master Tests-2] INFO  verifyingSideMenuCollapsedLangAsInSettingsLingua_21-36-43 - text sent to lingua is       主頁 Shorts 訂閱項目 個人中心
21:41:40 [TestNG-test-Yt Master Tests-2] INFO  verifyingSideMenuCollapsedLangAsInSettingsLingua_21-36-43 - getLangAttribute() - locating <html> and reading lang property
21:41:40 [TestNG-test-Yt Master Tests-2] INFO  verifyingSideMenuCollapsedLangAsInSettingsLingua_21-36-43 - Language attribute read: zh-Hant-HK
21:41:40 [TestNG-test-Yt Master Tests-2] INFO  verifyingSideMenuCollapsedLangAsInSettingsLingua_21-36-43 - Clicking settings ellipses button...
21:41:40 [TestNG-test-Yt Master Tests-2] INFO  verifyingSideMenuCollapsedLangAsInSettingsLingua_21-36-43 - [verifyingSideMenuCollapsedLangAsInSettingsLingua_21-36-43] Trying to find element: By.xpath: //ytd-topbar-menu-button-renderer[@class='style-scope ytd-masthead style-default']
21:41:40 [TestNG-test-Yt Master Tests-2] INFO  verifyingSideMenuCollapsedLangAsInSettingsLingua_21-36-43 - [verifyingSideMenuCollapsedLangAsInSettingsLingua_21-36-43] Element found and ready (attempt 1): By.xpath: //ytd-topbar-menu-button-renderer[@class='style-scope ytd-masthead style-default']
21:41:40 [TestNG-test-Yt Master Tests-2] INFO  verifyingSideMenuCollapsedLangAsInSettingsLingua_21-36-43 - Clicking language dropdown...
21:41:40 [TestNG-test-Yt Master Tests-2] INFO  verifyingSideMenuCollapsedLangAsInSettingsLingua_21-36-43 - [verifyingSideMenuCollapsedLangAsInSettingsLingua_21-36-43] Trying to find element: By.xpath: (//div[@id='content-icon'])[2]
21:41:40 [TestNG-test-Yt Master Tests-2] INFO  verifyingSideMenuCollapsedLangAsInSettingsLingua_21-36-43 - [verifyingSideMenuCollapsedLangAsInSettingsLingua_21-36-43] Element found and ready (attempt 1): By.xpath: (//div[@id='content-icon'])[2]
21:41:41 [TestNG-test-Yt Master Tests-2] INFO  verifyingSideMenuCollapsedLangAsInSettingsLingua_21-36-43 - Looking for language element with name: 日本語
21:41:41 [TestNG-test-Yt Master Tests-2] INFO  verifyingSideMenuCollapsedLangAsInSettingsLingua_21-36-43 - [verifyingSideMenuCollapsedLangAsInSettingsLingua_21-36-43] Trying to find element: By.xpath: //yt-multi-page-menu-section-renderer[@class='style-scope ytd-multi-page-menu-renderer']//yt-formatted-string[@id='label' and text()='日本語']
21:41:41 [TestNG-test-Yt Master Tests-2] INFO  verifyingSideMenuCollapsedLangAsInSettingsLingua_21-36-43 - [verifyingSideMenuCollapsedLangAsInSettingsLingua_21-36-43] Element found and ready (attempt 1): By.xpath: //yt-multi-page-menu-section-renderer[@class='style-scope ytd-multi-page-menu-renderer']//yt-formatted-string[@id='label' and text()='日本語']
21:41:41 [TestNG-test-Yt Master Tests-2] INFO  verifyingSideMenuCollapsedLangAsInSettingsLingua_21-36-43 - [verifyingSideMenuCollapsedLangAsInSettingsLingua_21-36-43] Trying to find element: By.xpath: //yt-multi-page-menu-section-renderer[@class='style-scope ytd-multi-page-menu-renderer']//yt-formatted-string[@id='label' and text()='日本語']
21:41:41 [TestNG-test-Yt Master Tests-2] INFO  verifyingSideMenuCollapsedLangAsInSettingsLingua_21-36-43 - [verifyingSideMenuCollapsedLangAsInSettingsLingua_21-36-43] Element found and ready (attempt 1): By.xpath: //yt-multi-page-menu-section-renderer[@class='style-scope ytd-multi-page-menu-renderer']//yt-formatted-string[@id='label' and text()='日本語']
21:41:43 [TestNG-test-Yt Master Tests-2] INFO  verifyingSideMenuCollapsedLangAsInSettingsLingua_21-36-43 - Clicking settings ellipses button...
21:41:43 [TestNG-test-Yt Master Tests-2] INFO  verifyingSideMenuCollapsedLangAsInSettingsLingua_21-36-43 - [verifyingSideMenuCollapsedLangAsInSettingsLingua_21-36-43] Trying to find element: By.xpath: //ytd-topbar-menu-button-renderer[@class='style-scope ytd-masthead style-default']
21:41:43 [TestNG-test-Yt Master Tests-2] INFO  verifyingSideMenuCollapsedLangAsInSettingsLingua_21-36-43 - [verifyingSideMenuCollapsedLangAsInSettingsLingua_21-36-43] Element found and ready (attempt 1): By.xpath: //ytd-topbar-menu-button-renderer[@class='style-scope ytd-masthead style-default']
21:41:43 [TestNG-test-Yt Master Tests-2] INFO  verifyingSideMenuCollapsedLangAsInSettingsLingua_21-36-43 - [verifyingSideMenuCollapsedLangAsInSettingsLingua_21-36-43] Waiting until element is visible in viewport
21:41:45 [TestNG-test-Yt Master Tests-2] INFO  verifyingSideMenuCollapsedLangAsInSettingsLingua_21-36-43 - Clicking settings ellipses button...
21:41:45 [TestNG-test-Yt Master Tests-2] INFO  verifyingSideMenuCollapsedLangAsInSettingsLingua_21-36-43 - [verifyingSideMenuCollapsedLangAsInSettingsLingua_21-36-43] Trying to find element: By.xpath: //ytd-topbar-menu-button-renderer[@class='style-scope ytd-masthead style-default']
21:41:45 [TestNG-test-Yt Master Tests-2] INFO  verifyingSideMenuCollapsedLangAsInSettingsLingua_21-36-43 - [verifyingSideMenuCollapsedLangAsInSettingsLingua_21-36-43] Element found and ready (attempt 1): By.xpath: //ytd-topbar-menu-button-renderer[@class='style-scope ytd-masthead style-default']
21:41:45 [TestNG-test-Yt Master Tests-2] INFO  verifyingSideMenuCollapsedLangAsInSettingsLingua_21-36-43 - getLangAttribute() - locating <html> and reading lang property
21:41:45 [TestNG-test-Yt Master Tests-2] INFO  verifyingSideMenuCollapsedLangAsInSettingsLingua_21-36-43 - Language attribute read: ja-JP
21:41:45 [TestNG-test-Yt Master Tests-2] INFO  verifyingSideMenuCollapsedLangAsInSettingsLingua_21-36-43 - Fetching the side menu in collapsed view
21:41:45 [TestNG-test-Yt Master Tests-2] INFO  verifyingSideMenuCollapsedLangAsInSettingsLingua_21-36-43 - [verifyingSideMenuCollapsedLangAsInSettingsLingua_21-36-43] Finding elements list: By.xpath: //ytd-mini-guide-renderer[@class='style-scope ytd-app']//ytd-mini-guide-entry-renderer
21:41:45 [TestNG-test-Yt Master Tests-2] INFO  verifyingSideMenuCollapsedLangAsInSettingsLingua_21-36-43 - [verifyingSideMenuCollapsedLangAsInSettingsLingua_21-36-43] Found 4 ready elements (attempt 1): By.xpath: //ytd-mini-guide-renderer[@class='style-scope ytd-app']//ytd-mini-guide-entry-renderer
21:41:46 [TestNG-test-Yt Master Tests-2] INFO  verifyingSideMenuCollapsedLangAsInSettingsLingua_21-36-43 - 
========== LANGUAGE DETECTION ==========
Detected Language : JAPANESE
Input Text        : ホーム ショート 登録チャンネル マイページ
========================================
21:41:46 [TestNG-test-Yt Master Tests-2] INFO  verifyingSideMenuCollapsedLangAsInSettingsLingua_21-36-43 - text sent to lingua is       ホーム ショート 登録チャンネル マイページ
21:41:46 [TestNG-test-Yt Master Tests-2] INFO  verifyingSideMenuCollapsedLangAsInSettingsLingua_21-36-43 - getLangAttribute() - locating <html> and reading lang property
21:41:46 [TestNG-test-Yt Master Tests-2] INFO  verifyingSideMenuCollapsedLangAsInSettingsLingua_21-36-43 - Language attribute read: ja-JP
21:41:46 [TestNG-test-Yt Master Tests-2] INFO  verifyingSideMenuCollapsedLangAsInSettingsLingua_21-36-43 - Clicking settings ellipses button...
21:41:46 [TestNG-test-Yt Master Tests-2] INFO  verifyingSideMenuCollapsedLangAsInSettingsLingua_21-36-43 - [verifyingSideMenuCollapsedLangAsInSettingsLingua_21-36-43] Trying to find element: By.xpath: //ytd-topbar-menu-button-renderer[@class='style-scope ytd-masthead style-default']
21:41:46 [TestNG-test-Yt Master Tests-2] INFO  verifyingSideMenuCollapsedLangAsInSettingsLingua_21-36-43 - [verifyingSideMenuCollapsedLangAsInSettingsLingua_21-36-43] Element found and ready (attempt 1): By.xpath: //ytd-topbar-menu-button-renderer[@class='style-scope ytd-masthead style-default']
21:41:46 [TestNG-test-Yt Master Tests-2] INFO  verifyingSideMenuCollapsedLangAsInSettingsLingua_21-36-43 - Clicking language dropdown...
21:41:46 [TestNG-test-Yt Master Tests-2] INFO  verifyingSideMenuCollapsedLangAsInSettingsLingua_21-36-43 - [verifyingSideMenuCollapsedLangAsInSettingsLingua_21-36-43] Trying to find element: By.xpath: (//div[@id='content-icon'])[2]
21:41:46 [TestNG-test-Yt Master Tests-2] INFO  verifyingSideMenuCollapsedLangAsInSettingsLingua_21-36-43 - [verifyingSideMenuCollapsedLangAsInSettingsLingua_21-36-43] Element found and ready (attempt 1): By.xpath: (//div[@id='content-icon'])[2]
21:41:47 [TestNG-test-Yt Master Tests-2] INFO  verifyingSideMenuCollapsedLangAsInSettingsLingua_21-36-43 - Looking for language element with name: 한국어
21:41:47 [TestNG-test-Yt Master Tests-2] INFO  verifyingSideMenuCollapsedLangAsInSettingsLingua_21-36-43 - [verifyingSideMenuCollapsedLangAsInSettingsLingua_21-36-43] Trying to find element: By.xpath: //yt-multi-page-menu-section-renderer[@class='style-scope ytd-multi-page-menu-renderer']//yt-formatted-string[@id='label' and text()='한국어']
21:41:47 [TestNG-test-Yt Master Tests-2] INFO  verifyingSideMenuCollapsedLangAsInSettingsLingua_21-36-43 - [verifyingSideMenuCollapsedLangAsInSettingsLingua_21-36-43] Element found and ready (attempt 1): By.xpath: //yt-multi-page-menu-section-renderer[@class='style-scope ytd-multi-page-menu-renderer']//yt-formatted-string[@id='label' and text()='한국어']
21:41:47 [TestNG-test-Yt Master Tests-2] INFO  verifyingSideMenuCollapsedLangAsInSettingsLingua_21-36-43 - [verifyingSideMenuCollapsedLangAsInSettingsLingua_21-36-43] Trying to find element: By.xpath: //yt-multi-page-menu-section-renderer[@class='style-scope ytd-multi-page-menu-renderer']//yt-formatted-string[@id='label' and text()='한국어']
21:41:47 [TestNG-test-Yt Master Tests-2] INFO  verifyingSideMenuCollapsedLangAsInSettingsLingua_21-36-43 - [verifyingSideMenuCollapsedLangAsInSettingsLingua_21-36-43] Element found and ready (attempt 1): By.xpath: //yt-multi-page-menu-section-renderer[@class='style-scope ytd-multi-page-menu-renderer']//yt-formatted-string[@id='label' and text()='한국어']
21:41:49 [TestNG-test-Yt Master Tests-2] INFO  verifyingSideMenuCollapsedLangAsInSettingsLingua_21-36-43 - Clicking settings ellipses button...
21:41:49 [TestNG-test-Yt Master Tests-2] INFO  verifyingSideMenuCollapsedLangAsInSettingsLingua_21-36-43 - [verifyingSideMenuCollapsedLangAsInSettingsLingua_21-36-43] Trying to find element: By.xpath: //ytd-topbar-menu-button-renderer[@class='style-scope ytd-masthead style-default']
21:41:49 [TestNG-test-Yt Master Tests-2] INFO  verifyingSideMenuCollapsedLangAsInSettingsLingua_21-36-43 - [verifyingSideMenuCollapsedLangAsInSettingsLingua_21-36-43] Element found and ready (attempt 1): By.xpath: //ytd-topbar-menu-button-renderer[@class='style-scope ytd-masthead style-default']
21:41:49 [TestNG-test-Yt Master Tests-2] INFO  verifyingSideMenuCollapsedLangAsInSettingsLingua_21-36-43 - [verifyingSideMenuCollapsedLangAsInSettingsLingua_21-36-43] Waiting until element is visible in viewport
21:41:50 [TestNG-test-Yt Master Tests-2] INFO  verifyingSideMenuCollapsedLangAsInSettingsLingua_21-36-43 - Clicking settings ellipses button...
21:41:50 [TestNG-test-Yt Master Tests-2] INFO  verifyingSideMenuCollapsedLangAsInSettingsLingua_21-36-43 - [verifyingSideMenuCollapsedLangAsInSettingsLingua_21-36-43] Trying to find element: By.xpath: //ytd-topbar-menu-button-renderer[@class='style-scope ytd-masthead style-default']
21:41:50 [TestNG-test-Yt Master Tests-2] INFO  verifyingSideMenuCollapsedLangAsInSettingsLingua_21-36-43 - [verifyingSideMenuCollapsedLangAsInSettingsLingua_21-36-43] Element found and ready (attempt 1): By.xpath: //ytd-topbar-menu-button-renderer[@class='style-scope ytd-masthead style-default']
21:41:50 [TestNG-test-Yt Master Tests-2] INFO  verifyingSideMenuCollapsedLangAsInSettingsLingua_21-36-43 - getLangAttribute() - locating <html> and reading lang property
21:41:50 [TestNG-test-Yt Master Tests-2] INFO  verifyingSideMenuCollapsedLangAsInSettingsLingua_21-36-43 - Language attribute read: ko-KR
21:41:50 [TestNG-test-Yt Master Tests-2] INFO  verifyingSideMenuCollapsedLangAsInSettingsLingua_21-36-43 - Fetching the side menu in collapsed view
21:41:50 [TestNG-test-Yt Master Tests-2] INFO  verifyingSideMenuCollapsedLangAsInSettingsLingua_21-36-43 - [verifyingSideMenuCollapsedLangAsInSettingsLingua_21-36-43] Finding elements list: By.xpath: //ytd-mini-guide-renderer[@class='style-scope ytd-app']//ytd-mini-guide-entry-renderer
21:41:50 [TestNG-test-Yt Master Tests-2] INFO  verifyingSideMenuCollapsedLangAsInSettingsLingua_21-36-43 - [verifyingSideMenuCollapsedLangAsInSettingsLingua_21-36-43] Found 4 ready elements (attempt 1): By.xpath: //ytd-mini-guide-renderer[@class='style-scope ytd-app']//ytd-mini-guide-entry-renderer
21:41:50 [TestNG-test-Yt Master Tests-2] INFO  verifyingSideMenuCollapsedLangAsInSettingsLingua_21-36-43 - 
========== LANGUAGE DETECTION ==========
Detected Language : KOREAN
Input Text        : 홈 Shorts 구독 내 페이지
========================================
21:41:50 [TestNG-test-Yt Master Tests-2] INFO  verifyingSideMenuCollapsedLangAsInSettingsLingua_21-36-43 - text sent to lingua is       홈 Shorts 구독 내 페이지
21:41:50 [TestNG-test-Yt Master Tests-2] INFO  verifyingSideMenuCollapsedLangAsInSettingsLingua_21-36-43 - getLangAttribute() - locating <html> and reading lang property
21:41:50 [TestNG-test-Yt Master Tests-2] INFO  verifyingSideMenuCollapsedLangAsInSettingsLingua_21-36-43 - Language attribute read: ko-KR
21:41:50 [TestNG-test-Yt Master Tests-2] INFO  verifyingSideMenuCollapsedLangAsInSettingsLingua_21-36-43 - Clicking settings ellipses button...
21:41:50 [TestNG-test-Yt Master Tests-2] INFO  verifyingSideMenuCollapsedLangAsInSettingsLingua_21-36-43 - [verifyingSideMenuCollapsedLangAsInSettingsLingua_21-36-43] Trying to find element: By.xpath: //ytd-topbar-menu-button-renderer[@class='style-scope ytd-masthead style-default']
21:41:51 [TestNG-test-Yt Master Tests-2] INFO  verifyingSideMenuCollapsedLangAsInSettingsLingua_21-36-43 - [verifyingSideMenuCollapsedLangAsInSettingsLingua_21-36-43] Element found and ready (attempt 1): By.xpath: //ytd-topbar-menu-button-renderer[@class='style-scope ytd-masthead style-default']
21:41:51 [TestNG-test-Yt Master Tests-2] INFO  verifyingSideMenuCollapsedLangAsInSettingsLingua_21-36-43 - Clicking language dropdown...
21:41:51 [TestNG-test-Yt Master Tests-2] INFO  verifyingSideMenuCollapsedLangAsInSettingsLingua_21-36-43 - [verifyingSideMenuCollapsedLangAsInSettingsLingua_21-36-43] Trying to find element: By.xpath: (//div[@id='content-icon'])[2]
21:41:51 [TestNG-test-Yt Master Tests-2] INFO  verifyingSideMenuCollapsedLangAsInSettingsLingua_21-36-43 - [verifyingSideMenuCollapsedLangAsInSettingsLingua_21-36-43] Element found and ready (attempt 1): By.xpath: (//div[@id='content-icon'])[2]
21:41:52 [TestNG-test-Yt Master Tests-2] INFO  verifyingSideMenuCollapsedLangAsInSettingsLingua_21-36-43 - [verifyingSideMenuCollapsedLangAsInSettingsLingua_21-36-43] Not retrying test 'verifyingSideMenuCollapsedLangAsInSettingsLingua'. Retry count: 0, Cause: The following asserts failed:
	Language detection mismatch for language=Azərbaycan expected [AZERBAIJANI] but found [TURKISH],
	Language detection mismatch for language=Bahasa Indonesia expected [INDONESIAN] but found [ENGLISH],
	Language detection mismatch for language=Bosanski expected [CROATIAN] but found [BOSNIAN],
	Language detection mismatch for language=Hrvatski expected [CROATIAN] but found [BOSNIAN]
