2026-03-12 18:52:25.315 [TestNG-test-Yt Master Tests-2] INFO  [verifyingSideMenuCollapsedLangAsInSettingsLingua] ===== STARTING TEST: verifyingSideMenuCollapsedLangAsInSettingsLingua  | Thread: 35 =====
2026-03-12 18:52:25.319 [TestNG-test-Yt Master Tests-2] INFO  [verifyingSideMenuCollapsedLangAsInSettingsLingua] No existing WebDriver found for current thread. Initializing a new ChromeDriver...
2026-03-12 18:52:25.330 [TestNG-test-Yt Master Tests-2] INFO  [verifyingSideMenuCollapsedLangAsInSettingsLingua] WebDriverManager: chromedriver setup OK
2026-03-12 18:52:27.322 [TestNG-test-Yt Master Tests-2] INFO  [verifyingSideMenuCollapsedLangAsInSettingsLingua] ChromeDriver initialized successfully for thread: 35
2026-03-12 18:52:27.323 [TestNG-test-Yt Master Tests-2] INFO  [verifyingSideMenuCollapsedLangAsInSettingsLingua] Driver initialized successfully for test: verifyingSideMenuCollapsedLangAsInSettingsLingua
2026-03-12 18:52:27.324 [TestNG-test-Yt Master Tests-2] INFO  [verifyingSideMenuCollapsedLangAsInSettingsLingua] SafeActions initialized with driver ChromeDriver: chrome on windows (c658813f10dec8679785e71e26e8f497)
2026-03-12 18:52:27.324 [TestNG-test-Yt Master Tests-2] INFO  [verifyingSideMenuCollapsedLangAsInSettingsLingua] Initialized YtLandingPage with driver: ChromeDriver: chrome on windows (c658813f10dec8679785e71e26e8f497)
2026-03-12 18:52:27.324 [TestNG-test-Yt Master Tests-2] INFO  [verifyingSideMenuCollapsedLangAsInSettingsLingua] SafeActions initialized with driver ChromeDriver: chrome on windows (c658813f10dec8679785e71e26e8f497)
2026-03-12 18:52:29.593 [TestNG-test-Yt Master Tests-2] INFO  [verifyingSideMenuCollapsedLangAsInSettingsLingua] Opened YouTube landing page.
2026-03-12 18:52:29.768 [TestNG-test-Yt Master Tests-2] INFO  [verifyingSideMenuCollapsedLangAsInSettingsLingua] Clicking left ellipses in the landing page
2026-03-12 18:52:29.768 [TestNG-test-Yt Master Tests-2] INFO  [verifyingSideMenuCollapsedLangAsInSettingsLingua] [verifyingSideMenuCollapsedLangAsInSettingsLingua] Trying to find element: By.xpath: //ytd-topbar-logo-renderer[@id='logo']/preceding-sibling::*[@id='guide-button']
2026-03-12 18:52:29.899 [TestNG-test-Yt Master Tests-2] INFO  [verifyingSideMenuCollapsedLangAsInSettingsLingua] [verifyingSideMenuCollapsedLangAsInSettingsLingua] Element found and ready (attempt 1): By.xpath: //ytd-topbar-logo-renderer[@id='logo']/preceding-sibling::*[@id='guide-button']
2026-03-12 18:52:30.095 [TestNG-test-Yt Master Tests-2] INFO  [verifyingSideMenuCollapsedLangAsInSettingsLingua] Clicking settings ellipses button...
2026-03-12 18:52:30.361 [TestNG-test-Yt Master Tests-2] INFO  [verifyingSideMenuCollapsedLangAsInSettingsLingua] [verifyingSideMenuCollapsedLangAsInSettingsLingua] Trying to find element: By.xpath: //ytd-topbar-menu-button-renderer[@class='style-scope ytd-masthead style-default']
2026-03-12 18:52:30.468 [TestNG-test-Yt Master Tests-2] INFO  [verifyingSideMenuCollapsedLangAsInSettingsLingua] [verifyingSideMenuCollapsedLangAsInSettingsLingua] Element found and ready (attempt 1): By.xpath: //ytd-topbar-menu-button-renderer[@class='style-scope ytd-masthead style-default']
2026-03-12 18:52:30.575 [TestNG-test-Yt Master Tests-2] INFO  [verifyingSideMenuCollapsedLangAsInSettingsLingua] Clicking language dropdown...
2026-03-12 18:52:30.576 [TestNG-test-Yt Master Tests-2] INFO  [verifyingSideMenuCollapsedLangAsInSettingsLingua] [verifyingSideMenuCollapsedLangAsInSettingsLingua] Trying to find element: By.xpath: (//div[@id='content-icon'])[2]
2026-03-12 18:52:31.159 [TestNG-test-Yt Master Tests-2] INFO  [verifyingSideMenuCollapsedLangAsInSettingsLingua] [verifyingSideMenuCollapsedLangAsInSettingsLingua] Element found and ready (attempt 1): By.xpath: (//div[@id='content-icon'])[2]
2026-03-12 18:52:31.654 [TestNG-test-Yt Master Tests-2] INFO  [verifyingSideMenuCollapsedLangAsInSettingsLingua] [verifyingSideMenuCollapsedLangAsInSettingsLingua] Execution is scheduled type /CRON Job on CI Hence refering to CI keys from UtilData
2026-03-12 18:52:31.655 [TestNG-test-Yt Master Tests-2] INFO  [verifyingSideMenuCollapsedLangAsInSettingsLingua] Looking for language element with name: Afrikaans
2026-03-12 18:52:31.655 [TestNG-test-Yt Master Tests-2] INFO  [verifyingSideMenuCollapsedLangAsInSettingsLingua] [verifyingSideMenuCollapsedLangAsInSettingsLingua] Trying to find element: By.xpath: //yt-multi-page-menu-section-renderer[@class='style-scope ytd-multi-page-menu-renderer']//yt-formatted-string[@id='label' and text()='Afrikaans']
2026-03-12 18:52:31.801 [TestNG-test-Yt Master Tests-2] INFO  [verifyingSideMenuCollapsedLangAsInSettingsLingua] [verifyingSideMenuCollapsedLangAsInSettingsLingua] Element found and ready (attempt 1): By.xpath: //yt-multi-page-menu-section-renderer[@class='style-scope ytd-multi-page-menu-renderer']//yt-formatted-string[@id='label' and text()='Afrikaans']
2026-03-12 18:52:31.801 [TestNG-test-Yt Master Tests-2] INFO  [verifyingSideMenuCollapsedLangAsInSettingsLingua] [verifyingSideMenuCollapsedLangAsInSettingsLingua] Trying to find element: By.xpath: //yt-multi-page-menu-section-renderer[@class='style-scope ytd-multi-page-menu-renderer']//yt-formatted-string[@id='label' and text()='Afrikaans']
2026-03-12 18:52:31.871 [TestNG-test-Yt Master Tests-2] INFO  [verifyingSideMenuCollapsedLangAsInSettingsLingua] [verifyingSideMenuCollapsedLangAsInSettingsLingua] Element found and ready (attempt 1): By.xpath: //yt-multi-page-menu-section-renderer[@class='style-scope ytd-multi-page-menu-renderer']//yt-formatted-string[@id='label' and text()='Afrikaans']
2026-03-12 18:52:33.642 [TestNG-test-Yt Master Tests-2] INFO  [verifyingSideMenuCollapsedLangAsInSettingsLingua] Clicking settings ellipses button...
2026-03-12 18:52:34.339 [TestNG-test-Yt Master Tests-2] INFO  [verifyingSideMenuCollapsedLangAsInSettingsLingua] [verifyingSideMenuCollapsedLangAsInSettingsLingua] Trying to find element: By.xpath: //ytd-topbar-menu-button-renderer[@class='style-scope ytd-masthead style-default']
2026-03-12 18:52:34.477 [TestNG-test-Yt Master Tests-2] INFO  [verifyingSideMenuCollapsedLangAsInSettingsLingua] [verifyingSideMenuCollapsedLangAsInSettingsLingua] Element found and ready (attempt 1): By.xpath: //ytd-topbar-menu-button-renderer[@class='style-scope ytd-masthead style-default']
2026-03-12 18:52:34.714 [TestNG-test-Yt Master Tests-2] INFO  [verifyingSideMenuCollapsedLangAsInSettingsLingua] [verifyingSideMenuCollapsedLangAsInSettingsLingua] Waiting until element is visible in viewport
2026-03-12 18:52:34.871 [TestNG-test-Yt Master Tests-2] INFO  [verifyingSideMenuCollapsedLangAsInSettingsLingua] [verifyingSideMenuCollapsedLangAsInSettingsLingua] Capturing screenshot: Filter Applied is Afrikaans__2026-03-12_185234.jpg
2026-03-12 18:52:35.139 [TestNG-test-Yt Master Tests-2] INFO  [verifyingSideMenuCollapsedLangAsInSettingsLingua] [verifyingSideMenuCollapsedLangAsInSettingsLingua] Screenshot saved at: test-output/screenshots/Run_2026-03-12_18-35-07/verifyingSideMenuCollapsedLangAsInSettingsLingua/Filter Applied is Afrikaans__2026-03-12_185234.jpg
2026-03-12 18:52:35.139 [TestNG-test-Yt Master Tests-2] INFO  [verifyingSideMenuCollapsedLangAsInSettingsLingua] Clicking settings ellipses button...
2026-03-12 18:52:35.162 [TestNG-test-Yt Master Tests-2] INFO  [verifyingSideMenuCollapsedLangAsInSettingsLingua] [verifyingSideMenuCollapsedLangAsInSettingsLingua] Trying to find element: By.xpath: //ytd-topbar-menu-button-renderer[@class='style-scope ytd-masthead style-default']
2026-03-12 18:52:35.213 [TestNG-test-Yt Master Tests-2] INFO  [verifyingSideMenuCollapsedLangAsInSettingsLingua] [verifyingSideMenuCollapsedLangAsInSettingsLingua] Element found and ready (attempt 1): By.xpath: //ytd-topbar-menu-button-renderer[@class='style-scope ytd-masthead style-default']
2026-03-12 18:52:35.263 [TestNG-test-Yt Master Tests-2] INFO  [verifyingSideMenuCollapsedLangAsInSettingsLingua] getLangAttribute() - locating <html> and reading lang property
2026-03-12 18:52:35.279 [TestNG-test-Yt Master Tests-2] INFO  [verifyingSideMenuCollapsedLangAsInSettingsLingua] Language attribute read: af-ZA
2026-03-12 18:52:35.279 [TestNG-test-Yt Master Tests-2] INFO  [verifyingSideMenuCollapsedLangAsInSettingsLingua] Fetching the side menu in collapsed view
2026-03-12 18:52:35.279 [TestNG-test-Yt Master Tests-2] INFO  [verifyingSideMenuCollapsedLangAsInSettingsLingua] [verifyingSideMenuCollapsedLangAsInSettingsLingua] Finding elements list: By.xpath: //ytd-mini-guide-renderer[@class='style-scope ytd-app']//ytd-mini-guide-entry-renderer
2026-03-12 18:52:35.342 [TestNG-test-Yt Master Tests-2] INFO  [verifyingSideMenuCollapsedLangAsInSettingsLingua] [verifyingSideMenuCollapsedLangAsInSettingsLingua] Found 4 ready elements (attempt 1): By.xpath: //ytd-mini-guide-renderer[@class='style-scope ytd-app']//ytd-mini-guide-entry-renderer
2026-03-12 18:52:41.154 [TestNG-test-Yt Master Tests-2] INFO  [verifyingSideMenuCollapsedLangAsInSettingsLingua] 
========== LANGUAGE DETECTION ==========
Detected Language : AFRIKAANS
Input Text        : Tuis Kortvideo's Intekeninge Myne
========================================
2026-03-12 18:52:41.155 [TestNG-test-Yt Master Tests-2] INFO  [verifyingSideMenuCollapsedLangAsInSettingsLingua] text sent to lingua is       Tuis Kortvideo's Intekeninge Myne
2026-03-12 18:52:41.155 [TestNG-test-Yt Master Tests-2] INFO  [verifyingSideMenuCollapsedLangAsInSettingsLingua] getLangAttribute() - locating <html> and reading lang property
2026-03-12 18:52:41.170 [TestNG-test-Yt Master Tests-2] INFO  [verifyingSideMenuCollapsedLangAsInSettingsLingua] Language attribute read: af-ZA
2026-03-12 18:52:41.170 [TestNG-test-Yt Master Tests-2] INFO  [verifyingSideMenuCollapsedLangAsInSettingsLingua] Clicking settings ellipses button...
2026-03-12 18:52:41.190 [TestNG-test-Yt Master Tests-2] INFO  [verifyingSideMenuCollapsedLangAsInSettingsLingua] [verifyingSideMenuCollapsedLangAsInSettingsLingua] Trying to find element: By.xpath: //ytd-topbar-menu-button-renderer[@class='style-scope ytd-masthead style-default']
2026-03-12 18:52:41.248 [TestNG-test-Yt Master Tests-2] INFO  [verifyingSideMenuCollapsedLangAsInSettingsLingua] [verifyingSideMenuCollapsedLangAsInSettingsLingua] Element found and ready (attempt 1): By.xpath: //ytd-topbar-menu-button-renderer[@class='style-scope ytd-masthead style-default']
2026-03-12 18:52:41.331 [TestNG-test-Yt Master Tests-2] INFO  [verifyingSideMenuCollapsedLangAsInSettingsLingua] Clicking language dropdown...
2026-03-12 18:52:41.331 [TestNG-test-Yt Master Tests-2] INFO  [verifyingSideMenuCollapsedLangAsInSettingsLingua] [verifyingSideMenuCollapsedLangAsInSettingsLingua] Trying to find element: By.xpath: (//div[@id='content-icon'])[2]
2026-03-12 18:52:41.932 [TestNG-test-Yt Master Tests-2] INFO  [verifyingSideMenuCollapsedLangAsInSettingsLingua] [verifyingSideMenuCollapsedLangAsInSettingsLingua] Element found and ready (attempt 1): By.xpath: (//div[@id='content-icon'])[2]
2026-03-12 18:52:42.562 [TestNG-test-Yt Master Tests-2] INFO  [verifyingSideMenuCollapsedLangAsInSettingsLingua] Looking for language element with name: Azərbaycan
2026-03-12 18:52:42.562 [TestNG-test-Yt Master Tests-2] INFO  [verifyingSideMenuCollapsedLangAsInSettingsLingua] [verifyingSideMenuCollapsedLangAsInSettingsLingua] Trying to find element: By.xpath: //yt-multi-page-menu-section-renderer[@class='style-scope ytd-multi-page-menu-renderer']//yt-formatted-string[@id='label' and text()='Azərbaycan']
2026-03-12 18:52:42.807 [TestNG-test-Yt Master Tests-2] INFO  [verifyingSideMenuCollapsedLangAsInSettingsLingua] [verifyingSideMenuCollapsedLangAsInSettingsLingua] Element found and ready (attempt 1): By.xpath: //yt-multi-page-menu-section-renderer[@class='style-scope ytd-multi-page-menu-renderer']//yt-formatted-string[@id='label' and text()='Azərbaycan']
2026-03-12 18:52:42.807 [TestNG-test-Yt Master Tests-2] INFO  [verifyingSideMenuCollapsedLangAsInSettingsLingua] [verifyingSideMenuCollapsedLangAsInSettingsLingua] Trying to find element: By.xpath: //yt-multi-page-menu-section-renderer[@class='style-scope ytd-multi-page-menu-renderer']//yt-formatted-string[@id='label' and text()='Azərbaycan']
2026-03-12 18:52:42.885 [TestNG-test-Yt Master Tests-2] INFO  [verifyingSideMenuCollapsedLangAsInSettingsLingua] [verifyingSideMenuCollapsedLangAsInSettingsLingua] Element found and ready (attempt 1): By.xpath: //yt-multi-page-menu-section-renderer[@class='style-scope ytd-multi-page-menu-renderer']//yt-formatted-string[@id='label' and text()='Azərbaycan']
2026-03-12 18:52:45.232 [TestNG-test-Yt Master Tests-2] INFO  [verifyingSideMenuCollapsedLangAsInSettingsLingua] Clicking settings ellipses button...
2026-03-12 18:52:45.648 [TestNG-test-Yt Master Tests-2] INFO  [verifyingSideMenuCollapsedLangAsInSettingsLingua] [verifyingSideMenuCollapsedLangAsInSettingsLingua] Trying to find element: By.xpath: //ytd-topbar-menu-button-renderer[@class='style-scope ytd-masthead style-default']
2026-03-12 18:52:45.751 [TestNG-test-Yt Master Tests-2] INFO  [verifyingSideMenuCollapsedLangAsInSettingsLingua] [verifyingSideMenuCollapsedLangAsInSettingsLingua] Element found and ready (attempt 1): By.xpath: //ytd-topbar-menu-button-renderer[@class='style-scope ytd-masthead style-default']
2026-03-12 18:52:45.913 [TestNG-test-Yt Master Tests-2] INFO  [verifyingSideMenuCollapsedLangAsInSettingsLingua] [verifyingSideMenuCollapsedLangAsInSettingsLingua] Waiting until element is visible in viewport
2026-03-12 18:52:46.086 [TestNG-test-Yt Master Tests-2] INFO  [verifyingSideMenuCollapsedLangAsInSettingsLingua] [verifyingSideMenuCollapsedLangAsInSettingsLingua] Capturing screenshot: Filter Applied is Azərbaycan__2026-03-12_185246.jpg
2026-03-12 18:52:46.595 [TestNG-test-Yt Master Tests-2] INFO  [verifyingSideMenuCollapsedLangAsInSettingsLingua] [verifyingSideMenuCollapsedLangAsInSettingsLingua] Screenshot saved at: test-output/screenshots/Run_2026-03-12_18-35-07/verifyingSideMenuCollapsedLangAsInSettingsLingua/Filter Applied is Azərbaycan__2026-03-12_185246.jpg
2026-03-12 18:52:46.595 [TestNG-test-Yt Master Tests-2] INFO  [verifyingSideMenuCollapsedLangAsInSettingsLingua] Clicking settings ellipses button...
2026-03-12 18:52:46.614 [TestNG-test-Yt Master Tests-2] INFO  [verifyingSideMenuCollapsedLangAsInSettingsLingua] [verifyingSideMenuCollapsedLangAsInSettingsLingua] Trying to find element: By.xpath: //ytd-topbar-menu-button-renderer[@class='style-scope ytd-masthead style-default']
2026-03-12 18:52:46.663 [TestNG-test-Yt Master Tests-2] INFO  [verifyingSideMenuCollapsedLangAsInSettingsLingua] [verifyingSideMenuCollapsedLangAsInSettingsLingua] Element found and ready (attempt 1): By.xpath: //ytd-topbar-menu-button-renderer[@class='style-scope ytd-masthead style-default']
2026-03-12 18:52:46.714 [TestNG-test-Yt Master Tests-2] INFO  [verifyingSideMenuCollapsedLangAsInSettingsLingua] getLangAttribute() - locating <html> and reading lang property
2026-03-12 18:52:46.727 [TestNG-test-Yt Master Tests-2] INFO  [verifyingSideMenuCollapsedLangAsInSettingsLingua] Language attribute read: az-Latn-AZ
2026-03-12 18:52:46.727 [TestNG-test-Yt Master Tests-2] INFO  [verifyingSideMenuCollapsedLangAsInSettingsLingua] Fetching the side menu in collapsed view
2026-03-12 18:52:46.727 [TestNG-test-Yt Master Tests-2] INFO  [verifyingSideMenuCollapsedLangAsInSettingsLingua] [verifyingSideMenuCollapsedLangAsInSettingsLingua] Finding elements list: By.xpath: //ytd-mini-guide-renderer[@class='style-scope ytd-app']//ytd-mini-guide-entry-renderer
2026-03-12 18:52:46.786 [TestNG-test-Yt Master Tests-2] INFO  [verifyingSideMenuCollapsedLangAsInSettingsLingua] [verifyingSideMenuCollapsedLangAsInSettingsLingua] Found 4 ready elements (attempt 1): By.xpath: //ytd-mini-guide-renderer[@class='style-scope ytd-app']//ytd-mini-guide-entry-renderer
2026-03-12 18:52:46.867 [TestNG-test-Yt Master Tests-2] INFO  [verifyingSideMenuCollapsedLangAsInSettingsLingua] 
========== LANGUAGE DETECTION ==========
Detected Language : TURKISH
Input Text        : Ev Shorts Abunəliklər Siz
========================================
2026-03-12 18:52:46.867 [TestNG-test-Yt Master Tests-2] INFO  [verifyingSideMenuCollapsedLangAsInSettingsLingua] text sent to lingua is       Ev Shorts Abunəliklər Siz
2026-03-12 18:52:46.868 [TestNG-test-Yt Master Tests-2] INFO  [verifyingSideMenuCollapsedLangAsInSettingsLingua] getLangAttribute() - locating <html> and reading lang property
2026-03-12 18:52:46.880 [TestNG-test-Yt Master Tests-2] INFO  [verifyingSideMenuCollapsedLangAsInSettingsLingua] Language attribute read: az-Latn-AZ
2026-03-12 18:52:46.880 [TestNG-test-Yt Master Tests-2] INFO  [verifyingSideMenuCollapsedLangAsInSettingsLingua] Clicking settings ellipses button...
2026-03-12 18:52:46.902 [TestNG-test-Yt Master Tests-2] INFO  [verifyingSideMenuCollapsedLangAsInSettingsLingua] [verifyingSideMenuCollapsedLangAsInSettingsLingua] Trying to find element: By.xpath: //ytd-topbar-menu-button-renderer[@class='style-scope ytd-masthead style-default']
2026-03-12 18:52:46.961 [TestNG-test-Yt Master Tests-2] INFO  [verifyingSideMenuCollapsedLangAsInSettingsLingua] [verifyingSideMenuCollapsedLangAsInSettingsLingua] Element found and ready (attempt 1): By.xpath: //ytd-topbar-menu-button-renderer[@class='style-scope ytd-masthead style-default']
2026-03-12 18:52:47.036 [TestNG-test-Yt Master Tests-2] INFO  [verifyingSideMenuCollapsedLangAsInSettingsLingua] Clicking language dropdown...
2026-03-12 18:52:47.036 [TestNG-test-Yt Master Tests-2] INFO  [verifyingSideMenuCollapsedLangAsInSettingsLingua] [verifyingSideMenuCollapsedLangAsInSettingsLingua] Trying to find element: By.xpath: (//div[@id='content-icon'])[2]
2026-03-12 18:52:47.650 [TestNG-test-Yt Master Tests-2] INFO  [verifyingSideMenuCollapsedLangAsInSettingsLingua] [verifyingSideMenuCollapsedLangAsInSettingsLingua] Element found and ready (attempt 1): By.xpath: (//div[@id='content-icon'])[2]
2026-03-12 18:52:48.047 [TestNG-test-Yt Master Tests-2] INFO  [verifyingSideMenuCollapsedLangAsInSettingsLingua] Looking for language element with name: Bahasa Indonesia
2026-03-12 18:52:48.047 [TestNG-test-Yt Master Tests-2] INFO  [verifyingSideMenuCollapsedLangAsInSettingsLingua] [verifyingSideMenuCollapsedLangAsInSettingsLingua] Trying to find element: By.xpath: //yt-multi-page-menu-section-renderer[@class='style-scope ytd-multi-page-menu-renderer']//yt-formatted-string[@id='label' and text()='Bahasa Indonesia']
2026-03-12 18:52:48.211 [TestNG-test-Yt Master Tests-2] INFO  [verifyingSideMenuCollapsedLangAsInSettingsLingua] [verifyingSideMenuCollapsedLangAsInSettingsLingua] Element found and ready (attempt 1): By.xpath: //yt-multi-page-menu-section-renderer[@class='style-scope ytd-multi-page-menu-renderer']//yt-formatted-string[@id='label' and text()='Bahasa Indonesia']
2026-03-12 18:52:48.211 [TestNG-test-Yt Master Tests-2] INFO  [verifyingSideMenuCollapsedLangAsInSettingsLingua] [verifyingSideMenuCollapsedLangAsInSettingsLingua] Trying to find element: By.xpath: //yt-multi-page-menu-section-renderer[@class='style-scope ytd-multi-page-menu-renderer']//yt-formatted-string[@id='label' and text()='Bahasa Indonesia']
2026-03-12 18:52:48.263 [TestNG-test-Yt Master Tests-2] INFO  [verifyingSideMenuCollapsedLangAsInSettingsLingua] [verifyingSideMenuCollapsedLangAsInSettingsLingua] Element found and ready (attempt 1): By.xpath: //yt-multi-page-menu-section-renderer[@class='style-scope ytd-multi-page-menu-renderer']//yt-formatted-string[@id='label' and text()='Bahasa Indonesia']
2026-03-12 18:52:50.715 [TestNG-test-Yt Master Tests-2] INFO  [verifyingSideMenuCollapsedLangAsInSettingsLingua] Clicking settings ellipses button...
2026-03-12 18:52:51.133 [TestNG-test-Yt Master Tests-2] INFO  [verifyingSideMenuCollapsedLangAsInSettingsLingua] [verifyingSideMenuCollapsedLangAsInSettingsLingua] Trying to find element: By.xpath: //ytd-topbar-menu-button-renderer[@class='style-scope ytd-masthead style-default']
2026-03-12 18:52:51.208 [TestNG-test-Yt Master Tests-2] INFO  [verifyingSideMenuCollapsedLangAsInSettingsLingua] [verifyingSideMenuCollapsedLangAsInSettingsLingua] Element found and ready (attempt 1): By.xpath: //ytd-topbar-menu-button-renderer[@class='style-scope ytd-masthead style-default']
2026-03-12 18:52:51.426 [TestNG-test-Yt Master Tests-2] INFO  [verifyingSideMenuCollapsedLangAsInSettingsLingua] [verifyingSideMenuCollapsedLangAsInSettingsLingua] Waiting until element is visible in viewport
2026-03-12 18:52:51.556 [TestNG-test-Yt Master Tests-2] INFO  [verifyingSideMenuCollapsedLangAsInSettingsLingua] [verifyingSideMenuCollapsedLangAsInSettingsLingua] Capturing screenshot: Filter Applied is Bahasa Indonesia__2026-03-12_185251.jpg
2026-03-12 18:52:51.911 [TestNG-test-Yt Master Tests-2] INFO  [verifyingSideMenuCollapsedLangAsInSettingsLingua] [verifyingSideMenuCollapsedLangAsInSettingsLingua] Screenshot saved at: test-output/screenshots/Run_2026-03-12_18-35-07/verifyingSideMenuCollapsedLangAsInSettingsLingua/Filter Applied is Bahasa Indonesia__2026-03-12_185251.jpg
2026-03-12 18:52:51.912 [TestNG-test-Yt Master Tests-2] INFO  [verifyingSideMenuCollapsedLangAsInSettingsLingua] Clicking settings ellipses button...
2026-03-12 18:52:51.937 [TestNG-test-Yt Master Tests-2] INFO  [verifyingSideMenuCollapsedLangAsInSettingsLingua] [verifyingSideMenuCollapsedLangAsInSettingsLingua] Trying to find element: By.xpath: //ytd-topbar-menu-button-renderer[@class='style-scope ytd-masthead style-default']
2026-03-12 18:52:51.985 [TestNG-test-Yt Master Tests-2] INFO  [verifyingSideMenuCollapsedLangAsInSettingsLingua] [verifyingSideMenuCollapsedLangAsInSettingsLingua] Element found and ready (attempt 1): By.xpath: //ytd-topbar-menu-button-renderer[@class='style-scope ytd-masthead style-default']
2026-03-12 18:52:52.037 [TestNG-test-Yt Master Tests-2] INFO  [verifyingSideMenuCollapsedLangAsInSettingsLingua] getLangAttribute() - locating <html> and reading lang property
2026-03-12 18:52:52.049 [TestNG-test-Yt Master Tests-2] INFO  [verifyingSideMenuCollapsedLangAsInSettingsLingua] Language attribute read: id-ID
2026-03-12 18:52:52.049 [TestNG-test-Yt Master Tests-2] INFO  [verifyingSideMenuCollapsedLangAsInSettingsLingua] Fetching the side menu in collapsed view
2026-03-12 18:52:52.049 [TestNG-test-Yt Master Tests-2] INFO  [verifyingSideMenuCollapsedLangAsInSettingsLingua] [verifyingSideMenuCollapsedLangAsInSettingsLingua] Finding elements list: By.xpath: //ytd-mini-guide-renderer[@class='style-scope ytd-app']//ytd-mini-guide-entry-renderer
2026-03-12 18:52:52.109 [TestNG-test-Yt Master Tests-2] INFO  [verifyingSideMenuCollapsedLangAsInSettingsLingua] [verifyingSideMenuCollapsedLangAsInSettingsLingua] Found 4 ready elements (attempt 1): By.xpath: //ytd-mini-guide-renderer[@class='style-scope ytd-app']//ytd-mini-guide-entry-renderer
2026-03-12 18:52:52.194 [TestNG-test-Yt Master Tests-2] INFO  [verifyingSideMenuCollapsedLangAsInSettingsLingua] 
========== LANGUAGE DETECTION ==========
Detected Language : ENGLISH
Input Text        : Beranda Shorts Subscription Anda
========================================
2026-03-12 18:52:52.194 [TestNG-test-Yt Master Tests-2] INFO  [verifyingSideMenuCollapsedLangAsInSettingsLingua] text sent to lingua is       Beranda Shorts Subscription Anda
2026-03-12 18:52:52.195 [TestNG-test-Yt Master Tests-2] INFO  [verifyingSideMenuCollapsedLangAsInSettingsLingua] getLangAttribute() - locating <html> and reading lang property
2026-03-12 18:52:52.207 [TestNG-test-Yt Master Tests-2] INFO  [verifyingSideMenuCollapsedLangAsInSettingsLingua] Language attribute read: id-ID
2026-03-12 18:52:52.207 [TestNG-test-Yt Master Tests-2] INFO  [verifyingSideMenuCollapsedLangAsInSettingsLingua] Clicking settings ellipses button...
2026-03-12 18:52:52.228 [TestNG-test-Yt Master Tests-2] INFO  [verifyingSideMenuCollapsedLangAsInSettingsLingua] [verifyingSideMenuCollapsedLangAsInSettingsLingua] Trying to find element: By.xpath: //ytd-topbar-menu-button-renderer[@class='style-scope ytd-masthead style-default']
2026-03-12 18:52:52.277 [TestNG-test-Yt Master Tests-2] INFO  [verifyingSideMenuCollapsedLangAsInSettingsLingua] [verifyingSideMenuCollapsedLangAsInSettingsLingua] Element found and ready (attempt 1): By.xpath: //ytd-topbar-menu-button-renderer[@class='style-scope ytd-masthead style-default']
2026-03-12 18:52:52.332 [TestNG-test-Yt Master Tests-2] INFO  [verifyingSideMenuCollapsedLangAsInSettingsLingua] Clicking language dropdown...
2026-03-12 18:52:52.332 [TestNG-test-Yt Master Tests-2] INFO  [verifyingSideMenuCollapsedLangAsInSettingsLingua] [verifyingSideMenuCollapsedLangAsInSettingsLingua] Trying to find element: By.xpath: (//div[@id='content-icon'])[2]
2026-03-12 18:52:52.921 [TestNG-test-Yt Master Tests-2] INFO  [verifyingSideMenuCollapsedLangAsInSettingsLingua] [verifyingSideMenuCollapsedLangAsInSettingsLingua] Element found and ready (attempt 1): By.xpath: (//div[@id='content-icon'])[2]
2026-03-12 18:52:53.422 [TestNG-test-Yt Master Tests-2] INFO  [verifyingSideMenuCollapsedLangAsInSettingsLingua] Looking for language element with name: Bosanski
2026-03-12 18:52:53.423 [TestNG-test-Yt Master Tests-2] INFO  [verifyingSideMenuCollapsedLangAsInSettingsLingua] [verifyingSideMenuCollapsedLangAsInSettingsLingua] Trying to find element: By.xpath: //yt-multi-page-menu-section-renderer[@class='style-scope ytd-multi-page-menu-renderer']//yt-formatted-string[@id='label' and text()='Bosanski']
2026-03-12 18:52:53.570 [TestNG-test-Yt Master Tests-2] INFO  [verifyingSideMenuCollapsedLangAsInSettingsLingua] [verifyingSideMenuCollapsedLangAsInSettingsLingua] Element found and ready (attempt 1): By.xpath: //yt-multi-page-menu-section-renderer[@class='style-scope ytd-multi-page-menu-renderer']//yt-formatted-string[@id='label' and text()='Bosanski']
2026-03-12 18:52:53.570 [TestNG-test-Yt Master Tests-2] INFO  [verifyingSideMenuCollapsedLangAsInSettingsLingua] [verifyingSideMenuCollapsedLangAsInSettingsLingua] Trying to find element: By.xpath: //yt-multi-page-menu-section-renderer[@class='style-scope ytd-multi-page-menu-renderer']//yt-formatted-string[@id='label' and text()='Bosanski']
2026-03-12 18:52:53.622 [TestNG-test-Yt Master Tests-2] INFO  [verifyingSideMenuCollapsedLangAsInSettingsLingua] [verifyingSideMenuCollapsedLangAsInSettingsLingua] Element found and ready (attempt 1): By.xpath: //yt-multi-page-menu-section-renderer[@class='style-scope ytd-multi-page-menu-renderer']//yt-formatted-string[@id='label' and text()='Bosanski']
2026-03-12 18:52:55.706 [TestNG-test-Yt Master Tests-2] INFO  [verifyingSideMenuCollapsedLangAsInSettingsLingua] Clicking settings ellipses button...
2026-03-12 18:52:56.091 [TestNG-test-Yt Master Tests-2] INFO  [verifyingSideMenuCollapsedLangAsInSettingsLingua] [verifyingSideMenuCollapsedLangAsInSettingsLingua] Trying to find element: By.xpath: //ytd-topbar-menu-button-renderer[@class='style-scope ytd-masthead style-default']
2026-03-12 18:52:56.336 [TestNG-test-Yt Master Tests-2] INFO  [verifyingSideMenuCollapsedLangAsInSettingsLingua] [verifyingSideMenuCollapsedLangAsInSettingsLingua] Element found and ready (attempt 1): By.xpath: //ytd-topbar-menu-button-renderer[@class='style-scope ytd-masthead style-default']
2026-03-12 18:52:56.823 [TestNG-test-Yt Master Tests-2] INFO  [verifyingSideMenuCollapsedLangAsInSettingsLingua] [verifyingSideMenuCollapsedLangAsInSettingsLingua] Waiting until element is visible in viewport
2026-03-12 18:52:57.360 [TestNG-test-Yt Master Tests-2] INFO  [verifyingSideMenuCollapsedLangAsInSettingsLingua] [verifyingSideMenuCollapsedLangAsInSettingsLingua] Capturing screenshot: Filter Applied is Bosanski__2026-03-12_185257.jpg
2026-03-12 18:52:57.592 [TestNG-test-Yt Master Tests-2] INFO  [verifyingSideMenuCollapsedLangAsInSettingsLingua] [verifyingSideMenuCollapsedLangAsInSettingsLingua] Screenshot saved at: test-output/screenshots/Run_2026-03-12_18-35-07/verifyingSideMenuCollapsedLangAsInSettingsLingua/Filter Applied is Bosanski__2026-03-12_185257.jpg
2026-03-12 18:52:57.592 [TestNG-test-Yt Master Tests-2] INFO  [verifyingSideMenuCollapsedLangAsInSettingsLingua] Clicking settings ellipses button...
2026-03-12 18:52:57.611 [TestNG-test-Yt Master Tests-2] INFO  [verifyingSideMenuCollapsedLangAsInSettingsLingua] [verifyingSideMenuCollapsedLangAsInSettingsLingua] Trying to find element: By.xpath: //ytd-topbar-menu-button-renderer[@class='style-scope ytd-masthead style-default']
2026-03-12 18:52:57.661 [TestNG-test-Yt Master Tests-2] INFO  [verifyingSideMenuCollapsedLangAsInSettingsLingua] [verifyingSideMenuCollapsedLangAsInSettingsLingua] Element found and ready (attempt 1): By.xpath: //ytd-topbar-menu-button-renderer[@class='style-scope ytd-masthead style-default']
2026-03-12 18:52:57.713 [TestNG-test-Yt Master Tests-2] INFO  [verifyingSideMenuCollapsedLangAsInSettingsLingua] getLangAttribute() - locating <html> and reading lang property
2026-03-12 18:52:57.727 [TestNG-test-Yt Master Tests-2] INFO  [verifyingSideMenuCollapsedLangAsInSettingsLingua] Language attribute read: bs-Latn-BA
2026-03-12 18:52:57.727 [TestNG-test-Yt Master Tests-2] INFO  [verifyingSideMenuCollapsedLangAsInSettingsLingua] Fetching the side menu in collapsed view
2026-03-12 18:52:57.727 [TestNG-test-Yt Master Tests-2] INFO  [verifyingSideMenuCollapsedLangAsInSettingsLingua] [verifyingSideMenuCollapsedLangAsInSettingsLingua] Finding elements list: By.xpath: //ytd-mini-guide-renderer[@class='style-scope ytd-app']//ytd-mini-guide-entry-renderer
2026-03-12 18:52:57.784 [TestNG-test-Yt Master Tests-2] INFO  [verifyingSideMenuCollapsedLangAsInSettingsLingua] [verifyingSideMenuCollapsedLangAsInSettingsLingua] Found 4 ready elements (attempt 1): By.xpath: //ytd-mini-guide-renderer[@class='style-scope ytd-app']//ytd-mini-guide-entry-renderer
2026-03-12 18:52:57.863 [TestNG-test-Yt Master Tests-2] INFO  [verifyingSideMenuCollapsedLangAsInSettingsLingua] 
========== LANGUAGE DETECTION ==========
Detected Language : BOSNIAN
Input Text        : Početna stranica Shorts Pretplate Vi
========================================
2026-03-12 18:52:57.863 [TestNG-test-Yt Master Tests-2] INFO  [verifyingSideMenuCollapsedLangAsInSettingsLingua] text sent to lingua is       Početna stranica Shorts Pretplate Vi
2026-03-12 18:52:57.863 [TestNG-test-Yt Master Tests-2] INFO  [verifyingSideMenuCollapsedLangAsInSettingsLingua] getLangAttribute() - locating <html> and reading lang property
2026-03-12 18:52:57.875 [TestNG-test-Yt Master Tests-2] INFO  [verifyingSideMenuCollapsedLangAsInSettingsLingua] Language attribute read: bs-Latn-BA
2026-03-12 18:52:57.875 [TestNG-test-Yt Master Tests-2] INFO  [verifyingSideMenuCollapsedLangAsInSettingsLingua] Clicking settings ellipses button...
2026-03-12 18:52:57.895 [TestNG-test-Yt Master Tests-2] INFO  [verifyingSideMenuCollapsedLangAsInSettingsLingua] [verifyingSideMenuCollapsedLangAsInSettingsLingua] Trying to find element: By.xpath: //ytd-topbar-menu-button-renderer[@class='style-scope ytd-masthead style-default']
2026-03-12 18:52:57.947 [TestNG-test-Yt Master Tests-2] INFO  [verifyingSideMenuCollapsedLangAsInSettingsLingua] [verifyingSideMenuCollapsedLangAsInSettingsLingua] Element found and ready (attempt 1): By.xpath: //ytd-topbar-menu-button-renderer[@class='style-scope ytd-masthead style-default']
2026-03-12 18:52:58.016 [TestNG-test-Yt Master Tests-2] INFO  [verifyingSideMenuCollapsedLangAsInSettingsLingua] Clicking language dropdown...
2026-03-12 18:52:58.016 [TestNG-test-Yt Master Tests-2] INFO  [verifyingSideMenuCollapsedLangAsInSettingsLingua] [verifyingSideMenuCollapsedLangAsInSettingsLingua] Trying to find element: By.xpath: (//div[@id='content-icon'])[2]
2026-03-12 18:52:58.673 [TestNG-test-Yt Master Tests-2] INFO  [verifyingSideMenuCollapsedLangAsInSettingsLingua] [verifyingSideMenuCollapsedLangAsInSettingsLingua] Element found and ready (attempt 1): By.xpath: (//div[@id='content-icon'])[2]
2026-03-12 18:52:59.148 [TestNG-test-Yt Master Tests-2] INFO  [verifyingSideMenuCollapsedLangAsInSettingsLingua] Looking for language element with name: Català
2026-03-12 18:52:59.148 [TestNG-test-Yt Master Tests-2] INFO  [verifyingSideMenuCollapsedLangAsInSettingsLingua] [verifyingSideMenuCollapsedLangAsInSettingsLingua] Trying to find element: By.xpath: //yt-multi-page-menu-section-renderer[@class='style-scope ytd-multi-page-menu-renderer']//yt-formatted-string[@id='label' and text()='Català']
2026-03-12 18:52:59.256 [TestNG-test-Yt Master Tests-2] INFO  [verifyingSideMenuCollapsedLangAsInSettingsLingua] [verifyingSideMenuCollapsedLangAsInSettingsLingua] Element found and ready (attempt 1): By.xpath: //yt-multi-page-menu-section-renderer[@class='style-scope ytd-multi-page-menu-renderer']//yt-formatted-string[@id='label' and text()='Català']
2026-03-12 18:52:59.256 [TestNG-test-Yt Master Tests-2] INFO  [verifyingSideMenuCollapsedLangAsInSettingsLingua] [verifyingSideMenuCollapsedLangAsInSettingsLingua] Trying to find element: By.xpath: //yt-multi-page-menu-section-renderer[@class='style-scope ytd-multi-page-menu-renderer']//yt-formatted-string[@id='label' and text()='Català']
2026-03-12 18:52:59.311 [TestNG-test-Yt Master Tests-2] INFO  [verifyingSideMenuCollapsedLangAsInSettingsLingua] [verifyingSideMenuCollapsedLangAsInSettingsLingua] Element found and ready (attempt 1): By.xpath: //yt-multi-page-menu-section-renderer[@class='style-scope ytd-multi-page-menu-renderer']//yt-formatted-string[@id='label' and text()='Català']
2026-03-12 18:53:01.281 [TestNG-test-Yt Master Tests-2] INFO  [verifyingSideMenuCollapsedLangAsInSettingsLingua] Clicking settings ellipses button...
2026-03-12 18:53:01.509 [TestNG-test-Yt Master Tests-2] INFO  [verifyingSideMenuCollapsedLangAsInSettingsLingua] [verifyingSideMenuCollapsedLangAsInSettingsLingua] Trying to find element: By.xpath: //ytd-topbar-menu-button-renderer[@class='style-scope ytd-masthead style-default']
2026-03-12 18:53:01.704 [TestNG-test-Yt Master Tests-2] INFO  [verifyingSideMenuCollapsedLangAsInSettingsLingua] [verifyingSideMenuCollapsedLangAsInSettingsLingua] Element found and ready (attempt 1): By.xpath: //ytd-topbar-menu-button-renderer[@class='style-scope ytd-masthead style-default']
2026-03-12 18:53:02.081 [TestNG-test-Yt Master Tests-2] INFO  [verifyingSideMenuCollapsedLangAsInSettingsLingua] [verifyingSideMenuCollapsedLangAsInSettingsLingua] Waiting until element is visible in viewport
2026-03-12 18:53:02.121 [TestNG-test-Yt Master Tests-2] INFO  [verifyingSideMenuCollapsedLangAsInSettingsLingua] [verifyingSideMenuCollapsedLangAsInSettingsLingua] Capturing screenshot: Filter Applied is Català__2026-03-12_185302.jpg
2026-03-12 18:53:02.559 [TestNG-test-Yt Master Tests-2] INFO  [verifyingSideMenuCollapsedLangAsInSettingsLingua] [verifyingSideMenuCollapsedLangAsInSettingsLingua] Screenshot saved at: test-output/screenshots/Run_2026-03-12_18-35-07/verifyingSideMenuCollapsedLangAsInSettingsLingua/Filter Applied is Català__2026-03-12_185302.jpg
2026-03-12 18:53:02.559 [TestNG-test-Yt Master Tests-2] INFO  [verifyingSideMenuCollapsedLangAsInSettingsLingua] Clicking settings ellipses button...
2026-03-12 18:53:02.580 [TestNG-test-Yt Master Tests-2] INFO  [verifyingSideMenuCollapsedLangAsInSettingsLingua] [verifyingSideMenuCollapsedLangAsInSettingsLingua] Trying to find element: By.xpath: //ytd-topbar-menu-button-renderer[@class='style-scope ytd-masthead style-default']
2026-03-12 18:53:02.746 [TestNG-test-Yt Master Tests-2] INFO  [verifyingSideMenuCollapsedLangAsInSettingsLingua] [verifyingSideMenuCollapsedLangAsInSettingsLingua] Element found and ready (attempt 1): By.xpath: //ytd-topbar-menu-button-renderer[@class='style-scope ytd-masthead style-default']
2026-03-12 18:53:02.806 [TestNG-test-Yt Master Tests-2] INFO  [verifyingSideMenuCollapsedLangAsInSettingsLingua] getLangAttribute() - locating <html> and reading lang property
2026-03-12 18:53:02.825 [TestNG-test-Yt Master Tests-2] INFO  [verifyingSideMenuCollapsedLangAsInSettingsLingua] Language attribute read: ca-ES
2026-03-12 18:53:02.825 [TestNG-test-Yt Master Tests-2] INFO  [verifyingSideMenuCollapsedLangAsInSettingsLingua] Fetching the side menu in collapsed view
2026-03-12 18:53:02.825 [TestNG-test-Yt Master Tests-2] INFO  [verifyingSideMenuCollapsedLangAsInSettingsLingua] [verifyingSideMenuCollapsedLangAsInSettingsLingua] Finding elements list: By.xpath: //ytd-mini-guide-renderer[@class='style-scope ytd-app']//ytd-mini-guide-entry-renderer
2026-03-12 18:53:02.912 [TestNG-test-Yt Master Tests-2] INFO  [verifyingSideMenuCollapsedLangAsInSettingsLingua] [verifyingSideMenuCollapsedLangAsInSettingsLingua] Found 4 ready elements (attempt 1): By.xpath: //ytd-mini-guide-renderer[@class='style-scope ytd-app']//ytd-mini-guide-entry-renderer
2026-03-12 18:53:03.013 [TestNG-test-Yt Master Tests-2] INFO  [verifyingSideMenuCollapsedLangAsInSettingsLingua] 
========== LANGUAGE DETECTION ==========
Detected Language : CATALAN
Input Text        : Inici YouTube Shorts Subscripcions Tu
========================================
2026-03-12 18:53:03.013 [TestNG-test-Yt Master Tests-2] INFO  [verifyingSideMenuCollapsedLangAsInSettingsLingua] text sent to lingua is       Inici YouTube Shorts Subscripcions Tu
2026-03-12 18:53:03.013 [TestNG-test-Yt Master Tests-2] INFO  [verifyingSideMenuCollapsedLangAsInSettingsLingua] getLangAttribute() - locating <html> and reading lang property
2026-03-12 18:53:03.027 [TestNG-test-Yt Master Tests-2] INFO  [verifyingSideMenuCollapsedLangAsInSettingsLingua] Language attribute read: ca-ES
2026-03-12 18:53:03.027 [TestNG-test-Yt Master Tests-2] INFO  [verifyingSideMenuCollapsedLangAsInSettingsLingua] Clicking settings ellipses button...
2026-03-12 18:53:03.052 [TestNG-test-Yt Master Tests-2] INFO  [verifyingSideMenuCollapsedLangAsInSettingsLingua] [verifyingSideMenuCollapsedLangAsInSettingsLingua] Trying to find element: By.xpath: //ytd-topbar-menu-button-renderer[@class='style-scope ytd-masthead style-default']
2026-03-12 18:53:03.138 [TestNG-test-Yt Master Tests-2] INFO  [verifyingSideMenuCollapsedLangAsInSettingsLingua] [verifyingSideMenuCollapsedLangAsInSettingsLingua] Element found and ready (attempt 1): By.xpath: //ytd-topbar-menu-button-renderer[@class='style-scope ytd-masthead style-default']
2026-03-12 18:53:03.220 [TestNG-test-Yt Master Tests-2] INFO  [verifyingSideMenuCollapsedLangAsInSettingsLingua] Clicking language dropdown...
2026-03-12 18:53:03.220 [TestNG-test-Yt Master Tests-2] INFO  [verifyingSideMenuCollapsedLangAsInSettingsLingua] [verifyingSideMenuCollapsedLangAsInSettingsLingua] Trying to find element: By.xpath: (//div[@id='content-icon'])[2]
2026-03-12 18:53:03.786 [TestNG-test-Yt Master Tests-2] INFO  [verifyingSideMenuCollapsedLangAsInSettingsLingua] [verifyingSideMenuCollapsedLangAsInSettingsLingua] Element found and ready (attempt 1): By.xpath: (//div[@id='content-icon'])[2]
2026-03-12 18:53:04.345 [TestNG-test-Yt Master Tests-2] INFO  [verifyingSideMenuCollapsedLangAsInSettingsLingua] Looking for language element with name: Dansk
2026-03-12 18:53:04.345 [TestNG-test-Yt Master Tests-2] INFO  [verifyingSideMenuCollapsedLangAsInSettingsLingua] [verifyingSideMenuCollapsedLangAsInSettingsLingua] Trying to find element: By.xpath: //yt-multi-page-menu-section-renderer[@class='style-scope ytd-multi-page-menu-renderer']//yt-formatted-string[@id='label' and text()='Dansk']
2026-03-12 18:53:04.449 [TestNG-test-Yt Master Tests-2] INFO  [verifyingSideMenuCollapsedLangAsInSettingsLingua] [verifyingSideMenuCollapsedLangAsInSettingsLingua] Element found and ready (attempt 1): By.xpath: //yt-multi-page-menu-section-renderer[@class='style-scope ytd-multi-page-menu-renderer']//yt-formatted-string[@id='label' and text()='Dansk']
2026-03-12 18:53:04.449 [TestNG-test-Yt Master Tests-2] INFO  [verifyingSideMenuCollapsedLangAsInSettingsLingua] [verifyingSideMenuCollapsedLangAsInSettingsLingua] Trying to find element: By.xpath: //yt-multi-page-menu-section-renderer[@class='style-scope ytd-multi-page-menu-renderer']//yt-formatted-string[@id='label' and text()='Dansk']
2026-03-12 18:53:04.513 [TestNG-test-Yt Master Tests-2] INFO  [verifyingSideMenuCollapsedLangAsInSettingsLingua] [verifyingSideMenuCollapsedLangAsInSettingsLingua] Element found and ready (attempt 1): By.xpath: //yt-multi-page-menu-section-renderer[@class='style-scope ytd-multi-page-menu-renderer']//yt-formatted-string[@id='label' and text()='Dansk']
2026-03-12 18:53:06.277 [TestNG-test-Yt Master Tests-2] INFO  [verifyingSideMenuCollapsedLangAsInSettingsLingua] Clicking settings ellipses button...
2026-03-12 18:53:06.637 [TestNG-test-Yt Master Tests-2] INFO  [verifyingSideMenuCollapsedLangAsInSettingsLingua] [verifyingSideMenuCollapsedLangAsInSettingsLingua] Trying to find element: By.xpath: //ytd-topbar-menu-button-renderer[@class='style-scope ytd-masthead style-default']
2026-03-12 18:53:06.827 [TestNG-test-Yt Master Tests-2] INFO  [verifyingSideMenuCollapsedLangAsInSettingsLingua] [verifyingSideMenuCollapsedLangAsInSettingsLingua] Element found and ready (attempt 1): By.xpath: //ytd-topbar-menu-button-renderer[@class='style-scope ytd-masthead style-default']
2026-03-12 18:53:07.005 [TestNG-test-Yt Master Tests-2] INFO  [verifyingSideMenuCollapsedLangAsInSettingsLingua] [verifyingSideMenuCollapsedLangAsInSettingsLingua] Waiting until element is visible in viewport
2026-03-12 18:53:07.173 [TestNG-test-Yt Master Tests-2] INFO  [verifyingSideMenuCollapsedLangAsInSettingsLingua] [verifyingSideMenuCollapsedLangAsInSettingsLingua] Capturing screenshot: Filter Applied is Dansk__2026-03-12_185307.jpg
2026-03-12 18:53:07.561 [TestNG-test-Yt Master Tests-2] INFO  [verifyingSideMenuCollapsedLangAsInSettingsLingua] [verifyingSideMenuCollapsedLangAsInSettingsLingua] Screenshot saved at: test-output/screenshots/Run_2026-03-12_18-35-07/verifyingSideMenuCollapsedLangAsInSettingsLingua/Filter Applied is Dansk__2026-03-12_185307.jpg
2026-03-12 18:53:07.561 [TestNG-test-Yt Master Tests-2] INFO  [verifyingSideMenuCollapsedLangAsInSettingsLingua] Clicking settings ellipses button...
2026-03-12 18:53:07.584 [TestNG-test-Yt Master Tests-2] INFO  [verifyingSideMenuCollapsedLangAsInSettingsLingua] [verifyingSideMenuCollapsedLangAsInSettingsLingua] Trying to find element: By.xpath: //ytd-topbar-menu-button-renderer[@class='style-scope ytd-masthead style-default']
2026-03-12 18:53:07.653 [TestNG-test-Yt Master Tests-2] INFO  [verifyingSideMenuCollapsedLangAsInSettingsLingua] [verifyingSideMenuCollapsedLangAsInSettingsLingua] Element found and ready (attempt 1): By.xpath: //ytd-topbar-menu-button-renderer[@class='style-scope ytd-masthead style-default']
2026-03-12 18:53:07.707 [TestNG-test-Yt Master Tests-2] INFO  [verifyingSideMenuCollapsedLangAsInSettingsLingua] getLangAttribute() - locating <html> and reading lang property
2026-03-12 18:53:07.721 [TestNG-test-Yt Master Tests-2] INFO  [verifyingSideMenuCollapsedLangAsInSettingsLingua] Language attribute read: da-DK
2026-03-12 18:53:07.721 [TestNG-test-Yt Master Tests-2] INFO  [verifyingSideMenuCollapsedLangAsInSettingsLingua] Fetching the side menu in collapsed view
2026-03-12 18:53:07.721 [TestNG-test-Yt Master Tests-2] INFO  [verifyingSideMenuCollapsedLangAsInSettingsLingua] [verifyingSideMenuCollapsedLangAsInSettingsLingua] Finding elements list: By.xpath: //ytd-mini-guide-renderer[@class='style-scope ytd-app']//ytd-mini-guide-entry-renderer
2026-03-12 18:53:07.803 [TestNG-test-Yt Master Tests-2] INFO  [verifyingSideMenuCollapsedLangAsInSettingsLingua] [verifyingSideMenuCollapsedLangAsInSettingsLingua] Found 4 ready elements (attempt 1): By.xpath: //ytd-mini-guide-renderer[@class='style-scope ytd-app']//ytd-mini-guide-entry-renderer
2026-03-12 18:53:07.887 [TestNG-test-Yt Master Tests-2] INFO  [verifyingSideMenuCollapsedLangAsInSettingsLingua] 
========== LANGUAGE DETECTION ==========
Detected Language : DANISH
Input Text        : Start Shorts Abonnementer Dig
========================================
2026-03-12 18:53:07.887 [TestNG-test-Yt Master Tests-2] INFO  [verifyingSideMenuCollapsedLangAsInSettingsLingua] text sent to lingua is       Start Shorts Abonnementer Dig
2026-03-12 18:53:07.887 [TestNG-test-Yt Master Tests-2] INFO  [verifyingSideMenuCollapsedLangAsInSettingsLingua] getLangAttribute() - locating <html> and reading lang property
2026-03-12 18:53:07.901 [TestNG-test-Yt Master Tests-2] INFO  [verifyingSideMenuCollapsedLangAsInSettingsLingua] Language attribute read: da-DK
2026-03-12 18:53:07.902 [TestNG-test-Yt Master Tests-2] INFO  [verifyingSideMenuCollapsedLangAsInSettingsLingua] Clicking settings ellipses button...
2026-03-12 18:53:07.926 [TestNG-test-Yt Master Tests-2] INFO  [verifyingSideMenuCollapsedLangAsInSettingsLingua] [verifyingSideMenuCollapsedLangAsInSettingsLingua] Trying to find element: By.xpath: //ytd-topbar-menu-button-renderer[@class='style-scope ytd-masthead style-default']
2026-03-12 18:53:07.980 [TestNG-test-Yt Master Tests-2] INFO  [verifyingSideMenuCollapsedLangAsInSettingsLingua] [verifyingSideMenuCollapsedLangAsInSettingsLingua] Element found and ready (attempt 1): By.xpath: //ytd-topbar-menu-button-renderer[@class='style-scope ytd-masthead style-default']
2026-03-12 18:53:08.115 [TestNG-test-Yt Master Tests-2] INFO  [verifyingSideMenuCollapsedLangAsInSettingsLingua] Clicking language dropdown...
2026-03-12 18:53:08.115 [TestNG-test-Yt Master Tests-2] INFO  [verifyingSideMenuCollapsedLangAsInSettingsLingua] [verifyingSideMenuCollapsedLangAsInSettingsLingua] Trying to find element: By.xpath: (//div[@id='content-icon'])[2]
2026-03-12 18:53:08.782 [TestNG-test-Yt Master Tests-2] INFO  [verifyingSideMenuCollapsedLangAsInSettingsLingua] [verifyingSideMenuCollapsedLangAsInSettingsLingua] Element found and ready (attempt 1): By.xpath: (//div[@id='content-icon'])[2]
2026-03-12 18:53:09.283 [TestNG-test-Yt Master Tests-2] INFO  [verifyingSideMenuCollapsedLangAsInSettingsLingua] Looking for language element with name: Deutsch
2026-03-12 18:53:09.283 [TestNG-test-Yt Master Tests-2] INFO  [verifyingSideMenuCollapsedLangAsInSettingsLingua] [verifyingSideMenuCollapsedLangAsInSettingsLingua] Trying to find element: By.xpath: //yt-multi-page-menu-section-renderer[@class='style-scope ytd-multi-page-menu-renderer']//yt-formatted-string[@id='label' and text()='Deutsch']
2026-03-12 18:53:09.407 [TestNG-test-Yt Master Tests-2] INFO  [verifyingSideMenuCollapsedLangAsInSettingsLingua] [verifyingSideMenuCollapsedLangAsInSettingsLingua] Element found and ready (attempt 1): By.xpath: //yt-multi-page-menu-section-renderer[@class='style-scope ytd-multi-page-menu-renderer']//yt-formatted-string[@id='label' and text()='Deutsch']
2026-03-12 18:53:09.407 [TestNG-test-Yt Master Tests-2] INFO  [verifyingSideMenuCollapsedLangAsInSettingsLingua] [verifyingSideMenuCollapsedLangAsInSettingsLingua] Trying to find element: By.xpath: //yt-multi-page-menu-section-renderer[@class='style-scope ytd-multi-page-menu-renderer']//yt-formatted-string[@id='label' and text()='Deutsch']
2026-03-12 18:53:09.473 [TestNG-test-Yt Master Tests-2] INFO  [verifyingSideMenuCollapsedLangAsInSettingsLingua] [verifyingSideMenuCollapsedLangAsInSettingsLingua] Element found and ready (attempt 1): By.xpath: //yt-multi-page-menu-section-renderer[@class='style-scope ytd-multi-page-menu-renderer']//yt-formatted-string[@id='label' and text()='Deutsch']
2026-03-12 18:53:11.624 [TestNG-test-Yt Master Tests-2] INFO  [verifyingSideMenuCollapsedLangAsInSettingsLingua] Clicking settings ellipses button...
2026-03-12 18:53:12.065 [TestNG-test-Yt Master Tests-2] INFO  [verifyingSideMenuCollapsedLangAsInSettingsLingua] [verifyingSideMenuCollapsedLangAsInSettingsLingua] Trying to find element: By.xpath: //ytd-topbar-menu-button-renderer[@class='style-scope ytd-masthead style-default']
2026-03-12 18:53:12.311 [TestNG-test-Yt Master Tests-2] INFO  [verifyingSideMenuCollapsedLangAsInSettingsLingua] [verifyingSideMenuCollapsedLangAsInSettingsLingua] Element found and ready (attempt 1): By.xpath: //ytd-topbar-menu-button-renderer[@class='style-scope ytd-masthead style-default']
2026-03-12 18:53:12.526 [TestNG-test-Yt Master Tests-2] INFO  [verifyingSideMenuCollapsedLangAsInSettingsLingua] [verifyingSideMenuCollapsedLangAsInSettingsLingua] Waiting until element is visible in viewport
2026-03-12 18:53:12.654 [TestNG-test-Yt Master Tests-2] INFO  [verifyingSideMenuCollapsedLangAsInSettingsLingua] [verifyingSideMenuCollapsedLangAsInSettingsLingua] Capturing screenshot: Filter Applied is Deutsch__2026-03-12_185312.jpg
2026-03-12 18:53:12.996 [TestNG-test-Yt Master Tests-2] INFO  [verifyingSideMenuCollapsedLangAsInSettingsLingua] [verifyingSideMenuCollapsedLangAsInSettingsLingua] Screenshot saved at: test-output/screenshots/Run_2026-03-12_18-35-07/verifyingSideMenuCollapsedLangAsInSettingsLingua/Filter Applied is Deutsch__2026-03-12_185312.jpg
2026-03-12 18:53:12.996 [TestNG-test-Yt Master Tests-2] INFO  [verifyingSideMenuCollapsedLangAsInSettingsLingua] Clicking settings ellipses button...
2026-03-12 18:53:13.016 [TestNG-test-Yt Master Tests-2] INFO  [verifyingSideMenuCollapsedLangAsInSettingsLingua] [verifyingSideMenuCollapsedLangAsInSettingsLingua] Trying to find element: By.xpath: //ytd-topbar-menu-button-renderer[@class='style-scope ytd-masthead style-default']
2026-03-12 18:53:13.065 [TestNG-test-Yt Master Tests-2] INFO  [verifyingSideMenuCollapsedLangAsInSettingsLingua] [verifyingSideMenuCollapsedLangAsInSettingsLingua] Element found and ready (attempt 1): By.xpath: //ytd-topbar-menu-button-renderer[@class='style-scope ytd-masthead style-default']
2026-03-12 18:53:13.116 [TestNG-test-Yt Master Tests-2] INFO  [verifyingSideMenuCollapsedLangAsInSettingsLingua] getLangAttribute() - locating <html> and reading lang property
2026-03-12 18:53:13.130 [TestNG-test-Yt Master Tests-2] INFO  [verifyingSideMenuCollapsedLangAsInSettingsLingua] Language attribute read: de-DE
2026-03-12 18:53:13.130 [TestNG-test-Yt Master Tests-2] INFO  [verifyingSideMenuCollapsedLangAsInSettingsLingua] Fetching the side menu in collapsed view
2026-03-12 18:53:13.130 [TestNG-test-Yt Master Tests-2] INFO  [verifyingSideMenuCollapsedLangAsInSettingsLingua] [verifyingSideMenuCollapsedLangAsInSettingsLingua] Finding elements list: By.xpath: //ytd-mini-guide-renderer[@class='style-scope ytd-app']//ytd-mini-guide-entry-renderer
2026-03-12 18:53:13.198 [TestNG-test-Yt Master Tests-2] INFO  [verifyingSideMenuCollapsedLangAsInSettingsLingua] [verifyingSideMenuCollapsedLangAsInSettingsLingua] Found 4 ready elements (attempt 1): By.xpath: //ytd-mini-guide-renderer[@class='style-scope ytd-app']//ytd-mini-guide-entry-renderer
2026-03-12 18:53:13.284 [TestNG-test-Yt Master Tests-2] INFO  [verifyingSideMenuCollapsedLangAsInSettingsLingua] 
========== LANGUAGE DETECTION ==========
Detected Language : GERMAN
Input Text        : Startseite Shorts Abos Mein YouTube
========================================
2026-03-12 18:53:13.284 [TestNG-test-Yt Master Tests-2] INFO  [verifyingSideMenuCollapsedLangAsInSettingsLingua] text sent to lingua is       Startseite Shorts Abos Mein YouTube
2026-03-12 18:53:13.285 [TestNG-test-Yt Master Tests-2] INFO  [verifyingSideMenuCollapsedLangAsInSettingsLingua] getLangAttribute() - locating <html> and reading lang property
2026-03-12 18:53:13.296 [TestNG-test-Yt Master Tests-2] INFO  [verifyingSideMenuCollapsedLangAsInSettingsLingua] Language attribute read: de-DE
2026-03-12 18:53:13.296 [TestNG-test-Yt Master Tests-2] INFO  [verifyingSideMenuCollapsedLangAsInSettingsLingua] Clicking settings ellipses button...
2026-03-12 18:53:13.317 [TestNG-test-Yt Master Tests-2] INFO  [verifyingSideMenuCollapsedLangAsInSettingsLingua] [verifyingSideMenuCollapsedLangAsInSettingsLingua] Trying to find element: By.xpath: //ytd-topbar-menu-button-renderer[@class='style-scope ytd-masthead style-default']
2026-03-12 18:53:13.375 [TestNG-test-Yt Master Tests-2] INFO  [verifyingSideMenuCollapsedLangAsInSettingsLingua] [verifyingSideMenuCollapsedLangAsInSettingsLingua] Element found and ready (attempt 1): By.xpath: //ytd-topbar-menu-button-renderer[@class='style-scope ytd-masthead style-default']
2026-03-12 18:53:13.447 [TestNG-test-Yt Master Tests-2] INFO  [verifyingSideMenuCollapsedLangAsInSettingsLingua] Clicking language dropdown...
2026-03-12 18:53:13.447 [TestNG-test-Yt Master Tests-2] INFO  [verifyingSideMenuCollapsedLangAsInSettingsLingua] [verifyingSideMenuCollapsedLangAsInSettingsLingua] Trying to find element: By.xpath: (//div[@id='content-icon'])[2]
2026-03-12 18:53:14.032 [TestNG-test-Yt Master Tests-2] INFO  [verifyingSideMenuCollapsedLangAsInSettingsLingua] [verifyingSideMenuCollapsedLangAsInSettingsLingua] Element found and ready (attempt 1): By.xpath: (//div[@id='content-icon'])[2]
2026-03-12 18:53:14.640 [TestNG-test-Yt Master Tests-2] INFO  [verifyingSideMenuCollapsedLangAsInSettingsLingua] Looking for language element with name: Eesti
2026-03-12 18:53:14.640 [TestNG-test-Yt Master Tests-2] INFO  [verifyingSideMenuCollapsedLangAsInSettingsLingua] [verifyingSideMenuCollapsedLangAsInSettingsLingua] Trying to find element: By.xpath: //yt-multi-page-menu-section-renderer[@class='style-scope ytd-multi-page-menu-renderer']//yt-formatted-string[@id='label' and text()='Eesti']
2026-03-12 18:53:14.781 [TestNG-test-Yt Master Tests-2] INFO  [verifyingSideMenuCollapsedLangAsInSettingsLingua] [verifyingSideMenuCollapsedLangAsInSettingsLingua] Element found and ready (attempt 1): By.xpath: //yt-multi-page-menu-section-renderer[@class='style-scope ytd-multi-page-menu-renderer']//yt-formatted-string[@id='label' and text()='Eesti']
2026-03-12 18:53:14.781 [TestNG-test-Yt Master Tests-2] INFO  [verifyingSideMenuCollapsedLangAsInSettingsLingua] [verifyingSideMenuCollapsedLangAsInSettingsLingua] Trying to find element: By.xpath: //yt-multi-page-menu-section-renderer[@class='style-scope ytd-multi-page-menu-renderer']//yt-formatted-string[@id='label' and text()='Eesti']
2026-03-12 18:53:14.844 [TestNG-test-Yt Master Tests-2] INFO  [verifyingSideMenuCollapsedLangAsInSettingsLingua] [verifyingSideMenuCollapsedLangAsInSettingsLingua] Element found and ready (attempt 1): By.xpath: //yt-multi-page-menu-section-renderer[@class='style-scope ytd-multi-page-menu-renderer']//yt-formatted-string[@id='label' and text()='Eesti']
2026-03-12 18:53:16.937 [TestNG-test-Yt Master Tests-2] INFO  [verifyingSideMenuCollapsedLangAsInSettingsLingua] Clicking settings ellipses button...
2026-03-12 18:53:17.320 [TestNG-test-Yt Master Tests-2] INFO  [verifyingSideMenuCollapsedLangAsInSettingsLingua] [verifyingSideMenuCollapsedLangAsInSettingsLingua] Trying to find element: By.xpath: //ytd-topbar-menu-button-renderer[@class='style-scope ytd-masthead style-default']
2026-03-12 18:53:17.385 [TestNG-test-Yt Master Tests-2] INFO  [verifyingSideMenuCollapsedLangAsInSettingsLingua] [verifyingSideMenuCollapsedLangAsInSettingsLingua] Element found and ready (attempt 1): By.xpath: //ytd-topbar-menu-button-renderer[@class='style-scope ytd-masthead style-default']
2026-03-12 18:53:17.706 [TestNG-test-Yt Master Tests-2] INFO  [verifyingSideMenuCollapsedLangAsInSettingsLingua] [verifyingSideMenuCollapsedLangAsInSettingsLingua] Waiting until element is visible in viewport
2026-03-12 18:53:17.825 [TestNG-test-Yt Master Tests-2] INFO  [verifyingSideMenuCollapsedLangAsInSettingsLingua] [verifyingSideMenuCollapsedLangAsInSettingsLingua] Capturing screenshot: Filter Applied is Eesti__2026-03-12_185317.jpg
2026-03-12 18:53:18.207 [TestNG-test-Yt Master Tests-2] INFO  [verifyingSideMenuCollapsedLangAsInSettingsLingua] [verifyingSideMenuCollapsedLangAsInSettingsLingua] Screenshot saved at: test-output/screenshots/Run_2026-03-12_18-35-07/verifyingSideMenuCollapsedLangAsInSettingsLingua/Filter Applied is Eesti__2026-03-12_185317.jpg
2026-03-12 18:53:18.207 [TestNG-test-Yt Master Tests-2] INFO  [verifyingSideMenuCollapsedLangAsInSettingsLingua] Clicking settings ellipses button...
2026-03-12 18:53:18.257 [TestNG-test-Yt Master Tests-2] INFO  [verifyingSideMenuCollapsedLangAsInSettingsLingua] [verifyingSideMenuCollapsedLangAsInSettingsLingua] Trying to find element: By.xpath: //ytd-topbar-menu-button-renderer[@class='style-scope ytd-masthead style-default']
2026-03-12 18:53:18.329 [TestNG-test-Yt Master Tests-2] INFO  [verifyingSideMenuCollapsedLangAsInSettingsLingua] [verifyingSideMenuCollapsedLangAsInSettingsLingua] Element found and ready (attempt 1): By.xpath: //ytd-topbar-menu-button-renderer[@class='style-scope ytd-masthead style-default']
2026-03-12 18:53:18.394 [TestNG-test-Yt Master Tests-2] INFO  [verifyingSideMenuCollapsedLangAsInSettingsLingua] getLangAttribute() - locating <html> and reading lang property
2026-03-12 18:53:18.409 [TestNG-test-Yt Master Tests-2] INFO  [verifyingSideMenuCollapsedLangAsInSettingsLingua] Language attribute read: et-EE
2026-03-12 18:53:18.409 [TestNG-test-Yt Master Tests-2] INFO  [verifyingSideMenuCollapsedLangAsInSettingsLingua] Fetching the side menu in collapsed view
2026-03-12 18:53:18.409 [TestNG-test-Yt Master Tests-2] INFO  [verifyingSideMenuCollapsedLangAsInSettingsLingua] [verifyingSideMenuCollapsedLangAsInSettingsLingua] Finding elements list: By.xpath: //ytd-mini-guide-renderer[@class='style-scope ytd-app']//ytd-mini-guide-entry-renderer
2026-03-12 18:53:18.473 [TestNG-test-Yt Master Tests-2] INFO  [verifyingSideMenuCollapsedLangAsInSettingsLingua] [verifyingSideMenuCollapsedLangAsInSettingsLingua] Found 4 ready elements (attempt 1): By.xpath: //ytd-mini-guide-renderer[@class='style-scope ytd-app']//ytd-mini-guide-entry-renderer
2026-03-12 18:53:18.555 [TestNG-test-Yt Master Tests-2] INFO  [verifyingSideMenuCollapsedLangAsInSettingsLingua] 
========== LANGUAGE DETECTION ==========
Detected Language : ESTONIAN
Input Text        : Avaleht Shorts Tellimused Teie
========================================
2026-03-12 18:53:18.555 [TestNG-test-Yt Master Tests-2] INFO  [verifyingSideMenuCollapsedLangAsInSettingsLingua] text sent to lingua is       Avaleht Shorts Tellimused Teie
2026-03-12 18:53:18.555 [TestNG-test-Yt Master Tests-2] INFO  [verifyingSideMenuCollapsedLangAsInSettingsLingua] getLangAttribute() - locating <html> and reading lang property
2026-03-12 18:53:18.569 [TestNG-test-Yt Master Tests-2] INFO  [verifyingSideMenuCollapsedLangAsInSettingsLingua] Language attribute read: et-EE
2026-03-12 18:53:18.569 [TestNG-test-Yt Master Tests-2] INFO  [verifyingSideMenuCollapsedLangAsInSettingsLingua] Clicking settings ellipses button...
2026-03-12 18:53:18.590 [TestNG-test-Yt Master Tests-2] INFO  [verifyingSideMenuCollapsedLangAsInSettingsLingua] [verifyingSideMenuCollapsedLangAsInSettingsLingua] Trying to find element: By.xpath: //ytd-topbar-menu-button-renderer[@class='style-scope ytd-masthead style-default']
2026-03-12 18:53:18.657 [TestNG-test-Yt Master Tests-2] INFO  [verifyingSideMenuCollapsedLangAsInSettingsLingua] [verifyingSideMenuCollapsedLangAsInSettingsLingua] Element found and ready (attempt 1): By.xpath: //ytd-topbar-menu-button-renderer[@class='style-scope ytd-masthead style-default']
2026-03-12 18:53:18.741 [TestNG-test-Yt Master Tests-2] INFO  [verifyingSideMenuCollapsedLangAsInSettingsLingua] Clicking language dropdown...
2026-03-12 18:53:18.741 [TestNG-test-Yt Master Tests-2] INFO  [verifyingSideMenuCollapsedLangAsInSettingsLingua] [verifyingSideMenuCollapsedLangAsInSettingsLingua] Trying to find element: By.xpath: (//div[@id='content-icon'])[2]
2026-03-12 18:53:19.307 [TestNG-test-Yt Master Tests-2] INFO  [verifyingSideMenuCollapsedLangAsInSettingsLingua] [verifyingSideMenuCollapsedLangAsInSettingsLingua] Element found and ready (attempt 1): By.xpath: (//div[@id='content-icon'])[2]
2026-03-12 18:53:19.994 [TestNG-test-Yt Master Tests-2] INFO  [verifyingSideMenuCollapsedLangAsInSettingsLingua] Looking for language element with name: English (India)
2026-03-12 18:53:19.994 [TestNG-test-Yt Master Tests-2] INFO  [verifyingSideMenuCollapsedLangAsInSettingsLingua] [verifyingSideMenuCollapsedLangAsInSettingsLingua] Trying to find element: By.xpath: //yt-multi-page-menu-section-renderer[@class='style-scope ytd-multi-page-menu-renderer']//yt-formatted-string[@id='label' and text()='English (India)']
2026-03-12 18:53:20.070 [TestNG-test-Yt Master Tests-2] INFO  [verifyingSideMenuCollapsedLangAsInSettingsLingua] [verifyingSideMenuCollapsedLangAsInSettingsLingua] Element found and ready (attempt 1): By.xpath: //yt-multi-page-menu-section-renderer[@class='style-scope ytd-multi-page-menu-renderer']//yt-formatted-string[@id='label' and text()='English (India)']
2026-03-12 18:53:20.070 [TestNG-test-Yt Master Tests-2] INFO  [verifyingSideMenuCollapsedLangAsInSettingsLingua] [verifyingSideMenuCollapsedLangAsInSettingsLingua] Trying to find element: By.xpath: //yt-multi-page-menu-section-renderer[@class='style-scope ytd-multi-page-menu-renderer']//yt-formatted-string[@id='label' and text()='English (India)']
2026-03-12 18:53:20.150 [TestNG-test-Yt Master Tests-2] INFO  [verifyingSideMenuCollapsedLangAsInSettingsLingua] [verifyingSideMenuCollapsedLangAsInSettingsLingua] Element found and ready (attempt 1): By.xpath: //yt-multi-page-menu-section-renderer[@class='style-scope ytd-multi-page-menu-renderer']//yt-formatted-string[@id='label' and text()='English (India)']
2026-03-12 18:53:22.410 [TestNG-test-Yt Master Tests-2] INFO  [verifyingSideMenuCollapsedLangAsInSettingsLingua] Clicking settings ellipses button...
2026-03-12 18:53:22.694 [TestNG-test-Yt Master Tests-2] INFO  [verifyingSideMenuCollapsedLangAsInSettingsLingua] [verifyingSideMenuCollapsedLangAsInSettingsLingua] Trying to find element: By.xpath: //ytd-topbar-menu-button-renderer[@class='style-scope ytd-masthead style-default']
2026-03-12 18:53:22.879 [TestNG-test-Yt Master Tests-2] INFO  [verifyingSideMenuCollapsedLangAsInSettingsLingua] [verifyingSideMenuCollapsedLangAsInSettingsLingua] Element found and ready (attempt 1): By.xpath: //ytd-topbar-menu-button-renderer[@class='style-scope ytd-masthead style-default']
2026-03-12 18:53:23.217 [TestNG-test-Yt Master Tests-2] INFO  [verifyingSideMenuCollapsedLangAsInSettingsLingua] [verifyingSideMenuCollapsedLangAsInSettingsLingua] Waiting until element is visible in viewport
2026-03-12 18:53:23.287 [TestNG-test-Yt Master Tests-2] INFO  [verifyingSideMenuCollapsedLangAsInSettingsLingua] [verifyingSideMenuCollapsedLangAsInSettingsLingua] Capturing screenshot: Filter Applied is English (India)__2026-03-12_185323.jpg
2026-03-12 18:53:23.628 [TestNG-test-Yt Master Tests-2] INFO  [verifyingSideMenuCollapsedLangAsInSettingsLingua] [verifyingSideMenuCollapsedLangAsInSettingsLingua] Screenshot saved at: test-output/screenshots/Run_2026-03-12_18-35-07/verifyingSideMenuCollapsedLangAsInSettingsLingua/Filter Applied is English (India)__2026-03-12_185323.jpg
2026-03-12 18:53:23.628 [TestNG-test-Yt Master Tests-2] INFO  [verifyingSideMenuCollapsedLangAsInSettingsLingua] Clicking settings ellipses button...
2026-03-12 18:53:23.650 [TestNG-test-Yt Master Tests-2] INFO  [verifyingSideMenuCollapsedLangAsInSettingsLingua] [verifyingSideMenuCollapsedLangAsInSettingsLingua] Trying to find element: By.xpath: //ytd-topbar-menu-button-renderer[@class='style-scope ytd-masthead style-default']
2026-03-12 18:53:23.718 [TestNG-test-Yt Master Tests-2] INFO  [verifyingSideMenuCollapsedLangAsInSettingsLingua] [verifyingSideMenuCollapsedLangAsInSettingsLingua] Element found and ready (attempt 1): By.xpath: //ytd-topbar-menu-button-renderer[@class='style-scope ytd-masthead style-default']
2026-03-12 18:53:23.812 [TestNG-test-Yt Master Tests-2] INFO  [verifyingSideMenuCollapsedLangAsInSettingsLingua] getLangAttribute() - locating <html> and reading lang property
2026-03-12 18:53:23.837 [TestNG-test-Yt Master Tests-2] INFO  [verifyingSideMenuCollapsedLangAsInSettingsLingua] Language attribute read: en-IN
2026-03-12 18:53:23.837 [TestNG-test-Yt Master Tests-2] INFO  [verifyingSideMenuCollapsedLangAsInSettingsLingua] Fetching the side menu in collapsed view
2026-03-12 18:53:23.838 [TestNG-test-Yt Master Tests-2] INFO  [verifyingSideMenuCollapsedLangAsInSettingsLingua] [verifyingSideMenuCollapsedLangAsInSettingsLingua] Finding elements list: By.xpath: //ytd-mini-guide-renderer[@class='style-scope ytd-app']//ytd-mini-guide-entry-renderer
2026-03-12 18:53:23.953 [TestNG-test-Yt Master Tests-2] INFO  [verifyingSideMenuCollapsedLangAsInSettingsLingua] [verifyingSideMenuCollapsedLangAsInSettingsLingua] Found 4 ready elements (attempt 1): By.xpath: //ytd-mini-guide-renderer[@class='style-scope ytd-app']//ytd-mini-guide-entry-renderer
2026-03-12 18:53:24.044 [TestNG-test-Yt Master Tests-2] INFO  [verifyingSideMenuCollapsedLangAsInSettingsLingua] 
========== LANGUAGE DETECTION ==========
Detected Language : ENGLISH
Input Text        : Home Shorts Subscriptions You
========================================
2026-03-12 18:53:24.044 [TestNG-test-Yt Master Tests-2] INFO  [verifyingSideMenuCollapsedLangAsInSettingsLingua] text sent to lingua is       Home Shorts Subscriptions You
2026-03-12 18:53:24.044 [TestNG-test-Yt Master Tests-2] INFO  [verifyingSideMenuCollapsedLangAsInSettingsLingua] getLangAttribute() - locating <html> and reading lang property
2026-03-12 18:53:24.057 [TestNG-test-Yt Master Tests-2] INFO  [verifyingSideMenuCollapsedLangAsInSettingsLingua] Language attribute read: en-IN
2026-03-12 18:53:24.058 [TestNG-test-Yt Master Tests-2] INFO  [verifyingSideMenuCollapsedLangAsInSettingsLingua] Clicking settings ellipses button...
2026-03-12 18:53:24.079 [TestNG-test-Yt Master Tests-2] INFO  [verifyingSideMenuCollapsedLangAsInSettingsLingua] [verifyingSideMenuCollapsedLangAsInSettingsLingua] Trying to find element: By.xpath: //ytd-topbar-menu-button-renderer[@class='style-scope ytd-masthead style-default']
2026-03-12 18:53:24.136 [TestNG-test-Yt Master Tests-2] INFO  [verifyingSideMenuCollapsedLangAsInSettingsLingua] [verifyingSideMenuCollapsedLangAsInSettingsLingua] Element found and ready (attempt 1): By.xpath: //ytd-topbar-menu-button-renderer[@class='style-scope ytd-masthead style-default']
2026-03-12 18:53:24.232 [TestNG-test-Yt Master Tests-2] INFO  [verifyingSideMenuCollapsedLangAsInSettingsLingua] Clicking language dropdown...
2026-03-12 18:53:24.232 [TestNG-test-Yt Master Tests-2] INFO  [verifyingSideMenuCollapsedLangAsInSettingsLingua] [verifyingSideMenuCollapsedLangAsInSettingsLingua] Trying to find element: By.xpath: (//div[@id='content-icon'])[2]
2026-03-12 18:53:24.816 [TestNG-test-Yt Master Tests-2] INFO  [verifyingSideMenuCollapsedLangAsInSettingsLingua] [verifyingSideMenuCollapsedLangAsInSettingsLingua] Element found and ready (attempt 1): By.xpath: (//div[@id='content-icon'])[2]
2026-03-12 18:53:25.396 [TestNG-test-Yt Master Tests-2] INFO  [verifyingSideMenuCollapsedLangAsInSettingsLingua] Looking for language element with name: English (UK)
2026-03-12 18:53:25.396 [TestNG-test-Yt Master Tests-2] INFO  [verifyingSideMenuCollapsedLangAsInSettingsLingua] [verifyingSideMenuCollapsedLangAsInSettingsLingua] Trying to find element: By.xpath: //yt-multi-page-menu-section-renderer[@class='style-scope ytd-multi-page-menu-renderer']//yt-formatted-string[@id='label' and text()='English (UK)']
2026-03-12 18:53:25.511 [TestNG-test-Yt Master Tests-2] INFO  [verifyingSideMenuCollapsedLangAsInSettingsLingua] [verifyingSideMenuCollapsedLangAsInSettingsLingua] Element found and ready (attempt 1): By.xpath: //yt-multi-page-menu-section-renderer[@class='style-scope ytd-multi-page-menu-renderer']//yt-formatted-string[@id='label' and text()='English (UK)']
2026-03-12 18:53:25.511 [TestNG-test-Yt Master Tests-2] INFO  [verifyingSideMenuCollapsedLangAsInSettingsLingua] [verifyingSideMenuCollapsedLangAsInSettingsLingua] Trying to find element: By.xpath: //yt-multi-page-menu-section-renderer[@class='style-scope ytd-multi-page-menu-renderer']//yt-formatted-string[@id='label' and text()='English (UK)']
2026-03-12 18:53:25.675 [TestNG-test-Yt Master Tests-2] INFO  [verifyingSideMenuCollapsedLangAsInSettingsLingua] [verifyingSideMenuCollapsedLangAsInSettingsLingua] Element found and ready (attempt 1): By.xpath: //yt-multi-page-menu-section-renderer[@class='style-scope ytd-multi-page-menu-renderer']//yt-formatted-string[@id='label' and text()='English (UK)']
2026-03-12 18:53:27.943 [TestNG-test-Yt Master Tests-2] INFO  [verifyingSideMenuCollapsedLangAsInSettingsLingua] Clicking settings ellipses button...
2026-03-12 18:53:28.192 [TestNG-test-Yt Master Tests-2] INFO  [verifyingSideMenuCollapsedLangAsInSettingsLingua] [verifyingSideMenuCollapsedLangAsInSettingsLingua] Trying to find element: By.xpath: //ytd-topbar-menu-button-renderer[@class='style-scope ytd-masthead style-default']
2026-03-12 18:53:28.367 [TestNG-test-Yt Master Tests-2] INFO  [verifyingSideMenuCollapsedLangAsInSettingsLingua] [verifyingSideMenuCollapsedLangAsInSettingsLingua] Element found and ready (attempt 1): By.xpath: //ytd-topbar-menu-button-renderer[@class='style-scope ytd-masthead style-default']
2026-03-12 18:53:28.955 [TestNG-test-Yt Master Tests-2] INFO  [verifyingSideMenuCollapsedLangAsInSettingsLingua] [verifyingSideMenuCollapsedLangAsInSettingsLingua] Waiting until element is visible in viewport
2026-03-12 18:53:29.055 [TestNG-test-Yt Master Tests-2] INFO  [verifyingSideMenuCollapsedLangAsInSettingsLingua] [verifyingSideMenuCollapsedLangAsInSettingsLingua] Capturing screenshot: Filter Applied is English (UK)__2026-03-12_185329.jpg
2026-03-12 18:53:29.361 [TestNG-test-Yt Master Tests-2] INFO  [verifyingSideMenuCollapsedLangAsInSettingsLingua] [verifyingSideMenuCollapsedLangAsInSettingsLingua] Screenshot saved at: test-output/screenshots/Run_2026-03-12_18-35-07/verifyingSideMenuCollapsedLangAsInSettingsLingua/Filter Applied is English (UK)__2026-03-12_185329.jpg
2026-03-12 18:53:29.361 [TestNG-test-Yt Master Tests-2] INFO  [verifyingSideMenuCollapsedLangAsInSettingsLingua] Clicking settings ellipses button...
2026-03-12 18:53:29.419 [TestNG-test-Yt Master Tests-2] INFO  [verifyingSideMenuCollapsedLangAsInSettingsLingua] [verifyingSideMenuCollapsedLangAsInSettingsLingua] Trying to find element: By.xpath: //ytd-topbar-menu-button-renderer[@class='style-scope ytd-masthead style-default']
2026-03-12 18:53:29.491 [TestNG-test-Yt Master Tests-2] INFO  [verifyingSideMenuCollapsedLangAsInSettingsLingua] [verifyingSideMenuCollapsedLangAsInSettingsLingua] Element found and ready (attempt 1): By.xpath: //ytd-topbar-menu-button-renderer[@class='style-scope ytd-masthead style-default']
2026-03-12 18:53:29.603 [TestNG-test-Yt Master Tests-2] INFO  [verifyingSideMenuCollapsedLangAsInSettingsLingua] getLangAttribute() - locating <html> and reading lang property
2026-03-12 18:53:29.618 [TestNG-test-Yt Master Tests-2] INFO  [verifyingSideMenuCollapsedLangAsInSettingsLingua] Language attribute read: en-GB
2026-03-12 18:53:29.618 [TestNG-test-Yt Master Tests-2] INFO  [verifyingSideMenuCollapsedLangAsInSettingsLingua] Fetching the side menu in collapsed view
2026-03-12 18:53:29.618 [TestNG-test-Yt Master Tests-2] INFO  [verifyingSideMenuCollapsedLangAsInSettingsLingua] [verifyingSideMenuCollapsedLangAsInSettingsLingua] Finding elements list: By.xpath: //ytd-mini-guide-renderer[@class='style-scope ytd-app']//ytd-mini-guide-entry-renderer
2026-03-12 18:53:29.717 [TestNG-test-Yt Master Tests-2] INFO  [verifyingSideMenuCollapsedLangAsInSettingsLingua] [verifyingSideMenuCollapsedLangAsInSettingsLingua] Found 4 ready elements (attempt 1): By.xpath: //ytd-mini-guide-renderer[@class='style-scope ytd-app']//ytd-mini-guide-entry-renderer
2026-03-12 18:53:29.822 [TestNG-test-Yt Master Tests-2] INFO  [verifyingSideMenuCollapsedLangAsInSettingsLingua] 
========== LANGUAGE DETECTION ==========
Detected Language : ENGLISH
Input Text        : Home Shorts Subscriptions You
========================================
2026-03-12 18:53:29.822 [TestNG-test-Yt Master Tests-2] INFO  [verifyingSideMenuCollapsedLangAsInSettingsLingua] text sent to lingua is       Home Shorts Subscriptions You
2026-03-12 18:53:29.823 [TestNG-test-Yt Master Tests-2] INFO  [verifyingSideMenuCollapsedLangAsInSettingsLingua] getLangAttribute() - locating <html> and reading lang property
2026-03-12 18:53:29.836 [TestNG-test-Yt Master Tests-2] INFO  [verifyingSideMenuCollapsedLangAsInSettingsLingua] Language attribute read: en-GB
2026-03-12 18:53:29.836 [TestNG-test-Yt Master Tests-2] INFO  [verifyingSideMenuCollapsedLangAsInSettingsLingua] Clicking settings ellipses button...
2026-03-12 18:53:29.860 [TestNG-test-Yt Master Tests-2] INFO  [verifyingSideMenuCollapsedLangAsInSettingsLingua] [verifyingSideMenuCollapsedLangAsInSettingsLingua] Trying to find element: By.xpath: //ytd-topbar-menu-button-renderer[@class='style-scope ytd-masthead style-default']
2026-03-12 18:53:29.926 [TestNG-test-Yt Master Tests-2] INFO  [verifyingSideMenuCollapsedLangAsInSettingsLingua] [verifyingSideMenuCollapsedLangAsInSettingsLingua] Element found and ready (attempt 1): By.xpath: //ytd-topbar-menu-button-renderer[@class='style-scope ytd-masthead style-default']
2026-03-12 18:53:30.362 [TestNG-test-Yt Master Tests-2] INFO  [verifyingSideMenuCollapsedLangAsInSettingsLingua] Clicking language dropdown...
2026-03-12 18:53:30.363 [TestNG-test-Yt Master Tests-2] INFO  [verifyingSideMenuCollapsedLangAsInSettingsLingua] [verifyingSideMenuCollapsedLangAsInSettingsLingua] Trying to find element: By.xpath: (//div[@id='content-icon'])[2]
2026-03-12 18:53:30.502 [TestNG-test-Yt Master Tests-2] INFO  [verifyingSideMenuCollapsedLangAsInSettingsLingua] [verifyingSideMenuCollapsedLangAsInSettingsLingua] Element found and ready (attempt 1): By.xpath: (//div[@id='content-icon'])[2]
2026-03-12 18:53:31.279 [TestNG-test-Yt Master Tests-2] INFO  [verifyingSideMenuCollapsedLangAsInSettingsLingua] Looking for language element with name: English (US)
2026-03-12 18:53:31.279 [TestNG-test-Yt Master Tests-2] INFO  [verifyingSideMenuCollapsedLangAsInSettingsLingua] [verifyingSideMenuCollapsedLangAsInSettingsLingua] Trying to find element: By.xpath: //yt-multi-page-menu-section-renderer[@class='style-scope ytd-multi-page-menu-renderer']//yt-formatted-string[@id='label' and text()='English (US)']
2026-03-12 18:53:31.564 [TestNG-test-Yt Master Tests-2] INFO  [verifyingSideMenuCollapsedLangAsInSettingsLingua] [verifyingSideMenuCollapsedLangAsInSettingsLingua] Element found and ready (attempt 1): By.xpath: //yt-multi-page-menu-section-renderer[@class='style-scope ytd-multi-page-menu-renderer']//yt-formatted-string[@id='label' and text()='English (US)']
2026-03-12 18:53:31.564 [TestNG-test-Yt Master Tests-2] INFO  [verifyingSideMenuCollapsedLangAsInSettingsLingua] [verifyingSideMenuCollapsedLangAsInSettingsLingua] Trying to find element: By.xpath: //yt-multi-page-menu-section-renderer[@class='style-scope ytd-multi-page-menu-renderer']//yt-formatted-string[@id='label' and text()='English (US)']
2026-03-12 18:53:31.731 [TestNG-test-Yt Master Tests-2] INFO  [verifyingSideMenuCollapsedLangAsInSettingsLingua] [verifyingSideMenuCollapsedLangAsInSettingsLingua] Element found and ready (attempt 1): By.xpath: //yt-multi-page-menu-section-renderer[@class='style-scope ytd-multi-page-menu-renderer']//yt-formatted-string[@id='label' and text()='English (US)']
2026-03-12 18:53:33.944 [TestNG-test-Yt Master Tests-2] INFO  [verifyingSideMenuCollapsedLangAsInSettingsLingua] Clicking settings ellipses button...
2026-03-12 18:53:34.131 [TestNG-test-Yt Master Tests-2] INFO  [verifyingSideMenuCollapsedLangAsInSettingsLingua] [verifyingSideMenuCollapsedLangAsInSettingsLingua] Trying to find element: By.xpath: //ytd-topbar-menu-button-renderer[@class='style-scope ytd-masthead style-default']
2026-03-12 18:53:34.219 [TestNG-test-Yt Master Tests-2] INFO  [verifyingSideMenuCollapsedLangAsInSettingsLingua] [verifyingSideMenuCollapsedLangAsInSettingsLingua] Element found and ready (attempt 1): By.xpath: //ytd-topbar-menu-button-renderer[@class='style-scope ytd-masthead style-default']
2026-03-12 18:53:34.525 [TestNG-test-Yt Master Tests-2] INFO  [verifyingSideMenuCollapsedLangAsInSettingsLingua] [verifyingSideMenuCollapsedLangAsInSettingsLingua] Waiting until element is visible in viewport
2026-03-12 18:53:34.644 [TestNG-test-Yt Master Tests-2] INFO  [verifyingSideMenuCollapsedLangAsInSettingsLingua] [verifyingSideMenuCollapsedLangAsInSettingsLingua] Capturing screenshot: Filter Applied is English (US)__2026-03-12_185334.jpg
2026-03-12 18:53:34.935 [TestNG-test-Yt Master Tests-2] INFO  [verifyingSideMenuCollapsedLangAsInSettingsLingua] [verifyingSideMenuCollapsedLangAsInSettingsLingua] Screenshot saved at: test-output/screenshots/Run_2026-03-12_18-35-07/verifyingSideMenuCollapsedLangAsInSettingsLingua/Filter Applied is English (US)__2026-03-12_185334.jpg
2026-03-12 18:53:34.935 [TestNG-test-Yt Master Tests-2] INFO  [verifyingSideMenuCollapsedLangAsInSettingsLingua] Clicking settings ellipses button...
2026-03-12 18:53:34.956 [TestNG-test-Yt Master Tests-2] INFO  [verifyingSideMenuCollapsedLangAsInSettingsLingua] [verifyingSideMenuCollapsedLangAsInSettingsLingua] Trying to find element: By.xpath: //ytd-topbar-menu-button-renderer[@class='style-scope ytd-masthead style-default']
2026-03-12 18:53:35.007 [TestNG-test-Yt Master Tests-2] INFO  [verifyingSideMenuCollapsedLangAsInSettingsLingua] [verifyingSideMenuCollapsedLangAsInSettingsLingua] Element found and ready (attempt 1): By.xpath: //ytd-topbar-menu-button-renderer[@class='style-scope ytd-masthead style-default']
2026-03-12 18:53:35.065 [TestNG-test-Yt Master Tests-2] INFO  [verifyingSideMenuCollapsedLangAsInSettingsLingua] getLangAttribute() - locating <html> and reading lang property
2026-03-12 18:53:35.081 [TestNG-test-Yt Master Tests-2] INFO  [verifyingSideMenuCollapsedLangAsInSettingsLingua] Language attribute read: en
2026-03-12 18:53:35.081 [TestNG-test-Yt Master Tests-2] INFO  [verifyingSideMenuCollapsedLangAsInSettingsLingua] Fetching the side menu in collapsed view
2026-03-12 18:53:35.081 [TestNG-test-Yt Master Tests-2] INFO  [verifyingSideMenuCollapsedLangAsInSettingsLingua] [verifyingSideMenuCollapsedLangAsInSettingsLingua] Finding elements list: By.xpath: //ytd-mini-guide-renderer[@class='style-scope ytd-app']//ytd-mini-guide-entry-renderer
2026-03-12 18:53:35.172 [TestNG-test-Yt Master Tests-2] INFO  [verifyingSideMenuCollapsedLangAsInSettingsLingua] [verifyingSideMenuCollapsedLangAsInSettingsLingua] Found 4 ready elements (attempt 1): By.xpath: //ytd-mini-guide-renderer[@class='style-scope ytd-app']//ytd-mini-guide-entry-renderer
2026-03-12 18:53:35.262 [TestNG-test-Yt Master Tests-2] INFO  [verifyingSideMenuCollapsedLangAsInSettingsLingua] 
========== LANGUAGE DETECTION ==========
Detected Language : ENGLISH
Input Text        : Home Shorts Subscriptions You
========================================
2026-03-12 18:53:35.262 [TestNG-test-Yt Master Tests-2] INFO  [verifyingSideMenuCollapsedLangAsInSettingsLingua] text sent to lingua is       Home Shorts Subscriptions You
2026-03-12 18:53:35.262 [TestNG-test-Yt Master Tests-2] INFO  [verifyingSideMenuCollapsedLangAsInSettingsLingua] getLangAttribute() - locating <html> and reading lang property
2026-03-12 18:53:35.276 [TestNG-test-Yt Master Tests-2] INFO  [verifyingSideMenuCollapsedLangAsInSettingsLingua] Language attribute read: en
2026-03-12 18:53:35.276 [TestNG-test-Yt Master Tests-2] INFO  [verifyingSideMenuCollapsedLangAsInSettingsLingua] Clicking settings ellipses button...
2026-03-12 18:53:35.297 [TestNG-test-Yt Master Tests-2] INFO  [verifyingSideMenuCollapsedLangAsInSettingsLingua] [verifyingSideMenuCollapsedLangAsInSettingsLingua] Trying to find element: By.xpath: //ytd-topbar-menu-button-renderer[@class='style-scope ytd-masthead style-default']
2026-03-12 18:53:35.358 [TestNG-test-Yt Master Tests-2] INFO  [verifyingSideMenuCollapsedLangAsInSettingsLingua] [verifyingSideMenuCollapsedLangAsInSettingsLingua] Element found and ready (attempt 1): By.xpath: //ytd-topbar-menu-button-renderer[@class='style-scope ytd-masthead style-default']
2026-03-12 18:53:35.442 [TestNG-test-Yt Master Tests-2] INFO  [verifyingSideMenuCollapsedLangAsInSettingsLingua] Clicking language dropdown...
2026-03-12 18:53:35.443 [TestNG-test-Yt Master Tests-2] INFO  [verifyingSideMenuCollapsedLangAsInSettingsLingua] [verifyingSideMenuCollapsedLangAsInSettingsLingua] Trying to find element: By.xpath: (//div[@id='content-icon'])[2]
2026-03-12 18:53:36.003 [TestNG-test-Yt Master Tests-2] INFO  [verifyingSideMenuCollapsedLangAsInSettingsLingua] [verifyingSideMenuCollapsedLangAsInSettingsLingua] Element found and ready (attempt 1): By.xpath: (//div[@id='content-icon'])[2]
2026-03-12 18:53:36.489 [TestNG-test-Yt Master Tests-2] INFO  [verifyingSideMenuCollapsedLangAsInSettingsLingua] Looking for language element with name: Español (España)
2026-03-12 18:53:36.489 [TestNG-test-Yt Master Tests-2] INFO  [verifyingSideMenuCollapsedLangAsInSettingsLingua] [verifyingSideMenuCollapsedLangAsInSettingsLingua] Trying to find element: By.xpath: //yt-multi-page-menu-section-renderer[@class='style-scope ytd-multi-page-menu-renderer']//yt-formatted-string[@id='label' and text()='Español (España)']
2026-03-12 18:53:36.594 [TestNG-test-Yt Master Tests-2] INFO  [verifyingSideMenuCollapsedLangAsInSettingsLingua] [verifyingSideMenuCollapsedLangAsInSettingsLingua] Element found and ready (attempt 1): By.xpath: //yt-multi-page-menu-section-renderer[@class='style-scope ytd-multi-page-menu-renderer']//yt-formatted-string[@id='label' and text()='Español (España)']
2026-03-12 18:53:36.594 [TestNG-test-Yt Master Tests-2] INFO  [verifyingSideMenuCollapsedLangAsInSettingsLingua] [verifyingSideMenuCollapsedLangAsInSettingsLingua] Trying to find element: By.xpath: //yt-multi-page-menu-section-renderer[@class='style-scope ytd-multi-page-menu-renderer']//yt-formatted-string[@id='label' and text()='Español (España)']
2026-03-12 18:53:36.651 [TestNG-test-Yt Master Tests-2] INFO  [verifyingSideMenuCollapsedLangAsInSettingsLingua] [verifyingSideMenuCollapsedLangAsInSettingsLingua] Element found and ready (attempt 1): By.xpath: //yt-multi-page-menu-section-renderer[@class='style-scope ytd-multi-page-menu-renderer']//yt-formatted-string[@id='label' and text()='Español (España)']
2026-03-12 18:53:39.122 [TestNG-test-Yt Master Tests-2] INFO  [verifyingSideMenuCollapsedLangAsInSettingsLingua] Clicking settings ellipses button...
2026-03-12 18:53:39.480 [TestNG-test-Yt Master Tests-2] INFO  [verifyingSideMenuCollapsedLangAsInSettingsLingua] [verifyingSideMenuCollapsedLangAsInSettingsLingua] Trying to find element: By.xpath: //ytd-topbar-menu-button-renderer[@class='style-scope ytd-masthead style-default']
2026-03-12 18:53:39.705 [TestNG-test-Yt Master Tests-2] INFO  [verifyingSideMenuCollapsedLangAsInSettingsLingua] [verifyingSideMenuCollapsedLangAsInSettingsLingua] Element found and ready (attempt 1): By.xpath: //ytd-topbar-menu-button-renderer[@class='style-scope ytd-masthead style-default']
2026-03-12 18:53:40.084 [TestNG-test-Yt Master Tests-2] INFO  [verifyingSideMenuCollapsedLangAsInSettingsLingua] [verifyingSideMenuCollapsedLangAsInSettingsLingua] Waiting until element is visible in viewport
2026-03-12 18:53:40.168 [TestNG-test-Yt Master Tests-2] INFO  [verifyingSideMenuCollapsedLangAsInSettingsLingua] [verifyingSideMenuCollapsedLangAsInSettingsLingua] Capturing screenshot: Filter Applied is Español (España)__2026-03-12_185340.jpg
2026-03-12 18:53:40.470 [TestNG-test-Yt Master Tests-2] INFO  [verifyingSideMenuCollapsedLangAsInSettingsLingua] [verifyingSideMenuCollapsedLangAsInSettingsLingua] Screenshot saved at: test-output/screenshots/Run_2026-03-12_18-35-07/verifyingSideMenuCollapsedLangAsInSettingsLingua/Filter Applied is Español (España)__2026-03-12_185340.jpg
2026-03-12 18:53:40.471 [TestNG-test-Yt Master Tests-2] INFO  [verifyingSideMenuCollapsedLangAsInSettingsLingua] Clicking settings ellipses button...
2026-03-12 18:53:40.491 [TestNG-test-Yt Master Tests-2] INFO  [verifyingSideMenuCollapsedLangAsInSettingsLingua] [verifyingSideMenuCollapsedLangAsInSettingsLingua] Trying to find element: By.xpath: //ytd-topbar-menu-button-renderer[@class='style-scope ytd-masthead style-default']
2026-03-12 18:53:40.542 [TestNG-test-Yt Master Tests-2] INFO  [verifyingSideMenuCollapsedLangAsInSettingsLingua] [verifyingSideMenuCollapsedLangAsInSettingsLingua] Element found and ready (attempt 1): By.xpath: //ytd-topbar-menu-button-renderer[@class='style-scope ytd-masthead style-default']
2026-03-12 18:53:40.592 [TestNG-test-Yt Master Tests-2] INFO  [verifyingSideMenuCollapsedLangAsInSettingsLingua] getLangAttribute() - locating <html> and reading lang property
2026-03-12 18:53:40.605 [TestNG-test-Yt Master Tests-2] INFO  [verifyingSideMenuCollapsedLangAsInSettingsLingua] Language attribute read: es-ES
2026-03-12 18:53:40.605 [TestNG-test-Yt Master Tests-2] INFO  [verifyingSideMenuCollapsedLangAsInSettingsLingua] Fetching the side menu in collapsed view
2026-03-12 18:53:40.605 [TestNG-test-Yt Master Tests-2] INFO  [verifyingSideMenuCollapsedLangAsInSettingsLingua] [verifyingSideMenuCollapsedLangAsInSettingsLingua] Finding elements list: By.xpath: //ytd-mini-guide-renderer[@class='style-scope ytd-app']//ytd-mini-guide-entry-renderer
2026-03-12 18:53:40.755 [TestNG-test-Yt Master Tests-2] INFO  [verifyingSideMenuCollapsedLangAsInSettingsLingua] [verifyingSideMenuCollapsedLangAsInSettingsLingua] Found 4 ready elements (attempt 1): By.xpath: //ytd-mini-guide-renderer[@class='style-scope ytd-app']//ytd-mini-guide-entry-renderer
2026-03-12 18:53:40.913 [TestNG-test-Yt Master Tests-2] INFO  [verifyingSideMenuCollapsedLangAsInSettingsLingua] 
========== LANGUAGE DETECTION ==========
Detected Language : SPANISH
Input Text        : Inicio Shorts Suscripciones Tú
========================================
2026-03-12 18:53:40.913 [TestNG-test-Yt Master Tests-2] INFO  [verifyingSideMenuCollapsedLangAsInSettingsLingua] text sent to lingua is       Inicio Shorts Suscripciones Tú
2026-03-12 18:53:40.913 [TestNG-test-Yt Master Tests-2] INFO  [verifyingSideMenuCollapsedLangAsInSettingsLingua] getLangAttribute() - locating <html> and reading lang property
2026-03-12 18:53:40.925 [TestNG-test-Yt Master Tests-2] INFO  [verifyingSideMenuCollapsedLangAsInSettingsLingua] Language attribute read: es-ES
2026-03-12 18:53:40.925 [TestNG-test-Yt Master Tests-2] INFO  [verifyingSideMenuCollapsedLangAsInSettingsLingua] Clicking settings ellipses button...
2026-03-12 18:53:40.947 [TestNG-test-Yt Master Tests-2] INFO  [verifyingSideMenuCollapsedLangAsInSettingsLingua] [verifyingSideMenuCollapsedLangAsInSettingsLingua] Trying to find element: By.xpath: //ytd-topbar-menu-button-renderer[@class='style-scope ytd-masthead style-default']
2026-03-12 18:53:41.006 [TestNG-test-Yt Master Tests-2] INFO  [verifyingSideMenuCollapsedLangAsInSettingsLingua] [verifyingSideMenuCollapsedLangAsInSettingsLingua] Element found and ready (attempt 1): By.xpath: //ytd-topbar-menu-button-renderer[@class='style-scope ytd-masthead style-default']
2026-03-12 18:53:41.083 [TestNG-test-Yt Master Tests-2] INFO  [verifyingSideMenuCollapsedLangAsInSettingsLingua] Clicking language dropdown...
2026-03-12 18:53:41.083 [TestNG-test-Yt Master Tests-2] INFO  [verifyingSideMenuCollapsedLangAsInSettingsLingua] [verifyingSideMenuCollapsedLangAsInSettingsLingua] Trying to find element: By.xpath: (//div[@id='content-icon'])[2]
2026-03-12 18:53:41.669 [TestNG-test-Yt Master Tests-2] INFO  [verifyingSideMenuCollapsedLangAsInSettingsLingua] [verifyingSideMenuCollapsedLangAsInSettingsLingua] Element found and ready (attempt 1): By.xpath: (//div[@id='content-icon'])[2]
2026-03-12 18:53:42.143 [TestNG-test-Yt Master Tests-2] INFO  [verifyingSideMenuCollapsedLangAsInSettingsLingua] Looking for language element with name: Español (Latinoamérica)
2026-03-12 18:53:42.144 [TestNG-test-Yt Master Tests-2] INFO  [verifyingSideMenuCollapsedLangAsInSettingsLingua] [verifyingSideMenuCollapsedLangAsInSettingsLingua] Trying to find element: By.xpath: //yt-multi-page-menu-section-renderer[@class='style-scope ytd-multi-page-menu-renderer']//yt-formatted-string[@id='label' and text()='Español (Latinoamérica)']
2026-03-12 18:53:42.267 [TestNG-test-Yt Master Tests-2] INFO  [verifyingSideMenuCollapsedLangAsInSettingsLingua] [verifyingSideMenuCollapsedLangAsInSettingsLingua] Element found and ready (attempt 1): By.xpath: //yt-multi-page-menu-section-renderer[@class='style-scope ytd-multi-page-menu-renderer']//yt-formatted-string[@id='label' and text()='Español (Latinoamérica)']
2026-03-12 18:53:42.267 [TestNG-test-Yt Master Tests-2] INFO  [verifyingSideMenuCollapsedLangAsInSettingsLingua] [verifyingSideMenuCollapsedLangAsInSettingsLingua] Trying to find element: By.xpath: //yt-multi-page-menu-section-renderer[@class='style-scope ytd-multi-page-menu-renderer']//yt-formatted-string[@id='label' and text()='Español (Latinoamérica)']
2026-03-12 18:53:42.326 [TestNG-test-Yt Master Tests-2] INFO  [verifyingSideMenuCollapsedLangAsInSettingsLingua] [verifyingSideMenuCollapsedLangAsInSettingsLingua] Element found and ready (attempt 1): By.xpath: //yt-multi-page-menu-section-renderer[@class='style-scope ytd-multi-page-menu-renderer']//yt-formatted-string[@id='label' and text()='Español (Latinoamérica)']
2026-03-12 18:53:44.518 [TestNG-test-Yt Master Tests-2] INFO  [verifyingSideMenuCollapsedLangAsInSettingsLingua] Clicking settings ellipses button...
2026-03-12 18:53:44.958 [TestNG-test-Yt Master Tests-2] INFO  [verifyingSideMenuCollapsedLangAsInSettingsLingua] [verifyingSideMenuCollapsedLangAsInSettingsLingua] Trying to find element: By.xpath: //ytd-topbar-menu-button-renderer[@class='style-scope ytd-masthead style-default']
2026-03-12 18:53:45.181 [TestNG-test-Yt Master Tests-2] INFO  [verifyingSideMenuCollapsedLangAsInSettingsLingua] [verifyingSideMenuCollapsedLangAsInSettingsLingua] Element found and ready (attempt 1): By.xpath: //ytd-topbar-menu-button-renderer[@class='style-scope ytd-masthead style-default']
2026-03-12 18:53:45.421 [TestNG-test-Yt Master Tests-2] INFO  [verifyingSideMenuCollapsedLangAsInSettingsLingua] [verifyingSideMenuCollapsedLangAsInSettingsLingua] Waiting until element is visible in viewport
2026-03-12 18:53:45.619 [TestNG-test-Yt Master Tests-2] INFO  [verifyingSideMenuCollapsedLangAsInSettingsLingua] [verifyingSideMenuCollapsedLangAsInSettingsLingua] Capturing screenshot: Filter Applied is Español (Latinoamérica)__2026-03-12_185345.jpg
2026-03-12 18:53:45.929 [TestNG-test-Yt Master Tests-2] INFO  [verifyingSideMenuCollapsedLangAsInSettingsLingua] [verifyingSideMenuCollapsedLangAsInSettingsLingua] Screenshot saved at: test-output/screenshots/Run_2026-03-12_18-35-07/verifyingSideMenuCollapsedLangAsInSettingsLingua/Filter Applied is Español (Latinoamérica)__2026-03-12_185345.jpg
2026-03-12 18:53:45.929 [TestNG-test-Yt Master Tests-2] INFO  [verifyingSideMenuCollapsedLangAsInSettingsLingua] Clicking settings ellipses button...
2026-03-12 18:53:45.950 [TestNG-test-Yt Master Tests-2] INFO  [verifyingSideMenuCollapsedLangAsInSettingsLingua] [verifyingSideMenuCollapsedLangAsInSettingsLingua] Trying to find element: By.xpath: //ytd-topbar-menu-button-renderer[@class='style-scope ytd-masthead style-default']
2026-03-12 18:53:46.001 [TestNG-test-Yt Master Tests-2] INFO  [verifyingSideMenuCollapsedLangAsInSettingsLingua] [verifyingSideMenuCollapsedLangAsInSettingsLingua] Element found and ready (attempt 1): By.xpath: //ytd-topbar-menu-button-renderer[@class='style-scope ytd-masthead style-default']
2026-03-12 18:53:46.054 [TestNG-test-Yt Master Tests-2] INFO  [verifyingSideMenuCollapsedLangAsInSettingsLingua] getLangAttribute() - locating <html> and reading lang property
2026-03-12 18:53:46.067 [TestNG-test-Yt Master Tests-2] INFO  [verifyingSideMenuCollapsedLangAsInSettingsLingua] Language attribute read: es-419
2026-03-12 18:53:46.067 [TestNG-test-Yt Master Tests-2] INFO  [verifyingSideMenuCollapsedLangAsInSettingsLingua] Fetching the side menu in collapsed view
2026-03-12 18:53:46.067 [TestNG-test-Yt Master Tests-2] INFO  [verifyingSideMenuCollapsedLangAsInSettingsLingua] [verifyingSideMenuCollapsedLangAsInSettingsLingua] Finding elements list: By.xpath: //ytd-mini-guide-renderer[@class='style-scope ytd-app']//ytd-mini-guide-entry-renderer
2026-03-12 18:53:46.149 [TestNG-test-Yt Master Tests-2] INFO  [verifyingSideMenuCollapsedLangAsInSettingsLingua] [verifyingSideMenuCollapsedLangAsInSettingsLingua] Found 4 ready elements (attempt 1): By.xpath: //ytd-mini-guide-renderer[@class='style-scope ytd-app']//ytd-mini-guide-entry-renderer
2026-03-12 18:53:46.230 [TestNG-test-Yt Master Tests-2] INFO  [verifyingSideMenuCollapsedLangAsInSettingsLingua] 
========== LANGUAGE DETECTION ==========
Detected Language : SPANISH
Input Text        : Principal Shorts Suscripciones Tú
========================================
2026-03-12 18:53:46.231 [TestNG-test-Yt Master Tests-2] INFO  [verifyingSideMenuCollapsedLangAsInSettingsLingua] text sent to lingua is       Principal Shorts Suscripciones Tú
2026-03-12 18:53:46.231 [TestNG-test-Yt Master Tests-2] INFO  [verifyingSideMenuCollapsedLangAsInSettingsLingua] getLangAttribute() - locating <html> and reading lang property
2026-03-12 18:53:46.241 [TestNG-test-Yt Master Tests-2] INFO  [verifyingSideMenuCollapsedLangAsInSettingsLingua] Language attribute read: es-419
2026-03-12 18:53:46.241 [TestNG-test-Yt Master Tests-2] INFO  [verifyingSideMenuCollapsedLangAsInSettingsLingua] Clicking settings ellipses button...
2026-03-12 18:53:46.259 [TestNG-test-Yt Master Tests-2] INFO  [verifyingSideMenuCollapsedLangAsInSettingsLingua] [verifyingSideMenuCollapsedLangAsInSettingsLingua] Trying to find element: By.xpath: //ytd-topbar-menu-button-renderer[@class='style-scope ytd-masthead style-default']
2026-03-12 18:53:46.305 [TestNG-test-Yt Master Tests-2] INFO  [verifyingSideMenuCollapsedLangAsInSettingsLingua] [verifyingSideMenuCollapsedLangAsInSettingsLingua] Element found and ready (attempt 1): By.xpath: //ytd-topbar-menu-button-renderer[@class='style-scope ytd-masthead style-default']
2026-03-12 18:53:46.368 [TestNG-test-Yt Master Tests-2] INFO  [verifyingSideMenuCollapsedLangAsInSettingsLingua] Clicking language dropdown...
2026-03-12 18:53:46.368 [TestNG-test-Yt Master Tests-2] INFO  [verifyingSideMenuCollapsedLangAsInSettingsLingua] [verifyingSideMenuCollapsedLangAsInSettingsLingua] Trying to find element: By.xpath: (//div[@id='content-icon'])[2]
2026-03-12 18:53:46.942 [TestNG-test-Yt Master Tests-2] INFO  [verifyingSideMenuCollapsedLangAsInSettingsLingua] [verifyingSideMenuCollapsedLangAsInSettingsLingua] Element found and ready (attempt 1): By.xpath: (//div[@id='content-icon'])[2]
2026-03-12 18:53:47.498 [TestNG-test-Yt Master Tests-2] INFO  [verifyingSideMenuCollapsedLangAsInSettingsLingua] Looking for language element with name: Español (US)
2026-03-12 18:53:47.499 [TestNG-test-Yt Master Tests-2] INFO  [verifyingSideMenuCollapsedLangAsInSettingsLingua] [verifyingSideMenuCollapsedLangAsInSettingsLingua] Trying to find element: By.xpath: //yt-multi-page-menu-section-renderer[@class='style-scope ytd-multi-page-menu-renderer']//yt-formatted-string[@id='label' and text()='Español (US)']
2026-03-12 18:53:47.602 [TestNG-test-Yt Master Tests-2] INFO  [verifyingSideMenuCollapsedLangAsInSettingsLingua] [verifyingSideMenuCollapsedLangAsInSettingsLingua] Element found and ready (attempt 1): By.xpath: //yt-multi-page-menu-section-renderer[@class='style-scope ytd-multi-page-menu-renderer']//yt-formatted-string[@id='label' and text()='Español (US)']
2026-03-12 18:53:47.602 [TestNG-test-Yt Master Tests-2] INFO  [verifyingSideMenuCollapsedLangAsInSettingsLingua] [verifyingSideMenuCollapsedLangAsInSettingsLingua] Trying to find element: By.xpath: //yt-multi-page-menu-section-renderer[@class='style-scope ytd-multi-page-menu-renderer']//yt-formatted-string[@id='label' and text()='Español (US)']
2026-03-12 18:53:47.662 [TestNG-test-Yt Master Tests-2] INFO  [verifyingSideMenuCollapsedLangAsInSettingsLingua] [verifyingSideMenuCollapsedLangAsInSettingsLingua] Element found and ready (attempt 1): By.xpath: //yt-multi-page-menu-section-renderer[@class='style-scope ytd-multi-page-menu-renderer']//yt-formatted-string[@id='label' and text()='Español (US)']
2026-03-12 18:53:50.088 [TestNG-test-Yt Master Tests-2] INFO  [verifyingSideMenuCollapsedLangAsInSettingsLingua] Clicking settings ellipses button...
2026-03-12 18:53:50.355 [TestNG-test-Yt Master Tests-2] INFO  [verifyingSideMenuCollapsedLangAsInSettingsLingua] [verifyingSideMenuCollapsedLangAsInSettingsLingua] Trying to find element: By.xpath: //ytd-topbar-menu-button-renderer[@class='style-scope ytd-masthead style-default']
2026-03-12 18:53:50.543 [TestNG-test-Yt Master Tests-2] INFO  [verifyingSideMenuCollapsedLangAsInSettingsLingua] [verifyingSideMenuCollapsedLangAsInSettingsLingua] Element found and ready (attempt 1): By.xpath: //ytd-topbar-menu-button-renderer[@class='style-scope ytd-masthead style-default']
2026-03-12 18:53:50.723 [TestNG-test-Yt Master Tests-2] INFO  [verifyingSideMenuCollapsedLangAsInSettingsLingua] [verifyingSideMenuCollapsedLangAsInSettingsLingua] Waiting until element is visible in viewport
2026-03-12 18:53:50.862 [TestNG-test-Yt Master Tests-2] INFO  [verifyingSideMenuCollapsedLangAsInSettingsLingua] [verifyingSideMenuCollapsedLangAsInSettingsLingua] Capturing screenshot: Filter Applied is Español (US)__2026-03-12_185350.jpg
2026-03-12 18:53:51.211 [TestNG-test-Yt Master Tests-2] INFO  [verifyingSideMenuCollapsedLangAsInSettingsLingua] [verifyingSideMenuCollapsedLangAsInSettingsLingua] Screenshot saved at: test-output/screenshots/Run_2026-03-12_18-35-07/verifyingSideMenuCollapsedLangAsInSettingsLingua/Filter Applied is Español (US)__2026-03-12_185350.jpg
2026-03-12 18:53:51.211 [TestNG-test-Yt Master Tests-2] INFO  [verifyingSideMenuCollapsedLangAsInSettingsLingua] Clicking settings ellipses button...
2026-03-12 18:53:51.236 [TestNG-test-Yt Master Tests-2] INFO  [verifyingSideMenuCollapsedLangAsInSettingsLingua] [verifyingSideMenuCollapsedLangAsInSettingsLingua] Trying to find element: By.xpath: //ytd-topbar-menu-button-renderer[@class='style-scope ytd-masthead style-default']
2026-03-12 18:53:51.291 [TestNG-test-Yt Master Tests-2] INFO  [verifyingSideMenuCollapsedLangAsInSettingsLingua] [verifyingSideMenuCollapsedLangAsInSettingsLingua] Element found and ready (attempt 1): By.xpath: //ytd-topbar-menu-button-renderer[@class='style-scope ytd-masthead style-default']
2026-03-12 18:53:51.355 [TestNG-test-Yt Master Tests-2] INFO  [verifyingSideMenuCollapsedLangAsInSettingsLingua] getLangAttribute() - locating <html> and reading lang property
2026-03-12 18:53:51.370 [TestNG-test-Yt Master Tests-2] INFO  [verifyingSideMenuCollapsedLangAsInSettingsLingua] Language attribute read: es-US
2026-03-12 18:53:51.370 [TestNG-test-Yt Master Tests-2] INFO  [verifyingSideMenuCollapsedLangAsInSettingsLingua] Fetching the side menu in collapsed view
2026-03-12 18:53:51.370 [TestNG-test-Yt Master Tests-2] INFO  [verifyingSideMenuCollapsedLangAsInSettingsLingua] [verifyingSideMenuCollapsedLangAsInSettingsLingua] Finding elements list: By.xpath: //ytd-mini-guide-renderer[@class='style-scope ytd-app']//ytd-mini-guide-entry-renderer
2026-03-12 18:53:51.499 [TestNG-test-Yt Master Tests-2] INFO  [verifyingSideMenuCollapsedLangAsInSettingsLingua] [verifyingSideMenuCollapsedLangAsInSettingsLingua] Found 4 ready elements (attempt 1): By.xpath: //ytd-mini-guide-renderer[@class='style-scope ytd-app']//ytd-mini-guide-entry-renderer
2026-03-12 18:53:51.598 [TestNG-test-Yt Master Tests-2] INFO  [verifyingSideMenuCollapsedLangAsInSettingsLingua] 
========== LANGUAGE DETECTION ==========
Detected Language : SPANISH
Input Text        : Principal Shorts Suscripciones Tú
========================================
2026-03-12 18:53:51.598 [TestNG-test-Yt Master Tests-2] INFO  [verifyingSideMenuCollapsedLangAsInSettingsLingua] text sent to lingua is       Principal Shorts Suscripciones Tú
2026-03-12 18:53:51.599 [TestNG-test-Yt Master Tests-2] INFO  [verifyingSideMenuCollapsedLangAsInSettingsLingua] getLangAttribute() - locating <html> and reading lang property
2026-03-12 18:53:51.613 [TestNG-test-Yt Master Tests-2] INFO  [verifyingSideMenuCollapsedLangAsInSettingsLingua] Language attribute read: es-US
2026-03-12 18:53:51.614 [TestNG-test-Yt Master Tests-2] INFO  [verifyingSideMenuCollapsedLangAsInSettingsLingua] Clicking settings ellipses button...
2026-03-12 18:53:51.641 [TestNG-test-Yt Master Tests-2] INFO  [verifyingSideMenuCollapsedLangAsInSettingsLingua] [verifyingSideMenuCollapsedLangAsInSettingsLingua] Trying to find element: By.xpath: //ytd-topbar-menu-button-renderer[@class='style-scope ytd-masthead style-default']
2026-03-12 18:53:51.723 [TestNG-test-Yt Master Tests-2] INFO  [verifyingSideMenuCollapsedLangAsInSettingsLingua] [verifyingSideMenuCollapsedLangAsInSettingsLingua] Element found and ready (attempt 1): By.xpath: //ytd-topbar-menu-button-renderer[@class='style-scope ytd-masthead style-default']
2026-03-12 18:53:51.795 [TestNG-test-Yt Master Tests-2] INFO  [verifyingSideMenuCollapsedLangAsInSettingsLingua] Clicking language dropdown...
2026-03-12 18:53:51.795 [TestNG-test-Yt Master Tests-2] INFO  [verifyingSideMenuCollapsedLangAsInSettingsLingua] [verifyingSideMenuCollapsedLangAsInSettingsLingua] Trying to find element: By.xpath: (//div[@id='content-icon'])[2]
2026-03-12 18:53:52.366 [TestNG-test-Yt Master Tests-2] INFO  [verifyingSideMenuCollapsedLangAsInSettingsLingua] [verifyingSideMenuCollapsedLangAsInSettingsLingua] Element found and ready (attempt 1): By.xpath: (//div[@id='content-icon'])[2]
2026-03-12 18:53:52.826 [TestNG-test-Yt Master Tests-2] INFO  [verifyingSideMenuCollapsedLangAsInSettingsLingua] Looking for language element with name: Euskara
2026-03-12 18:53:52.827 [TestNG-test-Yt Master Tests-2] INFO  [verifyingSideMenuCollapsedLangAsInSettingsLingua] [verifyingSideMenuCollapsedLangAsInSettingsLingua] Trying to find element: By.xpath: //yt-multi-page-menu-section-renderer[@class='style-scope ytd-multi-page-menu-renderer']//yt-formatted-string[@id='label' and text()='Euskara']
2026-03-12 18:53:52.970 [TestNG-test-Yt Master Tests-2] INFO  [verifyingSideMenuCollapsedLangAsInSettingsLingua] [verifyingSideMenuCollapsedLangAsInSettingsLingua] Element found and ready (attempt 1): By.xpath: //yt-multi-page-menu-section-renderer[@class='style-scope ytd-multi-page-menu-renderer']//yt-formatted-string[@id='label' and text()='Euskara']
2026-03-12 18:53:52.970 [TestNG-test-Yt Master Tests-2] INFO  [verifyingSideMenuCollapsedLangAsInSettingsLingua] [verifyingSideMenuCollapsedLangAsInSettingsLingua] Trying to find element: By.xpath: //yt-multi-page-menu-section-renderer[@class='style-scope ytd-multi-page-menu-renderer']//yt-formatted-string[@id='label' and text()='Euskara']
2026-03-12 18:53:53.062 [TestNG-test-Yt Master Tests-2] INFO  [verifyingSideMenuCollapsedLangAsInSettingsLingua] [verifyingSideMenuCollapsedLangAsInSettingsLingua] Element found and ready (attempt 1): By.xpath: //yt-multi-page-menu-section-renderer[@class='style-scope ytd-multi-page-menu-renderer']//yt-formatted-string[@id='label' and text()='Euskara']
2026-03-12 18:53:55.447 [TestNG-test-Yt Master Tests-2] INFO  [verifyingSideMenuCollapsedLangAsInSettingsLingua] Clicking settings ellipses button...
2026-03-12 18:53:55.983 [TestNG-test-Yt Master Tests-2] INFO  [verifyingSideMenuCollapsedLangAsInSettingsLingua] [verifyingSideMenuCollapsedLangAsInSettingsLingua] Trying to find element: By.xpath: //ytd-topbar-menu-button-renderer[@class='style-scope ytd-masthead style-default']
2026-03-12 18:53:56.084 [TestNG-test-Yt Master Tests-2] INFO  [verifyingSideMenuCollapsedLangAsInSettingsLingua] [verifyingSideMenuCollapsedLangAsInSettingsLingua] Element found and ready (attempt 1): By.xpath: //ytd-topbar-menu-button-renderer[@class='style-scope ytd-masthead style-default']
2026-03-12 18:53:56.277 [TestNG-test-Yt Master Tests-2] INFO  [verifyingSideMenuCollapsedLangAsInSettingsLingua] [verifyingSideMenuCollapsedLangAsInSettingsLingua] Waiting until element is visible in viewport
2026-03-12 18:53:56.406 [TestNG-test-Yt Master Tests-2] INFO  [verifyingSideMenuCollapsedLangAsInSettingsLingua] [verifyingSideMenuCollapsedLangAsInSettingsLingua] Capturing screenshot: Filter Applied is Euskara__2026-03-12_185356.jpg
2026-03-12 18:53:56.744 [TestNG-test-Yt Master Tests-2] INFO  [verifyingSideMenuCollapsedLangAsInSettingsLingua] [verifyingSideMenuCollapsedLangAsInSettingsLingua] Screenshot saved at: test-output/screenshots/Run_2026-03-12_18-35-07/verifyingSideMenuCollapsedLangAsInSettingsLingua/Filter Applied is Euskara__2026-03-12_185356.jpg
2026-03-12 18:53:56.744 [TestNG-test-Yt Master Tests-2] INFO  [verifyingSideMenuCollapsedLangAsInSettingsLingua] Clicking settings ellipses button...
2026-03-12 18:53:56.765 [TestNG-test-Yt Master Tests-2] INFO  [verifyingSideMenuCollapsedLangAsInSettingsLingua] [verifyingSideMenuCollapsedLangAsInSettingsLingua] Trying to find element: By.xpath: //ytd-topbar-menu-button-renderer[@class='style-scope ytd-masthead style-default']
2026-03-12 18:53:56.819 [TestNG-test-Yt Master Tests-2] INFO  [verifyingSideMenuCollapsedLangAsInSettingsLingua] [verifyingSideMenuCollapsedLangAsInSettingsLingua] Element found and ready (attempt 1): By.xpath: //ytd-topbar-menu-button-renderer[@class='style-scope ytd-masthead style-default']
2026-03-12 18:53:56.882 [TestNG-test-Yt Master Tests-2] INFO  [verifyingSideMenuCollapsedLangAsInSettingsLingua] getLangAttribute() - locating <html> and reading lang property
2026-03-12 18:53:56.897 [TestNG-test-Yt Master Tests-2] INFO  [verifyingSideMenuCollapsedLangAsInSettingsLingua] Language attribute read: eu-ES
2026-03-12 18:53:56.897 [TestNG-test-Yt Master Tests-2] INFO  [verifyingSideMenuCollapsedLangAsInSettingsLingua] Fetching the side menu in collapsed view
2026-03-12 18:53:56.897 [TestNG-test-Yt Master Tests-2] INFO  [verifyingSideMenuCollapsedLangAsInSettingsLingua] [verifyingSideMenuCollapsedLangAsInSettingsLingua] Finding elements list: By.xpath: //ytd-mini-guide-renderer[@class='style-scope ytd-app']//ytd-mini-guide-entry-renderer
2026-03-12 18:53:56.971 [TestNG-test-Yt Master Tests-2] INFO  [verifyingSideMenuCollapsedLangAsInSettingsLingua] [verifyingSideMenuCollapsedLangAsInSettingsLingua] Found 4 ready elements (attempt 1): By.xpath: //ytd-mini-guide-renderer[@class='style-scope ytd-app']//ytd-mini-guide-entry-renderer
2026-03-12 18:53:57.061 [TestNG-test-Yt Master Tests-2] INFO  [verifyingSideMenuCollapsedLangAsInSettingsLingua] 
========== LANGUAGE DETECTION ==========
Detected Language : BASQUE
Input Text        : Orri nagusia Shorts Harpidetzak Zu
========================================
2026-03-12 18:53:57.061 [TestNG-test-Yt Master Tests-2] INFO  [verifyingSideMenuCollapsedLangAsInSettingsLingua] text sent to lingua is       Orri nagusia Shorts Harpidetzak Zu
2026-03-12 18:53:57.061 [TestNG-test-Yt Master Tests-2] INFO  [verifyingSideMenuCollapsedLangAsInSettingsLingua] getLangAttribute() - locating <html> and reading lang property
2026-03-12 18:53:57.079 [TestNG-test-Yt Master Tests-2] INFO  [verifyingSideMenuCollapsedLangAsInSettingsLingua] Language attribute read: eu-ES
2026-03-12 18:53:57.079 [TestNG-test-Yt Master Tests-2] INFO  [verifyingSideMenuCollapsedLangAsInSettingsLingua] Clicking settings ellipses button...
2026-03-12 18:53:57.104 [TestNG-test-Yt Master Tests-2] INFO  [verifyingSideMenuCollapsedLangAsInSettingsLingua] [verifyingSideMenuCollapsedLangAsInSettingsLingua] Trying to find element: By.xpath: //ytd-topbar-menu-button-renderer[@class='style-scope ytd-masthead style-default']
2026-03-12 18:53:57.175 [TestNG-test-Yt Master Tests-2] INFO  [verifyingSideMenuCollapsedLangAsInSettingsLingua] [verifyingSideMenuCollapsedLangAsInSettingsLingua] Element found and ready (attempt 1): By.xpath: //ytd-topbar-menu-button-renderer[@class='style-scope ytd-masthead style-default']
2026-03-12 18:53:57.264 [TestNG-test-Yt Master Tests-2] INFO  [verifyingSideMenuCollapsedLangAsInSettingsLingua] Clicking language dropdown...
2026-03-12 18:53:57.264 [TestNG-test-Yt Master Tests-2] INFO  [verifyingSideMenuCollapsedLangAsInSettingsLingua] [verifyingSideMenuCollapsedLangAsInSettingsLingua] Trying to find element: By.xpath: (//div[@id='content-icon'])[2]
2026-03-12 18:53:57.841 [TestNG-test-Yt Master Tests-2] INFO  [verifyingSideMenuCollapsedLangAsInSettingsLingua] [verifyingSideMenuCollapsedLangAsInSettingsLingua] Element found and ready (attempt 1): By.xpath: (//div[@id='content-icon'])[2]
2026-03-12 18:53:58.312 [TestNG-test-Yt Master Tests-2] INFO  [verifyingSideMenuCollapsedLangAsInSettingsLingua] Looking for language element with name: Français
2026-03-12 18:53:58.312 [TestNG-test-Yt Master Tests-2] INFO  [verifyingSideMenuCollapsedLangAsInSettingsLingua] [verifyingSideMenuCollapsedLangAsInSettingsLingua] Trying to find element: By.xpath: //yt-multi-page-menu-section-renderer[@class='style-scope ytd-multi-page-menu-renderer']//yt-formatted-string[@id='label' and text()='Français']
2026-03-12 18:53:58.407 [TestNG-test-Yt Master Tests-2] INFO  [verifyingSideMenuCollapsedLangAsInSettingsLingua] [verifyingSideMenuCollapsedLangAsInSettingsLingua] Element found and ready (attempt 1): By.xpath: //yt-multi-page-menu-section-renderer[@class='style-scope ytd-multi-page-menu-renderer']//yt-formatted-string[@id='label' and text()='Français']
2026-03-12 18:53:58.407 [TestNG-test-Yt Master Tests-2] INFO  [verifyingSideMenuCollapsedLangAsInSettingsLingua] [verifyingSideMenuCollapsedLangAsInSettingsLingua] Trying to find element: By.xpath: //yt-multi-page-menu-section-renderer[@class='style-scope ytd-multi-page-menu-renderer']//yt-formatted-string[@id='label' and text()='Français']
2026-03-12 18:53:58.472 [TestNG-test-Yt Master Tests-2] INFO  [verifyingSideMenuCollapsedLangAsInSettingsLingua] [verifyingSideMenuCollapsedLangAsInSettingsLingua] Element found and ready (attempt 1): By.xpath: //yt-multi-page-menu-section-renderer[@class='style-scope ytd-multi-page-menu-renderer']//yt-formatted-string[@id='label' and text()='Français']
2026-03-12 18:54:00.837 [TestNG-test-Yt Master Tests-2] INFO  [verifyingSideMenuCollapsedLangAsInSettingsLingua] Clicking settings ellipses button...
2026-03-12 18:54:01.214 [TestNG-test-Yt Master Tests-2] INFO  [verifyingSideMenuCollapsedLangAsInSettingsLingua] [verifyingSideMenuCollapsedLangAsInSettingsLingua] Trying to find element: By.xpath: //ytd-topbar-menu-button-renderer[@class='style-scope ytd-masthead style-default']
2026-03-12 18:54:01.388 [TestNG-test-Yt Master Tests-2] INFO  [verifyingSideMenuCollapsedLangAsInSettingsLingua] [verifyingSideMenuCollapsedLangAsInSettingsLingua] Element found and ready (attempt 1): By.xpath: //ytd-topbar-menu-button-renderer[@class='style-scope ytd-masthead style-default']
2026-03-12 18:54:01.605 [TestNG-test-Yt Master Tests-2] INFO  [verifyingSideMenuCollapsedLangAsInSettingsLingua] [verifyingSideMenuCollapsedLangAsInSettingsLingua] Waiting until element is visible in viewport
2026-03-12 18:54:01.764 [TestNG-test-Yt Master Tests-2] INFO  [verifyingSideMenuCollapsedLangAsInSettingsLingua] [verifyingSideMenuCollapsedLangAsInSettingsLingua] Capturing screenshot: Filter Applied is Français__2026-03-12_185401.jpg
2026-03-12 18:54:02.038 [TestNG-test-Yt Master Tests-2] INFO  [verifyingSideMenuCollapsedLangAsInSettingsLingua] [verifyingSideMenuCollapsedLangAsInSettingsLingua] Screenshot saved at: test-output/screenshots/Run_2026-03-12_18-35-07/verifyingSideMenuCollapsedLangAsInSettingsLingua/Filter Applied is Français__2026-03-12_185401.jpg
2026-03-12 18:54:02.038 [TestNG-test-Yt Master Tests-2] INFO  [verifyingSideMenuCollapsedLangAsInSettingsLingua] Clicking settings ellipses button...
2026-03-12 18:54:02.068 [TestNG-test-Yt Master Tests-2] INFO  [verifyingSideMenuCollapsedLangAsInSettingsLingua] [verifyingSideMenuCollapsedLangAsInSettingsLingua] Trying to find element: By.xpath: //ytd-topbar-menu-button-renderer[@class='style-scope ytd-masthead style-default']
2026-03-12 18:54:02.129 [TestNG-test-Yt Master Tests-2] INFO  [verifyingSideMenuCollapsedLangAsInSettingsLingua] [verifyingSideMenuCollapsedLangAsInSettingsLingua] Element found and ready (attempt 1): By.xpath: //ytd-topbar-menu-button-renderer[@class='style-scope ytd-masthead style-default']
2026-03-12 18:54:02.201 [TestNG-test-Yt Master Tests-2] INFO  [verifyingSideMenuCollapsedLangAsInSettingsLingua] getLangAttribute() - locating <html> and reading lang property
2026-03-12 18:54:02.394 [TestNG-test-Yt Master Tests-2] INFO  [verifyingSideMenuCollapsedLangAsInSettingsLingua] Language attribute read: fr-FR
2026-03-12 18:54:02.394 [TestNG-test-Yt Master Tests-2] INFO  [verifyingSideMenuCollapsedLangAsInSettingsLingua] Fetching the side menu in collapsed view
2026-03-12 18:54:02.394 [TestNG-test-Yt Master Tests-2] INFO  [verifyingSideMenuCollapsedLangAsInSettingsLingua] [verifyingSideMenuCollapsedLangAsInSettingsLingua] Finding elements list: By.xpath: //ytd-mini-guide-renderer[@class='style-scope ytd-app']//ytd-mini-guide-entry-renderer
2026-03-12 18:54:02.487 [TestNG-test-Yt Master Tests-2] INFO  [verifyingSideMenuCollapsedLangAsInSettingsLingua] [verifyingSideMenuCollapsedLangAsInSettingsLingua] Found 4 ready elements (attempt 1): By.xpath: //ytd-mini-guide-renderer[@class='style-scope ytd-app']//ytd-mini-guide-entry-renderer
2026-03-12 18:54:02.588 [TestNG-test-Yt Master Tests-2] INFO  [verifyingSideMenuCollapsedLangAsInSettingsLingua] 
========== LANGUAGE DETECTION ==========
Detected Language : FRENCH
Input Text        : Accueil Shorts Abonnements Vous
========================================
2026-03-12 18:54:02.588 [TestNG-test-Yt Master Tests-2] INFO  [verifyingSideMenuCollapsedLangAsInSettingsLingua] text sent to lingua is       Accueil Shorts Abonnements Vous
2026-03-12 18:54:02.588 [TestNG-test-Yt Master Tests-2] INFO  [verifyingSideMenuCollapsedLangAsInSettingsLingua] getLangAttribute() - locating <html> and reading lang property
2026-03-12 18:54:02.601 [TestNG-test-Yt Master Tests-2] INFO  [verifyingSideMenuCollapsedLangAsInSettingsLingua] Language attribute read: fr-FR
2026-03-12 18:54:02.602 [TestNG-test-Yt Master Tests-2] INFO  [verifyingSideMenuCollapsedLangAsInSettingsLingua] Clicking settings ellipses button...
2026-03-12 18:54:02.627 [TestNG-test-Yt Master Tests-2] INFO  [verifyingSideMenuCollapsedLangAsInSettingsLingua] [verifyingSideMenuCollapsedLangAsInSettingsLingua] Trying to find element: By.xpath: //ytd-topbar-menu-button-renderer[@class='style-scope ytd-masthead style-default']
2026-03-12 18:54:02.696 [TestNG-test-Yt Master Tests-2] INFO  [verifyingSideMenuCollapsedLangAsInSettingsLingua] [verifyingSideMenuCollapsedLangAsInSettingsLingua] Element found and ready (attempt 1): By.xpath: //ytd-topbar-menu-button-renderer[@class='style-scope ytd-masthead style-default']
2026-03-12 18:54:02.772 [TestNG-test-Yt Master Tests-2] INFO  [verifyingSideMenuCollapsedLangAsInSettingsLingua] Clicking language dropdown...
2026-03-12 18:54:02.772 [TestNG-test-Yt Master Tests-2] INFO  [verifyingSideMenuCollapsedLangAsInSettingsLingua] [verifyingSideMenuCollapsedLangAsInSettingsLingua] Trying to find element: By.xpath: (//div[@id='content-icon'])[2]
2026-03-12 18:54:03.336 [TestNG-test-Yt Master Tests-2] INFO  [verifyingSideMenuCollapsedLangAsInSettingsLingua] [verifyingSideMenuCollapsedLangAsInSettingsLingua] Element found and ready (attempt 1): By.xpath: (//div[@id='content-icon'])[2]
2026-03-12 18:54:03.757 [TestNG-test-Yt Master Tests-2] INFO  [verifyingSideMenuCollapsedLangAsInSettingsLingua] Looking for language element with name: Français (Canada)
2026-03-12 18:54:03.757 [TestNG-test-Yt Master Tests-2] INFO  [verifyingSideMenuCollapsedLangAsInSettingsLingua] [verifyingSideMenuCollapsedLangAsInSettingsLingua] Trying to find element: By.xpath: //yt-multi-page-menu-section-renderer[@class='style-scope ytd-multi-page-menu-renderer']//yt-formatted-string[@id='label' and text()='Français (Canada)']
2026-03-12 18:54:03.881 [TestNG-test-Yt Master Tests-2] INFO  [verifyingSideMenuCollapsedLangAsInSettingsLingua] [verifyingSideMenuCollapsedLangAsInSettingsLingua] Element found and ready (attempt 1): By.xpath: //yt-multi-page-menu-section-renderer[@class='style-scope ytd-multi-page-menu-renderer']//yt-formatted-string[@id='label' and text()='Français (Canada)']
2026-03-12 18:54:03.881 [TestNG-test-Yt Master Tests-2] INFO  [verifyingSideMenuCollapsedLangAsInSettingsLingua] [verifyingSideMenuCollapsedLangAsInSettingsLingua] Trying to find element: By.xpath: //yt-multi-page-menu-section-renderer[@class='style-scope ytd-multi-page-menu-renderer']//yt-formatted-string[@id='label' and text()='Français (Canada)']
2026-03-12 18:54:03.936 [TestNG-test-Yt Master Tests-2] INFO  [verifyingSideMenuCollapsedLangAsInSettingsLingua] [verifyingSideMenuCollapsedLangAsInSettingsLingua] Element found and ready (attempt 1): By.xpath: //yt-multi-page-menu-section-renderer[@class='style-scope ytd-multi-page-menu-renderer']//yt-formatted-string[@id='label' and text()='Français (Canada)']
2026-03-12 18:54:06.841 [TestNG-test-Yt Master Tests-2] INFO  [verifyingSideMenuCollapsedLangAsInSettingsLingua] Clicking settings ellipses button...
2026-03-12 18:54:06.963 [TestNG-test-Yt Master Tests-2] INFO  [verifyingSideMenuCollapsedLangAsInSettingsLingua] [verifyingSideMenuCollapsedLangAsInSettingsLingua] Trying to find element: By.xpath: //ytd-topbar-menu-button-renderer[@class='style-scope ytd-masthead style-default']
2026-03-12 18:54:07.021 [TestNG-test-Yt Master Tests-2] INFO  [verifyingSideMenuCollapsedLangAsInSettingsLingua] [verifyingSideMenuCollapsedLangAsInSettingsLingua] Element found and ready (attempt 1): By.xpath: //ytd-topbar-menu-button-renderer[@class='style-scope ytd-masthead style-default']
2026-03-12 18:54:07.377 [TestNG-test-Yt Master Tests-2] INFO  [verifyingSideMenuCollapsedLangAsInSettingsLingua] [verifyingSideMenuCollapsedLangAsInSettingsLingua] Waiting until element is visible in viewport
2026-03-12 18:54:07.408 [TestNG-test-Yt Master Tests-2] INFO  [verifyingSideMenuCollapsedLangAsInSettingsLingua] [verifyingSideMenuCollapsedLangAsInSettingsLingua] Capturing screenshot: Filter Applied is Français (Canada)__2026-03-12_185407.jpg
2026-03-12 18:54:07.717 [TestNG-test-Yt Master Tests-2] INFO  [verifyingSideMenuCollapsedLangAsInSettingsLingua] [verifyingSideMenuCollapsedLangAsInSettingsLingua] Screenshot saved at: test-output/screenshots/Run_2026-03-12_18-35-07/verifyingSideMenuCollapsedLangAsInSettingsLingua/Filter Applied is Français (Canada)__2026-03-12_185407.jpg
2026-03-12 18:54:07.717 [TestNG-test-Yt Master Tests-2] INFO  [verifyingSideMenuCollapsedLangAsInSettingsLingua] Clicking settings ellipses button...
2026-03-12 18:54:07.740 [TestNG-test-Yt Master Tests-2] INFO  [verifyingSideMenuCollapsedLangAsInSettingsLingua] [verifyingSideMenuCollapsedLangAsInSettingsLingua] Trying to find element: By.xpath: //ytd-topbar-menu-button-renderer[@class='style-scope ytd-masthead style-default']
2026-03-12 18:54:07.793 [TestNG-test-Yt Master Tests-2] INFO  [verifyingSideMenuCollapsedLangAsInSettingsLingua] [verifyingSideMenuCollapsedLangAsInSettingsLingua] Element found and ready (attempt 1): By.xpath: //ytd-topbar-menu-button-renderer[@class='style-scope ytd-masthead style-default']
2026-03-12 18:54:07.853 [TestNG-test-Yt Master Tests-2] INFO  [verifyingSideMenuCollapsedLangAsInSettingsLingua] getLangAttribute() - locating <html> and reading lang property
2026-03-12 18:54:07.865 [TestNG-test-Yt Master Tests-2] INFO  [verifyingSideMenuCollapsedLangAsInSettingsLingua] Language attribute read: fr-CA
2026-03-12 18:54:07.865 [TestNG-test-Yt Master Tests-2] INFO  [verifyingSideMenuCollapsedLangAsInSettingsLingua] Fetching the side menu in collapsed view
2026-03-12 18:54:07.865 [TestNG-test-Yt Master Tests-2] INFO  [verifyingSideMenuCollapsedLangAsInSettingsLingua] [verifyingSideMenuCollapsedLangAsInSettingsLingua] Finding elements list: By.xpath: //ytd-mini-guide-renderer[@class='style-scope ytd-app']//ytd-mini-guide-entry-renderer
2026-03-12 18:54:07.928 [TestNG-test-Yt Master Tests-2] INFO  [verifyingSideMenuCollapsedLangAsInSettingsLingua] [verifyingSideMenuCollapsedLangAsInSettingsLingua] Found 4 ready elements (attempt 1): By.xpath: //ytd-mini-guide-renderer[@class='style-scope ytd-app']//ytd-mini-guide-entry-renderer
2026-03-12 18:54:08.017 [TestNG-test-Yt Master Tests-2] INFO  [verifyingSideMenuCollapsedLangAsInSettingsLingua] 
========== LANGUAGE DETECTION ==========
Detected Language : FRENCH
Input Text        : Accueil Shorts Abonnements Vous
========================================
2026-03-12 18:54:08.017 [TestNG-test-Yt Master Tests-2] INFO  [verifyingSideMenuCollapsedLangAsInSettingsLingua] text sent to lingua is       Accueil Shorts Abonnements Vous
2026-03-12 18:54:08.017 [TestNG-test-Yt Master Tests-2] INFO  [verifyingSideMenuCollapsedLangAsInSettingsLingua] getLangAttribute() - locating <html> and reading lang property
2026-03-12 18:54:08.031 [TestNG-test-Yt Master Tests-2] INFO  [verifyingSideMenuCollapsedLangAsInSettingsLingua] Language attribute read: fr-CA
2026-03-12 18:54:08.031 [TestNG-test-Yt Master Tests-2] INFO  [verifyingSideMenuCollapsedLangAsInSettingsLingua] Clicking settings ellipses button...
2026-03-12 18:54:08.057 [TestNG-test-Yt Master Tests-2] INFO  [verifyingSideMenuCollapsedLangAsInSettingsLingua] [verifyingSideMenuCollapsedLangAsInSettingsLingua] Trying to find element: By.xpath: //ytd-topbar-menu-button-renderer[@class='style-scope ytd-masthead style-default']
2026-03-12 18:54:08.122 [TestNG-test-Yt Master Tests-2] INFO  [verifyingSideMenuCollapsedLangAsInSettingsLingua] [verifyingSideMenuCollapsedLangAsInSettingsLingua] Element found and ready (attempt 1): By.xpath: //ytd-topbar-menu-button-renderer[@class='style-scope ytd-masthead style-default']
2026-03-12 18:54:08.225 [TestNG-test-Yt Master Tests-2] INFO  [verifyingSideMenuCollapsedLangAsInSettingsLingua] Clicking language dropdown...
2026-03-12 18:54:08.225 [TestNG-test-Yt Master Tests-2] INFO  [verifyingSideMenuCollapsedLangAsInSettingsLingua] [verifyingSideMenuCollapsedLangAsInSettingsLingua] Trying to find element: By.xpath: (//div[@id='content-icon'])[2]
2026-03-12 18:54:08.820 [TestNG-test-Yt Master Tests-2] INFO  [verifyingSideMenuCollapsedLangAsInSettingsLingua] [verifyingSideMenuCollapsedLangAsInSettingsLingua] Element found and ready (attempt 1): By.xpath: (//div[@id='content-icon'])[2]
2026-03-12 18:54:09.224 [TestNG-test-Yt Master Tests-2] INFO  [verifyingSideMenuCollapsedLangAsInSettingsLingua] Looking for language element with name: Hrvatski
2026-03-12 18:54:09.224 [TestNG-test-Yt Master Tests-2] INFO  [verifyingSideMenuCollapsedLangAsInSettingsLingua] [verifyingSideMenuCollapsedLangAsInSettingsLingua] Trying to find element: By.xpath: //yt-multi-page-menu-section-renderer[@class='style-scope ytd-multi-page-menu-renderer']//yt-formatted-string[@id='label' and text()='Hrvatski']
2026-03-12 18:54:09.324 [TestNG-test-Yt Master Tests-2] INFO  [verifyingSideMenuCollapsedLangAsInSettingsLingua] [verifyingSideMenuCollapsedLangAsInSettingsLingua] Element found and ready (attempt 1): By.xpath: //yt-multi-page-menu-section-renderer[@class='style-scope ytd-multi-page-menu-renderer']//yt-formatted-string[@id='label' and text()='Hrvatski']
2026-03-12 18:54:09.324 [TestNG-test-Yt Master Tests-2] INFO  [verifyingSideMenuCollapsedLangAsInSettingsLingua] [verifyingSideMenuCollapsedLangAsInSettingsLingua] Trying to find element: By.xpath: //yt-multi-page-menu-section-renderer[@class='style-scope ytd-multi-page-menu-renderer']//yt-formatted-string[@id='label' and text()='Hrvatski']
2026-03-12 18:54:09.376 [TestNG-test-Yt Master Tests-2] INFO  [verifyingSideMenuCollapsedLangAsInSettingsLingua] [verifyingSideMenuCollapsedLangAsInSettingsLingua] Element found and ready (attempt 1): By.xpath: //yt-multi-page-menu-section-renderer[@class='style-scope ytd-multi-page-menu-renderer']//yt-formatted-string[@id='label' and text()='Hrvatski']
2026-03-12 18:54:12.073 [TestNG-test-Yt Master Tests-2] INFO  [verifyingSideMenuCollapsedLangAsInSettingsLingua] Clicking settings ellipses button...
2026-03-12 18:54:12.140 [TestNG-test-Yt Master Tests-2] INFO  [verifyingSideMenuCollapsedLangAsInSettingsLingua] [verifyingSideMenuCollapsedLangAsInSettingsLingua] Trying to find element: By.xpath: //ytd-topbar-menu-button-renderer[@class='style-scope ytd-masthead style-default']
2026-03-12 18:54:12.439 [TestNG-test-Yt Master Tests-2] INFO  [verifyingSideMenuCollapsedLangAsInSettingsLingua] [verifyingSideMenuCollapsedLangAsInSettingsLingua] Element found and ready (attempt 1): By.xpath: //ytd-topbar-menu-button-renderer[@class='style-scope ytd-masthead style-default']
2026-03-12 18:54:12.793 [TestNG-test-Yt Master Tests-2] INFO  [verifyingSideMenuCollapsedLangAsInSettingsLingua] [verifyingSideMenuCollapsedLangAsInSettingsLingua] Waiting until element is visible in viewport
2026-03-12 18:54:12.911 [TestNG-test-Yt Master Tests-2] INFO  [verifyingSideMenuCollapsedLangAsInSettingsLingua] [verifyingSideMenuCollapsedLangAsInSettingsLingua] Capturing screenshot: Filter Applied is Hrvatski__2026-03-12_185412.jpg
2026-03-12 18:54:13.208 [TestNG-test-Yt Master Tests-2] INFO  [verifyingSideMenuCollapsedLangAsInSettingsLingua] [verifyingSideMenuCollapsedLangAsInSettingsLingua] Screenshot saved at: test-output/screenshots/Run_2026-03-12_18-35-07/verifyingSideMenuCollapsedLangAsInSettingsLingua/Filter Applied is Hrvatski__2026-03-12_185412.jpg
2026-03-12 18:54:13.208 [TestNG-test-Yt Master Tests-2] INFO  [verifyingSideMenuCollapsedLangAsInSettingsLingua] Clicking settings ellipses button...
2026-03-12 18:54:13.229 [TestNG-test-Yt Master Tests-2] INFO  [verifyingSideMenuCollapsedLangAsInSettingsLingua] [verifyingSideMenuCollapsedLangAsInSettingsLingua] Trying to find element: By.xpath: //ytd-topbar-menu-button-renderer[@class='style-scope ytd-masthead style-default']
2026-03-12 18:54:13.279 [TestNG-test-Yt Master Tests-2] INFO  [verifyingSideMenuCollapsedLangAsInSettingsLingua] [verifyingSideMenuCollapsedLangAsInSettingsLingua] Element found and ready (attempt 1): By.xpath: //ytd-topbar-menu-button-renderer[@class='style-scope ytd-masthead style-default']
2026-03-12 18:54:13.338 [TestNG-test-Yt Master Tests-2] INFO  [verifyingSideMenuCollapsedLangAsInSettingsLingua] getLangAttribute() - locating <html> and reading lang property
2026-03-12 18:54:13.352 [TestNG-test-Yt Master Tests-2] INFO  [verifyingSideMenuCollapsedLangAsInSettingsLingua] Language attribute read: hr-HR
2026-03-12 18:54:13.352 [TestNG-test-Yt Master Tests-2] INFO  [verifyingSideMenuCollapsedLangAsInSettingsLingua] Fetching the side menu in collapsed view
2026-03-12 18:54:13.352 [TestNG-test-Yt Master Tests-2] INFO  [verifyingSideMenuCollapsedLangAsInSettingsLingua] [verifyingSideMenuCollapsedLangAsInSettingsLingua] Finding elements list: By.xpath: //ytd-mini-guide-renderer[@class='style-scope ytd-app']//ytd-mini-guide-entry-renderer
2026-03-12 18:54:13.426 [TestNG-test-Yt Master Tests-2] INFO  [verifyingSideMenuCollapsedLangAsInSettingsLingua] [verifyingSideMenuCollapsedLangAsInSettingsLingua] Found 4 ready elements (attempt 1): By.xpath: //ytd-mini-guide-renderer[@class='style-scope ytd-app']//ytd-mini-guide-entry-renderer
2026-03-12 18:54:13.539 [TestNG-test-Yt Master Tests-2] INFO  [verifyingSideMenuCollapsedLangAsInSettingsLingua] 
========== LANGUAGE DETECTION ==========
Detected Language : BOSNIAN
Input Text        : Početna Shorts Pretplate Moje
========================================
2026-03-12 18:54:13.539 [TestNG-test-Yt Master Tests-2] INFO  [verifyingSideMenuCollapsedLangAsInSettingsLingua] text sent to lingua is       Početna Shorts Pretplate Moje
2026-03-12 18:54:13.540 [TestNG-test-Yt Master Tests-2] INFO  [verifyingSideMenuCollapsedLangAsInSettingsLingua] getLangAttribute() - locating <html> and reading lang property
2026-03-12 18:54:13.554 [TestNG-test-Yt Master Tests-2] INFO  [verifyingSideMenuCollapsedLangAsInSettingsLingua] Language attribute read: hr-HR
2026-03-12 18:54:13.554 [TestNG-test-Yt Master Tests-2] INFO  [verifyingSideMenuCollapsedLangAsInSettingsLingua] Clicking settings ellipses button...
2026-03-12 18:54:13.590 [TestNG-test-Yt Master Tests-2] INFO  [verifyingSideMenuCollapsedLangAsInSettingsLingua] [verifyingSideMenuCollapsedLangAsInSettingsLingua] Trying to find element: By.xpath: //ytd-topbar-menu-button-renderer[@class='style-scope ytd-masthead style-default']
2026-03-12 18:54:13.692 [TestNG-test-Yt Master Tests-2] INFO  [verifyingSideMenuCollapsedLangAsInSettingsLingua] [verifyingSideMenuCollapsedLangAsInSettingsLingua] Element found and ready (attempt 1): By.xpath: //ytd-topbar-menu-button-renderer[@class='style-scope ytd-masthead style-default']
2026-03-12 18:54:13.765 [TestNG-test-Yt Master Tests-2] INFO  [verifyingSideMenuCollapsedLangAsInSettingsLingua] Clicking language dropdown...
2026-03-12 18:54:13.765 [TestNG-test-Yt Master Tests-2] INFO  [verifyingSideMenuCollapsedLangAsInSettingsLingua] [verifyingSideMenuCollapsedLangAsInSettingsLingua] Trying to find element: By.xpath: (//div[@id='content-icon'])[2]
2026-03-12 18:54:14.358 [TestNG-test-Yt Master Tests-2] INFO  [verifyingSideMenuCollapsedLangAsInSettingsLingua] [verifyingSideMenuCollapsedLangAsInSettingsLingua] Element found and ready (attempt 1): By.xpath: (//div[@id='content-icon'])[2]
2026-03-12 18:54:14.768 [TestNG-test-Yt Master Tests-2] INFO  [verifyingSideMenuCollapsedLangAsInSettingsLingua] Looking for language element with name: Íslenska
2026-03-12 18:54:14.768 [TestNG-test-Yt Master Tests-2] INFO  [verifyingSideMenuCollapsedLangAsInSettingsLingua] [verifyingSideMenuCollapsedLangAsInSettingsLingua] Trying to find element: By.xpath: //yt-multi-page-menu-section-renderer[@class='style-scope ytd-multi-page-menu-renderer']//yt-formatted-string[@id='label' and text()='Íslenska']
2026-03-12 18:54:14.895 [TestNG-test-Yt Master Tests-2] INFO  [verifyingSideMenuCollapsedLangAsInSettingsLingua] [verifyingSideMenuCollapsedLangAsInSettingsLingua] Element found and ready (attempt 1): By.xpath: //yt-multi-page-menu-section-renderer[@class='style-scope ytd-multi-page-menu-renderer']//yt-formatted-string[@id='label' and text()='Íslenska']
2026-03-12 18:54:14.896 [TestNG-test-Yt Master Tests-2] INFO  [verifyingSideMenuCollapsedLangAsInSettingsLingua] [verifyingSideMenuCollapsedLangAsInSettingsLingua] Trying to find element: By.xpath: //yt-multi-page-menu-section-renderer[@class='style-scope ytd-multi-page-menu-renderer']//yt-formatted-string[@id='label' and text()='Íslenska']
2026-03-12 18:54:14.954 [TestNG-test-Yt Master Tests-2] INFO  [verifyingSideMenuCollapsedLangAsInSettingsLingua] [verifyingSideMenuCollapsedLangAsInSettingsLingua] Element found and ready (attempt 1): By.xpath: //yt-multi-page-menu-section-renderer[@class='style-scope ytd-multi-page-menu-renderer']//yt-formatted-string[@id='label' and text()='Íslenska']
2026-03-12 18:54:16.905 [TestNG-test-Yt Master Tests-2] INFO  [verifyingSideMenuCollapsedLangAsInSettingsLingua] Clicking settings ellipses button...
2026-03-12 18:54:17.709 [TestNG-test-Yt Master Tests-2] INFO  [verifyingSideMenuCollapsedLangAsInSettingsLingua] [verifyingSideMenuCollapsedLangAsInSettingsLingua] Trying to find element: By.xpath: //ytd-topbar-menu-button-renderer[@class='style-scope ytd-masthead style-default']
2026-03-12 18:54:17.777 [TestNG-test-Yt Master Tests-2] INFO  [verifyingSideMenuCollapsedLangAsInSettingsLingua] [verifyingSideMenuCollapsedLangAsInSettingsLingua] Element found and ready (attempt 1): By.xpath: //ytd-topbar-menu-button-renderer[@class='style-scope ytd-masthead style-default']
2026-03-12 18:54:18.120 [TestNG-test-Yt Master Tests-2] INFO  [verifyingSideMenuCollapsedLangAsInSettingsLingua] [verifyingSideMenuCollapsedLangAsInSettingsLingua] Waiting until element is visible in viewport
2026-03-12 18:54:18.153 [TestNG-test-Yt Master Tests-2] INFO  [verifyingSideMenuCollapsedLangAsInSettingsLingua] [verifyingSideMenuCollapsedLangAsInSettingsLingua] Capturing screenshot: Filter Applied is Íslenska__2026-03-12_185418.jpg
2026-03-12 18:54:18.496 [TestNG-test-Yt Master Tests-2] INFO  [verifyingSideMenuCollapsedLangAsInSettingsLingua] [verifyingSideMenuCollapsedLangAsInSettingsLingua] Screenshot saved at: test-output/screenshots/Run_2026-03-12_18-35-07/verifyingSideMenuCollapsedLangAsInSettingsLingua/Filter Applied is Íslenska__2026-03-12_185418.jpg
2026-03-12 18:54:18.496 [TestNG-test-Yt Master Tests-2] INFO  [verifyingSideMenuCollapsedLangAsInSettingsLingua] Clicking settings ellipses button...
2026-03-12 18:54:18.528 [TestNG-test-Yt Master Tests-2] INFO  [verifyingSideMenuCollapsedLangAsInSettingsLingua] [verifyingSideMenuCollapsedLangAsInSettingsLingua] Trying to find element: By.xpath: //ytd-topbar-menu-button-renderer[@class='style-scope ytd-masthead style-default']
2026-03-12 18:54:18.588 [TestNG-test-Yt Master Tests-2] INFO  [verifyingSideMenuCollapsedLangAsInSettingsLingua] [verifyingSideMenuCollapsedLangAsInSettingsLingua] Element found and ready (attempt 1): By.xpath: //ytd-topbar-menu-button-renderer[@class='style-scope ytd-masthead style-default']
2026-03-12 18:54:18.641 [TestNG-test-Yt Master Tests-2] INFO  [verifyingSideMenuCollapsedLangAsInSettingsLingua] getLangAttribute() - locating <html> and reading lang property
2026-03-12 18:54:18.655 [TestNG-test-Yt Master Tests-2] INFO  [verifyingSideMenuCollapsedLangAsInSettingsLingua] Language attribute read: is-IS
2026-03-12 18:54:18.655 [TestNG-test-Yt Master Tests-2] INFO  [verifyingSideMenuCollapsedLangAsInSettingsLingua] Fetching the side menu in collapsed view
2026-03-12 18:54:18.655 [TestNG-test-Yt Master Tests-2] INFO  [verifyingSideMenuCollapsedLangAsInSettingsLingua] [verifyingSideMenuCollapsedLangAsInSettingsLingua] Finding elements list: By.xpath: //ytd-mini-guide-renderer[@class='style-scope ytd-app']//ytd-mini-guide-entry-renderer
2026-03-12 18:54:18.718 [TestNG-test-Yt Master Tests-2] INFO  [verifyingSideMenuCollapsedLangAsInSettingsLingua] [verifyingSideMenuCollapsedLangAsInSettingsLingua] Found 4 ready elements (attempt 1): By.xpath: //ytd-mini-guide-renderer[@class='style-scope ytd-app']//ytd-mini-guide-entry-renderer
2026-03-12 18:54:18.802 [TestNG-test-Yt Master Tests-2] INFO  [verifyingSideMenuCollapsedLangAsInSettingsLingua] 
========== LANGUAGE DETECTION ==========
Detected Language : ICELANDIC
Input Text        : Heim Shorts Áskriftir Þú
========================================
2026-03-12 18:54:18.802 [TestNG-test-Yt Master Tests-2] INFO  [verifyingSideMenuCollapsedLangAsInSettingsLingua] text sent to lingua is       Heim Shorts Áskriftir Þú
2026-03-12 18:54:18.802 [TestNG-test-Yt Master Tests-2] INFO  [verifyingSideMenuCollapsedLangAsInSettingsLingua] getLangAttribute() - locating <html> and reading lang property
2026-03-12 18:54:18.816 [TestNG-test-Yt Master Tests-2] INFO  [verifyingSideMenuCollapsedLangAsInSettingsLingua] Language attribute read: is-IS
2026-03-12 18:54:18.816 [TestNG-test-Yt Master Tests-2] INFO  [verifyingSideMenuCollapsedLangAsInSettingsLingua] Clicking settings ellipses button...
2026-03-12 18:54:18.836 [TestNG-test-Yt Master Tests-2] INFO  [verifyingSideMenuCollapsedLangAsInSettingsLingua] [verifyingSideMenuCollapsedLangAsInSettingsLingua] Trying to find element: By.xpath: //ytd-topbar-menu-button-renderer[@class='style-scope ytd-masthead style-default']
2026-03-12 18:54:18.889 [TestNG-test-Yt Master Tests-2] INFO  [verifyingSideMenuCollapsedLangAsInSettingsLingua] [verifyingSideMenuCollapsedLangAsInSettingsLingua] Element found and ready (attempt 1): By.xpath: //ytd-topbar-menu-button-renderer[@class='style-scope ytd-masthead style-default']
2026-03-12 18:54:18.943 [TestNG-test-Yt Master Tests-2] INFO  [verifyingSideMenuCollapsedLangAsInSettingsLingua] Clicking language dropdown...
2026-03-12 18:54:18.943 [TestNG-test-Yt Master Tests-2] INFO  [verifyingSideMenuCollapsedLangAsInSettingsLingua] [verifyingSideMenuCollapsedLangAsInSettingsLingua] Trying to find element: By.xpath: (//div[@id='content-icon'])[2]
2026-03-12 18:54:19.555 [TestNG-test-Yt Master Tests-2] INFO  [verifyingSideMenuCollapsedLangAsInSettingsLingua] [verifyingSideMenuCollapsedLangAsInSettingsLingua] Element found and ready (attempt 1): By.xpath: (//div[@id='content-icon'])[2]
2026-03-12 18:54:20.248 [TestNG-test-Yt Master Tests-2] INFO  [verifyingSideMenuCollapsedLangAsInSettingsLingua] Looking for language element with name: Italiano
2026-03-12 18:54:20.248 [TestNG-test-Yt Master Tests-2] INFO  [verifyingSideMenuCollapsedLangAsInSettingsLingua] [verifyingSideMenuCollapsedLangAsInSettingsLingua] Trying to find element: By.xpath: //yt-multi-page-menu-section-renderer[@class='style-scope ytd-multi-page-menu-renderer']//yt-formatted-string[@id='label' and text()='Italiano']
2026-03-12 18:54:20.339 [TestNG-test-Yt Master Tests-2] INFO  [verifyingSideMenuCollapsedLangAsInSettingsLingua] [verifyingSideMenuCollapsedLangAsInSettingsLingua] Element found and ready (attempt 1): By.xpath: //yt-multi-page-menu-section-renderer[@class='style-scope ytd-multi-page-menu-renderer']//yt-formatted-string[@id='label' and text()='Italiano']
2026-03-12 18:54:20.339 [TestNG-test-Yt Master Tests-2] INFO  [verifyingSideMenuCollapsedLangAsInSettingsLingua] [verifyingSideMenuCollapsedLangAsInSettingsLingua] Trying to find element: By.xpath: //yt-multi-page-menu-section-renderer[@class='style-scope ytd-multi-page-menu-renderer']//yt-formatted-string[@id='label' and text()='Italiano']
2026-03-12 18:54:20.411 [TestNG-test-Yt Master Tests-2] INFO  [verifyingSideMenuCollapsedLangAsInSettingsLingua] [verifyingSideMenuCollapsedLangAsInSettingsLingua] Element found and ready (attempt 1): By.xpath: //yt-multi-page-menu-section-renderer[@class='style-scope ytd-multi-page-menu-renderer']//yt-formatted-string[@id='label' and text()='Italiano']
2026-03-12 18:54:22.409 [TestNG-test-Yt Master Tests-2] INFO  [verifyingSideMenuCollapsedLangAsInSettingsLingua] Clicking settings ellipses button...
2026-03-12 18:54:22.736 [TestNG-test-Yt Master Tests-2] INFO  [verifyingSideMenuCollapsedLangAsInSettingsLingua] [verifyingSideMenuCollapsedLangAsInSettingsLingua] Trying to find element: By.xpath: //ytd-topbar-menu-button-renderer[@class='style-scope ytd-masthead style-default']
2026-03-12 18:54:22.909 [TestNG-test-Yt Master Tests-2] INFO  [verifyingSideMenuCollapsedLangAsInSettingsLingua] [verifyingSideMenuCollapsedLangAsInSettingsLingua] Element found and ready (attempt 1): By.xpath: //ytd-topbar-menu-button-renderer[@class='style-scope ytd-masthead style-default']
2026-03-12 18:54:23.139 [TestNG-test-Yt Master Tests-2] INFO  [verifyingSideMenuCollapsedLangAsInSettingsLingua] [verifyingSideMenuCollapsedLangAsInSettingsLingua] Waiting until element is visible in viewport
2026-03-12 18:54:23.262 [TestNG-test-Yt Master Tests-2] INFO  [verifyingSideMenuCollapsedLangAsInSettingsLingua] [verifyingSideMenuCollapsedLangAsInSettingsLingua] Capturing screenshot: Filter Applied is Italiano__2026-03-12_185423.jpg
2026-03-12 18:54:23.653 [TestNG-test-Yt Master Tests-2] INFO  [verifyingSideMenuCollapsedLangAsInSettingsLingua] [verifyingSideMenuCollapsedLangAsInSettingsLingua] Screenshot saved at: test-output/screenshots/Run_2026-03-12_18-35-07/verifyingSideMenuCollapsedLangAsInSettingsLingua/Filter Applied is Italiano__2026-03-12_185423.jpg
2026-03-12 18:54:23.653 [TestNG-test-Yt Master Tests-2] INFO  [verifyingSideMenuCollapsedLangAsInSettingsLingua] Clicking settings ellipses button...
2026-03-12 18:54:23.672 [TestNG-test-Yt Master Tests-2] INFO  [verifyingSideMenuCollapsedLangAsInSettingsLingua] [verifyingSideMenuCollapsedLangAsInSettingsLingua] Trying to find element: By.xpath: //ytd-topbar-menu-button-renderer[@class='style-scope ytd-masthead style-default']
2026-03-12 18:54:23.753 [TestNG-test-Yt Master Tests-2] INFO  [verifyingSideMenuCollapsedLangAsInSettingsLingua] [verifyingSideMenuCollapsedLangAsInSettingsLingua] Element found and ready (attempt 1): By.xpath: //ytd-topbar-menu-button-renderer[@class='style-scope ytd-masthead style-default']
2026-03-12 18:54:23.808 [TestNG-test-Yt Master Tests-2] INFO  [verifyingSideMenuCollapsedLangAsInSettingsLingua] getLangAttribute() - locating <html> and reading lang property
2026-03-12 18:54:23.954 [TestNG-test-Yt Master Tests-2] INFO  [verifyingSideMenuCollapsedLangAsInSettingsLingua] Language attribute read: it-IT
2026-03-12 18:54:23.954 [TestNG-test-Yt Master Tests-2] INFO  [verifyingSideMenuCollapsedLangAsInSettingsLingua] Fetching the side menu in collapsed view
2026-03-12 18:54:23.954 [TestNG-test-Yt Master Tests-2] INFO  [verifyingSideMenuCollapsedLangAsInSettingsLingua] [verifyingSideMenuCollapsedLangAsInSettingsLingua] Finding elements list: By.xpath: //ytd-mini-guide-renderer[@class='style-scope ytd-app']//ytd-mini-guide-entry-renderer
2026-03-12 18:54:24.076 [TestNG-test-Yt Master Tests-2] INFO  [verifyingSideMenuCollapsedLangAsInSettingsLingua] [verifyingSideMenuCollapsedLangAsInSettingsLingua] Found 4 ready elements (attempt 1): By.xpath: //ytd-mini-guide-renderer[@class='style-scope ytd-app']//ytd-mini-guide-entry-renderer
2026-03-12 18:54:24.183 [TestNG-test-Yt Master Tests-2] INFO  [verifyingSideMenuCollapsedLangAsInSettingsLingua] 
========== LANGUAGE DETECTION ==========
Detected Language : ITALIAN
Input Text        : Home Shorts Iscrizioni Tu
========================================
2026-03-12 18:54:24.183 [TestNG-test-Yt Master Tests-2] INFO  [verifyingSideMenuCollapsedLangAsInSettingsLingua] text sent to lingua is       Home Shorts Iscrizioni Tu
2026-03-12 18:54:24.183 [TestNG-test-Yt Master Tests-2] INFO  [verifyingSideMenuCollapsedLangAsInSettingsLingua] getLangAttribute() - locating <html> and reading lang property
2026-03-12 18:54:24.197 [TestNG-test-Yt Master Tests-2] INFO  [verifyingSideMenuCollapsedLangAsInSettingsLingua] Language attribute read: it-IT
2026-03-12 18:54:24.198 [TestNG-test-Yt Master Tests-2] INFO  [verifyingSideMenuCollapsedLangAsInSettingsLingua] Clicking settings ellipses button...
2026-03-12 18:54:24.264 [TestNG-test-Yt Master Tests-2] INFO  [verifyingSideMenuCollapsedLangAsInSettingsLingua] [verifyingSideMenuCollapsedLangAsInSettingsLingua] Trying to find element: By.xpath: //ytd-topbar-menu-button-renderer[@class='style-scope ytd-masthead style-default']
2026-03-12 18:54:24.330 [TestNG-test-Yt Master Tests-2] INFO  [verifyingSideMenuCollapsedLangAsInSettingsLingua] [verifyingSideMenuCollapsedLangAsInSettingsLingua] Element found and ready (attempt 1): By.xpath: //ytd-topbar-menu-button-renderer[@class='style-scope ytd-masthead style-default']
2026-03-12 18:54:24.395 [TestNG-test-Yt Master Tests-2] INFO  [verifyingSideMenuCollapsedLangAsInSettingsLingua] Clicking language dropdown...
2026-03-12 18:54:24.395 [TestNG-test-Yt Master Tests-2] INFO  [verifyingSideMenuCollapsedLangAsInSettingsLingua] [verifyingSideMenuCollapsedLangAsInSettingsLingua] Trying to find element: By.xpath: (//div[@id='content-icon'])[2]
2026-03-12 18:54:24.969 [TestNG-test-Yt Master Tests-2] INFO  [verifyingSideMenuCollapsedLangAsInSettingsLingua] [verifyingSideMenuCollapsedLangAsInSettingsLingua] Element found and ready (attempt 1): By.xpath: (//div[@id='content-icon'])[2]
2026-03-12 18:54:25.327 [TestNG-test-Yt Master Tests-2] INFO  [verifyingSideMenuCollapsedLangAsInSettingsLingua] Looking for language element with name: Latviešu valoda
2026-03-12 18:54:25.327 [TestNG-test-Yt Master Tests-2] INFO  [verifyingSideMenuCollapsedLangAsInSettingsLingua] [verifyingSideMenuCollapsedLangAsInSettingsLingua] Trying to find element: By.xpath: //yt-multi-page-menu-section-renderer[@class='style-scope ytd-multi-page-menu-renderer']//yt-formatted-string[@id='label' and text()='Latviešu valoda']
2026-03-12 18:54:25.474 [TestNG-test-Yt Master Tests-2] INFO  [verifyingSideMenuCollapsedLangAsInSettingsLingua] [verifyingSideMenuCollapsedLangAsInSettingsLingua] Element found and ready (attempt 1): By.xpath: //yt-multi-page-menu-section-renderer[@class='style-scope ytd-multi-page-menu-renderer']//yt-formatted-string[@id='label' and text()='Latviešu valoda']
2026-03-12 18:54:25.474 [TestNG-test-Yt Master Tests-2] INFO  [verifyingSideMenuCollapsedLangAsInSettingsLingua] [verifyingSideMenuCollapsedLangAsInSettingsLingua] Trying to find element: By.xpath: //yt-multi-page-menu-section-renderer[@class='style-scope ytd-multi-page-menu-renderer']//yt-formatted-string[@id='label' and text()='Latviešu valoda']
2026-03-12 18:54:25.541 [TestNG-test-Yt Master Tests-2] INFO  [verifyingSideMenuCollapsedLangAsInSettingsLingua] [verifyingSideMenuCollapsedLangAsInSettingsLingua] Element found and ready (attempt 1): By.xpath: //yt-multi-page-menu-section-renderer[@class='style-scope ytd-multi-page-menu-renderer']//yt-formatted-string[@id='label' and text()='Latviešu valoda']
2026-03-12 18:54:27.454 [TestNG-test-Yt Master Tests-2] INFO  [verifyingSideMenuCollapsedLangAsInSettingsLingua] Clicking settings ellipses button...
2026-03-12 18:54:27.983 [TestNG-test-Yt Master Tests-2] INFO  [verifyingSideMenuCollapsedLangAsInSettingsLingua] [verifyingSideMenuCollapsedLangAsInSettingsLingua] Trying to find element: By.xpath: //ytd-topbar-menu-button-renderer[@class='style-scope ytd-masthead style-default']
2026-03-12 18:54:28.155 [TestNG-test-Yt Master Tests-2] INFO  [verifyingSideMenuCollapsedLangAsInSettingsLingua] [verifyingSideMenuCollapsedLangAsInSettingsLingua] Element found and ready (attempt 1): By.xpath: //ytd-topbar-menu-button-renderer[@class='style-scope ytd-masthead style-default']
2026-03-12 18:54:28.532 [TestNG-test-Yt Master Tests-2] INFO  [verifyingSideMenuCollapsedLangAsInSettingsLingua] [verifyingSideMenuCollapsedLangAsInSettingsLingua] Waiting until element is visible in viewport
2026-03-12 18:54:28.561 [TestNG-test-Yt Master Tests-2] INFO  [verifyingSideMenuCollapsedLangAsInSettingsLingua] [verifyingSideMenuCollapsedLangAsInSettingsLingua] Capturing screenshot: Filter Applied is Latviešu valoda__2026-03-12_185428.jpg
2026-03-12 18:54:28.858 [TestNG-test-Yt Master Tests-2] INFO  [verifyingSideMenuCollapsedLangAsInSettingsLingua] [verifyingSideMenuCollapsedLangAsInSettingsLingua] Screenshot saved at: test-output/screenshots/Run_2026-03-12_18-35-07/verifyingSideMenuCollapsedLangAsInSettingsLingua/Filter Applied is Latviešu valoda__2026-03-12_185428.jpg
2026-03-12 18:54:28.858 [TestNG-test-Yt Master Tests-2] INFO  [verifyingSideMenuCollapsedLangAsInSettingsLingua] Clicking settings ellipses button...
2026-03-12 18:54:28.902 [TestNG-test-Yt Master Tests-2] INFO  [verifyingSideMenuCollapsedLangAsInSettingsLingua] [verifyingSideMenuCollapsedLangAsInSettingsLingua] Trying to find element: By.xpath: //ytd-topbar-menu-button-renderer[@class='style-scope ytd-masthead style-default']
2026-03-12 18:54:28.954 [TestNG-test-Yt Master Tests-2] INFO  [verifyingSideMenuCollapsedLangAsInSettingsLingua] [verifyingSideMenuCollapsedLangAsInSettingsLingua] Element found and ready (attempt 1): By.xpath: //ytd-topbar-menu-button-renderer[@class='style-scope ytd-masthead style-default']
2026-03-12 18:54:29.005 [TestNG-test-Yt Master Tests-2] INFO  [verifyingSideMenuCollapsedLangAsInSettingsLingua] getLangAttribute() - locating <html> and reading lang property
2026-03-12 18:54:29.019 [TestNG-test-Yt Master Tests-2] INFO  [verifyingSideMenuCollapsedLangAsInSettingsLingua] Language attribute read: lv-LV
2026-03-12 18:54:29.019 [TestNG-test-Yt Master Tests-2] INFO  [verifyingSideMenuCollapsedLangAsInSettingsLingua] Fetching the side menu in collapsed view
2026-03-12 18:54:29.019 [TestNG-test-Yt Master Tests-2] INFO  [verifyingSideMenuCollapsedLangAsInSettingsLingua] [verifyingSideMenuCollapsedLangAsInSettingsLingua] Finding elements list: By.xpath: //ytd-mini-guide-renderer[@class='style-scope ytd-app']//ytd-mini-guide-entry-renderer
2026-03-12 18:54:29.086 [TestNG-test-Yt Master Tests-2] INFO  [verifyingSideMenuCollapsedLangAsInSettingsLingua] [verifyingSideMenuCollapsedLangAsInSettingsLingua] Found 4 ready elements (attempt 1): By.xpath: //ytd-mini-guide-renderer[@class='style-scope ytd-app']//ytd-mini-guide-entry-renderer
2026-03-12 18:54:29.172 [TestNG-test-Yt Master Tests-2] INFO  [verifyingSideMenuCollapsedLangAsInSettingsLingua] 
========== LANGUAGE DETECTION ==========
Detected Language : LATVIAN
Input Text        : Sākums Shorts Abonementi Jūs
========================================
2026-03-12 18:54:29.172 [TestNG-test-Yt Master Tests-2] INFO  [verifyingSideMenuCollapsedLangAsInSettingsLingua] text sent to lingua is       Sākums Shorts Abonementi Jūs
2026-03-12 18:54:29.172 [TestNG-test-Yt Master Tests-2] INFO  [verifyingSideMenuCollapsedLangAsInSettingsLingua] getLangAttribute() - locating <html> and reading lang property
2026-03-12 18:54:29.183 [TestNG-test-Yt Master Tests-2] INFO  [verifyingSideMenuCollapsedLangAsInSettingsLingua] Language attribute read: lv-LV
2026-03-12 18:54:29.184 [TestNG-test-Yt Master Tests-2] INFO  [verifyingSideMenuCollapsedLangAsInSettingsLingua] Clicking settings ellipses button...
2026-03-12 18:54:29.204 [TestNG-test-Yt Master Tests-2] INFO  [verifyingSideMenuCollapsedLangAsInSettingsLingua] [verifyingSideMenuCollapsedLangAsInSettingsLingua] Trying to find element: By.xpath: //ytd-topbar-menu-button-renderer[@class='style-scope ytd-masthead style-default']
2026-03-12 18:54:29.277 [TestNG-test-Yt Master Tests-2] INFO  [verifyingSideMenuCollapsedLangAsInSettingsLingua] [verifyingSideMenuCollapsedLangAsInSettingsLingua] Element found and ready (attempt 1): By.xpath: //ytd-topbar-menu-button-renderer[@class='style-scope ytd-masthead style-default']
2026-03-12 18:54:29.414 [TestNG-test-Yt Master Tests-2] INFO  [verifyingSideMenuCollapsedLangAsInSettingsLingua] Clicking language dropdown...
2026-03-12 18:54:29.414 [TestNG-test-Yt Master Tests-2] INFO  [verifyingSideMenuCollapsedLangAsInSettingsLingua] [verifyingSideMenuCollapsedLangAsInSettingsLingua] Trying to find element: By.xpath: (//div[@id='content-icon'])[2]
2026-03-12 18:54:30.200 [TestNG-test-Yt Master Tests-2] INFO  [verifyingSideMenuCollapsedLangAsInSettingsLingua] [verifyingSideMenuCollapsedLangAsInSettingsLingua] Element found and ready (attempt 1): By.xpath: (//div[@id='content-icon'])[2]
2026-03-12 18:54:30.714 [TestNG-test-Yt Master Tests-2] INFO  [verifyingSideMenuCollapsedLangAsInSettingsLingua] Looking for language element with name: Lietuvių
2026-03-12 18:54:30.714 [TestNG-test-Yt Master Tests-2] INFO  [verifyingSideMenuCollapsedLangAsInSettingsLingua] [verifyingSideMenuCollapsedLangAsInSettingsLingua] Trying to find element: By.xpath: //yt-multi-page-menu-section-renderer[@class='style-scope ytd-multi-page-menu-renderer']//yt-formatted-string[@id='label' and text()='Lietuvių']
2026-03-12 18:54:30.799 [TestNG-test-Yt Master Tests-2] INFO  [verifyingSideMenuCollapsedLangAsInSettingsLingua] [verifyingSideMenuCollapsedLangAsInSettingsLingua] Element found and ready (attempt 1): By.xpath: //yt-multi-page-menu-section-renderer[@class='style-scope ytd-multi-page-menu-renderer']//yt-formatted-string[@id='label' and text()='Lietuvių']
2026-03-12 18:54:30.799 [TestNG-test-Yt Master Tests-2] INFO  [verifyingSideMenuCollapsedLangAsInSettingsLingua] [verifyingSideMenuCollapsedLangAsInSettingsLingua] Trying to find element: By.xpath: //yt-multi-page-menu-section-renderer[@class='style-scope ytd-multi-page-menu-renderer']//yt-formatted-string[@id='label' and text()='Lietuvių']
2026-03-12 18:54:30.862 [TestNG-test-Yt Master Tests-2] INFO  [verifyingSideMenuCollapsedLangAsInSettingsLingua] [verifyingSideMenuCollapsedLangAsInSettingsLingua] Element found and ready (attempt 1): By.xpath: //yt-multi-page-menu-section-renderer[@class='style-scope ytd-multi-page-menu-renderer']//yt-formatted-string[@id='label' and text()='Lietuvių']
2026-03-12 18:54:32.995 [TestNG-test-Yt Master Tests-2] INFO  [verifyingSideMenuCollapsedLangAsInSettingsLingua] Clicking settings ellipses button...
2026-03-12 18:54:33.249 [TestNG-test-Yt Master Tests-2] INFO  [verifyingSideMenuCollapsedLangAsInSettingsLingua] [verifyingSideMenuCollapsedLangAsInSettingsLingua] Trying to find element: By.xpath: //ytd-topbar-menu-button-renderer[@class='style-scope ytd-masthead style-default']
2026-03-12 18:54:33.474 [TestNG-test-Yt Master Tests-2] INFO  [verifyingSideMenuCollapsedLangAsInSettingsLingua] [verifyingSideMenuCollapsedLangAsInSettingsLingua] Element found and ready (attempt 1): By.xpath: //ytd-topbar-menu-button-renderer[@class='style-scope ytd-masthead style-default']
2026-03-12 18:54:33.766 [TestNG-test-Yt Master Tests-2] INFO  [verifyingSideMenuCollapsedLangAsInSettingsLingua] [verifyingSideMenuCollapsedLangAsInSettingsLingua] Waiting until element is visible in viewport
2026-03-12 18:54:33.864 [TestNG-test-Yt Master Tests-2] INFO  [verifyingSideMenuCollapsedLangAsInSettingsLingua] [verifyingSideMenuCollapsedLangAsInSettingsLingua] Capturing screenshot: Filter Applied is Lietuvių__2026-03-12_185433.jpg
2026-03-12 18:54:34.211 [TestNG-test-Yt Master Tests-2] INFO  [verifyingSideMenuCollapsedLangAsInSettingsLingua] [verifyingSideMenuCollapsedLangAsInSettingsLingua] Screenshot saved at: test-output/screenshots/Run_2026-03-12_18-35-07/verifyingSideMenuCollapsedLangAsInSettingsLingua/Filter Applied is Lietuvių__2026-03-12_185433.jpg
2026-03-12 18:54:34.211 [TestNG-test-Yt Master Tests-2] INFO  [verifyingSideMenuCollapsedLangAsInSettingsLingua] Clicking settings ellipses button...
2026-03-12 18:54:34.235 [TestNG-test-Yt Master Tests-2] INFO  [verifyingSideMenuCollapsedLangAsInSettingsLingua] [verifyingSideMenuCollapsedLangAsInSettingsLingua] Trying to find element: By.xpath: //ytd-topbar-menu-button-renderer[@class='style-scope ytd-masthead style-default']
2026-03-12 18:54:34.284 [TestNG-test-Yt Master Tests-2] INFO  [verifyingSideMenuCollapsedLangAsInSettingsLingua] [verifyingSideMenuCollapsedLangAsInSettingsLingua] Element found and ready (attempt 1): By.xpath: //ytd-topbar-menu-button-renderer[@class='style-scope ytd-masthead style-default']
2026-03-12 18:54:34.337 [TestNG-test-Yt Master Tests-2] INFO  [verifyingSideMenuCollapsedLangAsInSettingsLingua] getLangAttribute() - locating <html> and reading lang property
2026-03-12 18:54:34.351 [TestNG-test-Yt Master Tests-2] INFO  [verifyingSideMenuCollapsedLangAsInSettingsLingua] Language attribute read: lt-LT
2026-03-12 18:54:34.352 [TestNG-test-Yt Master Tests-2] INFO  [verifyingSideMenuCollapsedLangAsInSettingsLingua] Fetching the side menu in collapsed view
2026-03-12 18:54:34.352 [TestNG-test-Yt Master Tests-2] INFO  [verifyingSideMenuCollapsedLangAsInSettingsLingua] [verifyingSideMenuCollapsedLangAsInSettingsLingua] Finding elements list: By.xpath: //ytd-mini-guide-renderer[@class='style-scope ytd-app']//ytd-mini-guide-entry-renderer
2026-03-12 18:54:34.415 [TestNG-test-Yt Master Tests-2] INFO  [verifyingSideMenuCollapsedLangAsInSettingsLingua] [verifyingSideMenuCollapsedLangAsInSettingsLingua] Found 4 ready elements (attempt 1): By.xpath: //ytd-mini-guide-renderer[@class='style-scope ytd-app']//ytd-mini-guide-entry-renderer
2026-03-12 18:54:34.493 [TestNG-test-Yt Master Tests-2] INFO  [verifyingSideMenuCollapsedLangAsInSettingsLingua] 
========== LANGUAGE DETECTION ==========
Detected Language : LITHUANIAN
Input Text        : Pagrindinis Shorts Prenumeratos Jūs
========================================
2026-03-12 18:54:34.493 [TestNG-test-Yt Master Tests-2] INFO  [verifyingSideMenuCollapsedLangAsInSettingsLingua] text sent to lingua is       Pagrindinis Shorts Prenumeratos Jūs
2026-03-12 18:54:34.493 [TestNG-test-Yt Master Tests-2] INFO  [verifyingSideMenuCollapsedLangAsInSettingsLingua] getLangAttribute() - locating <html> and reading lang property
2026-03-12 18:54:34.505 [TestNG-test-Yt Master Tests-2] INFO  [verifyingSideMenuCollapsedLangAsInSettingsLingua] Language attribute read: lt-LT
2026-03-12 18:54:34.505 [TestNG-test-Yt Master Tests-2] INFO  [verifyingSideMenuCollapsedLangAsInSettingsLingua] Clicking settings ellipses button...
2026-03-12 18:54:34.524 [TestNG-test-Yt Master Tests-2] INFO  [verifyingSideMenuCollapsedLangAsInSettingsLingua] [verifyingSideMenuCollapsedLangAsInSettingsLingua] Trying to find element: By.xpath: //ytd-topbar-menu-button-renderer[@class='style-scope ytd-masthead style-default']
2026-03-12 18:54:34.577 [TestNG-test-Yt Master Tests-2] INFO  [verifyingSideMenuCollapsedLangAsInSettingsLingua] [verifyingSideMenuCollapsedLangAsInSettingsLingua] Element found and ready (attempt 1): By.xpath: //ytd-topbar-menu-button-renderer[@class='style-scope ytd-masthead style-default']
2026-03-12 18:54:34.648 [TestNG-test-Yt Master Tests-2] INFO  [verifyingSideMenuCollapsedLangAsInSettingsLingua] Clicking language dropdown...
2026-03-12 18:54:34.648 [TestNG-test-Yt Master Tests-2] INFO  [verifyingSideMenuCollapsedLangAsInSettingsLingua] [verifyingSideMenuCollapsedLangAsInSettingsLingua] Trying to find element: By.xpath: (//div[@id='content-icon'])[2]
2026-03-12 18:54:35.228 [TestNG-test-Yt Master Tests-2] INFO  [verifyingSideMenuCollapsedLangAsInSettingsLingua] [verifyingSideMenuCollapsedLangAsInSettingsLingua] Element found and ready (attempt 1): By.xpath: (//div[@id='content-icon'])[2]
2026-03-12 18:54:35.746 [TestNG-test-Yt Master Tests-2] INFO  [verifyingSideMenuCollapsedLangAsInSettingsLingua] Looking for language element with name: Magyar
2026-03-12 18:54:35.746 [TestNG-test-Yt Master Tests-2] INFO  [verifyingSideMenuCollapsedLangAsInSettingsLingua] [verifyingSideMenuCollapsedLangAsInSettingsLingua] Trying to find element: By.xpath: //yt-multi-page-menu-section-renderer[@class='style-scope ytd-multi-page-menu-renderer']//yt-formatted-string[@id='label' and text()='Magyar']
2026-03-12 18:54:35.917 [TestNG-test-Yt Master Tests-2] INFO  [verifyingSideMenuCollapsedLangAsInSettingsLingua] [verifyingSideMenuCollapsedLangAsInSettingsLingua] Element found and ready (attempt 1): By.xpath: //yt-multi-page-menu-section-renderer[@class='style-scope ytd-multi-page-menu-renderer']//yt-formatted-string[@id='label' and text()='Magyar']
2026-03-12 18:54:35.917 [TestNG-test-Yt Master Tests-2] INFO  [verifyingSideMenuCollapsedLangAsInSettingsLingua] [verifyingSideMenuCollapsedLangAsInSettingsLingua] Trying to find element: By.xpath: //yt-multi-page-menu-section-renderer[@class='style-scope ytd-multi-page-menu-renderer']//yt-formatted-string[@id='label' and text()='Magyar']
2026-03-12 18:54:35.971 [TestNG-test-Yt Master Tests-2] INFO  [verifyingSideMenuCollapsedLangAsInSettingsLingua] [verifyingSideMenuCollapsedLangAsInSettingsLingua] Element found and ready (attempt 1): By.xpath: //yt-multi-page-menu-section-renderer[@class='style-scope ytd-multi-page-menu-renderer']//yt-formatted-string[@id='label' and text()='Magyar']
2026-03-12 18:54:38.272 [TestNG-test-Yt Master Tests-2] INFO  [verifyingSideMenuCollapsedLangAsInSettingsLingua] Clicking settings ellipses button...
2026-03-12 18:54:38.511 [TestNG-test-Yt Master Tests-2] INFO  [verifyingSideMenuCollapsedLangAsInSettingsLingua] [verifyingSideMenuCollapsedLangAsInSettingsLingua] Trying to find element: By.xpath: //ytd-topbar-menu-button-renderer[@class='style-scope ytd-masthead style-default']
2026-03-12 18:54:38.709 [TestNG-test-Yt Master Tests-2] INFO  [verifyingSideMenuCollapsedLangAsInSettingsLingua] [verifyingSideMenuCollapsedLangAsInSettingsLingua] Element found and ready (attempt 1): By.xpath: //ytd-topbar-menu-button-renderer[@class='style-scope ytd-masthead style-default']
2026-03-12 18:54:39.009 [TestNG-test-Yt Master Tests-2] INFO  [verifyingSideMenuCollapsedLangAsInSettingsLingua] [verifyingSideMenuCollapsedLangAsInSettingsLingua] Waiting until element is visible in viewport
2026-03-12 18:54:39.131 [TestNG-test-Yt Master Tests-2] INFO  [verifyingSideMenuCollapsedLangAsInSettingsLingua] [verifyingSideMenuCollapsedLangAsInSettingsLingua] Capturing screenshot: Filter Applied is Magyar__2026-03-12_185439.jpg
2026-03-12 18:54:39.460 [TestNG-test-Yt Master Tests-2] INFO  [verifyingSideMenuCollapsedLangAsInSettingsLingua] [verifyingSideMenuCollapsedLangAsInSettingsLingua] Screenshot saved at: test-output/screenshots/Run_2026-03-12_18-35-07/verifyingSideMenuCollapsedLangAsInSettingsLingua/Filter Applied is Magyar__2026-03-12_185439.jpg
2026-03-12 18:54:39.461 [TestNG-test-Yt Master Tests-2] INFO  [verifyingSideMenuCollapsedLangAsInSettingsLingua] Clicking settings ellipses button...
2026-03-12 18:54:39.507 [TestNG-test-Yt Master Tests-2] INFO  [verifyingSideMenuCollapsedLangAsInSettingsLingua] [verifyingSideMenuCollapsedLangAsInSettingsLingua] Trying to find element: By.xpath: //ytd-topbar-menu-button-renderer[@class='style-scope ytd-masthead style-default']
2026-03-12 18:54:39.623 [TestNG-test-Yt Master Tests-2] INFO  [verifyingSideMenuCollapsedLangAsInSettingsLingua] [verifyingSideMenuCollapsedLangAsInSettingsLingua] Element found and ready (attempt 1): By.xpath: //ytd-topbar-menu-button-renderer[@class='style-scope ytd-masthead style-default']
2026-03-12 18:54:39.688 [TestNG-test-Yt Master Tests-2] INFO  [verifyingSideMenuCollapsedLangAsInSettingsLingua] getLangAttribute() - locating <html> and reading lang property
2026-03-12 18:54:39.701 [TestNG-test-Yt Master Tests-2] INFO  [verifyingSideMenuCollapsedLangAsInSettingsLingua] Language attribute read: hu-HU
2026-03-12 18:54:39.701 [TestNG-test-Yt Master Tests-2] INFO  [verifyingSideMenuCollapsedLangAsInSettingsLingua] Fetching the side menu in collapsed view
2026-03-12 18:54:39.701 [TestNG-test-Yt Master Tests-2] INFO  [verifyingSideMenuCollapsedLangAsInSettingsLingua] [verifyingSideMenuCollapsedLangAsInSettingsLingua] Finding elements list: By.xpath: //ytd-mini-guide-renderer[@class='style-scope ytd-app']//ytd-mini-guide-entry-renderer
2026-03-12 18:54:39.766 [TestNG-test-Yt Master Tests-2] INFO  [verifyingSideMenuCollapsedLangAsInSettingsLingua] [verifyingSideMenuCollapsedLangAsInSettingsLingua] Found 4 ready elements (attempt 1): By.xpath: //ytd-mini-guide-renderer[@class='style-scope ytd-app']//ytd-mini-guide-entry-renderer
2026-03-12 18:54:39.847 [TestNG-test-Yt Master Tests-2] INFO  [verifyingSideMenuCollapsedLangAsInSettingsLingua] 
========== LANGUAGE DETECTION ==========
Detected Language : HUNGARIAN
Input Text        : Kezdőlap Shorts Feliratkozások Te
========================================
2026-03-12 18:54:39.847 [TestNG-test-Yt Master Tests-2] INFO  [verifyingSideMenuCollapsedLangAsInSettingsLingua] text sent to lingua is       Kezdőlap Shorts Feliratkozások Te
2026-03-12 18:54:39.847 [TestNG-test-Yt Master Tests-2] INFO  [verifyingSideMenuCollapsedLangAsInSettingsLingua] getLangAttribute() - locating <html> and reading lang property
2026-03-12 18:54:39.860 [TestNG-test-Yt Master Tests-2] INFO  [verifyingSideMenuCollapsedLangAsInSettingsLingua] Language attribute read: hu-HU
2026-03-12 18:54:39.860 [TestNG-test-Yt Master Tests-2] INFO  [verifyingSideMenuCollapsedLangAsInSettingsLingua] Clicking settings ellipses button...
2026-03-12 18:54:39.882 [TestNG-test-Yt Master Tests-2] INFO  [verifyingSideMenuCollapsedLangAsInSettingsLingua] [verifyingSideMenuCollapsedLangAsInSettingsLingua] Trying to find element: By.xpath: //ytd-topbar-menu-button-renderer[@class='style-scope ytd-masthead style-default']
2026-03-12 18:54:39.939 [TestNG-test-Yt Master Tests-2] INFO  [verifyingSideMenuCollapsedLangAsInSettingsLingua] [verifyingSideMenuCollapsedLangAsInSettingsLingua] Element found and ready (attempt 1): By.xpath: //ytd-topbar-menu-button-renderer[@class='style-scope ytd-masthead style-default']
2026-03-12 18:54:40.022 [TestNG-test-Yt Master Tests-2] INFO  [verifyingSideMenuCollapsedLangAsInSettingsLingua] Clicking language dropdown...
2026-03-12 18:54:40.022 [TestNG-test-Yt Master Tests-2] INFO  [verifyingSideMenuCollapsedLangAsInSettingsLingua] [verifyingSideMenuCollapsedLangAsInSettingsLingua] Trying to find element: By.xpath: (//div[@id='content-icon'])[2]
2026-03-12 18:54:40.186 [TestNG-test-Yt Master Tests-2] INFO  [verifyingSideMenuCollapsedLangAsInSettingsLingua] [verifyingSideMenuCollapsedLangAsInSettingsLingua] Element found and ready (attempt 1): By.xpath: (//div[@id='content-icon'])[2]
2026-03-12 18:54:40.605 [TestNG-test-Yt Master Tests-2] INFO  [verifyingSideMenuCollapsedLangAsInSettingsLingua] Looking for language element with name: Nederlands
2026-03-12 18:54:40.605 [TestNG-test-Yt Master Tests-2] INFO  [verifyingSideMenuCollapsedLangAsInSettingsLingua] [verifyingSideMenuCollapsedLangAsInSettingsLingua] Trying to find element: By.xpath: //yt-multi-page-menu-section-renderer[@class='style-scope ytd-multi-page-menu-renderer']//yt-formatted-string[@id='label' and text()='Nederlands']
2026-03-12 18:54:40.766 [TestNG-test-Yt Master Tests-2] INFO  [verifyingSideMenuCollapsedLangAsInSettingsLingua] [verifyingSideMenuCollapsedLangAsInSettingsLingua] Element found and ready (attempt 1): By.xpath: //yt-multi-page-menu-section-renderer[@class='style-scope ytd-multi-page-menu-renderer']//yt-formatted-string[@id='label' and text()='Nederlands']
2026-03-12 18:54:40.766 [TestNG-test-Yt Master Tests-2] INFO  [verifyingSideMenuCollapsedLangAsInSettingsLingua] [verifyingSideMenuCollapsedLangAsInSettingsLingua] Trying to find element: By.xpath: //yt-multi-page-menu-section-renderer[@class='style-scope ytd-multi-page-menu-renderer']//yt-formatted-string[@id='label' and text()='Nederlands']
2026-03-12 18:54:40.821 [TestNG-test-Yt Master Tests-2] INFO  [verifyingSideMenuCollapsedLangAsInSettingsLingua] [verifyingSideMenuCollapsedLangAsInSettingsLingua] Element found and ready (attempt 1): By.xpath: //yt-multi-page-menu-section-renderer[@class='style-scope ytd-multi-page-menu-renderer']//yt-formatted-string[@id='label' and text()='Nederlands']
2026-03-12 18:54:43.427 [TestNG-test-Yt Master Tests-2] INFO  [verifyingSideMenuCollapsedLangAsInSettingsLingua] Clicking settings ellipses button...
2026-03-12 18:54:43.846 [TestNG-test-Yt Master Tests-2] INFO  [verifyingSideMenuCollapsedLangAsInSettingsLingua] [verifyingSideMenuCollapsedLangAsInSettingsLingua] Trying to find element: By.xpath: //ytd-topbar-menu-button-renderer[@class='style-scope ytd-masthead style-default']
2026-03-12 18:54:44.040 [TestNG-test-Yt Master Tests-2] INFO  [verifyingSideMenuCollapsedLangAsInSettingsLingua] [verifyingSideMenuCollapsedLangAsInSettingsLingua] Element found and ready (attempt 1): By.xpath: //ytd-topbar-menu-button-renderer[@class='style-scope ytd-masthead style-default']
2026-03-12 18:54:44.276 [TestNG-test-Yt Master Tests-2] INFO  [verifyingSideMenuCollapsedLangAsInSettingsLingua] [verifyingSideMenuCollapsedLangAsInSettingsLingua] Waiting until element is visible in viewport
2026-03-12 18:54:44.496 [TestNG-test-Yt Master Tests-2] INFO  [verifyingSideMenuCollapsedLangAsInSettingsLingua] [verifyingSideMenuCollapsedLangAsInSettingsLingua] Capturing screenshot: Filter Applied is Nederlands__2026-03-12_185444.jpg
2026-03-12 18:54:44.785 [TestNG-test-Yt Master Tests-2] INFO  [verifyingSideMenuCollapsedLangAsInSettingsLingua] [verifyingSideMenuCollapsedLangAsInSettingsLingua] Screenshot saved at: test-output/screenshots/Run_2026-03-12_18-35-07/verifyingSideMenuCollapsedLangAsInSettingsLingua/Filter Applied is Nederlands__2026-03-12_185444.jpg
2026-03-12 18:54:44.785 [TestNG-test-Yt Master Tests-2] INFO  [verifyingSideMenuCollapsedLangAsInSettingsLingua] Clicking settings ellipses button...
2026-03-12 18:54:44.808 [TestNG-test-Yt Master Tests-2] INFO  [verifyingSideMenuCollapsedLangAsInSettingsLingua] [verifyingSideMenuCollapsedLangAsInSettingsLingua] Trying to find element: By.xpath: //ytd-topbar-menu-button-renderer[@class='style-scope ytd-masthead style-default']
2026-03-12 18:54:44.855 [TestNG-test-Yt Master Tests-2] INFO  [verifyingSideMenuCollapsedLangAsInSettingsLingua] [verifyingSideMenuCollapsedLangAsInSettingsLingua] Element found and ready (attempt 1): By.xpath: //ytd-topbar-menu-button-renderer[@class='style-scope ytd-masthead style-default']
2026-03-12 18:54:44.904 [TestNG-test-Yt Master Tests-2] INFO  [verifyingSideMenuCollapsedLangAsInSettingsLingua] getLangAttribute() - locating <html> and reading lang property
2026-03-12 18:54:44.916 [TestNG-test-Yt Master Tests-2] INFO  [verifyingSideMenuCollapsedLangAsInSettingsLingua] Language attribute read: nl-NL
2026-03-12 18:54:44.916 [TestNG-test-Yt Master Tests-2] INFO  [verifyingSideMenuCollapsedLangAsInSettingsLingua] Fetching the side menu in collapsed view
2026-03-12 18:54:44.916 [TestNG-test-Yt Master Tests-2] INFO  [verifyingSideMenuCollapsedLangAsInSettingsLingua] [verifyingSideMenuCollapsedLangAsInSettingsLingua] Finding elements list: By.xpath: //ytd-mini-guide-renderer[@class='style-scope ytd-app']//ytd-mini-guide-entry-renderer
2026-03-12 18:54:44.972 [TestNG-test-Yt Master Tests-2] INFO  [verifyingSideMenuCollapsedLangAsInSettingsLingua] [verifyingSideMenuCollapsedLangAsInSettingsLingua] Found 4 ready elements (attempt 1): By.xpath: //ytd-mini-guide-renderer[@class='style-scope ytd-app']//ytd-mini-guide-entry-renderer
2026-03-12 18:54:45.063 [TestNG-test-Yt Master Tests-2] INFO  [verifyingSideMenuCollapsedLangAsInSettingsLingua] 
========== LANGUAGE DETECTION ==========
Detected Language : DUTCH
Input Text        : Home Shorts Abonnementen Jij
========================================
2026-03-12 18:54:45.063 [TestNG-test-Yt Master Tests-2] INFO  [verifyingSideMenuCollapsedLangAsInSettingsLingua] text sent to lingua is       Home Shorts Abonnementen Jij
2026-03-12 18:54:45.063 [TestNG-test-Yt Master Tests-2] INFO  [verifyingSideMenuCollapsedLangAsInSettingsLingua] getLangAttribute() - locating <html> and reading lang property
2026-03-12 18:54:45.076 [TestNG-test-Yt Master Tests-2] INFO  [verifyingSideMenuCollapsedLangAsInSettingsLingua] Language attribute read: nl-NL
2026-03-12 18:54:45.076 [TestNG-test-Yt Master Tests-2] INFO  [verifyingSideMenuCollapsedLangAsInSettingsLingua] Clicking settings ellipses button...
2026-03-12 18:54:45.099 [TestNG-test-Yt Master Tests-2] INFO  [verifyingSideMenuCollapsedLangAsInSettingsLingua] [verifyingSideMenuCollapsedLangAsInSettingsLingua] Trying to find element: By.xpath: //ytd-topbar-menu-button-renderer[@class='style-scope ytd-masthead style-default']
2026-03-12 18:54:45.171 [TestNG-test-Yt Master Tests-2] INFO  [verifyingSideMenuCollapsedLangAsInSettingsLingua] [verifyingSideMenuCollapsedLangAsInSettingsLingua] Element found and ready (attempt 1): By.xpath: //ytd-topbar-menu-button-renderer[@class='style-scope ytd-masthead style-default']
2026-03-12 18:54:45.229 [TestNG-test-Yt Master Tests-2] INFO  [verifyingSideMenuCollapsedLangAsInSettingsLingua] Clicking language dropdown...
2026-03-12 18:54:45.229 [TestNG-test-Yt Master Tests-2] INFO  [verifyingSideMenuCollapsedLangAsInSettingsLingua] [verifyingSideMenuCollapsedLangAsInSettingsLingua] Trying to find element: By.xpath: (//div[@id='content-icon'])[2]
2026-03-12 18:54:45.803 [TestNG-test-Yt Master Tests-2] INFO  [verifyingSideMenuCollapsedLangAsInSettingsLingua] [verifyingSideMenuCollapsedLangAsInSettingsLingua] Element found and ready (attempt 1): By.xpath: (//div[@id='content-icon'])[2]
2026-03-12 18:54:46.342 [TestNG-test-Yt Master Tests-2] INFO  [verifyingSideMenuCollapsedLangAsInSettingsLingua] Looking for language element with name: Polski
2026-03-12 18:54:46.342 [TestNG-test-Yt Master Tests-2] INFO  [verifyingSideMenuCollapsedLangAsInSettingsLingua] [verifyingSideMenuCollapsedLangAsInSettingsLingua] Trying to find element: By.xpath: //yt-multi-page-menu-section-renderer[@class='style-scope ytd-multi-page-menu-renderer']//yt-formatted-string[@id='label' and text()='Polski']
2026-03-12 18:54:46.474 [TestNG-test-Yt Master Tests-2] INFO  [verifyingSideMenuCollapsedLangAsInSettingsLingua] [verifyingSideMenuCollapsedLangAsInSettingsLingua] Element found and ready (attempt 1): By.xpath: //yt-multi-page-menu-section-renderer[@class='style-scope ytd-multi-page-menu-renderer']//yt-formatted-string[@id='label' and text()='Polski']
2026-03-12 18:54:46.474 [TestNG-test-Yt Master Tests-2] INFO  [verifyingSideMenuCollapsedLangAsInSettingsLingua] [verifyingSideMenuCollapsedLangAsInSettingsLingua] Trying to find element: By.xpath: //yt-multi-page-menu-section-renderer[@class='style-scope ytd-multi-page-menu-renderer']//yt-formatted-string[@id='label' and text()='Polski']
2026-03-12 18:54:46.524 [TestNG-test-Yt Master Tests-2] INFO  [verifyingSideMenuCollapsedLangAsInSettingsLingua] [verifyingSideMenuCollapsedLangAsInSettingsLingua] Element found and ready (attempt 1): By.xpath: //yt-multi-page-menu-section-renderer[@class='style-scope ytd-multi-page-menu-renderer']//yt-formatted-string[@id='label' and text()='Polski']
2026-03-12 18:54:49.304 [TestNG-test-Yt Master Tests-2] INFO  [verifyingSideMenuCollapsedLangAsInSettingsLingua] Clicking settings ellipses button...
2026-03-12 18:54:49.470 [TestNG-test-Yt Master Tests-2] INFO  [verifyingSideMenuCollapsedLangAsInSettingsLingua] [verifyingSideMenuCollapsedLangAsInSettingsLingua] Trying to find element: By.xpath: //ytd-topbar-menu-button-renderer[@class='style-scope ytd-masthead style-default']
2026-03-12 18:54:49.577 [TestNG-test-Yt Master Tests-2] INFO  [verifyingSideMenuCollapsedLangAsInSettingsLingua] [verifyingSideMenuCollapsedLangAsInSettingsLingua] Element found and ready (attempt 1): By.xpath: //ytd-topbar-menu-button-renderer[@class='style-scope ytd-masthead style-default']
2026-03-12 18:54:49.795 [TestNG-test-Yt Master Tests-2] INFO  [verifyingSideMenuCollapsedLangAsInSettingsLingua] [verifyingSideMenuCollapsedLangAsInSettingsLingua] Waiting until element is visible in viewport
2026-03-12 18:54:49.912 [TestNG-test-Yt Master Tests-2] INFO  [verifyingSideMenuCollapsedLangAsInSettingsLingua] [verifyingSideMenuCollapsedLangAsInSettingsLingua] Capturing screenshot: Filter Applied is Polski__2026-03-12_185449.jpg
2026-03-12 18:54:50.186 [TestNG-test-Yt Master Tests-2] INFO  [verifyingSideMenuCollapsedLangAsInSettingsLingua] [verifyingSideMenuCollapsedLangAsInSettingsLingua] Screenshot saved at: test-output/screenshots/Run_2026-03-12_18-35-07/verifyingSideMenuCollapsedLangAsInSettingsLingua/Filter Applied is Polski__2026-03-12_185449.jpg
2026-03-12 18:54:50.186 [TestNG-test-Yt Master Tests-2] INFO  [verifyingSideMenuCollapsedLangAsInSettingsLingua] Clicking settings ellipses button...
2026-03-12 18:54:50.204 [TestNG-test-Yt Master Tests-2] INFO  [verifyingSideMenuCollapsedLangAsInSettingsLingua] [verifyingSideMenuCollapsedLangAsInSettingsLingua] Trying to find element: By.xpath: //ytd-topbar-menu-button-renderer[@class='style-scope ytd-masthead style-default']
2026-03-12 18:54:50.251 [TestNG-test-Yt Master Tests-2] INFO  [verifyingSideMenuCollapsedLangAsInSettingsLingua] [verifyingSideMenuCollapsedLangAsInSettingsLingua] Element found and ready (attempt 1): By.xpath: //ytd-topbar-menu-button-renderer[@class='style-scope ytd-masthead style-default']
2026-03-12 18:54:50.304 [TestNG-test-Yt Master Tests-2] INFO  [verifyingSideMenuCollapsedLangAsInSettingsLingua] getLangAttribute() - locating <html> and reading lang property
2026-03-12 18:54:50.318 [TestNG-test-Yt Master Tests-2] INFO  [verifyingSideMenuCollapsedLangAsInSettingsLingua] Language attribute read: pl-PL
2026-03-12 18:54:50.319 [TestNG-test-Yt Master Tests-2] INFO  [verifyingSideMenuCollapsedLangAsInSettingsLingua] Fetching the side menu in collapsed view
2026-03-12 18:54:50.319 [TestNG-test-Yt Master Tests-2] INFO  [verifyingSideMenuCollapsedLangAsInSettingsLingua] [verifyingSideMenuCollapsedLangAsInSettingsLingua] Finding elements list: By.xpath: //ytd-mini-guide-renderer[@class='style-scope ytd-app']//ytd-mini-guide-entry-renderer
2026-03-12 18:54:50.387 [TestNG-test-Yt Master Tests-2] INFO  [verifyingSideMenuCollapsedLangAsInSettingsLingua] [verifyingSideMenuCollapsedLangAsInSettingsLingua] Found 4 ready elements (attempt 1): By.xpath: //ytd-mini-guide-renderer[@class='style-scope ytd-app']//ytd-mini-guide-entry-renderer
2026-03-12 18:54:50.589 [TestNG-test-Yt Master Tests-2] INFO  [verifyingSideMenuCollapsedLangAsInSettingsLingua] 
========== LANGUAGE DETECTION ==========
Detected Language : POLISH
Input Text        : Główna Shorts Subskrypcje Ty
========================================
2026-03-12 18:54:50.589 [TestNG-test-Yt Master Tests-2] INFO  [verifyingSideMenuCollapsedLangAsInSettingsLingua] text sent to lingua is       Główna Shorts Subskrypcje Ty
2026-03-12 18:54:50.589 [TestNG-test-Yt Master Tests-2] INFO  [verifyingSideMenuCollapsedLangAsInSettingsLingua] getLangAttribute() - locating <html> and reading lang property
2026-03-12 18:54:50.604 [TestNG-test-Yt Master Tests-2] INFO  [verifyingSideMenuCollapsedLangAsInSettingsLingua] Language attribute read: pl-PL
2026-03-12 18:54:50.604 [TestNG-test-Yt Master Tests-2] INFO  [verifyingSideMenuCollapsedLangAsInSettingsLingua] Clicking settings ellipses button...
2026-03-12 18:54:50.628 [TestNG-test-Yt Master Tests-2] INFO  [verifyingSideMenuCollapsedLangAsInSettingsLingua] [verifyingSideMenuCollapsedLangAsInSettingsLingua] Trying to find element: By.xpath: //ytd-topbar-menu-button-renderer[@class='style-scope ytd-masthead style-default']
2026-03-12 18:54:50.710 [TestNG-test-Yt Master Tests-2] INFO  [verifyingSideMenuCollapsedLangAsInSettingsLingua] [verifyingSideMenuCollapsedLangAsInSettingsLingua] Element found and ready (attempt 1): By.xpath: //ytd-topbar-menu-button-renderer[@class='style-scope ytd-masthead style-default']
2026-03-12 18:54:50.795 [TestNG-test-Yt Master Tests-2] INFO  [verifyingSideMenuCollapsedLangAsInSettingsLingua] Clicking language dropdown...
2026-03-12 18:54:50.795 [TestNG-test-Yt Master Tests-2] INFO  [verifyingSideMenuCollapsedLangAsInSettingsLingua] [verifyingSideMenuCollapsedLangAsInSettingsLingua] Trying to find element: By.xpath: (//div[@id='content-icon'])[2]
2026-03-12 18:54:51.362 [TestNG-test-Yt Master Tests-2] INFO  [verifyingSideMenuCollapsedLangAsInSettingsLingua] [verifyingSideMenuCollapsedLangAsInSettingsLingua] Element found and ready (attempt 1): By.xpath: (//div[@id='content-icon'])[2]
2026-03-12 18:54:51.799 [TestNG-test-Yt Master Tests-2] INFO  [verifyingSideMenuCollapsedLangAsInSettingsLingua] Looking for language element with name: Português
2026-03-12 18:54:51.799 [TestNG-test-Yt Master Tests-2] INFO  [verifyingSideMenuCollapsedLangAsInSettingsLingua] [verifyingSideMenuCollapsedLangAsInSettingsLingua] Trying to find element: By.xpath: //yt-multi-page-menu-section-renderer[@class='style-scope ytd-multi-page-menu-renderer']//yt-formatted-string[@id='label' and text()='Português']
2026-03-12 18:54:51.920 [TestNG-test-Yt Master Tests-2] INFO  [verifyingSideMenuCollapsedLangAsInSettingsLingua] [verifyingSideMenuCollapsedLangAsInSettingsLingua] Element found and ready (attempt 1): By.xpath: //yt-multi-page-menu-section-renderer[@class='style-scope ytd-multi-page-menu-renderer']//yt-formatted-string[@id='label' and text()='Português']
2026-03-12 18:54:51.920 [TestNG-test-Yt Master Tests-2] INFO  [verifyingSideMenuCollapsedLangAsInSettingsLingua] [verifyingSideMenuCollapsedLangAsInSettingsLingua] Trying to find element: By.xpath: //yt-multi-page-menu-section-renderer[@class='style-scope ytd-multi-page-menu-renderer']//yt-formatted-string[@id='label' and text()='Português']
2026-03-12 18:54:51.985 [TestNG-test-Yt Master Tests-2] INFO  [verifyingSideMenuCollapsedLangAsInSettingsLingua] [verifyingSideMenuCollapsedLangAsInSettingsLingua] Element found and ready (attempt 1): By.xpath: //yt-multi-page-menu-section-renderer[@class='style-scope ytd-multi-page-menu-renderer']//yt-formatted-string[@id='label' and text()='Português']
2026-03-12 18:54:54.507 [TestNG-test-Yt Master Tests-2] INFO  [verifyingSideMenuCollapsedLangAsInSettingsLingua] Clicking settings ellipses button...
2026-03-12 18:54:54.572 [TestNG-test-Yt Master Tests-2] INFO  [verifyingSideMenuCollapsedLangAsInSettingsLingua] [verifyingSideMenuCollapsedLangAsInSettingsLingua] Trying to find element: By.xpath: //ytd-topbar-menu-button-renderer[@class='style-scope ytd-masthead style-default']
2026-03-12 18:54:54.964 [TestNG-test-Yt Master Tests-2] INFO  [verifyingSideMenuCollapsedLangAsInSettingsLingua] [verifyingSideMenuCollapsedLangAsInSettingsLingua] Element found and ready (attempt 1): By.xpath: //ytd-topbar-menu-button-renderer[@class='style-scope ytd-masthead style-default']
2026-03-12 18:54:55.175 [TestNG-test-Yt Master Tests-2] INFO  [verifyingSideMenuCollapsedLangAsInSettingsLingua] [verifyingSideMenuCollapsedLangAsInSettingsLingua] Waiting until element is visible in viewport
2026-03-12 18:54:55.298 [TestNG-test-Yt Master Tests-2] INFO  [verifyingSideMenuCollapsedLangAsInSettingsLingua] [verifyingSideMenuCollapsedLangAsInSettingsLingua] Capturing screenshot: Filter Applied is Português__2026-03-12_185455.jpg
2026-03-12 18:54:55.654 [TestNG-test-Yt Master Tests-2] INFO  [verifyingSideMenuCollapsedLangAsInSettingsLingua] [verifyingSideMenuCollapsedLangAsInSettingsLingua] Screenshot saved at: test-output/screenshots/Run_2026-03-12_18-35-07/verifyingSideMenuCollapsedLangAsInSettingsLingua/Filter Applied is Português__2026-03-12_185455.jpg
2026-03-12 18:54:55.654 [TestNG-test-Yt Master Tests-2] INFO  [verifyingSideMenuCollapsedLangAsInSettingsLingua] Clicking settings ellipses button...
2026-03-12 18:54:55.675 [TestNG-test-Yt Master Tests-2] INFO  [verifyingSideMenuCollapsedLangAsInSettingsLingua] [verifyingSideMenuCollapsedLangAsInSettingsLingua] Trying to find element: By.xpath: //ytd-topbar-menu-button-renderer[@class='style-scope ytd-masthead style-default']
2026-03-12 18:54:55.726 [TestNG-test-Yt Master Tests-2] INFO  [verifyingSideMenuCollapsedLangAsInSettingsLingua] [verifyingSideMenuCollapsedLangAsInSettingsLingua] Element found and ready (attempt 1): By.xpath: //ytd-topbar-menu-button-renderer[@class='style-scope ytd-masthead style-default']
2026-03-12 18:54:55.778 [TestNG-test-Yt Master Tests-2] INFO  [verifyingSideMenuCollapsedLangAsInSettingsLingua] getLangAttribute() - locating <html> and reading lang property
2026-03-12 18:54:55.791 [TestNG-test-Yt Master Tests-2] INFO  [verifyingSideMenuCollapsedLangAsInSettingsLingua] Language attribute read: pt-PT
2026-03-12 18:54:55.791 [TestNG-test-Yt Master Tests-2] INFO  [verifyingSideMenuCollapsedLangAsInSettingsLingua] Fetching the side menu in collapsed view
2026-03-12 18:54:55.791 [TestNG-test-Yt Master Tests-2] INFO  [verifyingSideMenuCollapsedLangAsInSettingsLingua] [verifyingSideMenuCollapsedLangAsInSettingsLingua] Finding elements list: By.xpath: //ytd-mini-guide-renderer[@class='style-scope ytd-app']//ytd-mini-guide-entry-renderer
2026-03-12 18:54:55.849 [TestNG-test-Yt Master Tests-2] INFO  [verifyingSideMenuCollapsedLangAsInSettingsLingua] [verifyingSideMenuCollapsedLangAsInSettingsLingua] Found 4 ready elements (attempt 1): By.xpath: //ytd-mini-guide-renderer[@class='style-scope ytd-app']//ytd-mini-guide-entry-renderer
2026-03-12 18:54:55.930 [TestNG-test-Yt Master Tests-2] INFO  [verifyingSideMenuCollapsedLangAsInSettingsLingua] 
========== LANGUAGE DETECTION ==========
Detected Language : PORTUGUESE
Input Text        : Início Shorts Subscrições Eu
========================================
2026-03-12 18:54:55.930 [TestNG-test-Yt Master Tests-2] INFO  [verifyingSideMenuCollapsedLangAsInSettingsLingua] text sent to lingua is       Início Shorts Subscrições Eu
2026-03-12 18:54:55.930 [TestNG-test-Yt Master Tests-2] INFO  [verifyingSideMenuCollapsedLangAsInSettingsLingua] getLangAttribute() - locating <html> and reading lang property
2026-03-12 18:54:55.943 [TestNG-test-Yt Master Tests-2] INFO  [verifyingSideMenuCollapsedLangAsInSettingsLingua] Language attribute read: pt-PT
2026-03-12 18:54:55.943 [TestNG-test-Yt Master Tests-2] INFO  [verifyingSideMenuCollapsedLangAsInSettingsLingua] Clicking settings ellipses button...
2026-03-12 18:54:55.964 [TestNG-test-Yt Master Tests-2] INFO  [verifyingSideMenuCollapsedLangAsInSettingsLingua] [verifyingSideMenuCollapsedLangAsInSettingsLingua] Trying to find element: By.xpath: //ytd-topbar-menu-button-renderer[@class='style-scope ytd-masthead style-default']
2026-03-12 18:54:56.024 [TestNG-test-Yt Master Tests-2] INFO  [verifyingSideMenuCollapsedLangAsInSettingsLingua] [verifyingSideMenuCollapsedLangAsInSettingsLingua] Element found and ready (attempt 1): By.xpath: //ytd-topbar-menu-button-renderer[@class='style-scope ytd-masthead style-default']
2026-03-12 18:54:56.091 [TestNG-test-Yt Master Tests-2] INFO  [verifyingSideMenuCollapsedLangAsInSettingsLingua] Clicking language dropdown...
2026-03-12 18:54:56.091 [TestNG-test-Yt Master Tests-2] INFO  [verifyingSideMenuCollapsedLangAsInSettingsLingua] [verifyingSideMenuCollapsedLangAsInSettingsLingua] Trying to find element: By.xpath: (//div[@id='content-icon'])[2]
2026-03-12 18:54:56.662 [TestNG-test-Yt Master Tests-2] INFO  [verifyingSideMenuCollapsedLangAsInSettingsLingua] [verifyingSideMenuCollapsedLangAsInSettingsLingua] Element found and ready (attempt 1): By.xpath: (//div[@id='content-icon'])[2]
2026-03-12 18:54:57.120 [TestNG-test-Yt Master Tests-2] INFO  [verifyingSideMenuCollapsedLangAsInSettingsLingua] Looking for language element with name: Português (Brasil)
2026-03-12 18:54:57.120 [TestNG-test-Yt Master Tests-2] INFO  [verifyingSideMenuCollapsedLangAsInSettingsLingua] [verifyingSideMenuCollapsedLangAsInSettingsLingua] Trying to find element: By.xpath: //yt-multi-page-menu-section-renderer[@class='style-scope ytd-multi-page-menu-renderer']//yt-formatted-string[@id='label' and text()='Português (Brasil)']
2026-03-12 18:54:57.265 [TestNG-test-Yt Master Tests-2] INFO  [verifyingSideMenuCollapsedLangAsInSettingsLingua] [verifyingSideMenuCollapsedLangAsInSettingsLingua] Element found and ready (attempt 1): By.xpath: //yt-multi-page-menu-section-renderer[@class='style-scope ytd-multi-page-menu-renderer']//yt-formatted-string[@id='label' and text()='Português (Brasil)']
2026-03-12 18:54:57.265 [TestNG-test-Yt Master Tests-2] INFO  [verifyingSideMenuCollapsedLangAsInSettingsLingua] [verifyingSideMenuCollapsedLangAsInSettingsLingua] Trying to find element: By.xpath: //yt-multi-page-menu-section-renderer[@class='style-scope ytd-multi-page-menu-renderer']//yt-formatted-string[@id='label' and text()='Português (Brasil)']
2026-03-12 18:54:57.341 [TestNG-test-Yt Master Tests-2] INFO  [verifyingSideMenuCollapsedLangAsInSettingsLingua] [verifyingSideMenuCollapsedLangAsInSettingsLingua] Element found and ready (attempt 1): By.xpath: //yt-multi-page-menu-section-renderer[@class='style-scope ytd-multi-page-menu-renderer']//yt-formatted-string[@id='label' and text()='Português (Brasil)']
2026-03-12 18:54:59.294 [TestNG-test-Yt Master Tests-2] INFO  [verifyingSideMenuCollapsedLangAsInSettingsLingua] Clicking settings ellipses button...
2026-03-12 18:54:59.711 [TestNG-test-Yt Master Tests-2] INFO  [verifyingSideMenuCollapsedLangAsInSettingsLingua] [verifyingSideMenuCollapsedLangAsInSettingsLingua] Trying to find element: By.xpath: //ytd-topbar-menu-button-renderer[@class='style-scope ytd-masthead style-default']
2026-03-12 18:54:59.894 [TestNG-test-Yt Master Tests-2] INFO  [verifyingSideMenuCollapsedLangAsInSettingsLingua] [verifyingSideMenuCollapsedLangAsInSettingsLingua] Element found and ready (attempt 1): By.xpath: //ytd-topbar-menu-button-renderer[@class='style-scope ytd-masthead style-default']
2026-03-12 18:55:00.435 [TestNG-test-Yt Master Tests-2] INFO  [verifyingSideMenuCollapsedLangAsInSettingsLingua] [verifyingSideMenuCollapsedLangAsInSettingsLingua] Waiting until element is visible in viewport
2026-03-12 18:55:00.895 [TestNG-test-Yt Master Tests-2] INFO  [verifyingSideMenuCollapsedLangAsInSettingsLingua] [verifyingSideMenuCollapsedLangAsInSettingsLingua] Capturing screenshot: Filter Applied is Português (Brasil)__2026-03-12_185500.jpg
2026-03-12 18:55:01.414 [TestNG-test-Yt Master Tests-2] INFO  [verifyingSideMenuCollapsedLangAsInSettingsLingua] [verifyingSideMenuCollapsedLangAsInSettingsLingua] Screenshot saved at: test-output/screenshots/Run_2026-03-12_18-35-07/verifyingSideMenuCollapsedLangAsInSettingsLingua/Filter Applied is Português (Brasil)__2026-03-12_185500.jpg
2026-03-12 18:55:01.414 [TestNG-test-Yt Master Tests-2] INFO  [verifyingSideMenuCollapsedLangAsInSettingsLingua] Clicking settings ellipses button...
2026-03-12 18:55:01.445 [TestNG-test-Yt Master Tests-2] INFO  [verifyingSideMenuCollapsedLangAsInSettingsLingua] [verifyingSideMenuCollapsedLangAsInSettingsLingua] Trying to find element: By.xpath: //ytd-topbar-menu-button-renderer[@class='style-scope ytd-masthead style-default']
2026-03-12 18:55:01.559 [TestNG-test-Yt Master Tests-2] INFO  [verifyingSideMenuCollapsedLangAsInSettingsLingua] [verifyingSideMenuCollapsedLangAsInSettingsLingua] Element found and ready (attempt 1): By.xpath: //ytd-topbar-menu-button-renderer[@class='style-scope ytd-masthead style-default']
2026-03-12 18:55:01.736 [TestNG-test-Yt Master Tests-2] INFO  [verifyingSideMenuCollapsedLangAsInSettingsLingua] getLangAttribute() - locating <html> and reading lang property
2026-03-12 18:55:01.762 [TestNG-test-Yt Master Tests-2] INFO  [verifyingSideMenuCollapsedLangAsInSettingsLingua] Language attribute read: pt-BR
2026-03-12 18:55:01.762 [TestNG-test-Yt Master Tests-2] INFO  [verifyingSideMenuCollapsedLangAsInSettingsLingua] Fetching the side menu in collapsed view
2026-03-12 18:55:01.763 [TestNG-test-Yt Master Tests-2] INFO  [verifyingSideMenuCollapsedLangAsInSettingsLingua] [verifyingSideMenuCollapsedLangAsInSettingsLingua] Finding elements list: By.xpath: //ytd-mini-guide-renderer[@class='style-scope ytd-app']//ytd-mini-guide-entry-renderer
2026-03-12 18:55:02.016 [TestNG-test-Yt Master Tests-2] INFO  [verifyingSideMenuCollapsedLangAsInSettingsLingua] [verifyingSideMenuCollapsedLangAsInSettingsLingua] Found 4 ready elements (attempt 1): By.xpath: //ytd-mini-guide-renderer[@class='style-scope ytd-app']//ytd-mini-guide-entry-renderer
2026-03-12 18:55:02.163 [TestNG-test-Yt Master Tests-2] INFO  [verifyingSideMenuCollapsedLangAsInSettingsLingua] 
========== LANGUAGE DETECTION ==========
Detected Language : PORTUGUESE
Input Text        : Início Shorts Inscrições Você
========================================
2026-03-12 18:55:02.163 [TestNG-test-Yt Master Tests-2] INFO  [verifyingSideMenuCollapsedLangAsInSettingsLingua] text sent to lingua is       Início Shorts Inscrições Você
2026-03-12 18:55:02.163 [TestNG-test-Yt Master Tests-2] INFO  [verifyingSideMenuCollapsedLangAsInSettingsLingua] getLangAttribute() - locating <html> and reading lang property
2026-03-12 18:55:02.176 [TestNG-test-Yt Master Tests-2] INFO  [verifyingSideMenuCollapsedLangAsInSettingsLingua] Language attribute read: pt-BR
2026-03-12 18:55:02.176 [TestNG-test-Yt Master Tests-2] INFO  [verifyingSideMenuCollapsedLangAsInSettingsLingua] Clicking settings ellipses button...
2026-03-12 18:55:02.199 [TestNG-test-Yt Master Tests-2] INFO  [verifyingSideMenuCollapsedLangAsInSettingsLingua] [verifyingSideMenuCollapsedLangAsInSettingsLingua] Trying to find element: By.xpath: //ytd-topbar-menu-button-renderer[@class='style-scope ytd-masthead style-default']
2026-03-12 18:55:02.254 [TestNG-test-Yt Master Tests-2] INFO  [verifyingSideMenuCollapsedLangAsInSettingsLingua] [verifyingSideMenuCollapsedLangAsInSettingsLingua] Element found and ready (attempt 1): By.xpath: //ytd-topbar-menu-button-renderer[@class='style-scope ytd-masthead style-default']
2026-03-12 18:55:02.321 [TestNG-test-Yt Master Tests-2] INFO  [verifyingSideMenuCollapsedLangAsInSettingsLingua] Clicking language dropdown...
2026-03-12 18:55:02.321 [TestNG-test-Yt Master Tests-2] INFO  [verifyingSideMenuCollapsedLangAsInSettingsLingua] [verifyingSideMenuCollapsedLangAsInSettingsLingua] Trying to find element: By.xpath: (//div[@id='content-icon'])[2]
2026-03-12 18:55:02.902 [TestNG-test-Yt Master Tests-2] INFO  [verifyingSideMenuCollapsedLangAsInSettingsLingua] [verifyingSideMenuCollapsedLangAsInSettingsLingua] Element found and ready (attempt 1): By.xpath: (//div[@id='content-icon'])[2]
2026-03-12 18:55:03.368 [TestNG-test-Yt Master Tests-2] INFO  [verifyingSideMenuCollapsedLangAsInSettingsLingua] Looking for language element with name: Shqip
2026-03-12 18:55:03.368 [TestNG-test-Yt Master Tests-2] INFO  [verifyingSideMenuCollapsedLangAsInSettingsLingua] [verifyingSideMenuCollapsedLangAsInSettingsLingua] Trying to find element: By.xpath: //yt-multi-page-menu-section-renderer[@class='style-scope ytd-multi-page-menu-renderer']//yt-formatted-string[@id='label' and text()='Shqip']
2026-03-12 18:55:03.530 [TestNG-test-Yt Master Tests-2] INFO  [verifyingSideMenuCollapsedLangAsInSettingsLingua] [verifyingSideMenuCollapsedLangAsInSettingsLingua] Element found and ready (attempt 1): By.xpath: //yt-multi-page-menu-section-renderer[@class='style-scope ytd-multi-page-menu-renderer']//yt-formatted-string[@id='label' and text()='Shqip']
2026-03-12 18:55:03.531 [TestNG-test-Yt Master Tests-2] INFO  [verifyingSideMenuCollapsedLangAsInSettingsLingua] [verifyingSideMenuCollapsedLangAsInSettingsLingua] Trying to find element: By.xpath: //yt-multi-page-menu-section-renderer[@class='style-scope ytd-multi-page-menu-renderer']//yt-formatted-string[@id='label' and text()='Shqip']
2026-03-12 18:55:03.603 [TestNG-test-Yt Master Tests-2] INFO  [verifyingSideMenuCollapsedLangAsInSettingsLingua] [verifyingSideMenuCollapsedLangAsInSettingsLingua] Element found and ready (attempt 1): By.xpath: //yt-multi-page-menu-section-renderer[@class='style-scope ytd-multi-page-menu-renderer']//yt-formatted-string[@id='label' and text()='Shqip']
2026-03-12 18:55:05.603 [TestNG-test-Yt Master Tests-2] INFO  [verifyingSideMenuCollapsedLangAsInSettingsLingua] Clicking settings ellipses button...
2026-03-12 18:55:05.807 [TestNG-test-Yt Master Tests-2] INFO  [verifyingSideMenuCollapsedLangAsInSettingsLingua] [verifyingSideMenuCollapsedLangAsInSettingsLingua] Trying to find element: By.xpath: //ytd-topbar-menu-button-renderer[@class='style-scope ytd-masthead style-default']
2026-03-12 18:55:05.985 [TestNG-test-Yt Master Tests-2] INFO  [verifyingSideMenuCollapsedLangAsInSettingsLingua] [verifyingSideMenuCollapsedLangAsInSettingsLingua] Element found and ready (attempt 1): By.xpath: //ytd-topbar-menu-button-renderer[@class='style-scope ytd-masthead style-default']
2026-03-12 18:55:06.201 [TestNG-test-Yt Master Tests-2] INFO  [verifyingSideMenuCollapsedLangAsInSettingsLingua] [verifyingSideMenuCollapsedLangAsInSettingsLingua] Waiting until element is visible in viewport
2026-03-12 18:55:06.322 [TestNG-test-Yt Master Tests-2] INFO  [verifyingSideMenuCollapsedLangAsInSettingsLingua] [verifyingSideMenuCollapsedLangAsInSettingsLingua] Capturing screenshot: Filter Applied is Shqip__2026-03-12_185506.jpg
2026-03-12 18:55:06.636 [TestNG-test-Yt Master Tests-2] INFO  [verifyingSideMenuCollapsedLangAsInSettingsLingua] [verifyingSideMenuCollapsedLangAsInSettingsLingua] Screenshot saved at: test-output/screenshots/Run_2026-03-12_18-35-07/verifyingSideMenuCollapsedLangAsInSettingsLingua/Filter Applied is Shqip__2026-03-12_185506.jpg
2026-03-12 18:55:06.636 [TestNG-test-Yt Master Tests-2] INFO  [verifyingSideMenuCollapsedLangAsInSettingsLingua] Clicking settings ellipses button...
2026-03-12 18:55:06.657 [TestNG-test-Yt Master Tests-2] INFO  [verifyingSideMenuCollapsedLangAsInSettingsLingua] [verifyingSideMenuCollapsedLangAsInSettingsLingua] Trying to find element: By.xpath: //ytd-topbar-menu-button-renderer[@class='style-scope ytd-masthead style-default']
2026-03-12 18:55:06.709 [TestNG-test-Yt Master Tests-2] INFO  [verifyingSideMenuCollapsedLangAsInSettingsLingua] [verifyingSideMenuCollapsedLangAsInSettingsLingua] Element found and ready (attempt 1): By.xpath: //ytd-topbar-menu-button-renderer[@class='style-scope ytd-masthead style-default']
2026-03-12 18:55:06.757 [TestNG-test-Yt Master Tests-2] INFO  [verifyingSideMenuCollapsedLangAsInSettingsLingua] getLangAttribute() - locating <html> and reading lang property
2026-03-12 18:55:06.771 [TestNG-test-Yt Master Tests-2] INFO  [verifyingSideMenuCollapsedLangAsInSettingsLingua] Language attribute read: sq-AL
2026-03-12 18:55:06.771 [TestNG-test-Yt Master Tests-2] INFO  [verifyingSideMenuCollapsedLangAsInSettingsLingua] Fetching the side menu in collapsed view
2026-03-12 18:55:06.771 [TestNG-test-Yt Master Tests-2] INFO  [verifyingSideMenuCollapsedLangAsInSettingsLingua] [verifyingSideMenuCollapsedLangAsInSettingsLingua] Finding elements list: By.xpath: //ytd-mini-guide-renderer[@class='style-scope ytd-app']//ytd-mini-guide-entry-renderer
2026-03-12 18:55:06.934 [TestNG-test-Yt Master Tests-2] INFO  [verifyingSideMenuCollapsedLangAsInSettingsLingua] [verifyingSideMenuCollapsedLangAsInSettingsLingua] Found 4 ready elements (attempt 1): By.xpath: //ytd-mini-guide-renderer[@class='style-scope ytd-app']//ytd-mini-guide-entry-renderer
2026-03-12 18:55:07.084 [TestNG-test-Yt Master Tests-2] INFO  [verifyingSideMenuCollapsedLangAsInSettingsLingua] 
========== LANGUAGE DETECTION ==========
Detected Language : ALBANIAN
Input Text        : Faqja e parë Shorts Abonimet Ti
========================================
2026-03-12 18:55:07.084 [TestNG-test-Yt Master Tests-2] INFO  [verifyingSideMenuCollapsedLangAsInSettingsLingua] text sent to lingua is       Faqja e parë Shorts Abonimet Ti
2026-03-12 18:55:07.084 [TestNG-test-Yt Master Tests-2] INFO  [verifyingSideMenuCollapsedLangAsInSettingsLingua] getLangAttribute() - locating <html> and reading lang property
2026-03-12 18:55:07.098 [TestNG-test-Yt Master Tests-2] INFO  [verifyingSideMenuCollapsedLangAsInSettingsLingua] Language attribute read: sq-AL
2026-03-12 18:55:07.098 [TestNG-test-Yt Master Tests-2] INFO  [verifyingSideMenuCollapsedLangAsInSettingsLingua] Clicking settings ellipses button...
2026-03-12 18:55:07.159 [TestNG-test-Yt Master Tests-2] INFO  [verifyingSideMenuCollapsedLangAsInSettingsLingua] [verifyingSideMenuCollapsedLangAsInSettingsLingua] Trying to find element: By.xpath: //ytd-topbar-menu-button-renderer[@class='style-scope ytd-masthead style-default']
2026-03-12 18:55:07.352 [TestNG-test-Yt Master Tests-2] INFO  [verifyingSideMenuCollapsedLangAsInSettingsLingua] [verifyingSideMenuCollapsedLangAsInSettingsLingua] Element found and ready (attempt 1): By.xpath: //ytd-topbar-menu-button-renderer[@class='style-scope ytd-masthead style-default']
2026-03-12 18:55:07.447 [TestNG-test-Yt Master Tests-2] INFO  [verifyingSideMenuCollapsedLangAsInSettingsLingua] Clicking language dropdown...
2026-03-12 18:55:07.447 [TestNG-test-Yt Master Tests-2] INFO  [verifyingSideMenuCollapsedLangAsInSettingsLingua] [verifyingSideMenuCollapsedLangAsInSettingsLingua] Trying to find element: By.xpath: (//div[@id='content-icon'])[2]
2026-03-12 18:55:08.026 [TestNG-test-Yt Master Tests-2] INFO  [verifyingSideMenuCollapsedLangAsInSettingsLingua] [verifyingSideMenuCollapsedLangAsInSettingsLingua] Element found and ready (attempt 1): By.xpath: (//div[@id='content-icon'])[2]
2026-03-12 18:55:08.432 [TestNG-test-Yt Master Tests-2] INFO  [verifyingSideMenuCollapsedLangAsInSettingsLingua] Looking for language element with name: Slovenščina
2026-03-12 18:55:08.432 [TestNG-test-Yt Master Tests-2] INFO  [verifyingSideMenuCollapsedLangAsInSettingsLingua] [verifyingSideMenuCollapsedLangAsInSettingsLingua] Trying to find element: By.xpath: //yt-multi-page-menu-section-renderer[@class='style-scope ytd-multi-page-menu-renderer']//yt-formatted-string[@id='label' and text()='Slovenščina']
2026-03-12 18:55:08.533 [TestNG-test-Yt Master Tests-2] INFO  [verifyingSideMenuCollapsedLangAsInSettingsLingua] [verifyingSideMenuCollapsedLangAsInSettingsLingua] Element found and ready (attempt 1): By.xpath: //yt-multi-page-menu-section-renderer[@class='style-scope ytd-multi-page-menu-renderer']//yt-formatted-string[@id='label' and text()='Slovenščina']
2026-03-12 18:55:08.533 [TestNG-test-Yt Master Tests-2] INFO  [verifyingSideMenuCollapsedLangAsInSettingsLingua] [verifyingSideMenuCollapsedLangAsInSettingsLingua] Trying to find element: By.xpath: //yt-multi-page-menu-section-renderer[@class='style-scope ytd-multi-page-menu-renderer']//yt-formatted-string[@id='label' and text()='Slovenščina']
2026-03-12 18:55:08.588 [TestNG-test-Yt Master Tests-2] INFO  [verifyingSideMenuCollapsedLangAsInSettingsLingua] [verifyingSideMenuCollapsedLangAsInSettingsLingua] Element found and ready (attempt 1): By.xpath: //yt-multi-page-menu-section-renderer[@class='style-scope ytd-multi-page-menu-renderer']//yt-formatted-string[@id='label' and text()='Slovenščina']
2026-03-12 18:55:10.603 [TestNG-test-Yt Master Tests-2] INFO  [verifyingSideMenuCollapsedLangAsInSettingsLingua] Clicking settings ellipses button...
2026-03-12 18:55:10.911 [TestNG-test-Yt Master Tests-2] INFO  [verifyingSideMenuCollapsedLangAsInSettingsLingua] [verifyingSideMenuCollapsedLangAsInSettingsLingua] Trying to find element: By.xpath: //ytd-topbar-menu-button-renderer[@class='style-scope ytd-masthead style-default']
2026-03-12 18:55:11.102 [TestNG-test-Yt Master Tests-2] INFO  [verifyingSideMenuCollapsedLangAsInSettingsLingua] [verifyingSideMenuCollapsedLangAsInSettingsLingua] Element found and ready (attempt 1): By.xpath: //ytd-topbar-menu-button-renderer[@class='style-scope ytd-masthead style-default']
2026-03-12 18:55:11.356 [TestNG-test-Yt Master Tests-2] INFO  [verifyingSideMenuCollapsedLangAsInSettingsLingua] [verifyingSideMenuCollapsedLangAsInSettingsLingua] Waiting until element is visible in viewport
2026-03-12 18:55:11.441 [TestNG-test-Yt Master Tests-2] INFO  [verifyingSideMenuCollapsedLangAsInSettingsLingua] [verifyingSideMenuCollapsedLangAsInSettingsLingua] Capturing screenshot: Filter Applied is Slovenščina__2026-03-12_185511.jpg
2026-03-12 18:55:11.824 [TestNG-test-Yt Master Tests-2] INFO  [verifyingSideMenuCollapsedLangAsInSettingsLingua] [verifyingSideMenuCollapsedLangAsInSettingsLingua] Screenshot saved at: test-output/screenshots/Run_2026-03-12_18-35-07/verifyingSideMenuCollapsedLangAsInSettingsLingua/Filter Applied is Slovenščina__2026-03-12_185511.jpg
2026-03-12 18:55:11.824 [TestNG-test-Yt Master Tests-2] INFO  [verifyingSideMenuCollapsedLangAsInSettingsLingua] Clicking settings ellipses button...
2026-03-12 18:55:11.844 [TestNG-test-Yt Master Tests-2] INFO  [verifyingSideMenuCollapsedLangAsInSettingsLingua] [verifyingSideMenuCollapsedLangAsInSettingsLingua] Trying to find element: By.xpath: //ytd-topbar-menu-button-renderer[@class='style-scope ytd-masthead style-default']
2026-03-12 18:55:11.893 [TestNG-test-Yt Master Tests-2] INFO  [verifyingSideMenuCollapsedLangAsInSettingsLingua] [verifyingSideMenuCollapsedLangAsInSettingsLingua] Element found and ready (attempt 1): By.xpath: //ytd-topbar-menu-button-renderer[@class='style-scope ytd-masthead style-default']
2026-03-12 18:55:11.948 [TestNG-test-Yt Master Tests-2] INFO  [verifyingSideMenuCollapsedLangAsInSettingsLingua] getLangAttribute() - locating <html> and reading lang property
2026-03-12 18:55:11.961 [TestNG-test-Yt Master Tests-2] INFO  [verifyingSideMenuCollapsedLangAsInSettingsLingua] Language attribute read: sl-SI
2026-03-12 18:55:11.961 [TestNG-test-Yt Master Tests-2] INFO  [verifyingSideMenuCollapsedLangAsInSettingsLingua] Fetching the side menu in collapsed view
2026-03-12 18:55:11.961 [TestNG-test-Yt Master Tests-2] INFO  [verifyingSideMenuCollapsedLangAsInSettingsLingua] [verifyingSideMenuCollapsedLangAsInSettingsLingua] Finding elements list: By.xpath: //ytd-mini-guide-renderer[@class='style-scope ytd-app']//ytd-mini-guide-entry-renderer
2026-03-12 18:55:12.024 [TestNG-test-Yt Master Tests-2] INFO  [verifyingSideMenuCollapsedLangAsInSettingsLingua] [verifyingSideMenuCollapsedLangAsInSettingsLingua] Found 4 ready elements (attempt 1): By.xpath: //ytd-mini-guide-renderer[@class='style-scope ytd-app']//ytd-mini-guide-entry-renderer
2026-03-12 18:55:12.104 [TestNG-test-Yt Master Tests-2] INFO  [verifyingSideMenuCollapsedLangAsInSettingsLingua] 
========== LANGUAGE DETECTION ==========
Detected Language : SLOVENE
Input Text        : Domača stran Kratki videoposnetki Naročnine Vi
========================================
2026-03-12 18:55:12.104 [TestNG-test-Yt Master Tests-2] INFO  [verifyingSideMenuCollapsedLangAsInSettingsLingua] text sent to lingua is       Domača stran Kratki videoposnetki Naročnine Vi
2026-03-12 18:55:12.104 [TestNG-test-Yt Master Tests-2] INFO  [verifyingSideMenuCollapsedLangAsInSettingsLingua] getLangAttribute() - locating <html> and reading lang property
2026-03-12 18:55:12.117 [TestNG-test-Yt Master Tests-2] INFO  [verifyingSideMenuCollapsedLangAsInSettingsLingua] Language attribute read: sl-SI
2026-03-12 18:55:12.117 [TestNG-test-Yt Master Tests-2] INFO  [verifyingSideMenuCollapsedLangAsInSettingsLingua] Clicking settings ellipses button...
2026-03-12 18:55:12.139 [TestNG-test-Yt Master Tests-2] INFO  [verifyingSideMenuCollapsedLangAsInSettingsLingua] [verifyingSideMenuCollapsedLangAsInSettingsLingua] Trying to find element: By.xpath: //ytd-topbar-menu-button-renderer[@class='style-scope ytd-masthead style-default']
2026-03-12 18:55:12.197 [TestNG-test-Yt Master Tests-2] INFO  [verifyingSideMenuCollapsedLangAsInSettingsLingua] [verifyingSideMenuCollapsedLangAsInSettingsLingua] Element found and ready (attempt 1): By.xpath: //ytd-topbar-menu-button-renderer[@class='style-scope ytd-masthead style-default']
2026-03-12 18:55:12.260 [TestNG-test-Yt Master Tests-2] INFO  [verifyingSideMenuCollapsedLangAsInSettingsLingua] Clicking language dropdown...
2026-03-12 18:55:12.260 [TestNG-test-Yt Master Tests-2] INFO  [verifyingSideMenuCollapsedLangAsInSettingsLingua] [verifyingSideMenuCollapsedLangAsInSettingsLingua] Trying to find element: By.xpath: (//div[@id='content-icon'])[2]
2026-03-12 18:55:12.829 [TestNG-test-Yt Master Tests-2] INFO  [verifyingSideMenuCollapsedLangAsInSettingsLingua] [verifyingSideMenuCollapsedLangAsInSettingsLingua] Element found and ready (attempt 1): By.xpath: (//div[@id='content-icon'])[2]
2026-03-12 18:55:13.499 [TestNG-test-Yt Master Tests-2] INFO  [verifyingSideMenuCollapsedLangAsInSettingsLingua] Looking for language element with name: Suomi
2026-03-12 18:55:13.499 [TestNG-test-Yt Master Tests-2] INFO  [verifyingSideMenuCollapsedLangAsInSettingsLingua] [verifyingSideMenuCollapsedLangAsInSettingsLingua] Trying to find element: By.xpath: //yt-multi-page-menu-section-renderer[@class='style-scope ytd-multi-page-menu-renderer']//yt-formatted-string[@id='label' and text()='Suomi']
2026-03-12 18:55:13.598 [TestNG-test-Yt Master Tests-2] INFO  [verifyingSideMenuCollapsedLangAsInSettingsLingua] [verifyingSideMenuCollapsedLangAsInSettingsLingua] Element found and ready (attempt 1): By.xpath: //yt-multi-page-menu-section-renderer[@class='style-scope ytd-multi-page-menu-renderer']//yt-formatted-string[@id='label' and text()='Suomi']
2026-03-12 18:55:13.598 [TestNG-test-Yt Master Tests-2] INFO  [verifyingSideMenuCollapsedLangAsInSettingsLingua] [verifyingSideMenuCollapsedLangAsInSettingsLingua] Trying to find element: By.xpath: //yt-multi-page-menu-section-renderer[@class='style-scope ytd-multi-page-menu-renderer']//yt-formatted-string[@id='label' and text()='Suomi']
2026-03-12 18:55:13.673 [TestNG-test-Yt Master Tests-2] INFO  [verifyingSideMenuCollapsedLangAsInSettingsLingua] [verifyingSideMenuCollapsedLangAsInSettingsLingua] Element found and ready (attempt 1): By.xpath: //yt-multi-page-menu-section-renderer[@class='style-scope ytd-multi-page-menu-renderer']//yt-formatted-string[@id='label' and text()='Suomi']
2026-03-12 18:55:15.855 [TestNG-test-Yt Master Tests-2] INFO  [verifyingSideMenuCollapsedLangAsInSettingsLingua] Clicking settings ellipses button...
2026-03-12 18:55:16.076 [TestNG-test-Yt Master Tests-2] INFO  [verifyingSideMenuCollapsedLangAsInSettingsLingua] [verifyingSideMenuCollapsedLangAsInSettingsLingua] Trying to find element: By.xpath: //ytd-topbar-menu-button-renderer[@class='style-scope ytd-masthead style-default']
2026-03-12 18:55:16.273 [TestNG-test-Yt Master Tests-2] INFO  [verifyingSideMenuCollapsedLangAsInSettingsLingua] [verifyingSideMenuCollapsedLangAsInSettingsLingua] Element found and ready (attempt 1): By.xpath: //ytd-topbar-menu-button-renderer[@class='style-scope ytd-masthead style-default']
2026-03-12 18:55:16.531 [TestNG-test-Yt Master Tests-2] INFO  [verifyingSideMenuCollapsedLangAsInSettingsLingua] [verifyingSideMenuCollapsedLangAsInSettingsLingua] Waiting until element is visible in viewport
2026-03-12 18:55:16.690 [TestNG-test-Yt Master Tests-2] INFO  [verifyingSideMenuCollapsedLangAsInSettingsLingua] [verifyingSideMenuCollapsedLangAsInSettingsLingua] Capturing screenshot: Filter Applied is Suomi__2026-03-12_185516.jpg
2026-03-12 18:55:16.996 [TestNG-test-Yt Master Tests-2] INFO  [verifyingSideMenuCollapsedLangAsInSettingsLingua] [verifyingSideMenuCollapsedLangAsInSettingsLingua] Screenshot saved at: test-output/screenshots/Run_2026-03-12_18-35-07/verifyingSideMenuCollapsedLangAsInSettingsLingua/Filter Applied is Suomi__2026-03-12_185516.jpg
2026-03-12 18:55:16.997 [TestNG-test-Yt Master Tests-2] INFO  [verifyingSideMenuCollapsedLangAsInSettingsLingua] Clicking settings ellipses button...
2026-03-12 18:55:17.016 [TestNG-test-Yt Master Tests-2] INFO  [verifyingSideMenuCollapsedLangAsInSettingsLingua] [verifyingSideMenuCollapsedLangAsInSettingsLingua] Trying to find element: By.xpath: //ytd-topbar-menu-button-renderer[@class='style-scope ytd-masthead style-default']
2026-03-12 18:55:17.068 [TestNG-test-Yt Master Tests-2] INFO  [verifyingSideMenuCollapsedLangAsInSettingsLingua] [verifyingSideMenuCollapsedLangAsInSettingsLingua] Element found and ready (attempt 1): By.xpath: //ytd-topbar-menu-button-renderer[@class='style-scope ytd-masthead style-default']
2026-03-12 18:55:17.122 [TestNG-test-Yt Master Tests-2] INFO  [verifyingSideMenuCollapsedLangAsInSettingsLingua] getLangAttribute() - locating <html> and reading lang property
2026-03-12 18:55:17.135 [TestNG-test-Yt Master Tests-2] INFO  [verifyingSideMenuCollapsedLangAsInSettingsLingua] Language attribute read: fi-FI
2026-03-12 18:55:17.135 [TestNG-test-Yt Master Tests-2] INFO  [verifyingSideMenuCollapsedLangAsInSettingsLingua] Fetching the side menu in collapsed view
2026-03-12 18:55:17.135 [TestNG-test-Yt Master Tests-2] INFO  [verifyingSideMenuCollapsedLangAsInSettingsLingua] [verifyingSideMenuCollapsedLangAsInSettingsLingua] Finding elements list: By.xpath: //ytd-mini-guide-renderer[@class='style-scope ytd-app']//ytd-mini-guide-entry-renderer
2026-03-12 18:55:17.211 [TestNG-test-Yt Master Tests-2] INFO  [verifyingSideMenuCollapsedLangAsInSettingsLingua] [verifyingSideMenuCollapsedLangAsInSettingsLingua] Found 4 ready elements (attempt 1): By.xpath: //ytd-mini-guide-renderer[@class='style-scope ytd-app']//ytd-mini-guide-entry-renderer
2026-03-12 18:55:17.358 [TestNG-test-Yt Master Tests-2] INFO  [verifyingSideMenuCollapsedLangAsInSettingsLingua] 
========== LANGUAGE DETECTION ==========
Detected Language : FINNISH
Input Text        : Koti Shorts Tilaukset Sinä
========================================
2026-03-12 18:55:17.358 [TestNG-test-Yt Master Tests-2] INFO  [verifyingSideMenuCollapsedLangAsInSettingsLingua] text sent to lingua is       Koti Shorts Tilaukset Sinä
2026-03-12 18:55:17.359 [TestNG-test-Yt Master Tests-2] INFO  [verifyingSideMenuCollapsedLangAsInSettingsLingua] getLangAttribute() - locating <html> and reading lang property
2026-03-12 18:55:17.373 [TestNG-test-Yt Master Tests-2] INFO  [verifyingSideMenuCollapsedLangAsInSettingsLingua] Language attribute read: fi-FI
2026-03-12 18:55:17.373 [TestNG-test-Yt Master Tests-2] INFO  [verifyingSideMenuCollapsedLangAsInSettingsLingua] Clicking settings ellipses button...
2026-03-12 18:55:17.402 [TestNG-test-Yt Master Tests-2] INFO  [verifyingSideMenuCollapsedLangAsInSettingsLingua] [verifyingSideMenuCollapsedLangAsInSettingsLingua] Trying to find element: By.xpath: //ytd-topbar-menu-button-renderer[@class='style-scope ytd-masthead style-default']
2026-03-12 18:55:17.507 [TestNG-test-Yt Master Tests-2] INFO  [verifyingSideMenuCollapsedLangAsInSettingsLingua] [verifyingSideMenuCollapsedLangAsInSettingsLingua] Element found and ready (attempt 1): By.xpath: //ytd-topbar-menu-button-renderer[@class='style-scope ytd-masthead style-default']
2026-03-12 18:55:17.576 [TestNG-test-Yt Master Tests-2] INFO  [verifyingSideMenuCollapsedLangAsInSettingsLingua] Clicking language dropdown...
2026-03-12 18:55:17.576 [TestNG-test-Yt Master Tests-2] INFO  [verifyingSideMenuCollapsedLangAsInSettingsLingua] [verifyingSideMenuCollapsedLangAsInSettingsLingua] Trying to find element: By.xpath: (//div[@id='content-icon'])[2]
2026-03-12 18:55:18.139 [TestNG-test-Yt Master Tests-2] INFO  [verifyingSideMenuCollapsedLangAsInSettingsLingua] [verifyingSideMenuCollapsedLangAsInSettingsLingua] Element found and ready (attempt 1): By.xpath: (//div[@id='content-icon'])[2]
2026-03-12 18:55:18.646 [TestNG-test-Yt Master Tests-2] INFO  [verifyingSideMenuCollapsedLangAsInSettingsLingua] Looking for language element with name: Svenska
2026-03-12 18:55:18.646 [TestNG-test-Yt Master Tests-2] INFO  [verifyingSideMenuCollapsedLangAsInSettingsLingua] [verifyingSideMenuCollapsedLangAsInSettingsLingua] Trying to find element: By.xpath: //yt-multi-page-menu-section-renderer[@class='style-scope ytd-multi-page-menu-renderer']//yt-formatted-string[@id='label' and text()='Svenska']
2026-03-12 18:55:18.748 [TestNG-test-Yt Master Tests-2] INFO  [verifyingSideMenuCollapsedLangAsInSettingsLingua] [verifyingSideMenuCollapsedLangAsInSettingsLingua] Element found and ready (attempt 1): By.xpath: //yt-multi-page-menu-section-renderer[@class='style-scope ytd-multi-page-menu-renderer']//yt-formatted-string[@id='label' and text()='Svenska']
2026-03-12 18:55:18.748 [TestNG-test-Yt Master Tests-2] INFO  [verifyingSideMenuCollapsedLangAsInSettingsLingua] [verifyingSideMenuCollapsedLangAsInSettingsLingua] Trying to find element: By.xpath: //yt-multi-page-menu-section-renderer[@class='style-scope ytd-multi-page-menu-renderer']//yt-formatted-string[@id='label' and text()='Svenska']
2026-03-12 18:55:18.839 [TestNG-test-Yt Master Tests-2] INFO  [verifyingSideMenuCollapsedLangAsInSettingsLingua] [verifyingSideMenuCollapsedLangAsInSettingsLingua] Element found and ready (attempt 1): By.xpath: //yt-multi-page-menu-section-renderer[@class='style-scope ytd-multi-page-menu-renderer']//yt-formatted-string[@id='label' and text()='Svenska']
2026-03-12 18:55:20.828 [TestNG-test-Yt Master Tests-2] INFO  [verifyingSideMenuCollapsedLangAsInSettingsLingua] Clicking settings ellipses button...
2026-03-12 18:55:21.249 [TestNG-test-Yt Master Tests-2] INFO  [verifyingSideMenuCollapsedLangAsInSettingsLingua] [verifyingSideMenuCollapsedLangAsInSettingsLingua] Trying to find element: By.xpath: //ytd-topbar-menu-button-renderer[@class='style-scope ytd-masthead style-default']
2026-03-12 18:55:21.435 [TestNG-test-Yt Master Tests-2] INFO  [verifyingSideMenuCollapsedLangAsInSettingsLingua] [verifyingSideMenuCollapsedLangAsInSettingsLingua] Element found and ready (attempt 1): By.xpath: //ytd-topbar-menu-button-renderer[@class='style-scope ytd-masthead style-default']
2026-03-12 18:55:21.634 [TestNG-test-Yt Master Tests-2] INFO  [verifyingSideMenuCollapsedLangAsInSettingsLingua] [verifyingSideMenuCollapsedLangAsInSettingsLingua] Waiting until element is visible in viewport
2026-03-12 18:55:21.750 [TestNG-test-Yt Master Tests-2] INFO  [verifyingSideMenuCollapsedLangAsInSettingsLingua] [verifyingSideMenuCollapsedLangAsInSettingsLingua] Capturing screenshot: Filter Applied is Svenska__2026-03-12_185521.jpg
2026-03-12 18:55:22.097 [TestNG-test-Yt Master Tests-2] INFO  [verifyingSideMenuCollapsedLangAsInSettingsLingua] [verifyingSideMenuCollapsedLangAsInSettingsLingua] Screenshot saved at: test-output/screenshots/Run_2026-03-12_18-35-07/verifyingSideMenuCollapsedLangAsInSettingsLingua/Filter Applied is Svenska__2026-03-12_185521.jpg
2026-03-12 18:55:22.097 [TestNG-test-Yt Master Tests-2] INFO  [verifyingSideMenuCollapsedLangAsInSettingsLingua] Clicking settings ellipses button...
2026-03-12 18:55:22.117 [TestNG-test-Yt Master Tests-2] INFO  [verifyingSideMenuCollapsedLangAsInSettingsLingua] [verifyingSideMenuCollapsedLangAsInSettingsLingua] Trying to find element: By.xpath: //ytd-topbar-menu-button-renderer[@class='style-scope ytd-masthead style-default']
2026-03-12 18:55:22.165 [TestNG-test-Yt Master Tests-2] INFO  [verifyingSideMenuCollapsedLangAsInSettingsLingua] [verifyingSideMenuCollapsedLangAsInSettingsLingua] Element found and ready (attempt 1): By.xpath: //ytd-topbar-menu-button-renderer[@class='style-scope ytd-masthead style-default']
2026-03-12 18:55:22.220 [TestNG-test-Yt Master Tests-2] INFO  [verifyingSideMenuCollapsedLangAsInSettingsLingua] getLangAttribute() - locating <html> and reading lang property
2026-03-12 18:55:22.234 [TestNG-test-Yt Master Tests-2] INFO  [verifyingSideMenuCollapsedLangAsInSettingsLingua] Language attribute read: sv-SE
2026-03-12 18:55:22.234 [TestNG-test-Yt Master Tests-2] INFO  [verifyingSideMenuCollapsedLangAsInSettingsLingua] Fetching the side menu in collapsed view
2026-03-12 18:55:22.234 [TestNG-test-Yt Master Tests-2] INFO  [verifyingSideMenuCollapsedLangAsInSettingsLingua] [verifyingSideMenuCollapsedLangAsInSettingsLingua] Finding elements list: By.xpath: //ytd-mini-guide-renderer[@class='style-scope ytd-app']//ytd-mini-guide-entry-renderer
2026-03-12 18:55:22.296 [TestNG-test-Yt Master Tests-2] INFO  [verifyingSideMenuCollapsedLangAsInSettingsLingua] [verifyingSideMenuCollapsedLangAsInSettingsLingua] Found 4 ready elements (attempt 1): By.xpath: //ytd-mini-guide-renderer[@class='style-scope ytd-app']//ytd-mini-guide-entry-renderer
2026-03-12 18:55:22.365 [TestNG-test-Yt Master Tests-2] INFO  [verifyingSideMenuCollapsedLangAsInSettingsLingua] 
========== LANGUAGE DETECTION ==========
Detected Language : SWEDISH
Input Text        : Hem Shorts Prenumerationer Ditt YouTube
========================================
2026-03-12 18:55:22.365 [TestNG-test-Yt Master Tests-2] INFO  [verifyingSideMenuCollapsedLangAsInSettingsLingua] text sent to lingua is       Hem Shorts Prenumerationer Ditt YouTube
2026-03-12 18:55:22.365 [TestNG-test-Yt Master Tests-2] INFO  [verifyingSideMenuCollapsedLangAsInSettingsLingua] getLangAttribute() - locating <html> and reading lang property
2026-03-12 18:55:22.376 [TestNG-test-Yt Master Tests-2] INFO  [verifyingSideMenuCollapsedLangAsInSettingsLingua] Language attribute read: sv-SE
2026-03-12 18:55:22.376 [TestNG-test-Yt Master Tests-2] INFO  [verifyingSideMenuCollapsedLangAsInSettingsLingua] Clicking settings ellipses button...
2026-03-12 18:55:22.401 [TestNG-test-Yt Master Tests-2] INFO  [verifyingSideMenuCollapsedLangAsInSettingsLingua] [verifyingSideMenuCollapsedLangAsInSettingsLingua] Trying to find element: By.xpath: //ytd-topbar-menu-button-renderer[@class='style-scope ytd-masthead style-default']
2026-03-12 18:55:22.459 [TestNG-test-Yt Master Tests-2] INFO  [verifyingSideMenuCollapsedLangAsInSettingsLingua] [verifyingSideMenuCollapsedLangAsInSettingsLingua] Element found and ready (attempt 1): By.xpath: //ytd-topbar-menu-button-renderer[@class='style-scope ytd-masthead style-default']
2026-03-12 18:55:22.530 [TestNG-test-Yt Master Tests-2] INFO  [verifyingSideMenuCollapsedLangAsInSettingsLingua] Clicking language dropdown...
2026-03-12 18:55:22.530 [TestNG-test-Yt Master Tests-2] INFO  [verifyingSideMenuCollapsedLangAsInSettingsLingua] [verifyingSideMenuCollapsedLangAsInSettingsLingua] Trying to find element: By.xpath: (//div[@id='content-icon'])[2]
2026-03-12 18:55:23.105 [TestNG-test-Yt Master Tests-2] INFO  [verifyingSideMenuCollapsedLangAsInSettingsLingua] [verifyingSideMenuCollapsedLangAsInSettingsLingua] Element found and ready (attempt 1): By.xpath: (//div[@id='content-icon'])[2]
2026-03-12 18:55:23.627 [TestNG-test-Yt Master Tests-2] INFO  [verifyingSideMenuCollapsedLangAsInSettingsLingua] Looking for language element with name: Tiếng Việt
2026-03-12 18:55:23.627 [TestNG-test-Yt Master Tests-2] INFO  [verifyingSideMenuCollapsedLangAsInSettingsLingua] [verifyingSideMenuCollapsedLangAsInSettingsLingua] Trying to find element: By.xpath: //yt-multi-page-menu-section-renderer[@class='style-scope ytd-multi-page-menu-renderer']//yt-formatted-string[@id='label' and text()='Tiếng Việt']
2026-03-12 18:55:23.734 [TestNG-test-Yt Master Tests-2] INFO  [verifyingSideMenuCollapsedLangAsInSettingsLingua] [verifyingSideMenuCollapsedLangAsInSettingsLingua] Element found and ready (attempt 1): By.xpath: //yt-multi-page-menu-section-renderer[@class='style-scope ytd-multi-page-menu-renderer']//yt-formatted-string[@id='label' and text()='Tiếng Việt']
2026-03-12 18:55:23.734 [TestNG-test-Yt Master Tests-2] INFO  [verifyingSideMenuCollapsedLangAsInSettingsLingua] [verifyingSideMenuCollapsedLangAsInSettingsLingua] Trying to find element: By.xpath: //yt-multi-page-menu-section-renderer[@class='style-scope ytd-multi-page-menu-renderer']//yt-formatted-string[@id='label' and text()='Tiếng Việt']
2026-03-12 18:55:23.791 [TestNG-test-Yt Master Tests-2] INFO  [verifyingSideMenuCollapsedLangAsInSettingsLingua] [verifyingSideMenuCollapsedLangAsInSettingsLingua] Element found and ready (attempt 1): By.xpath: //yt-multi-page-menu-section-renderer[@class='style-scope ytd-multi-page-menu-renderer']//yt-formatted-string[@id='label' and text()='Tiếng Việt']
2026-03-12 18:55:26.181 [TestNG-test-Yt Master Tests-2] INFO  [verifyingSideMenuCollapsedLangAsInSettingsLingua] Clicking settings ellipses button...
2026-03-12 18:55:26.556 [TestNG-test-Yt Master Tests-2] INFO  [verifyingSideMenuCollapsedLangAsInSettingsLingua] [verifyingSideMenuCollapsedLangAsInSettingsLingua] Trying to find element: By.xpath: //ytd-topbar-menu-button-renderer[@class='style-scope ytd-masthead style-default']
2026-03-12 18:55:26.760 [TestNG-test-Yt Master Tests-2] INFO  [verifyingSideMenuCollapsedLangAsInSettingsLingua] [verifyingSideMenuCollapsedLangAsInSettingsLingua] Element found and ready (attempt 1): By.xpath: //ytd-topbar-menu-button-renderer[@class='style-scope ytd-masthead style-default']
2026-03-12 18:55:26.992 [TestNG-test-Yt Master Tests-2] INFO  [verifyingSideMenuCollapsedLangAsInSettingsLingua] [verifyingSideMenuCollapsedLangAsInSettingsLingua] Waiting until element is visible in viewport
2026-03-12 18:55:27.109 [TestNG-test-Yt Master Tests-2] INFO  [verifyingSideMenuCollapsedLangAsInSettingsLingua] [verifyingSideMenuCollapsedLangAsInSettingsLingua] Capturing screenshot: Filter Applied is Tiếng Việt__2026-03-12_185527.jpg
2026-03-12 18:55:27.558 [TestNG-test-Yt Master Tests-2] INFO  [verifyingSideMenuCollapsedLangAsInSettingsLingua] [verifyingSideMenuCollapsedLangAsInSettingsLingua] Screenshot saved at: test-output/screenshots/Run_2026-03-12_18-35-07/verifyingSideMenuCollapsedLangAsInSettingsLingua/Filter Applied is Tiếng Việt__2026-03-12_185527.jpg
2026-03-12 18:55:27.558 [TestNG-test-Yt Master Tests-2] INFO  [verifyingSideMenuCollapsedLangAsInSettingsLingua] Clicking settings ellipses button...
2026-03-12 18:55:27.588 [TestNG-test-Yt Master Tests-2] INFO  [verifyingSideMenuCollapsedLangAsInSettingsLingua] [verifyingSideMenuCollapsedLangAsInSettingsLingua] Trying to find element: By.xpath: //ytd-topbar-menu-button-renderer[@class='style-scope ytd-masthead style-default']
2026-03-12 18:55:27.642 [TestNG-test-Yt Master Tests-2] INFO  [verifyingSideMenuCollapsedLangAsInSettingsLingua] [verifyingSideMenuCollapsedLangAsInSettingsLingua] Element found and ready (attempt 1): By.xpath: //ytd-topbar-menu-button-renderer[@class='style-scope ytd-masthead style-default']
2026-03-12 18:55:27.699 [TestNG-test-Yt Master Tests-2] INFO  [verifyingSideMenuCollapsedLangAsInSettingsLingua] getLangAttribute() - locating <html> and reading lang property
2026-03-12 18:55:27.716 [TestNG-test-Yt Master Tests-2] INFO  [verifyingSideMenuCollapsedLangAsInSettingsLingua] Language attribute read: vi-VN
2026-03-12 18:55:27.716 [TestNG-test-Yt Master Tests-2] INFO  [verifyingSideMenuCollapsedLangAsInSettingsLingua] Fetching the side menu in collapsed view
2026-03-12 18:55:27.716 [TestNG-test-Yt Master Tests-2] INFO  [verifyingSideMenuCollapsedLangAsInSettingsLingua] [verifyingSideMenuCollapsedLangAsInSettingsLingua] Finding elements list: By.xpath: //ytd-mini-guide-renderer[@class='style-scope ytd-app']//ytd-mini-guide-entry-renderer
2026-03-12 18:55:27.800 [TestNG-test-Yt Master Tests-2] INFO  [verifyingSideMenuCollapsedLangAsInSettingsLingua] [verifyingSideMenuCollapsedLangAsInSettingsLingua] Found 4 ready elements (attempt 1): By.xpath: //ytd-mini-guide-renderer[@class='style-scope ytd-app']//ytd-mini-guide-entry-renderer
2026-03-12 18:55:27.877 [TestNG-test-Yt Master Tests-2] INFO  [verifyingSideMenuCollapsedLangAsInSettingsLingua] 
========== LANGUAGE DETECTION ==========
Detected Language : VIETNAMESE
Input Text        : Trang chủ Shorts Kênh đăng ký Bạn
========================================
2026-03-12 18:55:27.877 [TestNG-test-Yt Master Tests-2] INFO  [verifyingSideMenuCollapsedLangAsInSettingsLingua] text sent to lingua is       Trang chủ Shorts Kênh đăng ký Bạn
2026-03-12 18:55:27.877 [TestNG-test-Yt Master Tests-2] INFO  [verifyingSideMenuCollapsedLangAsInSettingsLingua] getLangAttribute() - locating <html> and reading lang property
2026-03-12 18:55:27.889 [TestNG-test-Yt Master Tests-2] INFO  [verifyingSideMenuCollapsedLangAsInSettingsLingua] Language attribute read: vi-VN
2026-03-12 18:55:27.889 [TestNG-test-Yt Master Tests-2] INFO  [verifyingSideMenuCollapsedLangAsInSettingsLingua] Clicking settings ellipses button...
2026-03-12 18:55:27.909 [TestNG-test-Yt Master Tests-2] INFO  [verifyingSideMenuCollapsedLangAsInSettingsLingua] [verifyingSideMenuCollapsedLangAsInSettingsLingua] Trying to find element: By.xpath: //ytd-topbar-menu-button-renderer[@class='style-scope ytd-masthead style-default']
2026-03-12 18:55:27.966 [TestNG-test-Yt Master Tests-2] INFO  [verifyingSideMenuCollapsedLangAsInSettingsLingua] [verifyingSideMenuCollapsedLangAsInSettingsLingua] Element found and ready (attempt 1): By.xpath: //ytd-topbar-menu-button-renderer[@class='style-scope ytd-masthead style-default']
2026-03-12 18:55:28.026 [TestNG-test-Yt Master Tests-2] INFO  [verifyingSideMenuCollapsedLangAsInSettingsLingua] Clicking language dropdown...
2026-03-12 18:55:28.026 [TestNG-test-Yt Master Tests-2] INFO  [verifyingSideMenuCollapsedLangAsInSettingsLingua] [verifyingSideMenuCollapsedLangAsInSettingsLingua] Trying to find element: By.xpath: (//div[@id='content-icon'])[2]
2026-03-12 18:55:28.603 [TestNG-test-Yt Master Tests-2] INFO  [verifyingSideMenuCollapsedLangAsInSettingsLingua] [verifyingSideMenuCollapsedLangAsInSettingsLingua] Element found and ready (attempt 1): By.xpath: (//div[@id='content-icon'])[2]
2026-03-12 18:55:29.060 [TestNG-test-Yt Master Tests-2] INFO  [verifyingSideMenuCollapsedLangAsInSettingsLingua] Looking for language element with name: Türkçe
2026-03-12 18:55:29.060 [TestNG-test-Yt Master Tests-2] INFO  [verifyingSideMenuCollapsedLangAsInSettingsLingua] [verifyingSideMenuCollapsedLangAsInSettingsLingua] Trying to find element: By.xpath: //yt-multi-page-menu-section-renderer[@class='style-scope ytd-multi-page-menu-renderer']//yt-formatted-string[@id='label' and text()='Türkçe']
2026-03-12 18:55:29.172 [TestNG-test-Yt Master Tests-2] INFO  [verifyingSideMenuCollapsedLangAsInSettingsLingua] [verifyingSideMenuCollapsedLangAsInSettingsLingua] Element found and ready (attempt 1): By.xpath: //yt-multi-page-menu-section-renderer[@class='style-scope ytd-multi-page-menu-renderer']//yt-formatted-string[@id='label' and text()='Türkçe']
2026-03-12 18:55:29.172 [TestNG-test-Yt Master Tests-2] INFO  [verifyingSideMenuCollapsedLangAsInSettingsLingua] [verifyingSideMenuCollapsedLangAsInSettingsLingua] Trying to find element: By.xpath: //yt-multi-page-menu-section-renderer[@class='style-scope ytd-multi-page-menu-renderer']//yt-formatted-string[@id='label' and text()='Türkçe']
2026-03-12 18:55:29.248 [TestNG-test-Yt Master Tests-2] INFO  [verifyingSideMenuCollapsedLangAsInSettingsLingua] [verifyingSideMenuCollapsedLangAsInSettingsLingua] Element found and ready (attempt 1): By.xpath: //yt-multi-page-menu-section-renderer[@class='style-scope ytd-multi-page-menu-renderer']//yt-formatted-string[@id='label' and text()='Türkçe']
2026-03-12 18:55:31.702 [TestNG-test-Yt Master Tests-2] INFO  [verifyingSideMenuCollapsedLangAsInSettingsLingua] Clicking settings ellipses button...
2026-03-12 18:55:31.828 [TestNG-test-Yt Master Tests-2] INFO  [verifyingSideMenuCollapsedLangAsInSettingsLingua] [verifyingSideMenuCollapsedLangAsInSettingsLingua] Trying to find element: By.xpath: //ytd-topbar-menu-button-renderer[@class='style-scope ytd-masthead style-default']
2026-03-12 18:55:32.075 [TestNG-test-Yt Master Tests-2] INFO  [verifyingSideMenuCollapsedLangAsInSettingsLingua] [verifyingSideMenuCollapsedLangAsInSettingsLingua] Element found and ready (attempt 1): By.xpath: //ytd-topbar-menu-button-renderer[@class='style-scope ytd-masthead style-default']
2026-03-12 18:55:32.319 [TestNG-test-Yt Master Tests-2] INFO  [verifyingSideMenuCollapsedLangAsInSettingsLingua] [verifyingSideMenuCollapsedLangAsInSettingsLingua] Waiting until element is visible in viewport
2026-03-12 18:55:32.413 [TestNG-test-Yt Master Tests-2] INFO  [verifyingSideMenuCollapsedLangAsInSettingsLingua] [verifyingSideMenuCollapsedLangAsInSettingsLingua] Capturing screenshot: Filter Applied is Türkçe__2026-03-12_185532.jpg
2026-03-12 18:55:32.697 [TestNG-test-Yt Master Tests-2] INFO  [verifyingSideMenuCollapsedLangAsInSettingsLingua] [verifyingSideMenuCollapsedLangAsInSettingsLingua] Screenshot saved at: test-output/screenshots/Run_2026-03-12_18-35-07/verifyingSideMenuCollapsedLangAsInSettingsLingua/Filter Applied is Türkçe__2026-03-12_185532.jpg
2026-03-12 18:55:32.697 [TestNG-test-Yt Master Tests-2] INFO  [verifyingSideMenuCollapsedLangAsInSettingsLingua] Clicking settings ellipses button...
2026-03-12 18:55:32.716 [TestNG-test-Yt Master Tests-2] INFO  [verifyingSideMenuCollapsedLangAsInSettingsLingua] [verifyingSideMenuCollapsedLangAsInSettingsLingua] Trying to find element: By.xpath: //ytd-topbar-menu-button-renderer[@class='style-scope ytd-masthead style-default']
2026-03-12 18:55:32.766 [TestNG-test-Yt Master Tests-2] INFO  [verifyingSideMenuCollapsedLangAsInSettingsLingua] [verifyingSideMenuCollapsedLangAsInSettingsLingua] Element found and ready (attempt 1): By.xpath: //ytd-topbar-menu-button-renderer[@class='style-scope ytd-masthead style-default']
2026-03-12 18:55:32.821 [TestNG-test-Yt Master Tests-2] INFO  [verifyingSideMenuCollapsedLangAsInSettingsLingua] getLangAttribute() - locating <html> and reading lang property
2026-03-12 18:55:32.842 [TestNG-test-Yt Master Tests-2] INFO  [verifyingSideMenuCollapsedLangAsInSettingsLingua] Language attribute read: tr-TR
2026-03-12 18:55:32.842 [TestNG-test-Yt Master Tests-2] INFO  [verifyingSideMenuCollapsedLangAsInSettingsLingua] Fetching the side menu in collapsed view
2026-03-12 18:55:32.843 [TestNG-test-Yt Master Tests-2] INFO  [verifyingSideMenuCollapsedLangAsInSettingsLingua] [verifyingSideMenuCollapsedLangAsInSettingsLingua] Finding elements list: By.xpath: //ytd-mini-guide-renderer[@class='style-scope ytd-app']//ytd-mini-guide-entry-renderer
2026-03-12 18:55:32.924 [TestNG-test-Yt Master Tests-2] INFO  [verifyingSideMenuCollapsedLangAsInSettingsLingua] [verifyingSideMenuCollapsedLangAsInSettingsLingua] Found 4 ready elements (attempt 1): By.xpath: //ytd-mini-guide-renderer[@class='style-scope ytd-app']//ytd-mini-guide-entry-renderer
2026-03-12 18:55:33.021 [TestNG-test-Yt Master Tests-2] INFO  [verifyingSideMenuCollapsedLangAsInSettingsLingua] 
========== LANGUAGE DETECTION ==========
Detected Language : TURKISH
Input Text        : Ana Sayfa Shorts Abonelikler Siz
========================================
2026-03-12 18:55:33.021 [TestNG-test-Yt Master Tests-2] INFO  [verifyingSideMenuCollapsedLangAsInSettingsLingua] text sent to lingua is       Ana Sayfa Shorts Abonelikler Siz
2026-03-12 18:55:33.021 [TestNG-test-Yt Master Tests-2] INFO  [verifyingSideMenuCollapsedLangAsInSettingsLingua] getLangAttribute() - locating <html> and reading lang property
2026-03-12 18:55:33.036 [TestNG-test-Yt Master Tests-2] INFO  [verifyingSideMenuCollapsedLangAsInSettingsLingua] Language attribute read: tr-TR
2026-03-12 18:55:33.036 [TestNG-test-Yt Master Tests-2] INFO  [verifyingSideMenuCollapsedLangAsInSettingsLingua] Clicking settings ellipses button...
2026-03-12 18:55:33.061 [TestNG-test-Yt Master Tests-2] INFO  [verifyingSideMenuCollapsedLangAsInSettingsLingua] [verifyingSideMenuCollapsedLangAsInSettingsLingua] Trying to find element: By.xpath: //ytd-topbar-menu-button-renderer[@class='style-scope ytd-masthead style-default']
2026-03-12 18:55:33.134 [TestNG-test-Yt Master Tests-2] INFO  [verifyingSideMenuCollapsedLangAsInSettingsLingua] [verifyingSideMenuCollapsedLangAsInSettingsLingua] Element found and ready (attempt 1): By.xpath: //ytd-topbar-menu-button-renderer[@class='style-scope ytd-masthead style-default']
2026-03-12 18:55:33.225 [TestNG-test-Yt Master Tests-2] INFO  [verifyingSideMenuCollapsedLangAsInSettingsLingua] Clicking language dropdown...
2026-03-12 18:55:33.225 [TestNG-test-Yt Master Tests-2] INFO  [verifyingSideMenuCollapsedLangAsInSettingsLingua] [verifyingSideMenuCollapsedLangAsInSettingsLingua] Trying to find element: By.xpath: (//div[@id='content-icon'])[2]
2026-03-12 18:55:33.795 [TestNG-test-Yt Master Tests-2] INFO  [verifyingSideMenuCollapsedLangAsInSettingsLingua] [verifyingSideMenuCollapsedLangAsInSettingsLingua] Element found and ready (attempt 1): By.xpath: (//div[@id='content-icon'])[2]
2026-03-12 18:55:34.218 [TestNG-test-Yt Master Tests-2] INFO  [verifyingSideMenuCollapsedLangAsInSettingsLingua] Looking for language element with name: Беларуская
2026-03-12 18:55:34.218 [TestNG-test-Yt Master Tests-2] INFO  [verifyingSideMenuCollapsedLangAsInSettingsLingua] [verifyingSideMenuCollapsedLangAsInSettingsLingua] Trying to find element: By.xpath: //yt-multi-page-menu-section-renderer[@class='style-scope ytd-multi-page-menu-renderer']//yt-formatted-string[@id='label' and text()='Беларуская']
2026-03-12 18:55:34.339 [TestNG-test-Yt Master Tests-2] INFO  [verifyingSideMenuCollapsedLangAsInSettingsLingua] [verifyingSideMenuCollapsedLangAsInSettingsLingua] Element found and ready (attempt 1): By.xpath: //yt-multi-page-menu-section-renderer[@class='style-scope ytd-multi-page-menu-renderer']//yt-formatted-string[@id='label' and text()='Беларуская']
2026-03-12 18:55:34.339 [TestNG-test-Yt Master Tests-2] INFO  [verifyingSideMenuCollapsedLangAsInSettingsLingua] [verifyingSideMenuCollapsedLangAsInSettingsLingua] Trying to find element: By.xpath: //yt-multi-page-menu-section-renderer[@class='style-scope ytd-multi-page-menu-renderer']//yt-formatted-string[@id='label' and text()='Беларуская']
2026-03-12 18:55:34.403 [TestNG-test-Yt Master Tests-2] INFO  [verifyingSideMenuCollapsedLangAsInSettingsLingua] [verifyingSideMenuCollapsedLangAsInSettingsLingua] Element found and ready (attempt 1): By.xpath: //yt-multi-page-menu-section-renderer[@class='style-scope ytd-multi-page-menu-renderer']//yt-formatted-string[@id='label' and text()='Беларуская']
2026-03-12 18:55:36.591 [TestNG-test-Yt Master Tests-2] INFO  [verifyingSideMenuCollapsedLangAsInSettingsLingua] Clicking settings ellipses button...
2026-03-12 18:55:37.050 [TestNG-test-Yt Master Tests-2] INFO  [verifyingSideMenuCollapsedLangAsInSettingsLingua] [verifyingSideMenuCollapsedLangAsInSettingsLingua] Trying to find element: By.xpath: //ytd-topbar-menu-button-renderer[@class='style-scope ytd-masthead style-default']
2026-03-12 18:55:37.426 [TestNG-test-Yt Master Tests-2] INFO  [verifyingSideMenuCollapsedLangAsInSettingsLingua] [verifyingSideMenuCollapsedLangAsInSettingsLingua] Element found and ready (attempt 1): By.xpath: //ytd-topbar-menu-button-renderer[@class='style-scope ytd-masthead style-default']
2026-03-12 18:55:37.633 [TestNG-test-Yt Master Tests-2] INFO  [verifyingSideMenuCollapsedLangAsInSettingsLingua] [verifyingSideMenuCollapsedLangAsInSettingsLingua] Waiting until element is visible in viewport
2026-03-12 18:55:37.782 [TestNG-test-Yt Master Tests-2] INFO  [verifyingSideMenuCollapsedLangAsInSettingsLingua] [verifyingSideMenuCollapsedLangAsInSettingsLingua] Capturing screenshot: Filter Applied is Беларуская__2026-03-12_185537.jpg
2026-03-12 18:55:38.158 [TestNG-test-Yt Master Tests-2] INFO  [verifyingSideMenuCollapsedLangAsInSettingsLingua] [verifyingSideMenuCollapsedLangAsInSettingsLingua] Screenshot saved at: test-output/screenshots/Run_2026-03-12_18-35-07/verifyingSideMenuCollapsedLangAsInSettingsLingua/Filter Applied is Беларуская__2026-03-12_185537.jpg
2026-03-12 18:55:38.159 [TestNG-test-Yt Master Tests-2] INFO  [verifyingSideMenuCollapsedLangAsInSettingsLingua] Clicking settings ellipses button...
2026-03-12 18:55:38.187 [TestNG-test-Yt Master Tests-2] INFO  [verifyingSideMenuCollapsedLangAsInSettingsLingua] [verifyingSideMenuCollapsedLangAsInSettingsLingua] Trying to find element: By.xpath: //ytd-topbar-menu-button-renderer[@class='style-scope ytd-masthead style-default']
2026-03-12 18:55:38.241 [TestNG-test-Yt Master Tests-2] INFO  [verifyingSideMenuCollapsedLangAsInSettingsLingua] [verifyingSideMenuCollapsedLangAsInSettingsLingua] Element found and ready (attempt 1): By.xpath: //ytd-topbar-menu-button-renderer[@class='style-scope ytd-masthead style-default']
2026-03-12 18:55:38.301 [TestNG-test-Yt Master Tests-2] INFO  [verifyingSideMenuCollapsedLangAsInSettingsLingua] getLangAttribute() - locating <html> and reading lang property
2026-03-12 18:55:38.314 [TestNG-test-Yt Master Tests-2] INFO  [verifyingSideMenuCollapsedLangAsInSettingsLingua] Language attribute read: be-BY
2026-03-12 18:55:38.314 [TestNG-test-Yt Master Tests-2] INFO  [verifyingSideMenuCollapsedLangAsInSettingsLingua] Fetching the side menu in collapsed view
2026-03-12 18:55:38.314 [TestNG-test-Yt Master Tests-2] INFO  [verifyingSideMenuCollapsedLangAsInSettingsLingua] [verifyingSideMenuCollapsedLangAsInSettingsLingua] Finding elements list: By.xpath: //ytd-mini-guide-renderer[@class='style-scope ytd-app']//ytd-mini-guide-entry-renderer
2026-03-12 18:55:38.385 [TestNG-test-Yt Master Tests-2] INFO  [verifyingSideMenuCollapsedLangAsInSettingsLingua] [verifyingSideMenuCollapsedLangAsInSettingsLingua] Found 4 ready elements (attempt 1): By.xpath: //ytd-mini-guide-renderer[@class='style-scope ytd-app']//ytd-mini-guide-entry-renderer
2026-03-12 18:55:39.203 [TestNG-test-Yt Master Tests-2] INFO  [verifyingSideMenuCollapsedLangAsInSettingsLingua] 
========== LANGUAGE DETECTION ==========
Detected Language : BELARUSIAN
Input Text        : Галоўная старонка Shorts Падпіскі Вы
========================================
2026-03-12 18:55:39.203 [TestNG-test-Yt Master Tests-2] INFO  [verifyingSideMenuCollapsedLangAsInSettingsLingua] text sent to lingua is       Галоўная старонка Shorts Падпіскі Вы
2026-03-12 18:55:39.204 [TestNG-test-Yt Master Tests-2] INFO  [verifyingSideMenuCollapsedLangAsInSettingsLingua] getLangAttribute() - locating <html> and reading lang property
2026-03-12 18:55:39.233 [TestNG-test-Yt Master Tests-2] INFO  [verifyingSideMenuCollapsedLangAsInSettingsLingua] Language attribute read: be-BY
2026-03-12 18:55:39.233 [TestNG-test-Yt Master Tests-2] INFO  [verifyingSideMenuCollapsedLangAsInSettingsLingua] Clicking settings ellipses button...
2026-03-12 18:55:39.287 [TestNG-test-Yt Master Tests-2] INFO  [verifyingSideMenuCollapsedLangAsInSettingsLingua] [verifyingSideMenuCollapsedLangAsInSettingsLingua] Trying to find element: By.xpath: //ytd-topbar-menu-button-renderer[@class='style-scope ytd-masthead style-default']
2026-03-12 18:55:39.355 [TestNG-test-Yt Master Tests-2] INFO  [verifyingSideMenuCollapsedLangAsInSettingsLingua] [verifyingSideMenuCollapsedLangAsInSettingsLingua] Element found and ready (attempt 1): By.xpath: //ytd-topbar-menu-button-renderer[@class='style-scope ytd-masthead style-default']
2026-03-12 18:55:39.432 [TestNG-test-Yt Master Tests-2] INFO  [verifyingSideMenuCollapsedLangAsInSettingsLingua] Clicking language dropdown...
2026-03-12 18:55:39.433 [TestNG-test-Yt Master Tests-2] INFO  [verifyingSideMenuCollapsedLangAsInSettingsLingua] [verifyingSideMenuCollapsedLangAsInSettingsLingua] Trying to find element: By.xpath: (//div[@id='content-icon'])[2]
2026-03-12 18:55:39.998 [TestNG-test-Yt Master Tests-2] INFO  [verifyingSideMenuCollapsedLangAsInSettingsLingua] [verifyingSideMenuCollapsedLangAsInSettingsLingua] Element found and ready (attempt 1): By.xpath: (//div[@id='content-icon'])[2]
2026-03-12 18:55:40.372 [TestNG-test-Yt Master Tests-2] INFO  [verifyingSideMenuCollapsedLangAsInSettingsLingua] Looking for language element with name: Български
2026-03-12 18:55:40.372 [TestNG-test-Yt Master Tests-2] INFO  [verifyingSideMenuCollapsedLangAsInSettingsLingua] [verifyingSideMenuCollapsedLangAsInSettingsLingua] Trying to find element: By.xpath: //yt-multi-page-menu-section-renderer[@class='style-scope ytd-multi-page-menu-renderer']//yt-formatted-string[@id='label' and text()='Български']
2026-03-12 18:55:40.537 [TestNG-test-Yt Master Tests-2] INFO  [verifyingSideMenuCollapsedLangAsInSettingsLingua] [verifyingSideMenuCollapsedLangAsInSettingsLingua] Element found and ready (attempt 1): By.xpath: //yt-multi-page-menu-section-renderer[@class='style-scope ytd-multi-page-menu-renderer']//yt-formatted-string[@id='label' and text()='Български']
2026-03-12 18:55:40.537 [TestNG-test-Yt Master Tests-2] INFO  [verifyingSideMenuCollapsedLangAsInSettingsLingua] [verifyingSideMenuCollapsedLangAsInSettingsLingua] Trying to find element: By.xpath: //yt-multi-page-menu-section-renderer[@class='style-scope ytd-multi-page-menu-renderer']//yt-formatted-string[@id='label' and text()='Български']
2026-03-12 18:55:40.596 [TestNG-test-Yt Master Tests-2] INFO  [verifyingSideMenuCollapsedLangAsInSettingsLingua] [verifyingSideMenuCollapsedLangAsInSettingsLingua] Element found and ready (attempt 1): By.xpath: //yt-multi-page-menu-section-renderer[@class='style-scope ytd-multi-page-menu-renderer']//yt-formatted-string[@id='label' and text()='Български']
2026-03-12 18:55:42.254 [TestNG-test-Yt Master Tests-2] INFO  [verifyingSideMenuCollapsedLangAsInSettingsLingua] Clicking settings ellipses button...
2026-03-12 18:55:42.675 [TestNG-test-Yt Master Tests-2] INFO  [verifyingSideMenuCollapsedLangAsInSettingsLingua] [verifyingSideMenuCollapsedLangAsInSettingsLingua] Trying to find element: By.xpath: //ytd-topbar-menu-button-renderer[@class='style-scope ytd-masthead style-default']
2026-03-12 18:55:42.896 [TestNG-test-Yt Master Tests-2] INFO  [verifyingSideMenuCollapsedLangAsInSettingsLingua] [verifyingSideMenuCollapsedLangAsInSettingsLingua] Element found and ready (attempt 1): By.xpath: //ytd-topbar-menu-button-renderer[@class='style-scope ytd-masthead style-default']
2026-03-12 18:55:43.312 [TestNG-test-Yt Master Tests-2] INFO  [verifyingSideMenuCollapsedLangAsInSettingsLingua] [verifyingSideMenuCollapsedLangAsInSettingsLingua] Waiting until element is visible in viewport
2026-03-12 18:55:43.614 [TestNG-test-Yt Master Tests-2] INFO  [verifyingSideMenuCollapsedLangAsInSettingsLingua] [verifyingSideMenuCollapsedLangAsInSettingsLingua] Capturing screenshot: Filter Applied is Български__2026-03-12_185543.jpg
2026-03-12 18:55:43.888 [TestNG-test-Yt Master Tests-2] INFO  [verifyingSideMenuCollapsedLangAsInSettingsLingua] [verifyingSideMenuCollapsedLangAsInSettingsLingua] Screenshot saved at: test-output/screenshots/Run_2026-03-12_18-35-07/verifyingSideMenuCollapsedLangAsInSettingsLingua/Filter Applied is Български__2026-03-12_185543.jpg
2026-03-12 18:55:43.888 [TestNG-test-Yt Master Tests-2] INFO  [verifyingSideMenuCollapsedLangAsInSettingsLingua] Clicking settings ellipses button...
2026-03-12 18:55:43.915 [TestNG-test-Yt Master Tests-2] INFO  [verifyingSideMenuCollapsedLangAsInSettingsLingua] [verifyingSideMenuCollapsedLangAsInSettingsLingua] Trying to find element: By.xpath: //ytd-topbar-menu-button-renderer[@class='style-scope ytd-masthead style-default']
2026-03-12 18:55:43.972 [TestNG-test-Yt Master Tests-2] INFO  [verifyingSideMenuCollapsedLangAsInSettingsLingua] [verifyingSideMenuCollapsedLangAsInSettingsLingua] Element found and ready (attempt 1): By.xpath: //ytd-topbar-menu-button-renderer[@class='style-scope ytd-masthead style-default']
2026-03-12 18:55:44.033 [TestNG-test-Yt Master Tests-2] INFO  [verifyingSideMenuCollapsedLangAsInSettingsLingua] getLangAttribute() - locating <html> and reading lang property
2026-03-12 18:55:44.048 [TestNG-test-Yt Master Tests-2] INFO  [verifyingSideMenuCollapsedLangAsInSettingsLingua] Language attribute read: bg-BG
2026-03-12 18:55:44.048 [TestNG-test-Yt Master Tests-2] INFO  [verifyingSideMenuCollapsedLangAsInSettingsLingua] Fetching the side menu in collapsed view
2026-03-12 18:55:44.049 [TestNG-test-Yt Master Tests-2] INFO  [verifyingSideMenuCollapsedLangAsInSettingsLingua] [verifyingSideMenuCollapsedLangAsInSettingsLingua] Finding elements list: By.xpath: //ytd-mini-guide-renderer[@class='style-scope ytd-app']//ytd-mini-guide-entry-renderer
2026-03-12 18:55:44.143 [TestNG-test-Yt Master Tests-2] INFO  [verifyingSideMenuCollapsedLangAsInSettingsLingua] [verifyingSideMenuCollapsedLangAsInSettingsLingua] Found 4 ready elements (attempt 1): By.xpath: //ytd-mini-guide-renderer[@class='style-scope ytd-app']//ytd-mini-guide-entry-renderer
2026-03-12 18:55:44.228 [TestNG-test-Yt Master Tests-2] INFO  [verifyingSideMenuCollapsedLangAsInSettingsLingua] 
========== LANGUAGE DETECTION ==========
Detected Language : BULGARIAN
Input Text        : Начало Shorts Абонаменти Вие
========================================
2026-03-12 18:55:44.228 [TestNG-test-Yt Master Tests-2] INFO  [verifyingSideMenuCollapsedLangAsInSettingsLingua] text sent to lingua is       Начало Shorts Абонаменти Вие
2026-03-12 18:55:44.228 [TestNG-test-Yt Master Tests-2] INFO  [verifyingSideMenuCollapsedLangAsInSettingsLingua] getLangAttribute() - locating <html> and reading lang property
2026-03-12 18:55:44.241 [TestNG-test-Yt Master Tests-2] INFO  [verifyingSideMenuCollapsedLangAsInSettingsLingua] Language attribute read: bg-BG
2026-03-12 18:55:44.241 [TestNG-test-Yt Master Tests-2] INFO  [verifyingSideMenuCollapsedLangAsInSettingsLingua] Clicking settings ellipses button...
2026-03-12 18:55:44.263 [TestNG-test-Yt Master Tests-2] INFO  [verifyingSideMenuCollapsedLangAsInSettingsLingua] [verifyingSideMenuCollapsedLangAsInSettingsLingua] Trying to find element: By.xpath: //ytd-topbar-menu-button-renderer[@class='style-scope ytd-masthead style-default']
2026-03-12 18:55:44.321 [TestNG-test-Yt Master Tests-2] INFO  [verifyingSideMenuCollapsedLangAsInSettingsLingua] [verifyingSideMenuCollapsedLangAsInSettingsLingua] Element found and ready (attempt 1): By.xpath: //ytd-topbar-menu-button-renderer[@class='style-scope ytd-masthead style-default']
2026-03-12 18:55:44.389 [TestNG-test-Yt Master Tests-2] INFO  [verifyingSideMenuCollapsedLangAsInSettingsLingua] Clicking language dropdown...
2026-03-12 18:55:44.389 [TestNG-test-Yt Master Tests-2] INFO  [verifyingSideMenuCollapsedLangAsInSettingsLingua] [verifyingSideMenuCollapsedLangAsInSettingsLingua] Trying to find element: By.xpath: (//div[@id='content-icon'])[2]
2026-03-12 18:55:44.957 [TestNG-test-Yt Master Tests-2] INFO  [verifyingSideMenuCollapsedLangAsInSettingsLingua] [verifyingSideMenuCollapsedLangAsInSettingsLingua] Element found and ready (attempt 1): By.xpath: (//div[@id='content-icon'])[2]
2026-03-12 18:55:45.431 [TestNG-test-Yt Master Tests-2] INFO  [verifyingSideMenuCollapsedLangAsInSettingsLingua] Looking for language element with name: Русский
2026-03-12 18:55:45.431 [TestNG-test-Yt Master Tests-2] INFO  [verifyingSideMenuCollapsedLangAsInSettingsLingua] [verifyingSideMenuCollapsedLangAsInSettingsLingua] Trying to find element: By.xpath: //yt-multi-page-menu-section-renderer[@class='style-scope ytd-multi-page-menu-renderer']//yt-formatted-string[@id='label' and text()='Русский']
2026-03-12 18:55:45.547 [TestNG-test-Yt Master Tests-2] INFO  [verifyingSideMenuCollapsedLangAsInSettingsLingua] [verifyingSideMenuCollapsedLangAsInSettingsLingua] Element found and ready (attempt 1): By.xpath: //yt-multi-page-menu-section-renderer[@class='style-scope ytd-multi-page-menu-renderer']//yt-formatted-string[@id='label' and text()='Русский']
2026-03-12 18:55:45.547 [TestNG-test-Yt Master Tests-2] INFO  [verifyingSideMenuCollapsedLangAsInSettingsLingua] [verifyingSideMenuCollapsedLangAsInSettingsLingua] Trying to find element: By.xpath: //yt-multi-page-menu-section-renderer[@class='style-scope ytd-multi-page-menu-renderer']//yt-formatted-string[@id='label' and text()='Русский']
2026-03-12 18:55:45.611 [TestNG-test-Yt Master Tests-2] INFO  [verifyingSideMenuCollapsedLangAsInSettingsLingua] [verifyingSideMenuCollapsedLangAsInSettingsLingua] Element found and ready (attempt 1): By.xpath: //yt-multi-page-menu-section-renderer[@class='style-scope ytd-multi-page-menu-renderer']//yt-formatted-string[@id='label' and text()='Русский']
2026-03-12 18:55:47.516 [TestNG-test-Yt Master Tests-2] INFO  [verifyingSideMenuCollapsedLangAsInSettingsLingua] Clicking settings ellipses button...
2026-03-12 18:55:47.860 [TestNG-test-Yt Master Tests-2] INFO  [verifyingSideMenuCollapsedLangAsInSettingsLingua] [verifyingSideMenuCollapsedLangAsInSettingsLingua] Trying to find element: By.xpath: //ytd-topbar-menu-button-renderer[@class='style-scope ytd-masthead style-default']
2026-03-12 18:55:48.040 [TestNG-test-Yt Master Tests-2] INFO  [verifyingSideMenuCollapsedLangAsInSettingsLingua] [verifyingSideMenuCollapsedLangAsInSettingsLingua] Element found and ready (attempt 1): By.xpath: //ytd-topbar-menu-button-renderer[@class='style-scope ytd-masthead style-default']
2026-03-12 18:55:48.272 [TestNG-test-Yt Master Tests-2] INFO  [verifyingSideMenuCollapsedLangAsInSettingsLingua] [verifyingSideMenuCollapsedLangAsInSettingsLingua] Waiting until element is visible in viewport
2026-03-12 18:55:48.372 [TestNG-test-Yt Master Tests-2] INFO  [verifyingSideMenuCollapsedLangAsInSettingsLingua] [verifyingSideMenuCollapsedLangAsInSettingsLingua] Capturing screenshot: Filter Applied is Русский__2026-03-12_185548.jpg
2026-03-12 18:55:48.703 [TestNG-test-Yt Master Tests-2] INFO  [verifyingSideMenuCollapsedLangAsInSettingsLingua] [verifyingSideMenuCollapsedLangAsInSettingsLingua] Screenshot saved at: test-output/screenshots/Run_2026-03-12_18-35-07/verifyingSideMenuCollapsedLangAsInSettingsLingua/Filter Applied is Русский__2026-03-12_185548.jpg
2026-03-12 18:55:48.703 [TestNG-test-Yt Master Tests-2] INFO  [verifyingSideMenuCollapsedLangAsInSettingsLingua] Clicking settings ellipses button...
2026-03-12 18:55:48.722 [TestNG-test-Yt Master Tests-2] INFO  [verifyingSideMenuCollapsedLangAsInSettingsLingua] [verifyingSideMenuCollapsedLangAsInSettingsLingua] Trying to find element: By.xpath: //ytd-topbar-menu-button-renderer[@class='style-scope ytd-masthead style-default']
2026-03-12 18:55:48.772 [TestNG-test-Yt Master Tests-2] INFO  [verifyingSideMenuCollapsedLangAsInSettingsLingua] [verifyingSideMenuCollapsedLangAsInSettingsLingua] Element found and ready (attempt 1): By.xpath: //ytd-topbar-menu-button-renderer[@class='style-scope ytd-masthead style-default']
2026-03-12 18:55:48.883 [TestNG-test-Yt Master Tests-2] INFO  [verifyingSideMenuCollapsedLangAsInSettingsLingua] getLangAttribute() - locating <html> and reading lang property
2026-03-12 18:55:48.908 [TestNG-test-Yt Master Tests-2] INFO  [verifyingSideMenuCollapsedLangAsInSettingsLingua] Language attribute read: ru-RU
2026-03-12 18:55:48.908 [TestNG-test-Yt Master Tests-2] INFO  [verifyingSideMenuCollapsedLangAsInSettingsLingua] Fetching the side menu in collapsed view
2026-03-12 18:55:48.908 [TestNG-test-Yt Master Tests-2] INFO  [verifyingSideMenuCollapsedLangAsInSettingsLingua] [verifyingSideMenuCollapsedLangAsInSettingsLingua] Finding elements list: By.xpath: //ytd-mini-guide-renderer[@class='style-scope ytd-app']//ytd-mini-guide-entry-renderer
2026-03-12 18:55:49.080 [TestNG-test-Yt Master Tests-2] INFO  [verifyingSideMenuCollapsedLangAsInSettingsLingua] [verifyingSideMenuCollapsedLangAsInSettingsLingua] Found 4 ready elements (attempt 1): By.xpath: //ytd-mini-guide-renderer[@class='style-scope ytd-app']//ytd-mini-guide-entry-renderer
2026-03-12 18:55:49.429 [TestNG-test-Yt Master Tests-2] INFO  [verifyingSideMenuCollapsedLangAsInSettingsLingua] 
========== LANGUAGE DETECTION ==========
Detected Language : RUSSIAN
Input Text        : Главная Shorts Подписки Вы
========================================
2026-03-12 18:55:49.429 [TestNG-test-Yt Master Tests-2] INFO  [verifyingSideMenuCollapsedLangAsInSettingsLingua] text sent to lingua is       Главная Shorts Подписки Вы
2026-03-12 18:55:49.429 [TestNG-test-Yt Master Tests-2] INFO  [verifyingSideMenuCollapsedLangAsInSettingsLingua] getLangAttribute() - locating <html> and reading lang property
2026-03-12 18:55:49.442 [TestNG-test-Yt Master Tests-2] INFO  [verifyingSideMenuCollapsedLangAsInSettingsLingua] Language attribute read: ru-RU
2026-03-12 18:55:49.442 [TestNG-test-Yt Master Tests-2] INFO  [verifyingSideMenuCollapsedLangAsInSettingsLingua] Clicking settings ellipses button...
2026-03-12 18:55:49.462 [TestNG-test-Yt Master Tests-2] INFO  [verifyingSideMenuCollapsedLangAsInSettingsLingua] [verifyingSideMenuCollapsedLangAsInSettingsLingua] Trying to find element: By.xpath: //ytd-topbar-menu-button-renderer[@class='style-scope ytd-masthead style-default']
2026-03-12 18:55:49.513 [TestNG-test-Yt Master Tests-2] INFO  [verifyingSideMenuCollapsedLangAsInSettingsLingua] [verifyingSideMenuCollapsedLangAsInSettingsLingua] Element found and ready (attempt 1): By.xpath: //ytd-topbar-menu-button-renderer[@class='style-scope ytd-masthead style-default']
2026-03-12 18:55:49.632 [TestNG-test-Yt Master Tests-2] INFO  [verifyingSideMenuCollapsedLangAsInSettingsLingua] Clicking language dropdown...
2026-03-12 18:55:49.632 [TestNG-test-Yt Master Tests-2] INFO  [verifyingSideMenuCollapsedLangAsInSettingsLingua] [verifyingSideMenuCollapsedLangAsInSettingsLingua] Trying to find element: By.xpath: (//div[@id='content-icon'])[2]
2026-03-12 18:55:50.207 [TestNG-test-Yt Master Tests-2] INFO  [verifyingSideMenuCollapsedLangAsInSettingsLingua] [verifyingSideMenuCollapsedLangAsInSettingsLingua] Element found and ready (attempt 1): By.xpath: (//div[@id='content-icon'])[2]
2026-03-12 18:55:50.581 [TestNG-test-Yt Master Tests-2] INFO  [verifyingSideMenuCollapsedLangAsInSettingsLingua] Looking for language element with name: Українська
2026-03-12 18:55:50.581 [TestNG-test-Yt Master Tests-2] INFO  [verifyingSideMenuCollapsedLangAsInSettingsLingua] [verifyingSideMenuCollapsedLangAsInSettingsLingua] Trying to find element: By.xpath: //yt-multi-page-menu-section-renderer[@class='style-scope ytd-multi-page-menu-renderer']//yt-formatted-string[@id='label' and text()='Українська']
2026-03-12 18:55:50.720 [TestNG-test-Yt Master Tests-2] INFO  [verifyingSideMenuCollapsedLangAsInSettingsLingua] [verifyingSideMenuCollapsedLangAsInSettingsLingua] Element found and ready (attempt 1): By.xpath: //yt-multi-page-menu-section-renderer[@class='style-scope ytd-multi-page-menu-renderer']//yt-formatted-string[@id='label' and text()='Українська']
2026-03-12 18:55:50.721 [TestNG-test-Yt Master Tests-2] INFO  [verifyingSideMenuCollapsedLangAsInSettingsLingua] [verifyingSideMenuCollapsedLangAsInSettingsLingua] Trying to find element: By.xpath: //yt-multi-page-menu-section-renderer[@class='style-scope ytd-multi-page-menu-renderer']//yt-formatted-string[@id='label' and text()='Українська']
2026-03-12 18:55:50.788 [TestNG-test-Yt Master Tests-2] INFO  [verifyingSideMenuCollapsedLangAsInSettingsLingua] [verifyingSideMenuCollapsedLangAsInSettingsLingua] Element found and ready (attempt 1): By.xpath: //yt-multi-page-menu-section-renderer[@class='style-scope ytd-multi-page-menu-renderer']//yt-formatted-string[@id='label' and text()='Українська']
2026-03-12 18:55:53.089 [TestNG-test-Yt Master Tests-2] INFO  [verifyingSideMenuCollapsedLangAsInSettingsLingua] Clicking settings ellipses button...
2026-03-12 18:55:53.141 [TestNG-test-Yt Master Tests-2] INFO  [verifyingSideMenuCollapsedLangAsInSettingsLingua] [verifyingSideMenuCollapsedLangAsInSettingsLingua] Trying to find element: By.xpath: //ytd-topbar-menu-button-renderer[@class='style-scope ytd-masthead style-default']
2026-03-12 18:55:53.338 [TestNG-test-Yt Master Tests-2] INFO  [verifyingSideMenuCollapsedLangAsInSettingsLingua] [verifyingSideMenuCollapsedLangAsInSettingsLingua] Element found and ready (attempt 1): By.xpath: //ytd-topbar-menu-button-renderer[@class='style-scope ytd-masthead style-default']
2026-03-12 18:55:53.571 [TestNG-test-Yt Master Tests-2] INFO  [verifyingSideMenuCollapsedLangAsInSettingsLingua] [verifyingSideMenuCollapsedLangAsInSettingsLingua] Waiting until element is visible in viewport
2026-03-12 18:55:53.756 [TestNG-test-Yt Master Tests-2] INFO  [verifyingSideMenuCollapsedLangAsInSettingsLingua] [verifyingSideMenuCollapsedLangAsInSettingsLingua] Capturing screenshot: Filter Applied is Українська__2026-03-12_185553.jpg
2026-03-12 18:55:54.152 [TestNG-test-Yt Master Tests-2] INFO  [verifyingSideMenuCollapsedLangAsInSettingsLingua] [verifyingSideMenuCollapsedLangAsInSettingsLingua] Screenshot saved at: test-output/screenshots/Run_2026-03-12_18-35-07/verifyingSideMenuCollapsedLangAsInSettingsLingua/Filter Applied is Українська__2026-03-12_185553.jpg
2026-03-12 18:55:54.152 [TestNG-test-Yt Master Tests-2] INFO  [verifyingSideMenuCollapsedLangAsInSettingsLingua] Clicking settings ellipses button...
2026-03-12 18:55:54.173 [TestNG-test-Yt Master Tests-2] INFO  [verifyingSideMenuCollapsedLangAsInSettingsLingua] [verifyingSideMenuCollapsedLangAsInSettingsLingua] Trying to find element: By.xpath: //ytd-topbar-menu-button-renderer[@class='style-scope ytd-masthead style-default']
2026-03-12 18:55:54.225 [TestNG-test-Yt Master Tests-2] INFO  [verifyingSideMenuCollapsedLangAsInSettingsLingua] [verifyingSideMenuCollapsedLangAsInSettingsLingua] Element found and ready (attempt 1): By.xpath: //ytd-topbar-menu-button-renderer[@class='style-scope ytd-masthead style-default']
2026-03-12 18:55:54.287 [TestNG-test-Yt Master Tests-2] INFO  [verifyingSideMenuCollapsedLangAsInSettingsLingua] getLangAttribute() - locating <html> and reading lang property
2026-03-12 18:55:54.417 [TestNG-test-Yt Master Tests-2] INFO  [verifyingSideMenuCollapsedLangAsInSettingsLingua] Language attribute read: uk-UA
2026-03-12 18:55:54.417 [TestNG-test-Yt Master Tests-2] INFO  [verifyingSideMenuCollapsedLangAsInSettingsLingua] Fetching the side menu in collapsed view
2026-03-12 18:55:54.417 [TestNG-test-Yt Master Tests-2] INFO  [verifyingSideMenuCollapsedLangAsInSettingsLingua] [verifyingSideMenuCollapsedLangAsInSettingsLingua] Finding elements list: By.xpath: //ytd-mini-guide-renderer[@class='style-scope ytd-app']//ytd-mini-guide-entry-renderer
2026-03-12 18:55:54.496 [TestNG-test-Yt Master Tests-2] INFO  [verifyingSideMenuCollapsedLangAsInSettingsLingua] [verifyingSideMenuCollapsedLangAsInSettingsLingua] Found 4 ready elements (attempt 1): By.xpath: //ytd-mini-guide-renderer[@class='style-scope ytd-app']//ytd-mini-guide-entry-renderer
2026-03-12 18:55:54.591 [TestNG-test-Yt Master Tests-2] INFO  [verifyingSideMenuCollapsedLangAsInSettingsLingua] 
========== LANGUAGE DETECTION ==========
Detected Language : UKRAINIAN
Input Text        : Головна YouTube Shorts Підписки Ви
========================================
2026-03-12 18:55:54.591 [TestNG-test-Yt Master Tests-2] INFO  [verifyingSideMenuCollapsedLangAsInSettingsLingua] text sent to lingua is       Головна YouTube Shorts Підписки Ви
2026-03-12 18:55:54.591 [TestNG-test-Yt Master Tests-2] INFO  [verifyingSideMenuCollapsedLangAsInSettingsLingua] getLangAttribute() - locating <html> and reading lang property
2026-03-12 18:55:54.606 [TestNG-test-Yt Master Tests-2] INFO  [verifyingSideMenuCollapsedLangAsInSettingsLingua] Language attribute read: uk-UA
2026-03-12 18:55:54.606 [TestNG-test-Yt Master Tests-2] INFO  [verifyingSideMenuCollapsedLangAsInSettingsLingua] Clicking settings ellipses button...
2026-03-12 18:55:54.630 [TestNG-test-Yt Master Tests-2] INFO  [verifyingSideMenuCollapsedLangAsInSettingsLingua] [verifyingSideMenuCollapsedLangAsInSettingsLingua] Trying to find element: By.xpath: //ytd-topbar-menu-button-renderer[@class='style-scope ytd-masthead style-default']
2026-03-12 18:55:54.693 [TestNG-test-Yt Master Tests-2] INFO  [verifyingSideMenuCollapsedLangAsInSettingsLingua] [verifyingSideMenuCollapsedLangAsInSettingsLingua] Element found and ready (attempt 1): By.xpath: //ytd-topbar-menu-button-renderer[@class='style-scope ytd-masthead style-default']
2026-03-12 18:55:54.763 [TestNG-test-Yt Master Tests-2] INFO  [verifyingSideMenuCollapsedLangAsInSettingsLingua] Clicking language dropdown...
2026-03-12 18:55:54.763 [TestNG-test-Yt Master Tests-2] INFO  [verifyingSideMenuCollapsedLangAsInSettingsLingua] [verifyingSideMenuCollapsedLangAsInSettingsLingua] Trying to find element: By.xpath: (//div[@id='content-icon'])[2]
2026-03-12 18:55:55.356 [TestNG-test-Yt Master Tests-2] INFO  [verifyingSideMenuCollapsedLangAsInSettingsLingua] [verifyingSideMenuCollapsedLangAsInSettingsLingua] Element found and ready (attempt 1): By.xpath: (//div[@id='content-icon'])[2]
2026-03-12 18:55:56.121 [TestNG-test-Yt Master Tests-2] INFO  [verifyingSideMenuCollapsedLangAsInSettingsLingua] Looking for language element with name: Ελληνικά
2026-03-12 18:55:56.121 [TestNG-test-Yt Master Tests-2] INFO  [verifyingSideMenuCollapsedLangAsInSettingsLingua] [verifyingSideMenuCollapsedLangAsInSettingsLingua] Trying to find element: By.xpath: //yt-multi-page-menu-section-renderer[@class='style-scope ytd-multi-page-menu-renderer']//yt-formatted-string[@id='label' and text()='Ελληνικά']
2026-03-12 18:55:56.201 [TestNG-test-Yt Master Tests-2] INFO  [verifyingSideMenuCollapsedLangAsInSettingsLingua] [verifyingSideMenuCollapsedLangAsInSettingsLingua] Element found and ready (attempt 1): By.xpath: //yt-multi-page-menu-section-renderer[@class='style-scope ytd-multi-page-menu-renderer']//yt-formatted-string[@id='label' and text()='Ελληνικά']
2026-03-12 18:55:56.201 [TestNG-test-Yt Master Tests-2] INFO  [verifyingSideMenuCollapsedLangAsInSettingsLingua] [verifyingSideMenuCollapsedLangAsInSettingsLingua] Trying to find element: By.xpath: //yt-multi-page-menu-section-renderer[@class='style-scope ytd-multi-page-menu-renderer']//yt-formatted-string[@id='label' and text()='Ελληνικά']
2026-03-12 18:55:56.410 [TestNG-test-Yt Master Tests-2] INFO  [verifyingSideMenuCollapsedLangAsInSettingsLingua] [verifyingSideMenuCollapsedLangAsInSettingsLingua] Element found and ready (attempt 1): By.xpath: //yt-multi-page-menu-section-renderer[@class='style-scope ytd-multi-page-menu-renderer']//yt-formatted-string[@id='label' and text()='Ελληνικά']
2026-03-12 18:55:58.802 [TestNG-test-Yt Master Tests-2] INFO  [verifyingSideMenuCollapsedLangAsInSettingsLingua] Clicking settings ellipses button...
2026-03-12 18:55:58.984 [TestNG-test-Yt Master Tests-2] INFO  [verifyingSideMenuCollapsedLangAsInSettingsLingua] [verifyingSideMenuCollapsedLangAsInSettingsLingua] Trying to find element: By.xpath: //ytd-topbar-menu-button-renderer[@class='style-scope ytd-masthead style-default']
2026-03-12 18:55:59.135 [TestNG-test-Yt Master Tests-2] INFO  [verifyingSideMenuCollapsedLangAsInSettingsLingua] [verifyingSideMenuCollapsedLangAsInSettingsLingua] Element found and ready (attempt 1): By.xpath: //ytd-topbar-menu-button-renderer[@class='style-scope ytd-masthead style-default']
2026-03-12 18:55:59.624 [TestNG-test-Yt Master Tests-2] INFO  [verifyingSideMenuCollapsedLangAsInSettingsLingua] [verifyingSideMenuCollapsedLangAsInSettingsLingua] Waiting until element is visible in viewport
2026-03-12 18:55:59.658 [TestNG-test-Yt Master Tests-2] INFO  [verifyingSideMenuCollapsedLangAsInSettingsLingua] [verifyingSideMenuCollapsedLangAsInSettingsLingua] Capturing screenshot: Filter Applied is Ελληνικά__2026-03-12_185559.jpg
2026-03-12 18:55:59.977 [TestNG-test-Yt Master Tests-2] INFO  [verifyingSideMenuCollapsedLangAsInSettingsLingua] [verifyingSideMenuCollapsedLangAsInSettingsLingua] Screenshot saved at: test-output/screenshots/Run_2026-03-12_18-35-07/verifyingSideMenuCollapsedLangAsInSettingsLingua/Filter Applied is Ελληνικά__2026-03-12_185559.jpg
2026-03-12 18:55:59.977 [TestNG-test-Yt Master Tests-2] INFO  [verifyingSideMenuCollapsedLangAsInSettingsLingua] Clicking settings ellipses button...
2026-03-12 18:56:00.006 [TestNG-test-Yt Master Tests-2] INFO  [verifyingSideMenuCollapsedLangAsInSettingsLingua] [verifyingSideMenuCollapsedLangAsInSettingsLingua] Trying to find element: By.xpath: //ytd-topbar-menu-button-renderer[@class='style-scope ytd-masthead style-default']
2026-03-12 18:56:00.084 [TestNG-test-Yt Master Tests-2] INFO  [verifyingSideMenuCollapsedLangAsInSettingsLingua] [verifyingSideMenuCollapsedLangAsInSettingsLingua] Element found and ready (attempt 1): By.xpath: //ytd-topbar-menu-button-renderer[@class='style-scope ytd-masthead style-default']
2026-03-12 18:56:00.147 [TestNG-test-Yt Master Tests-2] INFO  [verifyingSideMenuCollapsedLangAsInSettingsLingua] getLangAttribute() - locating <html> and reading lang property
2026-03-12 18:56:00.161 [TestNG-test-Yt Master Tests-2] INFO  [verifyingSideMenuCollapsedLangAsInSettingsLingua] Language attribute read: el-GR
2026-03-12 18:56:00.161 [TestNG-test-Yt Master Tests-2] INFO  [verifyingSideMenuCollapsedLangAsInSettingsLingua] Fetching the side menu in collapsed view
2026-03-12 18:56:00.161 [TestNG-test-Yt Master Tests-2] INFO  [verifyingSideMenuCollapsedLangAsInSettingsLingua] [verifyingSideMenuCollapsedLangAsInSettingsLingua] Finding elements list: By.xpath: //ytd-mini-guide-renderer[@class='style-scope ytd-app']//ytd-mini-guide-entry-renderer
2026-03-12 18:56:00.267 [TestNG-test-Yt Master Tests-2] INFO  [verifyingSideMenuCollapsedLangAsInSettingsLingua] [verifyingSideMenuCollapsedLangAsInSettingsLingua] Found 4 ready elements (attempt 1): By.xpath: //ytd-mini-guide-renderer[@class='style-scope ytd-app']//ytd-mini-guide-entry-renderer
2026-03-12 18:56:00.608 [TestNG-test-Yt Master Tests-2] INFO  [verifyingSideMenuCollapsedLangAsInSettingsLingua] 
========== LANGUAGE DETECTION ==========
Detected Language : GREEK
Input Text        : Αρχική Shorts Εγγραφές Εσείς
========================================
2026-03-12 18:56:00.608 [TestNG-test-Yt Master Tests-2] INFO  [verifyingSideMenuCollapsedLangAsInSettingsLingua] text sent to lingua is       Αρχική Shorts Εγγραφές Εσείς
2026-03-12 18:56:00.608 [TestNG-test-Yt Master Tests-2] INFO  [verifyingSideMenuCollapsedLangAsInSettingsLingua] getLangAttribute() - locating <html> and reading lang property
2026-03-12 18:56:00.620 [TestNG-test-Yt Master Tests-2] INFO  [verifyingSideMenuCollapsedLangAsInSettingsLingua] Language attribute read: el-GR
2026-03-12 18:56:00.620 [TestNG-test-Yt Master Tests-2] INFO  [verifyingSideMenuCollapsedLangAsInSettingsLingua] Clicking settings ellipses button...
2026-03-12 18:56:00.644 [TestNG-test-Yt Master Tests-2] INFO  [verifyingSideMenuCollapsedLangAsInSettingsLingua] [verifyingSideMenuCollapsedLangAsInSettingsLingua] Trying to find element: By.xpath: //ytd-topbar-menu-button-renderer[@class='style-scope ytd-masthead style-default']
2026-03-12 18:56:00.701 [TestNG-test-Yt Master Tests-2] INFO  [verifyingSideMenuCollapsedLangAsInSettingsLingua] [verifyingSideMenuCollapsedLangAsInSettingsLingua] Element found and ready (attempt 1): By.xpath: //ytd-topbar-menu-button-renderer[@class='style-scope ytd-masthead style-default']
2026-03-12 18:56:00.774 [TestNG-test-Yt Master Tests-2] INFO  [verifyingSideMenuCollapsedLangAsInSettingsLingua] Clicking language dropdown...
2026-03-12 18:56:00.774 [TestNG-test-Yt Master Tests-2] INFO  [verifyingSideMenuCollapsedLangAsInSettingsLingua] [verifyingSideMenuCollapsedLangAsInSettingsLingua] Trying to find element: By.xpath: (//div[@id='content-icon'])[2]
2026-03-12 18:56:01.345 [TestNG-test-Yt Master Tests-2] INFO  [verifyingSideMenuCollapsedLangAsInSettingsLingua] [verifyingSideMenuCollapsedLangAsInSettingsLingua] Element found and ready (attempt 1): By.xpath: (//div[@id='content-icon'])[2]
2026-03-12 18:56:01.854 [TestNG-test-Yt Master Tests-2] INFO  [verifyingSideMenuCollapsedLangAsInSettingsLingua] Looking for language element with name: Հայերեն
2026-03-12 18:56:01.854 [TestNG-test-Yt Master Tests-2] INFO  [verifyingSideMenuCollapsedLangAsInSettingsLingua] [verifyingSideMenuCollapsedLangAsInSettingsLingua] Trying to find element: By.xpath: //yt-multi-page-menu-section-renderer[@class='style-scope ytd-multi-page-menu-renderer']//yt-formatted-string[@id='label' and text()='Հայերեն']
2026-03-12 18:56:02.102 [TestNG-test-Yt Master Tests-2] INFO  [verifyingSideMenuCollapsedLangAsInSettingsLingua] [verifyingSideMenuCollapsedLangAsInSettingsLingua] Element found and ready (attempt 1): By.xpath: //yt-multi-page-menu-section-renderer[@class='style-scope ytd-multi-page-menu-renderer']//yt-formatted-string[@id='label' and text()='Հայերեն']
2026-03-12 18:56:02.102 [TestNG-test-Yt Master Tests-2] INFO  [verifyingSideMenuCollapsedLangAsInSettingsLingua] [verifyingSideMenuCollapsedLangAsInSettingsLingua] Trying to find element: By.xpath: //yt-multi-page-menu-section-renderer[@class='style-scope ytd-multi-page-menu-renderer']//yt-formatted-string[@id='label' and text()='Հայերեն']
2026-03-12 18:56:02.193 [TestNG-test-Yt Master Tests-2] INFO  [verifyingSideMenuCollapsedLangAsInSettingsLingua] [verifyingSideMenuCollapsedLangAsInSettingsLingua] Element found and ready (attempt 1): By.xpath: //yt-multi-page-menu-section-renderer[@class='style-scope ytd-multi-page-menu-renderer']//yt-formatted-string[@id='label' and text()='Հայերեն']
2026-03-12 18:56:04.780 [TestNG-test-Yt Master Tests-2] INFO  [verifyingSideMenuCollapsedLangAsInSettingsLingua] Clicking settings ellipses button...
2026-03-12 18:56:05.315 [TestNG-test-Yt Master Tests-2] INFO  [verifyingSideMenuCollapsedLangAsInSettingsLingua] [verifyingSideMenuCollapsedLangAsInSettingsLingua] Trying to find element: By.xpath: //ytd-topbar-menu-button-renderer[@class='style-scope ytd-masthead style-default']
2026-03-12 18:56:05.405 [TestNG-test-Yt Master Tests-2] INFO  [verifyingSideMenuCollapsedLangAsInSettingsLingua] [verifyingSideMenuCollapsedLangAsInSettingsLingua] Element found and ready (attempt 1): By.xpath: //ytd-topbar-menu-button-renderer[@class='style-scope ytd-masthead style-default']
2026-03-12 18:56:05.634 [TestNG-test-Yt Master Tests-2] INFO  [verifyingSideMenuCollapsedLangAsInSettingsLingua] [verifyingSideMenuCollapsedLangAsInSettingsLingua] Waiting until element is visible in viewport
2026-03-12 18:56:05.751 [TestNG-test-Yt Master Tests-2] INFO  [verifyingSideMenuCollapsedLangAsInSettingsLingua] [verifyingSideMenuCollapsedLangAsInSettingsLingua] Capturing screenshot: Filter Applied is Հայերեն__2026-03-12_185605.jpg
2026-03-12 18:56:06.121 [TestNG-test-Yt Master Tests-2] INFO  [verifyingSideMenuCollapsedLangAsInSettingsLingua] [verifyingSideMenuCollapsedLangAsInSettingsLingua] Screenshot saved at: test-output/screenshots/Run_2026-03-12_18-35-07/verifyingSideMenuCollapsedLangAsInSettingsLingua/Filter Applied is Հայերեն__2026-03-12_185605.jpg
2026-03-12 18:56:06.121 [TestNG-test-Yt Master Tests-2] INFO  [verifyingSideMenuCollapsedLangAsInSettingsLingua] Clicking settings ellipses button...
2026-03-12 18:56:06.144 [TestNG-test-Yt Master Tests-2] INFO  [verifyingSideMenuCollapsedLangAsInSettingsLingua] [verifyingSideMenuCollapsedLangAsInSettingsLingua] Trying to find element: By.xpath: //ytd-topbar-menu-button-renderer[@class='style-scope ytd-masthead style-default']
2026-03-12 18:56:06.205 [TestNG-test-Yt Master Tests-2] INFO  [verifyingSideMenuCollapsedLangAsInSettingsLingua] [verifyingSideMenuCollapsedLangAsInSettingsLingua] Element found and ready (attempt 1): By.xpath: //ytd-topbar-menu-button-renderer[@class='style-scope ytd-masthead style-default']
2026-03-12 18:56:06.317 [TestNG-test-Yt Master Tests-2] INFO  [verifyingSideMenuCollapsedLangAsInSettingsLingua] getLangAttribute() - locating <html> and reading lang property
2026-03-12 18:56:06.346 [TestNG-test-Yt Master Tests-2] INFO  [verifyingSideMenuCollapsedLangAsInSettingsLingua] Language attribute read: hy-AM
2026-03-12 18:56:06.346 [TestNG-test-Yt Master Tests-2] INFO  [verifyingSideMenuCollapsedLangAsInSettingsLingua] Fetching the side menu in collapsed view
2026-03-12 18:56:06.346 [TestNG-test-Yt Master Tests-2] INFO  [verifyingSideMenuCollapsedLangAsInSettingsLingua] [verifyingSideMenuCollapsedLangAsInSettingsLingua] Finding elements list: By.xpath: //ytd-mini-guide-renderer[@class='style-scope ytd-app']//ytd-mini-guide-entry-renderer
2026-03-12 18:56:06.430 [TestNG-test-Yt Master Tests-2] INFO  [verifyingSideMenuCollapsedLangAsInSettingsLingua] [verifyingSideMenuCollapsedLangAsInSettingsLingua] Found 4 ready elements (attempt 1): By.xpath: //ytd-mini-guide-renderer[@class='style-scope ytd-app']//ytd-mini-guide-entry-renderer
2026-03-12 18:56:06.554 [TestNG-test-Yt Master Tests-2] INFO  [verifyingSideMenuCollapsedLangAsInSettingsLingua] 
========== LANGUAGE DETECTION ==========
Detected Language : ARMENIAN
Input Text        : Սկիզբ Shorts Հետևում եմ Դուք
========================================
2026-03-12 18:56:06.554 [TestNG-test-Yt Master Tests-2] INFO  [verifyingSideMenuCollapsedLangAsInSettingsLingua] text sent to lingua is       Սկիզբ Shorts Հետևում եմ Դուք
2026-03-12 18:56:06.554 [TestNG-test-Yt Master Tests-2] INFO  [verifyingSideMenuCollapsedLangAsInSettingsLingua] getLangAttribute() - locating <html> and reading lang property
2026-03-12 18:56:06.570 [TestNG-test-Yt Master Tests-2] INFO  [verifyingSideMenuCollapsedLangAsInSettingsLingua] Language attribute read: hy-AM
2026-03-12 18:56:06.570 [TestNG-test-Yt Master Tests-2] INFO  [verifyingSideMenuCollapsedLangAsInSettingsLingua] Clicking settings ellipses button...
2026-03-12 18:56:06.593 [TestNG-test-Yt Master Tests-2] INFO  [verifyingSideMenuCollapsedLangAsInSettingsLingua] [verifyingSideMenuCollapsedLangAsInSettingsLingua] Trying to find element: By.xpath: //ytd-topbar-menu-button-renderer[@class='style-scope ytd-masthead style-default']
2026-03-12 18:56:06.725 [TestNG-test-Yt Master Tests-2] INFO  [verifyingSideMenuCollapsedLangAsInSettingsLingua] [verifyingSideMenuCollapsedLangAsInSettingsLingua] Element found and ready (attempt 1): By.xpath: //ytd-topbar-menu-button-renderer[@class='style-scope ytd-masthead style-default']
2026-03-12 18:56:06.815 [TestNG-test-Yt Master Tests-2] INFO  [verifyingSideMenuCollapsedLangAsInSettingsLingua] Clicking language dropdown...
2026-03-12 18:56:06.815 [TestNG-test-Yt Master Tests-2] INFO  [verifyingSideMenuCollapsedLangAsInSettingsLingua] [verifyingSideMenuCollapsedLangAsInSettingsLingua] Trying to find element: By.xpath: (//div[@id='content-icon'])[2]
2026-03-12 18:56:07.405 [TestNG-test-Yt Master Tests-2] INFO  [verifyingSideMenuCollapsedLangAsInSettingsLingua] [verifyingSideMenuCollapsedLangAsInSettingsLingua] Element found and ready (attempt 1): By.xpath: (//div[@id='content-icon'])[2]
2026-03-12 18:56:07.923 [TestNG-test-Yt Master Tests-2] INFO  [verifyingSideMenuCollapsedLangAsInSettingsLingua] Looking for language element with name: עברית
2026-03-12 18:56:07.923 [TestNG-test-Yt Master Tests-2] INFO  [verifyingSideMenuCollapsedLangAsInSettingsLingua] [verifyingSideMenuCollapsedLangAsInSettingsLingua] Trying to find element: By.xpath: //yt-multi-page-menu-section-renderer[@class='style-scope ytd-multi-page-menu-renderer']//yt-formatted-string[@id='label' and text()='עברית']
2026-03-12 18:56:08.045 [TestNG-test-Yt Master Tests-2] INFO  [verifyingSideMenuCollapsedLangAsInSettingsLingua] [verifyingSideMenuCollapsedLangAsInSettingsLingua] Element found and ready (attempt 1): By.xpath: //yt-multi-page-menu-section-renderer[@class='style-scope ytd-multi-page-menu-renderer']//yt-formatted-string[@id='label' and text()='עברית']
2026-03-12 18:56:08.045 [TestNG-test-Yt Master Tests-2] INFO  [verifyingSideMenuCollapsedLangAsInSettingsLingua] [verifyingSideMenuCollapsedLangAsInSettingsLingua] Trying to find element: By.xpath: //yt-multi-page-menu-section-renderer[@class='style-scope ytd-multi-page-menu-renderer']//yt-formatted-string[@id='label' and text()='עברית']
2026-03-12 18:56:08.135 [TestNG-test-Yt Master Tests-2] INFO  [verifyingSideMenuCollapsedLangAsInSettingsLingua] [verifyingSideMenuCollapsedLangAsInSettingsLingua] Element found and ready (attempt 1): By.xpath: //yt-multi-page-menu-section-renderer[@class='style-scope ytd-multi-page-menu-renderer']//yt-formatted-string[@id='label' and text()='עברית']
2026-03-12 18:56:11.673 [TestNG-test-Yt Master Tests-2] INFO  [verifyingSideMenuCollapsedLangAsInSettingsLingua] Clicking settings ellipses button...
2026-03-12 18:56:11.760 [TestNG-test-Yt Master Tests-2] INFO  [verifyingSideMenuCollapsedLangAsInSettingsLingua] [verifyingSideMenuCollapsedLangAsInSettingsLingua] Trying to find element: By.xpath: //ytd-topbar-menu-button-renderer[@class='style-scope ytd-masthead style-default']
2026-03-12 18:56:11.895 [TestNG-test-Yt Master Tests-2] INFO  [verifyingSideMenuCollapsedLangAsInSettingsLingua] [verifyingSideMenuCollapsedLangAsInSettingsLingua] Element found and ready (attempt 1): By.xpath: //ytd-topbar-menu-button-renderer[@class='style-scope ytd-masthead style-default']
2026-03-12 18:56:12.284 [TestNG-test-Yt Master Tests-2] INFO  [verifyingSideMenuCollapsedLangAsInSettingsLingua] [verifyingSideMenuCollapsedLangAsInSettingsLingua] Waiting until element is visible in viewport
2026-03-12 18:56:12.338 [TestNG-test-Yt Master Tests-2] INFO  [verifyingSideMenuCollapsedLangAsInSettingsLingua] [verifyingSideMenuCollapsedLangAsInSettingsLingua] Capturing screenshot: Filter Applied is עברית__2026-03-12_185612.jpg
2026-03-12 18:56:12.709 [TestNG-test-Yt Master Tests-2] INFO  [verifyingSideMenuCollapsedLangAsInSettingsLingua] [verifyingSideMenuCollapsedLangAsInSettingsLingua] Screenshot saved at: test-output/screenshots/Run_2026-03-12_18-35-07/verifyingSideMenuCollapsedLangAsInSettingsLingua/Filter Applied is עברית__2026-03-12_185612.jpg
2026-03-12 18:56:12.709 [TestNG-test-Yt Master Tests-2] INFO  [verifyingSideMenuCollapsedLangAsInSettingsLingua] Clicking settings ellipses button...
2026-03-12 18:56:12.736 [TestNG-test-Yt Master Tests-2] INFO  [verifyingSideMenuCollapsedLangAsInSettingsLingua] [verifyingSideMenuCollapsedLangAsInSettingsLingua] Trying to find element: By.xpath: //ytd-topbar-menu-button-renderer[@class='style-scope ytd-masthead style-default']
2026-03-12 18:56:12.805 [TestNG-test-Yt Master Tests-2] INFO  [verifyingSideMenuCollapsedLangAsInSettingsLingua] [verifyingSideMenuCollapsedLangAsInSettingsLingua] Element found and ready (attempt 1): By.xpath: //ytd-topbar-menu-button-renderer[@class='style-scope ytd-masthead style-default']
2026-03-12 18:56:12.899 [TestNG-test-Yt Master Tests-2] INFO  [verifyingSideMenuCollapsedLangAsInSettingsLingua] getLangAttribute() - locating <html> and reading lang property
2026-03-12 18:56:12.935 [TestNG-test-Yt Master Tests-2] INFO  [verifyingSideMenuCollapsedLangAsInSettingsLingua] Language attribute read: he-IL
2026-03-12 18:56:12.935 [TestNG-test-Yt Master Tests-2] INFO  [verifyingSideMenuCollapsedLangAsInSettingsLingua] Fetching the side menu in collapsed view
2026-03-12 18:56:12.935 [TestNG-test-Yt Master Tests-2] INFO  [verifyingSideMenuCollapsedLangAsInSettingsLingua] [verifyingSideMenuCollapsedLangAsInSettingsLingua] Finding elements list: By.xpath: //ytd-mini-guide-renderer[@class='style-scope ytd-app']//ytd-mini-guide-entry-renderer
2026-03-12 18:56:13.032 [TestNG-test-Yt Master Tests-2] INFO  [verifyingSideMenuCollapsedLangAsInSettingsLingua] [verifyingSideMenuCollapsedLangAsInSettingsLingua] Found 4 ready elements (attempt 1): By.xpath: //ytd-mini-guide-renderer[@class='style-scope ytd-app']//ytd-mini-guide-entry-renderer
2026-03-12 18:56:13.135 [TestNG-test-Yt Master Tests-2] INFO  [verifyingSideMenuCollapsedLangAsInSettingsLingua] 
========== LANGUAGE DETECTION ==========
Detected Language : HEBREW
Input Text        : דף הבית Shorts מינויים הדף שלי
========================================
2026-03-12 18:56:13.135 [TestNG-test-Yt Master Tests-2] INFO  [verifyingSideMenuCollapsedLangAsInSettingsLingua] text sent to lingua is       דף הבית Shorts מינויים הדף שלי
2026-03-12 18:56:13.135 [TestNG-test-Yt Master Tests-2] INFO  [verifyingSideMenuCollapsedLangAsInSettingsLingua] getLangAttribute() - locating <html> and reading lang property
2026-03-12 18:56:13.153 [TestNG-test-Yt Master Tests-2] INFO  [verifyingSideMenuCollapsedLangAsInSettingsLingua] Language attribute read: he-IL
2026-03-12 18:56:13.153 [TestNG-test-Yt Master Tests-2] INFO  [verifyingSideMenuCollapsedLangAsInSettingsLingua] Clicking settings ellipses button...
2026-03-12 18:56:13.224 [TestNG-test-Yt Master Tests-2] INFO  [verifyingSideMenuCollapsedLangAsInSettingsLingua] [verifyingSideMenuCollapsedLangAsInSettingsLingua] Trying to find element: By.xpath: //ytd-topbar-menu-button-renderer[@class='style-scope ytd-masthead style-default']
2026-03-12 18:56:13.304 [TestNG-test-Yt Master Tests-2] INFO  [verifyingSideMenuCollapsedLangAsInSettingsLingua] [verifyingSideMenuCollapsedLangAsInSettingsLingua] Element found and ready (attempt 1): By.xpath: //ytd-topbar-menu-button-renderer[@class='style-scope ytd-masthead style-default']
2026-03-12 18:56:13.392 [TestNG-test-Yt Master Tests-2] INFO  [verifyingSideMenuCollapsedLangAsInSettingsLingua] Clicking language dropdown...
2026-03-12 18:56:13.392 [TestNG-test-Yt Master Tests-2] INFO  [verifyingSideMenuCollapsedLangAsInSettingsLingua] [verifyingSideMenuCollapsedLangAsInSettingsLingua] Trying to find element: By.xpath: (//div[@id='content-icon'])[2]
2026-03-12 18:56:13.969 [TestNG-test-Yt Master Tests-2] INFO  [verifyingSideMenuCollapsedLangAsInSettingsLingua] [verifyingSideMenuCollapsedLangAsInSettingsLingua] Element found and ready (attempt 1): By.xpath: (//div[@id='content-icon'])[2]
2026-03-12 18:56:14.519 [TestNG-test-Yt Master Tests-2] INFO  [verifyingSideMenuCollapsedLangAsInSettingsLingua] Looking for language element with name: العربية
2026-03-12 18:56:14.519 [TestNG-test-Yt Master Tests-2] INFO  [verifyingSideMenuCollapsedLangAsInSettingsLingua] [verifyingSideMenuCollapsedLangAsInSettingsLingua] Trying to find element: By.xpath: //yt-multi-page-menu-section-renderer[@class='style-scope ytd-multi-page-menu-renderer']//yt-formatted-string[@id='label' and text()='العربية']
2026-03-12 18:56:14.651 [TestNG-test-Yt Master Tests-2] INFO  [verifyingSideMenuCollapsedLangAsInSettingsLingua] [verifyingSideMenuCollapsedLangAsInSettingsLingua] Element found and ready (attempt 1): By.xpath: //yt-multi-page-menu-section-renderer[@class='style-scope ytd-multi-page-menu-renderer']//yt-formatted-string[@id='label' and text()='العربية']
2026-03-12 18:56:14.651 [TestNG-test-Yt Master Tests-2] INFO  [verifyingSideMenuCollapsedLangAsInSettingsLingua] [verifyingSideMenuCollapsedLangAsInSettingsLingua] Trying to find element: By.xpath: //yt-multi-page-menu-section-renderer[@class='style-scope ytd-multi-page-menu-renderer']//yt-formatted-string[@id='label' and text()='العربية']
2026-03-12 18:56:14.733 [TestNG-test-Yt Master Tests-2] INFO  [verifyingSideMenuCollapsedLangAsInSettingsLingua] [verifyingSideMenuCollapsedLangAsInSettingsLingua] Element found and ready (attempt 1): By.xpath: //yt-multi-page-menu-section-renderer[@class='style-scope ytd-multi-page-menu-renderer']//yt-formatted-string[@id='label' and text()='العربية']
2026-03-12 18:56:17.036 [TestNG-test-Yt Master Tests-2] INFO  [verifyingSideMenuCollapsedLangAsInSettingsLingua] Clicking settings ellipses button...
2026-03-12 18:56:17.379 [TestNG-test-Yt Master Tests-2] INFO  [verifyingSideMenuCollapsedLangAsInSettingsLingua] [verifyingSideMenuCollapsedLangAsInSettingsLingua] Trying to find element: By.xpath: //ytd-topbar-menu-button-renderer[@class='style-scope ytd-masthead style-default']
2026-03-12 18:56:17.724 [TestNG-test-Yt Master Tests-2] INFO  [verifyingSideMenuCollapsedLangAsInSettingsLingua] [verifyingSideMenuCollapsedLangAsInSettingsLingua] Element found and ready (attempt 1): By.xpath: //ytd-topbar-menu-button-renderer[@class='style-scope ytd-masthead style-default']
2026-03-12 18:56:18.434 [TestNG-test-Yt Master Tests-2] INFO  [verifyingSideMenuCollapsedLangAsInSettingsLingua] [verifyingSideMenuCollapsedLangAsInSettingsLingua] Waiting until element is visible in viewport
2026-03-12 18:56:18.572 [TestNG-test-Yt Master Tests-2] INFO  [verifyingSideMenuCollapsedLangAsInSettingsLingua] [verifyingSideMenuCollapsedLangAsInSettingsLingua] Capturing screenshot: Filter Applied is العربية__2026-03-12_185618.jpg
2026-03-12 18:56:18.910 [TestNG-test-Yt Master Tests-2] INFO  [verifyingSideMenuCollapsedLangAsInSettingsLingua] [verifyingSideMenuCollapsedLangAsInSettingsLingua] Screenshot saved at: test-output/screenshots/Run_2026-03-12_18-35-07/verifyingSideMenuCollapsedLangAsInSettingsLingua/Filter Applied is العربية__2026-03-12_185618.jpg
2026-03-12 18:56:18.910 [TestNG-test-Yt Master Tests-2] INFO  [verifyingSideMenuCollapsedLangAsInSettingsLingua] Clicking settings ellipses button...
2026-03-12 18:56:18.933 [TestNG-test-Yt Master Tests-2] INFO  [verifyingSideMenuCollapsedLangAsInSettingsLingua] [verifyingSideMenuCollapsedLangAsInSettingsLingua] Trying to find element: By.xpath: //ytd-topbar-menu-button-renderer[@class='style-scope ytd-masthead style-default']
2026-03-12 18:56:19.002 [TestNG-test-Yt Master Tests-2] INFO  [verifyingSideMenuCollapsedLangAsInSettingsLingua] [verifyingSideMenuCollapsedLangAsInSettingsLingua] Element found and ready (attempt 1): By.xpath: //ytd-topbar-menu-button-renderer[@class='style-scope ytd-masthead style-default']
2026-03-12 18:56:19.097 [TestNG-test-Yt Master Tests-2] INFO  [verifyingSideMenuCollapsedLangAsInSettingsLingua] getLangAttribute() - locating <html> and reading lang property
2026-03-12 18:56:19.255 [TestNG-test-Yt Master Tests-2] INFO  [verifyingSideMenuCollapsedLangAsInSettingsLingua] Language attribute read: ar
2026-03-12 18:56:19.255 [TestNG-test-Yt Master Tests-2] INFO  [verifyingSideMenuCollapsedLangAsInSettingsLingua] Fetching the side menu in collapsed view
2026-03-12 18:56:19.255 [TestNG-test-Yt Master Tests-2] INFO  [verifyingSideMenuCollapsedLangAsInSettingsLingua] [verifyingSideMenuCollapsedLangAsInSettingsLingua] Finding elements list: By.xpath: //ytd-mini-guide-renderer[@class='style-scope ytd-app']//ytd-mini-guide-entry-renderer
2026-03-12 18:56:19.333 [TestNG-test-Yt Master Tests-2] INFO  [verifyingSideMenuCollapsedLangAsInSettingsLingua] [verifyingSideMenuCollapsedLangAsInSettingsLingua] Found 4 ready elements (attempt 1): By.xpath: //ytd-mini-guide-renderer[@class='style-scope ytd-app']//ytd-mini-guide-entry-renderer
2026-03-12 18:56:19.832 [TestNG-test-Yt Master Tests-2] INFO  [verifyingSideMenuCollapsedLangAsInSettingsLingua] 
========== LANGUAGE DETECTION ==========
Detected Language : ARABIC
Input Text        : الصفحة الرئيسية Shorts الاشتراكات أنت
========================================
2026-03-12 18:56:19.832 [TestNG-test-Yt Master Tests-2] INFO  [verifyingSideMenuCollapsedLangAsInSettingsLingua] text sent to lingua is       الصفحة الرئيسية Shorts الاشتراكات أنت
2026-03-12 18:56:19.832 [TestNG-test-Yt Master Tests-2] INFO  [verifyingSideMenuCollapsedLangAsInSettingsLingua] getLangAttribute() - locating <html> and reading lang property
2026-03-12 18:56:19.844 [TestNG-test-Yt Master Tests-2] INFO  [verifyingSideMenuCollapsedLangAsInSettingsLingua] Language attribute read: ar
2026-03-12 18:56:19.844 [TestNG-test-Yt Master Tests-2] INFO  [verifyingSideMenuCollapsedLangAsInSettingsLingua] Clicking settings ellipses button...
2026-03-12 18:56:19.866 [TestNG-test-Yt Master Tests-2] INFO  [verifyingSideMenuCollapsedLangAsInSettingsLingua] [verifyingSideMenuCollapsedLangAsInSettingsLingua] Trying to find element: By.xpath: //ytd-topbar-menu-button-renderer[@class='style-scope ytd-masthead style-default']
2026-03-12 18:56:19.923 [TestNG-test-Yt Master Tests-2] INFO  [verifyingSideMenuCollapsedLangAsInSettingsLingua] [verifyingSideMenuCollapsedLangAsInSettingsLingua] Element found and ready (attempt 1): By.xpath: //ytd-topbar-menu-button-renderer[@class='style-scope ytd-masthead style-default']
2026-03-12 18:56:20.000 [TestNG-test-Yt Master Tests-2] INFO  [verifyingSideMenuCollapsedLangAsInSettingsLingua] Clicking language dropdown...
2026-03-12 18:56:20.000 [TestNG-test-Yt Master Tests-2] INFO  [verifyingSideMenuCollapsedLangAsInSettingsLingua] [verifyingSideMenuCollapsedLangAsInSettingsLingua] Trying to find element: By.xpath: (//div[@id='content-icon'])[2]
2026-03-12 18:56:20.594 [TestNG-test-Yt Master Tests-2] INFO  [verifyingSideMenuCollapsedLangAsInSettingsLingua] [verifyingSideMenuCollapsedLangAsInSettingsLingua] Element found and ready (attempt 1): By.xpath: (//div[@id='content-icon'])[2]
2026-03-12 18:56:21.105 [TestNG-test-Yt Master Tests-2] INFO  [verifyingSideMenuCollapsedLangAsInSettingsLingua] Looking for language element with name: فارسی
2026-03-12 18:56:21.105 [TestNG-test-Yt Master Tests-2] INFO  [verifyingSideMenuCollapsedLangAsInSettingsLingua] [verifyingSideMenuCollapsedLangAsInSettingsLingua] Trying to find element: By.xpath: //yt-multi-page-menu-section-renderer[@class='style-scope ytd-multi-page-menu-renderer']//yt-formatted-string[@id='label' and text()='فارسی']
2026-03-12 18:56:21.242 [TestNG-test-Yt Master Tests-2] INFO  [verifyingSideMenuCollapsedLangAsInSettingsLingua] [verifyingSideMenuCollapsedLangAsInSettingsLingua] Element found and ready (attempt 1): By.xpath: //yt-multi-page-menu-section-renderer[@class='style-scope ytd-multi-page-menu-renderer']//yt-formatted-string[@id='label' and text()='فارسی']
2026-03-12 18:56:21.242 [TestNG-test-Yt Master Tests-2] INFO  [verifyingSideMenuCollapsedLangAsInSettingsLingua] [verifyingSideMenuCollapsedLangAsInSettingsLingua] Trying to find element: By.xpath: //yt-multi-page-menu-section-renderer[@class='style-scope ytd-multi-page-menu-renderer']//yt-formatted-string[@id='label' and text()='فارسی']
2026-03-12 18:56:21.310 [TestNG-test-Yt Master Tests-2] INFO  [verifyingSideMenuCollapsedLangAsInSettingsLingua] [verifyingSideMenuCollapsedLangAsInSettingsLingua] Element found and ready (attempt 1): By.xpath: //yt-multi-page-menu-section-renderer[@class='style-scope ytd-multi-page-menu-renderer']//yt-formatted-string[@id='label' and text()='فارسی']
2026-03-12 18:56:23.384 [TestNG-test-Yt Master Tests-2] INFO  [verifyingSideMenuCollapsedLangAsInSettingsLingua] Clicking settings ellipses button...
2026-03-12 18:56:24.018 [TestNG-test-Yt Master Tests-2] INFO  [verifyingSideMenuCollapsedLangAsInSettingsLingua] [verifyingSideMenuCollapsedLangAsInSettingsLingua] Trying to find element: By.xpath: //ytd-topbar-menu-button-renderer[@class='style-scope ytd-masthead style-default']
2026-03-12 18:56:24.075 [TestNG-test-Yt Master Tests-2] INFO  [verifyingSideMenuCollapsedLangAsInSettingsLingua] [verifyingSideMenuCollapsedLangAsInSettingsLingua] Element found and ready (attempt 1): By.xpath: //ytd-topbar-menu-button-renderer[@class='style-scope ytd-masthead style-default']
2026-03-12 18:56:24.411 [TestNG-test-Yt Master Tests-2] INFO  [verifyingSideMenuCollapsedLangAsInSettingsLingua] [verifyingSideMenuCollapsedLangAsInSettingsLingua] Waiting until element is visible in viewport
2026-03-12 18:56:24.467 [TestNG-test-Yt Master Tests-2] INFO  [verifyingSideMenuCollapsedLangAsInSettingsLingua] [verifyingSideMenuCollapsedLangAsInSettingsLingua] Capturing screenshot: Filter Applied is فارسی__2026-03-12_185624.jpg
2026-03-12 18:56:24.869 [TestNG-test-Yt Master Tests-2] INFO  [verifyingSideMenuCollapsedLangAsInSettingsLingua] [verifyingSideMenuCollapsedLangAsInSettingsLingua] Screenshot saved at: test-output/screenshots/Run_2026-03-12_18-35-07/verifyingSideMenuCollapsedLangAsInSettingsLingua/Filter Applied is فارسی__2026-03-12_185624.jpg
2026-03-12 18:56:24.869 [TestNG-test-Yt Master Tests-2] INFO  [verifyingSideMenuCollapsedLangAsInSettingsLingua] Clicking settings ellipses button...
2026-03-12 18:56:24.894 [TestNG-test-Yt Master Tests-2] INFO  [verifyingSideMenuCollapsedLangAsInSettingsLingua] [verifyingSideMenuCollapsedLangAsInSettingsLingua] Trying to find element: By.xpath: //ytd-topbar-menu-button-renderer[@class='style-scope ytd-masthead style-default']
2026-03-12 18:56:24.974 [TestNG-test-Yt Master Tests-2] INFO  [verifyingSideMenuCollapsedLangAsInSettingsLingua] [verifyingSideMenuCollapsedLangAsInSettingsLingua] Element found and ready (attempt 1): By.xpath: //ytd-topbar-menu-button-renderer[@class='style-scope ytd-masthead style-default']
2026-03-12 18:56:25.067 [TestNG-test-Yt Master Tests-2] INFO  [verifyingSideMenuCollapsedLangAsInSettingsLingua] getLangAttribute() - locating <html> and reading lang property
2026-03-12 18:56:25.511 [TestNG-test-Yt Master Tests-2] INFO  [verifyingSideMenuCollapsedLangAsInSettingsLingua] Language attribute read: fa-IR
2026-03-12 18:56:25.511 [TestNG-test-Yt Master Tests-2] INFO  [verifyingSideMenuCollapsedLangAsInSettingsLingua] Fetching the side menu in collapsed view
2026-03-12 18:56:25.511 [TestNG-test-Yt Master Tests-2] INFO  [verifyingSideMenuCollapsedLangAsInSettingsLingua] [verifyingSideMenuCollapsedLangAsInSettingsLingua] Finding elements list: By.xpath: //ytd-mini-guide-renderer[@class='style-scope ytd-app']//ytd-mini-guide-entry-renderer
2026-03-12 18:56:25.585 [TestNG-test-Yt Master Tests-2] INFO  [verifyingSideMenuCollapsedLangAsInSettingsLingua] [verifyingSideMenuCollapsedLangAsInSettingsLingua] Found 4 ready elements (attempt 1): By.xpath: //ytd-mini-guide-renderer[@class='style-scope ytd-app']//ytd-mini-guide-entry-renderer
2026-03-12 18:56:25.736 [TestNG-test-Yt Master Tests-2] INFO  [verifyingSideMenuCollapsedLangAsInSettingsLingua] 
========== LANGUAGE DETECTION ==========
Detected Language : PERSIAN
Input Text        : صفحه اصلی کوته‌ویدیوهای YouTube اشتراک‌ها شما
========================================
2026-03-12 18:56:25.736 [TestNG-test-Yt Master Tests-2] INFO  [verifyingSideMenuCollapsedLangAsInSettingsLingua] text sent to lingua is       صفحه اصلی کوته‌ویدیوهای YouTube اشتراک‌ها شما
2026-03-12 18:56:25.737 [TestNG-test-Yt Master Tests-2] INFO  [verifyingSideMenuCollapsedLangAsInSettingsLingua] getLangAttribute() - locating <html> and reading lang property
2026-03-12 18:56:25.750 [TestNG-test-Yt Master Tests-2] INFO  [verifyingSideMenuCollapsedLangAsInSettingsLingua] Language attribute read: fa-IR
2026-03-12 18:56:25.750 [TestNG-test-Yt Master Tests-2] INFO  [verifyingSideMenuCollapsedLangAsInSettingsLingua] Clicking settings ellipses button...
2026-03-12 18:56:25.773 [TestNG-test-Yt Master Tests-2] INFO  [verifyingSideMenuCollapsedLangAsInSettingsLingua] [verifyingSideMenuCollapsedLangAsInSettingsLingua] Trying to find element: By.xpath: //ytd-topbar-menu-button-renderer[@class='style-scope ytd-masthead style-default']
2026-03-12 18:56:25.841 [TestNG-test-Yt Master Tests-2] INFO  [verifyingSideMenuCollapsedLangAsInSettingsLingua] [verifyingSideMenuCollapsedLangAsInSettingsLingua] Element found and ready (attempt 1): By.xpath: //ytd-topbar-menu-button-renderer[@class='style-scope ytd-masthead style-default']
2026-03-12 18:56:26.097 [TestNG-test-Yt Master Tests-2] INFO  [verifyingSideMenuCollapsedLangAsInSettingsLingua] Clicking language dropdown...
2026-03-12 18:56:26.097 [TestNG-test-Yt Master Tests-2] INFO  [verifyingSideMenuCollapsedLangAsInSettingsLingua] [verifyingSideMenuCollapsedLangAsInSettingsLingua] Trying to find element: By.xpath: (//div[@id='content-icon'])[2]
2026-03-12 18:56:26.472 [TestNG-test-Yt Master Tests-2] INFO  [verifyingSideMenuCollapsedLangAsInSettingsLingua] [verifyingSideMenuCollapsedLangAsInSettingsLingua] Element found and ready (attempt 1): By.xpath: (//div[@id='content-icon'])[2]
2026-03-12 18:56:26.996 [TestNG-test-Yt Master Tests-2] INFO  [verifyingSideMenuCollapsedLangAsInSettingsLingua] Looking for language element with name: हिन्दी
2026-03-12 18:56:26.996 [TestNG-test-Yt Master Tests-2] INFO  [verifyingSideMenuCollapsedLangAsInSettingsLingua] [verifyingSideMenuCollapsedLangAsInSettingsLingua] Trying to find element: By.xpath: //yt-multi-page-menu-section-renderer[@class='style-scope ytd-multi-page-menu-renderer']//yt-formatted-string[@id='label' and text()='हिन्दी']
2026-03-12 18:56:27.125 [TestNG-test-Yt Master Tests-2] INFO  [verifyingSideMenuCollapsedLangAsInSettingsLingua] [verifyingSideMenuCollapsedLangAsInSettingsLingua] Element found and ready (attempt 1): By.xpath: //yt-multi-page-menu-section-renderer[@class='style-scope ytd-multi-page-menu-renderer']//yt-formatted-string[@id='label' and text()='हिन्दी']
2026-03-12 18:56:27.125 [TestNG-test-Yt Master Tests-2] INFO  [verifyingSideMenuCollapsedLangAsInSettingsLingua] [verifyingSideMenuCollapsedLangAsInSettingsLingua] Trying to find element: By.xpath: //yt-multi-page-menu-section-renderer[@class='style-scope ytd-multi-page-menu-renderer']//yt-formatted-string[@id='label' and text()='हिन्दी']
2026-03-12 18:56:27.200 [TestNG-test-Yt Master Tests-2] INFO  [verifyingSideMenuCollapsedLangAsInSettingsLingua] [verifyingSideMenuCollapsedLangAsInSettingsLingua] Element found and ready (attempt 1): By.xpath: //yt-multi-page-menu-section-renderer[@class='style-scope ytd-multi-page-menu-renderer']//yt-formatted-string[@id='label' and text()='हिन्दी']
2026-03-12 18:56:29.939 [TestNG-test-Yt Master Tests-2] INFO  [verifyingSideMenuCollapsedLangAsInSettingsLingua] Clicking settings ellipses button...
2026-03-12 18:56:29.974 [TestNG-test-Yt Master Tests-2] INFO  [verifyingSideMenuCollapsedLangAsInSettingsLingua] [verifyingSideMenuCollapsedLangAsInSettingsLingua] Trying to find element: By.xpath: //ytd-topbar-menu-button-renderer[@class='style-scope ytd-masthead style-default']
2026-03-12 18:56:30.083 [TestNG-test-Yt Master Tests-2] INFO  [verifyingSideMenuCollapsedLangAsInSettingsLingua] [verifyingSideMenuCollapsedLangAsInSettingsLingua] Element found and ready (attempt 1): By.xpath: //ytd-topbar-menu-button-renderer[@class='style-scope ytd-masthead style-default']
2026-03-12 18:56:30.307 [TestNG-test-Yt Master Tests-2] INFO  [verifyingSideMenuCollapsedLangAsInSettingsLingua] [verifyingSideMenuCollapsedLangAsInSettingsLingua] Waiting until element is visible in viewport
2026-03-12 18:56:30.489 [TestNG-test-Yt Master Tests-2] INFO  [verifyingSideMenuCollapsedLangAsInSettingsLingua] [verifyingSideMenuCollapsedLangAsInSettingsLingua] Capturing screenshot: Filter Applied is हिन्दी__2026-03-12_185630.jpg
2026-03-12 18:56:31.061 [TestNG-test-Yt Master Tests-2] INFO  [verifyingSideMenuCollapsedLangAsInSettingsLingua] [verifyingSideMenuCollapsedLangAsInSettingsLingua] Screenshot saved at: test-output/screenshots/Run_2026-03-12_18-35-07/verifyingSideMenuCollapsedLangAsInSettingsLingua/Filter Applied is हिन्दी__2026-03-12_185630.jpg
2026-03-12 18:56:31.061 [TestNG-test-Yt Master Tests-2] INFO  [verifyingSideMenuCollapsedLangAsInSettingsLingua] Clicking settings ellipses button...
2026-03-12 18:56:31.093 [TestNG-test-Yt Master Tests-2] INFO  [verifyingSideMenuCollapsedLangAsInSettingsLingua] [verifyingSideMenuCollapsedLangAsInSettingsLingua] Trying to find element: By.xpath: //ytd-topbar-menu-button-renderer[@class='style-scope ytd-masthead style-default']
2026-03-12 18:56:31.159 [TestNG-test-Yt Master Tests-2] INFO  [verifyingSideMenuCollapsedLangAsInSettingsLingua] [verifyingSideMenuCollapsedLangAsInSettingsLingua] Element found and ready (attempt 1): By.xpath: //ytd-topbar-menu-button-renderer[@class='style-scope ytd-masthead style-default']
2026-03-12 18:56:31.222 [TestNG-test-Yt Master Tests-2] INFO  [verifyingSideMenuCollapsedLangAsInSettingsLingua] getLangAttribute() - locating <html> and reading lang property
2026-03-12 18:56:31.931 [TestNG-test-Yt Master Tests-2] INFO  [verifyingSideMenuCollapsedLangAsInSettingsLingua] Language attribute read: hi-IN
2026-03-12 18:56:31.931 [TestNG-test-Yt Master Tests-2] INFO  [verifyingSideMenuCollapsedLangAsInSettingsLingua] Fetching the side menu in collapsed view
2026-03-12 18:56:31.931 [TestNG-test-Yt Master Tests-2] INFO  [verifyingSideMenuCollapsedLangAsInSettingsLingua] [verifyingSideMenuCollapsedLangAsInSettingsLingua] Finding elements list: By.xpath: //ytd-mini-guide-renderer[@class='style-scope ytd-app']//ytd-mini-guide-entry-renderer
2026-03-12 18:56:32.105 [TestNG-test-Yt Master Tests-2] INFO  [verifyingSideMenuCollapsedLangAsInSettingsLingua] [verifyingSideMenuCollapsedLangAsInSettingsLingua] Found 4 ready elements (attempt 1): By.xpath: //ytd-mini-guide-renderer[@class='style-scope ytd-app']//ytd-mini-guide-entry-renderer
2026-03-12 18:56:32.204 [TestNG-test-Yt Master Tests-2] INFO  [verifyingSideMenuCollapsedLangAsInSettingsLingua] 
========== LANGUAGE DETECTION ==========
Detected Language : HINDI
Input Text        : होम पेज Shorts सदस्यता आप
========================================
2026-03-12 18:56:32.204 [TestNG-test-Yt Master Tests-2] INFO  [verifyingSideMenuCollapsedLangAsInSettingsLingua] text sent to lingua is       होम पेज Shorts सदस्यता आप
2026-03-12 18:56:32.204 [TestNG-test-Yt Master Tests-2] INFO  [verifyingSideMenuCollapsedLangAsInSettingsLingua] getLangAttribute() - locating <html> and reading lang property
2026-03-12 18:56:32.218 [TestNG-test-Yt Master Tests-2] INFO  [verifyingSideMenuCollapsedLangAsInSettingsLingua] Language attribute read: hi-IN
2026-03-12 18:56:32.218 [TestNG-test-Yt Master Tests-2] INFO  [verifyingSideMenuCollapsedLangAsInSettingsLingua] Clicking settings ellipses button...
2026-03-12 18:56:32.241 [TestNG-test-Yt Master Tests-2] INFO  [verifyingSideMenuCollapsedLangAsInSettingsLingua] [verifyingSideMenuCollapsedLangAsInSettingsLingua] Trying to find element: By.xpath: //ytd-topbar-menu-button-renderer[@class='style-scope ytd-masthead style-default']
2026-03-12 18:56:32.465 [TestNG-test-Yt Master Tests-2] INFO  [verifyingSideMenuCollapsedLangAsInSettingsLingua] [verifyingSideMenuCollapsedLangAsInSettingsLingua] Element found and ready (attempt 1): By.xpath: //ytd-topbar-menu-button-renderer[@class='style-scope ytd-masthead style-default']
2026-03-12 18:56:33.346 [TestNG-test-Yt Master Tests-2] INFO  [verifyingSideMenuCollapsedLangAsInSettingsLingua] Clicking language dropdown...
2026-03-12 18:56:33.346 [TestNG-test-Yt Master Tests-2] INFO  [verifyingSideMenuCollapsedLangAsInSettingsLingua] [verifyingSideMenuCollapsedLangAsInSettingsLingua] Trying to find element: By.xpath: (//div[@id='content-icon'])[2]
2026-03-12 18:56:33.445 [TestNG-test-Yt Master Tests-2] INFO  [verifyingSideMenuCollapsedLangAsInSettingsLingua] [verifyingSideMenuCollapsedLangAsInSettingsLingua] Element found and ready (attempt 1): By.xpath: (//div[@id='content-icon'])[2]
2026-03-12 18:56:34.076 [TestNG-test-Yt Master Tests-2] INFO  [verifyingSideMenuCollapsedLangAsInSettingsLingua] Looking for language element with name: বাংলা
2026-03-12 18:56:34.076 [TestNG-test-Yt Master Tests-2] INFO  [verifyingSideMenuCollapsedLangAsInSettingsLingua] [verifyingSideMenuCollapsedLangAsInSettingsLingua] Trying to find element: By.xpath: //yt-multi-page-menu-section-renderer[@class='style-scope ytd-multi-page-menu-renderer']//yt-formatted-string[@id='label' and text()='বাংলা']
2026-03-12 18:56:34.235 [TestNG-test-Yt Master Tests-2] INFO  [verifyingSideMenuCollapsedLangAsInSettingsLingua] [verifyingSideMenuCollapsedLangAsInSettingsLingua] Element found and ready (attempt 1): By.xpath: //yt-multi-page-menu-section-renderer[@class='style-scope ytd-multi-page-menu-renderer']//yt-formatted-string[@id='label' and text()='বাংলা']
2026-03-12 18:56:34.235 [TestNG-test-Yt Master Tests-2] INFO  [verifyingSideMenuCollapsedLangAsInSettingsLingua] [verifyingSideMenuCollapsedLangAsInSettingsLingua] Trying to find element: By.xpath: //yt-multi-page-menu-section-renderer[@class='style-scope ytd-multi-page-menu-renderer']//yt-formatted-string[@id='label' and text()='বাংলা']
2026-03-12 18:56:34.299 [TestNG-test-Yt Master Tests-2] INFO  [verifyingSideMenuCollapsedLangAsInSettingsLingua] [verifyingSideMenuCollapsedLangAsInSettingsLingua] Element found and ready (attempt 1): By.xpath: //yt-multi-page-menu-section-renderer[@class='style-scope ytd-multi-page-menu-renderer']//yt-formatted-string[@id='label' and text()='বাংলা']
2026-03-12 18:56:36.636 [TestNG-test-Yt Master Tests-2] INFO  [verifyingSideMenuCollapsedLangAsInSettingsLingua] Clicking settings ellipses button...
2026-03-12 18:56:36.747 [TestNG-test-Yt Master Tests-2] INFO  [verifyingSideMenuCollapsedLangAsInSettingsLingua] [verifyingSideMenuCollapsedLangAsInSettingsLingua] Trying to find element: By.xpath: //ytd-topbar-menu-button-renderer[@class='style-scope ytd-masthead style-default']
2026-03-12 18:56:37.057 [TestNG-test-Yt Master Tests-2] INFO  [verifyingSideMenuCollapsedLangAsInSettingsLingua] [verifyingSideMenuCollapsedLangAsInSettingsLingua] Element found and ready (attempt 1): By.xpath: //ytd-topbar-menu-button-renderer[@class='style-scope ytd-masthead style-default']
2026-03-12 18:56:37.385 [TestNG-test-Yt Master Tests-2] INFO  [verifyingSideMenuCollapsedLangAsInSettingsLingua] [verifyingSideMenuCollapsedLangAsInSettingsLingua] Waiting until element is visible in viewport
2026-03-12 18:56:37.413 [TestNG-test-Yt Master Tests-2] INFO  [verifyingSideMenuCollapsedLangAsInSettingsLingua] [verifyingSideMenuCollapsedLangAsInSettingsLingua] Capturing screenshot: Filter Applied is বাংলা__2026-03-12_185637.jpg
2026-03-12 18:56:37.697 [TestNG-test-Yt Master Tests-2] INFO  [verifyingSideMenuCollapsedLangAsInSettingsLingua] [verifyingSideMenuCollapsedLangAsInSettingsLingua] Screenshot saved at: test-output/screenshots/Run_2026-03-12_18-35-07/verifyingSideMenuCollapsedLangAsInSettingsLingua/Filter Applied is বাংলা__2026-03-12_185637.jpg
2026-03-12 18:56:37.697 [TestNG-test-Yt Master Tests-2] INFO  [verifyingSideMenuCollapsedLangAsInSettingsLingua] Clicking settings ellipses button...
2026-03-12 18:56:37.723 [TestNG-test-Yt Master Tests-2] INFO  [verifyingSideMenuCollapsedLangAsInSettingsLingua] [verifyingSideMenuCollapsedLangAsInSettingsLingua] Trying to find element: By.xpath: //ytd-topbar-menu-button-renderer[@class='style-scope ytd-masthead style-default']
2026-03-12 18:56:37.777 [TestNG-test-Yt Master Tests-2] INFO  [verifyingSideMenuCollapsedLangAsInSettingsLingua] [verifyingSideMenuCollapsedLangAsInSettingsLingua] Element found and ready (attempt 1): By.xpath: //ytd-topbar-menu-button-renderer[@class='style-scope ytd-masthead style-default']
2026-03-12 18:56:37.857 [TestNG-test-Yt Master Tests-2] INFO  [verifyingSideMenuCollapsedLangAsInSettingsLingua] getLangAttribute() - locating <html> and reading lang property
2026-03-12 18:56:37.870 [TestNG-test-Yt Master Tests-2] INFO  [verifyingSideMenuCollapsedLangAsInSettingsLingua] Language attribute read: bn-BD
2026-03-12 18:56:37.870 [TestNG-test-Yt Master Tests-2] INFO  [verifyingSideMenuCollapsedLangAsInSettingsLingua] Fetching the side menu in collapsed view
2026-03-12 18:56:37.870 [TestNG-test-Yt Master Tests-2] INFO  [verifyingSideMenuCollapsedLangAsInSettingsLingua] [verifyingSideMenuCollapsedLangAsInSettingsLingua] Finding elements list: By.xpath: //ytd-mini-guide-renderer[@class='style-scope ytd-app']//ytd-mini-guide-entry-renderer
2026-03-12 18:56:37.975 [TestNG-test-Yt Master Tests-2] INFO  [verifyingSideMenuCollapsedLangAsInSettingsLingua] [verifyingSideMenuCollapsedLangAsInSettingsLingua] Found 4 ready elements (attempt 1): By.xpath: //ytd-mini-guide-renderer[@class='style-scope ytd-app']//ytd-mini-guide-entry-renderer
2026-03-12 18:56:38.093 [TestNG-test-Yt Master Tests-2] INFO  [verifyingSideMenuCollapsedLangAsInSettingsLingua] 
========== LANGUAGE DETECTION ==========
Detected Language : BENGALI
Input Text        : হোম Shorts সাবস্ক্রিপশন আপনি
========================================
2026-03-12 18:56:38.093 [TestNG-test-Yt Master Tests-2] INFO  [verifyingSideMenuCollapsedLangAsInSettingsLingua] text sent to lingua is       হোম Shorts সাবস্ক্রিপশন আপনি
2026-03-12 18:56:38.093 [TestNG-test-Yt Master Tests-2] INFO  [verifyingSideMenuCollapsedLangAsInSettingsLingua] getLangAttribute() - locating <html> and reading lang property
2026-03-12 18:56:38.108 [TestNG-test-Yt Master Tests-2] INFO  [verifyingSideMenuCollapsedLangAsInSettingsLingua] Language attribute read: bn-BD
2026-03-12 18:56:38.108 [TestNG-test-Yt Master Tests-2] INFO  [verifyingSideMenuCollapsedLangAsInSettingsLingua] Clicking settings ellipses button...
2026-03-12 18:56:38.129 [TestNG-test-Yt Master Tests-2] INFO  [verifyingSideMenuCollapsedLangAsInSettingsLingua] [verifyingSideMenuCollapsedLangAsInSettingsLingua] Trying to find element: By.xpath: //ytd-topbar-menu-button-renderer[@class='style-scope ytd-masthead style-default']
2026-03-12 18:56:38.186 [TestNG-test-Yt Master Tests-2] INFO  [verifyingSideMenuCollapsedLangAsInSettingsLingua] [verifyingSideMenuCollapsedLangAsInSettingsLingua] Element found and ready (attempt 1): By.xpath: //ytd-topbar-menu-button-renderer[@class='style-scope ytd-masthead style-default']
2026-03-12 18:56:38.255 [TestNG-test-Yt Master Tests-2] INFO  [verifyingSideMenuCollapsedLangAsInSettingsLingua] Clicking language dropdown...
2026-03-12 18:56:38.255 [TestNG-test-Yt Master Tests-2] INFO  [verifyingSideMenuCollapsedLangAsInSettingsLingua] [verifyingSideMenuCollapsedLangAsInSettingsLingua] Trying to find element: By.xpath: (//div[@id='content-icon'])[2]
2026-03-12 18:56:38.819 [TestNG-test-Yt Master Tests-2] INFO  [verifyingSideMenuCollapsedLangAsInSettingsLingua] [verifyingSideMenuCollapsedLangAsInSettingsLingua] Element found and ready (attempt 1): By.xpath: (//div[@id='content-icon'])[2]
2026-03-12 18:56:39.348 [TestNG-test-Yt Master Tests-2] INFO  [verifyingSideMenuCollapsedLangAsInSettingsLingua] Looking for language element with name: ਪੰਜਾਬੀ
2026-03-12 18:56:39.348 [TestNG-test-Yt Master Tests-2] INFO  [verifyingSideMenuCollapsedLangAsInSettingsLingua] [verifyingSideMenuCollapsedLangAsInSettingsLingua] Trying to find element: By.xpath: //yt-multi-page-menu-section-renderer[@class='style-scope ytd-multi-page-menu-renderer']//yt-formatted-string[@id='label' and text()='ਪੰਜਾਬੀ']
2026-03-12 18:56:39.448 [TestNG-test-Yt Master Tests-2] INFO  [verifyingSideMenuCollapsedLangAsInSettingsLingua] [verifyingSideMenuCollapsedLangAsInSettingsLingua] Element found and ready (attempt 1): By.xpath: //yt-multi-page-menu-section-renderer[@class='style-scope ytd-multi-page-menu-renderer']//yt-formatted-string[@id='label' and text()='ਪੰਜਾਬੀ']
2026-03-12 18:56:39.448 [TestNG-test-Yt Master Tests-2] INFO  [verifyingSideMenuCollapsedLangAsInSettingsLingua] [verifyingSideMenuCollapsedLangAsInSettingsLingua] Trying to find element: By.xpath: //yt-multi-page-menu-section-renderer[@class='style-scope ytd-multi-page-menu-renderer']//yt-formatted-string[@id='label' and text()='ਪੰਜਾਬੀ']
2026-03-12 18:56:39.504 [TestNG-test-Yt Master Tests-2] INFO  [verifyingSideMenuCollapsedLangAsInSettingsLingua] [verifyingSideMenuCollapsedLangAsInSettingsLingua] Element found and ready (attempt 1): By.xpath: //yt-multi-page-menu-section-renderer[@class='style-scope ytd-multi-page-menu-renderer']//yt-formatted-string[@id='label' and text()='ਪੰਜਾਬੀ']
2026-03-12 18:56:41.761 [TestNG-test-Yt Master Tests-2] INFO  [verifyingSideMenuCollapsedLangAsInSettingsLingua] Clicking settings ellipses button...
2026-03-12 18:56:42.165 [TestNG-test-Yt Master Tests-2] INFO  [verifyingSideMenuCollapsedLangAsInSettingsLingua] [verifyingSideMenuCollapsedLangAsInSettingsLingua] Trying to find element: By.xpath: //ytd-topbar-menu-button-renderer[@class='style-scope ytd-masthead style-default']
2026-03-12 18:56:42.343 [TestNG-test-Yt Master Tests-2] INFO  [verifyingSideMenuCollapsedLangAsInSettingsLingua] [verifyingSideMenuCollapsedLangAsInSettingsLingua] Element found and ready (attempt 1): By.xpath: //ytd-topbar-menu-button-renderer[@class='style-scope ytd-masthead style-default']
2026-03-12 18:56:42.585 [TestNG-test-Yt Master Tests-2] INFO  [verifyingSideMenuCollapsedLangAsInSettingsLingua] [verifyingSideMenuCollapsedLangAsInSettingsLingua] Waiting until element is visible in viewport
2026-03-12 18:56:42.831 [TestNG-test-Yt Master Tests-2] INFO  [verifyingSideMenuCollapsedLangAsInSettingsLingua] [verifyingSideMenuCollapsedLangAsInSettingsLingua] Capturing screenshot: Filter Applied is ਪੰਜਾਬੀ__2026-03-12_185642.jpg
2026-03-12 18:56:43.067 [TestNG-test-Yt Master Tests-2] INFO  [verifyingSideMenuCollapsedLangAsInSettingsLingua] [verifyingSideMenuCollapsedLangAsInSettingsLingua] Screenshot saved at: test-output/screenshots/Run_2026-03-12_18-35-07/verifyingSideMenuCollapsedLangAsInSettingsLingua/Filter Applied is ਪੰਜਾਬੀ__2026-03-12_185642.jpg
2026-03-12 18:56:43.067 [TestNG-test-Yt Master Tests-2] INFO  [verifyingSideMenuCollapsedLangAsInSettingsLingua] Clicking settings ellipses button...
2026-03-12 18:56:43.087 [TestNG-test-Yt Master Tests-2] INFO  [verifyingSideMenuCollapsedLangAsInSettingsLingua] [verifyingSideMenuCollapsedLangAsInSettingsLingua] Trying to find element: By.xpath: //ytd-topbar-menu-button-renderer[@class='style-scope ytd-masthead style-default']
2026-03-12 18:56:43.143 [TestNG-test-Yt Master Tests-2] INFO  [verifyingSideMenuCollapsedLangAsInSettingsLingua] [verifyingSideMenuCollapsedLangAsInSettingsLingua] Element found and ready (attempt 1): By.xpath: //ytd-topbar-menu-button-renderer[@class='style-scope ytd-masthead style-default']
2026-03-12 18:56:43.202 [TestNG-test-Yt Master Tests-2] INFO  [verifyingSideMenuCollapsedLangAsInSettingsLingua] getLangAttribute() - locating <html> and reading lang property
2026-03-12 18:56:43.216 [TestNG-test-Yt Master Tests-2] INFO  [verifyingSideMenuCollapsedLangAsInSettingsLingua] Language attribute read: pa-Guru-IN
2026-03-12 18:56:43.216 [TestNG-test-Yt Master Tests-2] INFO  [verifyingSideMenuCollapsedLangAsInSettingsLingua] Fetching the side menu in collapsed view
2026-03-12 18:56:43.216 [TestNG-test-Yt Master Tests-2] INFO  [verifyingSideMenuCollapsedLangAsInSettingsLingua] [verifyingSideMenuCollapsedLangAsInSettingsLingua] Finding elements list: By.xpath: //ytd-mini-guide-renderer[@class='style-scope ytd-app']//ytd-mini-guide-entry-renderer
2026-03-12 18:56:43.304 [TestNG-test-Yt Master Tests-2] INFO  [verifyingSideMenuCollapsedLangAsInSettingsLingua] [verifyingSideMenuCollapsedLangAsInSettingsLingua] Found 4 ready elements (attempt 1): By.xpath: //ytd-mini-guide-renderer[@class='style-scope ytd-app']//ytd-mini-guide-entry-renderer
2026-03-12 18:56:43.441 [TestNG-test-Yt Master Tests-2] INFO  [verifyingSideMenuCollapsedLangAsInSettingsLingua] 
========== LANGUAGE DETECTION ==========
Detected Language : PUNJABI
Input Text        : ਹੋਮ Shorts ਸਬਸਕ੍ਰਿਪਸ਼ਨਾਂ ਤੁਸੀਂ
========================================
2026-03-12 18:56:43.441 [TestNG-test-Yt Master Tests-2] INFO  [verifyingSideMenuCollapsedLangAsInSettingsLingua] text sent to lingua is       ਹੋਮ Shorts ਸਬਸਕ੍ਰਿਪਸ਼ਨਾਂ ਤੁਸੀਂ
2026-03-12 18:56:43.441 [TestNG-test-Yt Master Tests-2] INFO  [verifyingSideMenuCollapsedLangAsInSettingsLingua] getLangAttribute() - locating <html> and reading lang property
2026-03-12 18:56:43.474 [TestNG-test-Yt Master Tests-2] INFO  [verifyingSideMenuCollapsedLangAsInSettingsLingua] Language attribute read: pa-Guru-IN
2026-03-12 18:56:43.474 [TestNG-test-Yt Master Tests-2] INFO  [verifyingSideMenuCollapsedLangAsInSettingsLingua] Clicking settings ellipses button...
2026-03-12 18:56:43.568 [TestNG-test-Yt Master Tests-2] INFO  [verifyingSideMenuCollapsedLangAsInSettingsLingua] [verifyingSideMenuCollapsedLangAsInSettingsLingua] Trying to find element: By.xpath: //ytd-topbar-menu-button-renderer[@class='style-scope ytd-masthead style-default']
2026-03-12 18:56:43.632 [TestNG-test-Yt Master Tests-2] INFO  [verifyingSideMenuCollapsedLangAsInSettingsLingua] [verifyingSideMenuCollapsedLangAsInSettingsLingua] Element found and ready (attempt 1): By.xpath: //ytd-topbar-menu-button-renderer[@class='style-scope ytd-masthead style-default']
2026-03-12 18:56:43.695 [TestNG-test-Yt Master Tests-2] INFO  [verifyingSideMenuCollapsedLangAsInSettingsLingua] Clicking language dropdown...
2026-03-12 18:56:43.695 [TestNG-test-Yt Master Tests-2] INFO  [verifyingSideMenuCollapsedLangAsInSettingsLingua] [verifyingSideMenuCollapsedLangAsInSettingsLingua] Trying to find element: By.xpath: (//div[@id='content-icon'])[2]
2026-03-12 18:56:43.847 [TestNG-test-Yt Master Tests-2] INFO  [verifyingSideMenuCollapsedLangAsInSettingsLingua] [verifyingSideMenuCollapsedLangAsInSettingsLingua] Element found and ready (attempt 1): By.xpath: (//div[@id='content-icon'])[2]
2026-03-12 18:56:44.241 [TestNG-test-Yt Master Tests-2] INFO  [verifyingSideMenuCollapsedLangAsInSettingsLingua] Looking for language element with name: ગુજરાતી
2026-03-12 18:56:44.242 [TestNG-test-Yt Master Tests-2] INFO  [verifyingSideMenuCollapsedLangAsInSettingsLingua] [verifyingSideMenuCollapsedLangAsInSettingsLingua] Trying to find element: By.xpath: //yt-multi-page-menu-section-renderer[@class='style-scope ytd-multi-page-menu-renderer']//yt-formatted-string[@id='label' and text()='ગુજરાતી']
2026-03-12 18:56:44.421 [TestNG-test-Yt Master Tests-2] INFO  [verifyingSideMenuCollapsedLangAsInSettingsLingua] [verifyingSideMenuCollapsedLangAsInSettingsLingua] Element found and ready (attempt 1): By.xpath: //yt-multi-page-menu-section-renderer[@class='style-scope ytd-multi-page-menu-renderer']//yt-formatted-string[@id='label' and text()='ગુજરાતી']
2026-03-12 18:56:44.421 [TestNG-test-Yt Master Tests-2] INFO  [verifyingSideMenuCollapsedLangAsInSettingsLingua] [verifyingSideMenuCollapsedLangAsInSettingsLingua] Trying to find element: By.xpath: //yt-multi-page-menu-section-renderer[@class='style-scope ytd-multi-page-menu-renderer']//yt-formatted-string[@id='label' and text()='ગુજરાતી']
2026-03-12 18:56:44.479 [TestNG-test-Yt Master Tests-2] INFO  [verifyingSideMenuCollapsedLangAsInSettingsLingua] [verifyingSideMenuCollapsedLangAsInSettingsLingua] Element found and ready (attempt 1): By.xpath: //yt-multi-page-menu-section-renderer[@class='style-scope ytd-multi-page-menu-renderer']//yt-formatted-string[@id='label' and text()='ગુજરાતી']
2026-03-12 18:56:47.067 [TestNG-test-Yt Master Tests-2] INFO  [verifyingSideMenuCollapsedLangAsInSettingsLingua] Clicking settings ellipses button...
2026-03-12 18:56:47.522 [TestNG-test-Yt Master Tests-2] INFO  [verifyingSideMenuCollapsedLangAsInSettingsLingua] [verifyingSideMenuCollapsedLangAsInSettingsLingua] Trying to find element: By.xpath: //ytd-topbar-menu-button-renderer[@class='style-scope ytd-masthead style-default']
2026-03-12 18:56:47.702 [TestNG-test-Yt Master Tests-2] INFO  [verifyingSideMenuCollapsedLangAsInSettingsLingua] [verifyingSideMenuCollapsedLangAsInSettingsLingua] Element found and ready (attempt 1): By.xpath: //ytd-topbar-menu-button-renderer[@class='style-scope ytd-masthead style-default']
2026-03-12 18:56:48.022 [TestNG-test-Yt Master Tests-2] INFO  [verifyingSideMenuCollapsedLangAsInSettingsLingua] [verifyingSideMenuCollapsedLangAsInSettingsLingua] Waiting until element is visible in viewport
2026-03-12 18:56:48.183 [TestNG-test-Yt Master Tests-2] INFO  [verifyingSideMenuCollapsedLangAsInSettingsLingua] [verifyingSideMenuCollapsedLangAsInSettingsLingua] Capturing screenshot: Filter Applied is ગુજરાતી__2026-03-12_185648.jpg
2026-03-12 18:56:48.433 [TestNG-test-Yt Master Tests-2] INFO  [verifyingSideMenuCollapsedLangAsInSettingsLingua] [verifyingSideMenuCollapsedLangAsInSettingsLingua] Screenshot saved at: test-output/screenshots/Run_2026-03-12_18-35-07/verifyingSideMenuCollapsedLangAsInSettingsLingua/Filter Applied is ગુજરાતી__2026-03-12_185648.jpg
2026-03-12 18:56:48.433 [TestNG-test-Yt Master Tests-2] INFO  [verifyingSideMenuCollapsedLangAsInSettingsLingua] Clicking settings ellipses button...
2026-03-12 18:56:48.457 [TestNG-test-Yt Master Tests-2] INFO  [verifyingSideMenuCollapsedLangAsInSettingsLingua] [verifyingSideMenuCollapsedLangAsInSettingsLingua] Trying to find element: By.xpath: //ytd-topbar-menu-button-renderer[@class='style-scope ytd-masthead style-default']
2026-03-12 18:56:48.518 [TestNG-test-Yt Master Tests-2] INFO  [verifyingSideMenuCollapsedLangAsInSettingsLingua] [verifyingSideMenuCollapsedLangAsInSettingsLingua] Element found and ready (attempt 1): By.xpath: //ytd-topbar-menu-button-renderer[@class='style-scope ytd-masthead style-default']
2026-03-12 18:56:48.569 [TestNG-test-Yt Master Tests-2] INFO  [verifyingSideMenuCollapsedLangAsInSettingsLingua] getLangAttribute() - locating <html> and reading lang property
2026-03-12 18:56:48.582 [TestNG-test-Yt Master Tests-2] INFO  [verifyingSideMenuCollapsedLangAsInSettingsLingua] Language attribute read: gu-IN
2026-03-12 18:56:48.582 [TestNG-test-Yt Master Tests-2] INFO  [verifyingSideMenuCollapsedLangAsInSettingsLingua] Fetching the side menu in collapsed view
2026-03-12 18:56:48.582 [TestNG-test-Yt Master Tests-2] INFO  [verifyingSideMenuCollapsedLangAsInSettingsLingua] [verifyingSideMenuCollapsedLangAsInSettingsLingua] Finding elements list: By.xpath: //ytd-mini-guide-renderer[@class='style-scope ytd-app']//ytd-mini-guide-entry-renderer
2026-03-12 18:56:48.639 [TestNG-test-Yt Master Tests-2] INFO  [verifyingSideMenuCollapsedLangAsInSettingsLingua] [verifyingSideMenuCollapsedLangAsInSettingsLingua] Found 4 ready elements (attempt 1): By.xpath: //ytd-mini-guide-renderer[@class='style-scope ytd-app']//ytd-mini-guide-entry-renderer
2026-03-12 18:56:48.758 [TestNG-test-Yt Master Tests-2] INFO  [verifyingSideMenuCollapsedLangAsInSettingsLingua] 
========== LANGUAGE DETECTION ==========
Detected Language : GUJARATI
Input Text        : હોમ Shorts સબ્સ્ક્રિપ્શન તમે
========================================
2026-03-12 18:56:48.758 [TestNG-test-Yt Master Tests-2] INFO  [verifyingSideMenuCollapsedLangAsInSettingsLingua] text sent to lingua is       હોમ Shorts સબ્સ્ક્રિપ્શન તમે
2026-03-12 18:56:48.758 [TestNG-test-Yt Master Tests-2] INFO  [verifyingSideMenuCollapsedLangAsInSettingsLingua] getLangAttribute() - locating <html> and reading lang property
2026-03-12 18:56:48.774 [TestNG-test-Yt Master Tests-2] INFO  [verifyingSideMenuCollapsedLangAsInSettingsLingua] Language attribute read: gu-IN
2026-03-12 18:56:48.774 [TestNG-test-Yt Master Tests-2] INFO  [verifyingSideMenuCollapsedLangAsInSettingsLingua] Clicking settings ellipses button...
2026-03-12 18:56:48.803 [TestNG-test-Yt Master Tests-2] INFO  [verifyingSideMenuCollapsedLangAsInSettingsLingua] [verifyingSideMenuCollapsedLangAsInSettingsLingua] Trying to find element: By.xpath: //ytd-topbar-menu-button-renderer[@class='style-scope ytd-masthead style-default']
2026-03-12 18:56:48.933 [TestNG-test-Yt Master Tests-2] INFO  [verifyingSideMenuCollapsedLangAsInSettingsLingua] [verifyingSideMenuCollapsedLangAsInSettingsLingua] Element found and ready (attempt 1): By.xpath: //ytd-topbar-menu-button-renderer[@class='style-scope ytd-masthead style-default']
2026-03-12 18:56:48.999 [TestNG-test-Yt Master Tests-2] INFO  [verifyingSideMenuCollapsedLangAsInSettingsLingua] Clicking language dropdown...
2026-03-12 18:56:48.999 [TestNG-test-Yt Master Tests-2] INFO  [verifyingSideMenuCollapsedLangAsInSettingsLingua] [verifyingSideMenuCollapsedLangAsInSettingsLingua] Trying to find element: By.xpath: (//div[@id='content-icon'])[2]
2026-03-12 18:56:49.643 [TestNG-test-Yt Master Tests-2] INFO  [verifyingSideMenuCollapsedLangAsInSettingsLingua] [verifyingSideMenuCollapsedLangAsInSettingsLingua] Element found and ready (attempt 1): By.xpath: (//div[@id='content-icon'])[2]
2026-03-12 18:56:50.189 [TestNG-test-Yt Master Tests-2] INFO  [verifyingSideMenuCollapsedLangAsInSettingsLingua] Looking for language element with name: தமிழ்
2026-03-12 18:56:50.189 [TestNG-test-Yt Master Tests-2] INFO  [verifyingSideMenuCollapsedLangAsInSettingsLingua] [verifyingSideMenuCollapsedLangAsInSettingsLingua] Trying to find element: By.xpath: //yt-multi-page-menu-section-renderer[@class='style-scope ytd-multi-page-menu-renderer']//yt-formatted-string[@id='label' and text()='தமிழ்']
2026-03-12 18:56:50.288 [TestNG-test-Yt Master Tests-2] INFO  [verifyingSideMenuCollapsedLangAsInSettingsLingua] [verifyingSideMenuCollapsedLangAsInSettingsLingua] Element found and ready (attempt 1): By.xpath: //yt-multi-page-menu-section-renderer[@class='style-scope ytd-multi-page-menu-renderer']//yt-formatted-string[@id='label' and text()='தமிழ்']
2026-03-12 18:56:50.288 [TestNG-test-Yt Master Tests-2] INFO  [verifyingSideMenuCollapsedLangAsInSettingsLingua] [verifyingSideMenuCollapsedLangAsInSettingsLingua] Trying to find element: By.xpath: //yt-multi-page-menu-section-renderer[@class='style-scope ytd-multi-page-menu-renderer']//yt-formatted-string[@id='label' and text()='தமிழ்']
2026-03-12 18:56:50.367 [TestNG-test-Yt Master Tests-2] INFO  [verifyingSideMenuCollapsedLangAsInSettingsLingua] [verifyingSideMenuCollapsedLangAsInSettingsLingua] Element found and ready (attempt 1): By.xpath: //yt-multi-page-menu-section-renderer[@class='style-scope ytd-multi-page-menu-renderer']//yt-formatted-string[@id='label' and text()='தமிழ்']
2026-03-12 18:56:52.506 [TestNG-test-Yt Master Tests-2] INFO  [verifyingSideMenuCollapsedLangAsInSettingsLingua] Clicking settings ellipses button...
2026-03-12 18:56:52.892 [TestNG-test-Yt Master Tests-2] INFO  [verifyingSideMenuCollapsedLangAsInSettingsLingua] [verifyingSideMenuCollapsedLangAsInSettingsLingua] Trying to find element: By.xpath: //ytd-topbar-menu-button-renderer[@class='style-scope ytd-masthead style-default']
2026-03-12 18:56:53.083 [TestNG-test-Yt Master Tests-2] INFO  [verifyingSideMenuCollapsedLangAsInSettingsLingua] [verifyingSideMenuCollapsedLangAsInSettingsLingua] Element found and ready (attempt 1): By.xpath: //ytd-topbar-menu-button-renderer[@class='style-scope ytd-masthead style-default']
2026-03-12 18:56:53.433 [TestNG-test-Yt Master Tests-2] INFO  [verifyingSideMenuCollapsedLangAsInSettingsLingua] [verifyingSideMenuCollapsedLangAsInSettingsLingua] Waiting until element is visible in viewport
2026-03-12 18:56:53.546 [TestNG-test-Yt Master Tests-2] INFO  [verifyingSideMenuCollapsedLangAsInSettingsLingua] [verifyingSideMenuCollapsedLangAsInSettingsLingua] Capturing screenshot: Filter Applied is தமிழ்__2026-03-12_185653.jpg
2026-03-12 18:56:55.267 [TestNG-test-Yt Master Tests-2] INFO  [verifyingSideMenuCollapsedLangAsInSettingsLingua] [verifyingSideMenuCollapsedLangAsInSettingsLingua] Screenshot saved at: test-output/screenshots/Run_2026-03-12_18-35-07/verifyingSideMenuCollapsedLangAsInSettingsLingua/Filter Applied is தமிழ்__2026-03-12_185653.jpg
2026-03-12 18:56:55.267 [TestNG-test-Yt Master Tests-2] INFO  [verifyingSideMenuCollapsedLangAsInSettingsLingua] Clicking settings ellipses button...
2026-03-12 18:56:55.286 [TestNG-test-Yt Master Tests-2] INFO  [verifyingSideMenuCollapsedLangAsInSettingsLingua] [verifyingSideMenuCollapsedLangAsInSettingsLingua] Trying to find element: By.xpath: //ytd-topbar-menu-button-renderer[@class='style-scope ytd-masthead style-default']
2026-03-12 18:56:55.337 [TestNG-test-Yt Master Tests-2] INFO  [verifyingSideMenuCollapsedLangAsInSettingsLingua] [verifyingSideMenuCollapsedLangAsInSettingsLingua] Element found and ready (attempt 1): By.xpath: //ytd-topbar-menu-button-renderer[@class='style-scope ytd-masthead style-default']
2026-03-12 18:56:55.391 [TestNG-test-Yt Master Tests-2] INFO  [verifyingSideMenuCollapsedLangAsInSettingsLingua] getLangAttribute() - locating <html> and reading lang property
2026-03-12 18:56:55.403 [TestNG-test-Yt Master Tests-2] INFO  [verifyingSideMenuCollapsedLangAsInSettingsLingua] Language attribute read: ta-IN
2026-03-12 18:56:55.403 [TestNG-test-Yt Master Tests-2] INFO  [verifyingSideMenuCollapsedLangAsInSettingsLingua] Fetching the side menu in collapsed view
2026-03-12 18:56:55.403 [TestNG-test-Yt Master Tests-2] INFO  [verifyingSideMenuCollapsedLangAsInSettingsLingua] [verifyingSideMenuCollapsedLangAsInSettingsLingua] Finding elements list: By.xpath: //ytd-mini-guide-renderer[@class='style-scope ytd-app']//ytd-mini-guide-entry-renderer
2026-03-12 18:56:55.487 [TestNG-test-Yt Master Tests-2] INFO  [verifyingSideMenuCollapsedLangAsInSettingsLingua] [verifyingSideMenuCollapsedLangAsInSettingsLingua] Found 4 ready elements (attempt 1): By.xpath: //ytd-mini-guide-renderer[@class='style-scope ytd-app']//ytd-mini-guide-entry-renderer
2026-03-12 18:56:55.633 [TestNG-test-Yt Master Tests-2] INFO  [verifyingSideMenuCollapsedLangAsInSettingsLingua] 
========== LANGUAGE DETECTION ==========
Detected Language : TAMIL
Input Text        : முகப்பு Shorts சந்தாக்கள் நீங்கள்
========================================
2026-03-12 18:56:55.634 [TestNG-test-Yt Master Tests-2] INFO  [verifyingSideMenuCollapsedLangAsInSettingsLingua] text sent to lingua is       முகப்பு Shorts சந்தாக்கள் நீங்கள்
2026-03-12 18:56:55.634 [TestNG-test-Yt Master Tests-2] INFO  [verifyingSideMenuCollapsedLangAsInSettingsLingua] getLangAttribute() - locating <html> and reading lang property
2026-03-12 18:56:55.650 [TestNG-test-Yt Master Tests-2] INFO  [verifyingSideMenuCollapsedLangAsInSettingsLingua] Language attribute read: ta-IN
2026-03-12 18:56:55.650 [TestNG-test-Yt Master Tests-2] INFO  [verifyingSideMenuCollapsedLangAsInSettingsLingua] Clicking settings ellipses button...
2026-03-12 18:56:55.675 [TestNG-test-Yt Master Tests-2] INFO  [verifyingSideMenuCollapsedLangAsInSettingsLingua] [verifyingSideMenuCollapsedLangAsInSettingsLingua] Trying to find element: By.xpath: //ytd-topbar-menu-button-renderer[@class='style-scope ytd-masthead style-default']
2026-03-12 18:56:55.828 [TestNG-test-Yt Master Tests-2] INFO  [verifyingSideMenuCollapsedLangAsInSettingsLingua] [verifyingSideMenuCollapsedLangAsInSettingsLingua] Element found and ready (attempt 1): By.xpath: //ytd-topbar-menu-button-renderer[@class='style-scope ytd-masthead style-default']
2026-03-12 18:56:55.908 [TestNG-test-Yt Master Tests-2] INFO  [verifyingSideMenuCollapsedLangAsInSettingsLingua] Clicking language dropdown...
2026-03-12 18:56:55.908 [TestNG-test-Yt Master Tests-2] INFO  [verifyingSideMenuCollapsedLangAsInSettingsLingua] [verifyingSideMenuCollapsedLangAsInSettingsLingua] Trying to find element: By.xpath: (//div[@id='content-icon'])[2]
2026-03-12 18:56:56.472 [TestNG-test-Yt Master Tests-2] INFO  [verifyingSideMenuCollapsedLangAsInSettingsLingua] [verifyingSideMenuCollapsedLangAsInSettingsLingua] Element found and ready (attempt 1): By.xpath: (//div[@id='content-icon'])[2]
2026-03-12 18:56:56.942 [TestNG-test-Yt Master Tests-2] INFO  [verifyingSideMenuCollapsedLangAsInSettingsLingua] Looking for language element with name: తెలుగు
2026-03-12 18:56:56.942 [TestNG-test-Yt Master Tests-2] INFO  [verifyingSideMenuCollapsedLangAsInSettingsLingua] [verifyingSideMenuCollapsedLangAsInSettingsLingua] Trying to find element: By.xpath: //yt-multi-page-menu-section-renderer[@class='style-scope ytd-multi-page-menu-renderer']//yt-formatted-string[@id='label' and text()='తెలుగు']
2026-03-12 18:56:57.163 [TestNG-test-Yt Master Tests-2] INFO  [verifyingSideMenuCollapsedLangAsInSettingsLingua] [verifyingSideMenuCollapsedLangAsInSettingsLingua] Element found and ready (attempt 1): By.xpath: //yt-multi-page-menu-section-renderer[@class='style-scope ytd-multi-page-menu-renderer']//yt-formatted-string[@id='label' and text()='తెలుగు']
2026-03-12 18:56:57.163 [TestNG-test-Yt Master Tests-2] INFO  [verifyingSideMenuCollapsedLangAsInSettingsLingua] [verifyingSideMenuCollapsedLangAsInSettingsLingua] Trying to find element: By.xpath: //yt-multi-page-menu-section-renderer[@class='style-scope ytd-multi-page-menu-renderer']//yt-formatted-string[@id='label' and text()='తెలుగు']
2026-03-12 18:56:57.226 [TestNG-test-Yt Master Tests-2] INFO  [verifyingSideMenuCollapsedLangAsInSettingsLingua] [verifyingSideMenuCollapsedLangAsInSettingsLingua] Element found and ready (attempt 1): By.xpath: //yt-multi-page-menu-section-renderer[@class='style-scope ytd-multi-page-menu-renderer']//yt-formatted-string[@id='label' and text()='తెలుగు']
2026-03-12 18:56:59.138 [TestNG-test-Yt Master Tests-2] INFO  [verifyingSideMenuCollapsedLangAsInSettingsLingua] Clicking settings ellipses button...
2026-03-12 18:56:59.572 [TestNG-test-Yt Master Tests-2] INFO  [verifyingSideMenuCollapsedLangAsInSettingsLingua] [verifyingSideMenuCollapsedLangAsInSettingsLingua] Trying to find element: By.xpath: //ytd-topbar-menu-button-renderer[@class='style-scope ytd-masthead style-default']
2026-03-12 18:56:59.839 [TestNG-test-Yt Master Tests-2] INFO  [verifyingSideMenuCollapsedLangAsInSettingsLingua] [verifyingSideMenuCollapsedLangAsInSettingsLingua] Element found and ready (attempt 1): By.xpath: //ytd-topbar-menu-button-renderer[@class='style-scope ytd-masthead style-default']
2026-03-12 18:57:00.094 [TestNG-test-Yt Master Tests-2] INFO  [verifyingSideMenuCollapsedLangAsInSettingsLingua] [verifyingSideMenuCollapsedLangAsInSettingsLingua] Waiting until element is visible in viewport
2026-03-12 18:57:00.212 [TestNG-test-Yt Master Tests-2] INFO  [verifyingSideMenuCollapsedLangAsInSettingsLingua] [verifyingSideMenuCollapsedLangAsInSettingsLingua] Capturing screenshot: Filter Applied is తెలుగు__2026-03-12_185700.jpg
2026-03-12 18:57:00.520 [TestNG-test-Yt Master Tests-2] INFO  [verifyingSideMenuCollapsedLangAsInSettingsLingua] [verifyingSideMenuCollapsedLangAsInSettingsLingua] Screenshot saved at: test-output/screenshots/Run_2026-03-12_18-35-07/verifyingSideMenuCollapsedLangAsInSettingsLingua/Filter Applied is తెలుగు__2026-03-12_185700.jpg
2026-03-12 18:57:00.520 [TestNG-test-Yt Master Tests-2] INFO  [verifyingSideMenuCollapsedLangAsInSettingsLingua] Clicking settings ellipses button...
2026-03-12 18:57:00.558 [TestNG-test-Yt Master Tests-2] INFO  [verifyingSideMenuCollapsedLangAsInSettingsLingua] [verifyingSideMenuCollapsedLangAsInSettingsLingua] Trying to find element: By.xpath: //ytd-topbar-menu-button-renderer[@class='style-scope ytd-masthead style-default']
2026-03-12 18:57:00.611 [TestNG-test-Yt Master Tests-2] INFO  [verifyingSideMenuCollapsedLangAsInSettingsLingua] [verifyingSideMenuCollapsedLangAsInSettingsLingua] Element found and ready (attempt 1): By.xpath: //ytd-topbar-menu-button-renderer[@class='style-scope ytd-masthead style-default']
2026-03-12 18:57:00.665 [TestNG-test-Yt Master Tests-2] INFO  [verifyingSideMenuCollapsedLangAsInSettingsLingua] getLangAttribute() - locating <html> and reading lang property
2026-03-12 18:57:00.678 [TestNG-test-Yt Master Tests-2] INFO  [verifyingSideMenuCollapsedLangAsInSettingsLingua] Language attribute read: te-IN
2026-03-12 18:57:00.678 [TestNG-test-Yt Master Tests-2] INFO  [verifyingSideMenuCollapsedLangAsInSettingsLingua] Fetching the side menu in collapsed view
2026-03-12 18:57:00.678 [TestNG-test-Yt Master Tests-2] INFO  [verifyingSideMenuCollapsedLangAsInSettingsLingua] [verifyingSideMenuCollapsedLangAsInSettingsLingua] Finding elements list: By.xpath: //ytd-mini-guide-renderer[@class='style-scope ytd-app']//ytd-mini-guide-entry-renderer
2026-03-12 18:57:00.742 [TestNG-test-Yt Master Tests-2] INFO  [verifyingSideMenuCollapsedLangAsInSettingsLingua] [verifyingSideMenuCollapsedLangAsInSettingsLingua] Found 4 ready elements (attempt 1): By.xpath: //ytd-mini-guide-renderer[@class='style-scope ytd-app']//ytd-mini-guide-entry-renderer
2026-03-12 18:57:00.809 [TestNG-test-Yt Master Tests-2] INFO  [verifyingSideMenuCollapsedLangAsInSettingsLingua] 
========== LANGUAGE DETECTION ==========
Detected Language : TELUGU
Input Text        : మొదటి ట్యాబ్ Shorts సబ్‌స్క్రిప్షన్‌లు ఖాతా
========================================
2026-03-12 18:57:00.809 [TestNG-test-Yt Master Tests-2] INFO  [verifyingSideMenuCollapsedLangAsInSettingsLingua] text sent to lingua is       మొదటి ట్యాబ్ Shorts సబ్‌స్క్రిప్షన్‌లు ఖాతా
2026-03-12 18:57:00.810 [TestNG-test-Yt Master Tests-2] INFO  [verifyingSideMenuCollapsedLangAsInSettingsLingua] getLangAttribute() - locating <html> and reading lang property
2026-03-12 18:57:00.820 [TestNG-test-Yt Master Tests-2] INFO  [verifyingSideMenuCollapsedLangAsInSettingsLingua] Language attribute read: te-IN
2026-03-12 18:57:00.820 [TestNG-test-Yt Master Tests-2] INFO  [verifyingSideMenuCollapsedLangAsInSettingsLingua] Clicking settings ellipses button...
2026-03-12 18:57:00.839 [TestNG-test-Yt Master Tests-2] INFO  [verifyingSideMenuCollapsedLangAsInSettingsLingua] [verifyingSideMenuCollapsedLangAsInSettingsLingua] Trying to find element: By.xpath: //ytd-topbar-menu-button-renderer[@class='style-scope ytd-masthead style-default']
2026-03-12 18:57:00.886 [TestNG-test-Yt Master Tests-2] INFO  [verifyingSideMenuCollapsedLangAsInSettingsLingua] [verifyingSideMenuCollapsedLangAsInSettingsLingua] Element found and ready (attempt 1): By.xpath: //ytd-topbar-menu-button-renderer[@class='style-scope ytd-masthead style-default']
2026-03-12 18:57:00.956 [TestNG-test-Yt Master Tests-2] INFO  [verifyingSideMenuCollapsedLangAsInSettingsLingua] Clicking language dropdown...
2026-03-12 18:57:00.956 [TestNG-test-Yt Master Tests-2] INFO  [verifyingSideMenuCollapsedLangAsInSettingsLingua] [verifyingSideMenuCollapsedLangAsInSettingsLingua] Trying to find element: By.xpath: (//div[@id='content-icon'])[2]
2026-03-12 18:57:01.517 [TestNG-test-Yt Master Tests-2] INFO  [verifyingSideMenuCollapsedLangAsInSettingsLingua] [verifyingSideMenuCollapsedLangAsInSettingsLingua] Element found and ready (attempt 1): By.xpath: (//div[@id='content-icon'])[2]
2026-03-12 18:57:01.992 [TestNG-test-Yt Master Tests-2] INFO  [verifyingSideMenuCollapsedLangAsInSettingsLingua] Looking for language element with name: 中文 (简体)
2026-03-12 18:57:01.992 [TestNG-test-Yt Master Tests-2] INFO  [verifyingSideMenuCollapsedLangAsInSettingsLingua] [verifyingSideMenuCollapsedLangAsInSettingsLingua] Trying to find element: By.xpath: //yt-multi-page-menu-section-renderer[@class='style-scope ytd-multi-page-menu-renderer']//yt-formatted-string[@id='label' and text()='中文 (简体)']
2026-03-12 18:57:02.111 [TestNG-test-Yt Master Tests-2] INFO  [verifyingSideMenuCollapsedLangAsInSettingsLingua] [verifyingSideMenuCollapsedLangAsInSettingsLingua] Element found and ready (attempt 1): By.xpath: //yt-multi-page-menu-section-renderer[@class='style-scope ytd-multi-page-menu-renderer']//yt-formatted-string[@id='label' and text()='中文 (简体)']
2026-03-12 18:57:02.111 [TestNG-test-Yt Master Tests-2] INFO  [verifyingSideMenuCollapsedLangAsInSettingsLingua] [verifyingSideMenuCollapsedLangAsInSettingsLingua] Trying to find element: By.xpath: //yt-multi-page-menu-section-renderer[@class='style-scope ytd-multi-page-menu-renderer']//yt-formatted-string[@id='label' and text()='中文 (简体)']
2026-03-12 18:57:02.185 [TestNG-test-Yt Master Tests-2] INFO  [verifyingSideMenuCollapsedLangAsInSettingsLingua] [verifyingSideMenuCollapsedLangAsInSettingsLingua] Element found and ready (attempt 1): By.xpath: //yt-multi-page-menu-section-renderer[@class='style-scope ytd-multi-page-menu-renderer']//yt-formatted-string[@id='label' and text()='中文 (简体)']
2026-03-12 18:57:04.799 [TestNG-test-Yt Master Tests-2] INFO  [verifyingSideMenuCollapsedLangAsInSettingsLingua] Clicking settings ellipses button...
2026-03-12 18:57:05.044 [TestNG-test-Yt Master Tests-2] INFO  [verifyingSideMenuCollapsedLangAsInSettingsLingua] [verifyingSideMenuCollapsedLangAsInSettingsLingua] Trying to find element: By.xpath: //ytd-topbar-menu-button-renderer[@class='style-scope ytd-masthead style-default']
2026-03-12 18:57:05.222 [TestNG-test-Yt Master Tests-2] INFO  [verifyingSideMenuCollapsedLangAsInSettingsLingua] [verifyingSideMenuCollapsedLangAsInSettingsLingua] Element found and ready (attempt 1): By.xpath: //ytd-topbar-menu-button-renderer[@class='style-scope ytd-masthead style-default']
2026-03-12 18:57:05.451 [TestNG-test-Yt Master Tests-2] INFO  [verifyingSideMenuCollapsedLangAsInSettingsLingua] [verifyingSideMenuCollapsedLangAsInSettingsLingua] Waiting until element is visible in viewport
2026-03-12 18:57:05.612 [TestNG-test-Yt Master Tests-2] INFO  [verifyingSideMenuCollapsedLangAsInSettingsLingua] [verifyingSideMenuCollapsedLangAsInSettingsLingua] Capturing screenshot: Filter Applied is 中文 (简体)__2026-03-12_185705.jpg
2026-03-12 18:57:05.949 [TestNG-test-Yt Master Tests-2] INFO  [verifyingSideMenuCollapsedLangAsInSettingsLingua] [verifyingSideMenuCollapsedLangAsInSettingsLingua] Screenshot saved at: test-output/screenshots/Run_2026-03-12_18-35-07/verifyingSideMenuCollapsedLangAsInSettingsLingua/Filter Applied is 中文 (简体)__2026-03-12_185705.jpg
2026-03-12 18:57:05.949 [TestNG-test-Yt Master Tests-2] INFO  [verifyingSideMenuCollapsedLangAsInSettingsLingua] Clicking settings ellipses button...
2026-03-12 18:57:05.970 [TestNG-test-Yt Master Tests-2] INFO  [verifyingSideMenuCollapsedLangAsInSettingsLingua] [verifyingSideMenuCollapsedLangAsInSettingsLingua] Trying to find element: By.xpath: //ytd-topbar-menu-button-renderer[@class='style-scope ytd-masthead style-default']
2026-03-12 18:57:06.039 [TestNG-test-Yt Master Tests-2] INFO  [verifyingSideMenuCollapsedLangAsInSettingsLingua] [verifyingSideMenuCollapsedLangAsInSettingsLingua] Element found and ready (attempt 1): By.xpath: //ytd-topbar-menu-button-renderer[@class='style-scope ytd-masthead style-default']
2026-03-12 18:57:06.095 [TestNG-test-Yt Master Tests-2] INFO  [verifyingSideMenuCollapsedLangAsInSettingsLingua] getLangAttribute() - locating <html> and reading lang property
2026-03-12 18:57:06.108 [TestNG-test-Yt Master Tests-2] INFO  [verifyingSideMenuCollapsedLangAsInSettingsLingua] Language attribute read: zh-Hans-CN
2026-03-12 18:57:06.108 [TestNG-test-Yt Master Tests-2] INFO  [verifyingSideMenuCollapsedLangAsInSettingsLingua] Fetching the side menu in collapsed view
2026-03-12 18:57:06.108 [TestNG-test-Yt Master Tests-2] INFO  [verifyingSideMenuCollapsedLangAsInSettingsLingua] [verifyingSideMenuCollapsedLangAsInSettingsLingua] Finding elements list: By.xpath: //ytd-mini-guide-renderer[@class='style-scope ytd-app']//ytd-mini-guide-entry-renderer
2026-03-12 18:57:06.249 [TestNG-test-Yt Master Tests-2] INFO  [verifyingSideMenuCollapsedLangAsInSettingsLingua] [verifyingSideMenuCollapsedLangAsInSettingsLingua] Found 4 ready elements (attempt 1): By.xpath: //ytd-mini-guide-renderer[@class='style-scope ytd-app']//ytd-mini-guide-entry-renderer
2026-03-12 18:57:06.348 [TestNG-test-Yt Master Tests-2] INFO  [verifyingSideMenuCollapsedLangAsInSettingsLingua] 
========== LANGUAGE DETECTION ==========
Detected Language : CHINESE
Input Text        : 首页 Shorts 订阅 我
========================================
2026-03-12 18:57:06.349 [TestNG-test-Yt Master Tests-2] INFO  [verifyingSideMenuCollapsedLangAsInSettingsLingua] text sent to lingua is       首页 Shorts 订阅 我
2026-03-12 18:57:06.349 [TestNG-test-Yt Master Tests-2] INFO  [verifyingSideMenuCollapsedLangAsInSettingsLingua] getLangAttribute() - locating <html> and reading lang property
2026-03-12 18:57:06.361 [TestNG-test-Yt Master Tests-2] INFO  [verifyingSideMenuCollapsedLangAsInSettingsLingua] Language attribute read: zh-Hans-CN
2026-03-12 18:57:06.361 [TestNG-test-Yt Master Tests-2] INFO  [verifyingSideMenuCollapsedLangAsInSettingsLingua] Clicking settings ellipses button...
2026-03-12 18:57:06.384 [TestNG-test-Yt Master Tests-2] INFO  [verifyingSideMenuCollapsedLangAsInSettingsLingua] [verifyingSideMenuCollapsedLangAsInSettingsLingua] Trying to find element: By.xpath: //ytd-topbar-menu-button-renderer[@class='style-scope ytd-masthead style-default']
2026-03-12 18:57:06.445 [TestNG-test-Yt Master Tests-2] INFO  [verifyingSideMenuCollapsedLangAsInSettingsLingua] [verifyingSideMenuCollapsedLangAsInSettingsLingua] Element found and ready (attempt 1): By.xpath: //ytd-topbar-menu-button-renderer[@class='style-scope ytd-masthead style-default']
2026-03-12 18:57:06.506 [TestNG-test-Yt Master Tests-2] INFO  [verifyingSideMenuCollapsedLangAsInSettingsLingua] Clicking language dropdown...
2026-03-12 18:57:06.506 [TestNG-test-Yt Master Tests-2] INFO  [verifyingSideMenuCollapsedLangAsInSettingsLingua] [verifyingSideMenuCollapsedLangAsInSettingsLingua] Trying to find element: By.xpath: (//div[@id='content-icon'])[2]
2026-03-12 18:57:07.082 [TestNG-test-Yt Master Tests-2] INFO  [verifyingSideMenuCollapsedLangAsInSettingsLingua] [verifyingSideMenuCollapsedLangAsInSettingsLingua] Element found and ready (attempt 1): By.xpath: (//div[@id='content-icon'])[2]
2026-03-12 18:57:07.501 [TestNG-test-Yt Master Tests-2] INFO  [verifyingSideMenuCollapsedLangAsInSettingsLingua] Looking for language element with name: 中文 (繁體)
2026-03-12 18:57:07.501 [TestNG-test-Yt Master Tests-2] INFO  [verifyingSideMenuCollapsedLangAsInSettingsLingua] [verifyingSideMenuCollapsedLangAsInSettingsLingua] Trying to find element: By.xpath: //yt-multi-page-menu-section-renderer[@class='style-scope ytd-multi-page-menu-renderer']//yt-formatted-string[@id='label' and text()='中文 (繁體)']
2026-03-12 18:57:07.635 [TestNG-test-Yt Master Tests-2] INFO  [verifyingSideMenuCollapsedLangAsInSettingsLingua] [verifyingSideMenuCollapsedLangAsInSettingsLingua] Element found and ready (attempt 1): By.xpath: //yt-multi-page-menu-section-renderer[@class='style-scope ytd-multi-page-menu-renderer']//yt-formatted-string[@id='label' and text()='中文 (繁體)']
2026-03-12 18:57:07.636 [TestNG-test-Yt Master Tests-2] INFO  [verifyingSideMenuCollapsedLangAsInSettingsLingua] [verifyingSideMenuCollapsedLangAsInSettingsLingua] Trying to find element: By.xpath: //yt-multi-page-menu-section-renderer[@class='style-scope ytd-multi-page-menu-renderer']//yt-formatted-string[@id='label' and text()='中文 (繁體)']
2026-03-12 18:57:07.695 [TestNG-test-Yt Master Tests-2] INFO  [verifyingSideMenuCollapsedLangAsInSettingsLingua] [verifyingSideMenuCollapsedLangAsInSettingsLingua] Element found and ready (attempt 1): By.xpath: //yt-multi-page-menu-section-renderer[@class='style-scope ytd-multi-page-menu-renderer']//yt-formatted-string[@id='label' and text()='中文 (繁體)']
2026-03-12 18:57:10.182 [TestNG-test-Yt Master Tests-2] INFO  [verifyingSideMenuCollapsedLangAsInSettingsLingua] Clicking settings ellipses button...
2026-03-12 18:57:10.456 [TestNG-test-Yt Master Tests-2] INFO  [verifyingSideMenuCollapsedLangAsInSettingsLingua] [verifyingSideMenuCollapsedLangAsInSettingsLingua] Trying to find element: By.xpath: //ytd-topbar-menu-button-renderer[@class='style-scope ytd-masthead style-default']
2026-03-12 18:57:10.666 [TestNG-test-Yt Master Tests-2] INFO  [verifyingSideMenuCollapsedLangAsInSettingsLingua] [verifyingSideMenuCollapsedLangAsInSettingsLingua] Element found and ready (attempt 1): By.xpath: //ytd-topbar-menu-button-renderer[@class='style-scope ytd-masthead style-default']
2026-03-12 18:57:11.002 [TestNG-test-Yt Master Tests-2] INFO  [verifyingSideMenuCollapsedLangAsInSettingsLingua] [verifyingSideMenuCollapsedLangAsInSettingsLingua] Waiting until element is visible in viewport
2026-03-12 18:57:11.109 [TestNG-test-Yt Master Tests-2] INFO  [verifyingSideMenuCollapsedLangAsInSettingsLingua] [verifyingSideMenuCollapsedLangAsInSettingsLingua] Capturing screenshot: Filter Applied is 中文 (繁體)__2026-03-12_185711.jpg
2026-03-12 18:57:11.393 [TestNG-test-Yt Master Tests-2] INFO  [verifyingSideMenuCollapsedLangAsInSettingsLingua] [verifyingSideMenuCollapsedLangAsInSettingsLingua] Screenshot saved at: test-output/screenshots/Run_2026-03-12_18-35-07/verifyingSideMenuCollapsedLangAsInSettingsLingua/Filter Applied is 中文 (繁體)__2026-03-12_185711.jpg
2026-03-12 18:57:11.393 [TestNG-test-Yt Master Tests-2] INFO  [verifyingSideMenuCollapsedLangAsInSettingsLingua] Clicking settings ellipses button...
2026-03-12 18:57:11.413 [TestNG-test-Yt Master Tests-2] INFO  [verifyingSideMenuCollapsedLangAsInSettingsLingua] [verifyingSideMenuCollapsedLangAsInSettingsLingua] Trying to find element: By.xpath: //ytd-topbar-menu-button-renderer[@class='style-scope ytd-masthead style-default']
2026-03-12 18:57:11.464 [TestNG-test-Yt Master Tests-2] INFO  [verifyingSideMenuCollapsedLangAsInSettingsLingua] [verifyingSideMenuCollapsedLangAsInSettingsLingua] Element found and ready (attempt 1): By.xpath: //ytd-topbar-menu-button-renderer[@class='style-scope ytd-masthead style-default']
2026-03-12 18:57:11.519 [TestNG-test-Yt Master Tests-2] INFO  [verifyingSideMenuCollapsedLangAsInSettingsLingua] getLangAttribute() - locating <html> and reading lang property
2026-03-12 18:57:11.532 [TestNG-test-Yt Master Tests-2] INFO  [verifyingSideMenuCollapsedLangAsInSettingsLingua] Language attribute read: zh-Hant-TW
2026-03-12 18:57:11.532 [TestNG-test-Yt Master Tests-2] INFO  [verifyingSideMenuCollapsedLangAsInSettingsLingua] Fetching the side menu in collapsed view
2026-03-12 18:57:11.532 [TestNG-test-Yt Master Tests-2] INFO  [verifyingSideMenuCollapsedLangAsInSettingsLingua] [verifyingSideMenuCollapsedLangAsInSettingsLingua] Finding elements list: By.xpath: //ytd-mini-guide-renderer[@class='style-scope ytd-app']//ytd-mini-guide-entry-renderer
2026-03-12 18:57:11.616 [TestNG-test-Yt Master Tests-2] INFO  [verifyingSideMenuCollapsedLangAsInSettingsLingua] [verifyingSideMenuCollapsedLangAsInSettingsLingua] Found 4 ready elements (attempt 1): By.xpath: //ytd-mini-guide-renderer[@class='style-scope ytd-app']//ytd-mini-guide-entry-renderer
2026-03-12 18:57:11.714 [TestNG-test-Yt Master Tests-2] INFO  [verifyingSideMenuCollapsedLangAsInSettingsLingua] 
========== LANGUAGE DETECTION ==========
Detected Language : CHINESE
Input Text        : 首頁 Shorts 訂閱內容 個人中心
========================================
2026-03-12 18:57:11.714 [TestNG-test-Yt Master Tests-2] INFO  [verifyingSideMenuCollapsedLangAsInSettingsLingua] text sent to lingua is       首頁 Shorts 訂閱內容 個人中心
2026-03-12 18:57:11.714 [TestNG-test-Yt Master Tests-2] INFO  [verifyingSideMenuCollapsedLangAsInSettingsLingua] getLangAttribute() - locating <html> and reading lang property
2026-03-12 18:57:11.727 [TestNG-test-Yt Master Tests-2] INFO  [verifyingSideMenuCollapsedLangAsInSettingsLingua] Language attribute read: zh-Hant-TW
2026-03-12 18:57:11.727 [TestNG-test-Yt Master Tests-2] INFO  [verifyingSideMenuCollapsedLangAsInSettingsLingua] Clicking settings ellipses button...
2026-03-12 18:57:11.751 [TestNG-test-Yt Master Tests-2] INFO  [verifyingSideMenuCollapsedLangAsInSettingsLingua] [verifyingSideMenuCollapsedLangAsInSettingsLingua] Trying to find element: By.xpath: //ytd-topbar-menu-button-renderer[@class='style-scope ytd-masthead style-default']
2026-03-12 18:57:11.820 [TestNG-test-Yt Master Tests-2] INFO  [verifyingSideMenuCollapsedLangAsInSettingsLingua] [verifyingSideMenuCollapsedLangAsInSettingsLingua] Element found and ready (attempt 1): By.xpath: //ytd-topbar-menu-button-renderer[@class='style-scope ytd-masthead style-default']
2026-03-12 18:57:11.900 [TestNG-test-Yt Master Tests-2] INFO  [verifyingSideMenuCollapsedLangAsInSettingsLingua] Clicking language dropdown...
2026-03-12 18:57:11.900 [TestNG-test-Yt Master Tests-2] INFO  [verifyingSideMenuCollapsedLangAsInSettingsLingua] [verifyingSideMenuCollapsedLangAsInSettingsLingua] Trying to find element: By.xpath: (//div[@id='content-icon'])[2]
2026-03-12 18:57:12.577 [TestNG-test-Yt Master Tests-2] INFO  [verifyingSideMenuCollapsedLangAsInSettingsLingua] [verifyingSideMenuCollapsedLangAsInSettingsLingua] Element found and ready (attempt 1): By.xpath: (//div[@id='content-icon'])[2]
2026-03-12 18:57:13.004 [TestNG-test-Yt Master Tests-2] INFO  [verifyingSideMenuCollapsedLangAsInSettingsLingua] Looking for language element with name: 中文 (香港)
2026-03-12 18:57:13.004 [TestNG-test-Yt Master Tests-2] INFO  [verifyingSideMenuCollapsedLangAsInSettingsLingua] [verifyingSideMenuCollapsedLangAsInSettingsLingua] Trying to find element: By.xpath: //yt-multi-page-menu-section-renderer[@class='style-scope ytd-multi-page-menu-renderer']//yt-formatted-string[@id='label' and text()='中文 (香港)']
2026-03-12 18:57:13.138 [TestNG-test-Yt Master Tests-2] INFO  [verifyingSideMenuCollapsedLangAsInSettingsLingua] [verifyingSideMenuCollapsedLangAsInSettingsLingua] Element found and ready (attempt 1): By.xpath: //yt-multi-page-menu-section-renderer[@class='style-scope ytd-multi-page-menu-renderer']//yt-formatted-string[@id='label' and text()='中文 (香港)']
2026-03-12 18:57:13.138 [TestNG-test-Yt Master Tests-2] INFO  [verifyingSideMenuCollapsedLangAsInSettingsLingua] [verifyingSideMenuCollapsedLangAsInSettingsLingua] Trying to find element: By.xpath: //yt-multi-page-menu-section-renderer[@class='style-scope ytd-multi-page-menu-renderer']//yt-formatted-string[@id='label' and text()='中文 (香港)']
2026-03-12 18:57:13.199 [TestNG-test-Yt Master Tests-2] INFO  [verifyingSideMenuCollapsedLangAsInSettingsLingua] [verifyingSideMenuCollapsedLangAsInSettingsLingua] Element found and ready (attempt 1): By.xpath: //yt-multi-page-menu-section-renderer[@class='style-scope ytd-multi-page-menu-renderer']//yt-formatted-string[@id='label' and text()='中文 (香港)']
2026-03-12 18:57:15.534 [TestNG-test-Yt Master Tests-2] INFO  [verifyingSideMenuCollapsedLangAsInSettingsLingua] Clicking settings ellipses button...
2026-03-12 18:57:15.818 [TestNG-test-Yt Master Tests-2] INFO  [verifyingSideMenuCollapsedLangAsInSettingsLingua] [verifyingSideMenuCollapsedLangAsInSettingsLingua] Trying to find element: By.xpath: //ytd-topbar-menu-button-renderer[@class='style-scope ytd-masthead style-default']
2026-03-12 18:57:16.381 [TestNG-test-Yt Master Tests-2] INFO  [verifyingSideMenuCollapsedLangAsInSettingsLingua] [verifyingSideMenuCollapsedLangAsInSettingsLingua] Element found and ready (attempt 1): By.xpath: //ytd-topbar-menu-button-renderer[@class='style-scope ytd-masthead style-default']
2026-03-12 18:57:16.739 [TestNG-test-Yt Master Tests-2] INFO  [verifyingSideMenuCollapsedLangAsInSettingsLingua] [verifyingSideMenuCollapsedLangAsInSettingsLingua] Waiting until element is visible in viewport
2026-03-12 18:57:16.800 [TestNG-test-Yt Master Tests-2] INFO  [verifyingSideMenuCollapsedLangAsInSettingsLingua] [verifyingSideMenuCollapsedLangAsInSettingsLingua] Capturing screenshot: Filter Applied is 中文 (香港)__2026-03-12_185716.jpg
2026-03-12 18:57:17.191 [TestNG-test-Yt Master Tests-2] INFO  [verifyingSideMenuCollapsedLangAsInSettingsLingua] [verifyingSideMenuCollapsedLangAsInSettingsLingua] Screenshot saved at: test-output/screenshots/Run_2026-03-12_18-35-07/verifyingSideMenuCollapsedLangAsInSettingsLingua/Filter Applied is 中文 (香港)__2026-03-12_185716.jpg
2026-03-12 18:57:17.191 [TestNG-test-Yt Master Tests-2] INFO  [verifyingSideMenuCollapsedLangAsInSettingsLingua] Clicking settings ellipses button...
2026-03-12 18:57:17.215 [TestNG-test-Yt Master Tests-2] INFO  [verifyingSideMenuCollapsedLangAsInSettingsLingua] [verifyingSideMenuCollapsedLangAsInSettingsLingua] Trying to find element: By.xpath: //ytd-topbar-menu-button-renderer[@class='style-scope ytd-masthead style-default']
2026-03-12 18:57:17.274 [TestNG-test-Yt Master Tests-2] INFO  [verifyingSideMenuCollapsedLangAsInSettingsLingua] [verifyingSideMenuCollapsedLangAsInSettingsLingua] Element found and ready (attempt 1): By.xpath: //ytd-topbar-menu-button-renderer[@class='style-scope ytd-masthead style-default']
2026-03-12 18:57:17.335 [TestNG-test-Yt Master Tests-2] INFO  [verifyingSideMenuCollapsedLangAsInSettingsLingua] getLangAttribute() - locating <html> and reading lang property
2026-03-12 18:57:17.348 [TestNG-test-Yt Master Tests-2] INFO  [verifyingSideMenuCollapsedLangAsInSettingsLingua] Language attribute read: zh-Hant-HK
2026-03-12 18:57:17.348 [TestNG-test-Yt Master Tests-2] INFO  [verifyingSideMenuCollapsedLangAsInSettingsLingua] Fetching the side menu in collapsed view
2026-03-12 18:57:17.348 [TestNG-test-Yt Master Tests-2] INFO  [verifyingSideMenuCollapsedLangAsInSettingsLingua] [verifyingSideMenuCollapsedLangAsInSettingsLingua] Finding elements list: By.xpath: //ytd-mini-guide-renderer[@class='style-scope ytd-app']//ytd-mini-guide-entry-renderer
2026-03-12 18:57:17.414 [TestNG-test-Yt Master Tests-2] INFO  [verifyingSideMenuCollapsedLangAsInSettingsLingua] [verifyingSideMenuCollapsedLangAsInSettingsLingua] Found 4 ready elements (attempt 1): By.xpath: //ytd-mini-guide-renderer[@class='style-scope ytd-app']//ytd-mini-guide-entry-renderer
2026-03-12 18:57:17.502 [TestNG-test-Yt Master Tests-2] INFO  [verifyingSideMenuCollapsedLangAsInSettingsLingua] 
========== LANGUAGE DETECTION ==========
Detected Language : CHINESE
Input Text        : 主頁 Shorts 訂閱項目 個人中心
========================================
2026-03-12 18:57:17.502 [TestNG-test-Yt Master Tests-2] INFO  [verifyingSideMenuCollapsedLangAsInSettingsLingua] text sent to lingua is       主頁 Shorts 訂閱項目 個人中心
2026-03-12 18:57:17.502 [TestNG-test-Yt Master Tests-2] INFO  [verifyingSideMenuCollapsedLangAsInSettingsLingua] getLangAttribute() - locating <html> and reading lang property
2026-03-12 18:57:17.514 [TestNG-test-Yt Master Tests-2] INFO  [verifyingSideMenuCollapsedLangAsInSettingsLingua] Language attribute read: zh-Hant-HK
2026-03-12 18:57:17.514 [TestNG-test-Yt Master Tests-2] INFO  [verifyingSideMenuCollapsedLangAsInSettingsLingua] Clicking settings ellipses button...
2026-03-12 18:57:17.538 [TestNG-test-Yt Master Tests-2] INFO  [verifyingSideMenuCollapsedLangAsInSettingsLingua] [verifyingSideMenuCollapsedLangAsInSettingsLingua] Trying to find element: By.xpath: //ytd-topbar-menu-button-renderer[@class='style-scope ytd-masthead style-default']
2026-03-12 18:57:17.599 [TestNG-test-Yt Master Tests-2] INFO  [verifyingSideMenuCollapsedLangAsInSettingsLingua] [verifyingSideMenuCollapsedLangAsInSettingsLingua] Element found and ready (attempt 1): By.xpath: //ytd-topbar-menu-button-renderer[@class='style-scope ytd-masthead style-default']
2026-03-12 18:57:17.666 [TestNG-test-Yt Master Tests-2] INFO  [verifyingSideMenuCollapsedLangAsInSettingsLingua] Clicking language dropdown...
2026-03-12 18:57:17.666 [TestNG-test-Yt Master Tests-2] INFO  [verifyingSideMenuCollapsedLangAsInSettingsLingua] [verifyingSideMenuCollapsedLangAsInSettingsLingua] Trying to find element: By.xpath: (//div[@id='content-icon'])[2]
2026-03-12 18:57:18.319 [TestNG-test-Yt Master Tests-2] INFO  [verifyingSideMenuCollapsedLangAsInSettingsLingua] [verifyingSideMenuCollapsedLangAsInSettingsLingua] Element found and ready (attempt 1): By.xpath: (//div[@id='content-icon'])[2]
2026-03-12 18:57:18.916 [TestNG-test-Yt Master Tests-2] INFO  [verifyingSideMenuCollapsedLangAsInSettingsLingua] Looking for language element with name: 日本語
2026-03-12 18:57:18.916 [TestNG-test-Yt Master Tests-2] INFO  [verifyingSideMenuCollapsedLangAsInSettingsLingua] [verifyingSideMenuCollapsedLangAsInSettingsLingua] Trying to find element: By.xpath: //yt-multi-page-menu-section-renderer[@class='style-scope ytd-multi-page-menu-renderer']//yt-formatted-string[@id='label' and text()='日本語']
2026-03-12 18:57:19.013 [TestNG-test-Yt Master Tests-2] INFO  [verifyingSideMenuCollapsedLangAsInSettingsLingua] [verifyingSideMenuCollapsedLangAsInSettingsLingua] Element found and ready (attempt 1): By.xpath: //yt-multi-page-menu-section-renderer[@class='style-scope ytd-multi-page-menu-renderer']//yt-formatted-string[@id='label' and text()='日本語']
2026-03-12 18:57:19.013 [TestNG-test-Yt Master Tests-2] INFO  [verifyingSideMenuCollapsedLangAsInSettingsLingua] [verifyingSideMenuCollapsedLangAsInSettingsLingua] Trying to find element: By.xpath: //yt-multi-page-menu-section-renderer[@class='style-scope ytd-multi-page-menu-renderer']//yt-formatted-string[@id='label' and text()='日本語']
2026-03-12 18:57:19.078 [TestNG-test-Yt Master Tests-2] INFO  [verifyingSideMenuCollapsedLangAsInSettingsLingua] [verifyingSideMenuCollapsedLangAsInSettingsLingua] Element found and ready (attempt 1): By.xpath: //yt-multi-page-menu-section-renderer[@class='style-scope ytd-multi-page-menu-renderer']//yt-formatted-string[@id='label' and text()='日本語']
2026-03-12 18:57:21.897 [TestNG-test-Yt Master Tests-2] INFO  [verifyingSideMenuCollapsedLangAsInSettingsLingua] Clicking settings ellipses button...
2026-03-12 18:57:22.095 [TestNG-test-Yt Master Tests-2] INFO  [verifyingSideMenuCollapsedLangAsInSettingsLingua] [verifyingSideMenuCollapsedLangAsInSettingsLingua] Trying to find element: By.xpath: //ytd-topbar-menu-button-renderer[@class='style-scope ytd-masthead style-default']
2026-03-12 18:57:22.155 [TestNG-test-Yt Master Tests-2] INFO  [verifyingSideMenuCollapsedLangAsInSettingsLingua] [verifyingSideMenuCollapsedLangAsInSettingsLingua] Element found and ready (attempt 1): By.xpath: //ytd-topbar-menu-button-renderer[@class='style-scope ytd-masthead style-default']
2026-03-12 18:57:22.549 [TestNG-test-Yt Master Tests-2] INFO  [verifyingSideMenuCollapsedLangAsInSettingsLingua] [verifyingSideMenuCollapsedLangAsInSettingsLingua] Waiting until element is visible in viewport
2026-03-12 18:57:22.576 [TestNG-test-Yt Master Tests-2] INFO  [verifyingSideMenuCollapsedLangAsInSettingsLingua] [verifyingSideMenuCollapsedLangAsInSettingsLingua] Capturing screenshot: Filter Applied is 日本語__2026-03-12_185722.jpg
2026-03-12 18:57:23.024 [TestNG-test-Yt Master Tests-2] INFO  [verifyingSideMenuCollapsedLangAsInSettingsLingua] [verifyingSideMenuCollapsedLangAsInSettingsLingua] Screenshot saved at: test-output/screenshots/Run_2026-03-12_18-35-07/verifyingSideMenuCollapsedLangAsInSettingsLingua/Filter Applied is 日本語__2026-03-12_185722.jpg
2026-03-12 18:57:23.024 [TestNG-test-Yt Master Tests-2] INFO  [verifyingSideMenuCollapsedLangAsInSettingsLingua] Clicking settings ellipses button...
2026-03-12 18:57:23.064 [TestNG-test-Yt Master Tests-2] INFO  [verifyingSideMenuCollapsedLangAsInSettingsLingua] [verifyingSideMenuCollapsedLangAsInSettingsLingua] Trying to find element: By.xpath: //ytd-topbar-menu-button-renderer[@class='style-scope ytd-masthead style-default']
2026-03-12 18:57:23.172 [TestNG-test-Yt Master Tests-2] INFO  [verifyingSideMenuCollapsedLangAsInSettingsLingua] [verifyingSideMenuCollapsedLangAsInSettingsLingua] Element found and ready (attempt 1): By.xpath: //ytd-topbar-menu-button-renderer[@class='style-scope ytd-masthead style-default']
2026-03-12 18:57:23.230 [TestNG-test-Yt Master Tests-2] INFO  [verifyingSideMenuCollapsedLangAsInSettingsLingua] getLangAttribute() - locating <html> and reading lang property
2026-03-12 18:57:23.249 [TestNG-test-Yt Master Tests-2] INFO  [verifyingSideMenuCollapsedLangAsInSettingsLingua] Language attribute read: ja-JP
2026-03-12 18:57:23.249 [TestNG-test-Yt Master Tests-2] INFO  [verifyingSideMenuCollapsedLangAsInSettingsLingua] Fetching the side menu in collapsed view
2026-03-12 18:57:23.249 [TestNG-test-Yt Master Tests-2] INFO  [verifyingSideMenuCollapsedLangAsInSettingsLingua] [verifyingSideMenuCollapsedLangAsInSettingsLingua] Finding elements list: By.xpath: //ytd-mini-guide-renderer[@class='style-scope ytd-app']//ytd-mini-guide-entry-renderer
2026-03-12 18:57:23.335 [TestNG-test-Yt Master Tests-2] INFO  [verifyingSideMenuCollapsedLangAsInSettingsLingua] [verifyingSideMenuCollapsedLangAsInSettingsLingua] Found 4 ready elements (attempt 1): By.xpath: //ytd-mini-guide-renderer[@class='style-scope ytd-app']//ytd-mini-guide-entry-renderer
2026-03-12 18:57:23.447 [TestNG-test-Yt Master Tests-2] INFO  [verifyingSideMenuCollapsedLangAsInSettingsLingua] 
========== LANGUAGE DETECTION ==========
Detected Language : JAPANESE
Input Text        : ホーム ショート 登録チャンネル マイページ
========================================
2026-03-12 18:57:23.448 [TestNG-test-Yt Master Tests-2] INFO  [verifyingSideMenuCollapsedLangAsInSettingsLingua] text sent to lingua is       ホーム ショート 登録チャンネル マイページ
2026-03-12 18:57:23.448 [TestNG-test-Yt Master Tests-2] INFO  [verifyingSideMenuCollapsedLangAsInSettingsLingua] getLangAttribute() - locating <html> and reading lang property
2026-03-12 18:57:23.465 [TestNG-test-Yt Master Tests-2] INFO  [verifyingSideMenuCollapsedLangAsInSettingsLingua] Language attribute read: ja-JP
2026-03-12 18:57:23.465 [TestNG-test-Yt Master Tests-2] INFO  [verifyingSideMenuCollapsedLangAsInSettingsLingua] Clicking settings ellipses button...
2026-03-12 18:57:23.492 [TestNG-test-Yt Master Tests-2] INFO  [verifyingSideMenuCollapsedLangAsInSettingsLingua] [verifyingSideMenuCollapsedLangAsInSettingsLingua] Trying to find element: By.xpath: //ytd-topbar-menu-button-renderer[@class='style-scope ytd-masthead style-default']
2026-03-12 18:57:23.585 [TestNG-test-Yt Master Tests-2] INFO  [verifyingSideMenuCollapsedLangAsInSettingsLingua] [verifyingSideMenuCollapsedLangAsInSettingsLingua] Element found and ready (attempt 1): By.xpath: //ytd-topbar-menu-button-renderer[@class='style-scope ytd-masthead style-default']
2026-03-12 18:57:23.663 [TestNG-test-Yt Master Tests-2] INFO  [verifyingSideMenuCollapsedLangAsInSettingsLingua] Clicking language dropdown...
2026-03-12 18:57:23.663 [TestNG-test-Yt Master Tests-2] INFO  [verifyingSideMenuCollapsedLangAsInSettingsLingua] [verifyingSideMenuCollapsedLangAsInSettingsLingua] Trying to find element: By.xpath: (//div[@id='content-icon'])[2]
2026-03-12 18:57:24.239 [TestNG-test-Yt Master Tests-2] INFO  [verifyingSideMenuCollapsedLangAsInSettingsLingua] [verifyingSideMenuCollapsedLangAsInSettingsLingua] Element found and ready (attempt 1): By.xpath: (//div[@id='content-icon'])[2]
2026-03-12 18:57:24.695 [TestNG-test-Yt Master Tests-2] INFO  [verifyingSideMenuCollapsedLangAsInSettingsLingua] Looking for language element with name: 한국어
2026-03-12 18:57:24.695 [TestNG-test-Yt Master Tests-2] INFO  [verifyingSideMenuCollapsedLangAsInSettingsLingua] [verifyingSideMenuCollapsedLangAsInSettingsLingua] Trying to find element: By.xpath: //yt-multi-page-menu-section-renderer[@class='style-scope ytd-multi-page-menu-renderer']//yt-formatted-string[@id='label' and text()='한국어']
2026-03-12 18:57:24.844 [TestNG-test-Yt Master Tests-2] INFO  [verifyingSideMenuCollapsedLangAsInSettingsLingua] [verifyingSideMenuCollapsedLangAsInSettingsLingua] Element found and ready (attempt 1): By.xpath: //yt-multi-page-menu-section-renderer[@class='style-scope ytd-multi-page-menu-renderer']//yt-formatted-string[@id='label' and text()='한국어']
2026-03-12 18:57:24.845 [TestNG-test-Yt Master Tests-2] INFO  [verifyingSideMenuCollapsedLangAsInSettingsLingua] [verifyingSideMenuCollapsedLangAsInSettingsLingua] Trying to find element: By.xpath: //yt-multi-page-menu-section-renderer[@class='style-scope ytd-multi-page-menu-renderer']//yt-formatted-string[@id='label' and text()='한국어']
2026-03-12 18:57:24.907 [TestNG-test-Yt Master Tests-2] INFO  [verifyingSideMenuCollapsedLangAsInSettingsLingua] [verifyingSideMenuCollapsedLangAsInSettingsLingua] Element found and ready (attempt 1): By.xpath: //yt-multi-page-menu-section-renderer[@class='style-scope ytd-multi-page-menu-renderer']//yt-formatted-string[@id='label' and text()='한국어']
2026-03-12 18:57:26.597 [TestNG-test-Yt Master Tests-2] INFO  [verifyingSideMenuCollapsedLangAsInSettingsLingua] Clicking settings ellipses button...
2026-03-12 18:57:26.995 [TestNG-test-Yt Master Tests-2] INFO  [verifyingSideMenuCollapsedLangAsInSettingsLingua] [verifyingSideMenuCollapsedLangAsInSettingsLingua] Trying to find element: By.xpath: //ytd-topbar-menu-button-renderer[@class='style-scope ytd-masthead style-default']
2026-03-12 18:57:27.170 [TestNG-test-Yt Master Tests-2] INFO  [verifyingSideMenuCollapsedLangAsInSettingsLingua] [verifyingSideMenuCollapsedLangAsInSettingsLingua] Element found and ready (attempt 1): By.xpath: //ytd-topbar-menu-button-renderer[@class='style-scope ytd-masthead style-default']
2026-03-12 18:57:27.360 [TestNG-test-Yt Master Tests-2] INFO  [verifyingSideMenuCollapsedLangAsInSettingsLingua] [verifyingSideMenuCollapsedLangAsInSettingsLingua] Waiting until element is visible in viewport
2026-03-12 18:57:27.480 [TestNG-test-Yt Master Tests-2] INFO  [verifyingSideMenuCollapsedLangAsInSettingsLingua] [verifyingSideMenuCollapsedLangAsInSettingsLingua] Capturing screenshot: Filter Applied is 한국어__2026-03-12_185727.jpg
2026-03-12 18:57:27.781 [TestNG-test-Yt Master Tests-2] INFO  [verifyingSideMenuCollapsedLangAsInSettingsLingua] [verifyingSideMenuCollapsedLangAsInSettingsLingua] Screenshot saved at: test-output/screenshots/Run_2026-03-12_18-35-07/verifyingSideMenuCollapsedLangAsInSettingsLingua/Filter Applied is 한국어__2026-03-12_185727.jpg
2026-03-12 18:57:27.781 [TestNG-test-Yt Master Tests-2] INFO  [verifyingSideMenuCollapsedLangAsInSettingsLingua] Clicking settings ellipses button...
2026-03-12 18:57:27.801 [TestNG-test-Yt Master Tests-2] INFO  [verifyingSideMenuCollapsedLangAsInSettingsLingua] [verifyingSideMenuCollapsedLangAsInSettingsLingua] Trying to find element: By.xpath: //ytd-topbar-menu-button-renderer[@class='style-scope ytd-masthead style-default']
2026-03-12 18:57:27.848 [TestNG-test-Yt Master Tests-2] INFO  [verifyingSideMenuCollapsedLangAsInSettingsLingua] [verifyingSideMenuCollapsedLangAsInSettingsLingua] Element found and ready (attempt 1): By.xpath: //ytd-topbar-menu-button-renderer[@class='style-scope ytd-masthead style-default']
2026-03-12 18:57:27.900 [TestNG-test-Yt Master Tests-2] INFO  [verifyingSideMenuCollapsedLangAsInSettingsLingua] getLangAttribute() - locating <html> and reading lang property
2026-03-12 18:57:27.913 [TestNG-test-Yt Master Tests-2] INFO  [verifyingSideMenuCollapsedLangAsInSettingsLingua] Language attribute read: ko-KR
2026-03-12 18:57:27.913 [TestNG-test-Yt Master Tests-2] INFO  [verifyingSideMenuCollapsedLangAsInSettingsLingua] Fetching the side menu in collapsed view
2026-03-12 18:57:27.913 [TestNG-test-Yt Master Tests-2] INFO  [verifyingSideMenuCollapsedLangAsInSettingsLingua] [verifyingSideMenuCollapsedLangAsInSettingsLingua] Finding elements list: By.xpath: //ytd-mini-guide-renderer[@class='style-scope ytd-app']//ytd-mini-guide-entry-renderer
2026-03-12 18:57:27.978 [TestNG-test-Yt Master Tests-2] INFO  [verifyingSideMenuCollapsedLangAsInSettingsLingua] [verifyingSideMenuCollapsedLangAsInSettingsLingua] Found 4 ready elements (attempt 1): By.xpath: //ytd-mini-guide-renderer[@class='style-scope ytd-app']//ytd-mini-guide-entry-renderer
2026-03-12 18:57:28.089 [TestNG-test-Yt Master Tests-2] INFO  [verifyingSideMenuCollapsedLangAsInSettingsLingua] 
========== LANGUAGE DETECTION ==========
Detected Language : KOREAN
Input Text        : 홈 Shorts 구독 내 페이지
========================================
2026-03-12 18:57:28.089 [TestNG-test-Yt Master Tests-2] INFO  [verifyingSideMenuCollapsedLangAsInSettingsLingua] text sent to lingua is       홈 Shorts 구독 내 페이지
2026-03-12 18:57:28.089 [TestNG-test-Yt Master Tests-2] INFO  [verifyingSideMenuCollapsedLangAsInSettingsLingua] getLangAttribute() - locating <html> and reading lang property
2026-03-12 18:57:28.102 [TestNG-test-Yt Master Tests-2] INFO  [verifyingSideMenuCollapsedLangAsInSettingsLingua] Language attribute read: ko-KR
2026-03-12 18:57:28.102 [TestNG-test-Yt Master Tests-2] INFO  [verifyingSideMenuCollapsedLangAsInSettingsLingua] Clicking settings ellipses button...
2026-03-12 18:57:28.123 [TestNG-test-Yt Master Tests-2] INFO  [verifyingSideMenuCollapsedLangAsInSettingsLingua] [verifyingSideMenuCollapsedLangAsInSettingsLingua] Trying to find element: By.xpath: //ytd-topbar-menu-button-renderer[@class='style-scope ytd-masthead style-default']
2026-03-12 18:57:28.186 [TestNG-test-Yt Master Tests-2] INFO  [verifyingSideMenuCollapsedLangAsInSettingsLingua] [verifyingSideMenuCollapsedLangAsInSettingsLingua] Element found and ready (attempt 1): By.xpath: //ytd-topbar-menu-button-renderer[@class='style-scope ytd-masthead style-default']
2026-03-12 18:57:28.254 [TestNG-test-Yt Master Tests-2] INFO  [verifyingSideMenuCollapsedLangAsInSettingsLingua] Clicking language dropdown...
2026-03-12 18:57:28.254 [TestNG-test-Yt Master Tests-2] INFO  [verifyingSideMenuCollapsedLangAsInSettingsLingua] [verifyingSideMenuCollapsedLangAsInSettingsLingua] Trying to find element: By.xpath: (//div[@id='content-icon'])[2]
2026-03-12 18:57:28.925 [TestNG-test-Yt Master Tests-2] INFO  [verifyingSideMenuCollapsedLangAsInSettingsLingua] [verifyingSideMenuCollapsedLangAsInSettingsLingua] Element found and ready (attempt 1): By.xpath: (//div[@id='content-icon'])[2]
2026-03-12 18:57:29.428 [TestNG-test-Yt Master Tests-2] INFO  [verifyingSideMenuCollapsedLangAsInSettingsLingua] [verifyingSideMenuCollapsedLangAsInSettingsLingua] Not retrying test 'verifyingSideMenuCollapsedLangAsInSettingsLingua'. Retry count: 0, Cause: The following asserts failed:
	Language detection mismatch for language=Azərbaycan expected [AZERBAIJANI] but found [TURKISH],
	Language detection mismatch for language=Bahasa Indonesia expected [INDONESIAN] but found [ENGLISH],
	Language detection mismatch for language=Bosanski expected [CROATIAN] but found [BOSNIAN],
	Language detection mismatch for language=Hrvatski expected [CROATIAN] but found [BOSNIAN]
2026-03-12 18:57:29.489 [TestNG-test-Yt Master Tests-2] ERROR [verifyingSideMenuCollapsedLangAsInSettingsLingua] Test FAILED: verifyingSideMenuCollapsedLangAsInSettingsLingua - java.lang.AssertionError: The following asserts failed:
	Language detection mismatch for language=Azərbaycan expected [AZERBAIJANI] but found [TURKISH],
	Language detection mismatch for language=Bahasa Indonesia expected [INDONESIAN] but found [ENGLISH],
	Language detection mismatch for language=Bosanski expected [CROATIAN] but found [BOSNIAN],
	Language detection mismatch for language=Hrvatski expected [CROATIAN] but found [BOSNIAN]
2026-03-12 18:57:29.489 [TestNG-test-Yt Master Tests-2] INFO  [verifyingSideMenuCollapsedLangAsInSettingsLingua] Closing WebDriver for thread: 35
2026-03-12 18:57:30.196 [TestNG-test-Yt Master Tests-2] INFO  [verifyingSideMenuCollapsedLangAsInSettingsLingua] WebDriver instance removed from ThreadLocal for thread: 35
2026-03-12 18:57:30.196 [TestNG-test-Yt Master Tests-2] INFO  [verifyingSideMenuCollapsedLangAsInSettingsLingua] Driver closed for test: verifyingSideMenuCollapsedLangAsInSettingsLingua
