18:33:22 [TestNG-test-Yt Master Tests-2] INFO  verifyingSideMenuCollapsedLangAsInSettings_18-33-22 - No existing WebDriver found for current thread. Initializing a new ChromeDriver...
18:33:22 [TestNG-test-Yt Master Tests-2] INFO  verifyingSideMenuCollapsedLangAsInSettings_18-33-22 - WebDriverManager: chromedriver setup OK
18:33:25 [TestNG-test-Yt Master Tests-2] INFO  verifyingSideMenuCollapsedLangAsInSettings_18-33-22 - ChromeDriver initialized successfully for thread: 35
18:33:25 [TestNG-test-Yt Master Tests-2] INFO  verifyingSideMenuCollapsedLangAsInSettings_18-33-22 - SafeActions initialized with driver ChromeDriver: chrome on windows (a4c87e67926893a222a7f86aa3226f9e)
18:33:25 [TestNG-test-Yt Master Tests-2] INFO  verifyingSideMenuCollapsedLangAsInSettings_18-33-22 - Initialized YtLandingPage with driver: ChromeDriver: chrome on windows (a4c87e67926893a222a7f86aa3226f9e)
18:33:25 [TestNG-test-Yt Master Tests-2] INFO  verifyingSideMenuCollapsedLangAsInSettings_18-33-22 - SafeActions initialized with driver ChromeDriver: chrome on windows (a4c87e67926893a222a7f86aa3226f9e)
18:33:30 [TestNG-test-Yt Master Tests-2] INFO  verifyingSideMenuCollapsedLangAsInSettings_18-33-22 - Opened YouTube landing page.
18:33:30 [TestNG-test-Yt Master Tests-2] INFO  verifyingSideMenuCollapsedLangAsInSettings_18-33-22 - Clicking left ellipses in the landing page
18:33:30 [TestNG-test-Yt Master Tests-2] INFO  verifyingSideMenuCollapsedLangAsInSettings_18-33-22 - [verifyingSideMenuCollapsedLangAsInSettings_18-33-22] Trying to find element: By.xpath: //ytd-topbar-logo-renderer[@id='logo']/preceding-sibling::*[@id='guide-button']
18:33:30 [TestNG-test-Yt Master Tests-2] INFO  verifyingSideMenuCollapsedLangAsInSettings_18-33-22 - [verifyingSideMenuCollapsedLangAsInSettings_18-33-22] Element found and ready (attempt 1): By.xpath: //ytd-topbar-logo-renderer[@id='logo']/preceding-sibling::*[@id='guide-button']
18:33:30 [TestNG-test-Yt Master Tests-2] INFO  verifyingSideMenuCollapsedLangAsInSettings_18-33-22 - Clicking settings ellipses button...
18:33:31 [TestNG-test-Yt Master Tests-2] INFO  verifyingSideMenuCollapsedLangAsInSettings_18-33-22 - [verifyingSideMenuCollapsedLangAsInSettings_18-33-22] Trying to find element: By.xpath: //ytd-topbar-menu-button-renderer[@class='style-scope ytd-masthead style-default']
18:33:31 [TestNG-test-Yt Master Tests-2] INFO  verifyingSideMenuCollapsedLangAsInSettings_18-33-22 - [verifyingSideMenuCollapsedLangAsInSettings_18-33-22] Element found and ready (attempt 1): By.xpath: //ytd-topbar-menu-button-renderer[@class='style-scope ytd-masthead style-default']
18:33:31 [TestNG-test-Yt Master Tests-2] INFO  verifyingSideMenuCollapsedLangAsInSettings_18-33-22 - Clicking language dropdown...
18:33:31 [TestNG-test-Yt Master Tests-2] INFO  verifyingSideMenuCollapsedLangAsInSettings_18-33-22 - [verifyingSideMenuCollapsedLangAsInSettings_18-33-22] Trying to find element: By.xpath: (//div[@id='content-icon'])[2]
18:33:32 [TestNG-test-Yt Master Tests-2] INFO  verifyingSideMenuCollapsedLangAsInSettings_18-33-22 - [verifyingSideMenuCollapsedLangAsInSettings_18-33-22] Element found and ready (attempt 1): By.xpath: (//div[@id='content-icon'])[2]
18:33:32 [TestNG-test-Yt Master Tests-2] INFO  verifyingSideMenuCollapsedLangAsInSettings_18-33-22 - [verifyingSideMenuCollapsedLangAsInSettings_18-33-22] Execution is scheduled type /CRON Job on CI Hence refering to CI keys from UtilData
18:33:32 [TestNG-test-Yt Master Tests-2] INFO  verifyingSideMenuCollapsedLangAsInSettings_18-33-22 - Looking for language element with name: Afrikaans
18:33:32 [TestNG-test-Yt Master Tests-2] INFO  verifyingSideMenuCollapsedLangAsInSettings_18-33-22 - [verifyingSideMenuCollapsedLangAsInSettings_18-33-22] Trying to find element: By.xpath: //yt-multi-page-menu-section-renderer[@class='style-scope ytd-multi-page-menu-renderer']//yt-formatted-string[@id='label' and text()='Afrikaans']
18:33:32 [TestNG-test-Yt Master Tests-2] INFO  verifyingSideMenuCollapsedLangAsInSettings_18-33-22 - [verifyingSideMenuCollapsedLangAsInSettings_18-33-22] Element found and ready (attempt 1): By.xpath: //yt-multi-page-menu-section-renderer[@class='style-scope ytd-multi-page-menu-renderer']//yt-formatted-string[@id='label' and text()='Afrikaans']
18:33:32 [TestNG-test-Yt Master Tests-2] INFO  verifyingSideMenuCollapsedLangAsInSettings_18-33-22 - [verifyingSideMenuCollapsedLangAsInSettings_18-33-22] Trying to find element: By.xpath: //yt-multi-page-menu-section-renderer[@class='style-scope ytd-multi-page-menu-renderer']//yt-formatted-string[@id='label' and text()='Afrikaans']
18:33:33 [TestNG-test-Yt Master Tests-2] INFO  verifyingSideMenuCollapsedLangAsInSettings_18-33-22 - [verifyingSideMenuCollapsedLangAsInSettings_18-33-22] Element found and ready (attempt 1): By.xpath: //yt-multi-page-menu-section-renderer[@class='style-scope ytd-multi-page-menu-renderer']//yt-formatted-string[@id='label' and text()='Afrikaans']
18:33:36 [TestNG-test-Yt Master Tests-2] INFO  verifyingSideMenuCollapsedLangAsInSettings_18-33-22 - Clicking settings ellipses button...
18:33:36 [TestNG-test-Yt Master Tests-2] INFO  verifyingSideMenuCollapsedLangAsInSettings_18-33-22 - [verifyingSideMenuCollapsedLangAsInSettings_18-33-22] Trying to find element: By.xpath: //ytd-topbar-menu-button-renderer[@class='style-scope ytd-masthead style-default']
18:33:36 [TestNG-test-Yt Master Tests-2] INFO  verifyingSideMenuCollapsedLangAsInSettings_18-33-22 - [verifyingSideMenuCollapsedLangAsInSettings_18-33-22] Element found and ready (attempt 1): By.xpath: //ytd-topbar-menu-button-renderer[@class='style-scope ytd-masthead style-default']
18:33:37 [TestNG-test-Yt Master Tests-2] INFO  verifyingSideMenuCollapsedLangAsInSettings_18-33-22 - [verifyingSideMenuCollapsedLangAsInSettings_18-33-22] Waiting until element is visible in viewport
18:33:37 [TestNG-test-Yt Master Tests-2] INFO  verifyingSideMenuCollapsedLangAsInSettings_18-33-22 - Clicking settings ellipses button...
18:33:37 [TestNG-test-Yt Master Tests-2] INFO  verifyingSideMenuCollapsedLangAsInSettings_18-33-22 - [verifyingSideMenuCollapsedLangAsInSettings_18-33-22] Trying to find element: By.xpath: //ytd-topbar-menu-button-renderer[@class='style-scope ytd-masthead style-default']
18:33:37 [TestNG-test-Yt Master Tests-2] INFO  verifyingSideMenuCollapsedLangAsInSettings_18-33-22 - [verifyingSideMenuCollapsedLangAsInSettings_18-33-22] Element found and ready (attempt 1): By.xpath: //ytd-topbar-menu-button-renderer[@class='style-scope ytd-masthead style-default']
18:33:38 [TestNG-test-Yt Master Tests-2] INFO  verifyingSideMenuCollapsedLangAsInSettings_18-33-22 - getLangAttribute() - locating <html> and reading lang property
18:33:38 [TestNG-test-Yt Master Tests-2] INFO  verifyingSideMenuCollapsedLangAsInSettings_18-33-22 - Language attribute read: af-ZA
18:33:38 [TestNG-test-Yt Master Tests-2] INFO  verifyingSideMenuCollapsedLangAsInSettings_18-33-22 - Fetching the side menu in collapsed view
18:33:38 [TestNG-test-Yt Master Tests-2] INFO  verifyingSideMenuCollapsedLangAsInSettings_18-33-22 - [verifyingSideMenuCollapsedLangAsInSettings_18-33-22] Finding elements list: By.xpath: //ytd-mini-guide-renderer[@class='style-scope ytd-app']//ytd-mini-guide-entry-renderer
18:33:38 [TestNG-test-Yt Master Tests-2] INFO  verifyingSideMenuCollapsedLangAsInSettings_18-33-22 - [verifyingSideMenuCollapsedLangAsInSettings_18-33-22] Found 4 ready elements (attempt 1): By.xpath: //ytd-mini-guide-renderer[@class='style-scope ytd-app']//ytd-mini-guide-entry-renderer
18:33:38 [TestNG-test-Yt Master Tests-2] INFO  verifyingSideMenuCollapsedLangAsInSettings_18-33-22 - Clicking settings ellipses button...
18:33:38 [TestNG-test-Yt Master Tests-2] INFO  verifyingSideMenuCollapsedLangAsInSettings_18-33-22 - [verifyingSideMenuCollapsedLangAsInSettings_18-33-22] Trying to find element: By.xpath: //ytd-topbar-menu-button-renderer[@class='style-scope ytd-masthead style-default']
18:33:38 [TestNG-test-Yt Master Tests-2] INFO  verifyingSideMenuCollapsedLangAsInSettings_18-33-22 - [verifyingSideMenuCollapsedLangAsInSettings_18-33-22] Element found and ready (attempt 1): By.xpath: //ytd-topbar-menu-button-renderer[@class='style-scope ytd-masthead style-default']
18:33:38 [TestNG-test-Yt Master Tests-2] INFO  verifyingSideMenuCollapsedLangAsInSettings_18-33-22 - Clicking language dropdown...
18:33:38 [TestNG-test-Yt Master Tests-2] INFO  verifyingSideMenuCollapsedLangAsInSettings_18-33-22 - [verifyingSideMenuCollapsedLangAsInSettings_18-33-22] Trying to find element: By.xpath: (//div[@id='content-icon'])[2]
18:33:39 [TestNG-test-Yt Master Tests-2] INFO  verifyingSideMenuCollapsedLangAsInSettings_18-33-22 - [verifyingSideMenuCollapsedLangAsInSettings_18-33-22] Element found and ready (attempt 1): By.xpath: (//div[@id='content-icon'])[2]
18:33:40 [TestNG-test-Yt Master Tests-2] INFO  verifyingSideMenuCollapsedLangAsInSettings_18-33-22 - Looking for language element with name: Azərbaycan
18:33:40 [TestNG-test-Yt Master Tests-2] INFO  verifyingSideMenuCollapsedLangAsInSettings_18-33-22 - [verifyingSideMenuCollapsedLangAsInSettings_18-33-22] Trying to find element: By.xpath: //yt-multi-page-menu-section-renderer[@class='style-scope ytd-multi-page-menu-renderer']//yt-formatted-string[@id='label' and text()='Azərbaycan']
18:33:40 [TestNG-test-Yt Master Tests-2] INFO  verifyingSideMenuCollapsedLangAsInSettings_18-33-22 - [verifyingSideMenuCollapsedLangAsInSettings_18-33-22] Element found and ready (attempt 1): By.xpath: //yt-multi-page-menu-section-renderer[@class='style-scope ytd-multi-page-menu-renderer']//yt-formatted-string[@id='label' and text()='Azərbaycan']
18:33:40 [TestNG-test-Yt Master Tests-2] INFO  verifyingSideMenuCollapsedLangAsInSettings_18-33-22 - [verifyingSideMenuCollapsedLangAsInSettings_18-33-22] Trying to find element: By.xpath: //yt-multi-page-menu-section-renderer[@class='style-scope ytd-multi-page-menu-renderer']//yt-formatted-string[@id='label' and text()='Azərbaycan']
18:33:41 [TestNG-test-Yt Master Tests-2] INFO  verifyingSideMenuCollapsedLangAsInSettings_18-33-22 - [verifyingSideMenuCollapsedLangAsInSettings_18-33-22] Element found and ready (attempt 1): By.xpath: //yt-multi-page-menu-section-renderer[@class='style-scope ytd-multi-page-menu-renderer']//yt-formatted-string[@id='label' and text()='Azərbaycan']
18:33:43 [TestNG-test-Yt Master Tests-2] INFO  verifyingSideMenuCollapsedLangAsInSettings_18-33-22 - Clicking settings ellipses button...
18:33:43 [TestNG-test-Yt Master Tests-2] INFO  verifyingSideMenuCollapsedLangAsInSettings_18-33-22 - [verifyingSideMenuCollapsedLangAsInSettings_18-33-22] Trying to find element: By.xpath: //ytd-topbar-menu-button-renderer[@class='style-scope ytd-masthead style-default']
18:33:44 [TestNG-test-Yt Master Tests-2] INFO  verifyingSideMenuCollapsedLangAsInSettings_18-33-22 - [verifyingSideMenuCollapsedLangAsInSettings_18-33-22] Element found and ready (attempt 1): By.xpath: //ytd-topbar-menu-button-renderer[@class='style-scope ytd-masthead style-default']
18:33:44 [TestNG-test-Yt Master Tests-2] INFO  verifyingSideMenuCollapsedLangAsInSettings_18-33-22 - [verifyingSideMenuCollapsedLangAsInSettings_18-33-22] Waiting until element is visible in viewport
18:33:45 [TestNG-test-Yt Master Tests-2] INFO  verifyingSideMenuCollapsedLangAsInSettings_18-33-22 - Clicking settings ellipses button...
18:33:45 [TestNG-test-Yt Master Tests-2] INFO  verifyingSideMenuCollapsedLangAsInSettings_18-33-22 - [verifyingSideMenuCollapsedLangAsInSettings_18-33-22] Trying to find element: By.xpath: //ytd-topbar-menu-button-renderer[@class='style-scope ytd-masthead style-default']
18:33:45 [TestNG-test-Yt Master Tests-2] INFO  verifyingSideMenuCollapsedLangAsInSettings_18-33-22 - [verifyingSideMenuCollapsedLangAsInSettings_18-33-22] Element found and ready (attempt 1): By.xpath: //ytd-topbar-menu-button-renderer[@class='style-scope ytd-masthead style-default']
18:33:45 [TestNG-test-Yt Master Tests-2] INFO  verifyingSideMenuCollapsedLangAsInSettings_18-33-22 - getLangAttribute() - locating <html> and reading lang property
18:33:45 [TestNG-test-Yt Master Tests-2] INFO  verifyingSideMenuCollapsedLangAsInSettings_18-33-22 - Language attribute read: az-Latn-AZ
18:33:45 [TestNG-test-Yt Master Tests-2] INFO  verifyingSideMenuCollapsedLangAsInSettings_18-33-22 - Fetching the side menu in collapsed view
18:33:45 [TestNG-test-Yt Master Tests-2] INFO  verifyingSideMenuCollapsedLangAsInSettings_18-33-22 - [verifyingSideMenuCollapsedLangAsInSettings_18-33-22] Finding elements list: By.xpath: //ytd-mini-guide-renderer[@class='style-scope ytd-app']//ytd-mini-guide-entry-renderer
18:33:46 [TestNG-test-Yt Master Tests-2] INFO  verifyingSideMenuCollapsedLangAsInSettings_18-33-22 - [verifyingSideMenuCollapsedLangAsInSettings_18-33-22] Found 4 ready elements (attempt 1): By.xpath: //ytd-mini-guide-renderer[@class='style-scope ytd-app']//ytd-mini-guide-entry-renderer
18:33:46 [TestNG-test-Yt Master Tests-2] INFO  verifyingSideMenuCollapsedLangAsInSettings_18-33-22 - Clicking settings ellipses button...
18:33:46 [TestNG-test-Yt Master Tests-2] INFO  verifyingSideMenuCollapsedLangAsInSettings_18-33-22 - [verifyingSideMenuCollapsedLangAsInSettings_18-33-22] Trying to find element: By.xpath: //ytd-topbar-menu-button-renderer[@class='style-scope ytd-masthead style-default']
18:33:46 [TestNG-test-Yt Master Tests-2] INFO  verifyingSideMenuCollapsedLangAsInSettings_18-33-22 - [verifyingSideMenuCollapsedLangAsInSettings_18-33-22] Element found and ready (attempt 1): By.xpath: //ytd-topbar-menu-button-renderer[@class='style-scope ytd-masthead style-default']
18:33:46 [TestNG-test-Yt Master Tests-2] INFO  verifyingSideMenuCollapsedLangAsInSettings_18-33-22 - Clicking language dropdown...
18:33:46 [TestNG-test-Yt Master Tests-2] INFO  verifyingSideMenuCollapsedLangAsInSettings_18-33-22 - [verifyingSideMenuCollapsedLangAsInSettings_18-33-22] Trying to find element: By.xpath: (//div[@id='content-icon'])[2]
18:33:47 [TestNG-test-Yt Master Tests-2] INFO  verifyingSideMenuCollapsedLangAsInSettings_18-33-22 - [verifyingSideMenuCollapsedLangAsInSettings_18-33-22] Element found and ready (attempt 1): By.xpath: (//div[@id='content-icon'])[2]
18:33:48 [TestNG-test-Yt Master Tests-2] INFO  verifyingSideMenuCollapsedLangAsInSettings_18-33-22 - Looking for language element with name: Bahasa Indonesia
18:33:48 [TestNG-test-Yt Master Tests-2] INFO  verifyingSideMenuCollapsedLangAsInSettings_18-33-22 - [verifyingSideMenuCollapsedLangAsInSettings_18-33-22] Trying to find element: By.xpath: //yt-multi-page-menu-section-renderer[@class='style-scope ytd-multi-page-menu-renderer']//yt-formatted-string[@id='label' and text()='Bahasa Indonesia']
18:33:48 [TestNG-test-Yt Master Tests-2] INFO  verifyingSideMenuCollapsedLangAsInSettings_18-33-22 - [verifyingSideMenuCollapsedLangAsInSettings_18-33-22] Element found and ready (attempt 1): By.xpath: //yt-multi-page-menu-section-renderer[@class='style-scope ytd-multi-page-menu-renderer']//yt-formatted-string[@id='label' and text()='Bahasa Indonesia']
18:33:48 [TestNG-test-Yt Master Tests-2] INFO  verifyingSideMenuCollapsedLangAsInSettings_18-33-22 - [verifyingSideMenuCollapsedLangAsInSettings_18-33-22] Trying to find element: By.xpath: //yt-multi-page-menu-section-renderer[@class='style-scope ytd-multi-page-menu-renderer']//yt-formatted-string[@id='label' and text()='Bahasa Indonesia']
18:33:48 [TestNG-test-Yt Master Tests-2] INFO  verifyingSideMenuCollapsedLangAsInSettings_18-33-22 - [verifyingSideMenuCollapsedLangAsInSettings_18-33-22] Element found and ready (attempt 1): By.xpath: //yt-multi-page-menu-section-renderer[@class='style-scope ytd-multi-page-menu-renderer']//yt-formatted-string[@id='label' and text()='Bahasa Indonesia']
18:33:50 [TestNG-test-Yt Master Tests-2] INFO  verifyingSideMenuCollapsedLangAsInSettings_18-33-22 - Clicking settings ellipses button...
18:33:50 [TestNG-test-Yt Master Tests-2] INFO  verifyingSideMenuCollapsedLangAsInSettings_18-33-22 - [verifyingSideMenuCollapsedLangAsInSettings_18-33-22] Trying to find element: By.xpath: //ytd-topbar-menu-button-renderer[@class='style-scope ytd-masthead style-default']
18:33:50 [TestNG-test-Yt Master Tests-2] INFO  verifyingSideMenuCollapsedLangAsInSettings_18-33-22 - [verifyingSideMenuCollapsedLangAsInSettings_18-33-22] Element found and ready (attempt 1): By.xpath: //ytd-topbar-menu-button-renderer[@class='style-scope ytd-masthead style-default']
18:33:51 [TestNG-test-Yt Master Tests-2] INFO  verifyingSideMenuCollapsedLangAsInSettings_18-33-22 - [verifyingSideMenuCollapsedLangAsInSettings_18-33-22] Waiting until element is visible in viewport
18:33:51 [TestNG-test-Yt Master Tests-2] INFO  verifyingSideMenuCollapsedLangAsInSettings_18-33-22 - Clicking settings ellipses button...
18:33:51 [TestNG-test-Yt Master Tests-2] INFO  verifyingSideMenuCollapsedLangAsInSettings_18-33-22 - [verifyingSideMenuCollapsedLangAsInSettings_18-33-22] Trying to find element: By.xpath: //ytd-topbar-menu-button-renderer[@class='style-scope ytd-masthead style-default']
18:33:52 [TestNG-test-Yt Master Tests-2] INFO  verifyingSideMenuCollapsedLangAsInSettings_18-33-22 - [verifyingSideMenuCollapsedLangAsInSettings_18-33-22] Element found and ready (attempt 1): By.xpath: //ytd-topbar-menu-button-renderer[@class='style-scope ytd-masthead style-default']
18:33:52 [TestNG-test-Yt Master Tests-2] INFO  verifyingSideMenuCollapsedLangAsInSettings_18-33-22 - getLangAttribute() - locating <html> and reading lang property
18:33:52 [TestNG-test-Yt Master Tests-2] INFO  verifyingSideMenuCollapsedLangAsInSettings_18-33-22 - Language attribute read: id-ID
18:33:52 [TestNG-test-Yt Master Tests-2] INFO  verifyingSideMenuCollapsedLangAsInSettings_18-33-22 - Fetching the side menu in collapsed view
18:33:52 [TestNG-test-Yt Master Tests-2] INFO  verifyingSideMenuCollapsedLangAsInSettings_18-33-22 - [verifyingSideMenuCollapsedLangAsInSettings_18-33-22] Finding elements list: By.xpath: //ytd-mini-guide-renderer[@class='style-scope ytd-app']//ytd-mini-guide-entry-renderer
18:33:52 [TestNG-test-Yt Master Tests-2] INFO  verifyingSideMenuCollapsedLangAsInSettings_18-33-22 - [verifyingSideMenuCollapsedLangAsInSettings_18-33-22] Found 4 ready elements (attempt 1): By.xpath: //ytd-mini-guide-renderer[@class='style-scope ytd-app']//ytd-mini-guide-entry-renderer
18:33:52 [TestNG-test-Yt Master Tests-2] INFO  verifyingSideMenuCollapsedLangAsInSettings_18-33-22 - Clicking settings ellipses button...
18:33:52 [TestNG-test-Yt Master Tests-2] INFO  verifyingSideMenuCollapsedLangAsInSettings_18-33-22 - [verifyingSideMenuCollapsedLangAsInSettings_18-33-22] Trying to find element: By.xpath: //ytd-topbar-menu-button-renderer[@class='style-scope ytd-masthead style-default']
18:33:52 [TestNG-test-Yt Master Tests-2] INFO  verifyingSideMenuCollapsedLangAsInSettings_18-33-22 - [verifyingSideMenuCollapsedLangAsInSettings_18-33-22] Element found and ready (attempt 1): By.xpath: //ytd-topbar-menu-button-renderer[@class='style-scope ytd-masthead style-default']
18:33:52 [TestNG-test-Yt Master Tests-2] INFO  verifyingSideMenuCollapsedLangAsInSettings_18-33-22 - Clicking language dropdown...
18:33:52 [TestNG-test-Yt Master Tests-2] INFO  verifyingSideMenuCollapsedLangAsInSettings_18-33-22 - [verifyingSideMenuCollapsedLangAsInSettings_18-33-22] Trying to find element: By.xpath: (//div[@id='content-icon'])[2]
18:33:52 [TestNG-test-Yt Master Tests-2] INFO  verifyingSideMenuCollapsedLangAsInSettings_18-33-22 - [verifyingSideMenuCollapsedLangAsInSettings_18-33-22] Element found and ready (attempt 1): By.xpath: (//div[@id='content-icon'])[2]
18:33:53 [TestNG-test-Yt Master Tests-2] INFO  verifyingSideMenuCollapsedLangAsInSettings_18-33-22 - Looking for language element with name: Bosanski
18:33:53 [TestNG-test-Yt Master Tests-2] INFO  verifyingSideMenuCollapsedLangAsInSettings_18-33-22 - [verifyingSideMenuCollapsedLangAsInSettings_18-33-22] Trying to find element: By.xpath: //yt-multi-page-menu-section-renderer[@class='style-scope ytd-multi-page-menu-renderer']//yt-formatted-string[@id='label' and text()='Bosanski']
18:33:53 [TestNG-test-Yt Master Tests-2] INFO  verifyingSideMenuCollapsedLangAsInSettings_18-33-22 - [verifyingSideMenuCollapsedLangAsInSettings_18-33-22] Element found and ready (attempt 1): By.xpath: //yt-multi-page-menu-section-renderer[@class='style-scope ytd-multi-page-menu-renderer']//yt-formatted-string[@id='label' and text()='Bosanski']
18:33:53 [TestNG-test-Yt Master Tests-2] INFO  verifyingSideMenuCollapsedLangAsInSettings_18-33-22 - [verifyingSideMenuCollapsedLangAsInSettings_18-33-22] Trying to find element: By.xpath: //yt-multi-page-menu-section-renderer[@class='style-scope ytd-multi-page-menu-renderer']//yt-formatted-string[@id='label' and text()='Bosanski']
18:33:53 [TestNG-test-Yt Master Tests-2] INFO  verifyingSideMenuCollapsedLangAsInSettings_18-33-22 - [verifyingSideMenuCollapsedLangAsInSettings_18-33-22] Element found and ready (attempt 1): By.xpath: //yt-multi-page-menu-section-renderer[@class='style-scope ytd-multi-page-menu-renderer']//yt-formatted-string[@id='label' and text()='Bosanski']
18:33:56 [TestNG-test-Yt Master Tests-2] INFO  verifyingSideMenuCollapsedLangAsInSettings_18-33-22 - Clicking settings ellipses button...
18:33:56 [TestNG-test-Yt Master Tests-2] INFO  verifyingSideMenuCollapsedLangAsInSettings_18-33-22 - [verifyingSideMenuCollapsedLangAsInSettings_18-33-22] Trying to find element: By.xpath: //ytd-topbar-menu-button-renderer[@class='style-scope ytd-masthead style-default']
18:33:56 [TestNG-test-Yt Master Tests-2] INFO  verifyingSideMenuCollapsedLangAsInSettings_18-33-22 - [verifyingSideMenuCollapsedLangAsInSettings_18-33-22] Element found and ready (attempt 1): By.xpath: //ytd-topbar-menu-button-renderer[@class='style-scope ytd-masthead style-default']
18:33:56 [TestNG-test-Yt Master Tests-2] INFO  verifyingSideMenuCollapsedLangAsInSettings_18-33-22 - [verifyingSideMenuCollapsedLangAsInSettings_18-33-22] Waiting until element is visible in viewport
18:33:57 [TestNG-test-Yt Master Tests-2] INFO  verifyingSideMenuCollapsedLangAsInSettings_18-33-22 - Clicking settings ellipses button...
18:33:57 [TestNG-test-Yt Master Tests-2] INFO  verifyingSideMenuCollapsedLangAsInSettings_18-33-22 - [verifyingSideMenuCollapsedLangAsInSettings_18-33-22] Trying to find element: By.xpath: //ytd-topbar-menu-button-renderer[@class='style-scope ytd-masthead style-default']
18:33:58 [TestNG-test-Yt Master Tests-2] INFO  verifyingSideMenuCollapsedLangAsInSettings_18-33-22 - [verifyingSideMenuCollapsedLangAsInSettings_18-33-22] Element found and ready (attempt 1): By.xpath: //ytd-topbar-menu-button-renderer[@class='style-scope ytd-masthead style-default']
18:33:58 [TestNG-test-Yt Master Tests-2] INFO  verifyingSideMenuCollapsedLangAsInSettings_18-33-22 - getLangAttribute() - locating <html> and reading lang property
18:33:58 [TestNG-test-Yt Master Tests-2] INFO  verifyingSideMenuCollapsedLangAsInSettings_18-33-22 - Language attribute read: bs-Latn-BA
18:33:58 [TestNG-test-Yt Master Tests-2] INFO  verifyingSideMenuCollapsedLangAsInSettings_18-33-22 - Fetching the side menu in collapsed view
18:33:58 [TestNG-test-Yt Master Tests-2] INFO  verifyingSideMenuCollapsedLangAsInSettings_18-33-22 - [verifyingSideMenuCollapsedLangAsInSettings_18-33-22] Finding elements list: By.xpath: //ytd-mini-guide-renderer[@class='style-scope ytd-app']//ytd-mini-guide-entry-renderer
18:33:58 [TestNG-test-Yt Master Tests-2] INFO  verifyingSideMenuCollapsedLangAsInSettings_18-33-22 - [verifyingSideMenuCollapsedLangAsInSettings_18-33-22] Found 4 ready elements (attempt 1): By.xpath: //ytd-mini-guide-renderer[@class='style-scope ytd-app']//ytd-mini-guide-entry-renderer
18:33:58 [TestNG-test-Yt Master Tests-2] INFO  verifyingSideMenuCollapsedLangAsInSettings_18-33-22 - Clicking settings ellipses button...
18:33:58 [TestNG-test-Yt Master Tests-2] INFO  verifyingSideMenuCollapsedLangAsInSettings_18-33-22 - [verifyingSideMenuCollapsedLangAsInSettings_18-33-22] Trying to find element: By.xpath: //ytd-topbar-menu-button-renderer[@class='style-scope ytd-masthead style-default']
18:33:58 [TestNG-test-Yt Master Tests-2] INFO  verifyingSideMenuCollapsedLangAsInSettings_18-33-22 - [verifyingSideMenuCollapsedLangAsInSettings_18-33-22] Element found and ready (attempt 1): By.xpath: //ytd-topbar-menu-button-renderer[@class='style-scope ytd-masthead style-default']
18:33:59 [TestNG-test-Yt Master Tests-2] INFO  verifyingSideMenuCollapsedLangAsInSettings_18-33-22 - Clicking language dropdown...
18:33:59 [TestNG-test-Yt Master Tests-2] INFO  verifyingSideMenuCollapsedLangAsInSettings_18-33-22 - [verifyingSideMenuCollapsedLangAsInSettings_18-33-22] Trying to find element: By.xpath: (//div[@id='content-icon'])[2]
18:33:59 [TestNG-test-Yt Master Tests-2] INFO  verifyingSideMenuCollapsedLangAsInSettings_18-33-22 - [verifyingSideMenuCollapsedLangAsInSettings_18-33-22] Element found and ready (attempt 1): By.xpath: (//div[@id='content-icon'])[2]
18:33:59 [TestNG-test-Yt Master Tests-2] INFO  verifyingSideMenuCollapsedLangAsInSettings_18-33-22 - Looking for language element with name: Català
18:33:59 [TestNG-test-Yt Master Tests-2] INFO  verifyingSideMenuCollapsedLangAsInSettings_18-33-22 - [verifyingSideMenuCollapsedLangAsInSettings_18-33-22] Trying to find element: By.xpath: //yt-multi-page-menu-section-renderer[@class='style-scope ytd-multi-page-menu-renderer']//yt-formatted-string[@id='label' and text()='Català']
18:33:59 [TestNG-test-Yt Master Tests-2] INFO  verifyingSideMenuCollapsedLangAsInSettings_18-33-22 - [verifyingSideMenuCollapsedLangAsInSettings_18-33-22] Element found and ready (attempt 1): By.xpath: //yt-multi-page-menu-section-renderer[@class='style-scope ytd-multi-page-menu-renderer']//yt-formatted-string[@id='label' and text()='Català']
18:33:59 [TestNG-test-Yt Master Tests-2] INFO  verifyingSideMenuCollapsedLangAsInSettings_18-33-22 - [verifyingSideMenuCollapsedLangAsInSettings_18-33-22] Trying to find element: By.xpath: //yt-multi-page-menu-section-renderer[@class='style-scope ytd-multi-page-menu-renderer']//yt-formatted-string[@id='label' and text()='Català']
18:34:00 [TestNG-test-Yt Master Tests-2] INFO  verifyingSideMenuCollapsedLangAsInSettings_18-33-22 - [verifyingSideMenuCollapsedLangAsInSettings_18-33-22] Element found and ready (attempt 1): By.xpath: //yt-multi-page-menu-section-renderer[@class='style-scope ytd-multi-page-menu-renderer']//yt-formatted-string[@id='label' and text()='Català']
18:34:01 [TestNG-test-Yt Master Tests-2] INFO  verifyingSideMenuCollapsedLangAsInSettings_18-33-22 - Clicking settings ellipses button...
18:34:01 [TestNG-test-Yt Master Tests-2] INFO  verifyingSideMenuCollapsedLangAsInSettings_18-33-22 - [verifyingSideMenuCollapsedLangAsInSettings_18-33-22] Trying to find element: By.xpath: //ytd-topbar-menu-button-renderer[@class='style-scope ytd-masthead style-default']
18:34:01 [TestNG-test-Yt Master Tests-2] INFO  verifyingSideMenuCollapsedLangAsInSettings_18-33-22 - [verifyingSideMenuCollapsedLangAsInSettings_18-33-22] Element found and ready (attempt 1): By.xpath: //ytd-topbar-menu-button-renderer[@class='style-scope ytd-masthead style-default']
18:34:01 [TestNG-test-Yt Master Tests-2] INFO  verifyingSideMenuCollapsedLangAsInSettings_18-33-22 - [verifyingSideMenuCollapsedLangAsInSettings_18-33-22] Waiting until element is visible in viewport
18:34:02 [TestNG-test-Yt Master Tests-2] INFO  verifyingSideMenuCollapsedLangAsInSettings_18-33-22 - Clicking settings ellipses button...
18:34:02 [TestNG-test-Yt Master Tests-2] INFO  verifyingSideMenuCollapsedLangAsInSettings_18-33-22 - [verifyingSideMenuCollapsedLangAsInSettings_18-33-22] Trying to find element: By.xpath: //ytd-topbar-menu-button-renderer[@class='style-scope ytd-masthead style-default']
18:34:02 [TestNG-test-Yt Master Tests-2] INFO  verifyingSideMenuCollapsedLangAsInSettings_18-33-22 - [verifyingSideMenuCollapsedLangAsInSettings_18-33-22] Element found and ready (attempt 1): By.xpath: //ytd-topbar-menu-button-renderer[@class='style-scope ytd-masthead style-default']
18:34:03 [TestNG-test-Yt Master Tests-2] INFO  verifyingSideMenuCollapsedLangAsInSettings_18-33-22 - getLangAttribute() - locating <html> and reading lang property
18:34:03 [TestNG-test-Yt Master Tests-2] INFO  verifyingSideMenuCollapsedLangAsInSettings_18-33-22 - Language attribute read: ca-ES
18:34:03 [TestNG-test-Yt Master Tests-2] INFO  verifyingSideMenuCollapsedLangAsInSettings_18-33-22 - Fetching the side menu in collapsed view
18:34:03 [TestNG-test-Yt Master Tests-2] INFO  verifyingSideMenuCollapsedLangAsInSettings_18-33-22 - [verifyingSideMenuCollapsedLangAsInSettings_18-33-22] Finding elements list: By.xpath: //ytd-mini-guide-renderer[@class='style-scope ytd-app']//ytd-mini-guide-entry-renderer
18:34:03 [TestNG-test-Yt Master Tests-2] INFO  verifyingSideMenuCollapsedLangAsInSettings_18-33-22 - [verifyingSideMenuCollapsedLangAsInSettings_18-33-22] Found 4 ready elements (attempt 1): By.xpath: //ytd-mini-guide-renderer[@class='style-scope ytd-app']//ytd-mini-guide-entry-renderer
18:34:03 [TestNG-test-Yt Master Tests-2] INFO  verifyingSideMenuCollapsedLangAsInSettings_18-33-22 - Clicking settings ellipses button...
18:34:03 [TestNG-test-Yt Master Tests-2] INFO  verifyingSideMenuCollapsedLangAsInSettings_18-33-22 - [verifyingSideMenuCollapsedLangAsInSettings_18-33-22] Trying to find element: By.xpath: //ytd-topbar-menu-button-renderer[@class='style-scope ytd-masthead style-default']
18:34:03 [TestNG-test-Yt Master Tests-2] INFO  verifyingSideMenuCollapsedLangAsInSettings_18-33-22 - [verifyingSideMenuCollapsedLangAsInSettings_18-33-22] Element found and ready (attempt 1): By.xpath: //ytd-topbar-menu-button-renderer[@class='style-scope ytd-masthead style-default']
18:34:03 [TestNG-test-Yt Master Tests-2] INFO  verifyingSideMenuCollapsedLangAsInSettings_18-33-22 - Clicking language dropdown...
18:34:03 [TestNG-test-Yt Master Tests-2] INFO  verifyingSideMenuCollapsedLangAsInSettings_18-33-22 - [verifyingSideMenuCollapsedLangAsInSettings_18-33-22] Trying to find element: By.xpath: (//div[@id='content-icon'])[2]
18:34:04 [TestNG-test-Yt Master Tests-2] INFO  verifyingSideMenuCollapsedLangAsInSettings_18-33-22 - [verifyingSideMenuCollapsedLangAsInSettings_18-33-22] Element found and ready (attempt 1): By.xpath: (//div[@id='content-icon'])[2]
18:34:04 [TestNG-test-Yt Master Tests-2] INFO  verifyingSideMenuCollapsedLangAsInSettings_18-33-22 - Looking for language element with name: Dansk
18:34:04 [TestNG-test-Yt Master Tests-2] INFO  verifyingSideMenuCollapsedLangAsInSettings_18-33-22 - [verifyingSideMenuCollapsedLangAsInSettings_18-33-22] Trying to find element: By.xpath: //yt-multi-page-menu-section-renderer[@class='style-scope ytd-multi-page-menu-renderer']//yt-formatted-string[@id='label' and text()='Dansk']
18:34:05 [TestNG-test-Yt Master Tests-2] INFO  verifyingSideMenuCollapsedLangAsInSettings_18-33-22 - [verifyingSideMenuCollapsedLangAsInSettings_18-33-22] Element found and ready (attempt 1): By.xpath: //yt-multi-page-menu-section-renderer[@class='style-scope ytd-multi-page-menu-renderer']//yt-formatted-string[@id='label' and text()='Dansk']
18:34:05 [TestNG-test-Yt Master Tests-2] INFO  verifyingSideMenuCollapsedLangAsInSettings_18-33-22 - [verifyingSideMenuCollapsedLangAsInSettings_18-33-22] Trying to find element: By.xpath: //yt-multi-page-menu-section-renderer[@class='style-scope ytd-multi-page-menu-renderer']//yt-formatted-string[@id='label' and text()='Dansk']
18:34:05 [TestNG-test-Yt Master Tests-2] INFO  verifyingSideMenuCollapsedLangAsInSettings_18-33-22 - [verifyingSideMenuCollapsedLangAsInSettings_18-33-22] Element found and ready (attempt 1): By.xpath: //yt-multi-page-menu-section-renderer[@class='style-scope ytd-multi-page-menu-renderer']//yt-formatted-string[@id='label' and text()='Dansk']
18:34:06 [TestNG-test-Yt Master Tests-2] INFO  verifyingSideMenuCollapsedLangAsInSettings_18-33-22 - Clicking settings ellipses button...
18:34:07 [TestNG-test-Yt Master Tests-2] INFO  verifyingSideMenuCollapsedLangAsInSettings_18-33-22 - [verifyingSideMenuCollapsedLangAsInSettings_18-33-22] Trying to find element: By.xpath: //ytd-topbar-menu-button-renderer[@class='style-scope ytd-masthead style-default']
18:34:07 [TestNG-test-Yt Master Tests-2] INFO  verifyingSideMenuCollapsedLangAsInSettings_18-33-22 - [verifyingSideMenuCollapsedLangAsInSettings_18-33-22] Element found and ready (attempt 1): By.xpath: //ytd-topbar-menu-button-renderer[@class='style-scope ytd-masthead style-default']
18:34:08 [TestNG-test-Yt Master Tests-2] INFO  verifyingSideMenuCollapsedLangAsInSettings_18-33-22 - [verifyingSideMenuCollapsedLangAsInSettings_18-33-22] Waiting until element is visible in viewport
18:34:08 [TestNG-test-Yt Master Tests-2] INFO  verifyingSideMenuCollapsedLangAsInSettings_18-33-22 - Clicking settings ellipses button...
18:34:08 [TestNG-test-Yt Master Tests-2] INFO  verifyingSideMenuCollapsedLangAsInSettings_18-33-22 - [verifyingSideMenuCollapsedLangAsInSettings_18-33-22] Trying to find element: By.xpath: //ytd-topbar-menu-button-renderer[@class='style-scope ytd-masthead style-default']
18:34:08 [TestNG-test-Yt Master Tests-2] INFO  verifyingSideMenuCollapsedLangAsInSettings_18-33-22 - [verifyingSideMenuCollapsedLangAsInSettings_18-33-22] Element found and ready (attempt 1): By.xpath: //ytd-topbar-menu-button-renderer[@class='style-scope ytd-masthead style-default']
18:34:09 [TestNG-test-Yt Master Tests-2] INFO  verifyingSideMenuCollapsedLangAsInSettings_18-33-22 - getLangAttribute() - locating <html> and reading lang property
18:34:09 [TestNG-test-Yt Master Tests-2] INFO  verifyingSideMenuCollapsedLangAsInSettings_18-33-22 - Language attribute read: da-DK
18:34:09 [TestNG-test-Yt Master Tests-2] INFO  verifyingSideMenuCollapsedLangAsInSettings_18-33-22 - Fetching the side menu in collapsed view
18:34:09 [TestNG-test-Yt Master Tests-2] INFO  verifyingSideMenuCollapsedLangAsInSettings_18-33-22 - [verifyingSideMenuCollapsedLangAsInSettings_18-33-22] Finding elements list: By.xpath: //ytd-mini-guide-renderer[@class='style-scope ytd-app']//ytd-mini-guide-entry-renderer
18:34:09 [TestNG-test-Yt Master Tests-2] INFO  verifyingSideMenuCollapsedLangAsInSettings_18-33-22 - [verifyingSideMenuCollapsedLangAsInSettings_18-33-22] Found 4 ready elements (attempt 1): By.xpath: //ytd-mini-guide-renderer[@class='style-scope ytd-app']//ytd-mini-guide-entry-renderer
18:34:09 [TestNG-test-Yt Master Tests-2] INFO  verifyingSideMenuCollapsedLangAsInSettings_18-33-22 - Clicking settings ellipses button...
18:34:09 [TestNG-test-Yt Master Tests-2] INFO  verifyingSideMenuCollapsedLangAsInSettings_18-33-22 - [verifyingSideMenuCollapsedLangAsInSettings_18-33-22] Trying to find element: By.xpath: //ytd-topbar-menu-button-renderer[@class='style-scope ytd-masthead style-default']
18:34:09 [TestNG-test-Yt Master Tests-2] INFO  verifyingSideMenuCollapsedLangAsInSettings_18-33-22 - [verifyingSideMenuCollapsedLangAsInSettings_18-33-22] Element found and ready (attempt 1): By.xpath: //ytd-topbar-menu-button-renderer[@class='style-scope ytd-masthead style-default']
18:34:09 [TestNG-test-Yt Master Tests-2] INFO  verifyingSideMenuCollapsedLangAsInSettings_18-33-22 - Clicking language dropdown...
18:34:09 [TestNG-test-Yt Master Tests-2] INFO  verifyingSideMenuCollapsedLangAsInSettings_18-33-22 - [verifyingSideMenuCollapsedLangAsInSettings_18-33-22] Trying to find element: By.xpath: (//div[@id='content-icon'])[2]
18:34:09 [TestNG-test-Yt Master Tests-2] INFO  verifyingSideMenuCollapsedLangAsInSettings_18-33-22 - [verifyingSideMenuCollapsedLangAsInSettings_18-33-22] Element found and ready (attempt 1): By.xpath: (//div[@id='content-icon'])[2]
18:34:10 [TestNG-test-Yt Master Tests-2] INFO  verifyingSideMenuCollapsedLangAsInSettings_18-33-22 - Looking for language element with name: Deutsch
18:34:10 [TestNG-test-Yt Master Tests-2] INFO  verifyingSideMenuCollapsedLangAsInSettings_18-33-22 - [verifyingSideMenuCollapsedLangAsInSettings_18-33-22] Trying to find element: By.xpath: //yt-multi-page-menu-section-renderer[@class='style-scope ytd-multi-page-menu-renderer']//yt-formatted-string[@id='label' and text()='Deutsch']
18:34:10 [TestNG-test-Yt Master Tests-2] INFO  verifyingSideMenuCollapsedLangAsInSettings_18-33-22 - [verifyingSideMenuCollapsedLangAsInSettings_18-33-22] Element found and ready (attempt 1): By.xpath: //yt-multi-page-menu-section-renderer[@class='style-scope ytd-multi-page-menu-renderer']//yt-formatted-string[@id='label' and text()='Deutsch']
18:34:10 [TestNG-test-Yt Master Tests-2] INFO  verifyingSideMenuCollapsedLangAsInSettings_18-33-22 - [verifyingSideMenuCollapsedLangAsInSettings_18-33-22] Trying to find element: By.xpath: //yt-multi-page-menu-section-renderer[@class='style-scope ytd-multi-page-menu-renderer']//yt-formatted-string[@id='label' and text()='Deutsch']
18:34:10 [TestNG-test-Yt Master Tests-2] INFO  verifyingSideMenuCollapsedLangAsInSettings_18-33-22 - [verifyingSideMenuCollapsedLangAsInSettings_18-33-22] Element found and ready (attempt 1): By.xpath: //yt-multi-page-menu-section-renderer[@class='style-scope ytd-multi-page-menu-renderer']//yt-formatted-string[@id='label' and text()='Deutsch']
18:34:13 [TestNG-test-Yt Master Tests-2] INFO  verifyingSideMenuCollapsedLangAsInSettings_18-33-22 - Clicking settings ellipses button...
18:34:13 [TestNG-test-Yt Master Tests-2] INFO  verifyingSideMenuCollapsedLangAsInSettings_18-33-22 - [verifyingSideMenuCollapsedLangAsInSettings_18-33-22] Trying to find element: By.xpath: //ytd-topbar-menu-button-renderer[@class='style-scope ytd-masthead style-default']
18:34:13 [TestNG-test-Yt Master Tests-2] INFO  verifyingSideMenuCollapsedLangAsInSettings_18-33-22 - [verifyingSideMenuCollapsedLangAsInSettings_18-33-22] Element found and ready (attempt 1): By.xpath: //ytd-topbar-menu-button-renderer[@class='style-scope ytd-masthead style-default']
18:34:14 [TestNG-test-Yt Master Tests-2] INFO  verifyingSideMenuCollapsedLangAsInSettings_18-33-22 - [verifyingSideMenuCollapsedLangAsInSettings_18-33-22] Waiting until element is visible in viewport
18:34:14 [TestNG-test-Yt Master Tests-2] INFO  verifyingSideMenuCollapsedLangAsInSettings_18-33-22 - Clicking settings ellipses button...
18:34:14 [TestNG-test-Yt Master Tests-2] INFO  verifyingSideMenuCollapsedLangAsInSettings_18-33-22 - [verifyingSideMenuCollapsedLangAsInSettings_18-33-22] Trying to find element: By.xpath: //ytd-topbar-menu-button-renderer[@class='style-scope ytd-masthead style-default']
18:34:14 [TestNG-test-Yt Master Tests-2] INFO  verifyingSideMenuCollapsedLangAsInSettings_18-33-22 - [verifyingSideMenuCollapsedLangAsInSettings_18-33-22] Element found and ready (attempt 1): By.xpath: //ytd-topbar-menu-button-renderer[@class='style-scope ytd-masthead style-default']
18:34:15 [TestNG-test-Yt Master Tests-2] INFO  verifyingSideMenuCollapsedLangAsInSettings_18-33-22 - getLangAttribute() - locating <html> and reading lang property
18:34:15 [TestNG-test-Yt Master Tests-2] INFO  verifyingSideMenuCollapsedLangAsInSettings_18-33-22 - Language attribute read: de-DE
18:34:15 [TestNG-test-Yt Master Tests-2] INFO  verifyingSideMenuCollapsedLangAsInSettings_18-33-22 - Fetching the side menu in collapsed view
18:34:15 [TestNG-test-Yt Master Tests-2] INFO  verifyingSideMenuCollapsedLangAsInSettings_18-33-22 - [verifyingSideMenuCollapsedLangAsInSettings_18-33-22] Finding elements list: By.xpath: //ytd-mini-guide-renderer[@class='style-scope ytd-app']//ytd-mini-guide-entry-renderer
18:34:15 [TestNG-test-Yt Master Tests-2] INFO  verifyingSideMenuCollapsedLangAsInSettings_18-33-22 - [verifyingSideMenuCollapsedLangAsInSettings_18-33-22] Found 4 ready elements (attempt 1): By.xpath: //ytd-mini-guide-renderer[@class='style-scope ytd-app']//ytd-mini-guide-entry-renderer
18:34:15 [TestNG-test-Yt Master Tests-2] INFO  verifyingSideMenuCollapsedLangAsInSettings_18-33-22 - Clicking settings ellipses button...
18:34:15 [TestNG-test-Yt Master Tests-2] INFO  verifyingSideMenuCollapsedLangAsInSettings_18-33-22 - [verifyingSideMenuCollapsedLangAsInSettings_18-33-22] Trying to find element: By.xpath: //ytd-topbar-menu-button-renderer[@class='style-scope ytd-masthead style-default']
18:34:15 [TestNG-test-Yt Master Tests-2] INFO  verifyingSideMenuCollapsedLangAsInSettings_18-33-22 - [verifyingSideMenuCollapsedLangAsInSettings_18-33-22] Element found and ready (attempt 1): By.xpath: //ytd-topbar-menu-button-renderer[@class='style-scope ytd-masthead style-default']
18:34:15 [TestNG-test-Yt Master Tests-2] INFO  verifyingSideMenuCollapsedLangAsInSettings_18-33-22 - Clicking language dropdown...
18:34:15 [TestNG-test-Yt Master Tests-2] INFO  verifyingSideMenuCollapsedLangAsInSettings_18-33-22 - [verifyingSideMenuCollapsedLangAsInSettings_18-33-22] Trying to find element: By.xpath: (//div[@id='content-icon'])[2]
18:34:16 [TestNG-test-Yt Master Tests-2] INFO  verifyingSideMenuCollapsedLangAsInSettings_18-33-22 - [verifyingSideMenuCollapsedLangAsInSettings_18-33-22] Element found and ready (attempt 1): By.xpath: (//div[@id='content-icon'])[2]
18:34:16 [TestNG-test-Yt Master Tests-2] INFO  verifyingSideMenuCollapsedLangAsInSettings_18-33-22 - Looking for language element with name: Eesti
18:34:16 [TestNG-test-Yt Master Tests-2] INFO  verifyingSideMenuCollapsedLangAsInSettings_18-33-22 - [verifyingSideMenuCollapsedLangAsInSettings_18-33-22] Trying to find element: By.xpath: //yt-multi-page-menu-section-renderer[@class='style-scope ytd-multi-page-menu-renderer']//yt-formatted-string[@id='label' and text()='Eesti']
18:34:16 [TestNG-test-Yt Master Tests-2] INFO  verifyingSideMenuCollapsedLangAsInSettings_18-33-22 - [verifyingSideMenuCollapsedLangAsInSettings_18-33-22] Element found and ready (attempt 1): By.xpath: //yt-multi-page-menu-section-renderer[@class='style-scope ytd-multi-page-menu-renderer']//yt-formatted-string[@id='label' and text()='Eesti']
18:34:16 [TestNG-test-Yt Master Tests-2] INFO  verifyingSideMenuCollapsedLangAsInSettings_18-33-22 - [verifyingSideMenuCollapsedLangAsInSettings_18-33-22] Trying to find element: By.xpath: //yt-multi-page-menu-section-renderer[@class='style-scope ytd-multi-page-menu-renderer']//yt-formatted-string[@id='label' and text()='Eesti']
18:34:16 [TestNG-test-Yt Master Tests-2] INFO  verifyingSideMenuCollapsedLangAsInSettings_18-33-22 - [verifyingSideMenuCollapsedLangAsInSettings_18-33-22] Element found and ready (attempt 1): By.xpath: //yt-multi-page-menu-section-renderer[@class='style-scope ytd-multi-page-menu-renderer']//yt-formatted-string[@id='label' and text()='Eesti']
18:34:18 [TestNG-test-Yt Master Tests-2] INFO  verifyingSideMenuCollapsedLangAsInSettings_18-33-22 - Clicking settings ellipses button...
18:34:19 [TestNG-test-Yt Master Tests-2] INFO  verifyingSideMenuCollapsedLangAsInSettings_18-33-22 - [verifyingSideMenuCollapsedLangAsInSettings_18-33-22] Trying to find element: By.xpath: //ytd-topbar-menu-button-renderer[@class='style-scope ytd-masthead style-default']
18:34:19 [TestNG-test-Yt Master Tests-2] INFO  verifyingSideMenuCollapsedLangAsInSettings_18-33-22 - [verifyingSideMenuCollapsedLangAsInSettings_18-33-22] Element found and ready (attempt 1): By.xpath: //ytd-topbar-menu-button-renderer[@class='style-scope ytd-masthead style-default']
18:34:19 [TestNG-test-Yt Master Tests-2] INFO  verifyingSideMenuCollapsedLangAsInSettings_18-33-22 - [verifyingSideMenuCollapsedLangAsInSettings_18-33-22] Waiting until element is visible in viewport
18:34:19 [TestNG-test-Yt Master Tests-2] INFO  verifyingSideMenuCollapsedLangAsInSettings_18-33-22 - Clicking settings ellipses button...
18:34:20 [TestNG-test-Yt Master Tests-2] INFO  verifyingSideMenuCollapsedLangAsInSettings_18-33-22 - [verifyingSideMenuCollapsedLangAsInSettings_18-33-22] Trying to find element: By.xpath: //ytd-topbar-menu-button-renderer[@class='style-scope ytd-masthead style-default']
18:34:20 [TestNG-test-Yt Master Tests-2] INFO  verifyingSideMenuCollapsedLangAsInSettings_18-33-22 - [verifyingSideMenuCollapsedLangAsInSettings_18-33-22] Element found and ready (attempt 1): By.xpath: //ytd-topbar-menu-button-renderer[@class='style-scope ytd-masthead style-default']
18:34:20 [TestNG-test-Yt Master Tests-2] INFO  verifyingSideMenuCollapsedLangAsInSettings_18-33-22 - getLangAttribute() - locating <html> and reading lang property
18:34:20 [TestNG-test-Yt Master Tests-2] INFO  verifyingSideMenuCollapsedLangAsInSettings_18-33-22 - Language attribute read: et-EE
18:34:20 [TestNG-test-Yt Master Tests-2] INFO  verifyingSideMenuCollapsedLangAsInSettings_18-33-22 - Fetching the side menu in collapsed view
18:34:20 [TestNG-test-Yt Master Tests-2] INFO  verifyingSideMenuCollapsedLangAsInSettings_18-33-22 - [verifyingSideMenuCollapsedLangAsInSettings_18-33-22] Finding elements list: By.xpath: //ytd-mini-guide-renderer[@class='style-scope ytd-app']//ytd-mini-guide-entry-renderer
18:34:20 [TestNG-test-Yt Master Tests-2] INFO  verifyingSideMenuCollapsedLangAsInSettings_18-33-22 - [verifyingSideMenuCollapsedLangAsInSettings_18-33-22] Found 4 ready elements (attempt 1): By.xpath: //ytd-mini-guide-renderer[@class='style-scope ytd-app']//ytd-mini-guide-entry-renderer
18:34:20 [TestNG-test-Yt Master Tests-2] INFO  verifyingSideMenuCollapsedLangAsInSettings_18-33-22 - Clicking settings ellipses button...
18:34:20 [TestNG-test-Yt Master Tests-2] INFO  verifyingSideMenuCollapsedLangAsInSettings_18-33-22 - [verifyingSideMenuCollapsedLangAsInSettings_18-33-22] Trying to find element: By.xpath: //ytd-topbar-menu-button-renderer[@class='style-scope ytd-masthead style-default']
18:34:21 [TestNG-test-Yt Master Tests-2] INFO  verifyingSideMenuCollapsedLangAsInSettings_18-33-22 - [verifyingSideMenuCollapsedLangAsInSettings_18-33-22] Element found and ready (attempt 1): By.xpath: //ytd-topbar-menu-button-renderer[@class='style-scope ytd-masthead style-default']
18:34:21 [TestNG-test-Yt Master Tests-2] INFO  verifyingSideMenuCollapsedLangAsInSettings_18-33-22 - Clicking language dropdown...
18:34:21 [TestNG-test-Yt Master Tests-2] INFO  verifyingSideMenuCollapsedLangAsInSettings_18-33-22 - [verifyingSideMenuCollapsedLangAsInSettings_18-33-22] Trying to find element: By.xpath: (//div[@id='content-icon'])[2]
18:34:21 [TestNG-test-Yt Master Tests-2] INFO  verifyingSideMenuCollapsedLangAsInSettings_18-33-22 - [verifyingSideMenuCollapsedLangAsInSettings_18-33-22] Element found and ready (attempt 1): By.xpath: (//div[@id='content-icon'])[2]
18:34:22 [TestNG-test-Yt Master Tests-2] INFO  verifyingSideMenuCollapsedLangAsInSettings_18-33-22 - Looking for language element with name: English (India)
18:34:22 [TestNG-test-Yt Master Tests-2] INFO  verifyingSideMenuCollapsedLangAsInSettings_18-33-22 - [verifyingSideMenuCollapsedLangAsInSettings_18-33-22] Trying to find element: By.xpath: //yt-multi-page-menu-section-renderer[@class='style-scope ytd-multi-page-menu-renderer']//yt-formatted-string[@id='label' and text()='English (India)']
18:34:22 [TestNG-test-Yt Master Tests-2] INFO  verifyingSideMenuCollapsedLangAsInSettings_18-33-22 - [verifyingSideMenuCollapsedLangAsInSettings_18-33-22] Element found and ready (attempt 1): By.xpath: //yt-multi-page-menu-section-renderer[@class='style-scope ytd-multi-page-menu-renderer']//yt-formatted-string[@id='label' and text()='English (India)']
18:34:22 [TestNG-test-Yt Master Tests-2] INFO  verifyingSideMenuCollapsedLangAsInSettings_18-33-22 - [verifyingSideMenuCollapsedLangAsInSettings_18-33-22] Trying to find element: By.xpath: //yt-multi-page-menu-section-renderer[@class='style-scope ytd-multi-page-menu-renderer']//yt-formatted-string[@id='label' and text()='English (India)']
18:34:22 [TestNG-test-Yt Master Tests-2] INFO  verifyingSideMenuCollapsedLangAsInSettings_18-33-22 - [verifyingSideMenuCollapsedLangAsInSettings_18-33-22] Element found and ready (attempt 1): By.xpath: //yt-multi-page-menu-section-renderer[@class='style-scope ytd-multi-page-menu-renderer']//yt-formatted-string[@id='label' and text()='English (India)']
18:34:24 [TestNG-test-Yt Master Tests-2] INFO  verifyingSideMenuCollapsedLangAsInSettings_18-33-22 - Clicking settings ellipses button...
18:34:24 [TestNG-test-Yt Master Tests-2] INFO  verifyingSideMenuCollapsedLangAsInSettings_18-33-22 - [verifyingSideMenuCollapsedLangAsInSettings_18-33-22] Trying to find element: By.xpath: //ytd-topbar-menu-button-renderer[@class='style-scope ytd-masthead style-default']
18:34:24 [TestNG-test-Yt Master Tests-2] INFO  verifyingSideMenuCollapsedLangAsInSettings_18-33-22 - [verifyingSideMenuCollapsedLangAsInSettings_18-33-22] Element found and ready (attempt 1): By.xpath: //ytd-topbar-menu-button-renderer[@class='style-scope ytd-masthead style-default']
18:34:25 [TestNG-test-Yt Master Tests-2] INFO  verifyingSideMenuCollapsedLangAsInSettings_18-33-22 - [verifyingSideMenuCollapsedLangAsInSettings_18-33-22] Waiting until element is visible in viewport
18:34:25 [TestNG-test-Yt Master Tests-2] INFO  verifyingSideMenuCollapsedLangAsInSettings_18-33-22 - Clicking settings ellipses button...
18:34:25 [TestNG-test-Yt Master Tests-2] INFO  verifyingSideMenuCollapsedLangAsInSettings_18-33-22 - [verifyingSideMenuCollapsedLangAsInSettings_18-33-22] Trying to find element: By.xpath: //ytd-topbar-menu-button-renderer[@class='style-scope ytd-masthead style-default']
18:34:26 [TestNG-test-Yt Master Tests-2] INFO  verifyingSideMenuCollapsedLangAsInSettings_18-33-22 - [verifyingSideMenuCollapsedLangAsInSettings_18-33-22] Element found and ready (attempt 1): By.xpath: //ytd-topbar-menu-button-renderer[@class='style-scope ytd-masthead style-default']
18:34:26 [TestNG-test-Yt Master Tests-2] INFO  verifyingSideMenuCollapsedLangAsInSettings_18-33-22 - getLangAttribute() - locating <html> and reading lang property
18:34:26 [TestNG-test-Yt Master Tests-2] INFO  verifyingSideMenuCollapsedLangAsInSettings_18-33-22 - Language attribute read: en-IN
18:34:26 [TestNG-test-Yt Master Tests-2] INFO  verifyingSideMenuCollapsedLangAsInSettings_18-33-22 - Fetching the side menu in collapsed view
18:34:26 [TestNG-test-Yt Master Tests-2] INFO  verifyingSideMenuCollapsedLangAsInSettings_18-33-22 - [verifyingSideMenuCollapsedLangAsInSettings_18-33-22] Finding elements list: By.xpath: //ytd-mini-guide-renderer[@class='style-scope ytd-app']//ytd-mini-guide-entry-renderer
18:34:26 [TestNG-test-Yt Master Tests-2] INFO  verifyingSideMenuCollapsedLangAsInSettings_18-33-22 - [verifyingSideMenuCollapsedLangAsInSettings_18-33-22] Found 4 ready elements (attempt 1): By.xpath: //ytd-mini-guide-renderer[@class='style-scope ytd-app']//ytd-mini-guide-entry-renderer
18:34:26 [TestNG-test-Yt Master Tests-2] INFO  verifyingSideMenuCollapsedLangAsInSettings_18-33-22 - Clicking settings ellipses button...
18:34:26 [TestNG-test-Yt Master Tests-2] INFO  verifyingSideMenuCollapsedLangAsInSettings_18-33-22 - [verifyingSideMenuCollapsedLangAsInSettings_18-33-22] Trying to find element: By.xpath: //ytd-topbar-menu-button-renderer[@class='style-scope ytd-masthead style-default']
18:34:26 [TestNG-test-Yt Master Tests-2] INFO  verifyingSideMenuCollapsedLangAsInSettings_18-33-22 - [verifyingSideMenuCollapsedLangAsInSettings_18-33-22] Element found and ready (attempt 1): By.xpath: //ytd-topbar-menu-button-renderer[@class='style-scope ytd-masthead style-default']
18:34:26 [TestNG-test-Yt Master Tests-2] INFO  verifyingSideMenuCollapsedLangAsInSettings_18-33-22 - Clicking language dropdown...
18:34:26 [TestNG-test-Yt Master Tests-2] INFO  verifyingSideMenuCollapsedLangAsInSettings_18-33-22 - [verifyingSideMenuCollapsedLangAsInSettings_18-33-22] Trying to find element: By.xpath: (//div[@id='content-icon'])[2]
18:34:27 [TestNG-test-Yt Master Tests-2] INFO  verifyingSideMenuCollapsedLangAsInSettings_18-33-22 - [verifyingSideMenuCollapsedLangAsInSettings_18-33-22] Element found and ready (attempt 1): By.xpath: (//div[@id='content-icon'])[2]
18:34:27 [TestNG-test-Yt Master Tests-2] INFO  verifyingSideMenuCollapsedLangAsInSettings_18-33-22 - Looking for language element with name: English (UK)
18:34:27 [TestNG-test-Yt Master Tests-2] INFO  verifyingSideMenuCollapsedLangAsInSettings_18-33-22 - [verifyingSideMenuCollapsedLangAsInSettings_18-33-22] Trying to find element: By.xpath: //yt-multi-page-menu-section-renderer[@class='style-scope ytd-multi-page-menu-renderer']//yt-formatted-string[@id='label' and text()='English (UK)']
18:34:28 [TestNG-test-Yt Master Tests-2] INFO  verifyingSideMenuCollapsedLangAsInSettings_18-33-22 - [verifyingSideMenuCollapsedLangAsInSettings_18-33-22] Element found and ready (attempt 1): By.xpath: //yt-multi-page-menu-section-renderer[@class='style-scope ytd-multi-page-menu-renderer']//yt-formatted-string[@id='label' and text()='English (UK)']
18:34:28 [TestNG-test-Yt Master Tests-2] INFO  verifyingSideMenuCollapsedLangAsInSettings_18-33-22 - [verifyingSideMenuCollapsedLangAsInSettings_18-33-22] Trying to find element: By.xpath: //yt-multi-page-menu-section-renderer[@class='style-scope ytd-multi-page-menu-renderer']//yt-formatted-string[@id='label' and text()='English (UK)']
18:34:28 [TestNG-test-Yt Master Tests-2] INFO  verifyingSideMenuCollapsedLangAsInSettings_18-33-22 - [verifyingSideMenuCollapsedLangAsInSettings_18-33-22] Element found and ready (attempt 1): By.xpath: //yt-multi-page-menu-section-renderer[@class='style-scope ytd-multi-page-menu-renderer']//yt-formatted-string[@id='label' and text()='English (UK)']
18:34:29 [TestNG-test-Yt Master Tests-2] INFO  verifyingSideMenuCollapsedLangAsInSettings_18-33-22 - Clicking settings ellipses button...
18:34:29 [TestNG-test-Yt Master Tests-2] INFO  verifyingSideMenuCollapsedLangAsInSettings_18-33-22 - [verifyingSideMenuCollapsedLangAsInSettings_18-33-22] Trying to find element: By.xpath: //ytd-topbar-menu-button-renderer[@class='style-scope ytd-masthead style-default']
18:34:30 [TestNG-test-Yt Master Tests-2] INFO  verifyingSideMenuCollapsedLangAsInSettings_18-33-22 - [verifyingSideMenuCollapsedLangAsInSettings_18-33-22] Element found and ready (attempt 1): By.xpath: //ytd-topbar-menu-button-renderer[@class='style-scope ytd-masthead style-default']
18:34:30 [TestNG-test-Yt Master Tests-2] INFO  verifyingSideMenuCollapsedLangAsInSettings_18-33-22 - [verifyingSideMenuCollapsedLangAsInSettings_18-33-22] Waiting until element is visible in viewport
18:34:31 [TestNG-test-Yt Master Tests-2] INFO  verifyingSideMenuCollapsedLangAsInSettings_18-33-22 - Clicking settings ellipses button...
18:34:31 [TestNG-test-Yt Master Tests-2] INFO  verifyingSideMenuCollapsedLangAsInSettings_18-33-22 - [verifyingSideMenuCollapsedLangAsInSettings_18-33-22] Trying to find element: By.xpath: //ytd-topbar-menu-button-renderer[@class='style-scope ytd-masthead style-default']
18:34:31 [TestNG-test-Yt Master Tests-2] INFO  verifyingSideMenuCollapsedLangAsInSettings_18-33-22 - [verifyingSideMenuCollapsedLangAsInSettings_18-33-22] Element found and ready (attempt 1): By.xpath: //ytd-topbar-menu-button-renderer[@class='style-scope ytd-masthead style-default']
18:34:31 [TestNG-test-Yt Master Tests-2] INFO  verifyingSideMenuCollapsedLangAsInSettings_18-33-22 - getLangAttribute() - locating <html> and reading lang property
18:34:31 [TestNG-test-Yt Master Tests-2] INFO  verifyingSideMenuCollapsedLangAsInSettings_18-33-22 - Language attribute read: en-GB
18:34:31 [TestNG-test-Yt Master Tests-2] INFO  verifyingSideMenuCollapsedLangAsInSettings_18-33-22 - Fetching the side menu in collapsed view
18:34:31 [TestNG-test-Yt Master Tests-2] INFO  verifyingSideMenuCollapsedLangAsInSettings_18-33-22 - [verifyingSideMenuCollapsedLangAsInSettings_18-33-22] Finding elements list: By.xpath: //ytd-mini-guide-renderer[@class='style-scope ytd-app']//ytd-mini-guide-entry-renderer
18:34:31 [TestNG-test-Yt Master Tests-2] INFO  verifyingSideMenuCollapsedLangAsInSettings_18-33-22 - [verifyingSideMenuCollapsedLangAsInSettings_18-33-22] Found 4 ready elements (attempt 1): By.xpath: //ytd-mini-guide-renderer[@class='style-scope ytd-app']//ytd-mini-guide-entry-renderer
18:34:31 [TestNG-test-Yt Master Tests-2] INFO  verifyingSideMenuCollapsedLangAsInSettings_18-33-22 - Clicking settings ellipses button...
18:34:31 [TestNG-test-Yt Master Tests-2] INFO  verifyingSideMenuCollapsedLangAsInSettings_18-33-22 - [verifyingSideMenuCollapsedLangAsInSettings_18-33-22] Trying to find element: By.xpath: //ytd-topbar-menu-button-renderer[@class='style-scope ytd-masthead style-default']
18:34:31 [TestNG-test-Yt Master Tests-2] INFO  verifyingSideMenuCollapsedLangAsInSettings_18-33-22 - [verifyingSideMenuCollapsedLangAsInSettings_18-33-22] Element found and ready (attempt 1): By.xpath: //ytd-topbar-menu-button-renderer[@class='style-scope ytd-masthead style-default']
18:34:32 [TestNG-test-Yt Master Tests-2] INFO  verifyingSideMenuCollapsedLangAsInSettings_18-33-22 - Clicking language dropdown...
18:34:32 [TestNG-test-Yt Master Tests-2] INFO  verifyingSideMenuCollapsedLangAsInSettings_18-33-22 - [verifyingSideMenuCollapsedLangAsInSettings_18-33-22] Trying to find element: By.xpath: (//div[@id='content-icon'])[2]
18:34:33 [TestNG-test-Yt Master Tests-2] INFO  verifyingSideMenuCollapsedLangAsInSettings_18-33-22 - [verifyingSideMenuCollapsedLangAsInSettings_18-33-22] Element found and ready (attempt 1): By.xpath: (//div[@id='content-icon'])[2]
18:34:34 [TestNG-test-Yt Master Tests-2] INFO  verifyingSideMenuCollapsedLangAsInSettings_18-33-22 - Looking for language element with name: English (US)
18:34:34 [TestNG-test-Yt Master Tests-2] INFO  verifyingSideMenuCollapsedLangAsInSettings_18-33-22 - [verifyingSideMenuCollapsedLangAsInSettings_18-33-22] Trying to find element: By.xpath: //yt-multi-page-menu-section-renderer[@class='style-scope ytd-multi-page-menu-renderer']//yt-formatted-string[@id='label' and text()='English (US)']
18:34:34 [TestNG-test-Yt Master Tests-2] INFO  verifyingSideMenuCollapsedLangAsInSettings_18-33-22 - [verifyingSideMenuCollapsedLangAsInSettings_18-33-22] Element found and ready (attempt 1): By.xpath: //yt-multi-page-menu-section-renderer[@class='style-scope ytd-multi-page-menu-renderer']//yt-formatted-string[@id='label' and text()='English (US)']
18:34:34 [TestNG-test-Yt Master Tests-2] INFO  verifyingSideMenuCollapsedLangAsInSettings_18-33-22 - [verifyingSideMenuCollapsedLangAsInSettings_18-33-22] Trying to find element: By.xpath: //yt-multi-page-menu-section-renderer[@class='style-scope ytd-multi-page-menu-renderer']//yt-formatted-string[@id='label' and text()='English (US)']
18:34:35 [TestNG-test-Yt Master Tests-2] INFO  verifyingSideMenuCollapsedLangAsInSettings_18-33-22 - [verifyingSideMenuCollapsedLangAsInSettings_18-33-22] Element found and ready (attempt 1): By.xpath: //yt-multi-page-menu-section-renderer[@class='style-scope ytd-multi-page-menu-renderer']//yt-formatted-string[@id='label' and text()='English (US)']
18:34:37 [TestNG-test-Yt Master Tests-2] INFO  verifyingSideMenuCollapsedLangAsInSettings_18-33-22 - Clicking settings ellipses button...
18:34:37 [TestNG-test-Yt Master Tests-2] INFO  verifyingSideMenuCollapsedLangAsInSettings_18-33-22 - [verifyingSideMenuCollapsedLangAsInSettings_18-33-22] Trying to find element: By.xpath: //ytd-topbar-menu-button-renderer[@class='style-scope ytd-masthead style-default']
18:34:37 [TestNG-test-Yt Master Tests-2] INFO  verifyingSideMenuCollapsedLangAsInSettings_18-33-22 - [verifyingSideMenuCollapsedLangAsInSettings_18-33-22] Element found and ready (attempt 1): By.xpath: //ytd-topbar-menu-button-renderer[@class='style-scope ytd-masthead style-default']
18:34:37 [TestNG-test-Yt Master Tests-2] INFO  verifyingSideMenuCollapsedLangAsInSettings_18-33-22 - [verifyingSideMenuCollapsedLangAsInSettings_18-33-22] Waiting until element is visible in viewport
18:34:38 [TestNG-test-Yt Master Tests-2] INFO  verifyingSideMenuCollapsedLangAsInSettings_18-33-22 - Clicking settings ellipses button...
18:34:38 [TestNG-test-Yt Master Tests-2] INFO  verifyingSideMenuCollapsedLangAsInSettings_18-33-22 - [verifyingSideMenuCollapsedLangAsInSettings_18-33-22] Trying to find element: By.xpath: //ytd-topbar-menu-button-renderer[@class='style-scope ytd-masthead style-default']
18:34:38 [TestNG-test-Yt Master Tests-2] INFO  verifyingSideMenuCollapsedLangAsInSettings_18-33-22 - [verifyingSideMenuCollapsedLangAsInSettings_18-33-22] Element found and ready (attempt 1): By.xpath: //ytd-topbar-menu-button-renderer[@class='style-scope ytd-masthead style-default']
18:34:38 [TestNG-test-Yt Master Tests-2] INFO  verifyingSideMenuCollapsedLangAsInSettings_18-33-22 - getLangAttribute() - locating <html> and reading lang property
18:34:38 [TestNG-test-Yt Master Tests-2] INFO  verifyingSideMenuCollapsedLangAsInSettings_18-33-22 - Language attribute read: en
18:34:38 [TestNG-test-Yt Master Tests-2] INFO  verifyingSideMenuCollapsedLangAsInSettings_18-33-22 - Fetching the side menu in collapsed view
18:34:38 [TestNG-test-Yt Master Tests-2] INFO  verifyingSideMenuCollapsedLangAsInSettings_18-33-22 - [verifyingSideMenuCollapsedLangAsInSettings_18-33-22] Finding elements list: By.xpath: //ytd-mini-guide-renderer[@class='style-scope ytd-app']//ytd-mini-guide-entry-renderer
18:34:38 [TestNG-test-Yt Master Tests-2] INFO  verifyingSideMenuCollapsedLangAsInSettings_18-33-22 - [verifyingSideMenuCollapsedLangAsInSettings_18-33-22] Found 4 ready elements (attempt 1): By.xpath: //ytd-mini-guide-renderer[@class='style-scope ytd-app']//ytd-mini-guide-entry-renderer
18:34:38 [TestNG-test-Yt Master Tests-2] INFO  verifyingSideMenuCollapsedLangAsInSettings_18-33-22 - Clicking settings ellipses button...
18:34:38 [TestNG-test-Yt Master Tests-2] INFO  verifyingSideMenuCollapsedLangAsInSettings_18-33-22 - [verifyingSideMenuCollapsedLangAsInSettings_18-33-22] Trying to find element: By.xpath: //ytd-topbar-menu-button-renderer[@class='style-scope ytd-masthead style-default']
18:34:39 [TestNG-test-Yt Master Tests-2] INFO  verifyingSideMenuCollapsedLangAsInSettings_18-33-22 - [verifyingSideMenuCollapsedLangAsInSettings_18-33-22] Element found and ready (attempt 1): By.xpath: //ytd-topbar-menu-button-renderer[@class='style-scope ytd-masthead style-default']
18:34:39 [TestNG-test-Yt Master Tests-2] INFO  verifyingSideMenuCollapsedLangAsInSettings_18-33-22 - Clicking language dropdown...
18:34:39 [TestNG-test-Yt Master Tests-2] INFO  verifyingSideMenuCollapsedLangAsInSettings_18-33-22 - [verifyingSideMenuCollapsedLangAsInSettings_18-33-22] Trying to find element: By.xpath: (//div[@id='content-icon'])[2]
18:34:39 [TestNG-test-Yt Master Tests-2] INFO  verifyingSideMenuCollapsedLangAsInSettings_18-33-22 - [verifyingSideMenuCollapsedLangAsInSettings_18-33-22] Element found and ready (attempt 1): By.xpath: (//div[@id='content-icon'])[2]
18:34:40 [TestNG-test-Yt Master Tests-2] INFO  verifyingSideMenuCollapsedLangAsInSettings_18-33-22 - Looking for language element with name: Español (España)
18:34:40 [TestNG-test-Yt Master Tests-2] INFO  verifyingSideMenuCollapsedLangAsInSettings_18-33-22 - [verifyingSideMenuCollapsedLangAsInSettings_18-33-22] Trying to find element: By.xpath: //yt-multi-page-menu-section-renderer[@class='style-scope ytd-multi-page-menu-renderer']//yt-formatted-string[@id='label' and text()='Español (España)']
18:34:40 [TestNG-test-Yt Master Tests-2] INFO  verifyingSideMenuCollapsedLangAsInSettings_18-33-22 - [verifyingSideMenuCollapsedLangAsInSettings_18-33-22] Element found and ready (attempt 1): By.xpath: //yt-multi-page-menu-section-renderer[@class='style-scope ytd-multi-page-menu-renderer']//yt-formatted-string[@id='label' and text()='Español (España)']
18:34:40 [TestNG-test-Yt Master Tests-2] INFO  verifyingSideMenuCollapsedLangAsInSettings_18-33-22 - [verifyingSideMenuCollapsedLangAsInSettings_18-33-22] Trying to find element: By.xpath: //yt-multi-page-menu-section-renderer[@class='style-scope ytd-multi-page-menu-renderer']//yt-formatted-string[@id='label' and text()='Español (España)']
18:34:40 [TestNG-test-Yt Master Tests-2] INFO  verifyingSideMenuCollapsedLangAsInSettings_18-33-22 - [verifyingSideMenuCollapsedLangAsInSettings_18-33-22] Element found and ready (attempt 1): By.xpath: //yt-multi-page-menu-section-renderer[@class='style-scope ytd-multi-page-menu-renderer']//yt-formatted-string[@id='label' and text()='Español (España)']
18:34:41 [TestNG-test-Yt Master Tests-2] INFO  verifyingSideMenuCollapsedLangAsInSettings_18-33-22 - Clicking settings ellipses button...
18:34:42 [TestNG-test-Yt Master Tests-2] INFO  verifyingSideMenuCollapsedLangAsInSettings_18-33-22 - [verifyingSideMenuCollapsedLangAsInSettings_18-33-22] Trying to find element: By.xpath: //ytd-topbar-menu-button-renderer[@class='style-scope ytd-masthead style-default']
18:34:42 [TestNG-test-Yt Master Tests-2] INFO  verifyingSideMenuCollapsedLangAsInSettings_18-33-22 - [verifyingSideMenuCollapsedLangAsInSettings_18-33-22] Element found and ready (attempt 1): By.xpath: //ytd-topbar-menu-button-renderer[@class='style-scope ytd-masthead style-default']
18:34:42 [TestNG-test-Yt Master Tests-2] INFO  verifyingSideMenuCollapsedLangAsInSettings_18-33-22 - [verifyingSideMenuCollapsedLangAsInSettings_18-33-22] Waiting until element is visible in viewport
18:34:43 [TestNG-test-Yt Master Tests-2] INFO  verifyingSideMenuCollapsedLangAsInSettings_18-33-22 - Clicking settings ellipses button...
18:34:43 [TestNG-test-Yt Master Tests-2] INFO  verifyingSideMenuCollapsedLangAsInSettings_18-33-22 - [verifyingSideMenuCollapsedLangAsInSettings_18-33-22] Trying to find element: By.xpath: //ytd-topbar-menu-button-renderer[@class='style-scope ytd-masthead style-default']
18:34:43 [TestNG-test-Yt Master Tests-2] INFO  verifyingSideMenuCollapsedLangAsInSettings_18-33-22 - [verifyingSideMenuCollapsedLangAsInSettings_18-33-22] Element found and ready (attempt 1): By.xpath: //ytd-topbar-menu-button-renderer[@class='style-scope ytd-masthead style-default']
18:34:43 [TestNG-test-Yt Master Tests-2] INFO  verifyingSideMenuCollapsedLangAsInSettings_18-33-22 - getLangAttribute() - locating <html> and reading lang property
18:34:43 [TestNG-test-Yt Master Tests-2] INFO  verifyingSideMenuCollapsedLangAsInSettings_18-33-22 - Language attribute read: es-ES
18:34:43 [TestNG-test-Yt Master Tests-2] INFO  verifyingSideMenuCollapsedLangAsInSettings_18-33-22 - Fetching the side menu in collapsed view
18:34:43 [TestNG-test-Yt Master Tests-2] INFO  verifyingSideMenuCollapsedLangAsInSettings_18-33-22 - [verifyingSideMenuCollapsedLangAsInSettings_18-33-22] Finding elements list: By.xpath: //ytd-mini-guide-renderer[@class='style-scope ytd-app']//ytd-mini-guide-entry-renderer
18:34:43 [TestNG-test-Yt Master Tests-2] INFO  verifyingSideMenuCollapsedLangAsInSettings_18-33-22 - [verifyingSideMenuCollapsedLangAsInSettings_18-33-22] Found 4 ready elements (attempt 1): By.xpath: //ytd-mini-guide-renderer[@class='style-scope ytd-app']//ytd-mini-guide-entry-renderer
18:34:43 [TestNG-test-Yt Master Tests-2] INFO  verifyingSideMenuCollapsedLangAsInSettings_18-33-22 - Clicking settings ellipses button...
18:34:44 [TestNG-test-Yt Master Tests-2] INFO  verifyingSideMenuCollapsedLangAsInSettings_18-33-22 - [verifyingSideMenuCollapsedLangAsInSettings_18-33-22] Trying to find element: By.xpath: //ytd-topbar-menu-button-renderer[@class='style-scope ytd-masthead style-default']
18:34:44 [TestNG-test-Yt Master Tests-2] INFO  verifyingSideMenuCollapsedLangAsInSettings_18-33-22 - [verifyingSideMenuCollapsedLangAsInSettings_18-33-22] Element found and ready (attempt 1): By.xpath: //ytd-topbar-menu-button-renderer[@class='style-scope ytd-masthead style-default']
18:34:44 [TestNG-test-Yt Master Tests-2] INFO  verifyingSideMenuCollapsedLangAsInSettings_18-33-22 - Clicking language dropdown...
18:34:44 [TestNG-test-Yt Master Tests-2] INFO  verifyingSideMenuCollapsedLangAsInSettings_18-33-22 - [verifyingSideMenuCollapsedLangAsInSettings_18-33-22] Trying to find element: By.xpath: (//div[@id='content-icon'])[2]
18:34:45 [TestNG-test-Yt Master Tests-2] INFO  verifyingSideMenuCollapsedLangAsInSettings_18-33-22 - [verifyingSideMenuCollapsedLangAsInSettings_18-33-22] Element found and ready (attempt 1): By.xpath: (//div[@id='content-icon'])[2]
18:34:45 [TestNG-test-Yt Master Tests-2] INFO  verifyingSideMenuCollapsedLangAsInSettings_18-33-22 - Looking for language element with name: Español (Latinoamérica)
18:34:45 [TestNG-test-Yt Master Tests-2] INFO  verifyingSideMenuCollapsedLangAsInSettings_18-33-22 - [verifyingSideMenuCollapsedLangAsInSettings_18-33-22] Trying to find element: By.xpath: //yt-multi-page-menu-section-renderer[@class='style-scope ytd-multi-page-menu-renderer']//yt-formatted-string[@id='label' and text()='Español (Latinoamérica)']
18:34:46 [TestNG-test-Yt Master Tests-2] INFO  verifyingSideMenuCollapsedLangAsInSettings_18-33-22 - [verifyingSideMenuCollapsedLangAsInSettings_18-33-22] Element found and ready (attempt 1): By.xpath: //yt-multi-page-menu-section-renderer[@class='style-scope ytd-multi-page-menu-renderer']//yt-formatted-string[@id='label' and text()='Español (Latinoamérica)']
18:34:46 [TestNG-test-Yt Master Tests-2] INFO  verifyingSideMenuCollapsedLangAsInSettings_18-33-22 - [verifyingSideMenuCollapsedLangAsInSettings_18-33-22] Trying to find element: By.xpath: //yt-multi-page-menu-section-renderer[@class='style-scope ytd-multi-page-menu-renderer']//yt-formatted-string[@id='label' and text()='Español (Latinoamérica)']
18:34:46 [TestNG-test-Yt Master Tests-2] INFO  verifyingSideMenuCollapsedLangAsInSettings_18-33-22 - [verifyingSideMenuCollapsedLangAsInSettings_18-33-22] Element found and ready (attempt 1): By.xpath: //yt-multi-page-menu-section-renderer[@class='style-scope ytd-multi-page-menu-renderer']//yt-formatted-string[@id='label' and text()='Español (Latinoamérica)']
18:34:48 [TestNG-test-Yt Master Tests-2] INFO  verifyingSideMenuCollapsedLangAsInSettings_18-33-22 - Clicking settings ellipses button...
18:34:48 [TestNG-test-Yt Master Tests-2] INFO  verifyingSideMenuCollapsedLangAsInSettings_18-33-22 - [verifyingSideMenuCollapsedLangAsInSettings_18-33-22] Trying to find element: By.xpath: //ytd-topbar-menu-button-renderer[@class='style-scope ytd-masthead style-default']
18:34:48 [TestNG-test-Yt Master Tests-2] INFO  verifyingSideMenuCollapsedLangAsInSettings_18-33-22 - [verifyingSideMenuCollapsedLangAsInSettings_18-33-22] Element found and ready (attempt 1): By.xpath: //ytd-topbar-menu-button-renderer[@class='style-scope ytd-masthead style-default']
18:34:49 [TestNG-test-Yt Master Tests-2] INFO  verifyingSideMenuCollapsedLangAsInSettings_18-33-22 - [verifyingSideMenuCollapsedLangAsInSettings_18-33-22] Waiting until element is visible in viewport
18:34:49 [TestNG-test-Yt Master Tests-2] INFO  verifyingSideMenuCollapsedLangAsInSettings_18-33-22 - Clicking settings ellipses button...
18:34:49 [TestNG-test-Yt Master Tests-2] INFO  verifyingSideMenuCollapsedLangAsInSettings_18-33-22 - [verifyingSideMenuCollapsedLangAsInSettings_18-33-22] Trying to find element: By.xpath: //ytd-topbar-menu-button-renderer[@class='style-scope ytd-masthead style-default']
18:34:49 [TestNG-test-Yt Master Tests-2] INFO  verifyingSideMenuCollapsedLangAsInSettings_18-33-22 - [verifyingSideMenuCollapsedLangAsInSettings_18-33-22] Element found and ready (attempt 1): By.xpath: //ytd-topbar-menu-button-renderer[@class='style-scope ytd-masthead style-default']
18:34:49 [TestNG-test-Yt Master Tests-2] INFO  verifyingSideMenuCollapsedLangAsInSettings_18-33-22 - getLangAttribute() - locating <html> and reading lang property
18:34:49 [TestNG-test-Yt Master Tests-2] INFO  verifyingSideMenuCollapsedLangAsInSettings_18-33-22 - Language attribute read: es-419
18:34:49 [TestNG-test-Yt Master Tests-2] INFO  verifyingSideMenuCollapsedLangAsInSettings_18-33-22 - Fetching the side menu in collapsed view
18:34:49 [TestNG-test-Yt Master Tests-2] INFO  verifyingSideMenuCollapsedLangAsInSettings_18-33-22 - [verifyingSideMenuCollapsedLangAsInSettings_18-33-22] Finding elements list: By.xpath: //ytd-mini-guide-renderer[@class='style-scope ytd-app']//ytd-mini-guide-entry-renderer
18:34:50 [TestNG-test-Yt Master Tests-2] INFO  verifyingSideMenuCollapsedLangAsInSettings_18-33-22 - [verifyingSideMenuCollapsedLangAsInSettings_18-33-22] Found 4 ready elements (attempt 1): By.xpath: //ytd-mini-guide-renderer[@class='style-scope ytd-app']//ytd-mini-guide-entry-renderer
18:34:50 [TestNG-test-Yt Master Tests-2] INFO  verifyingSideMenuCollapsedLangAsInSettings_18-33-22 - Clicking settings ellipses button...
18:34:50 [TestNG-test-Yt Master Tests-2] INFO  verifyingSideMenuCollapsedLangAsInSettings_18-33-22 - [verifyingSideMenuCollapsedLangAsInSettings_18-33-22] Trying to find element: By.xpath: //ytd-topbar-menu-button-renderer[@class='style-scope ytd-masthead style-default']
18:34:50 [TestNG-test-Yt Master Tests-2] INFO  verifyingSideMenuCollapsedLangAsInSettings_18-33-22 - [verifyingSideMenuCollapsedLangAsInSettings_18-33-22] Element found and ready (attempt 1): By.xpath: //ytd-topbar-menu-button-renderer[@class='style-scope ytd-masthead style-default']
18:34:51 [TestNG-test-Yt Master Tests-2] INFO  verifyingSideMenuCollapsedLangAsInSettings_18-33-22 - Clicking language dropdown...
18:34:51 [TestNG-test-Yt Master Tests-2] INFO  verifyingSideMenuCollapsedLangAsInSettings_18-33-22 - [verifyingSideMenuCollapsedLangAsInSettings_18-33-22] Trying to find element: By.xpath: (//div[@id='content-icon'])[2]
18:34:51 [TestNG-test-Yt Master Tests-2] INFO  verifyingSideMenuCollapsedLangAsInSettings_18-33-22 - [verifyingSideMenuCollapsedLangAsInSettings_18-33-22] Element found and ready (attempt 1): By.xpath: (//div[@id='content-icon'])[2]
18:34:51 [TestNG-test-Yt Master Tests-2] INFO  verifyingSideMenuCollapsedLangAsInSettings_18-33-22 - Looking for language element with name: Español (US)
18:34:51 [TestNG-test-Yt Master Tests-2] INFO  verifyingSideMenuCollapsedLangAsInSettings_18-33-22 - [verifyingSideMenuCollapsedLangAsInSettings_18-33-22] Trying to find element: By.xpath: //yt-multi-page-menu-section-renderer[@class='style-scope ytd-multi-page-menu-renderer']//yt-formatted-string[@id='label' and text()='Español (US)']
18:34:51 [TestNG-test-Yt Master Tests-2] INFO  verifyingSideMenuCollapsedLangAsInSettings_18-33-22 - [verifyingSideMenuCollapsedLangAsInSettings_18-33-22] Element found and ready (attempt 1): By.xpath: //yt-multi-page-menu-section-renderer[@class='style-scope ytd-multi-page-menu-renderer']//yt-formatted-string[@id='label' and text()='Español (US)']
18:34:51 [TestNG-test-Yt Master Tests-2] INFO  verifyingSideMenuCollapsedLangAsInSettings_18-33-22 - [verifyingSideMenuCollapsedLangAsInSettings_18-33-22] Trying to find element: By.xpath: //yt-multi-page-menu-section-renderer[@class='style-scope ytd-multi-page-menu-renderer']//yt-formatted-string[@id='label' and text()='Español (US)']
18:34:51 [TestNG-test-Yt Master Tests-2] INFO  verifyingSideMenuCollapsedLangAsInSettings_18-33-22 - [verifyingSideMenuCollapsedLangAsInSettings_18-33-22] Element found and ready (attempt 1): By.xpath: //yt-multi-page-menu-section-renderer[@class='style-scope ytd-multi-page-menu-renderer']//yt-formatted-string[@id='label' and text()='Español (US)']
18:34:53 [TestNG-test-Yt Master Tests-2] INFO  verifyingSideMenuCollapsedLangAsInSettings_18-33-22 - Clicking settings ellipses button...
18:34:54 [TestNG-test-Yt Master Tests-2] INFO  verifyingSideMenuCollapsedLangAsInSettings_18-33-22 - [verifyingSideMenuCollapsedLangAsInSettings_18-33-22] Trying to find element: By.xpath: //ytd-topbar-menu-button-renderer[@class='style-scope ytd-masthead style-default']
18:34:54 [TestNG-test-Yt Master Tests-2] INFO  verifyingSideMenuCollapsedLangAsInSettings_18-33-22 - [verifyingSideMenuCollapsedLangAsInSettings_18-33-22] Element found and ready (attempt 1): By.xpath: //ytd-topbar-menu-button-renderer[@class='style-scope ytd-masthead style-default']
18:34:54 [TestNG-test-Yt Master Tests-2] INFO  verifyingSideMenuCollapsedLangAsInSettings_18-33-22 - [verifyingSideMenuCollapsedLangAsInSettings_18-33-22] Waiting until element is visible in viewport
18:34:55 [TestNG-test-Yt Master Tests-2] INFO  verifyingSideMenuCollapsedLangAsInSettings_18-33-22 - Clicking settings ellipses button...
18:34:55 [TestNG-test-Yt Master Tests-2] INFO  verifyingSideMenuCollapsedLangAsInSettings_18-33-22 - [verifyingSideMenuCollapsedLangAsInSettings_18-33-22] Trying to find element: By.xpath: //ytd-topbar-menu-button-renderer[@class='style-scope ytd-masthead style-default']
18:34:55 [TestNG-test-Yt Master Tests-2] INFO  verifyingSideMenuCollapsedLangAsInSettings_18-33-22 - [verifyingSideMenuCollapsedLangAsInSettings_18-33-22] Element found and ready (attempt 1): By.xpath: //ytd-topbar-menu-button-renderer[@class='style-scope ytd-masthead style-default']
18:34:56 [TestNG-test-Yt Master Tests-2] INFO  verifyingSideMenuCollapsedLangAsInSettings_18-33-22 - getLangAttribute() - locating <html> and reading lang property
18:34:56 [TestNG-test-Yt Master Tests-2] INFO  verifyingSideMenuCollapsedLangAsInSettings_18-33-22 - Language attribute read: es-US
18:34:56 [TestNG-test-Yt Master Tests-2] INFO  verifyingSideMenuCollapsedLangAsInSettings_18-33-22 - Fetching the side menu in collapsed view
18:34:56 [TestNG-test-Yt Master Tests-2] INFO  verifyingSideMenuCollapsedLangAsInSettings_18-33-22 - [verifyingSideMenuCollapsedLangAsInSettings_18-33-22] Finding elements list: By.xpath: //ytd-mini-guide-renderer[@class='style-scope ytd-app']//ytd-mini-guide-entry-renderer
18:34:56 [TestNG-test-Yt Master Tests-2] INFO  verifyingSideMenuCollapsedLangAsInSettings_18-33-22 - [verifyingSideMenuCollapsedLangAsInSettings_18-33-22] Found 4 ready elements (attempt 1): By.xpath: //ytd-mini-guide-renderer[@class='style-scope ytd-app']//ytd-mini-guide-entry-renderer
18:34:56 [TestNG-test-Yt Master Tests-2] INFO  verifyingSideMenuCollapsedLangAsInSettings_18-33-22 - Clicking settings ellipses button...
18:34:56 [TestNG-test-Yt Master Tests-2] INFO  verifyingSideMenuCollapsedLangAsInSettings_18-33-22 - [verifyingSideMenuCollapsedLangAsInSettings_18-33-22] Trying to find element: By.xpath: //ytd-topbar-menu-button-renderer[@class='style-scope ytd-masthead style-default']
18:34:56 [TestNG-test-Yt Master Tests-2] INFO  verifyingSideMenuCollapsedLangAsInSettings_18-33-22 - [verifyingSideMenuCollapsedLangAsInSettings_18-33-22] Element found and ready (attempt 1): By.xpath: //ytd-topbar-menu-button-renderer[@class='style-scope ytd-masthead style-default']
18:34:56 [TestNG-test-Yt Master Tests-2] INFO  verifyingSideMenuCollapsedLangAsInSettings_18-33-22 - Clicking language dropdown...
18:34:56 [TestNG-test-Yt Master Tests-2] INFO  verifyingSideMenuCollapsedLangAsInSettings_18-33-22 - [verifyingSideMenuCollapsedLangAsInSettings_18-33-22] Trying to find element: By.xpath: (//div[@id='content-icon'])[2]
18:34:57 [TestNG-test-Yt Master Tests-2] INFO  verifyingSideMenuCollapsedLangAsInSettings_18-33-22 - [verifyingSideMenuCollapsedLangAsInSettings_18-33-22] Element found and ready (attempt 1): By.xpath: (//div[@id='content-icon'])[2]
18:34:58 [TestNG-test-Yt Master Tests-2] INFO  verifyingSideMenuCollapsedLangAsInSettings_18-33-22 - Looking for language element with name: Euskara
18:34:58 [TestNG-test-Yt Master Tests-2] INFO  verifyingSideMenuCollapsedLangAsInSettings_18-33-22 - [verifyingSideMenuCollapsedLangAsInSettings_18-33-22] Trying to find element: By.xpath: //yt-multi-page-menu-section-renderer[@class='style-scope ytd-multi-page-menu-renderer']//yt-formatted-string[@id='label' and text()='Euskara']
18:34:58 [TestNG-test-Yt Master Tests-2] INFO  verifyingSideMenuCollapsedLangAsInSettings_18-33-22 - [verifyingSideMenuCollapsedLangAsInSettings_18-33-22] Element found and ready (attempt 1): By.xpath: //yt-multi-page-menu-section-renderer[@class='style-scope ytd-multi-page-menu-renderer']//yt-formatted-string[@id='label' and text()='Euskara']
18:34:58 [TestNG-test-Yt Master Tests-2] INFO  verifyingSideMenuCollapsedLangAsInSettings_18-33-22 - [verifyingSideMenuCollapsedLangAsInSettings_18-33-22] Trying to find element: By.xpath: //yt-multi-page-menu-section-renderer[@class='style-scope ytd-multi-page-menu-renderer']//yt-formatted-string[@id='label' and text()='Euskara']
18:34:58 [TestNG-test-Yt Master Tests-2] INFO  verifyingSideMenuCollapsedLangAsInSettings_18-33-22 - [verifyingSideMenuCollapsedLangAsInSettings_18-33-22] Element found and ready (attempt 1): By.xpath: //yt-multi-page-menu-section-renderer[@class='style-scope ytd-multi-page-menu-renderer']//yt-formatted-string[@id='label' and text()='Euskara']
18:35:00 [TestNG-test-Yt Master Tests-2] INFO  verifyingSideMenuCollapsedLangAsInSettings_18-33-22 - Clicking settings ellipses button...
18:35:01 [TestNG-test-Yt Master Tests-2] INFO  verifyingSideMenuCollapsedLangAsInSettings_18-33-22 - [verifyingSideMenuCollapsedLangAsInSettings_18-33-22] Trying to find element: By.xpath: //ytd-topbar-menu-button-renderer[@class='style-scope ytd-masthead style-default']
18:35:01 [TestNG-test-Yt Master Tests-2] INFO  verifyingSideMenuCollapsedLangAsInSettings_18-33-22 - [verifyingSideMenuCollapsedLangAsInSettings_18-33-22] Element found and ready (attempt 1): By.xpath: //ytd-topbar-menu-button-renderer[@class='style-scope ytd-masthead style-default']
18:35:01 [TestNG-test-Yt Master Tests-2] INFO  verifyingSideMenuCollapsedLangAsInSettings_18-33-22 - [verifyingSideMenuCollapsedLangAsInSettings_18-33-22] Waiting until element is visible in viewport
18:35:02 [TestNG-test-Yt Master Tests-2] INFO  verifyingSideMenuCollapsedLangAsInSettings_18-33-22 - Clicking settings ellipses button...
18:35:02 [TestNG-test-Yt Master Tests-2] INFO  verifyingSideMenuCollapsedLangAsInSettings_18-33-22 - [verifyingSideMenuCollapsedLangAsInSettings_18-33-22] Trying to find element: By.xpath: //ytd-topbar-menu-button-renderer[@class='style-scope ytd-masthead style-default']
18:35:02 [TestNG-test-Yt Master Tests-2] INFO  verifyingSideMenuCollapsedLangAsInSettings_18-33-22 - [verifyingSideMenuCollapsedLangAsInSettings_18-33-22] Element found and ready (attempt 1): By.xpath: //ytd-topbar-menu-button-renderer[@class='style-scope ytd-masthead style-default']
18:35:02 [TestNG-test-Yt Master Tests-2] INFO  verifyingSideMenuCollapsedLangAsInSettings_18-33-22 - getLangAttribute() - locating <html> and reading lang property
18:35:02 [TestNG-test-Yt Master Tests-2] INFO  verifyingSideMenuCollapsedLangAsInSettings_18-33-22 - Language attribute read: eu-ES
18:35:02 [TestNG-test-Yt Master Tests-2] INFO  verifyingSideMenuCollapsedLangAsInSettings_18-33-22 - Fetching the side menu in collapsed view
18:35:02 [TestNG-test-Yt Master Tests-2] INFO  verifyingSideMenuCollapsedLangAsInSettings_18-33-22 - [verifyingSideMenuCollapsedLangAsInSettings_18-33-22] Finding elements list: By.xpath: //ytd-mini-guide-renderer[@class='style-scope ytd-app']//ytd-mini-guide-entry-renderer
18:35:02 [TestNG-test-Yt Master Tests-2] INFO  verifyingSideMenuCollapsedLangAsInSettings_18-33-22 - [verifyingSideMenuCollapsedLangAsInSettings_18-33-22] Found 4 ready elements (attempt 1): By.xpath: //ytd-mini-guide-renderer[@class='style-scope ytd-app']//ytd-mini-guide-entry-renderer
18:35:03 [TestNG-test-Yt Master Tests-2] INFO  verifyingSideMenuCollapsedLangAsInSettings_18-33-22 - Clicking settings ellipses button...
18:35:03 [TestNG-test-Yt Master Tests-2] INFO  verifyingSideMenuCollapsedLangAsInSettings_18-33-22 - [verifyingSideMenuCollapsedLangAsInSettings_18-33-22] Trying to find element: By.xpath: //ytd-topbar-menu-button-renderer[@class='style-scope ytd-masthead style-default']
18:35:03 [TestNG-test-Yt Master Tests-2] INFO  verifyingSideMenuCollapsedLangAsInSettings_18-33-22 - [verifyingSideMenuCollapsedLangAsInSettings_18-33-22] Element found and ready (attempt 1): By.xpath: //ytd-topbar-menu-button-renderer[@class='style-scope ytd-masthead style-default']
18:35:03 [TestNG-test-Yt Master Tests-2] INFO  verifyingSideMenuCollapsedLangAsInSettings_18-33-22 - Clicking language dropdown...
18:35:03 [TestNG-test-Yt Master Tests-2] INFO  verifyingSideMenuCollapsedLangAsInSettings_18-33-22 - [verifyingSideMenuCollapsedLangAsInSettings_18-33-22] Trying to find element: By.xpath: (//div[@id='content-icon'])[2]
18:35:03 [TestNG-test-Yt Master Tests-2] INFO  verifyingSideMenuCollapsedLangAsInSettings_18-33-22 - [verifyingSideMenuCollapsedLangAsInSettings_18-33-22] Element found and ready (attempt 1): By.xpath: (//div[@id='content-icon'])[2]
18:35:04 [TestNG-test-Yt Master Tests-2] INFO  verifyingSideMenuCollapsedLangAsInSettings_18-33-22 - Looking for language element with name: Français
18:35:04 [TestNG-test-Yt Master Tests-2] INFO  verifyingSideMenuCollapsedLangAsInSettings_18-33-22 - [verifyingSideMenuCollapsedLangAsInSettings_18-33-22] Trying to find element: By.xpath: //yt-multi-page-menu-section-renderer[@class='style-scope ytd-multi-page-menu-renderer']//yt-formatted-string[@id='label' and text()='Français']
18:35:04 [TestNG-test-Yt Master Tests-2] INFO  verifyingSideMenuCollapsedLangAsInSettings_18-33-22 - [verifyingSideMenuCollapsedLangAsInSettings_18-33-22] Element found and ready (attempt 1): By.xpath: //yt-multi-page-menu-section-renderer[@class='style-scope ytd-multi-page-menu-renderer']//yt-formatted-string[@id='label' and text()='Français']
18:35:04 [TestNG-test-Yt Master Tests-2] INFO  verifyingSideMenuCollapsedLangAsInSettings_18-33-22 - [verifyingSideMenuCollapsedLangAsInSettings_18-33-22] Trying to find element: By.xpath: //yt-multi-page-menu-section-renderer[@class='style-scope ytd-multi-page-menu-renderer']//yt-formatted-string[@id='label' and text()='Français']
18:35:04 [TestNG-test-Yt Master Tests-2] INFO  verifyingSideMenuCollapsedLangAsInSettings_18-33-22 - [verifyingSideMenuCollapsedLangAsInSettings_18-33-22] Element found and ready (attempt 1): By.xpath: //yt-multi-page-menu-section-renderer[@class='style-scope ytd-multi-page-menu-renderer']//yt-formatted-string[@id='label' and text()='Français']
18:35:05 [TestNG-test-Yt Master Tests-2] INFO  verifyingSideMenuCollapsedLangAsInSettings_18-33-22 - Clicking settings ellipses button...
18:35:06 [TestNG-test-Yt Master Tests-2] INFO  verifyingSideMenuCollapsedLangAsInSettings_18-33-22 - [verifyingSideMenuCollapsedLangAsInSettings_18-33-22] Trying to find element: By.xpath: //ytd-topbar-menu-button-renderer[@class='style-scope ytd-masthead style-default']
18:35:06 [TestNG-test-Yt Master Tests-2] INFO  verifyingSideMenuCollapsedLangAsInSettings_18-33-22 - [verifyingSideMenuCollapsedLangAsInSettings_18-33-22] Element found and ready (attempt 1): By.xpath: //ytd-topbar-menu-button-renderer[@class='style-scope ytd-masthead style-default']
18:35:07 [TestNG-test-Yt Master Tests-2] INFO  verifyingSideMenuCollapsedLangAsInSettings_18-33-22 - [verifyingSideMenuCollapsedLangAsInSettings_18-33-22] Waiting until element is visible in viewport
18:35:07 [TestNG-test-Yt Master Tests-2] INFO  verifyingSideMenuCollapsedLangAsInSettings_18-33-22 - Clicking settings ellipses button...
18:35:08 [TestNG-test-Yt Master Tests-2] INFO  verifyingSideMenuCollapsedLangAsInSettings_18-33-22 - [verifyingSideMenuCollapsedLangAsInSettings_18-33-22] Trying to find element: By.xpath: //ytd-topbar-menu-button-renderer[@class='style-scope ytd-masthead style-default']
18:35:08 [TestNG-test-Yt Master Tests-2] INFO  verifyingSideMenuCollapsedLangAsInSettings_18-33-22 - [verifyingSideMenuCollapsedLangAsInSettings_18-33-22] Element found and ready (attempt 1): By.xpath: //ytd-topbar-menu-button-renderer[@class='style-scope ytd-masthead style-default']
18:35:08 [TestNG-test-Yt Master Tests-2] INFO  verifyingSideMenuCollapsedLangAsInSettings_18-33-22 - getLangAttribute() - locating <html> and reading lang property
18:35:08 [TestNG-test-Yt Master Tests-2] INFO  verifyingSideMenuCollapsedLangAsInSettings_18-33-22 - Language attribute read: fr-FR
18:35:08 [TestNG-test-Yt Master Tests-2] INFO  verifyingSideMenuCollapsedLangAsInSettings_18-33-22 - Fetching the side menu in collapsed view
18:35:08 [TestNG-test-Yt Master Tests-2] INFO  verifyingSideMenuCollapsedLangAsInSettings_18-33-22 - [verifyingSideMenuCollapsedLangAsInSettings_18-33-22] Finding elements list: By.xpath: //ytd-mini-guide-renderer[@class='style-scope ytd-app']//ytd-mini-guide-entry-renderer
18:35:08 [TestNG-test-Yt Master Tests-2] INFO  verifyingSideMenuCollapsedLangAsInSettings_18-33-22 - [verifyingSideMenuCollapsedLangAsInSettings_18-33-22] Found 4 ready elements (attempt 1): By.xpath: //ytd-mini-guide-renderer[@class='style-scope ytd-app']//ytd-mini-guide-entry-renderer
18:35:08 [TestNG-test-Yt Master Tests-2] INFO  verifyingSideMenuCollapsedLangAsInSettings_18-33-22 - Clicking settings ellipses button...
18:35:08 [TestNG-test-Yt Master Tests-2] INFO  verifyingSideMenuCollapsedLangAsInSettings_18-33-22 - [verifyingSideMenuCollapsedLangAsInSettings_18-33-22] Trying to find element: By.xpath: //ytd-topbar-menu-button-renderer[@class='style-scope ytd-masthead style-default']
18:35:08 [TestNG-test-Yt Master Tests-2] INFO  verifyingSideMenuCollapsedLangAsInSettings_18-33-22 - [verifyingSideMenuCollapsedLangAsInSettings_18-33-22] Element found and ready (attempt 1): By.xpath: //ytd-topbar-menu-button-renderer[@class='style-scope ytd-masthead style-default']
18:35:08 [TestNG-test-Yt Master Tests-2] INFO  verifyingSideMenuCollapsedLangAsInSettings_18-33-22 - Clicking language dropdown...
18:35:08 [TestNG-test-Yt Master Tests-2] INFO  verifyingSideMenuCollapsedLangAsInSettings_18-33-22 - [verifyingSideMenuCollapsedLangAsInSettings_18-33-22] Trying to find element: By.xpath: (//div[@id='content-icon'])[2]
18:35:09 [TestNG-test-Yt Master Tests-2] INFO  verifyingSideMenuCollapsedLangAsInSettings_18-33-22 - [verifyingSideMenuCollapsedLangAsInSettings_18-33-22] Element found and ready (attempt 1): By.xpath: (//div[@id='content-icon'])[2]
18:35:09 [TestNG-test-Yt Master Tests-2] INFO  verifyingSideMenuCollapsedLangAsInSettings_18-33-22 - Looking for language element with name: Français (Canada)
18:35:09 [TestNG-test-Yt Master Tests-2] INFO  verifyingSideMenuCollapsedLangAsInSettings_18-33-22 - [verifyingSideMenuCollapsedLangAsInSettings_18-33-22] Trying to find element: By.xpath: //yt-multi-page-menu-section-renderer[@class='style-scope ytd-multi-page-menu-renderer']//yt-formatted-string[@id='label' and text()='Français (Canada)']
18:35:10 [TestNG-test-Yt Master Tests-2] INFO  verifyingSideMenuCollapsedLangAsInSettings_18-33-22 - [verifyingSideMenuCollapsedLangAsInSettings_18-33-22] Element found and ready (attempt 1): By.xpath: //yt-multi-page-menu-section-renderer[@class='style-scope ytd-multi-page-menu-renderer']//yt-formatted-string[@id='label' and text()='Français (Canada)']
18:35:10 [TestNG-test-Yt Master Tests-2] INFO  verifyingSideMenuCollapsedLangAsInSettings_18-33-22 - [verifyingSideMenuCollapsedLangAsInSettings_18-33-22] Trying to find element: By.xpath: //yt-multi-page-menu-section-renderer[@class='style-scope ytd-multi-page-menu-renderer']//yt-formatted-string[@id='label' and text()='Français (Canada)']
18:35:10 [TestNG-test-Yt Master Tests-2] INFO  verifyingSideMenuCollapsedLangAsInSettings_18-33-22 - [verifyingSideMenuCollapsedLangAsInSettings_18-33-22] Element found and ready (attempt 1): By.xpath: //yt-multi-page-menu-section-renderer[@class='style-scope ytd-multi-page-menu-renderer']//yt-formatted-string[@id='label' and text()='Français (Canada)']
18:35:12 [TestNG-test-Yt Master Tests-2] INFO  verifyingSideMenuCollapsedLangAsInSettings_18-33-22 - Clicking settings ellipses button...
18:35:12 [TestNG-test-Yt Master Tests-2] INFO  verifyingSideMenuCollapsedLangAsInSettings_18-33-22 - [verifyingSideMenuCollapsedLangAsInSettings_18-33-22] Trying to find element: By.xpath: //ytd-topbar-menu-button-renderer[@class='style-scope ytd-masthead style-default']
18:35:12 [TestNG-test-Yt Master Tests-2] INFO  verifyingSideMenuCollapsedLangAsInSettings_18-33-22 - [verifyingSideMenuCollapsedLangAsInSettings_18-33-22] Element found and ready (attempt 1): By.xpath: //ytd-topbar-menu-button-renderer[@class='style-scope ytd-masthead style-default']
18:35:13 [TestNG-test-Yt Master Tests-2] INFO  verifyingSideMenuCollapsedLangAsInSettings_18-33-22 - [verifyingSideMenuCollapsedLangAsInSettings_18-33-22] Waiting until element is visible in viewport
18:35:13 [TestNG-test-Yt Master Tests-2] INFO  verifyingSideMenuCollapsedLangAsInSettings_18-33-22 - Clicking settings ellipses button...
18:35:13 [TestNG-test-Yt Master Tests-2] INFO  verifyingSideMenuCollapsedLangAsInSettings_18-33-22 - [verifyingSideMenuCollapsedLangAsInSettings_18-33-22] Trying to find element: By.xpath: //ytd-topbar-menu-button-renderer[@class='style-scope ytd-masthead style-default']
18:35:13 [TestNG-test-Yt Master Tests-2] INFO  verifyingSideMenuCollapsedLangAsInSettings_18-33-22 - [verifyingSideMenuCollapsedLangAsInSettings_18-33-22] Element found and ready (attempt 1): By.xpath: //ytd-topbar-menu-button-renderer[@class='style-scope ytd-masthead style-default']
18:35:13 [TestNG-test-Yt Master Tests-2] INFO  verifyingSideMenuCollapsedLangAsInSettings_18-33-22 - getLangAttribute() - locating <html> and reading lang property
18:35:13 [TestNG-test-Yt Master Tests-2] INFO  verifyingSideMenuCollapsedLangAsInSettings_18-33-22 - Language attribute read: fr-CA
18:35:13 [TestNG-test-Yt Master Tests-2] INFO  verifyingSideMenuCollapsedLangAsInSettings_18-33-22 - Fetching the side menu in collapsed view
18:35:13 [TestNG-test-Yt Master Tests-2] INFO  verifyingSideMenuCollapsedLangAsInSettings_18-33-22 - [verifyingSideMenuCollapsedLangAsInSettings_18-33-22] Finding elements list: By.xpath: //ytd-mini-guide-renderer[@class='style-scope ytd-app']//ytd-mini-guide-entry-renderer
18:35:13 [TestNG-test-Yt Master Tests-2] INFO  verifyingSideMenuCollapsedLangAsInSettings_18-33-22 - [verifyingSideMenuCollapsedLangAsInSettings_18-33-22] Found 4 ready elements (attempt 1): By.xpath: //ytd-mini-guide-renderer[@class='style-scope ytd-app']//ytd-mini-guide-entry-renderer
18:35:14 [TestNG-test-Yt Master Tests-2] INFO  verifyingSideMenuCollapsedLangAsInSettings_18-33-22 - Clicking settings ellipses button...
18:35:14 [TestNG-test-Yt Master Tests-2] INFO  verifyingSideMenuCollapsedLangAsInSettings_18-33-22 - [verifyingSideMenuCollapsedLangAsInSettings_18-33-22] Trying to find element: By.xpath: //ytd-topbar-menu-button-renderer[@class='style-scope ytd-masthead style-default']
18:35:14 [TestNG-test-Yt Master Tests-2] INFO  verifyingSideMenuCollapsedLangAsInSettings_18-33-22 - [verifyingSideMenuCollapsedLangAsInSettings_18-33-22] Element found and ready (attempt 1): By.xpath: //ytd-topbar-menu-button-renderer[@class='style-scope ytd-masthead style-default']
18:35:14 [TestNG-test-Yt Master Tests-2] INFO  verifyingSideMenuCollapsedLangAsInSettings_18-33-22 - Clicking language dropdown...
18:35:14 [TestNG-test-Yt Master Tests-2] INFO  verifyingSideMenuCollapsedLangAsInSettings_18-33-22 - [verifyingSideMenuCollapsedLangAsInSettings_18-33-22] Trying to find element: By.xpath: (//div[@id='content-icon'])[2]
18:35:15 [TestNG-test-Yt Master Tests-2] INFO  verifyingSideMenuCollapsedLangAsInSettings_18-33-22 - [verifyingSideMenuCollapsedLangAsInSettings_18-33-22] Element found and ready (attempt 1): By.xpath: (//div[@id='content-icon'])[2]
18:35:16 [TestNG-test-Yt Master Tests-2] INFO  verifyingSideMenuCollapsedLangAsInSettings_18-33-22 - Looking for language element with name: Hrvatski
18:35:16 [TestNG-test-Yt Master Tests-2] INFO  verifyingSideMenuCollapsedLangAsInSettings_18-33-22 - [verifyingSideMenuCollapsedLangAsInSettings_18-33-22] Trying to find element: By.xpath: //yt-multi-page-menu-section-renderer[@class='style-scope ytd-multi-page-menu-renderer']//yt-formatted-string[@id='label' and text()='Hrvatski']
18:35:16 [TestNG-test-Yt Master Tests-2] INFO  verifyingSideMenuCollapsedLangAsInSettings_18-33-22 - [verifyingSideMenuCollapsedLangAsInSettings_18-33-22] Element found and ready (attempt 1): By.xpath: //yt-multi-page-menu-section-renderer[@class='style-scope ytd-multi-page-menu-renderer']//yt-formatted-string[@id='label' and text()='Hrvatski']
18:35:16 [TestNG-test-Yt Master Tests-2] INFO  verifyingSideMenuCollapsedLangAsInSettings_18-33-22 - [verifyingSideMenuCollapsedLangAsInSettings_18-33-22] Trying to find element: By.xpath: //yt-multi-page-menu-section-renderer[@class='style-scope ytd-multi-page-menu-renderer']//yt-formatted-string[@id='label' and text()='Hrvatski']
18:35:16 [TestNG-test-Yt Master Tests-2] INFO  verifyingSideMenuCollapsedLangAsInSettings_18-33-22 - [verifyingSideMenuCollapsedLangAsInSettings_18-33-22] Element found and ready (attempt 1): By.xpath: //yt-multi-page-menu-section-renderer[@class='style-scope ytd-multi-page-menu-renderer']//yt-formatted-string[@id='label' and text()='Hrvatski']
18:35:18 [TestNG-test-Yt Master Tests-2] INFO  verifyingSideMenuCollapsedLangAsInSettings_18-33-22 - Clicking settings ellipses button...
18:35:18 [TestNG-test-Yt Master Tests-2] INFO  verifyingSideMenuCollapsedLangAsInSettings_18-33-22 - [verifyingSideMenuCollapsedLangAsInSettings_18-33-22] Trying to find element: By.xpath: //ytd-topbar-menu-button-renderer[@class='style-scope ytd-masthead style-default']
18:35:18 [TestNG-test-Yt Master Tests-2] INFO  verifyingSideMenuCollapsedLangAsInSettings_18-33-22 - [verifyingSideMenuCollapsedLangAsInSettings_18-33-22] Element found and ready (attempt 1): By.xpath: //ytd-topbar-menu-button-renderer[@class='style-scope ytd-masthead style-default']
18:35:18 [TestNG-test-Yt Master Tests-2] INFO  verifyingSideMenuCollapsedLangAsInSettings_18-33-22 - [verifyingSideMenuCollapsedLangAsInSettings_18-33-22] Waiting until element is visible in viewport
18:35:20 [TestNG-test-Yt Master Tests-2] INFO  verifyingSideMenuCollapsedLangAsInSettings_18-33-22 - Clicking settings ellipses button...
18:35:20 [TestNG-test-Yt Master Tests-2] INFO  verifyingSideMenuCollapsedLangAsInSettings_18-33-22 - [verifyingSideMenuCollapsedLangAsInSettings_18-33-22] Trying to find element: By.xpath: //ytd-topbar-menu-button-renderer[@class='style-scope ytd-masthead style-default']
18:35:20 [TestNG-test-Yt Master Tests-2] INFO  verifyingSideMenuCollapsedLangAsInSettings_18-33-22 - [verifyingSideMenuCollapsedLangAsInSettings_18-33-22] Element found and ready (attempt 1): By.xpath: //ytd-topbar-menu-button-renderer[@class='style-scope ytd-masthead style-default']
18:35:20 [TestNG-test-Yt Master Tests-2] INFO  verifyingSideMenuCollapsedLangAsInSettings_18-33-22 - getLangAttribute() - locating <html> and reading lang property
18:35:20 [TestNG-test-Yt Master Tests-2] INFO  verifyingSideMenuCollapsedLangAsInSettings_18-33-22 - Language attribute read: hr-HR
18:35:20 [TestNG-test-Yt Master Tests-2] INFO  verifyingSideMenuCollapsedLangAsInSettings_18-33-22 - Fetching the side menu in collapsed view
18:35:20 [TestNG-test-Yt Master Tests-2] INFO  verifyingSideMenuCollapsedLangAsInSettings_18-33-22 - [verifyingSideMenuCollapsedLangAsInSettings_18-33-22] Finding elements list: By.xpath: //ytd-mini-guide-renderer[@class='style-scope ytd-app']//ytd-mini-guide-entry-renderer
18:35:20 [TestNG-test-Yt Master Tests-2] INFO  verifyingSideMenuCollapsedLangAsInSettings_18-33-22 - [verifyingSideMenuCollapsedLangAsInSettings_18-33-22] Found 4 ready elements (attempt 1): By.xpath: //ytd-mini-guide-renderer[@class='style-scope ytd-app']//ytd-mini-guide-entry-renderer
18:35:20 [TestNG-test-Yt Master Tests-2] INFO  verifyingSideMenuCollapsedLangAsInSettings_18-33-22 - Clicking settings ellipses button...
18:35:20 [TestNG-test-Yt Master Tests-2] INFO  verifyingSideMenuCollapsedLangAsInSettings_18-33-22 - [verifyingSideMenuCollapsedLangAsInSettings_18-33-22] Trying to find element: By.xpath: //ytd-topbar-menu-button-renderer[@class='style-scope ytd-masthead style-default']
18:35:20 [TestNG-test-Yt Master Tests-2] INFO  verifyingSideMenuCollapsedLangAsInSettings_18-33-22 - [verifyingSideMenuCollapsedLangAsInSettings_18-33-22] Element found and ready (attempt 1): By.xpath: //ytd-topbar-menu-button-renderer[@class='style-scope ytd-masthead style-default']
18:35:21 [TestNG-test-Yt Master Tests-2] INFO  verifyingSideMenuCollapsedLangAsInSettings_18-33-22 - Clicking language dropdown...
18:35:21 [TestNG-test-Yt Master Tests-2] INFO  verifyingSideMenuCollapsedLangAsInSettings_18-33-22 - [verifyingSideMenuCollapsedLangAsInSettings_18-33-22] Trying to find element: By.xpath: (//div[@id='content-icon'])[2]
18:35:22 [TestNG-test-Yt Master Tests-2] INFO  verifyingSideMenuCollapsedLangAsInSettings_18-33-22 - [verifyingSideMenuCollapsedLangAsInSettings_18-33-22] Element found and ready (attempt 1): By.xpath: (//div[@id='content-icon'])[2]
18:35:22 [TestNG-test-Yt Master Tests-2] INFO  verifyingSideMenuCollapsedLangAsInSettings_18-33-22 - Looking for language element with name: Íslenska
18:35:22 [TestNG-test-Yt Master Tests-2] INFO  verifyingSideMenuCollapsedLangAsInSettings_18-33-22 - [verifyingSideMenuCollapsedLangAsInSettings_18-33-22] Trying to find element: By.xpath: //yt-multi-page-menu-section-renderer[@class='style-scope ytd-multi-page-menu-renderer']//yt-formatted-string[@id='label' and text()='Íslenska']
18:35:23 [TestNG-test-Yt Master Tests-2] INFO  verifyingSideMenuCollapsedLangAsInSettings_18-33-22 - [verifyingSideMenuCollapsedLangAsInSettings_18-33-22] Element found and ready (attempt 1): By.xpath: //yt-multi-page-menu-section-renderer[@class='style-scope ytd-multi-page-menu-renderer']//yt-formatted-string[@id='label' and text()='Íslenska']
18:35:23 [TestNG-test-Yt Master Tests-2] INFO  verifyingSideMenuCollapsedLangAsInSettings_18-33-22 - [verifyingSideMenuCollapsedLangAsInSettings_18-33-22] Trying to find element: By.xpath: //yt-multi-page-menu-section-renderer[@class='style-scope ytd-multi-page-menu-renderer']//yt-formatted-string[@id='label' and text()='Íslenska']
18:35:23 [TestNG-test-Yt Master Tests-2] INFO  verifyingSideMenuCollapsedLangAsInSettings_18-33-22 - [verifyingSideMenuCollapsedLangAsInSettings_18-33-22] Element found and ready (attempt 1): By.xpath: //yt-multi-page-menu-section-renderer[@class='style-scope ytd-multi-page-menu-renderer']//yt-formatted-string[@id='label' and text()='Íslenska']
18:35:25 [TestNG-test-Yt Master Tests-2] INFO  verifyingSideMenuCollapsedLangAsInSettings_18-33-22 - Clicking settings ellipses button...
18:35:25 [TestNG-test-Yt Master Tests-2] INFO  verifyingSideMenuCollapsedLangAsInSettings_18-33-22 - [verifyingSideMenuCollapsedLangAsInSettings_18-33-22] Trying to find element: By.xpath: //ytd-topbar-menu-button-renderer[@class='style-scope ytd-masthead style-default']
18:35:25 [TestNG-test-Yt Master Tests-2] INFO  verifyingSideMenuCollapsedLangAsInSettings_18-33-22 - [verifyingSideMenuCollapsedLangAsInSettings_18-33-22] Element found and ready (attempt 1): By.xpath: //ytd-topbar-menu-button-renderer[@class='style-scope ytd-masthead style-default']
18:35:26 [TestNG-test-Yt Master Tests-2] INFO  verifyingSideMenuCollapsedLangAsInSettings_18-33-22 - [verifyingSideMenuCollapsedLangAsInSettings_18-33-22] Waiting until element is visible in viewport
18:35:26 [TestNG-test-Yt Master Tests-2] INFO  verifyingSideMenuCollapsedLangAsInSettings_18-33-22 - Clicking settings ellipses button...
18:35:26 [TestNG-test-Yt Master Tests-2] INFO  verifyingSideMenuCollapsedLangAsInSettings_18-33-22 - [verifyingSideMenuCollapsedLangAsInSettings_18-33-22] Trying to find element: By.xpath: //ytd-topbar-menu-button-renderer[@class='style-scope ytd-masthead style-default']
18:35:27 [TestNG-test-Yt Master Tests-2] INFO  verifyingSideMenuCollapsedLangAsInSettings_18-33-22 - [verifyingSideMenuCollapsedLangAsInSettings_18-33-22] Element found and ready (attempt 1): By.xpath: //ytd-topbar-menu-button-renderer[@class='style-scope ytd-masthead style-default']
18:35:27 [TestNG-test-Yt Master Tests-2] INFO  verifyingSideMenuCollapsedLangAsInSettings_18-33-22 - getLangAttribute() - locating <html> and reading lang property
18:35:27 [TestNG-test-Yt Master Tests-2] INFO  verifyingSideMenuCollapsedLangAsInSettings_18-33-22 - Language attribute read: is-IS
18:35:27 [TestNG-test-Yt Master Tests-2] INFO  verifyingSideMenuCollapsedLangAsInSettings_18-33-22 - Fetching the side menu in collapsed view
18:35:27 [TestNG-test-Yt Master Tests-2] INFO  verifyingSideMenuCollapsedLangAsInSettings_18-33-22 - [verifyingSideMenuCollapsedLangAsInSettings_18-33-22] Finding elements list: By.xpath: //ytd-mini-guide-renderer[@class='style-scope ytd-app']//ytd-mini-guide-entry-renderer
18:35:27 [TestNG-test-Yt Master Tests-2] INFO  verifyingSideMenuCollapsedLangAsInSettings_18-33-22 - [verifyingSideMenuCollapsedLangAsInSettings_18-33-22] Found 4 ready elements (attempt 1): By.xpath: //ytd-mini-guide-renderer[@class='style-scope ytd-app']//ytd-mini-guide-entry-renderer
18:35:27 [TestNG-test-Yt Master Tests-2] INFO  verifyingSideMenuCollapsedLangAsInSettings_18-33-22 - Clicking settings ellipses button...
18:35:27 [TestNG-test-Yt Master Tests-2] INFO  verifyingSideMenuCollapsedLangAsInSettings_18-33-22 - [verifyingSideMenuCollapsedLangAsInSettings_18-33-22] Trying to find element: By.xpath: //ytd-topbar-menu-button-renderer[@class='style-scope ytd-masthead style-default']
18:35:27 [TestNG-test-Yt Master Tests-2] INFO  verifyingSideMenuCollapsedLangAsInSettings_18-33-22 - [verifyingSideMenuCollapsedLangAsInSettings_18-33-22] Element found and ready (attempt 1): By.xpath: //ytd-topbar-menu-button-renderer[@class='style-scope ytd-masthead style-default']
18:35:28 [TestNG-test-Yt Master Tests-2] INFO  verifyingSideMenuCollapsedLangAsInSettings_18-33-22 - Clicking language dropdown...
18:35:28 [TestNG-test-Yt Master Tests-2] INFO  verifyingSideMenuCollapsedLangAsInSettings_18-33-22 - [verifyingSideMenuCollapsedLangAsInSettings_18-33-22] Trying to find element: By.xpath: (//div[@id='content-icon'])[2]
18:35:28 [TestNG-test-Yt Master Tests-2] INFO  verifyingSideMenuCollapsedLangAsInSettings_18-33-22 - [verifyingSideMenuCollapsedLangAsInSettings_18-33-22] Element found and ready (attempt 1): By.xpath: (//div[@id='content-icon'])[2]
18:35:28 [TestNG-test-Yt Master Tests-2] INFO  verifyingSideMenuCollapsedLangAsInSettings_18-33-22 - Looking for language element with name: Italiano
18:35:28 [TestNG-test-Yt Master Tests-2] INFO  verifyingSideMenuCollapsedLangAsInSettings_18-33-22 - [verifyingSideMenuCollapsedLangAsInSettings_18-33-22] Trying to find element: By.xpath: //yt-multi-page-menu-section-renderer[@class='style-scope ytd-multi-page-menu-renderer']//yt-formatted-string[@id='label' and text()='Italiano']
18:35:28 [TestNG-test-Yt Master Tests-2] INFO  verifyingSideMenuCollapsedLangAsInSettings_18-33-22 - [verifyingSideMenuCollapsedLangAsInSettings_18-33-22] Element found and ready (attempt 1): By.xpath: //yt-multi-page-menu-section-renderer[@class='style-scope ytd-multi-page-menu-renderer']//yt-formatted-string[@id='label' and text()='Italiano']
18:35:28 [TestNG-test-Yt Master Tests-2] INFO  verifyingSideMenuCollapsedLangAsInSettings_18-33-22 - [verifyingSideMenuCollapsedLangAsInSettings_18-33-22] Trying to find element: By.xpath: //yt-multi-page-menu-section-renderer[@class='style-scope ytd-multi-page-menu-renderer']//yt-formatted-string[@id='label' and text()='Italiano']
18:35:29 [TestNG-test-Yt Master Tests-2] INFO  verifyingSideMenuCollapsedLangAsInSettings_18-33-22 - [verifyingSideMenuCollapsedLangAsInSettings_18-33-22] Element found and ready (attempt 1): By.xpath: //yt-multi-page-menu-section-renderer[@class='style-scope ytd-multi-page-menu-renderer']//yt-formatted-string[@id='label' and text()='Italiano']
18:35:30 [TestNG-test-Yt Master Tests-2] INFO  verifyingSideMenuCollapsedLangAsInSettings_18-33-22 - Clicking settings ellipses button...
18:35:30 [TestNG-test-Yt Master Tests-2] INFO  verifyingSideMenuCollapsedLangAsInSettings_18-33-22 - [verifyingSideMenuCollapsedLangAsInSettings_18-33-22] Trying to find element: By.xpath: //ytd-topbar-menu-button-renderer[@class='style-scope ytd-masthead style-default']
18:35:31 [TestNG-test-Yt Master Tests-2] INFO  verifyingSideMenuCollapsedLangAsInSettings_18-33-22 - [verifyingSideMenuCollapsedLangAsInSettings_18-33-22] Element found and ready (attempt 1): By.xpath: //ytd-topbar-menu-button-renderer[@class='style-scope ytd-masthead style-default']
18:35:32 [TestNG-test-Yt Master Tests-2] INFO  verifyingSideMenuCollapsedLangAsInSettings_18-33-22 - [verifyingSideMenuCollapsedLangAsInSettings_18-33-22] Waiting until element is visible in viewport
18:35:32 [TestNG-test-Yt Master Tests-2] INFO  verifyingSideMenuCollapsedLangAsInSettings_18-33-22 - Clicking settings ellipses button...
18:35:32 [TestNG-test-Yt Master Tests-2] INFO  verifyingSideMenuCollapsedLangAsInSettings_18-33-22 - [verifyingSideMenuCollapsedLangAsInSettings_18-33-22] Trying to find element: By.xpath: //ytd-topbar-menu-button-renderer[@class='style-scope ytd-masthead style-default']
18:35:32 [TestNG-test-Yt Master Tests-2] INFO  verifyingSideMenuCollapsedLangAsInSettings_18-33-22 - [verifyingSideMenuCollapsedLangAsInSettings_18-33-22] Element found and ready (attempt 1): By.xpath: //ytd-topbar-menu-button-renderer[@class='style-scope ytd-masthead style-default']
18:35:32 [TestNG-test-Yt Master Tests-2] INFO  verifyingSideMenuCollapsedLangAsInSettings_18-33-22 - getLangAttribute() - locating <html> and reading lang property
18:35:32 [TestNG-test-Yt Master Tests-2] INFO  verifyingSideMenuCollapsedLangAsInSettings_18-33-22 - Language attribute read: it-IT
18:35:32 [TestNG-test-Yt Master Tests-2] INFO  verifyingSideMenuCollapsedLangAsInSettings_18-33-22 - Fetching the side menu in collapsed view
18:35:32 [TestNG-test-Yt Master Tests-2] INFO  verifyingSideMenuCollapsedLangAsInSettings_18-33-22 - [verifyingSideMenuCollapsedLangAsInSettings_18-33-22] Finding elements list: By.xpath: //ytd-mini-guide-renderer[@class='style-scope ytd-app']//ytd-mini-guide-entry-renderer
18:35:32 [TestNG-test-Yt Master Tests-2] INFO  verifyingSideMenuCollapsedLangAsInSettings_18-33-22 - [verifyingSideMenuCollapsedLangAsInSettings_18-33-22] Found 4 ready elements (attempt 1): By.xpath: //ytd-mini-guide-renderer[@class='style-scope ytd-app']//ytd-mini-guide-entry-renderer
18:35:32 [TestNG-test-Yt Master Tests-2] INFO  verifyingSideMenuCollapsedLangAsInSettings_18-33-22 - Clicking settings ellipses button...
18:35:32 [TestNG-test-Yt Master Tests-2] INFO  verifyingSideMenuCollapsedLangAsInSettings_18-33-22 - [verifyingSideMenuCollapsedLangAsInSettings_18-33-22] Trying to find element: By.xpath: //ytd-topbar-menu-button-renderer[@class='style-scope ytd-masthead style-default']
18:35:32 [TestNG-test-Yt Master Tests-2] INFO  verifyingSideMenuCollapsedLangAsInSettings_18-33-22 - [verifyingSideMenuCollapsedLangAsInSettings_18-33-22] Element found and ready (attempt 1): By.xpath: //ytd-topbar-menu-button-renderer[@class='style-scope ytd-masthead style-default']
18:35:33 [TestNG-test-Yt Master Tests-2] INFO  verifyingSideMenuCollapsedLangAsInSettings_18-33-22 - Clicking language dropdown...
18:35:33 [TestNG-test-Yt Master Tests-2] INFO  verifyingSideMenuCollapsedLangAsInSettings_18-33-22 - [verifyingSideMenuCollapsedLangAsInSettings_18-33-22] Trying to find element: By.xpath: (//div[@id='content-icon'])[2]
18:35:33 [TestNG-test-Yt Master Tests-2] INFO  verifyingSideMenuCollapsedLangAsInSettings_18-33-22 - [verifyingSideMenuCollapsedLangAsInSettings_18-33-22] Element found and ready (attempt 1): By.xpath: (//div[@id='content-icon'])[2]
18:35:34 [TestNG-test-Yt Master Tests-2] INFO  verifyingSideMenuCollapsedLangAsInSettings_18-33-22 - Looking for language element with name: Latviešu valoda
18:35:34 [TestNG-test-Yt Master Tests-2] INFO  verifyingSideMenuCollapsedLangAsInSettings_18-33-22 - [verifyingSideMenuCollapsedLangAsInSettings_18-33-22] Trying to find element: By.xpath: //yt-multi-page-menu-section-renderer[@class='style-scope ytd-multi-page-menu-renderer']//yt-formatted-string[@id='label' and text()='Latviešu valoda']
18:35:34 [TestNG-test-Yt Master Tests-2] INFO  verifyingSideMenuCollapsedLangAsInSettings_18-33-22 - [verifyingSideMenuCollapsedLangAsInSettings_18-33-22] Element found and ready (attempt 1): By.xpath: //yt-multi-page-menu-section-renderer[@class='style-scope ytd-multi-page-menu-renderer']//yt-formatted-string[@id='label' and text()='Latviešu valoda']
18:35:34 [TestNG-test-Yt Master Tests-2] INFO  verifyingSideMenuCollapsedLangAsInSettings_18-33-22 - [verifyingSideMenuCollapsedLangAsInSettings_18-33-22] Trying to find element: By.xpath: //yt-multi-page-menu-section-renderer[@class='style-scope ytd-multi-page-menu-renderer']//yt-formatted-string[@id='label' and text()='Latviešu valoda']
18:35:35 [TestNG-test-Yt Master Tests-2] INFO  verifyingSideMenuCollapsedLangAsInSettings_18-33-22 - [verifyingSideMenuCollapsedLangAsInSettings_18-33-22] Element found and ready (attempt 1): By.xpath: //yt-multi-page-menu-section-renderer[@class='style-scope ytd-multi-page-menu-renderer']//yt-formatted-string[@id='label' and text()='Latviešu valoda']
18:35:38 [TestNG-test-Yt Master Tests-2] INFO  verifyingSideMenuCollapsedLangAsInSettings_18-33-22 - Clicking settings ellipses button...
18:35:38 [TestNG-test-Yt Master Tests-2] INFO  verifyingSideMenuCollapsedLangAsInSettings_18-33-22 - [verifyingSideMenuCollapsedLangAsInSettings_18-33-22] Trying to find element: By.xpath: //ytd-topbar-menu-button-renderer[@class='style-scope ytd-masthead style-default']
18:35:38 [TestNG-test-Yt Master Tests-2] INFO  verifyingSideMenuCollapsedLangAsInSettings_18-33-22 - [verifyingSideMenuCollapsedLangAsInSettings_18-33-22] Element found and ready (attempt 1): By.xpath: //ytd-topbar-menu-button-renderer[@class='style-scope ytd-masthead style-default']
18:35:39 [TestNG-test-Yt Master Tests-2] INFO  verifyingSideMenuCollapsedLangAsInSettings_18-33-22 - [verifyingSideMenuCollapsedLangAsInSettings_18-33-22] Waiting until element is visible in viewport
18:35:39 [TestNG-test-Yt Master Tests-2] INFO  verifyingSideMenuCollapsedLangAsInSettings_18-33-22 - Clicking settings ellipses button...
18:35:39 [TestNG-test-Yt Master Tests-2] INFO  verifyingSideMenuCollapsedLangAsInSettings_18-33-22 - [verifyingSideMenuCollapsedLangAsInSettings_18-33-22] Trying to find element: By.xpath: //ytd-topbar-menu-button-renderer[@class='style-scope ytd-masthead style-default']
18:35:39 [TestNG-test-Yt Master Tests-2] INFO  verifyingSideMenuCollapsedLangAsInSettings_18-33-22 - [verifyingSideMenuCollapsedLangAsInSettings_18-33-22] Element found and ready (attempt 1): By.xpath: //ytd-topbar-menu-button-renderer[@class='style-scope ytd-masthead style-default']
18:35:39 [TestNG-test-Yt Master Tests-2] INFO  verifyingSideMenuCollapsedLangAsInSettings_18-33-22 - getLangAttribute() - locating <html> and reading lang property
18:35:39 [TestNG-test-Yt Master Tests-2] INFO  verifyingSideMenuCollapsedLangAsInSettings_18-33-22 - Language attribute read: lv-LV
18:35:39 [TestNG-test-Yt Master Tests-2] INFO  verifyingSideMenuCollapsedLangAsInSettings_18-33-22 - Fetching the side menu in collapsed view
18:35:39 [TestNG-test-Yt Master Tests-2] INFO  verifyingSideMenuCollapsedLangAsInSettings_18-33-22 - [verifyingSideMenuCollapsedLangAsInSettings_18-33-22] Finding elements list: By.xpath: //ytd-mini-guide-renderer[@class='style-scope ytd-app']//ytd-mini-guide-entry-renderer
18:35:40 [TestNG-test-Yt Master Tests-2] INFO  verifyingSideMenuCollapsedLangAsInSettings_18-33-22 - [verifyingSideMenuCollapsedLangAsInSettings_18-33-22] Found 4 ready elements (attempt 1): By.xpath: //ytd-mini-guide-renderer[@class='style-scope ytd-app']//ytd-mini-guide-entry-renderer
18:35:40 [TestNG-test-Yt Master Tests-2] INFO  verifyingSideMenuCollapsedLangAsInSettings_18-33-22 - Clicking settings ellipses button...
18:35:40 [TestNG-test-Yt Master Tests-2] INFO  verifyingSideMenuCollapsedLangAsInSettings_18-33-22 - [verifyingSideMenuCollapsedLangAsInSettings_18-33-22] Trying to find element: By.xpath: //ytd-topbar-menu-button-renderer[@class='style-scope ytd-masthead style-default']
18:35:40 [TestNG-test-Yt Master Tests-2] INFO  verifyingSideMenuCollapsedLangAsInSettings_18-33-22 - [verifyingSideMenuCollapsedLangAsInSettings_18-33-22] Element found and ready (attempt 1): By.xpath: //ytd-topbar-menu-button-renderer[@class='style-scope ytd-masthead style-default']
18:35:40 [TestNG-test-Yt Master Tests-2] INFO  verifyingSideMenuCollapsedLangAsInSettings_18-33-22 - Clicking language dropdown...
18:35:40 [TestNG-test-Yt Master Tests-2] INFO  verifyingSideMenuCollapsedLangAsInSettings_18-33-22 - [verifyingSideMenuCollapsedLangAsInSettings_18-33-22] Trying to find element: By.xpath: (//div[@id='content-icon'])[2]
18:35:40 [TestNG-test-Yt Master Tests-2] INFO  verifyingSideMenuCollapsedLangAsInSettings_18-33-22 - [verifyingSideMenuCollapsedLangAsInSettings_18-33-22] Element found and ready (attempt 1): By.xpath: (//div[@id='content-icon'])[2]
18:35:41 [TestNG-test-Yt Master Tests-2] INFO  verifyingSideMenuCollapsedLangAsInSettings_18-33-22 - Looking for language element with name: Lietuvių
18:35:41 [TestNG-test-Yt Master Tests-2] INFO  verifyingSideMenuCollapsedLangAsInSettings_18-33-22 - [verifyingSideMenuCollapsedLangAsInSettings_18-33-22] Trying to find element: By.xpath: //yt-multi-page-menu-section-renderer[@class='style-scope ytd-multi-page-menu-renderer']//yt-formatted-string[@id='label' and text()='Lietuvių']
18:35:41 [TestNG-test-Yt Master Tests-2] INFO  verifyingSideMenuCollapsedLangAsInSettings_18-33-22 - [verifyingSideMenuCollapsedLangAsInSettings_18-33-22] Element found and ready (attempt 1): By.xpath: //yt-multi-page-menu-section-renderer[@class='style-scope ytd-multi-page-menu-renderer']//yt-formatted-string[@id='label' and text()='Lietuvių']
18:35:41 [TestNG-test-Yt Master Tests-2] INFO  verifyingSideMenuCollapsedLangAsInSettings_18-33-22 - [verifyingSideMenuCollapsedLangAsInSettings_18-33-22] Trying to find element: By.xpath: //yt-multi-page-menu-section-renderer[@class='style-scope ytd-multi-page-menu-renderer']//yt-formatted-string[@id='label' and text()='Lietuvių']
18:35:41 [TestNG-test-Yt Master Tests-2] INFO  verifyingSideMenuCollapsedLangAsInSettings_18-33-22 - [verifyingSideMenuCollapsedLangAsInSettings_18-33-22] Element found and ready (attempt 1): By.xpath: //yt-multi-page-menu-section-renderer[@class='style-scope ytd-multi-page-menu-renderer']//yt-formatted-string[@id='label' and text()='Lietuvių']
18:35:43 [TestNG-test-Yt Master Tests-2] INFO  verifyingSideMenuCollapsedLangAsInSettings_18-33-22 - Clicking settings ellipses button...
18:35:44 [TestNG-test-Yt Master Tests-2] INFO  verifyingSideMenuCollapsedLangAsInSettings_18-33-22 - [verifyingSideMenuCollapsedLangAsInSettings_18-33-22] Trying to find element: By.xpath: //ytd-topbar-menu-button-renderer[@class='style-scope ytd-masthead style-default']
18:35:44 [TestNG-test-Yt Master Tests-2] INFO  verifyingSideMenuCollapsedLangAsInSettings_18-33-22 - [verifyingSideMenuCollapsedLangAsInSettings_18-33-22] Element found and ready (attempt 1): By.xpath: //ytd-topbar-menu-button-renderer[@class='style-scope ytd-masthead style-default']
18:35:44 [TestNG-test-Yt Master Tests-2] INFO  verifyingSideMenuCollapsedLangAsInSettings_18-33-22 - [verifyingSideMenuCollapsedLangAsInSettings_18-33-22] Waiting until element is visible in viewport
18:35:45 [TestNG-test-Yt Master Tests-2] INFO  verifyingSideMenuCollapsedLangAsInSettings_18-33-22 - Clicking settings ellipses button...
18:35:45 [TestNG-test-Yt Master Tests-2] INFO  verifyingSideMenuCollapsedLangAsInSettings_18-33-22 - [verifyingSideMenuCollapsedLangAsInSettings_18-33-22] Trying to find element: By.xpath: //ytd-topbar-menu-button-renderer[@class='style-scope ytd-masthead style-default']
18:35:45 [TestNG-test-Yt Master Tests-2] INFO  verifyingSideMenuCollapsedLangAsInSettings_18-33-22 - [verifyingSideMenuCollapsedLangAsInSettings_18-33-22] Element found and ready (attempt 1): By.xpath: //ytd-topbar-menu-button-renderer[@class='style-scope ytd-masthead style-default']
18:35:45 [TestNG-test-Yt Master Tests-2] INFO  verifyingSideMenuCollapsedLangAsInSettings_18-33-22 - getLangAttribute() - locating <html> and reading lang property
18:35:45 [TestNG-test-Yt Master Tests-2] INFO  verifyingSideMenuCollapsedLangAsInSettings_18-33-22 - Language attribute read: lt-LT
18:35:45 [TestNG-test-Yt Master Tests-2] INFO  verifyingSideMenuCollapsedLangAsInSettings_18-33-22 - Fetching the side menu in collapsed view
18:35:45 [TestNG-test-Yt Master Tests-2] INFO  verifyingSideMenuCollapsedLangAsInSettings_18-33-22 - [verifyingSideMenuCollapsedLangAsInSettings_18-33-22] Finding elements list: By.xpath: //ytd-mini-guide-renderer[@class='style-scope ytd-app']//ytd-mini-guide-entry-renderer
18:35:45 [TestNG-test-Yt Master Tests-2] INFO  verifyingSideMenuCollapsedLangAsInSettings_18-33-22 - [verifyingSideMenuCollapsedLangAsInSettings_18-33-22] Found 4 ready elements (attempt 1): By.xpath: //ytd-mini-guide-renderer[@class='style-scope ytd-app']//ytd-mini-guide-entry-renderer
18:35:45 [TestNG-test-Yt Master Tests-2] INFO  verifyingSideMenuCollapsedLangAsInSettings_18-33-22 - Clicking settings ellipses button...
18:35:45 [TestNG-test-Yt Master Tests-2] INFO  verifyingSideMenuCollapsedLangAsInSettings_18-33-22 - [verifyingSideMenuCollapsedLangAsInSettings_18-33-22] Trying to find element: By.xpath: //ytd-topbar-menu-button-renderer[@class='style-scope ytd-masthead style-default']
18:35:45 [TestNG-test-Yt Master Tests-2] INFO  verifyingSideMenuCollapsedLangAsInSettings_18-33-22 - [verifyingSideMenuCollapsedLangAsInSettings_18-33-22] Element found and ready (attempt 1): By.xpath: //ytd-topbar-menu-button-renderer[@class='style-scope ytd-masthead style-default']
18:35:46 [TestNG-test-Yt Master Tests-2] INFO  verifyingSideMenuCollapsedLangAsInSettings_18-33-22 - Clicking language dropdown...
18:35:46 [TestNG-test-Yt Master Tests-2] INFO  verifyingSideMenuCollapsedLangAsInSettings_18-33-22 - [verifyingSideMenuCollapsedLangAsInSettings_18-33-22] Trying to find element: By.xpath: (//div[@id='content-icon'])[2]
18:35:46 [TestNG-test-Yt Master Tests-2] INFO  verifyingSideMenuCollapsedLangAsInSettings_18-33-22 - [verifyingSideMenuCollapsedLangAsInSettings_18-33-22] Element found and ready (attempt 1): By.xpath: (//div[@id='content-icon'])[2]
18:35:47 [TestNG-test-Yt Master Tests-2] INFO  verifyingSideMenuCollapsedLangAsInSettings_18-33-22 - Looking for language element with name: Magyar
18:35:47 [TestNG-test-Yt Master Tests-2] INFO  verifyingSideMenuCollapsedLangAsInSettings_18-33-22 - [verifyingSideMenuCollapsedLangAsInSettings_18-33-22] Trying to find element: By.xpath: //yt-multi-page-menu-section-renderer[@class='style-scope ytd-multi-page-menu-renderer']//yt-formatted-string[@id='label' and text()='Magyar']
18:35:47 [TestNG-test-Yt Master Tests-2] INFO  verifyingSideMenuCollapsedLangAsInSettings_18-33-22 - [verifyingSideMenuCollapsedLangAsInSettings_18-33-22] Element found and ready (attempt 1): By.xpath: //yt-multi-page-menu-section-renderer[@class='style-scope ytd-multi-page-menu-renderer']//yt-formatted-string[@id='label' and text()='Magyar']
18:35:47 [TestNG-test-Yt Master Tests-2] INFO  verifyingSideMenuCollapsedLangAsInSettings_18-33-22 - [verifyingSideMenuCollapsedLangAsInSettings_18-33-22] Trying to find element: By.xpath: //yt-multi-page-menu-section-renderer[@class='style-scope ytd-multi-page-menu-renderer']//yt-formatted-string[@id='label' and text()='Magyar']
18:35:47 [TestNG-test-Yt Master Tests-2] INFO  verifyingSideMenuCollapsedLangAsInSettings_18-33-22 - [verifyingSideMenuCollapsedLangAsInSettings_18-33-22] Element found and ready (attempt 1): By.xpath: //yt-multi-page-menu-section-renderer[@class='style-scope ytd-multi-page-menu-renderer']//yt-formatted-string[@id='label' and text()='Magyar']
18:35:49 [TestNG-test-Yt Master Tests-2] INFO  verifyingSideMenuCollapsedLangAsInSettings_18-33-22 - Clicking settings ellipses button...
18:35:49 [TestNG-test-Yt Master Tests-2] INFO  verifyingSideMenuCollapsedLangAsInSettings_18-33-22 - [verifyingSideMenuCollapsedLangAsInSettings_18-33-22] Trying to find element: By.xpath: //ytd-topbar-menu-button-renderer[@class='style-scope ytd-masthead style-default']
18:35:49 [TestNG-test-Yt Master Tests-2] INFO  verifyingSideMenuCollapsedLangAsInSettings_18-33-22 - [verifyingSideMenuCollapsedLangAsInSettings_18-33-22] Element found and ready (attempt 1): By.xpath: //ytd-topbar-menu-button-renderer[@class='style-scope ytd-masthead style-default']
18:35:51 [TestNG-test-Yt Master Tests-2] INFO  verifyingSideMenuCollapsedLangAsInSettings_18-33-22 - [verifyingSideMenuCollapsedLangAsInSettings_18-33-22] Waiting until element is visible in viewport
18:35:52 [TestNG-test-Yt Master Tests-2] INFO  verifyingSideMenuCollapsedLangAsInSettings_18-33-22 - Clicking settings ellipses button...
18:35:52 [TestNG-test-Yt Master Tests-2] INFO  verifyingSideMenuCollapsedLangAsInSettings_18-33-22 - [verifyingSideMenuCollapsedLangAsInSettings_18-33-22] Trying to find element: By.xpath: //ytd-topbar-menu-button-renderer[@class='style-scope ytd-masthead style-default']
18:35:52 [TestNG-test-Yt Master Tests-2] INFO  verifyingSideMenuCollapsedLangAsInSettings_18-33-22 - [verifyingSideMenuCollapsedLangAsInSettings_18-33-22] Element found and ready (attempt 1): By.xpath: //ytd-topbar-menu-button-renderer[@class='style-scope ytd-masthead style-default']
18:35:52 [TestNG-test-Yt Master Tests-2] INFO  verifyingSideMenuCollapsedLangAsInSettings_18-33-22 - getLangAttribute() - locating <html> and reading lang property
18:35:52 [TestNG-test-Yt Master Tests-2] INFO  verifyingSideMenuCollapsedLangAsInSettings_18-33-22 - Language attribute read: hu-HU
18:35:52 [TestNG-test-Yt Master Tests-2] INFO  verifyingSideMenuCollapsedLangAsInSettings_18-33-22 - Fetching the side menu in collapsed view
18:35:52 [TestNG-test-Yt Master Tests-2] INFO  verifyingSideMenuCollapsedLangAsInSettings_18-33-22 - [verifyingSideMenuCollapsedLangAsInSettings_18-33-22] Finding elements list: By.xpath: //ytd-mini-guide-renderer[@class='style-scope ytd-app']//ytd-mini-guide-entry-renderer
18:35:52 [TestNG-test-Yt Master Tests-2] INFO  verifyingSideMenuCollapsedLangAsInSettings_18-33-22 - [verifyingSideMenuCollapsedLangAsInSettings_18-33-22] Found 4 ready elements (attempt 1): By.xpath: //ytd-mini-guide-renderer[@class='style-scope ytd-app']//ytd-mini-guide-entry-renderer
18:35:52 [TestNG-test-Yt Master Tests-2] INFO  verifyingSideMenuCollapsedLangAsInSettings_18-33-22 - Clicking settings ellipses button...
18:35:52 [TestNG-test-Yt Master Tests-2] INFO  verifyingSideMenuCollapsedLangAsInSettings_18-33-22 - [verifyingSideMenuCollapsedLangAsInSettings_18-33-22] Trying to find element: By.xpath: //ytd-topbar-menu-button-renderer[@class='style-scope ytd-masthead style-default']
18:35:52 [TestNG-test-Yt Master Tests-2] INFO  verifyingSideMenuCollapsedLangAsInSettings_18-33-22 - [verifyingSideMenuCollapsedLangAsInSettings_18-33-22] Element found and ready (attempt 1): By.xpath: //ytd-topbar-menu-button-renderer[@class='style-scope ytd-masthead style-default']
18:35:52 [TestNG-test-Yt Master Tests-2] INFO  verifyingSideMenuCollapsedLangAsInSettings_18-33-22 - Clicking language dropdown...
18:35:52 [TestNG-test-Yt Master Tests-2] INFO  verifyingSideMenuCollapsedLangAsInSettings_18-33-22 - [verifyingSideMenuCollapsedLangAsInSettings_18-33-22] Trying to find element: By.xpath: (//div[@id='content-icon'])[2]
18:35:53 [TestNG-test-Yt Master Tests-2] INFO  verifyingSideMenuCollapsedLangAsInSettings_18-33-22 - [verifyingSideMenuCollapsedLangAsInSettings_18-33-22] Element found and ready (attempt 1): By.xpath: (//div[@id='content-icon'])[2]
18:35:54 [TestNG-test-Yt Master Tests-2] INFO  verifyingSideMenuCollapsedLangAsInSettings_18-33-22 - Looking for language element with name: Nederlands
18:35:54 [TestNG-test-Yt Master Tests-2] INFO  verifyingSideMenuCollapsedLangAsInSettings_18-33-22 - [verifyingSideMenuCollapsedLangAsInSettings_18-33-22] Trying to find element: By.xpath: //yt-multi-page-menu-section-renderer[@class='style-scope ytd-multi-page-menu-renderer']//yt-formatted-string[@id='label' and text()='Nederlands']
18:35:54 [TestNG-test-Yt Master Tests-2] INFO  verifyingSideMenuCollapsedLangAsInSettings_18-33-22 - [verifyingSideMenuCollapsedLangAsInSettings_18-33-22] Element found and ready (attempt 1): By.xpath: //yt-multi-page-menu-section-renderer[@class='style-scope ytd-multi-page-menu-renderer']//yt-formatted-string[@id='label' and text()='Nederlands']
18:35:54 [TestNG-test-Yt Master Tests-2] INFO  verifyingSideMenuCollapsedLangAsInSettings_18-33-22 - [verifyingSideMenuCollapsedLangAsInSettings_18-33-22] Trying to find element: By.xpath: //yt-multi-page-menu-section-renderer[@class='style-scope ytd-multi-page-menu-renderer']//yt-formatted-string[@id='label' and text()='Nederlands']
18:35:54 [TestNG-test-Yt Master Tests-2] INFO  verifyingSideMenuCollapsedLangAsInSettings_18-33-22 - [verifyingSideMenuCollapsedLangAsInSettings_18-33-22] Element found and ready (attempt 1): By.xpath: //yt-multi-page-menu-section-renderer[@class='style-scope ytd-multi-page-menu-renderer']//yt-formatted-string[@id='label' and text()='Nederlands']
18:35:56 [TestNG-test-Yt Master Tests-2] INFO  verifyingSideMenuCollapsedLangAsInSettings_18-33-22 - Clicking settings ellipses button...
18:35:56 [TestNG-test-Yt Master Tests-2] INFO  verifyingSideMenuCollapsedLangAsInSettings_18-33-22 - [verifyingSideMenuCollapsedLangAsInSettings_18-33-22] Trying to find element: By.xpath: //ytd-topbar-menu-button-renderer[@class='style-scope ytd-masthead style-default']
18:35:56 [TestNG-test-Yt Master Tests-2] INFO  verifyingSideMenuCollapsedLangAsInSettings_18-33-22 - [verifyingSideMenuCollapsedLangAsInSettings_18-33-22] Element found and ready (attempt 1): By.xpath: //ytd-topbar-menu-button-renderer[@class='style-scope ytd-masthead style-default']
18:35:57 [TestNG-test-Yt Master Tests-2] INFO  verifyingSideMenuCollapsedLangAsInSettings_18-33-22 - [verifyingSideMenuCollapsedLangAsInSettings_18-33-22] Waiting until element is visible in viewport
18:35:58 [TestNG-test-Yt Master Tests-2] INFO  verifyingSideMenuCollapsedLangAsInSettings_18-33-22 - Clicking settings ellipses button...
18:35:58 [TestNG-test-Yt Master Tests-2] INFO  verifyingSideMenuCollapsedLangAsInSettings_18-33-22 - [verifyingSideMenuCollapsedLangAsInSettings_18-33-22] Trying to find element: By.xpath: //ytd-topbar-menu-button-renderer[@class='style-scope ytd-masthead style-default']
18:35:58 [TestNG-test-Yt Master Tests-2] INFO  verifyingSideMenuCollapsedLangAsInSettings_18-33-22 - [verifyingSideMenuCollapsedLangAsInSettings_18-33-22] Element found and ready (attempt 1): By.xpath: //ytd-topbar-menu-button-renderer[@class='style-scope ytd-masthead style-default']
18:35:58 [TestNG-test-Yt Master Tests-2] INFO  verifyingSideMenuCollapsedLangAsInSettings_18-33-22 - getLangAttribute() - locating <html> and reading lang property
18:35:58 [TestNG-test-Yt Master Tests-2] INFO  verifyingSideMenuCollapsedLangAsInSettings_18-33-22 - Language attribute read: nl-NL
18:35:58 [TestNG-test-Yt Master Tests-2] INFO  verifyingSideMenuCollapsedLangAsInSettings_18-33-22 - Fetching the side menu in collapsed view
18:35:58 [TestNG-test-Yt Master Tests-2] INFO  verifyingSideMenuCollapsedLangAsInSettings_18-33-22 - [verifyingSideMenuCollapsedLangAsInSettings_18-33-22] Finding elements list: By.xpath: //ytd-mini-guide-renderer[@class='style-scope ytd-app']//ytd-mini-guide-entry-renderer
18:35:58 [TestNG-test-Yt Master Tests-2] INFO  verifyingSideMenuCollapsedLangAsInSettings_18-33-22 - [verifyingSideMenuCollapsedLangAsInSettings_18-33-22] Found 4 ready elements (attempt 1): By.xpath: //ytd-mini-guide-renderer[@class='style-scope ytd-app']//ytd-mini-guide-entry-renderer
18:35:58 [TestNG-test-Yt Master Tests-2] INFO  verifyingSideMenuCollapsedLangAsInSettings_18-33-22 - Clicking settings ellipses button...
18:35:58 [TestNG-test-Yt Master Tests-2] INFO  verifyingSideMenuCollapsedLangAsInSettings_18-33-22 - [verifyingSideMenuCollapsedLangAsInSettings_18-33-22] Trying to find element: By.xpath: //ytd-topbar-menu-button-renderer[@class='style-scope ytd-masthead style-default']
18:35:58 [TestNG-test-Yt Master Tests-2] INFO  verifyingSideMenuCollapsedLangAsInSettings_18-33-22 - [verifyingSideMenuCollapsedLangAsInSettings_18-33-22] Element found and ready (attempt 1): By.xpath: //ytd-topbar-menu-button-renderer[@class='style-scope ytd-masthead style-default']
18:35:58 [TestNG-test-Yt Master Tests-2] INFO  verifyingSideMenuCollapsedLangAsInSettings_18-33-22 - Clicking language dropdown...
18:35:58 [TestNG-test-Yt Master Tests-2] INFO  verifyingSideMenuCollapsedLangAsInSettings_18-33-22 - [verifyingSideMenuCollapsedLangAsInSettings_18-33-22] Trying to find element: By.xpath: (//div[@id='content-icon'])[2]
18:35:59 [TestNG-test-Yt Master Tests-2] INFO  verifyingSideMenuCollapsedLangAsInSettings_18-33-22 - [verifyingSideMenuCollapsedLangAsInSettings_18-33-22] Element found and ready (attempt 1): By.xpath: (//div[@id='content-icon'])[2]
18:36:00 [TestNG-test-Yt Master Tests-2] INFO  verifyingSideMenuCollapsedLangAsInSettings_18-33-22 - Looking for language element with name: Polski
18:36:00 [TestNG-test-Yt Master Tests-2] INFO  verifyingSideMenuCollapsedLangAsInSettings_18-33-22 - [verifyingSideMenuCollapsedLangAsInSettings_18-33-22] Trying to find element: By.xpath: //yt-multi-page-menu-section-renderer[@class='style-scope ytd-multi-page-menu-renderer']//yt-formatted-string[@id='label' and text()='Polski']
18:36:00 [TestNG-test-Yt Master Tests-2] INFO  verifyingSideMenuCollapsedLangAsInSettings_18-33-22 - [verifyingSideMenuCollapsedLangAsInSettings_18-33-22] Element found and ready (attempt 1): By.xpath: //yt-multi-page-menu-section-renderer[@class='style-scope ytd-multi-page-menu-renderer']//yt-formatted-string[@id='label' and text()='Polski']
18:36:00 [TestNG-test-Yt Master Tests-2] INFO  verifyingSideMenuCollapsedLangAsInSettings_18-33-22 - [verifyingSideMenuCollapsedLangAsInSettings_18-33-22] Trying to find element: By.xpath: //yt-multi-page-menu-section-renderer[@class='style-scope ytd-multi-page-menu-renderer']//yt-formatted-string[@id='label' and text()='Polski']
18:36:00 [TestNG-test-Yt Master Tests-2] INFO  verifyingSideMenuCollapsedLangAsInSettings_18-33-22 - [verifyingSideMenuCollapsedLangAsInSettings_18-33-22] Element found and ready (attempt 1): By.xpath: //yt-multi-page-menu-section-renderer[@class='style-scope ytd-multi-page-menu-renderer']//yt-formatted-string[@id='label' and text()='Polski']
18:36:03 [TestNG-test-Yt Master Tests-2] INFO  verifyingSideMenuCollapsedLangAsInSettings_18-33-22 - Clicking settings ellipses button...
18:36:03 [TestNG-test-Yt Master Tests-2] INFO  verifyingSideMenuCollapsedLangAsInSettings_18-33-22 - [verifyingSideMenuCollapsedLangAsInSettings_18-33-22] Trying to find element: By.xpath: //ytd-topbar-menu-button-renderer[@class='style-scope ytd-masthead style-default']
18:36:03 [TestNG-test-Yt Master Tests-2] INFO  verifyingSideMenuCollapsedLangAsInSettings_18-33-22 - [verifyingSideMenuCollapsedLangAsInSettings_18-33-22] Element found and ready (attempt 1): By.xpath: //ytd-topbar-menu-button-renderer[@class='style-scope ytd-masthead style-default']
18:36:04 [TestNG-test-Yt Master Tests-2] INFO  verifyingSideMenuCollapsedLangAsInSettings_18-33-22 - [verifyingSideMenuCollapsedLangAsInSettings_18-33-22] Waiting until element is visible in viewport
18:36:04 [TestNG-test-Yt Master Tests-2] INFO  verifyingSideMenuCollapsedLangAsInSettings_18-33-22 - Clicking settings ellipses button...
18:36:05 [TestNG-test-Yt Master Tests-2] INFO  verifyingSideMenuCollapsedLangAsInSettings_18-33-22 - [verifyingSideMenuCollapsedLangAsInSettings_18-33-22] Trying to find element: By.xpath: //ytd-topbar-menu-button-renderer[@class='style-scope ytd-masthead style-default']
18:36:05 [TestNG-test-Yt Master Tests-2] INFO  verifyingSideMenuCollapsedLangAsInSettings_18-33-22 - [verifyingSideMenuCollapsedLangAsInSettings_18-33-22] Element found and ready (attempt 1): By.xpath: //ytd-topbar-menu-button-renderer[@class='style-scope ytd-masthead style-default']
18:36:05 [TestNG-test-Yt Master Tests-2] INFO  verifyingSideMenuCollapsedLangAsInSettings_18-33-22 - getLangAttribute() - locating <html> and reading lang property
18:36:05 [TestNG-test-Yt Master Tests-2] INFO  verifyingSideMenuCollapsedLangAsInSettings_18-33-22 - Language attribute read: pl-PL
18:36:05 [TestNG-test-Yt Master Tests-2] INFO  verifyingSideMenuCollapsedLangAsInSettings_18-33-22 - Fetching the side menu in collapsed view
18:36:05 [TestNG-test-Yt Master Tests-2] INFO  verifyingSideMenuCollapsedLangAsInSettings_18-33-22 - [verifyingSideMenuCollapsedLangAsInSettings_18-33-22] Finding elements list: By.xpath: //ytd-mini-guide-renderer[@class='style-scope ytd-app']//ytd-mini-guide-entry-renderer
18:36:05 [TestNG-test-Yt Master Tests-2] INFO  verifyingSideMenuCollapsedLangAsInSettings_18-33-22 - [verifyingSideMenuCollapsedLangAsInSettings_18-33-22] Found 4 ready elements (attempt 1): By.xpath: //ytd-mini-guide-renderer[@class='style-scope ytd-app']//ytd-mini-guide-entry-renderer
18:36:06 [TestNG-test-Yt Master Tests-2] INFO  verifyingSideMenuCollapsedLangAsInSettings_18-33-22 - Clicking settings ellipses button...
18:36:06 [TestNG-test-Yt Master Tests-2] INFO  verifyingSideMenuCollapsedLangAsInSettings_18-33-22 - [verifyingSideMenuCollapsedLangAsInSettings_18-33-22] Trying to find element: By.xpath: //ytd-topbar-menu-button-renderer[@class='style-scope ytd-masthead style-default']
18:36:06 [TestNG-test-Yt Master Tests-2] INFO  verifyingSideMenuCollapsedLangAsInSettings_18-33-22 - [verifyingSideMenuCollapsedLangAsInSettings_18-33-22] Element found and ready (attempt 1): By.xpath: //ytd-topbar-menu-button-renderer[@class='style-scope ytd-masthead style-default']
18:36:07 [TestNG-test-Yt Master Tests-2] INFO  verifyingSideMenuCollapsedLangAsInSettings_18-33-22 - Clicking language dropdown...
18:36:07 [TestNG-test-Yt Master Tests-2] INFO  verifyingSideMenuCollapsedLangAsInSettings_18-33-22 - [verifyingSideMenuCollapsedLangAsInSettings_18-33-22] Trying to find element: By.xpath: (//div[@id='content-icon'])[2]
18:36:07 [TestNG-test-Yt Master Tests-2] INFO  verifyingSideMenuCollapsedLangAsInSettings_18-33-22 - [verifyingSideMenuCollapsedLangAsInSettings_18-33-22] Element found and ready (attempt 1): By.xpath: (//div[@id='content-icon'])[2]
18:36:07 [TestNG-test-Yt Master Tests-2] INFO  verifyingSideMenuCollapsedLangAsInSettings_18-33-22 - Looking for language element with name: Português
18:36:07 [TestNG-test-Yt Master Tests-2] INFO  verifyingSideMenuCollapsedLangAsInSettings_18-33-22 - [verifyingSideMenuCollapsedLangAsInSettings_18-33-22] Trying to find element: By.xpath: //yt-multi-page-menu-section-renderer[@class='style-scope ytd-multi-page-menu-renderer']//yt-formatted-string[@id='label' and text()='Português']
18:36:08 [TestNG-test-Yt Master Tests-2] INFO  verifyingSideMenuCollapsedLangAsInSettings_18-33-22 - [verifyingSideMenuCollapsedLangAsInSettings_18-33-22] Element found and ready (attempt 1): By.xpath: //yt-multi-page-menu-section-renderer[@class='style-scope ytd-multi-page-menu-renderer']//yt-formatted-string[@id='label' and text()='Português']
18:36:08 [TestNG-test-Yt Master Tests-2] INFO  verifyingSideMenuCollapsedLangAsInSettings_18-33-22 - [verifyingSideMenuCollapsedLangAsInSettings_18-33-22] Trying to find element: By.xpath: //yt-multi-page-menu-section-renderer[@class='style-scope ytd-multi-page-menu-renderer']//yt-formatted-string[@id='label' and text()='Português']
18:36:08 [TestNG-test-Yt Master Tests-2] INFO  verifyingSideMenuCollapsedLangAsInSettings_18-33-22 - [verifyingSideMenuCollapsedLangAsInSettings_18-33-22] Element found and ready (attempt 1): By.xpath: //yt-multi-page-menu-section-renderer[@class='style-scope ytd-multi-page-menu-renderer']//yt-formatted-string[@id='label' and text()='Português']
18:36:09 [TestNG-test-Yt Master Tests-2] INFO  verifyingSideMenuCollapsedLangAsInSettings_18-33-22 - Clicking settings ellipses button...
18:36:09 [TestNG-test-Yt Master Tests-2] INFO  verifyingSideMenuCollapsedLangAsInSettings_18-33-22 - [verifyingSideMenuCollapsedLangAsInSettings_18-33-22] Trying to find element: By.xpath: //ytd-topbar-menu-button-renderer[@class='style-scope ytd-masthead style-default']
18:36:10 [TestNG-test-Yt Master Tests-2] INFO  verifyingSideMenuCollapsedLangAsInSettings_18-33-22 - [verifyingSideMenuCollapsedLangAsInSettings_18-33-22] Element found and ready (attempt 1): By.xpath: //ytd-topbar-menu-button-renderer[@class='style-scope ytd-masthead style-default']
18:36:10 [TestNG-test-Yt Master Tests-2] INFO  verifyingSideMenuCollapsedLangAsInSettings_18-33-22 - [verifyingSideMenuCollapsedLangAsInSettings_18-33-22] Waiting until element is visible in viewport
18:36:11 [TestNG-test-Yt Master Tests-2] INFO  verifyingSideMenuCollapsedLangAsInSettings_18-33-22 - Clicking settings ellipses button...
18:36:11 [TestNG-test-Yt Master Tests-2] INFO  verifyingSideMenuCollapsedLangAsInSettings_18-33-22 - [verifyingSideMenuCollapsedLangAsInSettings_18-33-22] Trying to find element: By.xpath: //ytd-topbar-menu-button-renderer[@class='style-scope ytd-masthead style-default']
18:36:11 [TestNG-test-Yt Master Tests-2] INFO  verifyingSideMenuCollapsedLangAsInSettings_18-33-22 - [verifyingSideMenuCollapsedLangAsInSettings_18-33-22] Element found and ready (attempt 1): By.xpath: //ytd-topbar-menu-button-renderer[@class='style-scope ytd-masthead style-default']
18:36:11 [TestNG-test-Yt Master Tests-2] INFO  verifyingSideMenuCollapsedLangAsInSettings_18-33-22 - getLangAttribute() - locating <html> and reading lang property
18:36:11 [TestNG-test-Yt Master Tests-2] INFO  verifyingSideMenuCollapsedLangAsInSettings_18-33-22 - Language attribute read: pt-PT
18:36:11 [TestNG-test-Yt Master Tests-2] INFO  verifyingSideMenuCollapsedLangAsInSettings_18-33-22 - Fetching the side menu in collapsed view
18:36:11 [TestNG-test-Yt Master Tests-2] INFO  verifyingSideMenuCollapsedLangAsInSettings_18-33-22 - [verifyingSideMenuCollapsedLangAsInSettings_18-33-22] Finding elements list: By.xpath: //ytd-mini-guide-renderer[@class='style-scope ytd-app']//ytd-mini-guide-entry-renderer
18:36:11 [TestNG-test-Yt Master Tests-2] INFO  verifyingSideMenuCollapsedLangAsInSettings_18-33-22 - [verifyingSideMenuCollapsedLangAsInSettings_18-33-22] Found 4 ready elements (attempt 1): By.xpath: //ytd-mini-guide-renderer[@class='style-scope ytd-app']//ytd-mini-guide-entry-renderer
18:36:11 [TestNG-test-Yt Master Tests-2] INFO  verifyingSideMenuCollapsedLangAsInSettings_18-33-22 - Clicking settings ellipses button...
18:36:11 [TestNG-test-Yt Master Tests-2] INFO  verifyingSideMenuCollapsedLangAsInSettings_18-33-22 - [verifyingSideMenuCollapsedLangAsInSettings_18-33-22] Trying to find element: By.xpath: //ytd-topbar-menu-button-renderer[@class='style-scope ytd-masthead style-default']
18:36:11 [TestNG-test-Yt Master Tests-2] INFO  verifyingSideMenuCollapsedLangAsInSettings_18-33-22 - [verifyingSideMenuCollapsedLangAsInSettings_18-33-22] Element found and ready (attempt 1): By.xpath: //ytd-topbar-menu-button-renderer[@class='style-scope ytd-masthead style-default']
18:36:12 [TestNG-test-Yt Master Tests-2] INFO  verifyingSideMenuCollapsedLangAsInSettings_18-33-22 - Clicking language dropdown...
18:36:12 [TestNG-test-Yt Master Tests-2] INFO  verifyingSideMenuCollapsedLangAsInSettings_18-33-22 - [verifyingSideMenuCollapsedLangAsInSettings_18-33-22] Trying to find element: By.xpath: (//div[@id='content-icon'])[2]
18:36:12 [TestNG-test-Yt Master Tests-2] INFO  verifyingSideMenuCollapsedLangAsInSettings_18-33-22 - [verifyingSideMenuCollapsedLangAsInSettings_18-33-22] Element found and ready (attempt 1): By.xpath: (//div[@id='content-icon'])[2]
18:36:13 [TestNG-test-Yt Master Tests-2] INFO  verifyingSideMenuCollapsedLangAsInSettings_18-33-22 - Looking for language element with name: Português (Brasil)
18:36:13 [TestNG-test-Yt Master Tests-2] INFO  verifyingSideMenuCollapsedLangAsInSettings_18-33-22 - [verifyingSideMenuCollapsedLangAsInSettings_18-33-22] Trying to find element: By.xpath: //yt-multi-page-menu-section-renderer[@class='style-scope ytd-multi-page-menu-renderer']//yt-formatted-string[@id='label' and text()='Português (Brasil)']
18:36:14 [TestNG-test-Yt Master Tests-2] INFO  verifyingSideMenuCollapsedLangAsInSettings_18-33-22 - [verifyingSideMenuCollapsedLangAsInSettings_18-33-22] Element found and ready (attempt 1): By.xpath: //yt-multi-page-menu-section-renderer[@class='style-scope ytd-multi-page-menu-renderer']//yt-formatted-string[@id='label' and text()='Português (Brasil)']
18:36:14 [TestNG-test-Yt Master Tests-2] INFO  verifyingSideMenuCollapsedLangAsInSettings_18-33-22 - [verifyingSideMenuCollapsedLangAsInSettings_18-33-22] Trying to find element: By.xpath: //yt-multi-page-menu-section-renderer[@class='style-scope ytd-multi-page-menu-renderer']//yt-formatted-string[@id='label' and text()='Português (Brasil)']
18:36:14 [TestNG-test-Yt Master Tests-2] INFO  verifyingSideMenuCollapsedLangAsInSettings_18-33-22 - [verifyingSideMenuCollapsedLangAsInSettings_18-33-22] Element found and ready (attempt 1): By.xpath: //yt-multi-page-menu-section-renderer[@class='style-scope ytd-multi-page-menu-renderer']//yt-formatted-string[@id='label' and text()='Português (Brasil)']
18:36:16 [TestNG-test-Yt Master Tests-2] INFO  verifyingSideMenuCollapsedLangAsInSettings_18-33-22 - Clicking settings ellipses button...
18:36:16 [TestNG-test-Yt Master Tests-2] INFO  verifyingSideMenuCollapsedLangAsInSettings_18-33-22 - [verifyingSideMenuCollapsedLangAsInSettings_18-33-22] Trying to find element: By.xpath: //ytd-topbar-menu-button-renderer[@class='style-scope ytd-masthead style-default']
18:36:16 [TestNG-test-Yt Master Tests-2] INFO  verifyingSideMenuCollapsedLangAsInSettings_18-33-22 - [verifyingSideMenuCollapsedLangAsInSettings_18-33-22] Element found and ready (attempt 1): By.xpath: //ytd-topbar-menu-button-renderer[@class='style-scope ytd-masthead style-default']
18:36:17 [TestNG-test-Yt Master Tests-2] INFO  verifyingSideMenuCollapsedLangAsInSettings_18-33-22 - [verifyingSideMenuCollapsedLangAsInSettings_18-33-22] Waiting until element is visible in viewport
18:36:18 [TestNG-test-Yt Master Tests-2] INFO  verifyingSideMenuCollapsedLangAsInSettings_18-33-22 - Clicking settings ellipses button...
18:36:18 [TestNG-test-Yt Master Tests-2] INFO  verifyingSideMenuCollapsedLangAsInSettings_18-33-22 - [verifyingSideMenuCollapsedLangAsInSettings_18-33-22] Trying to find element: By.xpath: //ytd-topbar-menu-button-renderer[@class='style-scope ytd-masthead style-default']
18:36:18 [TestNG-test-Yt Master Tests-2] INFO  verifyingSideMenuCollapsedLangAsInSettings_18-33-22 - [verifyingSideMenuCollapsedLangAsInSettings_18-33-22] Element found and ready (attempt 1): By.xpath: //ytd-topbar-menu-button-renderer[@class='style-scope ytd-masthead style-default']
18:36:18 [TestNG-test-Yt Master Tests-2] INFO  verifyingSideMenuCollapsedLangAsInSettings_18-33-22 - getLangAttribute() - locating <html> and reading lang property
18:36:18 [TestNG-test-Yt Master Tests-2] INFO  verifyingSideMenuCollapsedLangAsInSettings_18-33-22 - Language attribute read: pt-BR
18:36:18 [TestNG-test-Yt Master Tests-2] INFO  verifyingSideMenuCollapsedLangAsInSettings_18-33-22 - Fetching the side menu in collapsed view
18:36:18 [TestNG-test-Yt Master Tests-2] INFO  verifyingSideMenuCollapsedLangAsInSettings_18-33-22 - [verifyingSideMenuCollapsedLangAsInSettings_18-33-22] Finding elements list: By.xpath: //ytd-mini-guide-renderer[@class='style-scope ytd-app']//ytd-mini-guide-entry-renderer
18:36:18 [TestNG-test-Yt Master Tests-2] INFO  verifyingSideMenuCollapsedLangAsInSettings_18-33-22 - [verifyingSideMenuCollapsedLangAsInSettings_18-33-22] Found 4 ready elements (attempt 1): By.xpath: //ytd-mini-guide-renderer[@class='style-scope ytd-app']//ytd-mini-guide-entry-renderer
18:36:18 [TestNG-test-Yt Master Tests-2] INFO  verifyingSideMenuCollapsedLangAsInSettings_18-33-22 - Clicking settings ellipses button...
18:36:18 [TestNG-test-Yt Master Tests-2] INFO  verifyingSideMenuCollapsedLangAsInSettings_18-33-22 - [verifyingSideMenuCollapsedLangAsInSettings_18-33-22] Trying to find element: By.xpath: //ytd-topbar-menu-button-renderer[@class='style-scope ytd-masthead style-default']
18:36:18 [TestNG-test-Yt Master Tests-2] INFO  verifyingSideMenuCollapsedLangAsInSettings_18-33-22 - [verifyingSideMenuCollapsedLangAsInSettings_18-33-22] Element found and ready (attempt 1): By.xpath: //ytd-topbar-menu-button-renderer[@class='style-scope ytd-masthead style-default']
18:36:19 [TestNG-test-Yt Master Tests-2] INFO  verifyingSideMenuCollapsedLangAsInSettings_18-33-22 - Clicking language dropdown...
18:36:19 [TestNG-test-Yt Master Tests-2] INFO  verifyingSideMenuCollapsedLangAsInSettings_18-33-22 - [verifyingSideMenuCollapsedLangAsInSettings_18-33-22] Trying to find element: By.xpath: (//div[@id='content-icon'])[2]
18:36:19 [TestNG-test-Yt Master Tests-2] INFO  verifyingSideMenuCollapsedLangAsInSettings_18-33-22 - [verifyingSideMenuCollapsedLangAsInSettings_18-33-22] Element found and ready (attempt 1): By.xpath: (//div[@id='content-icon'])[2]
18:36:20 [TestNG-test-Yt Master Tests-2] INFO  verifyingSideMenuCollapsedLangAsInSettings_18-33-22 - Looking for language element with name: Shqip
18:36:20 [TestNG-test-Yt Master Tests-2] INFO  verifyingSideMenuCollapsedLangAsInSettings_18-33-22 - [verifyingSideMenuCollapsedLangAsInSettings_18-33-22] Trying to find element: By.xpath: //yt-multi-page-menu-section-renderer[@class='style-scope ytd-multi-page-menu-renderer']//yt-formatted-string[@id='label' and text()='Shqip']
18:36:20 [TestNG-test-Yt Master Tests-2] INFO  verifyingSideMenuCollapsedLangAsInSettings_18-33-22 - [verifyingSideMenuCollapsedLangAsInSettings_18-33-22] Element found and ready (attempt 1): By.xpath: //yt-multi-page-menu-section-renderer[@class='style-scope ytd-multi-page-menu-renderer']//yt-formatted-string[@id='label' and text()='Shqip']
18:36:20 [TestNG-test-Yt Master Tests-2] INFO  verifyingSideMenuCollapsedLangAsInSettings_18-33-22 - [verifyingSideMenuCollapsedLangAsInSettings_18-33-22] Trying to find element: By.xpath: //yt-multi-page-menu-section-renderer[@class='style-scope ytd-multi-page-menu-renderer']//yt-formatted-string[@id='label' and text()='Shqip']
18:36:20 [TestNG-test-Yt Master Tests-2] INFO  verifyingSideMenuCollapsedLangAsInSettings_18-33-22 - [verifyingSideMenuCollapsedLangAsInSettings_18-33-22] Element found and ready (attempt 1): By.xpath: //yt-multi-page-menu-section-renderer[@class='style-scope ytd-multi-page-menu-renderer']//yt-formatted-string[@id='label' and text()='Shqip']
18:36:23 [TestNG-test-Yt Master Tests-2] INFO  verifyingSideMenuCollapsedLangAsInSettings_18-33-22 - Clicking settings ellipses button...
18:36:23 [TestNG-test-Yt Master Tests-2] INFO  verifyingSideMenuCollapsedLangAsInSettings_18-33-22 - [verifyingSideMenuCollapsedLangAsInSettings_18-33-22] Trying to find element: By.xpath: //ytd-topbar-menu-button-renderer[@class='style-scope ytd-masthead style-default']
18:36:23 [TestNG-test-Yt Master Tests-2] INFO  verifyingSideMenuCollapsedLangAsInSettings_18-33-22 - [verifyingSideMenuCollapsedLangAsInSettings_18-33-22] Element found and ready (attempt 1): By.xpath: //ytd-topbar-menu-button-renderer[@class='style-scope ytd-masthead style-default']
18:36:24 [TestNG-test-Yt Master Tests-2] INFO  verifyingSideMenuCollapsedLangAsInSettings_18-33-22 - [verifyingSideMenuCollapsedLangAsInSettings_18-33-22] Waiting until element is visible in viewport
18:36:25 [TestNG-test-Yt Master Tests-2] INFO  verifyingSideMenuCollapsedLangAsInSettings_18-33-22 - Clicking settings ellipses button...
18:36:25 [TestNG-test-Yt Master Tests-2] INFO  verifyingSideMenuCollapsedLangAsInSettings_18-33-22 - [verifyingSideMenuCollapsedLangAsInSettings_18-33-22] Trying to find element: By.xpath: //ytd-topbar-menu-button-renderer[@class='style-scope ytd-masthead style-default']
18:36:25 [TestNG-test-Yt Master Tests-2] INFO  verifyingSideMenuCollapsedLangAsInSettings_18-33-22 - [verifyingSideMenuCollapsedLangAsInSettings_18-33-22] Element found and ready (attempt 1): By.xpath: //ytd-topbar-menu-button-renderer[@class='style-scope ytd-masthead style-default']
18:36:25 [TestNG-test-Yt Master Tests-2] INFO  verifyingSideMenuCollapsedLangAsInSettings_18-33-22 - getLangAttribute() - locating <html> and reading lang property
18:36:25 [TestNG-test-Yt Master Tests-2] INFO  verifyingSideMenuCollapsedLangAsInSettings_18-33-22 - Language attribute read: sq-AL
18:36:25 [TestNG-test-Yt Master Tests-2] INFO  verifyingSideMenuCollapsedLangAsInSettings_18-33-22 - Fetching the side menu in collapsed view
18:36:25 [TestNG-test-Yt Master Tests-2] INFO  verifyingSideMenuCollapsedLangAsInSettings_18-33-22 - [verifyingSideMenuCollapsedLangAsInSettings_18-33-22] Finding elements list: By.xpath: //ytd-mini-guide-renderer[@class='style-scope ytd-app']//ytd-mini-guide-entry-renderer
18:36:25 [TestNG-test-Yt Master Tests-2] INFO  verifyingSideMenuCollapsedLangAsInSettings_18-33-22 - [verifyingSideMenuCollapsedLangAsInSettings_18-33-22] Found 4 ready elements (attempt 1): By.xpath: //ytd-mini-guide-renderer[@class='style-scope ytd-app']//ytd-mini-guide-entry-renderer
18:36:25 [TestNG-test-Yt Master Tests-2] INFO  verifyingSideMenuCollapsedLangAsInSettings_18-33-22 - Clicking settings ellipses button...
18:36:25 [TestNG-test-Yt Master Tests-2] INFO  verifyingSideMenuCollapsedLangAsInSettings_18-33-22 - [verifyingSideMenuCollapsedLangAsInSettings_18-33-22] Trying to find element: By.xpath: //ytd-topbar-menu-button-renderer[@class='style-scope ytd-masthead style-default']
18:36:26 [TestNG-test-Yt Master Tests-2] INFO  verifyingSideMenuCollapsedLangAsInSettings_18-33-22 - [verifyingSideMenuCollapsedLangAsInSettings_18-33-22] Element found and ready (attempt 1): By.xpath: //ytd-topbar-menu-button-renderer[@class='style-scope ytd-masthead style-default']
18:36:26 [TestNG-test-Yt Master Tests-2] INFO  verifyingSideMenuCollapsedLangAsInSettings_18-33-22 - Clicking language dropdown...
18:36:26 [TestNG-test-Yt Master Tests-2] INFO  verifyingSideMenuCollapsedLangAsInSettings_18-33-22 - [verifyingSideMenuCollapsedLangAsInSettings_18-33-22] Trying to find element: By.xpath: (//div[@id='content-icon'])[2]
18:36:26 [TestNG-test-Yt Master Tests-2] INFO  verifyingSideMenuCollapsedLangAsInSettings_18-33-22 - [verifyingSideMenuCollapsedLangAsInSettings_18-33-22] Element found and ready (attempt 1): By.xpath: (//div[@id='content-icon'])[2]
18:36:27 [TestNG-test-Yt Master Tests-2] INFO  verifyingSideMenuCollapsedLangAsInSettings_18-33-22 - Looking for language element with name: Slovenščina
18:36:27 [TestNG-test-Yt Master Tests-2] INFO  verifyingSideMenuCollapsedLangAsInSettings_18-33-22 - [verifyingSideMenuCollapsedLangAsInSettings_18-33-22] Trying to find element: By.xpath: //yt-multi-page-menu-section-renderer[@class='style-scope ytd-multi-page-menu-renderer']//yt-formatted-string[@id='label' and text()='Slovenščina']
18:36:27 [TestNG-test-Yt Master Tests-2] INFO  verifyingSideMenuCollapsedLangAsInSettings_18-33-22 - [verifyingSideMenuCollapsedLangAsInSettings_18-33-22] Element found and ready (attempt 1): By.xpath: //yt-multi-page-menu-section-renderer[@class='style-scope ytd-multi-page-menu-renderer']//yt-formatted-string[@id='label' and text()='Slovenščina']
18:36:27 [TestNG-test-Yt Master Tests-2] INFO  verifyingSideMenuCollapsedLangAsInSettings_18-33-22 - [verifyingSideMenuCollapsedLangAsInSettings_18-33-22] Trying to find element: By.xpath: //yt-multi-page-menu-section-renderer[@class='style-scope ytd-multi-page-menu-renderer']//yt-formatted-string[@id='label' and text()='Slovenščina']
18:36:27 [TestNG-test-Yt Master Tests-2] INFO  verifyingSideMenuCollapsedLangAsInSettings_18-33-22 - [verifyingSideMenuCollapsedLangAsInSettings_18-33-22] Element found and ready (attempt 1): By.xpath: //yt-multi-page-menu-section-renderer[@class='style-scope ytd-multi-page-menu-renderer']//yt-formatted-string[@id='label' and text()='Slovenščina']
18:36:30 [TestNG-test-Yt Master Tests-2] INFO  verifyingSideMenuCollapsedLangAsInSettings_18-33-22 - Clicking settings ellipses button...
18:36:30 [TestNG-test-Yt Master Tests-2] INFO  verifyingSideMenuCollapsedLangAsInSettings_18-33-22 - [verifyingSideMenuCollapsedLangAsInSettings_18-33-22] Trying to find element: By.xpath: //ytd-topbar-menu-button-renderer[@class='style-scope ytd-masthead style-default']
18:36:30 [TestNG-test-Yt Master Tests-2] INFO  verifyingSideMenuCollapsedLangAsInSettings_18-33-22 - [verifyingSideMenuCollapsedLangAsInSettings_18-33-22] Element found and ready (attempt 1): By.xpath: //ytd-topbar-menu-button-renderer[@class='style-scope ytd-masthead style-default']
18:36:31 [TestNG-test-Yt Master Tests-2] INFO  verifyingSideMenuCollapsedLangAsInSettings_18-33-22 - [verifyingSideMenuCollapsedLangAsInSettings_18-33-22] Waiting until element is visible in viewport
18:36:32 [TestNG-test-Yt Master Tests-2] INFO  verifyingSideMenuCollapsedLangAsInSettings_18-33-22 - Clicking settings ellipses button...
18:36:32 [TestNG-test-Yt Master Tests-2] INFO  verifyingSideMenuCollapsedLangAsInSettings_18-33-22 - [verifyingSideMenuCollapsedLangAsInSettings_18-33-22] Trying to find element: By.xpath: //ytd-topbar-menu-button-renderer[@class='style-scope ytd-masthead style-default']
18:36:32 [TestNG-test-Yt Master Tests-2] INFO  verifyingSideMenuCollapsedLangAsInSettings_18-33-22 - [verifyingSideMenuCollapsedLangAsInSettings_18-33-22] Element found and ready (attempt 1): By.xpath: //ytd-topbar-menu-button-renderer[@class='style-scope ytd-masthead style-default']
18:36:32 [TestNG-test-Yt Master Tests-2] INFO  verifyingSideMenuCollapsedLangAsInSettings_18-33-22 - getLangAttribute() - locating <html> and reading lang property
18:36:33 [TestNG-test-Yt Master Tests-2] INFO  verifyingSideMenuCollapsedLangAsInSettings_18-33-22 - Language attribute read: sl-SI
18:36:33 [TestNG-test-Yt Master Tests-2] INFO  verifyingSideMenuCollapsedLangAsInSettings_18-33-22 - Fetching the side menu in collapsed view
18:36:33 [TestNG-test-Yt Master Tests-2] INFO  verifyingSideMenuCollapsedLangAsInSettings_18-33-22 - [verifyingSideMenuCollapsedLangAsInSettings_18-33-22] Finding elements list: By.xpath: //ytd-mini-guide-renderer[@class='style-scope ytd-app']//ytd-mini-guide-entry-renderer
18:36:33 [TestNG-test-Yt Master Tests-2] INFO  verifyingSideMenuCollapsedLangAsInSettings_18-33-22 - [verifyingSideMenuCollapsedLangAsInSettings_18-33-22] Found 4 ready elements (attempt 1): By.xpath: //ytd-mini-guide-renderer[@class='style-scope ytd-app']//ytd-mini-guide-entry-renderer
18:36:33 [TestNG-test-Yt Master Tests-2] INFO  verifyingSideMenuCollapsedLangAsInSettings_18-33-22 - Clicking settings ellipses button...
18:36:33 [TestNG-test-Yt Master Tests-2] INFO  verifyingSideMenuCollapsedLangAsInSettings_18-33-22 - [verifyingSideMenuCollapsedLangAsInSettings_18-33-22] Trying to find element: By.xpath: //ytd-topbar-menu-button-renderer[@class='style-scope ytd-masthead style-default']
18:36:33 [TestNG-test-Yt Master Tests-2] INFO  verifyingSideMenuCollapsedLangAsInSettings_18-33-22 - [verifyingSideMenuCollapsedLangAsInSettings_18-33-22] Element found and ready (attempt 1): By.xpath: //ytd-topbar-menu-button-renderer[@class='style-scope ytd-masthead style-default']
18:36:33 [TestNG-test-Yt Master Tests-2] INFO  verifyingSideMenuCollapsedLangAsInSettings_18-33-22 - Clicking language dropdown...
18:36:33 [TestNG-test-Yt Master Tests-2] INFO  verifyingSideMenuCollapsedLangAsInSettings_18-33-22 - [verifyingSideMenuCollapsedLangAsInSettings_18-33-22] Trying to find element: By.xpath: (//div[@id='content-icon'])[2]
18:36:34 [TestNG-test-Yt Master Tests-2] INFO  verifyingSideMenuCollapsedLangAsInSettings_18-33-22 - [verifyingSideMenuCollapsedLangAsInSettings_18-33-22] Element found and ready (attempt 1): By.xpath: (//div[@id='content-icon'])[2]
18:36:34 [TestNG-test-Yt Master Tests-2] INFO  verifyingSideMenuCollapsedLangAsInSettings_18-33-22 - Looking for language element with name: Suomi
18:36:34 [TestNG-test-Yt Master Tests-2] INFO  verifyingSideMenuCollapsedLangAsInSettings_18-33-22 - [verifyingSideMenuCollapsedLangAsInSettings_18-33-22] Trying to find element: By.xpath: //yt-multi-page-menu-section-renderer[@class='style-scope ytd-multi-page-menu-renderer']//yt-formatted-string[@id='label' and text()='Suomi']
18:36:34 [TestNG-test-Yt Master Tests-2] INFO  verifyingSideMenuCollapsedLangAsInSettings_18-33-22 - [verifyingSideMenuCollapsedLangAsInSettings_18-33-22] Element found and ready (attempt 1): By.xpath: //yt-multi-page-menu-section-renderer[@class='style-scope ytd-multi-page-menu-renderer']//yt-formatted-string[@id='label' and text()='Suomi']
18:36:34 [TestNG-test-Yt Master Tests-2] INFO  verifyingSideMenuCollapsedLangAsInSettings_18-33-22 - [verifyingSideMenuCollapsedLangAsInSettings_18-33-22] Trying to find element: By.xpath: //yt-multi-page-menu-section-renderer[@class='style-scope ytd-multi-page-menu-renderer']//yt-formatted-string[@id='label' and text()='Suomi']
18:36:35 [TestNG-test-Yt Master Tests-2] INFO  verifyingSideMenuCollapsedLangAsInSettings_18-33-22 - [verifyingSideMenuCollapsedLangAsInSettings_18-33-22] Element found and ready (attempt 1): By.xpath: //yt-multi-page-menu-section-renderer[@class='style-scope ytd-multi-page-menu-renderer']//yt-formatted-string[@id='label' and text()='Suomi']
18:36:37 [TestNG-test-Yt Master Tests-2] INFO  verifyingSideMenuCollapsedLangAsInSettings_18-33-22 - Clicking settings ellipses button...
18:36:37 [TestNG-test-Yt Master Tests-2] INFO  verifyingSideMenuCollapsedLangAsInSettings_18-33-22 - [verifyingSideMenuCollapsedLangAsInSettings_18-33-22] Trying to find element: By.xpath: //ytd-topbar-menu-button-renderer[@class='style-scope ytd-masthead style-default']
18:36:38 [TestNG-test-Yt Master Tests-2] INFO  verifyingSideMenuCollapsedLangAsInSettings_18-33-22 - [verifyingSideMenuCollapsedLangAsInSettings_18-33-22] Element found and ready (attempt 1): By.xpath: //ytd-topbar-menu-button-renderer[@class='style-scope ytd-masthead style-default']
18:36:38 [TestNG-test-Yt Master Tests-2] INFO  verifyingSideMenuCollapsedLangAsInSettings_18-33-22 - [verifyingSideMenuCollapsedLangAsInSettings_18-33-22] Waiting until element is visible in viewport
18:36:39 [TestNG-test-Yt Master Tests-2] INFO  verifyingSideMenuCollapsedLangAsInSettings_18-33-22 - Clicking settings ellipses button...
18:36:39 [TestNG-test-Yt Master Tests-2] INFO  verifyingSideMenuCollapsedLangAsInSettings_18-33-22 - [verifyingSideMenuCollapsedLangAsInSettings_18-33-22] Trying to find element: By.xpath: //ytd-topbar-menu-button-renderer[@class='style-scope ytd-masthead style-default']
18:36:39 [TestNG-test-Yt Master Tests-2] INFO  verifyingSideMenuCollapsedLangAsInSettings_18-33-22 - [verifyingSideMenuCollapsedLangAsInSettings_18-33-22] Element found and ready (attempt 1): By.xpath: //ytd-topbar-menu-button-renderer[@class='style-scope ytd-masthead style-default']
18:36:39 [TestNG-test-Yt Master Tests-2] INFO  verifyingSideMenuCollapsedLangAsInSettings_18-33-22 - getLangAttribute() - locating <html> and reading lang property
18:36:39 [TestNG-test-Yt Master Tests-2] INFO  verifyingSideMenuCollapsedLangAsInSettings_18-33-22 - Language attribute read: fi-FI
18:36:39 [TestNG-test-Yt Master Tests-2] INFO  verifyingSideMenuCollapsedLangAsInSettings_18-33-22 - Fetching the side menu in collapsed view
18:36:39 [TestNG-test-Yt Master Tests-2] INFO  verifyingSideMenuCollapsedLangAsInSettings_18-33-22 - [verifyingSideMenuCollapsedLangAsInSettings_18-33-22] Finding elements list: By.xpath: //ytd-mini-guide-renderer[@class='style-scope ytd-app']//ytd-mini-guide-entry-renderer
18:36:39 [TestNG-test-Yt Master Tests-2] INFO  verifyingSideMenuCollapsedLangAsInSettings_18-33-22 - [verifyingSideMenuCollapsedLangAsInSettings_18-33-22] Found 4 ready elements (attempt 1): By.xpath: //ytd-mini-guide-renderer[@class='style-scope ytd-app']//ytd-mini-guide-entry-renderer
18:36:39 [TestNG-test-Yt Master Tests-2] INFO  verifyingSideMenuCollapsedLangAsInSettings_18-33-22 - Clicking settings ellipses button...
18:36:40 [TestNG-test-Yt Master Tests-2] INFO  verifyingSideMenuCollapsedLangAsInSettings_18-33-22 - [verifyingSideMenuCollapsedLangAsInSettings_18-33-22] Trying to find element: By.xpath: //ytd-topbar-menu-button-renderer[@class='style-scope ytd-masthead style-default']
18:36:40 [TestNG-test-Yt Master Tests-2] INFO  verifyingSideMenuCollapsedLangAsInSettings_18-33-22 - [verifyingSideMenuCollapsedLangAsInSettings_18-33-22] Element found and ready (attempt 1): By.xpath: //ytd-topbar-menu-button-renderer[@class='style-scope ytd-masthead style-default']
18:36:40 [TestNG-test-Yt Master Tests-2] INFO  verifyingSideMenuCollapsedLangAsInSettings_18-33-22 - Clicking language dropdown...
18:36:40 [TestNG-test-Yt Master Tests-2] INFO  verifyingSideMenuCollapsedLangAsInSettings_18-33-22 - [verifyingSideMenuCollapsedLangAsInSettings_18-33-22] Trying to find element: By.xpath: (//div[@id='content-icon'])[2]
18:36:40 [TestNG-test-Yt Master Tests-2] INFO  verifyingSideMenuCollapsedLangAsInSettings_18-33-22 - [verifyingSideMenuCollapsedLangAsInSettings_18-33-22] Element found and ready (attempt 1): By.xpath: (//div[@id='content-icon'])[2]
18:36:41 [TestNG-test-Yt Master Tests-2] INFO  verifyingSideMenuCollapsedLangAsInSettings_18-33-22 - Looking for language element with name: Svenska
18:36:41 [TestNG-test-Yt Master Tests-2] INFO  verifyingSideMenuCollapsedLangAsInSettings_18-33-22 - [verifyingSideMenuCollapsedLangAsInSettings_18-33-22] Trying to find element: By.xpath: //yt-multi-page-menu-section-renderer[@class='style-scope ytd-multi-page-menu-renderer']//yt-formatted-string[@id='label' and text()='Svenska']
18:36:41 [TestNG-test-Yt Master Tests-2] INFO  verifyingSideMenuCollapsedLangAsInSettings_18-33-22 - [verifyingSideMenuCollapsedLangAsInSettings_18-33-22] Element found and ready (attempt 1): By.xpath: //yt-multi-page-menu-section-renderer[@class='style-scope ytd-multi-page-menu-renderer']//yt-formatted-string[@id='label' and text()='Svenska']
18:36:41 [TestNG-test-Yt Master Tests-2] INFO  verifyingSideMenuCollapsedLangAsInSettings_18-33-22 - [verifyingSideMenuCollapsedLangAsInSettings_18-33-22] Trying to find element: By.xpath: //yt-multi-page-menu-section-renderer[@class='style-scope ytd-multi-page-menu-renderer']//yt-formatted-string[@id='label' and text()='Svenska']
18:36:41 [TestNG-test-Yt Master Tests-2] INFO  verifyingSideMenuCollapsedLangAsInSettings_18-33-22 - [verifyingSideMenuCollapsedLangAsInSettings_18-33-22] Element found and ready (attempt 1): By.xpath: //yt-multi-page-menu-section-renderer[@class='style-scope ytd-multi-page-menu-renderer']//yt-formatted-string[@id='label' and text()='Svenska']
18:36:43 [TestNG-test-Yt Master Tests-2] INFO  verifyingSideMenuCollapsedLangAsInSettings_18-33-22 - Clicking settings ellipses button...
18:36:44 [TestNG-test-Yt Master Tests-2] INFO  verifyingSideMenuCollapsedLangAsInSettings_18-33-22 - [verifyingSideMenuCollapsedLangAsInSettings_18-33-22] Trying to find element: By.xpath: //ytd-topbar-menu-button-renderer[@class='style-scope ytd-masthead style-default']
18:36:44 [TestNG-test-Yt Master Tests-2] INFO  verifyingSideMenuCollapsedLangAsInSettings_18-33-22 - [verifyingSideMenuCollapsedLangAsInSettings_18-33-22] Element found and ready (attempt 1): By.xpath: //ytd-topbar-menu-button-renderer[@class='style-scope ytd-masthead style-default']
18:36:45 [TestNG-test-Yt Master Tests-2] INFO  verifyingSideMenuCollapsedLangAsInSettings_18-33-22 - [verifyingSideMenuCollapsedLangAsInSettings_18-33-22] Waiting until element is visible in viewport
18:36:45 [TestNG-test-Yt Master Tests-2] INFO  verifyingSideMenuCollapsedLangAsInSettings_18-33-22 - Clicking settings ellipses button...
18:36:45 [TestNG-test-Yt Master Tests-2] INFO  verifyingSideMenuCollapsedLangAsInSettings_18-33-22 - [verifyingSideMenuCollapsedLangAsInSettings_18-33-22] Trying to find element: By.xpath: //ytd-topbar-menu-button-renderer[@class='style-scope ytd-masthead style-default']
18:36:45 [TestNG-test-Yt Master Tests-2] INFO  verifyingSideMenuCollapsedLangAsInSettings_18-33-22 - [verifyingSideMenuCollapsedLangAsInSettings_18-33-22] Element found and ready (attempt 1): By.xpath: //ytd-topbar-menu-button-renderer[@class='style-scope ytd-masthead style-default']
18:36:45 [TestNG-test-Yt Master Tests-2] INFO  verifyingSideMenuCollapsedLangAsInSettings_18-33-22 - getLangAttribute() - locating <html> and reading lang property
18:36:45 [TestNG-test-Yt Master Tests-2] INFO  verifyingSideMenuCollapsedLangAsInSettings_18-33-22 - Language attribute read: sv-SE
18:36:45 [TestNG-test-Yt Master Tests-2] INFO  verifyingSideMenuCollapsedLangAsInSettings_18-33-22 - Fetching the side menu in collapsed view
18:36:45 [TestNG-test-Yt Master Tests-2] INFO  verifyingSideMenuCollapsedLangAsInSettings_18-33-22 - [verifyingSideMenuCollapsedLangAsInSettings_18-33-22] Finding elements list: By.xpath: //ytd-mini-guide-renderer[@class='style-scope ytd-app']//ytd-mini-guide-entry-renderer
18:36:46 [TestNG-test-Yt Master Tests-2] INFO  verifyingSideMenuCollapsedLangAsInSettings_18-33-22 - [verifyingSideMenuCollapsedLangAsInSettings_18-33-22] Found 4 ready elements (attempt 1): By.xpath: //ytd-mini-guide-renderer[@class='style-scope ytd-app']//ytd-mini-guide-entry-renderer
18:36:46 [TestNG-test-Yt Master Tests-2] INFO  verifyingSideMenuCollapsedLangAsInSettings_18-33-22 - Clicking settings ellipses button...
18:36:46 [TestNG-test-Yt Master Tests-2] INFO  verifyingSideMenuCollapsedLangAsInSettings_18-33-22 - [verifyingSideMenuCollapsedLangAsInSettings_18-33-22] Trying to find element: By.xpath: //ytd-topbar-menu-button-renderer[@class='style-scope ytd-masthead style-default']
18:36:46 [TestNG-test-Yt Master Tests-2] INFO  verifyingSideMenuCollapsedLangAsInSettings_18-33-22 - [verifyingSideMenuCollapsedLangAsInSettings_18-33-22] Element found and ready (attempt 1): By.xpath: //ytd-topbar-menu-button-renderer[@class='style-scope ytd-masthead style-default']
18:36:47 [TestNG-test-Yt Master Tests-2] INFO  verifyingSideMenuCollapsedLangAsInSettings_18-33-22 - Clicking language dropdown...
18:36:47 [TestNG-test-Yt Master Tests-2] INFO  verifyingSideMenuCollapsedLangAsInSettings_18-33-22 - [verifyingSideMenuCollapsedLangAsInSettings_18-33-22] Trying to find element: By.xpath: (//div[@id='content-icon'])[2]
18:36:47 [TestNG-test-Yt Master Tests-2] INFO  verifyingSideMenuCollapsedLangAsInSettings_18-33-22 - [verifyingSideMenuCollapsedLangAsInSettings_18-33-22] Element found and ready (attempt 1): By.xpath: (//div[@id='content-icon'])[2]
18:36:48 [TestNG-test-Yt Master Tests-2] INFO  verifyingSideMenuCollapsedLangAsInSettings_18-33-22 - Looking for language element with name: Tiếng Việt
18:36:48 [TestNG-test-Yt Master Tests-2] INFO  verifyingSideMenuCollapsedLangAsInSettings_18-33-22 - [verifyingSideMenuCollapsedLangAsInSettings_18-33-22] Trying to find element: By.xpath: //yt-multi-page-menu-section-renderer[@class='style-scope ytd-multi-page-menu-renderer']//yt-formatted-string[@id='label' and text()='Tiếng Việt']
18:36:48 [TestNG-test-Yt Master Tests-2] INFO  verifyingSideMenuCollapsedLangAsInSettings_18-33-22 - [verifyingSideMenuCollapsedLangAsInSettings_18-33-22] Element found and ready (attempt 1): By.xpath: //yt-multi-page-menu-section-renderer[@class='style-scope ytd-multi-page-menu-renderer']//yt-formatted-string[@id='label' and text()='Tiếng Việt']
18:36:48 [TestNG-test-Yt Master Tests-2] INFO  verifyingSideMenuCollapsedLangAsInSettings_18-33-22 - [verifyingSideMenuCollapsedLangAsInSettings_18-33-22] Trying to find element: By.xpath: //yt-multi-page-menu-section-renderer[@class='style-scope ytd-multi-page-menu-renderer']//yt-formatted-string[@id='label' and text()='Tiếng Việt']
18:36:48 [TestNG-test-Yt Master Tests-2] INFO  verifyingSideMenuCollapsedLangAsInSettings_18-33-22 - [verifyingSideMenuCollapsedLangAsInSettings_18-33-22] Element found and ready (attempt 1): By.xpath: //yt-multi-page-menu-section-renderer[@class='style-scope ytd-multi-page-menu-renderer']//yt-formatted-string[@id='label' and text()='Tiếng Việt']
18:36:51 [TestNG-test-Yt Master Tests-2] INFO  verifyingSideMenuCollapsedLangAsInSettings_18-33-22 - Clicking settings ellipses button...
18:36:51 [TestNG-test-Yt Master Tests-2] INFO  verifyingSideMenuCollapsedLangAsInSettings_18-33-22 - [verifyingSideMenuCollapsedLangAsInSettings_18-33-22] Trying to find element: By.xpath: //ytd-topbar-menu-button-renderer[@class='style-scope ytd-masthead style-default']
18:36:51 [TestNG-test-Yt Master Tests-2] INFO  verifyingSideMenuCollapsedLangAsInSettings_18-33-22 - [verifyingSideMenuCollapsedLangAsInSettings_18-33-22] Element found and ready (attempt 1): By.xpath: //ytd-topbar-menu-button-renderer[@class='style-scope ytd-masthead style-default']
18:36:52 [TestNG-test-Yt Master Tests-2] INFO  verifyingSideMenuCollapsedLangAsInSettings_18-33-22 - [verifyingSideMenuCollapsedLangAsInSettings_18-33-22] Waiting until element is visible in viewport
18:36:53 [TestNG-test-Yt Master Tests-2] INFO  verifyingSideMenuCollapsedLangAsInSettings_18-33-22 - Clicking settings ellipses button...
18:36:53 [TestNG-test-Yt Master Tests-2] INFO  verifyingSideMenuCollapsedLangAsInSettings_18-33-22 - [verifyingSideMenuCollapsedLangAsInSettings_18-33-22] Trying to find element: By.xpath: //ytd-topbar-menu-button-renderer[@class='style-scope ytd-masthead style-default']
18:36:53 [TestNG-test-Yt Master Tests-2] INFO  verifyingSideMenuCollapsedLangAsInSettings_18-33-22 - [verifyingSideMenuCollapsedLangAsInSettings_18-33-22] Element found and ready (attempt 1): By.xpath: //ytd-topbar-menu-button-renderer[@class='style-scope ytd-masthead style-default']
18:36:53 [TestNG-test-Yt Master Tests-2] INFO  verifyingSideMenuCollapsedLangAsInSettings_18-33-22 - getLangAttribute() - locating <html> and reading lang property
18:36:53 [TestNG-test-Yt Master Tests-2] INFO  verifyingSideMenuCollapsedLangAsInSettings_18-33-22 - Language attribute read: vi-VN
18:36:53 [TestNG-test-Yt Master Tests-2] INFO  verifyingSideMenuCollapsedLangAsInSettings_18-33-22 - Fetching the side menu in collapsed view
18:36:53 [TestNG-test-Yt Master Tests-2] INFO  verifyingSideMenuCollapsedLangAsInSettings_18-33-22 - [verifyingSideMenuCollapsedLangAsInSettings_18-33-22] Finding elements list: By.xpath: //ytd-mini-guide-renderer[@class='style-scope ytd-app']//ytd-mini-guide-entry-renderer
18:36:53 [TestNG-test-Yt Master Tests-2] INFO  verifyingSideMenuCollapsedLangAsInSettings_18-33-22 - [verifyingSideMenuCollapsedLangAsInSettings_18-33-22] Found 4 ready elements (attempt 1): By.xpath: //ytd-mini-guide-renderer[@class='style-scope ytd-app']//ytd-mini-guide-entry-renderer
18:36:53 [TestNG-test-Yt Master Tests-2] INFO  verifyingSideMenuCollapsedLangAsInSettings_18-33-22 - Clicking settings ellipses button...
18:36:54 [TestNG-test-Yt Master Tests-2] INFO  verifyingSideMenuCollapsedLangAsInSettings_18-33-22 - [verifyingSideMenuCollapsedLangAsInSettings_18-33-22] Trying to find element: By.xpath: //ytd-topbar-menu-button-renderer[@class='style-scope ytd-masthead style-default']
18:36:54 [TestNG-test-Yt Master Tests-2] INFO  verifyingSideMenuCollapsedLangAsInSettings_18-33-22 - [verifyingSideMenuCollapsedLangAsInSettings_18-33-22] Element found and ready (attempt 1): By.xpath: //ytd-topbar-menu-button-renderer[@class='style-scope ytd-masthead style-default']
18:36:54 [TestNG-test-Yt Master Tests-2] INFO  verifyingSideMenuCollapsedLangAsInSettings_18-33-22 - Clicking language dropdown...
18:36:54 [TestNG-test-Yt Master Tests-2] INFO  verifyingSideMenuCollapsedLangAsInSettings_18-33-22 - [verifyingSideMenuCollapsedLangAsInSettings_18-33-22] Trying to find element: By.xpath: (//div[@id='content-icon'])[2]
18:36:54 [TestNG-test-Yt Master Tests-2] INFO  verifyingSideMenuCollapsedLangAsInSettings_18-33-22 - [verifyingSideMenuCollapsedLangAsInSettings_18-33-22] Element found and ready (attempt 1): By.xpath: (//div[@id='content-icon'])[2]
18:36:55 [TestNG-test-Yt Master Tests-2] INFO  verifyingSideMenuCollapsedLangAsInSettings_18-33-22 - Looking for language element with name: Türkçe
18:36:55 [TestNG-test-Yt Master Tests-2] INFO  verifyingSideMenuCollapsedLangAsInSettings_18-33-22 - [verifyingSideMenuCollapsedLangAsInSettings_18-33-22] Trying to find element: By.xpath: //yt-multi-page-menu-section-renderer[@class='style-scope ytd-multi-page-menu-renderer']//yt-formatted-string[@id='label' and text()='Türkçe']
18:36:55 [TestNG-test-Yt Master Tests-2] INFO  verifyingSideMenuCollapsedLangAsInSettings_18-33-22 - [verifyingSideMenuCollapsedLangAsInSettings_18-33-22] Element found and ready (attempt 1): By.xpath: //yt-multi-page-menu-section-renderer[@class='style-scope ytd-multi-page-menu-renderer']//yt-formatted-string[@id='label' and text()='Türkçe']
18:36:55 [TestNG-test-Yt Master Tests-2] INFO  verifyingSideMenuCollapsedLangAsInSettings_18-33-22 - [verifyingSideMenuCollapsedLangAsInSettings_18-33-22] Trying to find element: By.xpath: //yt-multi-page-menu-section-renderer[@class='style-scope ytd-multi-page-menu-renderer']//yt-formatted-string[@id='label' and text()='Türkçe']
18:36:55 [TestNG-test-Yt Master Tests-2] INFO  verifyingSideMenuCollapsedLangAsInSettings_18-33-22 - [verifyingSideMenuCollapsedLangAsInSettings_18-33-22] Element found and ready (attempt 1): By.xpath: //yt-multi-page-menu-section-renderer[@class='style-scope ytd-multi-page-menu-renderer']//yt-formatted-string[@id='label' and text()='Türkçe']
18:36:57 [TestNG-test-Yt Master Tests-2] INFO  verifyingSideMenuCollapsedLangAsInSettings_18-33-22 - Clicking settings ellipses button...
18:36:57 [TestNG-test-Yt Master Tests-2] INFO  verifyingSideMenuCollapsedLangAsInSettings_18-33-22 - [verifyingSideMenuCollapsedLangAsInSettings_18-33-22] Trying to find element: By.xpath: //ytd-topbar-menu-button-renderer[@class='style-scope ytd-masthead style-default']
18:36:58 [TestNG-test-Yt Master Tests-2] INFO  verifyingSideMenuCollapsedLangAsInSettings_18-33-22 - [verifyingSideMenuCollapsedLangAsInSettings_18-33-22] Element found and ready (attempt 1): By.xpath: //ytd-topbar-menu-button-renderer[@class='style-scope ytd-masthead style-default']
18:36:58 [TestNG-test-Yt Master Tests-2] INFO  verifyingSideMenuCollapsedLangAsInSettings_18-33-22 - [verifyingSideMenuCollapsedLangAsInSettings_18-33-22] Waiting until element is visible in viewport
18:36:59 [TestNG-test-Yt Master Tests-2] INFO  verifyingSideMenuCollapsedLangAsInSettings_18-33-22 - Clicking settings ellipses button...
18:37:00 [TestNG-test-Yt Master Tests-2] INFO  verifyingSideMenuCollapsedLangAsInSettings_18-33-22 - [verifyingSideMenuCollapsedLangAsInSettings_18-33-22] Trying to find element: By.xpath: //ytd-topbar-menu-button-renderer[@class='style-scope ytd-masthead style-default']
18:37:00 [TestNG-test-Yt Master Tests-2] INFO  verifyingSideMenuCollapsedLangAsInSettings_18-33-22 - [verifyingSideMenuCollapsedLangAsInSettings_18-33-22] Element found and ready (attempt 1): By.xpath: //ytd-topbar-menu-button-renderer[@class='style-scope ytd-masthead style-default']
18:37:00 [TestNG-test-Yt Master Tests-2] INFO  verifyingSideMenuCollapsedLangAsInSettings_18-33-22 - getLangAttribute() - locating <html> and reading lang property
18:37:00 [TestNG-test-Yt Master Tests-2] INFO  verifyingSideMenuCollapsedLangAsInSettings_18-33-22 - Language attribute read: tr-TR
18:37:00 [TestNG-test-Yt Master Tests-2] INFO  verifyingSideMenuCollapsedLangAsInSettings_18-33-22 - Fetching the side menu in collapsed view
18:37:00 [TestNG-test-Yt Master Tests-2] INFO  verifyingSideMenuCollapsedLangAsInSettings_18-33-22 - [verifyingSideMenuCollapsedLangAsInSettings_18-33-22] Finding elements list: By.xpath: //ytd-mini-guide-renderer[@class='style-scope ytd-app']//ytd-mini-guide-entry-renderer
18:37:00 [TestNG-test-Yt Master Tests-2] INFO  verifyingSideMenuCollapsedLangAsInSettings_18-33-22 - [verifyingSideMenuCollapsedLangAsInSettings_18-33-22] Found 4 ready elements (attempt 1): By.xpath: //ytd-mini-guide-renderer[@class='style-scope ytd-app']//ytd-mini-guide-entry-renderer
18:37:00 [TestNG-test-Yt Master Tests-2] INFO  verifyingSideMenuCollapsedLangAsInSettings_18-33-22 - Clicking settings ellipses button...
18:37:00 [TestNG-test-Yt Master Tests-2] INFO  verifyingSideMenuCollapsedLangAsInSettings_18-33-22 - [verifyingSideMenuCollapsedLangAsInSettings_18-33-22] Trying to find element: By.xpath: //ytd-topbar-menu-button-renderer[@class='style-scope ytd-masthead style-default']
18:37:01 [TestNG-test-Yt Master Tests-2] INFO  verifyingSideMenuCollapsedLangAsInSettings_18-33-22 - [verifyingSideMenuCollapsedLangAsInSettings_18-33-22] Element found and ready (attempt 1): By.xpath: //ytd-topbar-menu-button-renderer[@class='style-scope ytd-masthead style-default']
18:37:01 [TestNG-test-Yt Master Tests-2] INFO  verifyingSideMenuCollapsedLangAsInSettings_18-33-22 - Clicking language dropdown...
18:37:01 [TestNG-test-Yt Master Tests-2] INFO  verifyingSideMenuCollapsedLangAsInSettings_18-33-22 - [verifyingSideMenuCollapsedLangAsInSettings_18-33-22] Trying to find element: By.xpath: (//div[@id='content-icon'])[2]
18:37:02 [TestNG-test-Yt Master Tests-2] INFO  verifyingSideMenuCollapsedLangAsInSettings_18-33-22 - [verifyingSideMenuCollapsedLangAsInSettings_18-33-22] Element found and ready (attempt 1): By.xpath: (//div[@id='content-icon'])[2]
18:37:03 [TestNG-test-Yt Master Tests-2] INFO  verifyingSideMenuCollapsedLangAsInSettings_18-33-22 - Looking for language element with name: Беларуская
18:37:03 [TestNG-test-Yt Master Tests-2] INFO  verifyingSideMenuCollapsedLangAsInSettings_18-33-22 - [verifyingSideMenuCollapsedLangAsInSettings_18-33-22] Trying to find element: By.xpath: //yt-multi-page-menu-section-renderer[@class='style-scope ytd-multi-page-menu-renderer']//yt-formatted-string[@id='label' and text()='Беларуская']
18:37:03 [TestNG-test-Yt Master Tests-2] INFO  verifyingSideMenuCollapsedLangAsInSettings_18-33-22 - [verifyingSideMenuCollapsedLangAsInSettings_18-33-22] Element found and ready (attempt 1): By.xpath: //yt-multi-page-menu-section-renderer[@class='style-scope ytd-multi-page-menu-renderer']//yt-formatted-string[@id='label' and text()='Беларуская']
18:37:03 [TestNG-test-Yt Master Tests-2] INFO  verifyingSideMenuCollapsedLangAsInSettings_18-33-22 - [verifyingSideMenuCollapsedLangAsInSettings_18-33-22] Trying to find element: By.xpath: //yt-multi-page-menu-section-renderer[@class='style-scope ytd-multi-page-menu-renderer']//yt-formatted-string[@id='label' and text()='Беларуская']
18:37:03 [TestNG-test-Yt Master Tests-2] INFO  verifyingSideMenuCollapsedLangAsInSettings_18-33-22 - [verifyingSideMenuCollapsedLangAsInSettings_18-33-22] Element found and ready (attempt 1): By.xpath: //yt-multi-page-menu-section-renderer[@class='style-scope ytd-multi-page-menu-renderer']//yt-formatted-string[@id='label' and text()='Беларуская']
18:37:05 [TestNG-test-Yt Master Tests-2] INFO  verifyingSideMenuCollapsedLangAsInSettings_18-33-22 - Clicking settings ellipses button...
18:37:05 [TestNG-test-Yt Master Tests-2] INFO  verifyingSideMenuCollapsedLangAsInSettings_18-33-22 - [verifyingSideMenuCollapsedLangAsInSettings_18-33-22] Trying to find element: By.xpath: //ytd-topbar-menu-button-renderer[@class='style-scope ytd-masthead style-default']
18:37:05 [TestNG-test-Yt Master Tests-2] INFO  verifyingSideMenuCollapsedLangAsInSettings_18-33-22 - [verifyingSideMenuCollapsedLangAsInSettings_18-33-22] Element found and ready (attempt 1): By.xpath: //ytd-topbar-menu-button-renderer[@class='style-scope ytd-masthead style-default']
18:37:06 [TestNG-test-Yt Master Tests-2] INFO  verifyingSideMenuCollapsedLangAsInSettings_18-33-22 - [verifyingSideMenuCollapsedLangAsInSettings_18-33-22] Waiting until element is visible in viewport
18:37:06 [TestNG-test-Yt Master Tests-2] INFO  verifyingSideMenuCollapsedLangAsInSettings_18-33-22 - Clicking settings ellipses button...
18:37:07 [TestNG-test-Yt Master Tests-2] INFO  verifyingSideMenuCollapsedLangAsInSettings_18-33-22 - [verifyingSideMenuCollapsedLangAsInSettings_18-33-22] Trying to find element: By.xpath: //ytd-topbar-menu-button-renderer[@class='style-scope ytd-masthead style-default']
18:37:07 [TestNG-test-Yt Master Tests-2] INFO  verifyingSideMenuCollapsedLangAsInSettings_18-33-22 - [verifyingSideMenuCollapsedLangAsInSettings_18-33-22] Element found and ready (attempt 1): By.xpath: //ytd-topbar-menu-button-renderer[@class='style-scope ytd-masthead style-default']
18:37:07 [TestNG-test-Yt Master Tests-2] INFO  verifyingSideMenuCollapsedLangAsInSettings_18-33-22 - getLangAttribute() - locating <html> and reading lang property
18:37:07 [TestNG-test-Yt Master Tests-2] INFO  verifyingSideMenuCollapsedLangAsInSettings_18-33-22 - Language attribute read: be-BY
18:37:07 [TestNG-test-Yt Master Tests-2] INFO  verifyingSideMenuCollapsedLangAsInSettings_18-33-22 - Fetching the side menu in collapsed view
18:37:07 [TestNG-test-Yt Master Tests-2] INFO  verifyingSideMenuCollapsedLangAsInSettings_18-33-22 - [verifyingSideMenuCollapsedLangAsInSettings_18-33-22] Finding elements list: By.xpath: //ytd-mini-guide-renderer[@class='style-scope ytd-app']//ytd-mini-guide-entry-renderer
18:37:07 [TestNG-test-Yt Master Tests-2] INFO  verifyingSideMenuCollapsedLangAsInSettings_18-33-22 - [verifyingSideMenuCollapsedLangAsInSettings_18-33-22] Found 4 ready elements (attempt 1): By.xpath: //ytd-mini-guide-renderer[@class='style-scope ytd-app']//ytd-mini-guide-entry-renderer
18:37:07 [TestNG-test-Yt Master Tests-2] INFO  verifyingSideMenuCollapsedLangAsInSettings_18-33-22 - Clicking settings ellipses button...
18:37:07 [TestNG-test-Yt Master Tests-2] INFO  verifyingSideMenuCollapsedLangAsInSettings_18-33-22 - [verifyingSideMenuCollapsedLangAsInSettings_18-33-22] Trying to find element: By.xpath: //ytd-topbar-menu-button-renderer[@class='style-scope ytd-masthead style-default']
18:37:07 [TestNG-test-Yt Master Tests-2] INFO  verifyingSideMenuCollapsedLangAsInSettings_18-33-22 - [verifyingSideMenuCollapsedLangAsInSettings_18-33-22] Element found and ready (attempt 1): By.xpath: //ytd-topbar-menu-button-renderer[@class='style-scope ytd-masthead style-default']
18:37:07 [TestNG-test-Yt Master Tests-2] INFO  verifyingSideMenuCollapsedLangAsInSettings_18-33-22 - Clicking language dropdown...
18:37:07 [TestNG-test-Yt Master Tests-2] INFO  verifyingSideMenuCollapsedLangAsInSettings_18-33-22 - [verifyingSideMenuCollapsedLangAsInSettings_18-33-22] Trying to find element: By.xpath: (//div[@id='content-icon'])[2]
18:37:08 [TestNG-test-Yt Master Tests-2] INFO  verifyingSideMenuCollapsedLangAsInSettings_18-33-22 - [verifyingSideMenuCollapsedLangAsInSettings_18-33-22] Element found and ready (attempt 1): By.xpath: (//div[@id='content-icon'])[2]
18:37:09 [TestNG-test-Yt Master Tests-2] INFO  verifyingSideMenuCollapsedLangAsInSettings_18-33-22 - Looking for language element with name: Български
18:37:09 [TestNG-test-Yt Master Tests-2] INFO  verifyingSideMenuCollapsedLangAsInSettings_18-33-22 - [verifyingSideMenuCollapsedLangAsInSettings_18-33-22] Trying to find element: By.xpath: //yt-multi-page-menu-section-renderer[@class='style-scope ytd-multi-page-menu-renderer']//yt-formatted-string[@id='label' and text()='Български']
18:37:09 [TestNG-test-Yt Master Tests-2] INFO  verifyingSideMenuCollapsedLangAsInSettings_18-33-22 - [verifyingSideMenuCollapsedLangAsInSettings_18-33-22] Element found and ready (attempt 1): By.xpath: //yt-multi-page-menu-section-renderer[@class='style-scope ytd-multi-page-menu-renderer']//yt-formatted-string[@id='label' and text()='Български']
18:37:09 [TestNG-test-Yt Master Tests-2] INFO  verifyingSideMenuCollapsedLangAsInSettings_18-33-22 - [verifyingSideMenuCollapsedLangAsInSettings_18-33-22] Trying to find element: By.xpath: //yt-multi-page-menu-section-renderer[@class='style-scope ytd-multi-page-menu-renderer']//yt-formatted-string[@id='label' and text()='Български']
18:37:09 [TestNG-test-Yt Master Tests-2] INFO  verifyingSideMenuCollapsedLangAsInSettings_18-33-22 - [verifyingSideMenuCollapsedLangAsInSettings_18-33-22] Element found and ready (attempt 1): By.xpath: //yt-multi-page-menu-section-renderer[@class='style-scope ytd-multi-page-menu-renderer']//yt-formatted-string[@id='label' and text()='Български']
18:37:11 [TestNG-test-Yt Master Tests-2] INFO  verifyingSideMenuCollapsedLangAsInSettings_18-33-22 - Clicking settings ellipses button...
18:37:11 [TestNG-test-Yt Master Tests-2] INFO  verifyingSideMenuCollapsedLangAsInSettings_18-33-22 - [verifyingSideMenuCollapsedLangAsInSettings_18-33-22] Trying to find element: By.xpath: //ytd-topbar-menu-button-renderer[@class='style-scope ytd-masthead style-default']
18:37:12 [TestNG-test-Yt Master Tests-2] INFO  verifyingSideMenuCollapsedLangAsInSettings_18-33-22 - [verifyingSideMenuCollapsedLangAsInSettings_18-33-22] Element found and ready (attempt 1): By.xpath: //ytd-topbar-menu-button-renderer[@class='style-scope ytd-masthead style-default']
18:37:12 [TestNG-test-Yt Master Tests-2] INFO  verifyingSideMenuCollapsedLangAsInSettings_18-33-22 - [verifyingSideMenuCollapsedLangAsInSettings_18-33-22] Waiting until element is visible in viewport
18:37:13 [TestNG-test-Yt Master Tests-2] INFO  verifyingSideMenuCollapsedLangAsInSettings_18-33-22 - Clicking settings ellipses button...
18:37:13 [TestNG-test-Yt Master Tests-2] INFO  verifyingSideMenuCollapsedLangAsInSettings_18-33-22 - [verifyingSideMenuCollapsedLangAsInSettings_18-33-22] Trying to find element: By.xpath: //ytd-topbar-menu-button-renderer[@class='style-scope ytd-masthead style-default']
18:37:13 [TestNG-test-Yt Master Tests-2] INFO  verifyingSideMenuCollapsedLangAsInSettings_18-33-22 - [verifyingSideMenuCollapsedLangAsInSettings_18-33-22] Element found and ready (attempt 1): By.xpath: //ytd-topbar-menu-button-renderer[@class='style-scope ytd-masthead style-default']
18:37:13 [TestNG-test-Yt Master Tests-2] INFO  verifyingSideMenuCollapsedLangAsInSettings_18-33-22 - getLangAttribute() - locating <html> and reading lang property
18:37:13 [TestNG-test-Yt Master Tests-2] INFO  verifyingSideMenuCollapsedLangAsInSettings_18-33-22 - Language attribute read: bg-BG
18:37:13 [TestNG-test-Yt Master Tests-2] INFO  verifyingSideMenuCollapsedLangAsInSettings_18-33-22 - Fetching the side menu in collapsed view
18:37:13 [TestNG-test-Yt Master Tests-2] INFO  verifyingSideMenuCollapsedLangAsInSettings_18-33-22 - [verifyingSideMenuCollapsedLangAsInSettings_18-33-22] Finding elements list: By.xpath: //ytd-mini-guide-renderer[@class='style-scope ytd-app']//ytd-mini-guide-entry-renderer
18:37:14 [TestNG-test-Yt Master Tests-2] INFO  verifyingSideMenuCollapsedLangAsInSettings_18-33-22 - [verifyingSideMenuCollapsedLangAsInSettings_18-33-22] Found 4 ready elements (attempt 1): By.xpath: //ytd-mini-guide-renderer[@class='style-scope ytd-app']//ytd-mini-guide-entry-renderer
18:37:14 [TestNG-test-Yt Master Tests-2] INFO  verifyingSideMenuCollapsedLangAsInSettings_18-33-22 - Clicking settings ellipses button...
18:37:15 [TestNG-test-Yt Master Tests-2] INFO  verifyingSideMenuCollapsedLangAsInSettings_18-33-22 - [verifyingSideMenuCollapsedLangAsInSettings_18-33-22] Trying to find element: By.xpath: //ytd-topbar-menu-button-renderer[@class='style-scope ytd-masthead style-default']
18:37:15 [TestNG-test-Yt Master Tests-2] INFO  verifyingSideMenuCollapsedLangAsInSettings_18-33-22 - [verifyingSideMenuCollapsedLangAsInSettings_18-33-22] Element found and ready (attempt 1): By.xpath: //ytd-topbar-menu-button-renderer[@class='style-scope ytd-masthead style-default']
18:37:15 [TestNG-test-Yt Master Tests-2] INFO  verifyingSideMenuCollapsedLangAsInSettings_18-33-22 - Clicking language dropdown...
18:37:15 [TestNG-test-Yt Master Tests-2] INFO  verifyingSideMenuCollapsedLangAsInSettings_18-33-22 - [verifyingSideMenuCollapsedLangAsInSettings_18-33-22] Trying to find element: By.xpath: (//div[@id='content-icon'])[2]
18:37:16 [TestNG-test-Yt Master Tests-2] INFO  verifyingSideMenuCollapsedLangAsInSettings_18-33-22 - [verifyingSideMenuCollapsedLangAsInSettings_18-33-22] Element found and ready (attempt 1): By.xpath: (//div[@id='content-icon'])[2]
18:37:16 [TestNG-test-Yt Master Tests-2] INFO  verifyingSideMenuCollapsedLangAsInSettings_18-33-22 - Looking for language element with name: Русский
18:37:16 [TestNG-test-Yt Master Tests-2] INFO  verifyingSideMenuCollapsedLangAsInSettings_18-33-22 - [verifyingSideMenuCollapsedLangAsInSettings_18-33-22] Trying to find element: By.xpath: //yt-multi-page-menu-section-renderer[@class='style-scope ytd-multi-page-menu-renderer']//yt-formatted-string[@id='label' and text()='Русский']
18:37:17 [TestNG-test-Yt Master Tests-2] INFO  verifyingSideMenuCollapsedLangAsInSettings_18-33-22 - [verifyingSideMenuCollapsedLangAsInSettings_18-33-22] Element found and ready (attempt 1): By.xpath: //yt-multi-page-menu-section-renderer[@class='style-scope ytd-multi-page-menu-renderer']//yt-formatted-string[@id='label' and text()='Русский']
18:37:17 [TestNG-test-Yt Master Tests-2] INFO  verifyingSideMenuCollapsedLangAsInSettings_18-33-22 - [verifyingSideMenuCollapsedLangAsInSettings_18-33-22] Trying to find element: By.xpath: //yt-multi-page-menu-section-renderer[@class='style-scope ytd-multi-page-menu-renderer']//yt-formatted-string[@id='label' and text()='Русский']
18:37:17 [TestNG-test-Yt Master Tests-2] INFO  verifyingSideMenuCollapsedLangAsInSettings_18-33-22 - [verifyingSideMenuCollapsedLangAsInSettings_18-33-22] Element found and ready (attempt 1): By.xpath: //yt-multi-page-menu-section-renderer[@class='style-scope ytd-multi-page-menu-renderer']//yt-formatted-string[@id='label' and text()='Русский']
18:37:19 [TestNG-test-Yt Master Tests-2] INFO  verifyingSideMenuCollapsedLangAsInSettings_18-33-22 - Clicking settings ellipses button...
18:37:19 [TestNG-test-Yt Master Tests-2] INFO  verifyingSideMenuCollapsedLangAsInSettings_18-33-22 - [verifyingSideMenuCollapsedLangAsInSettings_18-33-22] Trying to find element: By.xpath: //ytd-topbar-menu-button-renderer[@class='style-scope ytd-masthead style-default']
18:37:19 [TestNG-test-Yt Master Tests-2] INFO  verifyingSideMenuCollapsedLangAsInSettings_18-33-22 - [verifyingSideMenuCollapsedLangAsInSettings_18-33-22] Element found and ready (attempt 1): By.xpath: //ytd-topbar-menu-button-renderer[@class='style-scope ytd-masthead style-default']
18:37:20 [TestNG-test-Yt Master Tests-2] INFO  verifyingSideMenuCollapsedLangAsInSettings_18-33-22 - [verifyingSideMenuCollapsedLangAsInSettings_18-33-22] Waiting until element is visible in viewport
18:37:20 [TestNG-test-Yt Master Tests-2] INFO  verifyingSideMenuCollapsedLangAsInSettings_18-33-22 - Clicking settings ellipses button...
18:37:20 [TestNG-test-Yt Master Tests-2] INFO  verifyingSideMenuCollapsedLangAsInSettings_18-33-22 - [verifyingSideMenuCollapsedLangAsInSettings_18-33-22] Trying to find element: By.xpath: //ytd-topbar-menu-button-renderer[@class='style-scope ytd-masthead style-default']
18:37:21 [TestNG-test-Yt Master Tests-2] INFO  verifyingSideMenuCollapsedLangAsInSettings_18-33-22 - [verifyingSideMenuCollapsedLangAsInSettings_18-33-22] Element found and ready (attempt 1): By.xpath: //ytd-topbar-menu-button-renderer[@class='style-scope ytd-masthead style-default']
18:37:21 [TestNG-test-Yt Master Tests-2] INFO  verifyingSideMenuCollapsedLangAsInSettings_18-33-22 - getLangAttribute() - locating <html> and reading lang property
18:37:21 [TestNG-test-Yt Master Tests-2] INFO  verifyingSideMenuCollapsedLangAsInSettings_18-33-22 - Language attribute read: ru-RU
18:37:21 [TestNG-test-Yt Master Tests-2] INFO  verifyingSideMenuCollapsedLangAsInSettings_18-33-22 - Fetching the side menu in collapsed view
18:37:21 [TestNG-test-Yt Master Tests-2] INFO  verifyingSideMenuCollapsedLangAsInSettings_18-33-22 - [verifyingSideMenuCollapsedLangAsInSettings_18-33-22] Finding elements list: By.xpath: //ytd-mini-guide-renderer[@class='style-scope ytd-app']//ytd-mini-guide-entry-renderer
18:37:21 [TestNG-test-Yt Master Tests-2] INFO  verifyingSideMenuCollapsedLangAsInSettings_18-33-22 - [verifyingSideMenuCollapsedLangAsInSettings_18-33-22] Found 4 ready elements (attempt 1): By.xpath: //ytd-mini-guide-renderer[@class='style-scope ytd-app']//ytd-mini-guide-entry-renderer
18:37:21 [TestNG-test-Yt Master Tests-2] INFO  verifyingSideMenuCollapsedLangAsInSettings_18-33-22 - Clicking settings ellipses button...
18:37:21 [TestNG-test-Yt Master Tests-2] INFO  verifyingSideMenuCollapsedLangAsInSettings_18-33-22 - [verifyingSideMenuCollapsedLangAsInSettings_18-33-22] Trying to find element: By.xpath: //ytd-topbar-menu-button-renderer[@class='style-scope ytd-masthead style-default']
18:37:21 [TestNG-test-Yt Master Tests-2] INFO  verifyingSideMenuCollapsedLangAsInSettings_18-33-22 - [verifyingSideMenuCollapsedLangAsInSettings_18-33-22] Element found and ready (attempt 1): By.xpath: //ytd-topbar-menu-button-renderer[@class='style-scope ytd-masthead style-default']
18:37:21 [TestNG-test-Yt Master Tests-2] INFO  verifyingSideMenuCollapsedLangAsInSettings_18-33-22 - Clicking language dropdown...
18:37:21 [TestNG-test-Yt Master Tests-2] INFO  verifyingSideMenuCollapsedLangAsInSettings_18-33-22 - [verifyingSideMenuCollapsedLangAsInSettings_18-33-22] Trying to find element: By.xpath: (//div[@id='content-icon'])[2]
18:37:22 [TestNG-test-Yt Master Tests-2] INFO  verifyingSideMenuCollapsedLangAsInSettings_18-33-22 - [verifyingSideMenuCollapsedLangAsInSettings_18-33-22] Element found and ready (attempt 1): By.xpath: (//div[@id='content-icon'])[2]
18:37:22 [TestNG-test-Yt Master Tests-2] INFO  verifyingSideMenuCollapsedLangAsInSettings_18-33-22 - Looking for language element with name: Українська
18:37:22 [TestNG-test-Yt Master Tests-2] INFO  verifyingSideMenuCollapsedLangAsInSettings_18-33-22 - [verifyingSideMenuCollapsedLangAsInSettings_18-33-22] Trying to find element: By.xpath: //yt-multi-page-menu-section-renderer[@class='style-scope ytd-multi-page-menu-renderer']//yt-formatted-string[@id='label' and text()='Українська']
18:37:22 [TestNG-test-Yt Master Tests-2] INFO  verifyingSideMenuCollapsedLangAsInSettings_18-33-22 - [verifyingSideMenuCollapsedLangAsInSettings_18-33-22] Element found and ready (attempt 1): By.xpath: //yt-multi-page-menu-section-renderer[@class='style-scope ytd-multi-page-menu-renderer']//yt-formatted-string[@id='label' and text()='Українська']
18:37:22 [TestNG-test-Yt Master Tests-2] INFO  verifyingSideMenuCollapsedLangAsInSettings_18-33-22 - [verifyingSideMenuCollapsedLangAsInSettings_18-33-22] Trying to find element: By.xpath: //yt-multi-page-menu-section-renderer[@class='style-scope ytd-multi-page-menu-renderer']//yt-formatted-string[@id='label' and text()='Українська']
18:37:23 [TestNG-test-Yt Master Tests-2] INFO  verifyingSideMenuCollapsedLangAsInSettings_18-33-22 - [verifyingSideMenuCollapsedLangAsInSettings_18-33-22] Element found and ready (attempt 1): By.xpath: //yt-multi-page-menu-section-renderer[@class='style-scope ytd-multi-page-menu-renderer']//yt-formatted-string[@id='label' and text()='Українська']
18:37:25 [TestNG-test-Yt Master Tests-2] INFO  verifyingSideMenuCollapsedLangAsInSettings_18-33-22 - Clicking settings ellipses button...
18:37:26 [TestNG-test-Yt Master Tests-2] INFO  verifyingSideMenuCollapsedLangAsInSettings_18-33-22 - [verifyingSideMenuCollapsedLangAsInSettings_18-33-22] Trying to find element: By.xpath: //ytd-topbar-menu-button-renderer[@class='style-scope ytd-masthead style-default']
18:37:26 [TestNG-test-Yt Master Tests-2] INFO  verifyingSideMenuCollapsedLangAsInSettings_18-33-22 - [verifyingSideMenuCollapsedLangAsInSettings_18-33-22] Element found and ready (attempt 1): By.xpath: //ytd-topbar-menu-button-renderer[@class='style-scope ytd-masthead style-default']
18:37:26 [TestNG-test-Yt Master Tests-2] INFO  verifyingSideMenuCollapsedLangAsInSettings_18-33-22 - [verifyingSideMenuCollapsedLangAsInSettings_18-33-22] Waiting until element is visible in viewport
18:37:27 [TestNG-test-Yt Master Tests-2] INFO  verifyingSideMenuCollapsedLangAsInSettings_18-33-22 - Clicking settings ellipses button...
18:37:27 [TestNG-test-Yt Master Tests-2] INFO  verifyingSideMenuCollapsedLangAsInSettings_18-33-22 - [verifyingSideMenuCollapsedLangAsInSettings_18-33-22] Trying to find element: By.xpath: //ytd-topbar-menu-button-renderer[@class='style-scope ytd-masthead style-default']
18:37:28 [TestNG-test-Yt Master Tests-2] INFO  verifyingSideMenuCollapsedLangAsInSettings_18-33-22 - [verifyingSideMenuCollapsedLangAsInSettings_18-33-22] Element found and ready (attempt 1): By.xpath: //ytd-topbar-menu-button-renderer[@class='style-scope ytd-masthead style-default']
18:37:28 [TestNG-test-Yt Master Tests-2] INFO  verifyingSideMenuCollapsedLangAsInSettings_18-33-22 - getLangAttribute() - locating <html> and reading lang property
18:37:28 [TestNG-test-Yt Master Tests-2] INFO  verifyingSideMenuCollapsedLangAsInSettings_18-33-22 - Language attribute read: uk-UA
18:37:28 [TestNG-test-Yt Master Tests-2] INFO  verifyingSideMenuCollapsedLangAsInSettings_18-33-22 - Fetching the side menu in collapsed view
18:37:28 [TestNG-test-Yt Master Tests-2] INFO  verifyingSideMenuCollapsedLangAsInSettings_18-33-22 - [verifyingSideMenuCollapsedLangAsInSettings_18-33-22] Finding elements list: By.xpath: //ytd-mini-guide-renderer[@class='style-scope ytd-app']//ytd-mini-guide-entry-renderer
18:37:28 [TestNG-test-Yt Master Tests-2] INFO  verifyingSideMenuCollapsedLangAsInSettings_18-33-22 - [verifyingSideMenuCollapsedLangAsInSettings_18-33-22] Found 4 ready elements (attempt 1): By.xpath: //ytd-mini-guide-renderer[@class='style-scope ytd-app']//ytd-mini-guide-entry-renderer
18:37:28 [TestNG-test-Yt Master Tests-2] INFO  verifyingSideMenuCollapsedLangAsInSettings_18-33-22 - Clicking settings ellipses button...
18:37:28 [TestNG-test-Yt Master Tests-2] INFO  verifyingSideMenuCollapsedLangAsInSettings_18-33-22 - [verifyingSideMenuCollapsedLangAsInSettings_18-33-22] Trying to find element: By.xpath: //ytd-topbar-menu-button-renderer[@class='style-scope ytd-masthead style-default']
18:37:28 [TestNG-test-Yt Master Tests-2] INFO  verifyingSideMenuCollapsedLangAsInSettings_18-33-22 - [verifyingSideMenuCollapsedLangAsInSettings_18-33-22] Element found and ready (attempt 1): By.xpath: //ytd-topbar-menu-button-renderer[@class='style-scope ytd-masthead style-default']
18:37:29 [TestNG-test-Yt Master Tests-2] INFO  verifyingSideMenuCollapsedLangAsInSettings_18-33-22 - Clicking language dropdown...
18:37:29 [TestNG-test-Yt Master Tests-2] INFO  verifyingSideMenuCollapsedLangAsInSettings_18-33-22 - [verifyingSideMenuCollapsedLangAsInSettings_18-33-22] Trying to find element: By.xpath: (//div[@id='content-icon'])[2]
18:37:29 [TestNG-test-Yt Master Tests-2] INFO  verifyingSideMenuCollapsedLangAsInSettings_18-33-22 - [verifyingSideMenuCollapsedLangAsInSettings_18-33-22] Element found and ready (attempt 1): By.xpath: (//div[@id='content-icon'])[2]
18:37:29 [TestNG-test-Yt Master Tests-2] INFO  verifyingSideMenuCollapsedLangAsInSettings_18-33-22 - Looking for language element with name: Ελληνικά
18:37:29 [TestNG-test-Yt Master Tests-2] INFO  verifyingSideMenuCollapsedLangAsInSettings_18-33-22 - [verifyingSideMenuCollapsedLangAsInSettings_18-33-22] Trying to find element: By.xpath: //yt-multi-page-menu-section-renderer[@class='style-scope ytd-multi-page-menu-renderer']//yt-formatted-string[@id='label' and text()='Ελληνικά']
18:37:30 [TestNG-test-Yt Master Tests-2] INFO  verifyingSideMenuCollapsedLangAsInSettings_18-33-22 - [verifyingSideMenuCollapsedLangAsInSettings_18-33-22] Element found and ready (attempt 1): By.xpath: //yt-multi-page-menu-section-renderer[@class='style-scope ytd-multi-page-menu-renderer']//yt-formatted-string[@id='label' and text()='Ελληνικά']
18:37:30 [TestNG-test-Yt Master Tests-2] INFO  verifyingSideMenuCollapsedLangAsInSettings_18-33-22 - [verifyingSideMenuCollapsedLangAsInSettings_18-33-22] Trying to find element: By.xpath: //yt-multi-page-menu-section-renderer[@class='style-scope ytd-multi-page-menu-renderer']//yt-formatted-string[@id='label' and text()='Ελληνικά']
18:37:30 [TestNG-test-Yt Master Tests-2] INFO  verifyingSideMenuCollapsedLangAsInSettings_18-33-22 - [verifyingSideMenuCollapsedLangAsInSettings_18-33-22] Element found and ready (attempt 1): By.xpath: //yt-multi-page-menu-section-renderer[@class='style-scope ytd-multi-page-menu-renderer']//yt-formatted-string[@id='label' and text()='Ελληνικά']
18:37:33 [TestNG-test-Yt Master Tests-2] INFO  verifyingSideMenuCollapsedLangAsInSettings_18-33-22 - Clicking settings ellipses button...
18:37:33 [TestNG-test-Yt Master Tests-2] INFO  verifyingSideMenuCollapsedLangAsInSettings_18-33-22 - [verifyingSideMenuCollapsedLangAsInSettings_18-33-22] Trying to find element: By.xpath: //ytd-topbar-menu-button-renderer[@class='style-scope ytd-masthead style-default']
18:37:33 [TestNG-test-Yt Master Tests-2] INFO  verifyingSideMenuCollapsedLangAsInSettings_18-33-22 - [verifyingSideMenuCollapsedLangAsInSettings_18-33-22] Element found and ready (attempt 1): By.xpath: //ytd-topbar-menu-button-renderer[@class='style-scope ytd-masthead style-default']
18:37:34 [TestNG-test-Yt Master Tests-2] INFO  verifyingSideMenuCollapsedLangAsInSettings_18-33-22 - [verifyingSideMenuCollapsedLangAsInSettings_18-33-22] Waiting until element is visible in viewport
18:37:34 [TestNG-test-Yt Master Tests-2] INFO  verifyingSideMenuCollapsedLangAsInSettings_18-33-22 - Clicking settings ellipses button...
18:37:34 [TestNG-test-Yt Master Tests-2] INFO  verifyingSideMenuCollapsedLangAsInSettings_18-33-22 - [verifyingSideMenuCollapsedLangAsInSettings_18-33-22] Trying to find element: By.xpath: //ytd-topbar-menu-button-renderer[@class='style-scope ytd-masthead style-default']
18:37:34 [TestNG-test-Yt Master Tests-2] INFO  verifyingSideMenuCollapsedLangAsInSettings_18-33-22 - [verifyingSideMenuCollapsedLangAsInSettings_18-33-22] Element found and ready (attempt 1): By.xpath: //ytd-topbar-menu-button-renderer[@class='style-scope ytd-masthead style-default']
18:37:34 [TestNG-test-Yt Master Tests-2] INFO  verifyingSideMenuCollapsedLangAsInSettings_18-33-22 - getLangAttribute() - locating <html> and reading lang property
18:37:34 [TestNG-test-Yt Master Tests-2] INFO  verifyingSideMenuCollapsedLangAsInSettings_18-33-22 - Language attribute read: el-GR
18:37:34 [TestNG-test-Yt Master Tests-2] INFO  verifyingSideMenuCollapsedLangAsInSettings_18-33-22 - Fetching the side menu in collapsed view
18:37:34 [TestNG-test-Yt Master Tests-2] INFO  verifyingSideMenuCollapsedLangAsInSettings_18-33-22 - [verifyingSideMenuCollapsedLangAsInSettings_18-33-22] Finding elements list: By.xpath: //ytd-mini-guide-renderer[@class='style-scope ytd-app']//ytd-mini-guide-entry-renderer
18:37:35 [TestNG-test-Yt Master Tests-2] INFO  verifyingSideMenuCollapsedLangAsInSettings_18-33-22 - [verifyingSideMenuCollapsedLangAsInSettings_18-33-22] Found 4 ready elements (attempt 1): By.xpath: //ytd-mini-guide-renderer[@class='style-scope ytd-app']//ytd-mini-guide-entry-renderer
18:37:35 [TestNG-test-Yt Master Tests-2] INFO  verifyingSideMenuCollapsedLangAsInSettings_18-33-22 - Clicking settings ellipses button...
18:37:35 [TestNG-test-Yt Master Tests-2] INFO  verifyingSideMenuCollapsedLangAsInSettings_18-33-22 - [verifyingSideMenuCollapsedLangAsInSettings_18-33-22] Trying to find element: By.xpath: //ytd-topbar-menu-button-renderer[@class='style-scope ytd-masthead style-default']
18:37:35 [TestNG-test-Yt Master Tests-2] INFO  verifyingSideMenuCollapsedLangAsInSettings_18-33-22 - [verifyingSideMenuCollapsedLangAsInSettings_18-33-22] Element found and ready (attempt 1): By.xpath: //ytd-topbar-menu-button-renderer[@class='style-scope ytd-masthead style-default']
18:37:35 [TestNG-test-Yt Master Tests-2] INFO  verifyingSideMenuCollapsedLangAsInSettings_18-33-22 - Clicking language dropdown...
18:37:35 [TestNG-test-Yt Master Tests-2] INFO  verifyingSideMenuCollapsedLangAsInSettings_18-33-22 - [verifyingSideMenuCollapsedLangAsInSettings_18-33-22] Trying to find element: By.xpath: (//div[@id='content-icon'])[2]
18:37:35 [TestNG-test-Yt Master Tests-2] INFO  verifyingSideMenuCollapsedLangAsInSettings_18-33-22 - [verifyingSideMenuCollapsedLangAsInSettings_18-33-22] Element found and ready (attempt 1): By.xpath: (//div[@id='content-icon'])[2]
18:37:36 [TestNG-test-Yt Master Tests-2] INFO  verifyingSideMenuCollapsedLangAsInSettings_18-33-22 - Looking for language element with name: Հայերեն
18:37:36 [TestNG-test-Yt Master Tests-2] INFO  verifyingSideMenuCollapsedLangAsInSettings_18-33-22 - [verifyingSideMenuCollapsedLangAsInSettings_18-33-22] Trying to find element: By.xpath: //yt-multi-page-menu-section-renderer[@class='style-scope ytd-multi-page-menu-renderer']//yt-formatted-string[@id='label' and text()='Հայերեն']
18:37:36 [TestNG-test-Yt Master Tests-2] INFO  verifyingSideMenuCollapsedLangAsInSettings_18-33-22 - [verifyingSideMenuCollapsedLangAsInSettings_18-33-22] Element found and ready (attempt 1): By.xpath: //yt-multi-page-menu-section-renderer[@class='style-scope ytd-multi-page-menu-renderer']//yt-formatted-string[@id='label' and text()='Հայերեն']
18:37:36 [TestNG-test-Yt Master Tests-2] INFO  verifyingSideMenuCollapsedLangAsInSettings_18-33-22 - [verifyingSideMenuCollapsedLangAsInSettings_18-33-22] Trying to find element: By.xpath: //yt-multi-page-menu-section-renderer[@class='style-scope ytd-multi-page-menu-renderer']//yt-formatted-string[@id='label' and text()='Հայերեն']
18:37:36 [TestNG-test-Yt Master Tests-2] INFO  verifyingSideMenuCollapsedLangAsInSettings_18-33-22 - [verifyingSideMenuCollapsedLangAsInSettings_18-33-22] Element found and ready (attempt 1): By.xpath: //yt-multi-page-menu-section-renderer[@class='style-scope ytd-multi-page-menu-renderer']//yt-formatted-string[@id='label' and text()='Հայերեն']
18:37:38 [TestNG-test-Yt Master Tests-2] INFO  verifyingSideMenuCollapsedLangAsInSettings_18-33-22 - Clicking settings ellipses button...
18:37:39 [TestNG-test-Yt Master Tests-2] INFO  verifyingSideMenuCollapsedLangAsInSettings_18-33-22 - [verifyingSideMenuCollapsedLangAsInSettings_18-33-22] Trying to find element: By.xpath: //ytd-topbar-menu-button-renderer[@class='style-scope ytd-masthead style-default']
18:37:39 [TestNG-test-Yt Master Tests-2] INFO  verifyingSideMenuCollapsedLangAsInSettings_18-33-22 - [verifyingSideMenuCollapsedLangAsInSettings_18-33-22] Element found and ready (attempt 1): By.xpath: //ytd-topbar-menu-button-renderer[@class='style-scope ytd-masthead style-default']
18:37:40 [TestNG-test-Yt Master Tests-2] INFO  verifyingSideMenuCollapsedLangAsInSettings_18-33-22 - [verifyingSideMenuCollapsedLangAsInSettings_18-33-22] Waiting until element is visible in viewport
18:37:40 [TestNG-test-Yt Master Tests-2] INFO  verifyingSideMenuCollapsedLangAsInSettings_18-33-22 - Clicking settings ellipses button...
18:37:40 [TestNG-test-Yt Master Tests-2] INFO  verifyingSideMenuCollapsedLangAsInSettings_18-33-22 - [verifyingSideMenuCollapsedLangAsInSettings_18-33-22] Trying to find element: By.xpath: //ytd-topbar-menu-button-renderer[@class='style-scope ytd-masthead style-default']
18:37:40 [TestNG-test-Yt Master Tests-2] INFO  verifyingSideMenuCollapsedLangAsInSettings_18-33-22 - [verifyingSideMenuCollapsedLangAsInSettings_18-33-22] Element found and ready (attempt 1): By.xpath: //ytd-topbar-menu-button-renderer[@class='style-scope ytd-masthead style-default']
18:37:40 [TestNG-test-Yt Master Tests-2] INFO  verifyingSideMenuCollapsedLangAsInSettings_18-33-22 - getLangAttribute() - locating <html> and reading lang property
18:37:41 [TestNG-test-Yt Master Tests-2] INFO  verifyingSideMenuCollapsedLangAsInSettings_18-33-22 - Language attribute read: hy-AM
18:37:41 [TestNG-test-Yt Master Tests-2] INFO  verifyingSideMenuCollapsedLangAsInSettings_18-33-22 - Fetching the side menu in collapsed view
18:37:41 [TestNG-test-Yt Master Tests-2] INFO  verifyingSideMenuCollapsedLangAsInSettings_18-33-22 - [verifyingSideMenuCollapsedLangAsInSettings_18-33-22] Finding elements list: By.xpath: //ytd-mini-guide-renderer[@class='style-scope ytd-app']//ytd-mini-guide-entry-renderer
18:37:42 [TestNG-test-Yt Master Tests-2] INFO  verifyingSideMenuCollapsedLangAsInSettings_18-33-22 - [verifyingSideMenuCollapsedLangAsInSettings_18-33-22] Found 4 ready elements (attempt 1): By.xpath: //ytd-mini-guide-renderer[@class='style-scope ytd-app']//ytd-mini-guide-entry-renderer
18:37:42 [TestNG-test-Yt Master Tests-2] INFO  verifyingSideMenuCollapsedLangAsInSettings_18-33-22 - Clicking settings ellipses button...
18:37:42 [TestNG-test-Yt Master Tests-2] INFO  verifyingSideMenuCollapsedLangAsInSettings_18-33-22 - [verifyingSideMenuCollapsedLangAsInSettings_18-33-22] Trying to find element: By.xpath: //ytd-topbar-menu-button-renderer[@class='style-scope ytd-masthead style-default']
18:37:42 [TestNG-test-Yt Master Tests-2] INFO  verifyingSideMenuCollapsedLangAsInSettings_18-33-22 - [verifyingSideMenuCollapsedLangAsInSettings_18-33-22] Element found and ready (attempt 1): By.xpath: //ytd-topbar-menu-button-renderer[@class='style-scope ytd-masthead style-default']
18:37:42 [TestNG-test-Yt Master Tests-2] INFO  verifyingSideMenuCollapsedLangAsInSettings_18-33-22 - Clicking language dropdown...
18:37:42 [TestNG-test-Yt Master Tests-2] INFO  verifyingSideMenuCollapsedLangAsInSettings_18-33-22 - [verifyingSideMenuCollapsedLangAsInSettings_18-33-22] Trying to find element: By.xpath: (//div[@id='content-icon'])[2]
18:37:43 [TestNG-test-Yt Master Tests-2] INFO  verifyingSideMenuCollapsedLangAsInSettings_18-33-22 - [verifyingSideMenuCollapsedLangAsInSettings_18-33-22] Element found and ready (attempt 1): By.xpath: (//div[@id='content-icon'])[2]
18:37:43 [TestNG-test-Yt Master Tests-2] INFO  verifyingSideMenuCollapsedLangAsInSettings_18-33-22 - Looking for language element with name: עברית
18:37:43 [TestNG-test-Yt Master Tests-2] INFO  verifyingSideMenuCollapsedLangAsInSettings_18-33-22 - [verifyingSideMenuCollapsedLangAsInSettings_18-33-22] Trying to find element: By.xpath: //yt-multi-page-menu-section-renderer[@class='style-scope ytd-multi-page-menu-renderer']//yt-formatted-string[@id='label' and text()='עברית']
18:37:44 [TestNG-test-Yt Master Tests-2] INFO  verifyingSideMenuCollapsedLangAsInSettings_18-33-22 - [verifyingSideMenuCollapsedLangAsInSettings_18-33-22] Element found and ready (attempt 1): By.xpath: //yt-multi-page-menu-section-renderer[@class='style-scope ytd-multi-page-menu-renderer']//yt-formatted-string[@id='label' and text()='עברית']
18:37:44 [TestNG-test-Yt Master Tests-2] INFO  verifyingSideMenuCollapsedLangAsInSettings_18-33-22 - [verifyingSideMenuCollapsedLangAsInSettings_18-33-22] Trying to find element: By.xpath: //yt-multi-page-menu-section-renderer[@class='style-scope ytd-multi-page-menu-renderer']//yt-formatted-string[@id='label' and text()='עברית']
18:37:44 [TestNG-test-Yt Master Tests-2] INFO  verifyingSideMenuCollapsedLangAsInSettings_18-33-22 - [verifyingSideMenuCollapsedLangAsInSettings_18-33-22] Element found and ready (attempt 1): By.xpath: //yt-multi-page-menu-section-renderer[@class='style-scope ytd-multi-page-menu-renderer']//yt-formatted-string[@id='label' and text()='עברית']
18:37:47 [TestNG-test-Yt Master Tests-2] INFO  verifyingSideMenuCollapsedLangAsInSettings_18-33-22 - Clicking settings ellipses button...
18:37:47 [TestNG-test-Yt Master Tests-2] INFO  verifyingSideMenuCollapsedLangAsInSettings_18-33-22 - [verifyingSideMenuCollapsedLangAsInSettings_18-33-22] Trying to find element: By.xpath: //ytd-topbar-menu-button-renderer[@class='style-scope ytd-masthead style-default']
18:37:47 [TestNG-test-Yt Master Tests-2] INFO  verifyingSideMenuCollapsedLangAsInSettings_18-33-22 - [verifyingSideMenuCollapsedLangAsInSettings_18-33-22] Element found and ready (attempt 1): By.xpath: //ytd-topbar-menu-button-renderer[@class='style-scope ytd-masthead style-default']
18:37:47 [TestNG-test-Yt Master Tests-2] INFO  verifyingSideMenuCollapsedLangAsInSettings_18-33-22 - [verifyingSideMenuCollapsedLangAsInSettings_18-33-22] Waiting until element is visible in viewport
18:37:49 [TestNG-test-Yt Master Tests-2] INFO  verifyingSideMenuCollapsedLangAsInSettings_18-33-22 - Clicking settings ellipses button...
18:37:49 [TestNG-test-Yt Master Tests-2] INFO  verifyingSideMenuCollapsedLangAsInSettings_18-33-22 - [verifyingSideMenuCollapsedLangAsInSettings_18-33-22] Trying to find element: By.xpath: //ytd-topbar-menu-button-renderer[@class='style-scope ytd-masthead style-default']
18:37:49 [TestNG-test-Yt Master Tests-2] INFO  verifyingSideMenuCollapsedLangAsInSettings_18-33-22 - [verifyingSideMenuCollapsedLangAsInSettings_18-33-22] Element found and ready (attempt 1): By.xpath: //ytd-topbar-menu-button-renderer[@class='style-scope ytd-masthead style-default']
18:37:49 [TestNG-test-Yt Master Tests-2] INFO  verifyingSideMenuCollapsedLangAsInSettings_18-33-22 - getLangAttribute() - locating <html> and reading lang property
18:37:49 [TestNG-test-Yt Master Tests-2] INFO  verifyingSideMenuCollapsedLangAsInSettings_18-33-22 - Language attribute read: he-IL
18:37:49 [TestNG-test-Yt Master Tests-2] INFO  verifyingSideMenuCollapsedLangAsInSettings_18-33-22 - Fetching the side menu in collapsed view
18:37:49 [TestNG-test-Yt Master Tests-2] INFO  verifyingSideMenuCollapsedLangAsInSettings_18-33-22 - [verifyingSideMenuCollapsedLangAsInSettings_18-33-22] Finding elements list: By.xpath: //ytd-mini-guide-renderer[@class='style-scope ytd-app']//ytd-mini-guide-entry-renderer
18:37:49 [TestNG-test-Yt Master Tests-2] INFO  verifyingSideMenuCollapsedLangAsInSettings_18-33-22 - [verifyingSideMenuCollapsedLangAsInSettings_18-33-22] Found 4 ready elements (attempt 1): By.xpath: //ytd-mini-guide-renderer[@class='style-scope ytd-app']//ytd-mini-guide-entry-renderer
18:37:49 [TestNG-test-Yt Master Tests-2] INFO  verifyingSideMenuCollapsedLangAsInSettings_18-33-22 - Clicking settings ellipses button...
18:37:49 [TestNG-test-Yt Master Tests-2] INFO  verifyingSideMenuCollapsedLangAsInSettings_18-33-22 - [verifyingSideMenuCollapsedLangAsInSettings_18-33-22] Trying to find element: By.xpath: //ytd-topbar-menu-button-renderer[@class='style-scope ytd-masthead style-default']
18:37:50 [TestNG-test-Yt Master Tests-2] INFO  verifyingSideMenuCollapsedLangAsInSettings_18-33-22 - [verifyingSideMenuCollapsedLangAsInSettings_18-33-22] Element found and ready (attempt 1): By.xpath: //ytd-topbar-menu-button-renderer[@class='style-scope ytd-masthead style-default']
18:37:50 [TestNG-test-Yt Master Tests-2] INFO  verifyingSideMenuCollapsedLangAsInSettings_18-33-22 - Clicking language dropdown...
18:37:50 [TestNG-test-Yt Master Tests-2] INFO  verifyingSideMenuCollapsedLangAsInSettings_18-33-22 - [verifyingSideMenuCollapsedLangAsInSettings_18-33-22] Trying to find element: By.xpath: (//div[@id='content-icon'])[2]
18:37:50 [TestNG-test-Yt Master Tests-2] INFO  verifyingSideMenuCollapsedLangAsInSettings_18-33-22 - [verifyingSideMenuCollapsedLangAsInSettings_18-33-22] Element found and ready (attempt 1): By.xpath: (//div[@id='content-icon'])[2]
18:37:51 [TestNG-test-Yt Master Tests-2] INFO  verifyingSideMenuCollapsedLangAsInSettings_18-33-22 - Looking for language element with name: العربية
18:37:51 [TestNG-test-Yt Master Tests-2] INFO  verifyingSideMenuCollapsedLangAsInSettings_18-33-22 - [verifyingSideMenuCollapsedLangAsInSettings_18-33-22] Trying to find element: By.xpath: //yt-multi-page-menu-section-renderer[@class='style-scope ytd-multi-page-menu-renderer']//yt-formatted-string[@id='label' and text()='العربية']
18:37:51 [TestNG-test-Yt Master Tests-2] INFO  verifyingSideMenuCollapsedLangAsInSettings_18-33-22 - [verifyingSideMenuCollapsedLangAsInSettings_18-33-22] Element found and ready (attempt 1): By.xpath: //yt-multi-page-menu-section-renderer[@class='style-scope ytd-multi-page-menu-renderer']//yt-formatted-string[@id='label' and text()='العربية']
18:37:51 [TestNG-test-Yt Master Tests-2] INFO  verifyingSideMenuCollapsedLangAsInSettings_18-33-22 - [verifyingSideMenuCollapsedLangAsInSettings_18-33-22] Trying to find element: By.xpath: //yt-multi-page-menu-section-renderer[@class='style-scope ytd-multi-page-menu-renderer']//yt-formatted-string[@id='label' and text()='العربية']
18:37:51 [TestNG-test-Yt Master Tests-2] INFO  verifyingSideMenuCollapsedLangAsInSettings_18-33-22 - [verifyingSideMenuCollapsedLangAsInSettings_18-33-22] Element found and ready (attempt 1): By.xpath: //yt-multi-page-menu-section-renderer[@class='style-scope ytd-multi-page-menu-renderer']//yt-formatted-string[@id='label' and text()='العربية']
18:37:53 [TestNG-test-Yt Master Tests-2] INFO  verifyingSideMenuCollapsedLangAsInSettings_18-33-22 - Clicking settings ellipses button...
18:37:53 [TestNG-test-Yt Master Tests-2] INFO  verifyingSideMenuCollapsedLangAsInSettings_18-33-22 - [verifyingSideMenuCollapsedLangAsInSettings_18-33-22] Trying to find element: By.xpath: //ytd-topbar-menu-button-renderer[@class='style-scope ytd-masthead style-default']
18:37:54 [TestNG-test-Yt Master Tests-2] INFO  verifyingSideMenuCollapsedLangAsInSettings_18-33-22 - [verifyingSideMenuCollapsedLangAsInSettings_18-33-22] Element found and ready (attempt 1): By.xpath: //ytd-topbar-menu-button-renderer[@class='style-scope ytd-masthead style-default']
18:37:55 [TestNG-test-Yt Master Tests-2] INFO  verifyingSideMenuCollapsedLangAsInSettings_18-33-22 - [verifyingSideMenuCollapsedLangAsInSettings_18-33-22] Waiting until element is visible in viewport
18:37:56 [TestNG-test-Yt Master Tests-2] INFO  verifyingSideMenuCollapsedLangAsInSettings_18-33-22 - Clicking settings ellipses button...
18:37:56 [TestNG-test-Yt Master Tests-2] INFO  verifyingSideMenuCollapsedLangAsInSettings_18-33-22 - [verifyingSideMenuCollapsedLangAsInSettings_18-33-22] Trying to find element: By.xpath: //ytd-topbar-menu-button-renderer[@class='style-scope ytd-masthead style-default']
18:37:56 [TestNG-test-Yt Master Tests-2] INFO  verifyingSideMenuCollapsedLangAsInSettings_18-33-22 - [verifyingSideMenuCollapsedLangAsInSettings_18-33-22] Element found and ready (attempt 1): By.xpath: //ytd-topbar-menu-button-renderer[@class='style-scope ytd-masthead style-default']
18:37:56 [TestNG-test-Yt Master Tests-2] INFO  verifyingSideMenuCollapsedLangAsInSettings_18-33-22 - getLangAttribute() - locating <html> and reading lang property
18:37:56 [TestNG-test-Yt Master Tests-2] INFO  verifyingSideMenuCollapsedLangAsInSettings_18-33-22 - Language attribute read: ar
18:37:56 [TestNG-test-Yt Master Tests-2] INFO  verifyingSideMenuCollapsedLangAsInSettings_18-33-22 - Fetching the side menu in collapsed view
18:37:56 [TestNG-test-Yt Master Tests-2] INFO  verifyingSideMenuCollapsedLangAsInSettings_18-33-22 - [verifyingSideMenuCollapsedLangAsInSettings_18-33-22] Finding elements list: By.xpath: //ytd-mini-guide-renderer[@class='style-scope ytd-app']//ytd-mini-guide-entry-renderer
18:37:56 [TestNG-test-Yt Master Tests-2] INFO  verifyingSideMenuCollapsedLangAsInSettings_18-33-22 - [verifyingSideMenuCollapsedLangAsInSettings_18-33-22] Found 4 ready elements (attempt 1): By.xpath: //ytd-mini-guide-renderer[@class='style-scope ytd-app']//ytd-mini-guide-entry-renderer
18:37:57 [TestNG-test-Yt Master Tests-2] INFO  verifyingSideMenuCollapsedLangAsInSettings_18-33-22 - Clicking settings ellipses button...
18:37:57 [TestNG-test-Yt Master Tests-2] INFO  verifyingSideMenuCollapsedLangAsInSettings_18-33-22 - [verifyingSideMenuCollapsedLangAsInSettings_18-33-22] Trying to find element: By.xpath: //ytd-topbar-menu-button-renderer[@class='style-scope ytd-masthead style-default']
18:37:57 [TestNG-test-Yt Master Tests-2] INFO  verifyingSideMenuCollapsedLangAsInSettings_18-33-22 - [verifyingSideMenuCollapsedLangAsInSettings_18-33-22] Element found and ready (attempt 1): By.xpath: //ytd-topbar-menu-button-renderer[@class='style-scope ytd-masthead style-default']
18:37:57 [TestNG-test-Yt Master Tests-2] INFO  verifyingSideMenuCollapsedLangAsInSettings_18-33-22 - Clicking language dropdown...
18:37:57 [TestNG-test-Yt Master Tests-2] INFO  verifyingSideMenuCollapsedLangAsInSettings_18-33-22 - [verifyingSideMenuCollapsedLangAsInSettings_18-33-22] Trying to find element: By.xpath: (//div[@id='content-icon'])[2]
18:37:58 [TestNG-test-Yt Master Tests-2] INFO  verifyingSideMenuCollapsedLangAsInSettings_18-33-22 - [verifyingSideMenuCollapsedLangAsInSettings_18-33-22] Element found and ready (attempt 1): By.xpath: (//div[@id='content-icon'])[2]
18:37:58 [TestNG-test-Yt Master Tests-2] INFO  verifyingSideMenuCollapsedLangAsInSettings_18-33-22 - Looking for language element with name: فارسی
18:37:58 [TestNG-test-Yt Master Tests-2] INFO  verifyingSideMenuCollapsedLangAsInSettings_18-33-22 - [verifyingSideMenuCollapsedLangAsInSettings_18-33-22] Trying to find element: By.xpath: //yt-multi-page-menu-section-renderer[@class='style-scope ytd-multi-page-menu-renderer']//yt-formatted-string[@id='label' and text()='فارسی']
18:37:58 [TestNG-test-Yt Master Tests-2] INFO  verifyingSideMenuCollapsedLangAsInSettings_18-33-22 - [verifyingSideMenuCollapsedLangAsInSettings_18-33-22] Element found and ready (attempt 1): By.xpath: //yt-multi-page-menu-section-renderer[@class='style-scope ytd-multi-page-menu-renderer']//yt-formatted-string[@id='label' and text()='فارسی']
18:37:58 [TestNG-test-Yt Master Tests-2] INFO  verifyingSideMenuCollapsedLangAsInSettings_18-33-22 - [verifyingSideMenuCollapsedLangAsInSettings_18-33-22] Trying to find element: By.xpath: //yt-multi-page-menu-section-renderer[@class='style-scope ytd-multi-page-menu-renderer']//yt-formatted-string[@id='label' and text()='فارسی']
18:37:58 [TestNG-test-Yt Master Tests-2] INFO  verifyingSideMenuCollapsedLangAsInSettings_18-33-22 - [verifyingSideMenuCollapsedLangAsInSettings_18-33-22] Element found and ready (attempt 1): By.xpath: //yt-multi-page-menu-section-renderer[@class='style-scope ytd-multi-page-menu-renderer']//yt-formatted-string[@id='label' and text()='فارسی']
18:38:00 [TestNG-test-Yt Master Tests-2] INFO  verifyingSideMenuCollapsedLangAsInSettings_18-33-22 - Clicking settings ellipses button...
18:38:00 [TestNG-test-Yt Master Tests-2] INFO  verifyingSideMenuCollapsedLangAsInSettings_18-33-22 - [verifyingSideMenuCollapsedLangAsInSettings_18-33-22] Trying to find element: By.xpath: //ytd-topbar-menu-button-renderer[@class='style-scope ytd-masthead style-default']
18:38:00 [TestNG-test-Yt Master Tests-2] INFO  verifyingSideMenuCollapsedLangAsInSettings_18-33-22 - [verifyingSideMenuCollapsedLangAsInSettings_18-33-22] Element found and ready (attempt 1): By.xpath: //ytd-topbar-menu-button-renderer[@class='style-scope ytd-masthead style-default']
18:38:01 [TestNG-test-Yt Master Tests-2] INFO  verifyingSideMenuCollapsedLangAsInSettings_18-33-22 - [verifyingSideMenuCollapsedLangAsInSettings_18-33-22] Waiting until element is visible in viewport
18:38:01 [TestNG-test-Yt Master Tests-2] INFO  verifyingSideMenuCollapsedLangAsInSettings_18-33-22 - Clicking settings ellipses button...
18:38:01 [TestNG-test-Yt Master Tests-2] INFO  verifyingSideMenuCollapsedLangAsInSettings_18-33-22 - [verifyingSideMenuCollapsedLangAsInSettings_18-33-22] Trying to find element: By.xpath: //ytd-topbar-menu-button-renderer[@class='style-scope ytd-masthead style-default']
18:38:02 [TestNG-test-Yt Master Tests-2] INFO  verifyingSideMenuCollapsedLangAsInSettings_18-33-22 - [verifyingSideMenuCollapsedLangAsInSettings_18-33-22] Element found and ready (attempt 1): By.xpath: //ytd-topbar-menu-button-renderer[@class='style-scope ytd-masthead style-default']
18:38:02 [TestNG-test-Yt Master Tests-2] INFO  verifyingSideMenuCollapsedLangAsInSettings_18-33-22 - getLangAttribute() - locating <html> and reading lang property
18:38:02 [TestNG-test-Yt Master Tests-2] INFO  verifyingSideMenuCollapsedLangAsInSettings_18-33-22 - Language attribute read: fa-IR
18:38:02 [TestNG-test-Yt Master Tests-2] INFO  verifyingSideMenuCollapsedLangAsInSettings_18-33-22 - Fetching the side menu in collapsed view
18:38:02 [TestNG-test-Yt Master Tests-2] INFO  verifyingSideMenuCollapsedLangAsInSettings_18-33-22 - [verifyingSideMenuCollapsedLangAsInSettings_18-33-22] Finding elements list: By.xpath: //ytd-mini-guide-renderer[@class='style-scope ytd-app']//ytd-mini-guide-entry-renderer
18:38:02 [TestNG-test-Yt Master Tests-2] INFO  verifyingSideMenuCollapsedLangAsInSettings_18-33-22 - [verifyingSideMenuCollapsedLangAsInSettings_18-33-22] Found 4 ready elements (attempt 1): By.xpath: //ytd-mini-guide-renderer[@class='style-scope ytd-app']//ytd-mini-guide-entry-renderer
18:38:02 [TestNG-test-Yt Master Tests-2] INFO  verifyingSideMenuCollapsedLangAsInSettings_18-33-22 - Clicking settings ellipses button...
18:38:02 [TestNG-test-Yt Master Tests-2] INFO  verifyingSideMenuCollapsedLangAsInSettings_18-33-22 - [verifyingSideMenuCollapsedLangAsInSettings_18-33-22] Trying to find element: By.xpath: //ytd-topbar-menu-button-renderer[@class='style-scope ytd-masthead style-default']
18:38:02 [TestNG-test-Yt Master Tests-2] INFO  verifyingSideMenuCollapsedLangAsInSettings_18-33-22 - [verifyingSideMenuCollapsedLangAsInSettings_18-33-22] Element found and ready (attempt 1): By.xpath: //ytd-topbar-menu-button-renderer[@class='style-scope ytd-masthead style-default']
18:38:02 [TestNG-test-Yt Master Tests-2] INFO  verifyingSideMenuCollapsedLangAsInSettings_18-33-22 - Clicking language dropdown...
18:38:02 [TestNG-test-Yt Master Tests-2] INFO  verifyingSideMenuCollapsedLangAsInSettings_18-33-22 - [verifyingSideMenuCollapsedLangAsInSettings_18-33-22] Trying to find element: By.xpath: (//div[@id='content-icon'])[2]
18:38:03 [TestNG-test-Yt Master Tests-2] INFO  verifyingSideMenuCollapsedLangAsInSettings_18-33-22 - [verifyingSideMenuCollapsedLangAsInSettings_18-33-22] Element found and ready (attempt 1): By.xpath: (//div[@id='content-icon'])[2]
18:38:03 [TestNG-test-Yt Master Tests-2] INFO  verifyingSideMenuCollapsedLangAsInSettings_18-33-22 - Looking for language element with name: हिन्दी
18:38:03 [TestNG-test-Yt Master Tests-2] INFO  verifyingSideMenuCollapsedLangAsInSettings_18-33-22 - [verifyingSideMenuCollapsedLangAsInSettings_18-33-22] Trying to find element: By.xpath: //yt-multi-page-menu-section-renderer[@class='style-scope ytd-multi-page-menu-renderer']//yt-formatted-string[@id='label' and text()='हिन्दी']
18:38:04 [TestNG-test-Yt Master Tests-2] INFO  verifyingSideMenuCollapsedLangAsInSettings_18-33-22 - [verifyingSideMenuCollapsedLangAsInSettings_18-33-22] Element found and ready (attempt 1): By.xpath: //yt-multi-page-menu-section-renderer[@class='style-scope ytd-multi-page-menu-renderer']//yt-formatted-string[@id='label' and text()='हिन्दी']
18:38:04 [TestNG-test-Yt Master Tests-2] INFO  verifyingSideMenuCollapsedLangAsInSettings_18-33-22 - [verifyingSideMenuCollapsedLangAsInSettings_18-33-22] Trying to find element: By.xpath: //yt-multi-page-menu-section-renderer[@class='style-scope ytd-multi-page-menu-renderer']//yt-formatted-string[@id='label' and text()='हिन्दी']
18:38:04 [TestNG-test-Yt Master Tests-2] INFO  verifyingSideMenuCollapsedLangAsInSettings_18-33-22 - [verifyingSideMenuCollapsedLangAsInSettings_18-33-22] Element found and ready (attempt 1): By.xpath: //yt-multi-page-menu-section-renderer[@class='style-scope ytd-multi-page-menu-renderer']//yt-formatted-string[@id='label' and text()='हिन्दी']
18:38:06 [TestNG-test-Yt Master Tests-2] INFO  verifyingSideMenuCollapsedLangAsInSettings_18-33-22 - Clicking settings ellipses button...
18:38:06 [TestNG-test-Yt Master Tests-2] INFO  verifyingSideMenuCollapsedLangAsInSettings_18-33-22 - [verifyingSideMenuCollapsedLangAsInSettings_18-33-22] Trying to find element: By.xpath: //ytd-topbar-menu-button-renderer[@class='style-scope ytd-masthead style-default']
18:38:06 [TestNG-test-Yt Master Tests-2] INFO  verifyingSideMenuCollapsedLangAsInSettings_18-33-22 - [verifyingSideMenuCollapsedLangAsInSettings_18-33-22] Element found and ready (attempt 1): By.xpath: //ytd-topbar-menu-button-renderer[@class='style-scope ytd-masthead style-default']
18:38:07 [TestNG-test-Yt Master Tests-2] INFO  verifyingSideMenuCollapsedLangAsInSettings_18-33-22 - [verifyingSideMenuCollapsedLangAsInSettings_18-33-22] Waiting until element is visible in viewport
18:38:08 [TestNG-test-Yt Master Tests-2] INFO  verifyingSideMenuCollapsedLangAsInSettings_18-33-22 - Clicking settings ellipses button...
18:38:08 [TestNG-test-Yt Master Tests-2] INFO  verifyingSideMenuCollapsedLangAsInSettings_18-33-22 - [verifyingSideMenuCollapsedLangAsInSettings_18-33-22] Trying to find element: By.xpath: //ytd-topbar-menu-button-renderer[@class='style-scope ytd-masthead style-default']
18:38:08 [TestNG-test-Yt Master Tests-2] INFO  verifyingSideMenuCollapsedLangAsInSettings_18-33-22 - [verifyingSideMenuCollapsedLangAsInSettings_18-33-22] Element found and ready (attempt 1): By.xpath: //ytd-topbar-menu-button-renderer[@class='style-scope ytd-masthead style-default']
18:38:08 [TestNG-test-Yt Master Tests-2] INFO  verifyingSideMenuCollapsedLangAsInSettings_18-33-22 - getLangAttribute() - locating <html> and reading lang property
18:38:08 [TestNG-test-Yt Master Tests-2] INFO  verifyingSideMenuCollapsedLangAsInSettings_18-33-22 - Language attribute read: hi-IN
18:38:08 [TestNG-test-Yt Master Tests-2] INFO  verifyingSideMenuCollapsedLangAsInSettings_18-33-22 - Fetching the side menu in collapsed view
18:38:08 [TestNG-test-Yt Master Tests-2] INFO  verifyingSideMenuCollapsedLangAsInSettings_18-33-22 - [verifyingSideMenuCollapsedLangAsInSettings_18-33-22] Finding elements list: By.xpath: //ytd-mini-guide-renderer[@class='style-scope ytd-app']//ytd-mini-guide-entry-renderer
18:38:09 [TestNG-test-Yt Master Tests-2] INFO  verifyingSideMenuCollapsedLangAsInSettings_18-33-22 - [verifyingSideMenuCollapsedLangAsInSettings_18-33-22] Found 4 ready elements (attempt 1): By.xpath: //ytd-mini-guide-renderer[@class='style-scope ytd-app']//ytd-mini-guide-entry-renderer
18:38:09 [TestNG-test-Yt Master Tests-2] INFO  verifyingSideMenuCollapsedLangAsInSettings_18-33-22 - Clicking settings ellipses button...
18:38:09 [TestNG-test-Yt Master Tests-2] INFO  verifyingSideMenuCollapsedLangAsInSettings_18-33-22 - [verifyingSideMenuCollapsedLangAsInSettings_18-33-22] Trying to find element: By.xpath: //ytd-topbar-menu-button-renderer[@class='style-scope ytd-masthead style-default']
18:38:09 [TestNG-test-Yt Master Tests-2] INFO  verifyingSideMenuCollapsedLangAsInSettings_18-33-22 - [verifyingSideMenuCollapsedLangAsInSettings_18-33-22] Element found and ready (attempt 1): By.xpath: //ytd-topbar-menu-button-renderer[@class='style-scope ytd-masthead style-default']
18:38:10 [TestNG-test-Yt Master Tests-2] INFO  verifyingSideMenuCollapsedLangAsInSettings_18-33-22 - Clicking language dropdown...
18:38:10 [TestNG-test-Yt Master Tests-2] INFO  verifyingSideMenuCollapsedLangAsInSettings_18-33-22 - [verifyingSideMenuCollapsedLangAsInSettings_18-33-22] Trying to find element: By.xpath: (//div[@id='content-icon'])[2]
18:38:10 [TestNG-test-Yt Master Tests-2] INFO  verifyingSideMenuCollapsedLangAsInSettings_18-33-22 - [verifyingSideMenuCollapsedLangAsInSettings_18-33-22] Element found and ready (attempt 1): By.xpath: (//div[@id='content-icon'])[2]
18:38:11 [TestNG-test-Yt Master Tests-2] INFO  verifyingSideMenuCollapsedLangAsInSettings_18-33-22 - Looking for language element with name: বাংলা
18:38:11 [TestNG-test-Yt Master Tests-2] INFO  verifyingSideMenuCollapsedLangAsInSettings_18-33-22 - [verifyingSideMenuCollapsedLangAsInSettings_18-33-22] Trying to find element: By.xpath: //yt-multi-page-menu-section-renderer[@class='style-scope ytd-multi-page-menu-renderer']//yt-formatted-string[@id='label' and text()='বাংলা']
18:38:11 [TestNG-test-Yt Master Tests-2] INFO  verifyingSideMenuCollapsedLangAsInSettings_18-33-22 - [verifyingSideMenuCollapsedLangAsInSettings_18-33-22] Element found and ready (attempt 1): By.xpath: //yt-multi-page-menu-section-renderer[@class='style-scope ytd-multi-page-menu-renderer']//yt-formatted-string[@id='label' and text()='বাংলা']
18:38:11 [TestNG-test-Yt Master Tests-2] INFO  verifyingSideMenuCollapsedLangAsInSettings_18-33-22 - [verifyingSideMenuCollapsedLangAsInSettings_18-33-22] Trying to find element: By.xpath: //yt-multi-page-menu-section-renderer[@class='style-scope ytd-multi-page-menu-renderer']//yt-formatted-string[@id='label' and text()='বাংলা']
18:38:11 [TestNG-test-Yt Master Tests-2] INFO  verifyingSideMenuCollapsedLangAsInSettings_18-33-22 - [verifyingSideMenuCollapsedLangAsInSettings_18-33-22] Element found and ready (attempt 1): By.xpath: //yt-multi-page-menu-section-renderer[@class='style-scope ytd-multi-page-menu-renderer']//yt-formatted-string[@id='label' and text()='বাংলা']
18:38:14 [TestNG-test-Yt Master Tests-2] INFO  verifyingSideMenuCollapsedLangAsInSettings_18-33-22 - Clicking settings ellipses button...
18:38:14 [TestNG-test-Yt Master Tests-2] INFO  verifyingSideMenuCollapsedLangAsInSettings_18-33-22 - [verifyingSideMenuCollapsedLangAsInSettings_18-33-22] Trying to find element: By.xpath: //ytd-topbar-menu-button-renderer[@class='style-scope ytd-masthead style-default']
18:38:15 [TestNG-test-Yt Master Tests-2] INFO  verifyingSideMenuCollapsedLangAsInSettings_18-33-22 - [verifyingSideMenuCollapsedLangAsInSettings_18-33-22] Element found and ready (attempt 1): By.xpath: //ytd-topbar-menu-button-renderer[@class='style-scope ytd-masthead style-default']
18:38:15 [TestNG-test-Yt Master Tests-2] INFO  verifyingSideMenuCollapsedLangAsInSettings_18-33-22 - [verifyingSideMenuCollapsedLangAsInSettings_18-33-22] Waiting until element is visible in viewport
18:38:16 [TestNG-test-Yt Master Tests-2] INFO  verifyingSideMenuCollapsedLangAsInSettings_18-33-22 - Clicking settings ellipses button...
18:38:16 [TestNG-test-Yt Master Tests-2] INFO  verifyingSideMenuCollapsedLangAsInSettings_18-33-22 - [verifyingSideMenuCollapsedLangAsInSettings_18-33-22] Trying to find element: By.xpath: //ytd-topbar-menu-button-renderer[@class='style-scope ytd-masthead style-default']
18:38:16 [TestNG-test-Yt Master Tests-2] INFO  verifyingSideMenuCollapsedLangAsInSettings_18-33-22 - [verifyingSideMenuCollapsedLangAsInSettings_18-33-22] Element found and ready (attempt 1): By.xpath: //ytd-topbar-menu-button-renderer[@class='style-scope ytd-masthead style-default']
18:38:16 [TestNG-test-Yt Master Tests-2] INFO  verifyingSideMenuCollapsedLangAsInSettings_18-33-22 - getLangAttribute() - locating <html> and reading lang property
18:38:16 [TestNG-test-Yt Master Tests-2] INFO  verifyingSideMenuCollapsedLangAsInSettings_18-33-22 - Language attribute read: bn-BD
18:38:16 [TestNG-test-Yt Master Tests-2] INFO  verifyingSideMenuCollapsedLangAsInSettings_18-33-22 - Fetching the side menu in collapsed view
18:38:16 [TestNG-test-Yt Master Tests-2] INFO  verifyingSideMenuCollapsedLangAsInSettings_18-33-22 - [verifyingSideMenuCollapsedLangAsInSettings_18-33-22] Finding elements list: By.xpath: //ytd-mini-guide-renderer[@class='style-scope ytd-app']//ytd-mini-guide-entry-renderer
18:38:16 [TestNG-test-Yt Master Tests-2] INFO  verifyingSideMenuCollapsedLangAsInSettings_18-33-22 - [verifyingSideMenuCollapsedLangAsInSettings_18-33-22] Found 4 ready elements (attempt 1): By.xpath: //ytd-mini-guide-renderer[@class='style-scope ytd-app']//ytd-mini-guide-entry-renderer
18:38:16 [TestNG-test-Yt Master Tests-2] INFO  verifyingSideMenuCollapsedLangAsInSettings_18-33-22 - Clicking settings ellipses button...
18:38:16 [TestNG-test-Yt Master Tests-2] INFO  verifyingSideMenuCollapsedLangAsInSettings_18-33-22 - [verifyingSideMenuCollapsedLangAsInSettings_18-33-22] Trying to find element: By.xpath: //ytd-topbar-menu-button-renderer[@class='style-scope ytd-masthead style-default']
18:38:16 [TestNG-test-Yt Master Tests-2] INFO  verifyingSideMenuCollapsedLangAsInSettings_18-33-22 - [verifyingSideMenuCollapsedLangAsInSettings_18-33-22] Element found and ready (attempt 1): By.xpath: //ytd-topbar-menu-button-renderer[@class='style-scope ytd-masthead style-default']
18:38:16 [TestNG-test-Yt Master Tests-2] INFO  verifyingSideMenuCollapsedLangAsInSettings_18-33-22 - Clicking language dropdown...
18:38:16 [TestNG-test-Yt Master Tests-2] INFO  verifyingSideMenuCollapsedLangAsInSettings_18-33-22 - [verifyingSideMenuCollapsedLangAsInSettings_18-33-22] Trying to find element: By.xpath: (//div[@id='content-icon'])[2]
18:38:17 [TestNG-test-Yt Master Tests-2] INFO  verifyingSideMenuCollapsedLangAsInSettings_18-33-22 - [verifyingSideMenuCollapsedLangAsInSettings_18-33-22] Element found and ready (attempt 1): By.xpath: (//div[@id='content-icon'])[2]
18:38:17 [TestNG-test-Yt Master Tests-2] INFO  verifyingSideMenuCollapsedLangAsInSettings_18-33-22 - Looking for language element with name: ਪੰਜਾਬੀ
18:38:17 [TestNG-test-Yt Master Tests-2] INFO  verifyingSideMenuCollapsedLangAsInSettings_18-33-22 - [verifyingSideMenuCollapsedLangAsInSettings_18-33-22] Trying to find element: By.xpath: //yt-multi-page-menu-section-renderer[@class='style-scope ytd-multi-page-menu-renderer']//yt-formatted-string[@id='label' and text()='ਪੰਜਾਬੀ']
18:38:18 [TestNG-test-Yt Master Tests-2] INFO  verifyingSideMenuCollapsedLangAsInSettings_18-33-22 - [verifyingSideMenuCollapsedLangAsInSettings_18-33-22] Element found and ready (attempt 1): By.xpath: //yt-multi-page-menu-section-renderer[@class='style-scope ytd-multi-page-menu-renderer']//yt-formatted-string[@id='label' and text()='ਪੰਜਾਬੀ']
18:38:18 [TestNG-test-Yt Master Tests-2] INFO  verifyingSideMenuCollapsedLangAsInSettings_18-33-22 - [verifyingSideMenuCollapsedLangAsInSettings_18-33-22] Trying to find element: By.xpath: //yt-multi-page-menu-section-renderer[@class='style-scope ytd-multi-page-menu-renderer']//yt-formatted-string[@id='label' and text()='ਪੰਜਾਬੀ']
18:38:18 [TestNG-test-Yt Master Tests-2] INFO  verifyingSideMenuCollapsedLangAsInSettings_18-33-22 - [verifyingSideMenuCollapsedLangAsInSettings_18-33-22] Element found and ready (attempt 1): By.xpath: //yt-multi-page-menu-section-renderer[@class='style-scope ytd-multi-page-menu-renderer']//yt-formatted-string[@id='label' and text()='ਪੰਜਾਬੀ']
18:38:21 [TestNG-test-Yt Master Tests-2] INFO  verifyingSideMenuCollapsedLangAsInSettings_18-33-22 - Clicking settings ellipses button...
18:38:21 [TestNG-test-Yt Master Tests-2] INFO  verifyingSideMenuCollapsedLangAsInSettings_18-33-22 - [verifyingSideMenuCollapsedLangAsInSettings_18-33-22] Trying to find element: By.xpath: //ytd-topbar-menu-button-renderer[@class='style-scope ytd-masthead style-default']
18:38:22 [TestNG-test-Yt Master Tests-2] INFO  verifyingSideMenuCollapsedLangAsInSettings_18-33-22 - [verifyingSideMenuCollapsedLangAsInSettings_18-33-22] Element found and ready (attempt 1): By.xpath: //ytd-topbar-menu-button-renderer[@class='style-scope ytd-masthead style-default']
18:38:22 [TestNG-test-Yt Master Tests-2] INFO  verifyingSideMenuCollapsedLangAsInSettings_18-33-22 - [verifyingSideMenuCollapsedLangAsInSettings_18-33-22] Waiting until element is visible in viewport
18:38:23 [TestNG-test-Yt Master Tests-2] INFO  verifyingSideMenuCollapsedLangAsInSettings_18-33-22 - Clicking settings ellipses button...
18:38:23 [TestNG-test-Yt Master Tests-2] INFO  verifyingSideMenuCollapsedLangAsInSettings_18-33-22 - [verifyingSideMenuCollapsedLangAsInSettings_18-33-22] Trying to find element: By.xpath: //ytd-topbar-menu-button-renderer[@class='style-scope ytd-masthead style-default']
18:38:23 [TestNG-test-Yt Master Tests-2] INFO  verifyingSideMenuCollapsedLangAsInSettings_18-33-22 - [verifyingSideMenuCollapsedLangAsInSettings_18-33-22] Element found and ready (attempt 1): By.xpath: //ytd-topbar-menu-button-renderer[@class='style-scope ytd-masthead style-default']
18:38:23 [TestNG-test-Yt Master Tests-2] INFO  verifyingSideMenuCollapsedLangAsInSettings_18-33-22 - getLangAttribute() - locating <html> and reading lang property
18:38:24 [TestNG-test-Yt Master Tests-2] INFO  verifyingSideMenuCollapsedLangAsInSettings_18-33-22 - Language attribute read: pa-Guru-IN
18:38:24 [TestNG-test-Yt Master Tests-2] INFO  verifyingSideMenuCollapsedLangAsInSettings_18-33-22 - Fetching the side menu in collapsed view
18:38:24 [TestNG-test-Yt Master Tests-2] INFO  verifyingSideMenuCollapsedLangAsInSettings_18-33-22 - [verifyingSideMenuCollapsedLangAsInSettings_18-33-22] Finding elements list: By.xpath: //ytd-mini-guide-renderer[@class='style-scope ytd-app']//ytd-mini-guide-entry-renderer
18:38:24 [TestNG-test-Yt Master Tests-2] INFO  verifyingSideMenuCollapsedLangAsInSettings_18-33-22 - [verifyingSideMenuCollapsedLangAsInSettings_18-33-22] Found 4 ready elements (attempt 1): By.xpath: //ytd-mini-guide-renderer[@class='style-scope ytd-app']//ytd-mini-guide-entry-renderer
18:38:24 [TestNG-test-Yt Master Tests-2] INFO  verifyingSideMenuCollapsedLangAsInSettings_18-33-22 - Clicking settings ellipses button...
18:38:24 [TestNG-test-Yt Master Tests-2] INFO  verifyingSideMenuCollapsedLangAsInSettings_18-33-22 - [verifyingSideMenuCollapsedLangAsInSettings_18-33-22] Trying to find element: By.xpath: //ytd-topbar-menu-button-renderer[@class='style-scope ytd-masthead style-default']
18:38:24 [TestNG-test-Yt Master Tests-2] INFO  verifyingSideMenuCollapsedLangAsInSettings_18-33-22 - [verifyingSideMenuCollapsedLangAsInSettings_18-33-22] Element found and ready (attempt 1): By.xpath: //ytd-topbar-menu-button-renderer[@class='style-scope ytd-masthead style-default']
18:38:24 [TestNG-test-Yt Master Tests-2] INFO  verifyingSideMenuCollapsedLangAsInSettings_18-33-22 - Clicking language dropdown...
18:38:24 [TestNG-test-Yt Master Tests-2] INFO  verifyingSideMenuCollapsedLangAsInSettings_18-33-22 - [verifyingSideMenuCollapsedLangAsInSettings_18-33-22] Trying to find element: By.xpath: (//div[@id='content-icon'])[2]
18:38:24 [TestNG-test-Yt Master Tests-2] INFO  verifyingSideMenuCollapsedLangAsInSettings_18-33-22 - [verifyingSideMenuCollapsedLangAsInSettings_18-33-22] Element found and ready (attempt 1): By.xpath: (//div[@id='content-icon'])[2]
18:38:25 [TestNG-test-Yt Master Tests-2] INFO  verifyingSideMenuCollapsedLangAsInSettings_18-33-22 - Looking for language element with name: ગુજરાતી
18:38:25 [TestNG-test-Yt Master Tests-2] INFO  verifyingSideMenuCollapsedLangAsInSettings_18-33-22 - [verifyingSideMenuCollapsedLangAsInSettings_18-33-22] Trying to find element: By.xpath: //yt-multi-page-menu-section-renderer[@class='style-scope ytd-multi-page-menu-renderer']//yt-formatted-string[@id='label' and text()='ગુજરાતી']
18:38:25 [TestNG-test-Yt Master Tests-2] INFO  verifyingSideMenuCollapsedLangAsInSettings_18-33-22 - [verifyingSideMenuCollapsedLangAsInSettings_18-33-22] Element found and ready (attempt 1): By.xpath: //yt-multi-page-menu-section-renderer[@class='style-scope ytd-multi-page-menu-renderer']//yt-formatted-string[@id='label' and text()='ગુજરાતી']
18:38:25 [TestNG-test-Yt Master Tests-2] INFO  verifyingSideMenuCollapsedLangAsInSettings_18-33-22 - [verifyingSideMenuCollapsedLangAsInSettings_18-33-22] Trying to find element: By.xpath: //yt-multi-page-menu-section-renderer[@class='style-scope ytd-multi-page-menu-renderer']//yt-formatted-string[@id='label' and text()='ગુજરાતી']
18:38:25 [TestNG-test-Yt Master Tests-2] INFO  verifyingSideMenuCollapsedLangAsInSettings_18-33-22 - [verifyingSideMenuCollapsedLangAsInSettings_18-33-22] Element found and ready (attempt 1): By.xpath: //yt-multi-page-menu-section-renderer[@class='style-scope ytd-multi-page-menu-renderer']//yt-formatted-string[@id='label' and text()='ગુજરાતી']
18:38:28 [TestNG-test-Yt Master Tests-2] INFO  verifyingSideMenuCollapsedLangAsInSettings_18-33-22 - Clicking settings ellipses button...
18:38:28 [TestNG-test-Yt Master Tests-2] INFO  verifyingSideMenuCollapsedLangAsInSettings_18-33-22 - [verifyingSideMenuCollapsedLangAsInSettings_18-33-22] Trying to find element: By.xpath: //ytd-topbar-menu-button-renderer[@class='style-scope ytd-masthead style-default']
18:38:28 [TestNG-test-Yt Master Tests-2] INFO  verifyingSideMenuCollapsedLangAsInSettings_18-33-22 - [verifyingSideMenuCollapsedLangAsInSettings_18-33-22] Element found and ready (attempt 1): By.xpath: //ytd-topbar-menu-button-renderer[@class='style-scope ytd-masthead style-default']
18:38:29 [TestNG-test-Yt Master Tests-2] INFO  verifyingSideMenuCollapsedLangAsInSettings_18-33-22 - [verifyingSideMenuCollapsedLangAsInSettings_18-33-22] Waiting until element is visible in viewport
18:38:29 [TestNG-test-Yt Master Tests-2] INFO  verifyingSideMenuCollapsedLangAsInSettings_18-33-22 - Clicking settings ellipses button...
18:38:29 [TestNG-test-Yt Master Tests-2] INFO  verifyingSideMenuCollapsedLangAsInSettings_18-33-22 - [verifyingSideMenuCollapsedLangAsInSettings_18-33-22] Trying to find element: By.xpath: //ytd-topbar-menu-button-renderer[@class='style-scope ytd-masthead style-default']
18:38:29 [TestNG-test-Yt Master Tests-2] INFO  verifyingSideMenuCollapsedLangAsInSettings_18-33-22 - [verifyingSideMenuCollapsedLangAsInSettings_18-33-22] Element found and ready (attempt 1): By.xpath: //ytd-topbar-menu-button-renderer[@class='style-scope ytd-masthead style-default']
18:38:29 [TestNG-test-Yt Master Tests-2] INFO  verifyingSideMenuCollapsedLangAsInSettings_18-33-22 - getLangAttribute() - locating <html> and reading lang property
18:38:29 [TestNG-test-Yt Master Tests-2] INFO  verifyingSideMenuCollapsedLangAsInSettings_18-33-22 - Language attribute read: gu-IN
18:38:29 [TestNG-test-Yt Master Tests-2] INFO  verifyingSideMenuCollapsedLangAsInSettings_18-33-22 - Fetching the side menu in collapsed view
18:38:29 [TestNG-test-Yt Master Tests-2] INFO  verifyingSideMenuCollapsedLangAsInSettings_18-33-22 - [verifyingSideMenuCollapsedLangAsInSettings_18-33-22] Finding elements list: By.xpath: //ytd-mini-guide-renderer[@class='style-scope ytd-app']//ytd-mini-guide-entry-renderer
18:38:29 [TestNG-test-Yt Master Tests-2] INFO  verifyingSideMenuCollapsedLangAsInSettings_18-33-22 - [verifyingSideMenuCollapsedLangAsInSettings_18-33-22] Found 4 ready elements (attempt 1): By.xpath: //ytd-mini-guide-renderer[@class='style-scope ytd-app']//ytd-mini-guide-entry-renderer
18:38:29 [TestNG-test-Yt Master Tests-2] INFO  verifyingSideMenuCollapsedLangAsInSettings_18-33-22 - Clicking settings ellipses button...
18:38:29 [TestNG-test-Yt Master Tests-2] INFO  verifyingSideMenuCollapsedLangAsInSettings_18-33-22 - [verifyingSideMenuCollapsedLangAsInSettings_18-33-22] Trying to find element: By.xpath: //ytd-topbar-menu-button-renderer[@class='style-scope ytd-masthead style-default']
18:38:29 [TestNG-test-Yt Master Tests-2] INFO  verifyingSideMenuCollapsedLangAsInSettings_18-33-22 - [verifyingSideMenuCollapsedLangAsInSettings_18-33-22] Element found and ready (attempt 1): By.xpath: //ytd-topbar-menu-button-renderer[@class='style-scope ytd-masthead style-default']
18:38:30 [TestNG-test-Yt Master Tests-2] INFO  verifyingSideMenuCollapsedLangAsInSettings_18-33-22 - Clicking language dropdown...
18:38:30 [TestNG-test-Yt Master Tests-2] INFO  verifyingSideMenuCollapsedLangAsInSettings_18-33-22 - [verifyingSideMenuCollapsedLangAsInSettings_18-33-22] Trying to find element: By.xpath: (//div[@id='content-icon'])[2]
18:38:30 [TestNG-test-Yt Master Tests-2] INFO  verifyingSideMenuCollapsedLangAsInSettings_18-33-22 - [verifyingSideMenuCollapsedLangAsInSettings_18-33-22] Element found and ready (attempt 1): By.xpath: (//div[@id='content-icon'])[2]
18:38:31 [TestNG-test-Yt Master Tests-2] INFO  verifyingSideMenuCollapsedLangAsInSettings_18-33-22 - Looking for language element with name: தமிழ்
18:38:31 [TestNG-test-Yt Master Tests-2] INFO  verifyingSideMenuCollapsedLangAsInSettings_18-33-22 - [verifyingSideMenuCollapsedLangAsInSettings_18-33-22] Trying to find element: By.xpath: //yt-multi-page-menu-section-renderer[@class='style-scope ytd-multi-page-menu-renderer']//yt-formatted-string[@id='label' and text()='தமிழ்']
18:38:31 [TestNG-test-Yt Master Tests-2] INFO  verifyingSideMenuCollapsedLangAsInSettings_18-33-22 - [verifyingSideMenuCollapsedLangAsInSettings_18-33-22] Element found and ready (attempt 1): By.xpath: //yt-multi-page-menu-section-renderer[@class='style-scope ytd-multi-page-menu-renderer']//yt-formatted-string[@id='label' and text()='தமிழ்']
18:38:31 [TestNG-test-Yt Master Tests-2] INFO  verifyingSideMenuCollapsedLangAsInSettings_18-33-22 - [verifyingSideMenuCollapsedLangAsInSettings_18-33-22] Trying to find element: By.xpath: //yt-multi-page-menu-section-renderer[@class='style-scope ytd-multi-page-menu-renderer']//yt-formatted-string[@id='label' and text()='தமிழ்']
18:38:31 [TestNG-test-Yt Master Tests-2] INFO  verifyingSideMenuCollapsedLangAsInSettings_18-33-22 - [verifyingSideMenuCollapsedLangAsInSettings_18-33-22] Element found and ready (attempt 1): By.xpath: //yt-multi-page-menu-section-renderer[@class='style-scope ytd-multi-page-menu-renderer']//yt-formatted-string[@id='label' and text()='தமிழ்']
18:38:33 [TestNG-test-Yt Master Tests-2] INFO  verifyingSideMenuCollapsedLangAsInSettings_18-33-22 - Clicking settings ellipses button...
18:38:33 [TestNG-test-Yt Master Tests-2] INFO  verifyingSideMenuCollapsedLangAsInSettings_18-33-22 - [verifyingSideMenuCollapsedLangAsInSettings_18-33-22] Trying to find element: By.xpath: //ytd-topbar-menu-button-renderer[@class='style-scope ytd-masthead style-default']
18:38:34 [TestNG-test-Yt Master Tests-2] INFO  verifyingSideMenuCollapsedLangAsInSettings_18-33-22 - [verifyingSideMenuCollapsedLangAsInSettings_18-33-22] Element found and ready (attempt 1): By.xpath: //ytd-topbar-menu-button-renderer[@class='style-scope ytd-masthead style-default']
18:38:35 [TestNG-test-Yt Master Tests-2] INFO  verifyingSideMenuCollapsedLangAsInSettings_18-33-22 - [verifyingSideMenuCollapsedLangAsInSettings_18-33-22] Waiting until element is visible in viewport
18:38:35 [TestNG-test-Yt Master Tests-2] INFO  verifyingSideMenuCollapsedLangAsInSettings_18-33-22 - Clicking settings ellipses button...
18:38:35 [TestNG-test-Yt Master Tests-2] INFO  verifyingSideMenuCollapsedLangAsInSettings_18-33-22 - [verifyingSideMenuCollapsedLangAsInSettings_18-33-22] Trying to find element: By.xpath: //ytd-topbar-menu-button-renderer[@class='style-scope ytd-masthead style-default']
18:38:35 [TestNG-test-Yt Master Tests-2] INFO  verifyingSideMenuCollapsedLangAsInSettings_18-33-22 - [verifyingSideMenuCollapsedLangAsInSettings_18-33-22] Element found and ready (attempt 1): By.xpath: //ytd-topbar-menu-button-renderer[@class='style-scope ytd-masthead style-default']
18:38:36 [TestNG-test-Yt Master Tests-2] INFO  verifyingSideMenuCollapsedLangAsInSettings_18-33-22 - getLangAttribute() - locating <html> and reading lang property
18:38:36 [TestNG-test-Yt Master Tests-2] INFO  verifyingSideMenuCollapsedLangAsInSettings_18-33-22 - Language attribute read: ta-IN
18:38:36 [TestNG-test-Yt Master Tests-2] INFO  verifyingSideMenuCollapsedLangAsInSettings_18-33-22 - Fetching the side menu in collapsed view
18:38:36 [TestNG-test-Yt Master Tests-2] INFO  verifyingSideMenuCollapsedLangAsInSettings_18-33-22 - [verifyingSideMenuCollapsedLangAsInSettings_18-33-22] Finding elements list: By.xpath: //ytd-mini-guide-renderer[@class='style-scope ytd-app']//ytd-mini-guide-entry-renderer
18:38:37 [TestNG-test-Yt Master Tests-2] INFO  verifyingSideMenuCollapsedLangAsInSettings_18-33-22 - [verifyingSideMenuCollapsedLangAsInSettings_18-33-22] Found 4 ready elements (attempt 1): By.xpath: //ytd-mini-guide-renderer[@class='style-scope ytd-app']//ytd-mini-guide-entry-renderer
18:38:37 [TestNG-test-Yt Master Tests-2] INFO  verifyingSideMenuCollapsedLangAsInSettings_18-33-22 - Clicking settings ellipses button...
18:38:37 [TestNG-test-Yt Master Tests-2] INFO  verifyingSideMenuCollapsedLangAsInSettings_18-33-22 - [verifyingSideMenuCollapsedLangAsInSettings_18-33-22] Trying to find element: By.xpath: //ytd-topbar-menu-button-renderer[@class='style-scope ytd-masthead style-default']
18:38:37 [TestNG-test-Yt Master Tests-2] INFO  verifyingSideMenuCollapsedLangAsInSettings_18-33-22 - [verifyingSideMenuCollapsedLangAsInSettings_18-33-22] Element found and ready (attempt 1): By.xpath: //ytd-topbar-menu-button-renderer[@class='style-scope ytd-masthead style-default']
18:38:37 [TestNG-test-Yt Master Tests-2] INFO  verifyingSideMenuCollapsedLangAsInSettings_18-33-22 - Clicking language dropdown...
18:38:37 [TestNG-test-Yt Master Tests-2] INFO  verifyingSideMenuCollapsedLangAsInSettings_18-33-22 - [verifyingSideMenuCollapsedLangAsInSettings_18-33-22] Trying to find element: By.xpath: (//div[@id='content-icon'])[2]
18:38:37 [TestNG-test-Yt Master Tests-2] INFO  verifyingSideMenuCollapsedLangAsInSettings_18-33-22 - [verifyingSideMenuCollapsedLangAsInSettings_18-33-22] Element found and ready (attempt 1): By.xpath: (//div[@id='content-icon'])[2]
18:38:38 [TestNG-test-Yt Master Tests-2] INFO  verifyingSideMenuCollapsedLangAsInSettings_18-33-22 - Looking for language element with name: తెలుగు
18:38:38 [TestNG-test-Yt Master Tests-2] INFO  verifyingSideMenuCollapsedLangAsInSettings_18-33-22 - [verifyingSideMenuCollapsedLangAsInSettings_18-33-22] Trying to find element: By.xpath: //yt-multi-page-menu-section-renderer[@class='style-scope ytd-multi-page-menu-renderer']//yt-formatted-string[@id='label' and text()='తెలుగు']
18:38:38 [TestNG-test-Yt Master Tests-2] INFO  verifyingSideMenuCollapsedLangAsInSettings_18-33-22 - [verifyingSideMenuCollapsedLangAsInSettings_18-33-22] Element found and ready (attempt 1): By.xpath: //yt-multi-page-menu-section-renderer[@class='style-scope ytd-multi-page-menu-renderer']//yt-formatted-string[@id='label' and text()='తెలుగు']
18:38:38 [TestNG-test-Yt Master Tests-2] INFO  verifyingSideMenuCollapsedLangAsInSettings_18-33-22 - [verifyingSideMenuCollapsedLangAsInSettings_18-33-22] Trying to find element: By.xpath: //yt-multi-page-menu-section-renderer[@class='style-scope ytd-multi-page-menu-renderer']//yt-formatted-string[@id='label' and text()='తెలుగు']
18:38:38 [TestNG-test-Yt Master Tests-2] INFO  verifyingSideMenuCollapsedLangAsInSettings_18-33-22 - [verifyingSideMenuCollapsedLangAsInSettings_18-33-22] Element found and ready (attempt 1): By.xpath: //yt-multi-page-menu-section-renderer[@class='style-scope ytd-multi-page-menu-renderer']//yt-formatted-string[@id='label' and text()='తెలుగు']
18:38:40 [TestNG-test-Yt Master Tests-2] INFO  verifyingSideMenuCollapsedLangAsInSettings_18-33-22 - Clicking settings ellipses button...
18:38:40 [TestNG-test-Yt Master Tests-2] INFO  verifyingSideMenuCollapsedLangAsInSettings_18-33-22 - [verifyingSideMenuCollapsedLangAsInSettings_18-33-22] Trying to find element: By.xpath: //ytd-topbar-menu-button-renderer[@class='style-scope ytd-masthead style-default']
18:38:40 [TestNG-test-Yt Master Tests-2] INFO  verifyingSideMenuCollapsedLangAsInSettings_18-33-22 - [verifyingSideMenuCollapsedLangAsInSettings_18-33-22] Element found and ready (attempt 1): By.xpath: //ytd-topbar-menu-button-renderer[@class='style-scope ytd-masthead style-default']
18:38:41 [TestNG-test-Yt Master Tests-2] INFO  verifyingSideMenuCollapsedLangAsInSettings_18-33-22 - [verifyingSideMenuCollapsedLangAsInSettings_18-33-22] Waiting until element is visible in viewport
18:38:41 [TestNG-test-Yt Master Tests-2] INFO  verifyingSideMenuCollapsedLangAsInSettings_18-33-22 - Clicking settings ellipses button...
18:38:42 [TestNG-test-Yt Master Tests-2] INFO  verifyingSideMenuCollapsedLangAsInSettings_18-33-22 - [verifyingSideMenuCollapsedLangAsInSettings_18-33-22] Trying to find element: By.xpath: //ytd-topbar-menu-button-renderer[@class='style-scope ytd-masthead style-default']
18:38:42 [TestNG-test-Yt Master Tests-2] INFO  verifyingSideMenuCollapsedLangAsInSettings_18-33-22 - [verifyingSideMenuCollapsedLangAsInSettings_18-33-22] Element found and ready (attempt 1): By.xpath: //ytd-topbar-menu-button-renderer[@class='style-scope ytd-masthead style-default']
18:38:42 [TestNG-test-Yt Master Tests-2] INFO  verifyingSideMenuCollapsedLangAsInSettings_18-33-22 - getLangAttribute() - locating <html> and reading lang property
18:38:42 [TestNG-test-Yt Master Tests-2] INFO  verifyingSideMenuCollapsedLangAsInSettings_18-33-22 - Language attribute read: te-IN
18:38:42 [TestNG-test-Yt Master Tests-2] INFO  verifyingSideMenuCollapsedLangAsInSettings_18-33-22 - Fetching the side menu in collapsed view
18:38:42 [TestNG-test-Yt Master Tests-2] INFO  verifyingSideMenuCollapsedLangAsInSettings_18-33-22 - [verifyingSideMenuCollapsedLangAsInSettings_18-33-22] Finding elements list: By.xpath: //ytd-mini-guide-renderer[@class='style-scope ytd-app']//ytd-mini-guide-entry-renderer
18:38:42 [TestNG-test-Yt Master Tests-2] INFO  verifyingSideMenuCollapsedLangAsInSettings_18-33-22 - [verifyingSideMenuCollapsedLangAsInSettings_18-33-22] Found 4 ready elements (attempt 1): By.xpath: //ytd-mini-guide-renderer[@class='style-scope ytd-app']//ytd-mini-guide-entry-renderer
18:38:42 [TestNG-test-Yt Master Tests-2] INFO  verifyingSideMenuCollapsedLangAsInSettings_18-33-22 - Clicking settings ellipses button...
18:38:42 [TestNG-test-Yt Master Tests-2] INFO  verifyingSideMenuCollapsedLangAsInSettings_18-33-22 - [verifyingSideMenuCollapsedLangAsInSettings_18-33-22] Trying to find element: By.xpath: //ytd-topbar-menu-button-renderer[@class='style-scope ytd-masthead style-default']
18:38:42 [TestNG-test-Yt Master Tests-2] INFO  verifyingSideMenuCollapsedLangAsInSettings_18-33-22 - [verifyingSideMenuCollapsedLangAsInSettings_18-33-22] Element found and ready (attempt 1): By.xpath: //ytd-topbar-menu-button-renderer[@class='style-scope ytd-masthead style-default']
18:38:42 [TestNG-test-Yt Master Tests-2] INFO  verifyingSideMenuCollapsedLangAsInSettings_18-33-22 - Clicking language dropdown...
18:38:42 [TestNG-test-Yt Master Tests-2] INFO  verifyingSideMenuCollapsedLangAsInSettings_18-33-22 - [verifyingSideMenuCollapsedLangAsInSettings_18-33-22] Trying to find element: By.xpath: (//div[@id='content-icon'])[2]
18:38:43 [TestNG-test-Yt Master Tests-2] INFO  verifyingSideMenuCollapsedLangAsInSettings_18-33-22 - [verifyingSideMenuCollapsedLangAsInSettings_18-33-22] Element found and ready (attempt 1): By.xpath: (//div[@id='content-icon'])[2]
18:38:44 [TestNG-test-Yt Master Tests-2] INFO  verifyingSideMenuCollapsedLangAsInSettings_18-33-22 - Looking for language element with name: 中文 (简体)
18:38:44 [TestNG-test-Yt Master Tests-2] INFO  verifyingSideMenuCollapsedLangAsInSettings_18-33-22 - [verifyingSideMenuCollapsedLangAsInSettings_18-33-22] Trying to find element: By.xpath: //yt-multi-page-menu-section-renderer[@class='style-scope ytd-multi-page-menu-renderer']//yt-formatted-string[@id='label' and text()='中文 (简体)']
18:38:44 [TestNG-test-Yt Master Tests-2] INFO  verifyingSideMenuCollapsedLangAsInSettings_18-33-22 - [verifyingSideMenuCollapsedLangAsInSettings_18-33-22] Element found and ready (attempt 1): By.xpath: //yt-multi-page-menu-section-renderer[@class='style-scope ytd-multi-page-menu-renderer']//yt-formatted-string[@id='label' and text()='中文 (简体)']
18:38:44 [TestNG-test-Yt Master Tests-2] INFO  verifyingSideMenuCollapsedLangAsInSettings_18-33-22 - [verifyingSideMenuCollapsedLangAsInSettings_18-33-22] Trying to find element: By.xpath: //yt-multi-page-menu-section-renderer[@class='style-scope ytd-multi-page-menu-renderer']//yt-formatted-string[@id='label' and text()='中文 (简体)']
18:38:44 [TestNG-test-Yt Master Tests-2] INFO  verifyingSideMenuCollapsedLangAsInSettings_18-33-22 - [verifyingSideMenuCollapsedLangAsInSettings_18-33-22] Element found and ready (attempt 1): By.xpath: //yt-multi-page-menu-section-renderer[@class='style-scope ytd-multi-page-menu-renderer']//yt-formatted-string[@id='label' and text()='中文 (简体)']
18:38:45 [TestNG-test-Yt Master Tests-2] INFO  verifyingSideMenuCollapsedLangAsInSettings_18-33-22 - Clicking settings ellipses button...
18:38:46 [TestNG-test-Yt Master Tests-2] INFO  verifyingSideMenuCollapsedLangAsInSettings_18-33-22 - [verifyingSideMenuCollapsedLangAsInSettings_18-33-22] Trying to find element: By.xpath: //ytd-topbar-menu-button-renderer[@class='style-scope ytd-masthead style-default']
18:38:46 [TestNG-test-Yt Master Tests-2] INFO  verifyingSideMenuCollapsedLangAsInSettings_18-33-22 - [verifyingSideMenuCollapsedLangAsInSettings_18-33-22] Element found and ready (attempt 1): By.xpath: //ytd-topbar-menu-button-renderer[@class='style-scope ytd-masthead style-default']
18:38:47 [TestNG-test-Yt Master Tests-2] INFO  verifyingSideMenuCollapsedLangAsInSettings_18-33-22 - [verifyingSideMenuCollapsedLangAsInSettings_18-33-22] Waiting until element is visible in viewport
18:38:47 [TestNG-test-Yt Master Tests-2] INFO  verifyingSideMenuCollapsedLangAsInSettings_18-33-22 - Clicking settings ellipses button...
18:38:47 [TestNG-test-Yt Master Tests-2] INFO  verifyingSideMenuCollapsedLangAsInSettings_18-33-22 - [verifyingSideMenuCollapsedLangAsInSettings_18-33-22] Trying to find element: By.xpath: //ytd-topbar-menu-button-renderer[@class='style-scope ytd-masthead style-default']
18:38:47 [TestNG-test-Yt Master Tests-2] INFO  verifyingSideMenuCollapsedLangAsInSettings_18-33-22 - [verifyingSideMenuCollapsedLangAsInSettings_18-33-22] Element found and ready (attempt 1): By.xpath: //ytd-topbar-menu-button-renderer[@class='style-scope ytd-masthead style-default']
18:38:48 [TestNG-test-Yt Master Tests-2] INFO  verifyingSideMenuCollapsedLangAsInSettings_18-33-22 - getLangAttribute() - locating <html> and reading lang property
18:38:48 [TestNG-test-Yt Master Tests-2] INFO  verifyingSideMenuCollapsedLangAsInSettings_18-33-22 - Language attribute read: zh-Hans-CN
18:38:48 [TestNG-test-Yt Master Tests-2] INFO  verifyingSideMenuCollapsedLangAsInSettings_18-33-22 - Fetching the side menu in collapsed view
18:38:48 [TestNG-test-Yt Master Tests-2] INFO  verifyingSideMenuCollapsedLangAsInSettings_18-33-22 - [verifyingSideMenuCollapsedLangAsInSettings_18-33-22] Finding elements list: By.xpath: //ytd-mini-guide-renderer[@class='style-scope ytd-app']//ytd-mini-guide-entry-renderer
18:38:48 [TestNG-test-Yt Master Tests-2] INFO  verifyingSideMenuCollapsedLangAsInSettings_18-33-22 - [verifyingSideMenuCollapsedLangAsInSettings_18-33-22] Found 4 ready elements (attempt 1): By.xpath: //ytd-mini-guide-renderer[@class='style-scope ytd-app']//ytd-mini-guide-entry-renderer
18:38:48 [TestNG-test-Yt Master Tests-2] INFO  verifyingSideMenuCollapsedLangAsInSettings_18-33-22 - Clicking settings ellipses button...
18:38:49 [TestNG-test-Yt Master Tests-2] INFO  verifyingSideMenuCollapsedLangAsInSettings_18-33-22 - [verifyingSideMenuCollapsedLangAsInSettings_18-33-22] Trying to find element: By.xpath: //ytd-topbar-menu-button-renderer[@class='style-scope ytd-masthead style-default']
18:38:49 [TestNG-test-Yt Master Tests-2] INFO  verifyingSideMenuCollapsedLangAsInSettings_18-33-22 - [verifyingSideMenuCollapsedLangAsInSettings_18-33-22] Element found and ready (attempt 1): By.xpath: //ytd-topbar-menu-button-renderer[@class='style-scope ytd-masthead style-default']
18:38:49 [TestNG-test-Yt Master Tests-2] INFO  verifyingSideMenuCollapsedLangAsInSettings_18-33-22 - Clicking language dropdown...
18:38:49 [TestNG-test-Yt Master Tests-2] INFO  verifyingSideMenuCollapsedLangAsInSettings_18-33-22 - [verifyingSideMenuCollapsedLangAsInSettings_18-33-22] Trying to find element: By.xpath: (//div[@id='content-icon'])[2]
18:38:49 [TestNG-test-Yt Master Tests-2] INFO  verifyingSideMenuCollapsedLangAsInSettings_18-33-22 - [verifyingSideMenuCollapsedLangAsInSettings_18-33-22] Element found and ready (attempt 1): By.xpath: (//div[@id='content-icon'])[2]
18:38:50 [TestNG-test-Yt Master Tests-2] INFO  verifyingSideMenuCollapsedLangAsInSettings_18-33-22 - Looking for language element with name: 中文 (繁體)
18:38:50 [TestNG-test-Yt Master Tests-2] INFO  verifyingSideMenuCollapsedLangAsInSettings_18-33-22 - [verifyingSideMenuCollapsedLangAsInSettings_18-33-22] Trying to find element: By.xpath: //yt-multi-page-menu-section-renderer[@class='style-scope ytd-multi-page-menu-renderer']//yt-formatted-string[@id='label' and text()='中文 (繁體)']
18:38:50 [TestNG-test-Yt Master Tests-2] INFO  verifyingSideMenuCollapsedLangAsInSettings_18-33-22 - [verifyingSideMenuCollapsedLangAsInSettings_18-33-22] Element found and ready (attempt 1): By.xpath: //yt-multi-page-menu-section-renderer[@class='style-scope ytd-multi-page-menu-renderer']//yt-formatted-string[@id='label' and text()='中文 (繁體)']
18:38:50 [TestNG-test-Yt Master Tests-2] INFO  verifyingSideMenuCollapsedLangAsInSettings_18-33-22 - [verifyingSideMenuCollapsedLangAsInSettings_18-33-22] Trying to find element: By.xpath: //yt-multi-page-menu-section-renderer[@class='style-scope ytd-multi-page-menu-renderer']//yt-formatted-string[@id='label' and text()='中文 (繁體)']
18:38:50 [TestNG-test-Yt Master Tests-2] INFO  verifyingSideMenuCollapsedLangAsInSettings_18-33-22 - [verifyingSideMenuCollapsedLangAsInSettings_18-33-22] Element found and ready (attempt 1): By.xpath: //yt-multi-page-menu-section-renderer[@class='style-scope ytd-multi-page-menu-renderer']//yt-formatted-string[@id='label' and text()='中文 (繁體)']
18:38:53 [TestNG-test-Yt Master Tests-2] INFO  verifyingSideMenuCollapsedLangAsInSettings_18-33-22 - Clicking settings ellipses button...
18:38:53 [TestNG-test-Yt Master Tests-2] INFO  verifyingSideMenuCollapsedLangAsInSettings_18-33-22 - [verifyingSideMenuCollapsedLangAsInSettings_18-33-22] Trying to find element: By.xpath: //ytd-topbar-menu-button-renderer[@class='style-scope ytd-masthead style-default']
18:38:53 [TestNG-test-Yt Master Tests-2] INFO  verifyingSideMenuCollapsedLangAsInSettings_18-33-22 - [verifyingSideMenuCollapsedLangAsInSettings_18-33-22] Element found and ready (attempt 1): By.xpath: //ytd-topbar-menu-button-renderer[@class='style-scope ytd-masthead style-default']
18:38:54 [TestNG-test-Yt Master Tests-2] INFO  verifyingSideMenuCollapsedLangAsInSettings_18-33-22 - [verifyingSideMenuCollapsedLangAsInSettings_18-33-22] Waiting until element is visible in viewport
18:38:55 [TestNG-test-Yt Master Tests-2] INFO  verifyingSideMenuCollapsedLangAsInSettings_18-33-22 - Clicking settings ellipses button...
18:38:55 [TestNG-test-Yt Master Tests-2] INFO  verifyingSideMenuCollapsedLangAsInSettings_18-33-22 - [verifyingSideMenuCollapsedLangAsInSettings_18-33-22] Trying to find element: By.xpath: //ytd-topbar-menu-button-renderer[@class='style-scope ytd-masthead style-default']
18:38:55 [TestNG-test-Yt Master Tests-2] INFO  verifyingSideMenuCollapsedLangAsInSettings_18-33-22 - [verifyingSideMenuCollapsedLangAsInSettings_18-33-22] Element found and ready (attempt 1): By.xpath: //ytd-topbar-menu-button-renderer[@class='style-scope ytd-masthead style-default']
18:38:55 [TestNG-test-Yt Master Tests-2] INFO  verifyingSideMenuCollapsedLangAsInSettings_18-33-22 - getLangAttribute() - locating <html> and reading lang property
18:38:55 [TestNG-test-Yt Master Tests-2] INFO  verifyingSideMenuCollapsedLangAsInSettings_18-33-22 - Language attribute read: zh-Hant-TW
18:38:55 [TestNG-test-Yt Master Tests-2] INFO  verifyingSideMenuCollapsedLangAsInSettings_18-33-22 - Fetching the side menu in collapsed view
18:38:55 [TestNG-test-Yt Master Tests-2] INFO  verifyingSideMenuCollapsedLangAsInSettings_18-33-22 - [verifyingSideMenuCollapsedLangAsInSettings_18-33-22] Finding elements list: By.xpath: //ytd-mini-guide-renderer[@class='style-scope ytd-app']//ytd-mini-guide-entry-renderer
18:38:55 [TestNG-test-Yt Master Tests-2] INFO  verifyingSideMenuCollapsedLangAsInSettings_18-33-22 - [verifyingSideMenuCollapsedLangAsInSettings_18-33-22] Found 4 ready elements (attempt 1): By.xpath: //ytd-mini-guide-renderer[@class='style-scope ytd-app']//ytd-mini-guide-entry-renderer
18:38:55 [TestNG-test-Yt Master Tests-2] INFO  verifyingSideMenuCollapsedLangAsInSettings_18-33-22 - Clicking settings ellipses button...
18:38:55 [TestNG-test-Yt Master Tests-2] INFO  verifyingSideMenuCollapsedLangAsInSettings_18-33-22 - [verifyingSideMenuCollapsedLangAsInSettings_18-33-22] Trying to find element: By.xpath: //ytd-topbar-menu-button-renderer[@class='style-scope ytd-masthead style-default']
18:38:55 [TestNG-test-Yt Master Tests-2] INFO  verifyingSideMenuCollapsedLangAsInSettings_18-33-22 - [verifyingSideMenuCollapsedLangAsInSettings_18-33-22] Element found and ready (attempt 1): By.xpath: //ytd-topbar-menu-button-renderer[@class='style-scope ytd-masthead style-default']
18:38:55 [TestNG-test-Yt Master Tests-2] INFO  verifyingSideMenuCollapsedLangAsInSettings_18-33-22 - Clicking language dropdown...
18:38:55 [TestNG-test-Yt Master Tests-2] INFO  verifyingSideMenuCollapsedLangAsInSettings_18-33-22 - [verifyingSideMenuCollapsedLangAsInSettings_18-33-22] Trying to find element: By.xpath: (//div[@id='content-icon'])[2]
18:38:56 [TestNG-test-Yt Master Tests-2] INFO  verifyingSideMenuCollapsedLangAsInSettings_18-33-22 - [verifyingSideMenuCollapsedLangAsInSettings_18-33-22] Element found and ready (attempt 1): By.xpath: (//div[@id='content-icon'])[2]
18:38:56 [TestNG-test-Yt Master Tests-2] INFO  verifyingSideMenuCollapsedLangAsInSettings_18-33-22 - Looking for language element with name: 中文 (香港)
18:38:56 [TestNG-test-Yt Master Tests-2] INFO  verifyingSideMenuCollapsedLangAsInSettings_18-33-22 - [verifyingSideMenuCollapsedLangAsInSettings_18-33-22] Trying to find element: By.xpath: //yt-multi-page-menu-section-renderer[@class='style-scope ytd-multi-page-menu-renderer']//yt-formatted-string[@id='label' and text()='中文 (香港)']
18:38:57 [TestNG-test-Yt Master Tests-2] INFO  verifyingSideMenuCollapsedLangAsInSettings_18-33-22 - [verifyingSideMenuCollapsedLangAsInSettings_18-33-22] Element found and ready (attempt 1): By.xpath: //yt-multi-page-menu-section-renderer[@class='style-scope ytd-multi-page-menu-renderer']//yt-formatted-string[@id='label' and text()='中文 (香港)']
18:38:57 [TestNG-test-Yt Master Tests-2] INFO  verifyingSideMenuCollapsedLangAsInSettings_18-33-22 - [verifyingSideMenuCollapsedLangAsInSettings_18-33-22] Trying to find element: By.xpath: //yt-multi-page-menu-section-renderer[@class='style-scope ytd-multi-page-menu-renderer']//yt-formatted-string[@id='label' and text()='中文 (香港)']
18:38:57 [TestNG-test-Yt Master Tests-2] INFO  verifyingSideMenuCollapsedLangAsInSettings_18-33-22 - [verifyingSideMenuCollapsedLangAsInSettings_18-33-22] Element found and ready (attempt 1): By.xpath: //yt-multi-page-menu-section-renderer[@class='style-scope ytd-multi-page-menu-renderer']//yt-formatted-string[@id='label' and text()='中文 (香港)']
18:38:59 [TestNG-test-Yt Master Tests-2] INFO  verifyingSideMenuCollapsedLangAsInSettings_18-33-22 - Clicking settings ellipses button...
18:39:00 [TestNG-test-Yt Master Tests-2] INFO  verifyingSideMenuCollapsedLangAsInSettings_18-33-22 - [verifyingSideMenuCollapsedLangAsInSettings_18-33-22] Trying to find element: By.xpath: //ytd-topbar-menu-button-renderer[@class='style-scope ytd-masthead style-default']
18:39:00 [TestNG-test-Yt Master Tests-2] INFO  verifyingSideMenuCollapsedLangAsInSettings_18-33-22 - [verifyingSideMenuCollapsedLangAsInSettings_18-33-22] Element found and ready (attempt 1): By.xpath: //ytd-topbar-menu-button-renderer[@class='style-scope ytd-masthead style-default']
18:39:00 [TestNG-test-Yt Master Tests-2] INFO  verifyingSideMenuCollapsedLangAsInSettings_18-33-22 - [verifyingSideMenuCollapsedLangAsInSettings_18-33-22] Waiting until element is visible in viewport
18:39:01 [TestNG-test-Yt Master Tests-2] INFO  verifyingSideMenuCollapsedLangAsInSettings_18-33-22 - Clicking settings ellipses button...
18:39:01 [TestNG-test-Yt Master Tests-2] INFO  verifyingSideMenuCollapsedLangAsInSettings_18-33-22 - [verifyingSideMenuCollapsedLangAsInSettings_18-33-22] Trying to find element: By.xpath: //ytd-topbar-menu-button-renderer[@class='style-scope ytd-masthead style-default']
18:39:01 [TestNG-test-Yt Master Tests-2] INFO  verifyingSideMenuCollapsedLangAsInSettings_18-33-22 - [verifyingSideMenuCollapsedLangAsInSettings_18-33-22] Element found and ready (attempt 1): By.xpath: //ytd-topbar-menu-button-renderer[@class='style-scope ytd-masthead style-default']
18:39:01 [TestNG-test-Yt Master Tests-2] INFO  verifyingSideMenuCollapsedLangAsInSettings_18-33-22 - getLangAttribute() - locating <html> and reading lang property
18:39:01 [TestNG-test-Yt Master Tests-2] INFO  verifyingSideMenuCollapsedLangAsInSettings_18-33-22 - Language attribute read: zh-Hant-HK
18:39:01 [TestNG-test-Yt Master Tests-2] INFO  verifyingSideMenuCollapsedLangAsInSettings_18-33-22 - Fetching the side menu in collapsed view
18:39:01 [TestNG-test-Yt Master Tests-2] INFO  verifyingSideMenuCollapsedLangAsInSettings_18-33-22 - [verifyingSideMenuCollapsedLangAsInSettings_18-33-22] Finding elements list: By.xpath: //ytd-mini-guide-renderer[@class='style-scope ytd-app']//ytd-mini-guide-entry-renderer
18:39:02 [TestNG-test-Yt Master Tests-2] INFO  verifyingSideMenuCollapsedLangAsInSettings_18-33-22 - [verifyingSideMenuCollapsedLangAsInSettings_18-33-22] Found 4 ready elements (attempt 1): By.xpath: //ytd-mini-guide-renderer[@class='style-scope ytd-app']//ytd-mini-guide-entry-renderer
18:39:02 [TestNG-test-Yt Master Tests-2] INFO  verifyingSideMenuCollapsedLangAsInSettings_18-33-22 - Clicking settings ellipses button...
18:39:02 [TestNG-test-Yt Master Tests-2] INFO  verifyingSideMenuCollapsedLangAsInSettings_18-33-22 - [verifyingSideMenuCollapsedLangAsInSettings_18-33-22] Trying to find element: By.xpath: //ytd-topbar-menu-button-renderer[@class='style-scope ytd-masthead style-default']
18:39:02 [TestNG-test-Yt Master Tests-2] INFO  verifyingSideMenuCollapsedLangAsInSettings_18-33-22 - [verifyingSideMenuCollapsedLangAsInSettings_18-33-22] Element found and ready (attempt 1): By.xpath: //ytd-topbar-menu-button-renderer[@class='style-scope ytd-masthead style-default']
18:39:02 [TestNG-test-Yt Master Tests-2] INFO  verifyingSideMenuCollapsedLangAsInSettings_18-33-22 - Clicking language dropdown...
18:39:02 [TestNG-test-Yt Master Tests-2] INFO  verifyingSideMenuCollapsedLangAsInSettings_18-33-22 - [verifyingSideMenuCollapsedLangAsInSettings_18-33-22] Trying to find element: By.xpath: (//div[@id='content-icon'])[2]
18:39:03 [TestNG-test-Yt Master Tests-2] INFO  verifyingSideMenuCollapsedLangAsInSettings_18-33-22 - [verifyingSideMenuCollapsedLangAsInSettings_18-33-22] Element found and ready (attempt 1): By.xpath: (//div[@id='content-icon'])[2]
18:39:03 [TestNG-test-Yt Master Tests-2] INFO  verifyingSideMenuCollapsedLangAsInSettings_18-33-22 - Looking for language element with name: 日本語
18:39:03 [TestNG-test-Yt Master Tests-2] INFO  verifyingSideMenuCollapsedLangAsInSettings_18-33-22 - [verifyingSideMenuCollapsedLangAsInSettings_18-33-22] Trying to find element: By.xpath: //yt-multi-page-menu-section-renderer[@class='style-scope ytd-multi-page-menu-renderer']//yt-formatted-string[@id='label' and text()='日本語']
18:39:03 [TestNG-test-Yt Master Tests-2] INFO  verifyingSideMenuCollapsedLangAsInSettings_18-33-22 - [verifyingSideMenuCollapsedLangAsInSettings_18-33-22] Element found and ready (attempt 1): By.xpath: //yt-multi-page-menu-section-renderer[@class='style-scope ytd-multi-page-menu-renderer']//yt-formatted-string[@id='label' and text()='日本語']
18:39:03 [TestNG-test-Yt Master Tests-2] INFO  verifyingSideMenuCollapsedLangAsInSettings_18-33-22 - [verifyingSideMenuCollapsedLangAsInSettings_18-33-22] Trying to find element: By.xpath: //yt-multi-page-menu-section-renderer[@class='style-scope ytd-multi-page-menu-renderer']//yt-formatted-string[@id='label' and text()='日本語']
18:39:03 [TestNG-test-Yt Master Tests-2] INFO  verifyingSideMenuCollapsedLangAsInSettings_18-33-22 - [verifyingSideMenuCollapsedLangAsInSettings_18-33-22] Element found and ready (attempt 1): By.xpath: //yt-multi-page-menu-section-renderer[@class='style-scope ytd-multi-page-menu-renderer']//yt-formatted-string[@id='label' and text()='日本語']
18:39:07 [TestNG-test-Yt Master Tests-2] INFO  verifyingSideMenuCollapsedLangAsInSettings_18-33-22 - Clicking settings ellipses button...
18:39:07 [TestNG-test-Yt Master Tests-2] INFO  verifyingSideMenuCollapsedLangAsInSettings_18-33-22 - [verifyingSideMenuCollapsedLangAsInSettings_18-33-22] Trying to find element: By.xpath: //ytd-topbar-menu-button-renderer[@class='style-scope ytd-masthead style-default']
18:39:07 [TestNG-test-Yt Master Tests-2] INFO  verifyingSideMenuCollapsedLangAsInSettings_18-33-22 - [verifyingSideMenuCollapsedLangAsInSettings_18-33-22] Element found and ready (attempt 1): By.xpath: //ytd-topbar-menu-button-renderer[@class='style-scope ytd-masthead style-default']
18:39:07 [TestNG-test-Yt Master Tests-2] INFO  verifyingSideMenuCollapsedLangAsInSettings_18-33-22 - [verifyingSideMenuCollapsedLangAsInSettings_18-33-22] Waiting until element is visible in viewport
18:39:08 [TestNG-test-Yt Master Tests-2] INFO  verifyingSideMenuCollapsedLangAsInSettings_18-33-22 - Clicking settings ellipses button...
18:39:08 [TestNG-test-Yt Master Tests-2] INFO  verifyingSideMenuCollapsedLangAsInSettings_18-33-22 - [verifyingSideMenuCollapsedLangAsInSettings_18-33-22] Trying to find element: By.xpath: //ytd-topbar-menu-button-renderer[@class='style-scope ytd-masthead style-default']
18:39:08 [TestNG-test-Yt Master Tests-2] INFO  verifyingSideMenuCollapsedLangAsInSettings_18-33-22 - [verifyingSideMenuCollapsedLangAsInSettings_18-33-22] Element found and ready (attempt 1): By.xpath: //ytd-topbar-menu-button-renderer[@class='style-scope ytd-masthead style-default']
18:39:08 [TestNG-test-Yt Master Tests-2] INFO  verifyingSideMenuCollapsedLangAsInSettings_18-33-22 - getLangAttribute() - locating <html> and reading lang property
18:39:08 [TestNG-test-Yt Master Tests-2] INFO  verifyingSideMenuCollapsedLangAsInSettings_18-33-22 - Language attribute read: ja-JP
18:39:08 [TestNG-test-Yt Master Tests-2] INFO  verifyingSideMenuCollapsedLangAsInSettings_18-33-22 - Fetching the side menu in collapsed view
18:39:08 [TestNG-test-Yt Master Tests-2] INFO  verifyingSideMenuCollapsedLangAsInSettings_18-33-22 - [verifyingSideMenuCollapsedLangAsInSettings_18-33-22] Finding elements list: By.xpath: //ytd-mini-guide-renderer[@class='style-scope ytd-app']//ytd-mini-guide-entry-renderer
18:39:08 [TestNG-test-Yt Master Tests-2] INFO  verifyingSideMenuCollapsedLangAsInSettings_18-33-22 - [verifyingSideMenuCollapsedLangAsInSettings_18-33-22] Found 4 ready elements (attempt 1): By.xpath: //ytd-mini-guide-renderer[@class='style-scope ytd-app']//ytd-mini-guide-entry-renderer
18:39:09 [TestNG-test-Yt Master Tests-2] INFO  verifyingSideMenuCollapsedLangAsInSettings_18-33-22 - Clicking settings ellipses button...
18:39:09 [TestNG-test-Yt Master Tests-2] INFO  verifyingSideMenuCollapsedLangAsInSettings_18-33-22 - [verifyingSideMenuCollapsedLangAsInSettings_18-33-22] Trying to find element: By.xpath: //ytd-topbar-menu-button-renderer[@class='style-scope ytd-masthead style-default']
18:39:09 [TestNG-test-Yt Master Tests-2] INFO  verifyingSideMenuCollapsedLangAsInSettings_18-33-22 - [verifyingSideMenuCollapsedLangAsInSettings_18-33-22] Element found and ready (attempt 1): By.xpath: //ytd-topbar-menu-button-renderer[@class='style-scope ytd-masthead style-default']
18:39:10 [TestNG-test-Yt Master Tests-2] INFO  verifyingSideMenuCollapsedLangAsInSettings_18-33-22 - Clicking language dropdown...
18:39:10 [TestNG-test-Yt Master Tests-2] INFO  verifyingSideMenuCollapsedLangAsInSettings_18-33-22 - [verifyingSideMenuCollapsedLangAsInSettings_18-33-22] Trying to find element: By.xpath: (//div[@id='content-icon'])[2]
18:39:10 [TestNG-test-Yt Master Tests-2] INFO  verifyingSideMenuCollapsedLangAsInSettings_18-33-22 - [verifyingSideMenuCollapsedLangAsInSettings_18-33-22] Element found and ready (attempt 1): By.xpath: (//div[@id='content-icon'])[2]
18:39:11 [TestNG-test-Yt Master Tests-2] INFO  verifyingSideMenuCollapsedLangAsInSettings_18-33-22 - Looking for language element with name: 한국어
18:39:11 [TestNG-test-Yt Master Tests-2] INFO  verifyingSideMenuCollapsedLangAsInSettings_18-33-22 - [verifyingSideMenuCollapsedLangAsInSettings_18-33-22] Trying to find element: By.xpath: //yt-multi-page-menu-section-renderer[@class='style-scope ytd-multi-page-menu-renderer']//yt-formatted-string[@id='label' and text()='한국어']
18:39:11 [TestNG-test-Yt Master Tests-2] INFO  verifyingSideMenuCollapsedLangAsInSettings_18-33-22 - [verifyingSideMenuCollapsedLangAsInSettings_18-33-22] Element found and ready (attempt 1): By.xpath: //yt-multi-page-menu-section-renderer[@class='style-scope ytd-multi-page-menu-renderer']//yt-formatted-string[@id='label' and text()='한국어']
18:39:11 [TestNG-test-Yt Master Tests-2] INFO  verifyingSideMenuCollapsedLangAsInSettings_18-33-22 - [verifyingSideMenuCollapsedLangAsInSettings_18-33-22] Trying to find element: By.xpath: //yt-multi-page-menu-section-renderer[@class='style-scope ytd-multi-page-menu-renderer']//yt-formatted-string[@id='label' and text()='한국어']
18:39:11 [TestNG-test-Yt Master Tests-2] INFO  verifyingSideMenuCollapsedLangAsInSettings_18-33-22 - [verifyingSideMenuCollapsedLangAsInSettings_18-33-22] Element found and ready (attempt 1): By.xpath: //yt-multi-page-menu-section-renderer[@class='style-scope ytd-multi-page-menu-renderer']//yt-formatted-string[@id='label' and text()='한국어']
18:39:13 [TestNG-test-Yt Master Tests-2] INFO  verifyingSideMenuCollapsedLangAsInSettings_18-33-22 - Clicking settings ellipses button...
18:39:13 [TestNG-test-Yt Master Tests-2] INFO  verifyingSideMenuCollapsedLangAsInSettings_18-33-22 - [verifyingSideMenuCollapsedLangAsInSettings_18-33-22] Trying to find element: By.xpath: //ytd-topbar-menu-button-renderer[@class='style-scope ytd-masthead style-default']
18:39:14 [TestNG-test-Yt Master Tests-2] INFO  verifyingSideMenuCollapsedLangAsInSettings_18-33-22 - [verifyingSideMenuCollapsedLangAsInSettings_18-33-22] Element found and ready (attempt 1): By.xpath: //ytd-topbar-menu-button-renderer[@class='style-scope ytd-masthead style-default']
18:39:14 [TestNG-test-Yt Master Tests-2] INFO  verifyingSideMenuCollapsedLangAsInSettings_18-33-22 - [verifyingSideMenuCollapsedLangAsInSettings_18-33-22] Waiting until element is visible in viewport
18:39:15 [TestNG-test-Yt Master Tests-2] INFO  verifyingSideMenuCollapsedLangAsInSettings_18-33-22 - Clicking settings ellipses button...
18:39:15 [TestNG-test-Yt Master Tests-2] INFO  verifyingSideMenuCollapsedLangAsInSettings_18-33-22 - [verifyingSideMenuCollapsedLangAsInSettings_18-33-22] Trying to find element: By.xpath: //ytd-topbar-menu-button-renderer[@class='style-scope ytd-masthead style-default']
18:39:15 [TestNG-test-Yt Master Tests-2] INFO  verifyingSideMenuCollapsedLangAsInSettings_18-33-22 - [verifyingSideMenuCollapsedLangAsInSettings_18-33-22] Element found and ready (attempt 1): By.xpath: //ytd-topbar-menu-button-renderer[@class='style-scope ytd-masthead style-default']
18:39:15 [TestNG-test-Yt Master Tests-2] INFO  verifyingSideMenuCollapsedLangAsInSettings_18-33-22 - getLangAttribute() - locating <html> and reading lang property
18:39:15 [TestNG-test-Yt Master Tests-2] INFO  verifyingSideMenuCollapsedLangAsInSettings_18-33-22 - Language attribute read: ko-KR
18:39:15 [TestNG-test-Yt Master Tests-2] INFO  verifyingSideMenuCollapsedLangAsInSettings_18-33-22 - Fetching the side menu in collapsed view
18:39:15 [TestNG-test-Yt Master Tests-2] INFO  verifyingSideMenuCollapsedLangAsInSettings_18-33-22 - [verifyingSideMenuCollapsedLangAsInSettings_18-33-22] Finding elements list: By.xpath: //ytd-mini-guide-renderer[@class='style-scope ytd-app']//ytd-mini-guide-entry-renderer
18:39:15 [TestNG-test-Yt Master Tests-2] INFO  verifyingSideMenuCollapsedLangAsInSettings_18-33-22 - [verifyingSideMenuCollapsedLangAsInSettings_18-33-22] Found 4 ready elements (attempt 1): By.xpath: //ytd-mini-guide-renderer[@class='style-scope ytd-app']//ytd-mini-guide-entry-renderer
18:39:15 [TestNG-test-Yt Master Tests-2] INFO  verifyingSideMenuCollapsedLangAsInSettings_18-33-22 - Clicking settings ellipses button...
18:39:15 [TestNG-test-Yt Master Tests-2] INFO  verifyingSideMenuCollapsedLangAsInSettings_18-33-22 - [verifyingSideMenuCollapsedLangAsInSettings_18-33-22] Trying to find element: By.xpath: //ytd-topbar-menu-button-renderer[@class='style-scope ytd-masthead style-default']
18:39:15 [TestNG-test-Yt Master Tests-2] INFO  verifyingSideMenuCollapsedLangAsInSettings_18-33-22 - [verifyingSideMenuCollapsedLangAsInSettings_18-33-22] Element found and ready (attempt 1): By.xpath: //ytd-topbar-menu-button-renderer[@class='style-scope ytd-masthead style-default']
18:39:16 [TestNG-test-Yt Master Tests-2] INFO  verifyingSideMenuCollapsedLangAsInSettings_18-33-22 - Clicking language dropdown...
18:39:16 [TestNG-test-Yt Master Tests-2] INFO  verifyingSideMenuCollapsedLangAsInSettings_18-33-22 - [verifyingSideMenuCollapsedLangAsInSettings_18-33-22] Trying to find element: By.xpath: (//div[@id='content-icon'])[2]
18:39:16 [TestNG-test-Yt Master Tests-2] INFO  verifyingSideMenuCollapsedLangAsInSettings_18-33-22 - [verifyingSideMenuCollapsedLangAsInSettings_18-33-22] Element found and ready (attempt 1): By.xpath: (//div[@id='content-icon'])[2]
18:39:17 [TestNG-test-Yt Master Tests-2] INFO  verifyingSideMenuCollapsedLangAsInSettings_18-33-22 - [verifyingSideMenuCollapsedLangAsInSettings_18-33-22] Not retrying test 'verifyingSideMenuCollapsedLangAsInSettings'. Retry count: 0, Cause: The following asserts failed:
	Mismatch in the Actual and Expected data for language=Català expected [Inici YouTube Shorts Subscripcions Tu] but found [Inici Shorts Subscripcions Tu]
