22:21:21 [TestNG-test-Yt Master Tests-2] INFO  verifyingSideMenuCollapsedLangAsInSettingsLingua_22-21-21 - No existing WebDriver found for current thread. Initializing a new ChromeDriver...
22:21:21 [TestNG-test-Yt Master Tests-2] INFO  verifyingSideMenuCollapsedLangAsInSettingsLingua_22-21-21 - WebDriverManager: chromedriver setup OK
22:21:23 [TestNG-test-Yt Master Tests-2] INFO  verifyingSideMenuCollapsedLangAsInSettingsLingua_22-21-21 - ChromeDriver initialized successfully for thread: 35
22:21:23 [TestNG-test-Yt Master Tests-2] INFO  verifyingSideMenuCollapsedLangAsInSettingsLingua_22-21-21 - SafeActions initialized with driver ChromeDriver: chrome on windows (f5b0c124434ceaf5637b9855fc60f887)
22:21:23 [TestNG-test-Yt Master Tests-2] INFO  verifyingSideMenuCollapsedLangAsInSettingsLingua_22-21-21 - Initialized YtLandingPage with driver: ChromeDriver: chrome on windows (f5b0c124434ceaf5637b9855fc60f887)
22:21:23 [TestNG-test-Yt Master Tests-2] INFO  verifyingSideMenuCollapsedLangAsInSettingsLingua_22-21-21 - SafeActions initialized with driver ChromeDriver: chrome on windows (f5b0c124434ceaf5637b9855fc60f887)
22:21:26 [TestNG-test-Yt Master Tests-2] INFO  verifyingSideMenuCollapsedLangAsInSettingsLingua_22-21-21 - Opened YouTube landing page.
22:21:26 [TestNG-test-Yt Master Tests-2] INFO  verifyingSideMenuCollapsedLangAsInSettingsLingua_22-21-21 - Clicking left ellipses in the landing page
22:21:26 [TestNG-test-Yt Master Tests-2] INFO  verifyingSideMenuCollapsedLangAsInSettingsLingua_22-21-21 - [verifyingSideMenuCollapsedLangAsInSettingsLingua_22-21-21] Trying to find element: By.xpath: //ytd-topbar-logo-renderer[@id='logo']/preceding-sibling::*[@id='guide-button']
22:21:27 [TestNG-test-Yt Master Tests-2] INFO  verifyingSideMenuCollapsedLangAsInSettingsLingua_22-21-21 - [verifyingSideMenuCollapsedLangAsInSettingsLingua_22-21-21] Element found and ready (attempt 1): By.xpath: //ytd-topbar-logo-renderer[@id='logo']/preceding-sibling::*[@id='guide-button']
22:21:28 [TestNG-test-Yt Master Tests-2] INFO  verifyingSideMenuCollapsedLangAsInSettingsLingua_22-21-21 - Clicking settings ellipses button...
22:21:28 [TestNG-test-Yt Master Tests-2] INFO  verifyingSideMenuCollapsedLangAsInSettingsLingua_22-21-21 - [verifyingSideMenuCollapsedLangAsInSettingsLingua_22-21-21] Trying to find element: By.xpath: //ytd-topbar-menu-button-renderer[@class='style-scope ytd-masthead style-default']
22:21:28 [TestNG-test-Yt Master Tests-2] INFO  verifyingSideMenuCollapsedLangAsInSettingsLingua_22-21-21 - [verifyingSideMenuCollapsedLangAsInSettingsLingua_22-21-21] Element found and ready (attempt 1): By.xpath: //ytd-topbar-menu-button-renderer[@class='style-scope ytd-masthead style-default']
22:21:29 [TestNG-test-Yt Master Tests-2] INFO  verifyingSideMenuCollapsedLangAsInSettingsLingua_22-21-21 - Clicking language dropdown...
22:21:29 [TestNG-test-Yt Master Tests-2] INFO  verifyingSideMenuCollapsedLangAsInSettingsLingua_22-21-21 - [verifyingSideMenuCollapsedLangAsInSettingsLingua_22-21-21] Trying to find element: By.xpath: (//div[@id='content-icon'])[2]
22:21:29 [TestNG-test-Yt Master Tests-2] INFO  verifyingSideMenuCollapsedLangAsInSettingsLingua_22-21-21 - [verifyingSideMenuCollapsedLangAsInSettingsLingua_22-21-21] Element found and ready (attempt 1): By.xpath: (//div[@id='content-icon'])[2]
22:21:30 [TestNG-test-Yt Master Tests-2] INFO  verifyingSideMenuCollapsedLangAsInSettingsLingua_22-21-21 - [verifyingSideMenuCollapsedLangAsInSettingsLingua_22-21-21] Execution is scheduled type /CRON Job on CI Hence refering to CI keys from UtilData
22:21:30 [TestNG-test-Yt Master Tests-2] INFO  verifyingSideMenuCollapsedLangAsInSettingsLingua_22-21-21 - Looking for language element with name: Afrikaans
22:21:30 [TestNG-test-Yt Master Tests-2] INFO  verifyingSideMenuCollapsedLangAsInSettingsLingua_22-21-21 - [verifyingSideMenuCollapsedLangAsInSettingsLingua_22-21-21] Trying to find element: By.xpath: //yt-multi-page-menu-section-renderer[@class='style-scope ytd-multi-page-menu-renderer']//yt-formatted-string[@id='label' and text()='Afrikaans']
22:21:30 [TestNG-test-Yt Master Tests-2] INFO  verifyingSideMenuCollapsedLangAsInSettingsLingua_22-21-21 - [verifyingSideMenuCollapsedLangAsInSettingsLingua_22-21-21] Element found and ready (attempt 1): By.xpath: //yt-multi-page-menu-section-renderer[@class='style-scope ytd-multi-page-menu-renderer']//yt-formatted-string[@id='label' and text()='Afrikaans']
22:21:30 [TestNG-test-Yt Master Tests-2] INFO  verifyingSideMenuCollapsedLangAsInSettingsLingua_22-21-21 - [verifyingSideMenuCollapsedLangAsInSettingsLingua_22-21-21] Trying to find element: By.xpath: //yt-multi-page-menu-section-renderer[@class='style-scope ytd-multi-page-menu-renderer']//yt-formatted-string[@id='label' and text()='Afrikaans']
22:21:30 [TestNG-test-Yt Master Tests-2] INFO  verifyingSideMenuCollapsedLangAsInSettingsLingua_22-21-21 - [verifyingSideMenuCollapsedLangAsInSettingsLingua_22-21-21] Element found and ready (attempt 1): By.xpath: //yt-multi-page-menu-section-renderer[@class='style-scope ytd-multi-page-menu-renderer']//yt-formatted-string[@id='label' and text()='Afrikaans']
22:21:32 [TestNG-test-Yt Master Tests-2] INFO  verifyingSideMenuCollapsedLangAsInSettingsLingua_22-21-21 - Clicking settings ellipses button...
22:21:33 [TestNG-test-Yt Master Tests-2] INFO  verifyingSideMenuCollapsedLangAsInSettingsLingua_22-21-21 - [verifyingSideMenuCollapsedLangAsInSettingsLingua_22-21-21] Trying to find element: By.xpath: //ytd-topbar-menu-button-renderer[@class='style-scope ytd-masthead style-default']
22:21:33 [TestNG-test-Yt Master Tests-2] INFO  verifyingSideMenuCollapsedLangAsInSettingsLingua_22-21-21 - [verifyingSideMenuCollapsedLangAsInSettingsLingua_22-21-21] Element found and ready (attempt 1): By.xpath: //ytd-topbar-menu-button-renderer[@class='style-scope ytd-masthead style-default']
22:21:33 [TestNG-test-Yt Master Tests-2] INFO  verifyingSideMenuCollapsedLangAsInSettingsLingua_22-21-21 - [verifyingSideMenuCollapsedLangAsInSettingsLingua_22-21-21] Waiting until element is visible in viewport
22:21:34 [TestNG-test-Yt Master Tests-2] INFO  verifyingSideMenuCollapsedLangAsInSettingsLingua_22-21-21 - Clicking settings ellipses button...
22:21:34 [TestNG-test-Yt Master Tests-2] INFO  verifyingSideMenuCollapsedLangAsInSettingsLingua_22-21-21 - [verifyingSideMenuCollapsedLangAsInSettingsLingua_22-21-21] Trying to find element: By.xpath: //ytd-topbar-menu-button-renderer[@class='style-scope ytd-masthead style-default']
22:21:36 [TestNG-test-Yt Master Tests-2] INFO  verifyingSideMenuCollapsedLangAsInSettingsLingua_22-21-21 - [verifyingSideMenuCollapsedLangAsInSettingsLingua_22-21-21] Element found and ready (attempt 1): By.xpath: //ytd-topbar-menu-button-renderer[@class='style-scope ytd-masthead style-default']
22:21:36 [TestNG-test-Yt Master Tests-2] INFO  verifyingSideMenuCollapsedLangAsInSettingsLingua_22-21-21 - getLangAttribute() - locating <html> and reading lang property
22:21:36 [TestNG-test-Yt Master Tests-2] INFO  verifyingSideMenuCollapsedLangAsInSettingsLingua_22-21-21 - Language attribute read: af-ZA
22:21:36 [TestNG-test-Yt Master Tests-2] INFO  verifyingSideMenuCollapsedLangAsInSettingsLingua_22-21-21 - Fetching the side menu in collapsed view
22:21:36 [TestNG-test-Yt Master Tests-2] INFO  verifyingSideMenuCollapsedLangAsInSettingsLingua_22-21-21 - [verifyingSideMenuCollapsedLangAsInSettingsLingua_22-21-21] Finding elements list: By.xpath: //ytd-mini-guide-renderer[@class='style-scope ytd-app']//ytd-mini-guide-entry-renderer
22:21:36 [TestNG-test-Yt Master Tests-2] INFO  verifyingSideMenuCollapsedLangAsInSettingsLingua_22-21-21 - [verifyingSideMenuCollapsedLangAsInSettingsLingua_22-21-21] Found 4 ready elements (attempt 1): By.xpath: //ytd-mini-guide-renderer[@class='style-scope ytd-app']//ytd-mini-guide-entry-renderer
22:21:45 [TestNG-test-Yt Master Tests-2] INFO  verifyingSideMenuCollapsedLangAsInSettingsLingua_22-21-21 - 
========== LANGUAGE DETECTION ==========
Detected Language : AFRIKAANS
Input Text        : Tuis Kortvideo's Intekeninge Myne
========================================
22:21:45 [TestNG-test-Yt Master Tests-2] INFO  verifyingSideMenuCollapsedLangAsInSettingsLingua_22-21-21 - text sent to lingua is       Tuis Kortvideo's Intekeninge Myne
22:21:45 [TestNG-test-Yt Master Tests-2] INFO  verifyingSideMenuCollapsedLangAsInSettingsLingua_22-21-21 - getLangAttribute() - locating <html> and reading lang property
22:21:45 [TestNG-test-Yt Master Tests-2] INFO  verifyingSideMenuCollapsedLangAsInSettingsLingua_22-21-21 - Language attribute read: af-ZA
22:21:45 [TestNG-test-Yt Master Tests-2] INFO  verifyingSideMenuCollapsedLangAsInSettingsLingua_22-21-21 - Clicking settings ellipses button...
22:21:45 [TestNG-test-Yt Master Tests-2] INFO  verifyingSideMenuCollapsedLangAsInSettingsLingua_22-21-21 - [verifyingSideMenuCollapsedLangAsInSettingsLingua_22-21-21] Trying to find element: By.xpath: //ytd-topbar-menu-button-renderer[@class='style-scope ytd-masthead style-default']
22:21:45 [TestNG-test-Yt Master Tests-2] INFO  verifyingSideMenuCollapsedLangAsInSettingsLingua_22-21-21 - [verifyingSideMenuCollapsedLangAsInSettingsLingua_22-21-21] Element found and ready (attempt 1): By.xpath: //ytd-topbar-menu-button-renderer[@class='style-scope ytd-masthead style-default']
22:21:45 [TestNG-test-Yt Master Tests-2] INFO  verifyingSideMenuCollapsedLangAsInSettingsLingua_22-21-21 - Clicking language dropdown...
22:21:45 [TestNG-test-Yt Master Tests-2] INFO  verifyingSideMenuCollapsedLangAsInSettingsLingua_22-21-21 - [verifyingSideMenuCollapsedLangAsInSettingsLingua_22-21-21] Trying to find element: By.xpath: (//div[@id='content-icon'])[2]
22:21:46 [TestNG-test-Yt Master Tests-2] INFO  verifyingSideMenuCollapsedLangAsInSettingsLingua_22-21-21 - [verifyingSideMenuCollapsedLangAsInSettingsLingua_22-21-21] Element found and ready (attempt 1): By.xpath: (//div[@id='content-icon'])[2]
22:21:47 [TestNG-test-Yt Master Tests-2] INFO  verifyingSideMenuCollapsedLangAsInSettingsLingua_22-21-21 - Looking for language element with name: Azərbaycan
22:21:47 [TestNG-test-Yt Master Tests-2] INFO  verifyingSideMenuCollapsedLangAsInSettingsLingua_22-21-21 - [verifyingSideMenuCollapsedLangAsInSettingsLingua_22-21-21] Trying to find element: By.xpath: //yt-multi-page-menu-section-renderer[@class='style-scope ytd-multi-page-menu-renderer']//yt-formatted-string[@id='label' and text()='Azərbaycan']
22:21:47 [TestNG-test-Yt Master Tests-2] INFO  verifyingSideMenuCollapsedLangAsInSettingsLingua_22-21-21 - [verifyingSideMenuCollapsedLangAsInSettingsLingua_22-21-21] Element found and ready (attempt 1): By.xpath: //yt-multi-page-menu-section-renderer[@class='style-scope ytd-multi-page-menu-renderer']//yt-formatted-string[@id='label' and text()='Azərbaycan']
22:21:47 [TestNG-test-Yt Master Tests-2] INFO  verifyingSideMenuCollapsedLangAsInSettingsLingua_22-21-21 - [verifyingSideMenuCollapsedLangAsInSettingsLingua_22-21-21] Trying to find element: By.xpath: //yt-multi-page-menu-section-renderer[@class='style-scope ytd-multi-page-menu-renderer']//yt-formatted-string[@id='label' and text()='Azərbaycan']
22:21:47 [TestNG-test-Yt Master Tests-2] INFO  verifyingSideMenuCollapsedLangAsInSettingsLingua_22-21-21 - [verifyingSideMenuCollapsedLangAsInSettingsLingua_22-21-21] Element found and ready (attempt 1): By.xpath: //yt-multi-page-menu-section-renderer[@class='style-scope ytd-multi-page-menu-renderer']//yt-formatted-string[@id='label' and text()='Azərbaycan']
22:21:48 [TestNG-test-Yt Master Tests-2] INFO  verifyingSideMenuCollapsedLangAsInSettingsLingua_22-21-21 - Clicking settings ellipses button...
22:21:49 [TestNG-test-Yt Master Tests-2] INFO  verifyingSideMenuCollapsedLangAsInSettingsLingua_22-21-21 - [verifyingSideMenuCollapsedLangAsInSettingsLingua_22-21-21] Trying to find element: By.xpath: //ytd-topbar-menu-button-renderer[@class='style-scope ytd-masthead style-default']
22:21:49 [TestNG-test-Yt Master Tests-2] INFO  verifyingSideMenuCollapsedLangAsInSettingsLingua_22-21-21 - [verifyingSideMenuCollapsedLangAsInSettingsLingua_22-21-21] Element found and ready (attempt 1): By.xpath: //ytd-topbar-menu-button-renderer[@class='style-scope ytd-masthead style-default']
22:21:49 [TestNG-test-Yt Master Tests-2] INFO  verifyingSideMenuCollapsedLangAsInSettingsLingua_22-21-21 - [verifyingSideMenuCollapsedLangAsInSettingsLingua_22-21-21] Waiting until element is visible in viewport
22:21:50 [TestNG-test-Yt Master Tests-2] INFO  verifyingSideMenuCollapsedLangAsInSettingsLingua_22-21-21 - Clicking settings ellipses button...
22:21:51 [TestNG-test-Yt Master Tests-2] INFO  verifyingSideMenuCollapsedLangAsInSettingsLingua_22-21-21 - [verifyingSideMenuCollapsedLangAsInSettingsLingua_22-21-21] Trying to find element: By.xpath: //ytd-topbar-menu-button-renderer[@class='style-scope ytd-masthead style-default']
22:21:51 [TestNG-test-Yt Master Tests-2] INFO  verifyingSideMenuCollapsedLangAsInSettingsLingua_22-21-21 - [verifyingSideMenuCollapsedLangAsInSettingsLingua_22-21-21] Element found and ready (attempt 1): By.xpath: //ytd-topbar-menu-button-renderer[@class='style-scope ytd-masthead style-default']
22:21:51 [TestNG-test-Yt Master Tests-2] INFO  verifyingSideMenuCollapsedLangAsInSettingsLingua_22-21-21 - getLangAttribute() - locating <html> and reading lang property
22:21:51 [TestNG-test-Yt Master Tests-2] INFO  verifyingSideMenuCollapsedLangAsInSettingsLingua_22-21-21 - Language attribute read: az-Latn-AZ
22:21:51 [TestNG-test-Yt Master Tests-2] INFO  verifyingSideMenuCollapsedLangAsInSettingsLingua_22-21-21 - Fetching the side menu in collapsed view
22:21:51 [TestNG-test-Yt Master Tests-2] INFO  verifyingSideMenuCollapsedLangAsInSettingsLingua_22-21-21 - [verifyingSideMenuCollapsedLangAsInSettingsLingua_22-21-21] Finding elements list: By.xpath: //ytd-mini-guide-renderer[@class='style-scope ytd-app']//ytd-mini-guide-entry-renderer
22:21:51 [TestNG-test-Yt Master Tests-2] INFO  verifyingSideMenuCollapsedLangAsInSettingsLingua_22-21-21 - [verifyingSideMenuCollapsedLangAsInSettingsLingua_22-21-21] Found 4 ready elements (attempt 1): By.xpath: //ytd-mini-guide-renderer[@class='style-scope ytd-app']//ytd-mini-guide-entry-renderer
22:21:51 [TestNG-test-Yt Master Tests-2] INFO  verifyingSideMenuCollapsedLangAsInSettingsLingua_22-21-21 - 
========== LANGUAGE DETECTION ==========
Detected Language : TURKISH
Input Text        : Ev Shorts Abunəliklər Siz
========================================
22:21:51 [TestNG-test-Yt Master Tests-2] INFO  verifyingSideMenuCollapsedLangAsInSettingsLingua_22-21-21 - text sent to lingua is       Ev Shorts Abunəliklər Siz
22:21:51 [TestNG-test-Yt Master Tests-2] INFO  verifyingSideMenuCollapsedLangAsInSettingsLingua_22-21-21 - getLangAttribute() - locating <html> and reading lang property
22:21:51 [TestNG-test-Yt Master Tests-2] INFO  verifyingSideMenuCollapsedLangAsInSettingsLingua_22-21-21 - Language attribute read: az-Latn-AZ
22:21:51 [TestNG-test-Yt Master Tests-2] INFO  verifyingSideMenuCollapsedLangAsInSettingsLingua_22-21-21 - Clicking settings ellipses button...
22:21:51 [TestNG-test-Yt Master Tests-2] INFO  verifyingSideMenuCollapsedLangAsInSettingsLingua_22-21-21 - [verifyingSideMenuCollapsedLangAsInSettingsLingua_22-21-21] Trying to find element: By.xpath: //ytd-topbar-menu-button-renderer[@class='style-scope ytd-masthead style-default']
22:21:51 [TestNG-test-Yt Master Tests-2] INFO  verifyingSideMenuCollapsedLangAsInSettingsLingua_22-21-21 - [verifyingSideMenuCollapsedLangAsInSettingsLingua_22-21-21] Element found and ready (attempt 1): By.xpath: //ytd-topbar-menu-button-renderer[@class='style-scope ytd-masthead style-default']
22:21:52 [TestNG-test-Yt Master Tests-2] INFO  verifyingSideMenuCollapsedLangAsInSettingsLingua_22-21-21 - Clicking language dropdown...
22:21:52 [TestNG-test-Yt Master Tests-2] INFO  verifyingSideMenuCollapsedLangAsInSettingsLingua_22-21-21 - [verifyingSideMenuCollapsedLangAsInSettingsLingua_22-21-21] Trying to find element: By.xpath: (//div[@id='content-icon'])[2]
22:21:52 [TestNG-test-Yt Master Tests-2] INFO  verifyingSideMenuCollapsedLangAsInSettingsLingua_22-21-21 - [verifyingSideMenuCollapsedLangAsInSettingsLingua_22-21-21] Element found and ready (attempt 1): By.xpath: (//div[@id='content-icon'])[2]
22:21:53 [TestNG-test-Yt Master Tests-2] INFO  verifyingSideMenuCollapsedLangAsInSettingsLingua_22-21-21 - Looking for language element with name: Bahasa Indonesia
22:21:53 [TestNG-test-Yt Master Tests-2] INFO  verifyingSideMenuCollapsedLangAsInSettingsLingua_22-21-21 - [verifyingSideMenuCollapsedLangAsInSettingsLingua_22-21-21] Trying to find element: By.xpath: //yt-multi-page-menu-section-renderer[@class='style-scope ytd-multi-page-menu-renderer']//yt-formatted-string[@id='label' and text()='Bahasa Indonesia']
22:21:53 [TestNG-test-Yt Master Tests-2] INFO  verifyingSideMenuCollapsedLangAsInSettingsLingua_22-21-21 - [verifyingSideMenuCollapsedLangAsInSettingsLingua_22-21-21] Element found and ready (attempt 1): By.xpath: //yt-multi-page-menu-section-renderer[@class='style-scope ytd-multi-page-menu-renderer']//yt-formatted-string[@id='label' and text()='Bahasa Indonesia']
22:21:53 [TestNG-test-Yt Master Tests-2] INFO  verifyingSideMenuCollapsedLangAsInSettingsLingua_22-21-21 - [verifyingSideMenuCollapsedLangAsInSettingsLingua_22-21-21] Trying to find element: By.xpath: //yt-multi-page-menu-section-renderer[@class='style-scope ytd-multi-page-menu-renderer']//yt-formatted-string[@id='label' and text()='Bahasa Indonesia']
22:21:53 [TestNG-test-Yt Master Tests-2] INFO  verifyingSideMenuCollapsedLangAsInSettingsLingua_22-21-21 - [verifyingSideMenuCollapsedLangAsInSettingsLingua_22-21-21] Element found and ready (attempt 1): By.xpath: //yt-multi-page-menu-section-renderer[@class='style-scope ytd-multi-page-menu-renderer']//yt-formatted-string[@id='label' and text()='Bahasa Indonesia']
22:21:55 [TestNG-test-Yt Master Tests-2] INFO  verifyingSideMenuCollapsedLangAsInSettingsLingua_22-21-21 - Clicking settings ellipses button...
22:21:55 [TestNG-test-Yt Master Tests-2] INFO  verifyingSideMenuCollapsedLangAsInSettingsLingua_22-21-21 - [verifyingSideMenuCollapsedLangAsInSettingsLingua_22-21-21] Trying to find element: By.xpath: //ytd-topbar-menu-button-renderer[@class='style-scope ytd-masthead style-default']
22:21:55 [TestNG-test-Yt Master Tests-2] INFO  verifyingSideMenuCollapsedLangAsInSettingsLingua_22-21-21 - [verifyingSideMenuCollapsedLangAsInSettingsLingua_22-21-21] Element found and ready (attempt 1): By.xpath: //ytd-topbar-menu-button-renderer[@class='style-scope ytd-masthead style-default']
22:21:56 [TestNG-test-Yt Master Tests-2] INFO  verifyingSideMenuCollapsedLangAsInSettingsLingua_22-21-21 - [verifyingSideMenuCollapsedLangAsInSettingsLingua_22-21-21] Waiting until element is visible in viewport
22:21:57 [TestNG-test-Yt Master Tests-2] INFO  verifyingSideMenuCollapsedLangAsInSettingsLingua_22-21-21 - Clicking settings ellipses button...
22:21:57 [TestNG-test-Yt Master Tests-2] INFO  verifyingSideMenuCollapsedLangAsInSettingsLingua_22-21-21 - [verifyingSideMenuCollapsedLangAsInSettingsLingua_22-21-21] Trying to find element: By.xpath: //ytd-topbar-menu-button-renderer[@class='style-scope ytd-masthead style-default']
22:21:57 [TestNG-test-Yt Master Tests-2] INFO  verifyingSideMenuCollapsedLangAsInSettingsLingua_22-21-21 - [verifyingSideMenuCollapsedLangAsInSettingsLingua_22-21-21] Element found and ready (attempt 1): By.xpath: //ytd-topbar-menu-button-renderer[@class='style-scope ytd-masthead style-default']
22:21:57 [TestNG-test-Yt Master Tests-2] INFO  verifyingSideMenuCollapsedLangAsInSettingsLingua_22-21-21 - getLangAttribute() - locating <html> and reading lang property
22:21:57 [TestNG-test-Yt Master Tests-2] INFO  verifyingSideMenuCollapsedLangAsInSettingsLingua_22-21-21 - Language attribute read: id-ID
22:21:57 [TestNG-test-Yt Master Tests-2] INFO  verifyingSideMenuCollapsedLangAsInSettingsLingua_22-21-21 - Fetching the side menu in collapsed view
22:21:57 [TestNG-test-Yt Master Tests-2] INFO  verifyingSideMenuCollapsedLangAsInSettingsLingua_22-21-21 - [verifyingSideMenuCollapsedLangAsInSettingsLingua_22-21-21] Finding elements list: By.xpath: //ytd-mini-guide-renderer[@class='style-scope ytd-app']//ytd-mini-guide-entry-renderer
22:21:57 [TestNG-test-Yt Master Tests-2] INFO  verifyingSideMenuCollapsedLangAsInSettingsLingua_22-21-21 - [verifyingSideMenuCollapsedLangAsInSettingsLingua_22-21-21] Found 4 ready elements (attempt 1): By.xpath: //ytd-mini-guide-renderer[@class='style-scope ytd-app']//ytd-mini-guide-entry-renderer
22:21:57 [TestNG-test-Yt Master Tests-2] INFO  verifyingSideMenuCollapsedLangAsInSettingsLingua_22-21-21 - 
========== LANGUAGE DETECTION ==========
Detected Language : ENGLISH
Input Text        : Beranda Shorts Subscription Anda
========================================
22:21:57 [TestNG-test-Yt Master Tests-2] INFO  verifyingSideMenuCollapsedLangAsInSettingsLingua_22-21-21 - text sent to lingua is       Beranda Shorts Subscription Anda
22:21:57 [TestNG-test-Yt Master Tests-2] INFO  verifyingSideMenuCollapsedLangAsInSettingsLingua_22-21-21 - getLangAttribute() - locating <html> and reading lang property
22:21:57 [TestNG-test-Yt Master Tests-2] INFO  verifyingSideMenuCollapsedLangAsInSettingsLingua_22-21-21 - Language attribute read: id-ID
22:21:57 [TestNG-test-Yt Master Tests-2] INFO  verifyingSideMenuCollapsedLangAsInSettingsLingua_22-21-21 - Clicking settings ellipses button...
22:21:57 [TestNG-test-Yt Master Tests-2] INFO  verifyingSideMenuCollapsedLangAsInSettingsLingua_22-21-21 - [verifyingSideMenuCollapsedLangAsInSettingsLingua_22-21-21] Trying to find element: By.xpath: //ytd-topbar-menu-button-renderer[@class='style-scope ytd-masthead style-default']
22:21:57 [TestNG-test-Yt Master Tests-2] INFO  verifyingSideMenuCollapsedLangAsInSettingsLingua_22-21-21 - [verifyingSideMenuCollapsedLangAsInSettingsLingua_22-21-21] Element found and ready (attempt 1): By.xpath: //ytd-topbar-menu-button-renderer[@class='style-scope ytd-masthead style-default']
22:21:57 [TestNG-test-Yt Master Tests-2] INFO  verifyingSideMenuCollapsedLangAsInSettingsLingua_22-21-21 - Clicking language dropdown...
22:21:57 [TestNG-test-Yt Master Tests-2] INFO  verifyingSideMenuCollapsedLangAsInSettingsLingua_22-21-21 - [verifyingSideMenuCollapsedLangAsInSettingsLingua_22-21-21] Trying to find element: By.xpath: (//div[@id='content-icon'])[2]
22:21:58 [TestNG-test-Yt Master Tests-2] INFO  verifyingSideMenuCollapsedLangAsInSettingsLingua_22-21-21 - [verifyingSideMenuCollapsedLangAsInSettingsLingua_22-21-21] Element found and ready (attempt 1): By.xpath: (//div[@id='content-icon'])[2]
22:21:58 [TestNG-test-Yt Master Tests-2] INFO  verifyingSideMenuCollapsedLangAsInSettingsLingua_22-21-21 - Looking for language element with name: Bosanski
22:21:58 [TestNG-test-Yt Master Tests-2] INFO  verifyingSideMenuCollapsedLangAsInSettingsLingua_22-21-21 - [verifyingSideMenuCollapsedLangAsInSettingsLingua_22-21-21] Trying to find element: By.xpath: //yt-multi-page-menu-section-renderer[@class='style-scope ytd-multi-page-menu-renderer']//yt-formatted-string[@id='label' and text()='Bosanski']
22:21:58 [TestNG-test-Yt Master Tests-2] INFO  verifyingSideMenuCollapsedLangAsInSettingsLingua_22-21-21 - [verifyingSideMenuCollapsedLangAsInSettingsLingua_22-21-21] Element found and ready (attempt 1): By.xpath: //yt-multi-page-menu-section-renderer[@class='style-scope ytd-multi-page-menu-renderer']//yt-formatted-string[@id='label' and text()='Bosanski']
22:21:58 [TestNG-test-Yt Master Tests-2] INFO  verifyingSideMenuCollapsedLangAsInSettingsLingua_22-21-21 - [verifyingSideMenuCollapsedLangAsInSettingsLingua_22-21-21] Trying to find element: By.xpath: //yt-multi-page-menu-section-renderer[@class='style-scope ytd-multi-page-menu-renderer']//yt-formatted-string[@id='label' and text()='Bosanski']
22:21:58 [TestNG-test-Yt Master Tests-2] INFO  verifyingSideMenuCollapsedLangAsInSettingsLingua_22-21-21 - [verifyingSideMenuCollapsedLangAsInSettingsLingua_22-21-21] Element found and ready (attempt 1): By.xpath: //yt-multi-page-menu-section-renderer[@class='style-scope ytd-multi-page-menu-renderer']//yt-formatted-string[@id='label' and text()='Bosanski']
22:22:00 [TestNG-test-Yt Master Tests-2] INFO  verifyingSideMenuCollapsedLangAsInSettingsLingua_22-21-21 - Clicking settings ellipses button...
22:22:00 [TestNG-test-Yt Master Tests-2] INFO  verifyingSideMenuCollapsedLangAsInSettingsLingua_22-21-21 - [verifyingSideMenuCollapsedLangAsInSettingsLingua_22-21-21] Trying to find element: By.xpath: //ytd-topbar-menu-button-renderer[@class='style-scope ytd-masthead style-default']
22:22:00 [TestNG-test-Yt Master Tests-2] INFO  verifyingSideMenuCollapsedLangAsInSettingsLingua_22-21-21 - [verifyingSideMenuCollapsedLangAsInSettingsLingua_22-21-21] Element found and ready (attempt 1): By.xpath: //ytd-topbar-menu-button-renderer[@class='style-scope ytd-masthead style-default']
22:22:00 [TestNG-test-Yt Master Tests-2] INFO  verifyingSideMenuCollapsedLangAsInSettingsLingua_22-21-21 - [verifyingSideMenuCollapsedLangAsInSettingsLingua_22-21-21] Waiting until element is visible in viewport
22:22:02 [TestNG-test-Yt Master Tests-2] INFO  verifyingSideMenuCollapsedLangAsInSettingsLingua_22-21-21 - Clicking settings ellipses button...
22:22:02 [TestNG-test-Yt Master Tests-2] INFO  verifyingSideMenuCollapsedLangAsInSettingsLingua_22-21-21 - [verifyingSideMenuCollapsedLangAsInSettingsLingua_22-21-21] Trying to find element: By.xpath: //ytd-topbar-menu-button-renderer[@class='style-scope ytd-masthead style-default']
22:22:03 [TestNG-test-Yt Master Tests-2] INFO  verifyingSideMenuCollapsedLangAsInSettingsLingua_22-21-21 - [verifyingSideMenuCollapsedLangAsInSettingsLingua_22-21-21] Element found and ready (attempt 1): By.xpath: //ytd-topbar-menu-button-renderer[@class='style-scope ytd-masthead style-default']
22:22:03 [TestNG-test-Yt Master Tests-2] INFO  verifyingSideMenuCollapsedLangAsInSettingsLingua_22-21-21 - getLangAttribute() - locating <html> and reading lang property
22:22:03 [TestNG-test-Yt Master Tests-2] INFO  verifyingSideMenuCollapsedLangAsInSettingsLingua_22-21-21 - Language attribute read: bs-Latn-BA
22:22:03 [TestNG-test-Yt Master Tests-2] INFO  verifyingSideMenuCollapsedLangAsInSettingsLingua_22-21-21 - Fetching the side menu in collapsed view
22:22:03 [TestNG-test-Yt Master Tests-2] INFO  verifyingSideMenuCollapsedLangAsInSettingsLingua_22-21-21 - [verifyingSideMenuCollapsedLangAsInSettingsLingua_22-21-21] Finding elements list: By.xpath: //ytd-mini-guide-renderer[@class='style-scope ytd-app']//ytd-mini-guide-entry-renderer
22:22:03 [TestNG-test-Yt Master Tests-2] INFO  verifyingSideMenuCollapsedLangAsInSettingsLingua_22-21-21 - [verifyingSideMenuCollapsedLangAsInSettingsLingua_22-21-21] Found 4 ready elements (attempt 1): By.xpath: //ytd-mini-guide-renderer[@class='style-scope ytd-app']//ytd-mini-guide-entry-renderer
22:22:03 [TestNG-test-Yt Master Tests-2] INFO  verifyingSideMenuCollapsedLangAsInSettingsLingua_22-21-21 - 
========== LANGUAGE DETECTION ==========
Detected Language : BOSNIAN
Input Text        : Početna stranica Shorts Pretplate Vi
========================================
22:22:03 [TestNG-test-Yt Master Tests-2] INFO  verifyingSideMenuCollapsedLangAsInSettingsLingua_22-21-21 - text sent to lingua is       Početna stranica Shorts Pretplate Vi
22:22:03 [TestNG-test-Yt Master Tests-2] INFO  verifyingSideMenuCollapsedLangAsInSettingsLingua_22-21-21 - getLangAttribute() - locating <html> and reading lang property
22:22:03 [TestNG-test-Yt Master Tests-2] INFO  verifyingSideMenuCollapsedLangAsInSettingsLingua_22-21-21 - Language attribute read: bs-Latn-BA
22:22:03 [TestNG-test-Yt Master Tests-2] INFO  verifyingSideMenuCollapsedLangAsInSettingsLingua_22-21-21 - Clicking settings ellipses button...
22:22:03 [TestNG-test-Yt Master Tests-2] INFO  verifyingSideMenuCollapsedLangAsInSettingsLingua_22-21-21 - [verifyingSideMenuCollapsedLangAsInSettingsLingua_22-21-21] Trying to find element: By.xpath: //ytd-topbar-menu-button-renderer[@class='style-scope ytd-masthead style-default']
22:22:04 [TestNG-test-Yt Master Tests-2] INFO  verifyingSideMenuCollapsedLangAsInSettingsLingua_22-21-21 - [verifyingSideMenuCollapsedLangAsInSettingsLingua_22-21-21] Element found and ready (attempt 1): By.xpath: //ytd-topbar-menu-button-renderer[@class='style-scope ytd-masthead style-default']
22:22:04 [TestNG-test-Yt Master Tests-2] INFO  verifyingSideMenuCollapsedLangAsInSettingsLingua_22-21-21 - Clicking language dropdown...
22:22:04 [TestNG-test-Yt Master Tests-2] INFO  verifyingSideMenuCollapsedLangAsInSettingsLingua_22-21-21 - [verifyingSideMenuCollapsedLangAsInSettingsLingua_22-21-21] Trying to find element: By.xpath: (//div[@id='content-icon'])[2]
22:22:04 [TestNG-test-Yt Master Tests-2] INFO  verifyingSideMenuCollapsedLangAsInSettingsLingua_22-21-21 - [verifyingSideMenuCollapsedLangAsInSettingsLingua_22-21-21] Element found and ready (attempt 1): By.xpath: (//div[@id='content-icon'])[2]
22:22:05 [TestNG-test-Yt Master Tests-2] INFO  verifyingSideMenuCollapsedLangAsInSettingsLingua_22-21-21 - Looking for language element with name: Català
22:22:05 [TestNG-test-Yt Master Tests-2] INFO  verifyingSideMenuCollapsedLangAsInSettingsLingua_22-21-21 - [verifyingSideMenuCollapsedLangAsInSettingsLingua_22-21-21] Trying to find element: By.xpath: //yt-multi-page-menu-section-renderer[@class='style-scope ytd-multi-page-menu-renderer']//yt-formatted-string[@id='label' and text()='Català']
22:22:05 [TestNG-test-Yt Master Tests-2] INFO  verifyingSideMenuCollapsedLangAsInSettingsLingua_22-21-21 - [verifyingSideMenuCollapsedLangAsInSettingsLingua_22-21-21] Element found and ready (attempt 1): By.xpath: //yt-multi-page-menu-section-renderer[@class='style-scope ytd-multi-page-menu-renderer']//yt-formatted-string[@id='label' and text()='Català']
22:22:05 [TestNG-test-Yt Master Tests-2] INFO  verifyingSideMenuCollapsedLangAsInSettingsLingua_22-21-21 - [verifyingSideMenuCollapsedLangAsInSettingsLingua_22-21-21] Trying to find element: By.xpath: //yt-multi-page-menu-section-renderer[@class='style-scope ytd-multi-page-menu-renderer']//yt-formatted-string[@id='label' and text()='Català']
22:22:05 [TestNG-test-Yt Master Tests-2] INFO  verifyingSideMenuCollapsedLangAsInSettingsLingua_22-21-21 - [verifyingSideMenuCollapsedLangAsInSettingsLingua_22-21-21] Element found and ready (attempt 1): By.xpath: //yt-multi-page-menu-section-renderer[@class='style-scope ytd-multi-page-menu-renderer']//yt-formatted-string[@id='label' and text()='Català']
22:22:06 [TestNG-test-Yt Master Tests-2] INFO  verifyingSideMenuCollapsedLangAsInSettingsLingua_22-21-21 - Clicking settings ellipses button...
22:22:07 [TestNG-test-Yt Master Tests-2] INFO  verifyingSideMenuCollapsedLangAsInSettingsLingua_22-21-21 - [verifyingSideMenuCollapsedLangAsInSettingsLingua_22-21-21] Trying to find element: By.xpath: //ytd-topbar-menu-button-renderer[@class='style-scope ytd-masthead style-default']
22:22:07 [TestNG-test-Yt Master Tests-2] INFO  verifyingSideMenuCollapsedLangAsInSettingsLingua_22-21-21 - [verifyingSideMenuCollapsedLangAsInSettingsLingua_22-21-21] Element found and ready (attempt 1): By.xpath: //ytd-topbar-menu-button-renderer[@class='style-scope ytd-masthead style-default']
22:22:07 [TestNG-test-Yt Master Tests-2] INFO  verifyingSideMenuCollapsedLangAsInSettingsLingua_22-21-21 - [verifyingSideMenuCollapsedLangAsInSettingsLingua_22-21-21] Waiting until element is visible in viewport
22:22:08 [TestNG-test-Yt Master Tests-2] INFO  verifyingSideMenuCollapsedLangAsInSettingsLingua_22-21-21 - Clicking settings ellipses button...
22:22:08 [TestNG-test-Yt Master Tests-2] INFO  verifyingSideMenuCollapsedLangAsInSettingsLingua_22-21-21 - [verifyingSideMenuCollapsedLangAsInSettingsLingua_22-21-21] Trying to find element: By.xpath: //ytd-topbar-menu-button-renderer[@class='style-scope ytd-masthead style-default']
22:22:08 [TestNG-test-Yt Master Tests-2] INFO  verifyingSideMenuCollapsedLangAsInSettingsLingua_22-21-21 - [verifyingSideMenuCollapsedLangAsInSettingsLingua_22-21-21] Element found and ready (attempt 1): By.xpath: //ytd-topbar-menu-button-renderer[@class='style-scope ytd-masthead style-default']
22:22:08 [TestNG-test-Yt Master Tests-2] INFO  verifyingSideMenuCollapsedLangAsInSettingsLingua_22-21-21 - getLangAttribute() - locating <html> and reading lang property
22:22:08 [TestNG-test-Yt Master Tests-2] INFO  verifyingSideMenuCollapsedLangAsInSettingsLingua_22-21-21 - Language attribute read: ca-ES
22:22:08 [TestNG-test-Yt Master Tests-2] INFO  verifyingSideMenuCollapsedLangAsInSettingsLingua_22-21-21 - Fetching the side menu in collapsed view
22:22:08 [TestNG-test-Yt Master Tests-2] INFO  verifyingSideMenuCollapsedLangAsInSettingsLingua_22-21-21 - [verifyingSideMenuCollapsedLangAsInSettingsLingua_22-21-21] Finding elements list: By.xpath: //ytd-mini-guide-renderer[@class='style-scope ytd-app']//ytd-mini-guide-entry-renderer
22:22:08 [TestNG-test-Yt Master Tests-2] INFO  verifyingSideMenuCollapsedLangAsInSettingsLingua_22-21-21 - [verifyingSideMenuCollapsedLangAsInSettingsLingua_22-21-21] Found 4 ready elements (attempt 1): By.xpath: //ytd-mini-guide-renderer[@class='style-scope ytd-app']//ytd-mini-guide-entry-renderer
22:22:08 [TestNG-test-Yt Master Tests-2] INFO  verifyingSideMenuCollapsedLangAsInSettingsLingua_22-21-21 - 
========== LANGUAGE DETECTION ==========
Detected Language : CATALAN
Input Text        : Inici Shorts Subscripcions Tu
========================================
22:22:08 [TestNG-test-Yt Master Tests-2] INFO  verifyingSideMenuCollapsedLangAsInSettingsLingua_22-21-21 - text sent to lingua is       Inici Shorts Subscripcions Tu
22:22:08 [TestNG-test-Yt Master Tests-2] INFO  verifyingSideMenuCollapsedLangAsInSettingsLingua_22-21-21 - getLangAttribute() - locating <html> and reading lang property
22:22:08 [TestNG-test-Yt Master Tests-2] INFO  verifyingSideMenuCollapsedLangAsInSettingsLingua_22-21-21 - Language attribute read: ca-ES
22:22:08 [TestNG-test-Yt Master Tests-2] INFO  verifyingSideMenuCollapsedLangAsInSettingsLingua_22-21-21 - Clicking settings ellipses button...
22:22:08 [TestNG-test-Yt Master Tests-2] INFO  verifyingSideMenuCollapsedLangAsInSettingsLingua_22-21-21 - [verifyingSideMenuCollapsedLangAsInSettingsLingua_22-21-21] Trying to find element: By.xpath: //ytd-topbar-menu-button-renderer[@class='style-scope ytd-masthead style-default']
22:22:09 [TestNG-test-Yt Master Tests-2] INFO  verifyingSideMenuCollapsedLangAsInSettingsLingua_22-21-21 - [verifyingSideMenuCollapsedLangAsInSettingsLingua_22-21-21] Element found and ready (attempt 1): By.xpath: //ytd-topbar-menu-button-renderer[@class='style-scope ytd-masthead style-default']
22:22:09 [TestNG-test-Yt Master Tests-2] INFO  verifyingSideMenuCollapsedLangAsInSettingsLingua_22-21-21 - Clicking language dropdown...
22:22:09 [TestNG-test-Yt Master Tests-2] INFO  verifyingSideMenuCollapsedLangAsInSettingsLingua_22-21-21 - [verifyingSideMenuCollapsedLangAsInSettingsLingua_22-21-21] Trying to find element: By.xpath: (//div[@id='content-icon'])[2]
22:22:09 [TestNG-test-Yt Master Tests-2] INFO  verifyingSideMenuCollapsedLangAsInSettingsLingua_22-21-21 - [verifyingSideMenuCollapsedLangAsInSettingsLingua_22-21-21] Element found and ready (attempt 1): By.xpath: (//div[@id='content-icon'])[2]
22:22:10 [TestNG-test-Yt Master Tests-2] INFO  verifyingSideMenuCollapsedLangAsInSettingsLingua_22-21-21 - Looking for language element with name: Dansk
22:22:10 [TestNG-test-Yt Master Tests-2] INFO  verifyingSideMenuCollapsedLangAsInSettingsLingua_22-21-21 - [verifyingSideMenuCollapsedLangAsInSettingsLingua_22-21-21] Trying to find element: By.xpath: //yt-multi-page-menu-section-renderer[@class='style-scope ytd-multi-page-menu-renderer']//yt-formatted-string[@id='label' and text()='Dansk']
22:22:10 [TestNG-test-Yt Master Tests-2] INFO  verifyingSideMenuCollapsedLangAsInSettingsLingua_22-21-21 - [verifyingSideMenuCollapsedLangAsInSettingsLingua_22-21-21] Element found and ready (attempt 1): By.xpath: //yt-multi-page-menu-section-renderer[@class='style-scope ytd-multi-page-menu-renderer']//yt-formatted-string[@id='label' and text()='Dansk']
22:22:10 [TestNG-test-Yt Master Tests-2] INFO  verifyingSideMenuCollapsedLangAsInSettingsLingua_22-21-21 - [verifyingSideMenuCollapsedLangAsInSettingsLingua_22-21-21] Trying to find element: By.xpath: //yt-multi-page-menu-section-renderer[@class='style-scope ytd-multi-page-menu-renderer']//yt-formatted-string[@id='label' and text()='Dansk']
22:22:10 [TestNG-test-Yt Master Tests-2] INFO  verifyingSideMenuCollapsedLangAsInSettingsLingua_22-21-21 - [verifyingSideMenuCollapsedLangAsInSettingsLingua_22-21-21] Element found and ready (attempt 1): By.xpath: //yt-multi-page-menu-section-renderer[@class='style-scope ytd-multi-page-menu-renderer']//yt-formatted-string[@id='label' and text()='Dansk']
22:22:11 [TestNG-test-Yt Master Tests-2] INFO  verifyingSideMenuCollapsedLangAsInSettingsLingua_22-21-21 - Clicking settings ellipses button...
22:22:12 [TestNG-test-Yt Master Tests-2] INFO  verifyingSideMenuCollapsedLangAsInSettingsLingua_22-21-21 - [verifyingSideMenuCollapsedLangAsInSettingsLingua_22-21-21] Trying to find element: By.xpath: //ytd-topbar-menu-button-renderer[@class='style-scope ytd-masthead style-default']
22:22:12 [TestNG-test-Yt Master Tests-2] INFO  verifyingSideMenuCollapsedLangAsInSettingsLingua_22-21-21 - [verifyingSideMenuCollapsedLangAsInSettingsLingua_22-21-21] Element found and ready (attempt 1): By.xpath: //ytd-topbar-menu-button-renderer[@class='style-scope ytd-masthead style-default']
22:22:12 [TestNG-test-Yt Master Tests-2] INFO  verifyingSideMenuCollapsedLangAsInSettingsLingua_22-21-21 - [verifyingSideMenuCollapsedLangAsInSettingsLingua_22-21-21] Waiting until element is visible in viewport
22:22:14 [TestNG-test-Yt Master Tests-2] INFO  verifyingSideMenuCollapsedLangAsInSettingsLingua_22-21-21 - Clicking settings ellipses button...
22:22:14 [TestNG-test-Yt Master Tests-2] INFO  verifyingSideMenuCollapsedLangAsInSettingsLingua_22-21-21 - [verifyingSideMenuCollapsedLangAsInSettingsLingua_22-21-21] Trying to find element: By.xpath: //ytd-topbar-menu-button-renderer[@class='style-scope ytd-masthead style-default']
22:22:14 [TestNG-test-Yt Master Tests-2] INFO  verifyingSideMenuCollapsedLangAsInSettingsLingua_22-21-21 - [verifyingSideMenuCollapsedLangAsInSettingsLingua_22-21-21] Element found and ready (attempt 1): By.xpath: //ytd-topbar-menu-button-renderer[@class='style-scope ytd-masthead style-default']
22:22:14 [TestNG-test-Yt Master Tests-2] INFO  verifyingSideMenuCollapsedLangAsInSettingsLingua_22-21-21 - getLangAttribute() - locating <html> and reading lang property
22:22:14 [TestNG-test-Yt Master Tests-2] INFO  verifyingSideMenuCollapsedLangAsInSettingsLingua_22-21-21 - Language attribute read: da-DK
22:22:14 [TestNG-test-Yt Master Tests-2] INFO  verifyingSideMenuCollapsedLangAsInSettingsLingua_22-21-21 - Fetching the side menu in collapsed view
22:22:14 [TestNG-test-Yt Master Tests-2] INFO  verifyingSideMenuCollapsedLangAsInSettingsLingua_22-21-21 - [verifyingSideMenuCollapsedLangAsInSettingsLingua_22-21-21] Finding elements list: By.xpath: //ytd-mini-guide-renderer[@class='style-scope ytd-app']//ytd-mini-guide-entry-renderer
22:22:14 [TestNG-test-Yt Master Tests-2] INFO  verifyingSideMenuCollapsedLangAsInSettingsLingua_22-21-21 - [verifyingSideMenuCollapsedLangAsInSettingsLingua_22-21-21] Found 4 ready elements (attempt 1): By.xpath: //ytd-mini-guide-renderer[@class='style-scope ytd-app']//ytd-mini-guide-entry-renderer
22:22:14 [TestNG-test-Yt Master Tests-2] INFO  verifyingSideMenuCollapsedLangAsInSettingsLingua_22-21-21 - 
========== LANGUAGE DETECTION ==========
Detected Language : DANISH
Input Text        : Start Shorts Abonnementer Dig
========================================
22:22:14 [TestNG-test-Yt Master Tests-2] INFO  verifyingSideMenuCollapsedLangAsInSettingsLingua_22-21-21 - text sent to lingua is       Start Shorts Abonnementer Dig
22:22:14 [TestNG-test-Yt Master Tests-2] INFO  verifyingSideMenuCollapsedLangAsInSettingsLingua_22-21-21 - getLangAttribute() - locating <html> and reading lang property
22:22:14 [TestNG-test-Yt Master Tests-2] INFO  verifyingSideMenuCollapsedLangAsInSettingsLingua_22-21-21 - Language attribute read: da-DK
22:22:14 [TestNG-test-Yt Master Tests-2] INFO  verifyingSideMenuCollapsedLangAsInSettingsLingua_22-21-21 - Clicking settings ellipses button...
22:22:14 [TestNG-test-Yt Master Tests-2] INFO  verifyingSideMenuCollapsedLangAsInSettingsLingua_22-21-21 - [verifyingSideMenuCollapsedLangAsInSettingsLingua_22-21-21] Trying to find element: By.xpath: //ytd-topbar-menu-button-renderer[@class='style-scope ytd-masthead style-default']
22:22:14 [TestNG-test-Yt Master Tests-2] INFO  verifyingSideMenuCollapsedLangAsInSettingsLingua_22-21-21 - [verifyingSideMenuCollapsedLangAsInSettingsLingua_22-21-21] Element found and ready (attempt 1): By.xpath: //ytd-topbar-menu-button-renderer[@class='style-scope ytd-masthead style-default']
22:22:15 [TestNG-test-Yt Master Tests-2] INFO  verifyingSideMenuCollapsedLangAsInSettingsLingua_22-21-21 - Clicking language dropdown...
22:22:15 [TestNG-test-Yt Master Tests-2] INFO  verifyingSideMenuCollapsedLangAsInSettingsLingua_22-21-21 - [verifyingSideMenuCollapsedLangAsInSettingsLingua_22-21-21] Trying to find element: By.xpath: (//div[@id='content-icon'])[2]
22:22:15 [TestNG-test-Yt Master Tests-2] INFO  verifyingSideMenuCollapsedLangAsInSettingsLingua_22-21-21 - [verifyingSideMenuCollapsedLangAsInSettingsLingua_22-21-21] Element found and ready (attempt 1): By.xpath: (//div[@id='content-icon'])[2]
22:22:16 [TestNG-test-Yt Master Tests-2] INFO  verifyingSideMenuCollapsedLangAsInSettingsLingua_22-21-21 - Looking for language element with name: Deutsch
22:22:16 [TestNG-test-Yt Master Tests-2] INFO  verifyingSideMenuCollapsedLangAsInSettingsLingua_22-21-21 - [verifyingSideMenuCollapsedLangAsInSettingsLingua_22-21-21] Trying to find element: By.xpath: //yt-multi-page-menu-section-renderer[@class='style-scope ytd-multi-page-menu-renderer']//yt-formatted-string[@id='label' and text()='Deutsch']
22:22:16 [TestNG-test-Yt Master Tests-2] INFO  verifyingSideMenuCollapsedLangAsInSettingsLingua_22-21-21 - [verifyingSideMenuCollapsedLangAsInSettingsLingua_22-21-21] Element found and ready (attempt 1): By.xpath: //yt-multi-page-menu-section-renderer[@class='style-scope ytd-multi-page-menu-renderer']//yt-formatted-string[@id='label' and text()='Deutsch']
22:22:16 [TestNG-test-Yt Master Tests-2] INFO  verifyingSideMenuCollapsedLangAsInSettingsLingua_22-21-21 - [verifyingSideMenuCollapsedLangAsInSettingsLingua_22-21-21] Trying to find element: By.xpath: //yt-multi-page-menu-section-renderer[@class='style-scope ytd-multi-page-menu-renderer']//yt-formatted-string[@id='label' and text()='Deutsch']
22:22:16 [TestNG-test-Yt Master Tests-2] INFO  verifyingSideMenuCollapsedLangAsInSettingsLingua_22-21-21 - [verifyingSideMenuCollapsedLangAsInSettingsLingua_22-21-21] Element found and ready (attempt 1): By.xpath: //yt-multi-page-menu-section-renderer[@class='style-scope ytd-multi-page-menu-renderer']//yt-formatted-string[@id='label' and text()='Deutsch']
22:22:18 [TestNG-test-Yt Master Tests-2] INFO  verifyingSideMenuCollapsedLangAsInSettingsLingua_22-21-21 - Clicking settings ellipses button...
22:22:18 [TestNG-test-Yt Master Tests-2] INFO  verifyingSideMenuCollapsedLangAsInSettingsLingua_22-21-21 - [verifyingSideMenuCollapsedLangAsInSettingsLingua_22-21-21] Trying to find element: By.xpath: //ytd-topbar-menu-button-renderer[@class='style-scope ytd-masthead style-default']
22:22:19 [TestNG-test-Yt Master Tests-2] INFO  verifyingSideMenuCollapsedLangAsInSettingsLingua_22-21-21 - [verifyingSideMenuCollapsedLangAsInSettingsLingua_22-21-21] Element found and ready (attempt 1): By.xpath: //ytd-topbar-menu-button-renderer[@class='style-scope ytd-masthead style-default']
22:22:19 [TestNG-test-Yt Master Tests-2] INFO  verifyingSideMenuCollapsedLangAsInSettingsLingua_22-21-21 - [verifyingSideMenuCollapsedLangAsInSettingsLingua_22-21-21] Waiting until element is visible in viewport
22:22:20 [TestNG-test-Yt Master Tests-2] INFO  verifyingSideMenuCollapsedLangAsInSettingsLingua_22-21-21 - Clicking settings ellipses button...
22:22:20 [TestNG-test-Yt Master Tests-2] INFO  verifyingSideMenuCollapsedLangAsInSettingsLingua_22-21-21 - [verifyingSideMenuCollapsedLangAsInSettingsLingua_22-21-21] Trying to find element: By.xpath: //ytd-topbar-menu-button-renderer[@class='style-scope ytd-masthead style-default']
22:22:20 [TestNG-test-Yt Master Tests-2] INFO  verifyingSideMenuCollapsedLangAsInSettingsLingua_22-21-21 - [verifyingSideMenuCollapsedLangAsInSettingsLingua_22-21-21] Element found and ready (attempt 1): By.xpath: //ytd-topbar-menu-button-renderer[@class='style-scope ytd-masthead style-default']
22:22:20 [TestNG-test-Yt Master Tests-2] INFO  verifyingSideMenuCollapsedLangAsInSettingsLingua_22-21-21 - getLangAttribute() - locating <html> and reading lang property
22:22:20 [TestNG-test-Yt Master Tests-2] INFO  verifyingSideMenuCollapsedLangAsInSettingsLingua_22-21-21 - Language attribute read: de-DE
22:22:20 [TestNG-test-Yt Master Tests-2] INFO  verifyingSideMenuCollapsedLangAsInSettingsLingua_22-21-21 - Fetching the side menu in collapsed view
22:22:20 [TestNG-test-Yt Master Tests-2] INFO  verifyingSideMenuCollapsedLangAsInSettingsLingua_22-21-21 - [verifyingSideMenuCollapsedLangAsInSettingsLingua_22-21-21] Finding elements list: By.xpath: //ytd-mini-guide-renderer[@class='style-scope ytd-app']//ytd-mini-guide-entry-renderer
22:22:20 [TestNG-test-Yt Master Tests-2] INFO  verifyingSideMenuCollapsedLangAsInSettingsLingua_22-21-21 - [verifyingSideMenuCollapsedLangAsInSettingsLingua_22-21-21] Found 4 ready elements (attempt 1): By.xpath: //ytd-mini-guide-renderer[@class='style-scope ytd-app']//ytd-mini-guide-entry-renderer
22:22:20 [TestNG-test-Yt Master Tests-2] INFO  verifyingSideMenuCollapsedLangAsInSettingsLingua_22-21-21 - 
========== LANGUAGE DETECTION ==========
Detected Language : GERMAN
Input Text        : Startseite Shorts Abos Mein YouTube
========================================
22:22:20 [TestNG-test-Yt Master Tests-2] INFO  verifyingSideMenuCollapsedLangAsInSettingsLingua_22-21-21 - text sent to lingua is       Startseite Shorts Abos Mein YouTube
22:22:20 [TestNG-test-Yt Master Tests-2] INFO  verifyingSideMenuCollapsedLangAsInSettingsLingua_22-21-21 - getLangAttribute() - locating <html> and reading lang property
22:22:20 [TestNG-test-Yt Master Tests-2] INFO  verifyingSideMenuCollapsedLangAsInSettingsLingua_22-21-21 - Language attribute read: de-DE
22:22:20 [TestNG-test-Yt Master Tests-2] INFO  verifyingSideMenuCollapsedLangAsInSettingsLingua_22-21-21 - Clicking settings ellipses button...
22:22:20 [TestNG-test-Yt Master Tests-2] INFO  verifyingSideMenuCollapsedLangAsInSettingsLingua_22-21-21 - [verifyingSideMenuCollapsedLangAsInSettingsLingua_22-21-21] Trying to find element: By.xpath: //ytd-topbar-menu-button-renderer[@class='style-scope ytd-masthead style-default']
22:22:20 [TestNG-test-Yt Master Tests-2] INFO  verifyingSideMenuCollapsedLangAsInSettingsLingua_22-21-21 - [verifyingSideMenuCollapsedLangAsInSettingsLingua_22-21-21] Element found and ready (attempt 1): By.xpath: //ytd-topbar-menu-button-renderer[@class='style-scope ytd-masthead style-default']
22:22:20 [TestNG-test-Yt Master Tests-2] INFO  verifyingSideMenuCollapsedLangAsInSettingsLingua_22-21-21 - Clicking language dropdown...
22:22:20 [TestNG-test-Yt Master Tests-2] INFO  verifyingSideMenuCollapsedLangAsInSettingsLingua_22-21-21 - [verifyingSideMenuCollapsedLangAsInSettingsLingua_22-21-21] Trying to find element: By.xpath: (//div[@id='content-icon'])[2]
22:22:21 [TestNG-test-Yt Master Tests-2] INFO  verifyingSideMenuCollapsedLangAsInSettingsLingua_22-21-21 - [verifyingSideMenuCollapsedLangAsInSettingsLingua_22-21-21] Element found and ready (attempt 1): By.xpath: (//div[@id='content-icon'])[2]
22:22:21 [TestNG-test-Yt Master Tests-2] INFO  verifyingSideMenuCollapsedLangAsInSettingsLingua_22-21-21 - Looking for language element with name: Eesti
22:22:21 [TestNG-test-Yt Master Tests-2] INFO  verifyingSideMenuCollapsedLangAsInSettingsLingua_22-21-21 - [verifyingSideMenuCollapsedLangAsInSettingsLingua_22-21-21] Trying to find element: By.xpath: //yt-multi-page-menu-section-renderer[@class='style-scope ytd-multi-page-menu-renderer']//yt-formatted-string[@id='label' and text()='Eesti']
22:22:21 [TestNG-test-Yt Master Tests-2] INFO  verifyingSideMenuCollapsedLangAsInSettingsLingua_22-21-21 - [verifyingSideMenuCollapsedLangAsInSettingsLingua_22-21-21] Element found and ready (attempt 1): By.xpath: //yt-multi-page-menu-section-renderer[@class='style-scope ytd-multi-page-menu-renderer']//yt-formatted-string[@id='label' and text()='Eesti']
22:22:21 [TestNG-test-Yt Master Tests-2] INFO  verifyingSideMenuCollapsedLangAsInSettingsLingua_22-21-21 - [verifyingSideMenuCollapsedLangAsInSettingsLingua_22-21-21] Trying to find element: By.xpath: //yt-multi-page-menu-section-renderer[@class='style-scope ytd-multi-page-menu-renderer']//yt-formatted-string[@id='label' and text()='Eesti']
22:22:21 [TestNG-test-Yt Master Tests-2] INFO  verifyingSideMenuCollapsedLangAsInSettingsLingua_22-21-21 - [verifyingSideMenuCollapsedLangAsInSettingsLingua_22-21-21] Element found and ready (attempt 1): By.xpath: //yt-multi-page-menu-section-renderer[@class='style-scope ytd-multi-page-menu-renderer']//yt-formatted-string[@id='label' and text()='Eesti']
22:22:24 [TestNG-test-Yt Master Tests-2] INFO  verifyingSideMenuCollapsedLangAsInSettingsLingua_22-21-21 - Clicking settings ellipses button...
22:22:24 [TestNG-test-Yt Master Tests-2] INFO  verifyingSideMenuCollapsedLangAsInSettingsLingua_22-21-21 - [verifyingSideMenuCollapsedLangAsInSettingsLingua_22-21-21] Trying to find element: By.xpath: //ytd-topbar-menu-button-renderer[@class='style-scope ytd-masthead style-default']
22:22:25 [TestNG-test-Yt Master Tests-2] INFO  verifyingSideMenuCollapsedLangAsInSettingsLingua_22-21-21 - [verifyingSideMenuCollapsedLangAsInSettingsLingua_22-21-21] Element found and ready (attempt 1): By.xpath: //ytd-topbar-menu-button-renderer[@class='style-scope ytd-masthead style-default']
22:22:25 [TestNG-test-Yt Master Tests-2] INFO  verifyingSideMenuCollapsedLangAsInSettingsLingua_22-21-21 - [verifyingSideMenuCollapsedLangAsInSettingsLingua_22-21-21] Waiting until element is visible in viewport
22:22:26 [TestNG-test-Yt Master Tests-2] INFO  verifyingSideMenuCollapsedLangAsInSettingsLingua_22-21-21 - Clicking settings ellipses button...
22:22:26 [TestNG-test-Yt Master Tests-2] INFO  verifyingSideMenuCollapsedLangAsInSettingsLingua_22-21-21 - [verifyingSideMenuCollapsedLangAsInSettingsLingua_22-21-21] Trying to find element: By.xpath: //ytd-topbar-menu-button-renderer[@class='style-scope ytd-masthead style-default']
22:22:27 [TestNG-test-Yt Master Tests-2] INFO  verifyingSideMenuCollapsedLangAsInSettingsLingua_22-21-21 - [verifyingSideMenuCollapsedLangAsInSettingsLingua_22-21-21] Element found and ready (attempt 1): By.xpath: //ytd-topbar-menu-button-renderer[@class='style-scope ytd-masthead style-default']
22:22:27 [TestNG-test-Yt Master Tests-2] INFO  verifyingSideMenuCollapsedLangAsInSettingsLingua_22-21-21 - getLangAttribute() - locating <html> and reading lang property
22:22:27 [TestNG-test-Yt Master Tests-2] INFO  verifyingSideMenuCollapsedLangAsInSettingsLingua_22-21-21 - Language attribute read: et-EE
22:22:27 [TestNG-test-Yt Master Tests-2] INFO  verifyingSideMenuCollapsedLangAsInSettingsLingua_22-21-21 - Fetching the side menu in collapsed view
22:22:27 [TestNG-test-Yt Master Tests-2] INFO  verifyingSideMenuCollapsedLangAsInSettingsLingua_22-21-21 - [verifyingSideMenuCollapsedLangAsInSettingsLingua_22-21-21] Finding elements list: By.xpath: //ytd-mini-guide-renderer[@class='style-scope ytd-app']//ytd-mini-guide-entry-renderer
22:22:27 [TestNG-test-Yt Master Tests-2] INFO  verifyingSideMenuCollapsedLangAsInSettingsLingua_22-21-21 - [verifyingSideMenuCollapsedLangAsInSettingsLingua_22-21-21] Found 4 ready elements (attempt 1): By.xpath: //ytd-mini-guide-renderer[@class='style-scope ytd-app']//ytd-mini-guide-entry-renderer
22:22:27 [TestNG-test-Yt Master Tests-2] INFO  verifyingSideMenuCollapsedLangAsInSettingsLingua_22-21-21 - 
========== LANGUAGE DETECTION ==========
Detected Language : ESTONIAN
Input Text        : Avaleht Shorts Tellimused Teie
========================================
22:22:27 [TestNG-test-Yt Master Tests-2] INFO  verifyingSideMenuCollapsedLangAsInSettingsLingua_22-21-21 - text sent to lingua is       Avaleht Shorts Tellimused Teie
22:22:27 [TestNG-test-Yt Master Tests-2] INFO  verifyingSideMenuCollapsedLangAsInSettingsLingua_22-21-21 - getLangAttribute() - locating <html> and reading lang property
22:22:27 [TestNG-test-Yt Master Tests-2] INFO  verifyingSideMenuCollapsedLangAsInSettingsLingua_22-21-21 - Language attribute read: et-EE
22:22:27 [TestNG-test-Yt Master Tests-2] INFO  verifyingSideMenuCollapsedLangAsInSettingsLingua_22-21-21 - Clicking settings ellipses button...
22:22:27 [TestNG-test-Yt Master Tests-2] INFO  verifyingSideMenuCollapsedLangAsInSettingsLingua_22-21-21 - [verifyingSideMenuCollapsedLangAsInSettingsLingua_22-21-21] Trying to find element: By.xpath: //ytd-topbar-menu-button-renderer[@class='style-scope ytd-masthead style-default']
22:22:28 [TestNG-test-Yt Master Tests-2] INFO  verifyingSideMenuCollapsedLangAsInSettingsLingua_22-21-21 - [verifyingSideMenuCollapsedLangAsInSettingsLingua_22-21-21] Element found and ready (attempt 1): By.xpath: //ytd-topbar-menu-button-renderer[@class='style-scope ytd-masthead style-default']
22:22:28 [TestNG-test-Yt Master Tests-2] INFO  verifyingSideMenuCollapsedLangAsInSettingsLingua_22-21-21 - Clicking language dropdown...
22:22:28 [TestNG-test-Yt Master Tests-2] INFO  verifyingSideMenuCollapsedLangAsInSettingsLingua_22-21-21 - [verifyingSideMenuCollapsedLangAsInSettingsLingua_22-21-21] Trying to find element: By.xpath: (//div[@id='content-icon'])[2]
22:22:28 [TestNG-test-Yt Master Tests-2] INFO  verifyingSideMenuCollapsedLangAsInSettingsLingua_22-21-21 - [verifyingSideMenuCollapsedLangAsInSettingsLingua_22-21-21] Element found and ready (attempt 1): By.xpath: (//div[@id='content-icon'])[2]
22:22:29 [TestNG-test-Yt Master Tests-2] INFO  verifyingSideMenuCollapsedLangAsInSettingsLingua_22-21-21 - Looking for language element with name: English (India)
22:22:29 [TestNG-test-Yt Master Tests-2] INFO  verifyingSideMenuCollapsedLangAsInSettingsLingua_22-21-21 - [verifyingSideMenuCollapsedLangAsInSettingsLingua_22-21-21] Trying to find element: By.xpath: //yt-multi-page-menu-section-renderer[@class='style-scope ytd-multi-page-menu-renderer']//yt-formatted-string[@id='label' and text()='English (India)']
22:22:29 [TestNG-test-Yt Master Tests-2] INFO  verifyingSideMenuCollapsedLangAsInSettingsLingua_22-21-21 - [verifyingSideMenuCollapsedLangAsInSettingsLingua_22-21-21] Element found and ready (attempt 1): By.xpath: //yt-multi-page-menu-section-renderer[@class='style-scope ytd-multi-page-menu-renderer']//yt-formatted-string[@id='label' and text()='English (India)']
22:22:29 [TestNG-test-Yt Master Tests-2] INFO  verifyingSideMenuCollapsedLangAsInSettingsLingua_22-21-21 - [verifyingSideMenuCollapsedLangAsInSettingsLingua_22-21-21] Trying to find element: By.xpath: //yt-multi-page-menu-section-renderer[@class='style-scope ytd-multi-page-menu-renderer']//yt-formatted-string[@id='label' and text()='English (India)']
22:22:29 [TestNG-test-Yt Master Tests-2] INFO  verifyingSideMenuCollapsedLangAsInSettingsLingua_22-21-21 - [verifyingSideMenuCollapsedLangAsInSettingsLingua_22-21-21] Element found and ready (attempt 1): By.xpath: //yt-multi-page-menu-section-renderer[@class='style-scope ytd-multi-page-menu-renderer']//yt-formatted-string[@id='label' and text()='English (India)']
22:22:30 [TestNG-test-Yt Master Tests-2] INFO  verifyingSideMenuCollapsedLangAsInSettingsLingua_22-21-21 - Clicking settings ellipses button...
22:22:31 [TestNG-test-Yt Master Tests-2] INFO  verifyingSideMenuCollapsedLangAsInSettingsLingua_22-21-21 - [verifyingSideMenuCollapsedLangAsInSettingsLingua_22-21-21] Trying to find element: By.xpath: //ytd-topbar-menu-button-renderer[@class='style-scope ytd-masthead style-default']
22:22:31 [TestNG-test-Yt Master Tests-2] INFO  verifyingSideMenuCollapsedLangAsInSettingsLingua_22-21-21 - [verifyingSideMenuCollapsedLangAsInSettingsLingua_22-21-21] Element found and ready (attempt 1): By.xpath: //ytd-topbar-menu-button-renderer[@class='style-scope ytd-masthead style-default']
22:22:31 [TestNG-test-Yt Master Tests-2] INFO  verifyingSideMenuCollapsedLangAsInSettingsLingua_22-21-21 - [verifyingSideMenuCollapsedLangAsInSettingsLingua_22-21-21] Waiting until element is visible in viewport
22:22:32 [TestNG-test-Yt Master Tests-2] INFO  verifyingSideMenuCollapsedLangAsInSettingsLingua_22-21-21 - Clicking settings ellipses button...
22:22:32 [TestNG-test-Yt Master Tests-2] INFO  verifyingSideMenuCollapsedLangAsInSettingsLingua_22-21-21 - [verifyingSideMenuCollapsedLangAsInSettingsLingua_22-21-21] Trying to find element: By.xpath: //ytd-topbar-menu-button-renderer[@class='style-scope ytd-masthead style-default']
22:22:32 [TestNG-test-Yt Master Tests-2] INFO  verifyingSideMenuCollapsedLangAsInSettingsLingua_22-21-21 - [verifyingSideMenuCollapsedLangAsInSettingsLingua_22-21-21] Element found and ready (attempt 1): By.xpath: //ytd-topbar-menu-button-renderer[@class='style-scope ytd-masthead style-default']
22:22:32 [TestNG-test-Yt Master Tests-2] INFO  verifyingSideMenuCollapsedLangAsInSettingsLingua_22-21-21 - getLangAttribute() - locating <html> and reading lang property
22:22:32 [TestNG-test-Yt Master Tests-2] INFO  verifyingSideMenuCollapsedLangAsInSettingsLingua_22-21-21 - Language attribute read: en-IN
22:22:32 [TestNG-test-Yt Master Tests-2] INFO  verifyingSideMenuCollapsedLangAsInSettingsLingua_22-21-21 - Fetching the side menu in collapsed view
22:22:32 [TestNG-test-Yt Master Tests-2] INFO  verifyingSideMenuCollapsedLangAsInSettingsLingua_22-21-21 - [verifyingSideMenuCollapsedLangAsInSettingsLingua_22-21-21] Finding elements list: By.xpath: //ytd-mini-guide-renderer[@class='style-scope ytd-app']//ytd-mini-guide-entry-renderer
22:22:32 [TestNG-test-Yt Master Tests-2] INFO  verifyingSideMenuCollapsedLangAsInSettingsLingua_22-21-21 - [verifyingSideMenuCollapsedLangAsInSettingsLingua_22-21-21] Found 4 ready elements (attempt 1): By.xpath: //ytd-mini-guide-renderer[@class='style-scope ytd-app']//ytd-mini-guide-entry-renderer
22:22:32 [TestNG-test-Yt Master Tests-2] INFO  verifyingSideMenuCollapsedLangAsInSettingsLingua_22-21-21 - 
========== LANGUAGE DETECTION ==========
Detected Language : ENGLISH
Input Text        : Home Shorts Subscriptions You
========================================
22:22:32 [TestNG-test-Yt Master Tests-2] INFO  verifyingSideMenuCollapsedLangAsInSettingsLingua_22-21-21 - text sent to lingua is       Home Shorts Subscriptions You
22:22:32 [TestNG-test-Yt Master Tests-2] INFO  verifyingSideMenuCollapsedLangAsInSettingsLingua_22-21-21 - getLangAttribute() - locating <html> and reading lang property
22:22:32 [TestNG-test-Yt Master Tests-2] INFO  verifyingSideMenuCollapsedLangAsInSettingsLingua_22-21-21 - Language attribute read: en-IN
22:22:32 [TestNG-test-Yt Master Tests-2] INFO  verifyingSideMenuCollapsedLangAsInSettingsLingua_22-21-21 - Clicking settings ellipses button...
22:22:32 [TestNG-test-Yt Master Tests-2] INFO  verifyingSideMenuCollapsedLangAsInSettingsLingua_22-21-21 - [verifyingSideMenuCollapsedLangAsInSettingsLingua_22-21-21] Trying to find element: By.xpath: //ytd-topbar-menu-button-renderer[@class='style-scope ytd-masthead style-default']
22:22:33 [TestNG-test-Yt Master Tests-2] INFO  verifyingSideMenuCollapsedLangAsInSettingsLingua_22-21-21 - [verifyingSideMenuCollapsedLangAsInSettingsLingua_22-21-21] Element found and ready (attempt 1): By.xpath: //ytd-topbar-menu-button-renderer[@class='style-scope ytd-masthead style-default']
22:22:33 [TestNG-test-Yt Master Tests-2] INFO  verifyingSideMenuCollapsedLangAsInSettingsLingua_22-21-21 - Clicking language dropdown...
22:22:33 [TestNG-test-Yt Master Tests-2] INFO  verifyingSideMenuCollapsedLangAsInSettingsLingua_22-21-21 - [verifyingSideMenuCollapsedLangAsInSettingsLingua_22-21-21] Trying to find element: By.xpath: (//div[@id='content-icon'])[2]
22:22:33 [TestNG-test-Yt Master Tests-2] INFO  verifyingSideMenuCollapsedLangAsInSettingsLingua_22-21-21 - [verifyingSideMenuCollapsedLangAsInSettingsLingua_22-21-21] Element found and ready (attempt 1): By.xpath: (//div[@id='content-icon'])[2]
22:22:34 [TestNG-test-Yt Master Tests-2] INFO  verifyingSideMenuCollapsedLangAsInSettingsLingua_22-21-21 - Looking for language element with name: English (UK)
22:22:34 [TestNG-test-Yt Master Tests-2] INFO  verifyingSideMenuCollapsedLangAsInSettingsLingua_22-21-21 - [verifyingSideMenuCollapsedLangAsInSettingsLingua_22-21-21] Trying to find element: By.xpath: //yt-multi-page-menu-section-renderer[@class='style-scope ytd-multi-page-menu-renderer']//yt-formatted-string[@id='label' and text()='English (UK)']
22:22:34 [TestNG-test-Yt Master Tests-2] INFO  verifyingSideMenuCollapsedLangAsInSettingsLingua_22-21-21 - [verifyingSideMenuCollapsedLangAsInSettingsLingua_22-21-21] Element found and ready (attempt 1): By.xpath: //yt-multi-page-menu-section-renderer[@class='style-scope ytd-multi-page-menu-renderer']//yt-formatted-string[@id='label' and text()='English (UK)']
22:22:34 [TestNG-test-Yt Master Tests-2] INFO  verifyingSideMenuCollapsedLangAsInSettingsLingua_22-21-21 - [verifyingSideMenuCollapsedLangAsInSettingsLingua_22-21-21] Trying to find element: By.xpath: //yt-multi-page-menu-section-renderer[@class='style-scope ytd-multi-page-menu-renderer']//yt-formatted-string[@id='label' and text()='English (UK)']
22:22:34 [TestNG-test-Yt Master Tests-2] INFO  verifyingSideMenuCollapsedLangAsInSettingsLingua_22-21-21 - [verifyingSideMenuCollapsedLangAsInSettingsLingua_22-21-21] Element found and ready (attempt 1): By.xpath: //yt-multi-page-menu-section-renderer[@class='style-scope ytd-multi-page-menu-renderer']//yt-formatted-string[@id='label' and text()='English (UK)']
22:22:35 [TestNG-test-Yt Master Tests-2] INFO  verifyingSideMenuCollapsedLangAsInSettingsLingua_22-21-21 - Clicking settings ellipses button...
22:22:36 [TestNG-test-Yt Master Tests-2] INFO  verifyingSideMenuCollapsedLangAsInSettingsLingua_22-21-21 - [verifyingSideMenuCollapsedLangAsInSettingsLingua_22-21-21] Trying to find element: By.xpath: //ytd-topbar-menu-button-renderer[@class='style-scope ytd-masthead style-default']
22:22:36 [TestNG-test-Yt Master Tests-2] INFO  verifyingSideMenuCollapsedLangAsInSettingsLingua_22-21-21 - [verifyingSideMenuCollapsedLangAsInSettingsLingua_22-21-21] Element found and ready (attempt 1): By.xpath: //ytd-topbar-menu-button-renderer[@class='style-scope ytd-masthead style-default']
22:22:37 [TestNG-test-Yt Master Tests-2] INFO  verifyingSideMenuCollapsedLangAsInSettingsLingua_22-21-21 - [verifyingSideMenuCollapsedLangAsInSettingsLingua_22-21-21] Waiting until element is visible in viewport
22:22:37 [TestNG-test-Yt Master Tests-2] INFO  verifyingSideMenuCollapsedLangAsInSettingsLingua_22-21-21 - Clicking settings ellipses button...
22:22:37 [TestNG-test-Yt Master Tests-2] INFO  verifyingSideMenuCollapsedLangAsInSettingsLingua_22-21-21 - [verifyingSideMenuCollapsedLangAsInSettingsLingua_22-21-21] Trying to find element: By.xpath: //ytd-topbar-menu-button-renderer[@class='style-scope ytd-masthead style-default']
22:22:37 [TestNG-test-Yt Master Tests-2] INFO  verifyingSideMenuCollapsedLangAsInSettingsLingua_22-21-21 - [verifyingSideMenuCollapsedLangAsInSettingsLingua_22-21-21] Element found and ready (attempt 1): By.xpath: //ytd-topbar-menu-button-renderer[@class='style-scope ytd-masthead style-default']
22:22:37 [TestNG-test-Yt Master Tests-2] INFO  verifyingSideMenuCollapsedLangAsInSettingsLingua_22-21-21 - getLangAttribute() - locating <html> and reading lang property
22:22:37 [TestNG-test-Yt Master Tests-2] INFO  verifyingSideMenuCollapsedLangAsInSettingsLingua_22-21-21 - Language attribute read: en-GB
22:22:37 [TestNG-test-Yt Master Tests-2] INFO  verifyingSideMenuCollapsedLangAsInSettingsLingua_22-21-21 - Fetching the side menu in collapsed view
22:22:37 [TestNG-test-Yt Master Tests-2] INFO  verifyingSideMenuCollapsedLangAsInSettingsLingua_22-21-21 - [verifyingSideMenuCollapsedLangAsInSettingsLingua_22-21-21] Finding elements list: By.xpath: //ytd-mini-guide-renderer[@class='style-scope ytd-app']//ytd-mini-guide-entry-renderer
22:22:37 [TestNG-test-Yt Master Tests-2] INFO  verifyingSideMenuCollapsedLangAsInSettingsLingua_22-21-21 - [verifyingSideMenuCollapsedLangAsInSettingsLingua_22-21-21] Found 4 ready elements (attempt 1): By.xpath: //ytd-mini-guide-renderer[@class='style-scope ytd-app']//ytd-mini-guide-entry-renderer
22:22:38 [TestNG-test-Yt Master Tests-2] INFO  verifyingSideMenuCollapsedLangAsInSettingsLingua_22-21-21 - 
========== LANGUAGE DETECTION ==========
Detected Language : ENGLISH
Input Text        : Home Shorts Subscriptions You
========================================
22:22:38 [TestNG-test-Yt Master Tests-2] INFO  verifyingSideMenuCollapsedLangAsInSettingsLingua_22-21-21 - text sent to lingua is       Home Shorts Subscriptions You
22:22:38 [TestNG-test-Yt Master Tests-2] INFO  verifyingSideMenuCollapsedLangAsInSettingsLingua_22-21-21 - getLangAttribute() - locating <html> and reading lang property
22:22:38 [TestNG-test-Yt Master Tests-2] INFO  verifyingSideMenuCollapsedLangAsInSettingsLingua_22-21-21 - Language attribute read: en-GB
22:22:38 [TestNG-test-Yt Master Tests-2] INFO  verifyingSideMenuCollapsedLangAsInSettingsLingua_22-21-21 - Clicking settings ellipses button...
22:22:38 [TestNG-test-Yt Master Tests-2] INFO  verifyingSideMenuCollapsedLangAsInSettingsLingua_22-21-21 - [verifyingSideMenuCollapsedLangAsInSettingsLingua_22-21-21] Trying to find element: By.xpath: //ytd-topbar-menu-button-renderer[@class='style-scope ytd-masthead style-default']
22:22:38 [TestNG-test-Yt Master Tests-2] INFO  verifyingSideMenuCollapsedLangAsInSettingsLingua_22-21-21 - [verifyingSideMenuCollapsedLangAsInSettingsLingua_22-21-21] Element found and ready (attempt 1): By.xpath: //ytd-topbar-menu-button-renderer[@class='style-scope ytd-masthead style-default']
22:22:38 [TestNG-test-Yt Master Tests-2] INFO  verifyingSideMenuCollapsedLangAsInSettingsLingua_22-21-21 - Clicking language dropdown...
22:22:38 [TestNG-test-Yt Master Tests-2] INFO  verifyingSideMenuCollapsedLangAsInSettingsLingua_22-21-21 - [verifyingSideMenuCollapsedLangAsInSettingsLingua_22-21-21] Trying to find element: By.xpath: (//div[@id='content-icon'])[2]
22:22:39 [TestNG-test-Yt Master Tests-2] INFO  verifyingSideMenuCollapsedLangAsInSettingsLingua_22-21-21 - [verifyingSideMenuCollapsedLangAsInSettingsLingua_22-21-21] Element found and ready (attempt 1): By.xpath: (//div[@id='content-icon'])[2]
22:22:39 [TestNG-test-Yt Master Tests-2] INFO  verifyingSideMenuCollapsedLangAsInSettingsLingua_22-21-21 - Looking for language element with name: English (US)
22:22:39 [TestNG-test-Yt Master Tests-2] INFO  verifyingSideMenuCollapsedLangAsInSettingsLingua_22-21-21 - [verifyingSideMenuCollapsedLangAsInSettingsLingua_22-21-21] Trying to find element: By.xpath: //yt-multi-page-menu-section-renderer[@class='style-scope ytd-multi-page-menu-renderer']//yt-formatted-string[@id='label' and text()='English (US)']
22:22:40 [TestNG-test-Yt Master Tests-2] INFO  verifyingSideMenuCollapsedLangAsInSettingsLingua_22-21-21 - [verifyingSideMenuCollapsedLangAsInSettingsLingua_22-21-21] Element found and ready (attempt 1): By.xpath: //yt-multi-page-menu-section-renderer[@class='style-scope ytd-multi-page-menu-renderer']//yt-formatted-string[@id='label' and text()='English (US)']
22:22:40 [TestNG-test-Yt Master Tests-2] INFO  verifyingSideMenuCollapsedLangAsInSettingsLingua_22-21-21 - [verifyingSideMenuCollapsedLangAsInSettingsLingua_22-21-21] Trying to find element: By.xpath: //yt-multi-page-menu-section-renderer[@class='style-scope ytd-multi-page-menu-renderer']//yt-formatted-string[@id='label' and text()='English (US)']
22:22:40 [TestNG-test-Yt Master Tests-2] INFO  verifyingSideMenuCollapsedLangAsInSettingsLingua_22-21-21 - [verifyingSideMenuCollapsedLangAsInSettingsLingua_22-21-21] Element found and ready (attempt 1): By.xpath: //yt-multi-page-menu-section-renderer[@class='style-scope ytd-multi-page-menu-renderer']//yt-formatted-string[@id='label' and text()='English (US)']
22:22:41 [TestNG-test-Yt Master Tests-2] INFO  verifyingSideMenuCollapsedLangAsInSettingsLingua_22-21-21 - Clicking settings ellipses button...
22:22:41 [TestNG-test-Yt Master Tests-2] INFO  verifyingSideMenuCollapsedLangAsInSettingsLingua_22-21-21 - [verifyingSideMenuCollapsedLangAsInSettingsLingua_22-21-21] Trying to find element: By.xpath: //ytd-topbar-menu-button-renderer[@class='style-scope ytd-masthead style-default']
22:22:42 [TestNG-test-Yt Master Tests-2] INFO  verifyingSideMenuCollapsedLangAsInSettingsLingua_22-21-21 - [verifyingSideMenuCollapsedLangAsInSettingsLingua_22-21-21] Element found and ready (attempt 1): By.xpath: //ytd-topbar-menu-button-renderer[@class='style-scope ytd-masthead style-default']
22:22:42 [TestNG-test-Yt Master Tests-2] INFO  verifyingSideMenuCollapsedLangAsInSettingsLingua_22-21-21 - [verifyingSideMenuCollapsedLangAsInSettingsLingua_22-21-21] Waiting until element is visible in viewport
22:22:42 [TestNG-test-Yt Master Tests-2] INFO  verifyingSideMenuCollapsedLangAsInSettingsLingua_22-21-21 - Clicking settings ellipses button...
22:22:42 [TestNG-test-Yt Master Tests-2] INFO  verifyingSideMenuCollapsedLangAsInSettingsLingua_22-21-21 - [verifyingSideMenuCollapsedLangAsInSettingsLingua_22-21-21] Trying to find element: By.xpath: //ytd-topbar-menu-button-renderer[@class='style-scope ytd-masthead style-default']
22:22:43 [TestNG-test-Yt Master Tests-2] INFO  verifyingSideMenuCollapsedLangAsInSettingsLingua_22-21-21 - [verifyingSideMenuCollapsedLangAsInSettingsLingua_22-21-21] Element found and ready (attempt 1): By.xpath: //ytd-topbar-menu-button-renderer[@class='style-scope ytd-masthead style-default']
22:22:43 [TestNG-test-Yt Master Tests-2] INFO  verifyingSideMenuCollapsedLangAsInSettingsLingua_22-21-21 - getLangAttribute() - locating <html> and reading lang property
22:22:43 [TestNG-test-Yt Master Tests-2] INFO  verifyingSideMenuCollapsedLangAsInSettingsLingua_22-21-21 - Language attribute read: en
22:22:43 [TestNG-test-Yt Master Tests-2] INFO  verifyingSideMenuCollapsedLangAsInSettingsLingua_22-21-21 - Fetching the side menu in collapsed view
22:22:43 [TestNG-test-Yt Master Tests-2] INFO  verifyingSideMenuCollapsedLangAsInSettingsLingua_22-21-21 - [verifyingSideMenuCollapsedLangAsInSettingsLingua_22-21-21] Finding elements list: By.xpath: //ytd-mini-guide-renderer[@class='style-scope ytd-app']//ytd-mini-guide-entry-renderer
22:22:43 [TestNG-test-Yt Master Tests-2] INFO  verifyingSideMenuCollapsedLangAsInSettingsLingua_22-21-21 - [verifyingSideMenuCollapsedLangAsInSettingsLingua_22-21-21] Found 4 ready elements (attempt 1): By.xpath: //ytd-mini-guide-renderer[@class='style-scope ytd-app']//ytd-mini-guide-entry-renderer
22:22:43 [TestNG-test-Yt Master Tests-2] INFO  verifyingSideMenuCollapsedLangAsInSettingsLingua_22-21-21 - 
========== LANGUAGE DETECTION ==========
Detected Language : ENGLISH
Input Text        : Home Shorts Subscriptions You
========================================
22:22:43 [TestNG-test-Yt Master Tests-2] INFO  verifyingSideMenuCollapsedLangAsInSettingsLingua_22-21-21 - text sent to lingua is       Home Shorts Subscriptions You
22:22:43 [TestNG-test-Yt Master Tests-2] INFO  verifyingSideMenuCollapsedLangAsInSettingsLingua_22-21-21 - getLangAttribute() - locating <html> and reading lang property
22:22:43 [TestNG-test-Yt Master Tests-2] INFO  verifyingSideMenuCollapsedLangAsInSettingsLingua_22-21-21 - Language attribute read: en
22:22:43 [TestNG-test-Yt Master Tests-2] INFO  verifyingSideMenuCollapsedLangAsInSettingsLingua_22-21-21 - Clicking settings ellipses button...
22:22:43 [TestNG-test-Yt Master Tests-2] INFO  verifyingSideMenuCollapsedLangAsInSettingsLingua_22-21-21 - [verifyingSideMenuCollapsedLangAsInSettingsLingua_22-21-21] Trying to find element: By.xpath: //ytd-topbar-menu-button-renderer[@class='style-scope ytd-masthead style-default']
22:22:43 [TestNG-test-Yt Master Tests-2] INFO  verifyingSideMenuCollapsedLangAsInSettingsLingua_22-21-21 - [verifyingSideMenuCollapsedLangAsInSettingsLingua_22-21-21] Element found and ready (attempt 1): By.xpath: //ytd-topbar-menu-button-renderer[@class='style-scope ytd-masthead style-default']
22:22:43 [TestNG-test-Yt Master Tests-2] INFO  verifyingSideMenuCollapsedLangAsInSettingsLingua_22-21-21 - Clicking language dropdown...
22:22:43 [TestNG-test-Yt Master Tests-2] INFO  verifyingSideMenuCollapsedLangAsInSettingsLingua_22-21-21 - [verifyingSideMenuCollapsedLangAsInSettingsLingua_22-21-21] Trying to find element: By.xpath: (//div[@id='content-icon'])[2]
22:22:44 [TestNG-test-Yt Master Tests-2] INFO  verifyingSideMenuCollapsedLangAsInSettingsLingua_22-21-21 - [verifyingSideMenuCollapsedLangAsInSettingsLingua_22-21-21] Element found and ready (attempt 1): By.xpath: (//div[@id='content-icon'])[2]
22:22:44 [TestNG-test-Yt Master Tests-2] INFO  verifyingSideMenuCollapsedLangAsInSettingsLingua_22-21-21 - Looking for language element with name: Español (España)
22:22:44 [TestNG-test-Yt Master Tests-2] INFO  verifyingSideMenuCollapsedLangAsInSettingsLingua_22-21-21 - [verifyingSideMenuCollapsedLangAsInSettingsLingua_22-21-21] Trying to find element: By.xpath: //yt-multi-page-menu-section-renderer[@class='style-scope ytd-multi-page-menu-renderer']//yt-formatted-string[@id='label' and text()='Español (España)']
22:22:45 [TestNG-test-Yt Master Tests-2] INFO  verifyingSideMenuCollapsedLangAsInSettingsLingua_22-21-21 - [verifyingSideMenuCollapsedLangAsInSettingsLingua_22-21-21] Element found and ready (attempt 1): By.xpath: //yt-multi-page-menu-section-renderer[@class='style-scope ytd-multi-page-menu-renderer']//yt-formatted-string[@id='label' and text()='Español (España)']
22:22:45 [TestNG-test-Yt Master Tests-2] INFO  verifyingSideMenuCollapsedLangAsInSettingsLingua_22-21-21 - [verifyingSideMenuCollapsedLangAsInSettingsLingua_22-21-21] Trying to find element: By.xpath: //yt-multi-page-menu-section-renderer[@class='style-scope ytd-multi-page-menu-renderer']//yt-formatted-string[@id='label' and text()='Español (España)']
22:22:45 [TestNG-test-Yt Master Tests-2] INFO  verifyingSideMenuCollapsedLangAsInSettingsLingua_22-21-21 - [verifyingSideMenuCollapsedLangAsInSettingsLingua_22-21-21] Element found and ready (attempt 1): By.xpath: //yt-multi-page-menu-section-renderer[@class='style-scope ytd-multi-page-menu-renderer']//yt-formatted-string[@id='label' and text()='Español (España)']
22:22:47 [TestNG-test-Yt Master Tests-2] INFO  verifyingSideMenuCollapsedLangAsInSettingsLingua_22-21-21 - Clicking settings ellipses button...
22:22:48 [TestNG-test-Yt Master Tests-2] INFO  verifyingSideMenuCollapsedLangAsInSettingsLingua_22-21-21 - [verifyingSideMenuCollapsedLangAsInSettingsLingua_22-21-21] Trying to find element: By.xpath: //ytd-topbar-menu-button-renderer[@class='style-scope ytd-masthead style-default']
22:22:48 [TestNG-test-Yt Master Tests-2] INFO  verifyingSideMenuCollapsedLangAsInSettingsLingua_22-21-21 - [verifyingSideMenuCollapsedLangAsInSettingsLingua_22-21-21] Element found and ready (attempt 1): By.xpath: //ytd-topbar-menu-button-renderer[@class='style-scope ytd-masthead style-default']
22:22:48 [TestNG-test-Yt Master Tests-2] INFO  verifyingSideMenuCollapsedLangAsInSettingsLingua_22-21-21 - [verifyingSideMenuCollapsedLangAsInSettingsLingua_22-21-21] Waiting until element is visible in viewport
22:22:49 [TestNG-test-Yt Master Tests-2] INFO  verifyingSideMenuCollapsedLangAsInSettingsLingua_22-21-21 - Clicking settings ellipses button...
22:22:49 [TestNG-test-Yt Master Tests-2] INFO  verifyingSideMenuCollapsedLangAsInSettingsLingua_22-21-21 - [verifyingSideMenuCollapsedLangAsInSettingsLingua_22-21-21] Trying to find element: By.xpath: //ytd-topbar-menu-button-renderer[@class='style-scope ytd-masthead style-default']
22:22:49 [TestNG-test-Yt Master Tests-2] INFO  verifyingSideMenuCollapsedLangAsInSettingsLingua_22-21-21 - [verifyingSideMenuCollapsedLangAsInSettingsLingua_22-21-21] Element found and ready (attempt 1): By.xpath: //ytd-topbar-menu-button-renderer[@class='style-scope ytd-masthead style-default']
22:22:49 [TestNG-test-Yt Master Tests-2] INFO  verifyingSideMenuCollapsedLangAsInSettingsLingua_22-21-21 - getLangAttribute() - locating <html> and reading lang property
22:22:49 [TestNG-test-Yt Master Tests-2] INFO  verifyingSideMenuCollapsedLangAsInSettingsLingua_22-21-21 - Language attribute read: es-ES
22:22:49 [TestNG-test-Yt Master Tests-2] INFO  verifyingSideMenuCollapsedLangAsInSettingsLingua_22-21-21 - Fetching the side menu in collapsed view
22:22:49 [TestNG-test-Yt Master Tests-2] INFO  verifyingSideMenuCollapsedLangAsInSettingsLingua_22-21-21 - [verifyingSideMenuCollapsedLangAsInSettingsLingua_22-21-21] Finding elements list: By.xpath: //ytd-mini-guide-renderer[@class='style-scope ytd-app']//ytd-mini-guide-entry-renderer
22:22:49 [TestNG-test-Yt Master Tests-2] INFO  verifyingSideMenuCollapsedLangAsInSettingsLingua_22-21-21 - [verifyingSideMenuCollapsedLangAsInSettingsLingua_22-21-21] Found 4 ready elements (attempt 1): By.xpath: //ytd-mini-guide-renderer[@class='style-scope ytd-app']//ytd-mini-guide-entry-renderer
22:22:49 [TestNG-test-Yt Master Tests-2] INFO  verifyingSideMenuCollapsedLangAsInSettingsLingua_22-21-21 - 
========== LANGUAGE DETECTION ==========
Detected Language : SPANISH
Input Text        : Inicio Shorts Suscripciones Tú
========================================
22:22:49 [TestNG-test-Yt Master Tests-2] INFO  verifyingSideMenuCollapsedLangAsInSettingsLingua_22-21-21 - text sent to lingua is       Inicio Shorts Suscripciones Tú
22:22:49 [TestNG-test-Yt Master Tests-2] INFO  verifyingSideMenuCollapsedLangAsInSettingsLingua_22-21-21 - getLangAttribute() - locating <html> and reading lang property
22:22:49 [TestNG-test-Yt Master Tests-2] INFO  verifyingSideMenuCollapsedLangAsInSettingsLingua_22-21-21 - Language attribute read: es-ES
22:22:49 [TestNG-test-Yt Master Tests-2] INFO  verifyingSideMenuCollapsedLangAsInSettingsLingua_22-21-21 - Clicking settings ellipses button...
22:22:49 [TestNG-test-Yt Master Tests-2] INFO  verifyingSideMenuCollapsedLangAsInSettingsLingua_22-21-21 - [verifyingSideMenuCollapsedLangAsInSettingsLingua_22-21-21] Trying to find element: By.xpath: //ytd-topbar-menu-button-renderer[@class='style-scope ytd-masthead style-default']
22:22:49 [TestNG-test-Yt Master Tests-2] INFO  verifyingSideMenuCollapsedLangAsInSettingsLingua_22-21-21 - [verifyingSideMenuCollapsedLangAsInSettingsLingua_22-21-21] Element found and ready (attempt 1): By.xpath: //ytd-topbar-menu-button-renderer[@class='style-scope ytd-masthead style-default']
22:22:49 [TestNG-test-Yt Master Tests-2] INFO  verifyingSideMenuCollapsedLangAsInSettingsLingua_22-21-21 - Clicking language dropdown...
22:22:49 [TestNG-test-Yt Master Tests-2] INFO  verifyingSideMenuCollapsedLangAsInSettingsLingua_22-21-21 - [verifyingSideMenuCollapsedLangAsInSettingsLingua_22-21-21] Trying to find element: By.xpath: (//div[@id='content-icon'])[2]
22:22:50 [TestNG-test-Yt Master Tests-2] INFO  verifyingSideMenuCollapsedLangAsInSettingsLingua_22-21-21 - [verifyingSideMenuCollapsedLangAsInSettingsLingua_22-21-21] Element found and ready (attempt 1): By.xpath: (//div[@id='content-icon'])[2]
22:22:50 [TestNG-test-Yt Master Tests-2] INFO  verifyingSideMenuCollapsedLangAsInSettingsLingua_22-21-21 - Looking for language element with name: Español (Latinoamérica)
22:22:50 [TestNG-test-Yt Master Tests-2] INFO  verifyingSideMenuCollapsedLangAsInSettingsLingua_22-21-21 - [verifyingSideMenuCollapsedLangAsInSettingsLingua_22-21-21] Trying to find element: By.xpath: //yt-multi-page-menu-section-renderer[@class='style-scope ytd-multi-page-menu-renderer']//yt-formatted-string[@id='label' and text()='Español (Latinoamérica)']
22:22:50 [TestNG-test-Yt Master Tests-2] INFO  verifyingSideMenuCollapsedLangAsInSettingsLingua_22-21-21 - [verifyingSideMenuCollapsedLangAsInSettingsLingua_22-21-21] Element found and ready (attempt 1): By.xpath: //yt-multi-page-menu-section-renderer[@class='style-scope ytd-multi-page-menu-renderer']//yt-formatted-string[@id='label' and text()='Español (Latinoamérica)']
22:22:50 [TestNG-test-Yt Master Tests-2] INFO  verifyingSideMenuCollapsedLangAsInSettingsLingua_22-21-21 - [verifyingSideMenuCollapsedLangAsInSettingsLingua_22-21-21] Trying to find element: By.xpath: //yt-multi-page-menu-section-renderer[@class='style-scope ytd-multi-page-menu-renderer']//yt-formatted-string[@id='label' and text()='Español (Latinoamérica)']
22:22:50 [TestNG-test-Yt Master Tests-2] INFO  verifyingSideMenuCollapsedLangAsInSettingsLingua_22-21-21 - [verifyingSideMenuCollapsedLangAsInSettingsLingua_22-21-21] Element found and ready (attempt 1): By.xpath: //yt-multi-page-menu-section-renderer[@class='style-scope ytd-multi-page-menu-renderer']//yt-formatted-string[@id='label' and text()='Español (Latinoamérica)']
22:22:52 [TestNG-test-Yt Master Tests-2] INFO  verifyingSideMenuCollapsedLangAsInSettingsLingua_22-21-21 - Clicking settings ellipses button...
22:22:52 [TestNG-test-Yt Master Tests-2] INFO  verifyingSideMenuCollapsedLangAsInSettingsLingua_22-21-21 - [verifyingSideMenuCollapsedLangAsInSettingsLingua_22-21-21] Trying to find element: By.xpath: //ytd-topbar-menu-button-renderer[@class='style-scope ytd-masthead style-default']
22:22:53 [TestNG-test-Yt Master Tests-2] INFO  verifyingSideMenuCollapsedLangAsInSettingsLingua_22-21-21 - [verifyingSideMenuCollapsedLangAsInSettingsLingua_22-21-21] Element found and ready (attempt 1): By.xpath: //ytd-topbar-menu-button-renderer[@class='style-scope ytd-masthead style-default']
22:22:53 [TestNG-test-Yt Master Tests-2] INFO  verifyingSideMenuCollapsedLangAsInSettingsLingua_22-21-21 - [verifyingSideMenuCollapsedLangAsInSettingsLingua_22-21-21] Waiting until element is visible in viewport
22:22:54 [TestNG-test-Yt Master Tests-2] INFO  verifyingSideMenuCollapsedLangAsInSettingsLingua_22-21-21 - Clicking settings ellipses button...
22:22:54 [TestNG-test-Yt Master Tests-2] INFO  verifyingSideMenuCollapsedLangAsInSettingsLingua_22-21-21 - [verifyingSideMenuCollapsedLangAsInSettingsLingua_22-21-21] Trying to find element: By.xpath: //ytd-topbar-menu-button-renderer[@class='style-scope ytd-masthead style-default']
22:22:54 [TestNG-test-Yt Master Tests-2] INFO  verifyingSideMenuCollapsedLangAsInSettingsLingua_22-21-21 - [verifyingSideMenuCollapsedLangAsInSettingsLingua_22-21-21] Element found and ready (attempt 1): By.xpath: //ytd-topbar-menu-button-renderer[@class='style-scope ytd-masthead style-default']
22:22:54 [TestNG-test-Yt Master Tests-2] INFO  verifyingSideMenuCollapsedLangAsInSettingsLingua_22-21-21 - getLangAttribute() - locating <html> and reading lang property
22:22:54 [TestNG-test-Yt Master Tests-2] INFO  verifyingSideMenuCollapsedLangAsInSettingsLingua_22-21-21 - Language attribute read: es-419
22:22:54 [TestNG-test-Yt Master Tests-2] INFO  verifyingSideMenuCollapsedLangAsInSettingsLingua_22-21-21 - Fetching the side menu in collapsed view
22:22:54 [TestNG-test-Yt Master Tests-2] INFO  verifyingSideMenuCollapsedLangAsInSettingsLingua_22-21-21 - [verifyingSideMenuCollapsedLangAsInSettingsLingua_22-21-21] Finding elements list: By.xpath: //ytd-mini-guide-renderer[@class='style-scope ytd-app']//ytd-mini-guide-entry-renderer
22:22:54 [TestNG-test-Yt Master Tests-2] INFO  verifyingSideMenuCollapsedLangAsInSettingsLingua_22-21-21 - [verifyingSideMenuCollapsedLangAsInSettingsLingua_22-21-21] Found 4 ready elements (attempt 1): By.xpath: //ytd-mini-guide-renderer[@class='style-scope ytd-app']//ytd-mini-guide-entry-renderer
22:22:54 [TestNG-test-Yt Master Tests-2] INFO  verifyingSideMenuCollapsedLangAsInSettingsLingua_22-21-21 - 
========== LANGUAGE DETECTION ==========
Detected Language : SPANISH
Input Text        : Principal Shorts Suscripciones Tú
========================================
22:22:54 [TestNG-test-Yt Master Tests-2] INFO  verifyingSideMenuCollapsedLangAsInSettingsLingua_22-21-21 - text sent to lingua is       Principal Shorts Suscripciones Tú
22:22:54 [TestNG-test-Yt Master Tests-2] INFO  verifyingSideMenuCollapsedLangAsInSettingsLingua_22-21-21 - getLangAttribute() - locating <html> and reading lang property
22:22:54 [TestNG-test-Yt Master Tests-2] INFO  verifyingSideMenuCollapsedLangAsInSettingsLingua_22-21-21 - Language attribute read: es-419
22:22:54 [TestNG-test-Yt Master Tests-2] INFO  verifyingSideMenuCollapsedLangAsInSettingsLingua_22-21-21 - Clicking settings ellipses button...
22:22:54 [TestNG-test-Yt Master Tests-2] INFO  verifyingSideMenuCollapsedLangAsInSettingsLingua_22-21-21 - [verifyingSideMenuCollapsedLangAsInSettingsLingua_22-21-21] Trying to find element: By.xpath: //ytd-topbar-menu-button-renderer[@class='style-scope ytd-masthead style-default']
22:22:55 [TestNG-test-Yt Master Tests-2] INFO  verifyingSideMenuCollapsedLangAsInSettingsLingua_22-21-21 - [verifyingSideMenuCollapsedLangAsInSettingsLingua_22-21-21] Element found and ready (attempt 1): By.xpath: //ytd-topbar-menu-button-renderer[@class='style-scope ytd-masthead style-default']
22:22:55 [TestNG-test-Yt Master Tests-2] INFO  verifyingSideMenuCollapsedLangAsInSettingsLingua_22-21-21 - Clicking language dropdown...
22:22:55 [TestNG-test-Yt Master Tests-2] INFO  verifyingSideMenuCollapsedLangAsInSettingsLingua_22-21-21 - [verifyingSideMenuCollapsedLangAsInSettingsLingua_22-21-21] Trying to find element: By.xpath: (//div[@id='content-icon'])[2]
22:22:55 [TestNG-test-Yt Master Tests-2] INFO  verifyingSideMenuCollapsedLangAsInSettingsLingua_22-21-21 - [verifyingSideMenuCollapsedLangAsInSettingsLingua_22-21-21] Element found and ready (attempt 1): By.xpath: (//div[@id='content-icon'])[2]
22:22:56 [TestNG-test-Yt Master Tests-2] INFO  verifyingSideMenuCollapsedLangAsInSettingsLingua_22-21-21 - Looking for language element with name: Español (US)
22:22:56 [TestNG-test-Yt Master Tests-2] INFO  verifyingSideMenuCollapsedLangAsInSettingsLingua_22-21-21 - [verifyingSideMenuCollapsedLangAsInSettingsLingua_22-21-21] Trying to find element: By.xpath: //yt-multi-page-menu-section-renderer[@class='style-scope ytd-multi-page-menu-renderer']//yt-formatted-string[@id='label' and text()='Español (US)']
22:22:56 [TestNG-test-Yt Master Tests-2] INFO  verifyingSideMenuCollapsedLangAsInSettingsLingua_22-21-21 - [verifyingSideMenuCollapsedLangAsInSettingsLingua_22-21-21] Element found and ready (attempt 1): By.xpath: //yt-multi-page-menu-section-renderer[@class='style-scope ytd-multi-page-menu-renderer']//yt-formatted-string[@id='label' and text()='Español (US)']
22:22:56 [TestNG-test-Yt Master Tests-2] INFO  verifyingSideMenuCollapsedLangAsInSettingsLingua_22-21-21 - [verifyingSideMenuCollapsedLangAsInSettingsLingua_22-21-21] Trying to find element: By.xpath: //yt-multi-page-menu-section-renderer[@class='style-scope ytd-multi-page-menu-renderer']//yt-formatted-string[@id='label' and text()='Español (US)']
22:22:57 [TestNG-test-Yt Master Tests-2] INFO  verifyingSideMenuCollapsedLangAsInSettingsLingua_22-21-21 - [verifyingSideMenuCollapsedLangAsInSettingsLingua_22-21-21] Element found and ready (attempt 1): By.xpath: //yt-multi-page-menu-section-renderer[@class='style-scope ytd-multi-page-menu-renderer']//yt-formatted-string[@id='label' and text()='Español (US)']
22:22:58 [TestNG-test-Yt Master Tests-2] INFO  verifyingSideMenuCollapsedLangAsInSettingsLingua_22-21-21 - Clicking settings ellipses button...
22:22:59 [TestNG-test-Yt Master Tests-2] INFO  verifyingSideMenuCollapsedLangAsInSettingsLingua_22-21-21 - [verifyingSideMenuCollapsedLangAsInSettingsLingua_22-21-21] Trying to find element: By.xpath: //ytd-topbar-menu-button-renderer[@class='style-scope ytd-masthead style-default']
22:22:59 [TestNG-test-Yt Master Tests-2] INFO  verifyingSideMenuCollapsedLangAsInSettingsLingua_22-21-21 - [verifyingSideMenuCollapsedLangAsInSettingsLingua_22-21-21] Element found and ready (attempt 1): By.xpath: //ytd-topbar-menu-button-renderer[@class='style-scope ytd-masthead style-default']
22:22:59 [TestNG-test-Yt Master Tests-2] INFO  verifyingSideMenuCollapsedLangAsInSettingsLingua_22-21-21 - [verifyingSideMenuCollapsedLangAsInSettingsLingua_22-21-21] Waiting until element is visible in viewport
22:23:00 [TestNG-test-Yt Master Tests-2] INFO  verifyingSideMenuCollapsedLangAsInSettingsLingua_22-21-21 - Clicking settings ellipses button...
22:23:00 [TestNG-test-Yt Master Tests-2] INFO  verifyingSideMenuCollapsedLangAsInSettingsLingua_22-21-21 - [verifyingSideMenuCollapsedLangAsInSettingsLingua_22-21-21] Trying to find element: By.xpath: //ytd-topbar-menu-button-renderer[@class='style-scope ytd-masthead style-default']
22:23:01 [TestNG-test-Yt Master Tests-2] INFO  verifyingSideMenuCollapsedLangAsInSettingsLingua_22-21-21 - [verifyingSideMenuCollapsedLangAsInSettingsLingua_22-21-21] Element found and ready (attempt 1): By.xpath: //ytd-topbar-menu-button-renderer[@class='style-scope ytd-masthead style-default']
22:23:01 [TestNG-test-Yt Master Tests-2] INFO  verifyingSideMenuCollapsedLangAsInSettingsLingua_22-21-21 - getLangAttribute() - locating <html> and reading lang property
22:23:01 [TestNG-test-Yt Master Tests-2] INFO  verifyingSideMenuCollapsedLangAsInSettingsLingua_22-21-21 - Language attribute read: es-US
22:23:01 [TestNG-test-Yt Master Tests-2] INFO  verifyingSideMenuCollapsedLangAsInSettingsLingua_22-21-21 - Fetching the side menu in collapsed view
22:23:01 [TestNG-test-Yt Master Tests-2] INFO  verifyingSideMenuCollapsedLangAsInSettingsLingua_22-21-21 - [verifyingSideMenuCollapsedLangAsInSettingsLingua_22-21-21] Finding elements list: By.xpath: //ytd-mini-guide-renderer[@class='style-scope ytd-app']//ytd-mini-guide-entry-renderer
22:23:01 [TestNG-test-Yt Master Tests-2] INFO  verifyingSideMenuCollapsedLangAsInSettingsLingua_22-21-21 - [verifyingSideMenuCollapsedLangAsInSettingsLingua_22-21-21] Found 4 ready elements (attempt 1): By.xpath: //ytd-mini-guide-renderer[@class='style-scope ytd-app']//ytd-mini-guide-entry-renderer
22:23:01 [TestNG-test-Yt Master Tests-2] INFO  verifyingSideMenuCollapsedLangAsInSettingsLingua_22-21-21 - 
========== LANGUAGE DETECTION ==========
Detected Language : SPANISH
Input Text        : Principal Shorts Suscripciones Tú
========================================
22:23:01 [TestNG-test-Yt Master Tests-2] INFO  verifyingSideMenuCollapsedLangAsInSettingsLingua_22-21-21 - text sent to lingua is       Principal Shorts Suscripciones Tú
22:23:01 [TestNG-test-Yt Master Tests-2] INFO  verifyingSideMenuCollapsedLangAsInSettingsLingua_22-21-21 - getLangAttribute() - locating <html> and reading lang property
22:23:01 [TestNG-test-Yt Master Tests-2] INFO  verifyingSideMenuCollapsedLangAsInSettingsLingua_22-21-21 - Language attribute read: es-US
22:23:01 [TestNG-test-Yt Master Tests-2] INFO  verifyingSideMenuCollapsedLangAsInSettingsLingua_22-21-21 - Clicking settings ellipses button...
22:23:01 [TestNG-test-Yt Master Tests-2] INFO  verifyingSideMenuCollapsedLangAsInSettingsLingua_22-21-21 - [verifyingSideMenuCollapsedLangAsInSettingsLingua_22-21-21] Trying to find element: By.xpath: //ytd-topbar-menu-button-renderer[@class='style-scope ytd-masthead style-default']
22:23:01 [TestNG-test-Yt Master Tests-2] INFO  verifyingSideMenuCollapsedLangAsInSettingsLingua_22-21-21 - [verifyingSideMenuCollapsedLangAsInSettingsLingua_22-21-21] Element found and ready (attempt 1): By.xpath: //ytd-topbar-menu-button-renderer[@class='style-scope ytd-masthead style-default']
22:23:01 [TestNG-test-Yt Master Tests-2] INFO  verifyingSideMenuCollapsedLangAsInSettingsLingua_22-21-21 - Clicking language dropdown...
22:23:01 [TestNG-test-Yt Master Tests-2] INFO  verifyingSideMenuCollapsedLangAsInSettingsLingua_22-21-21 - [verifyingSideMenuCollapsedLangAsInSettingsLingua_22-21-21] Trying to find element: By.xpath: (//div[@id='content-icon'])[2]
22:23:02 [TestNG-test-Yt Master Tests-2] INFO  verifyingSideMenuCollapsedLangAsInSettingsLingua_22-21-21 - [verifyingSideMenuCollapsedLangAsInSettingsLingua_22-21-21] Element found and ready (attempt 1): By.xpath: (//div[@id='content-icon'])[2]
22:23:02 [TestNG-test-Yt Master Tests-2] INFO  verifyingSideMenuCollapsedLangAsInSettingsLingua_22-21-21 - Looking for language element with name: Euskara
22:23:02 [TestNG-test-Yt Master Tests-2] INFO  verifyingSideMenuCollapsedLangAsInSettingsLingua_22-21-21 - [verifyingSideMenuCollapsedLangAsInSettingsLingua_22-21-21] Trying to find element: By.xpath: //yt-multi-page-menu-section-renderer[@class='style-scope ytd-multi-page-menu-renderer']//yt-formatted-string[@id='label' and text()='Euskara']
22:23:02 [TestNG-test-Yt Master Tests-2] INFO  verifyingSideMenuCollapsedLangAsInSettingsLingua_22-21-21 - [verifyingSideMenuCollapsedLangAsInSettingsLingua_22-21-21] Element found and ready (attempt 1): By.xpath: //yt-multi-page-menu-section-renderer[@class='style-scope ytd-multi-page-menu-renderer']//yt-formatted-string[@id='label' and text()='Euskara']
22:23:02 [TestNG-test-Yt Master Tests-2] INFO  verifyingSideMenuCollapsedLangAsInSettingsLingua_22-21-21 - [verifyingSideMenuCollapsedLangAsInSettingsLingua_22-21-21] Trying to find element: By.xpath: //yt-multi-page-menu-section-renderer[@class='style-scope ytd-multi-page-menu-renderer']//yt-formatted-string[@id='label' and text()='Euskara']
22:23:03 [TestNG-test-Yt Master Tests-2] INFO  verifyingSideMenuCollapsedLangAsInSettingsLingua_22-21-21 - [verifyingSideMenuCollapsedLangAsInSettingsLingua_22-21-21] Element found and ready (attempt 1): By.xpath: //yt-multi-page-menu-section-renderer[@class='style-scope ytd-multi-page-menu-renderer']//yt-formatted-string[@id='label' and text()='Euskara']
22:23:03 [TestNG-test-Yt Master Tests-2] INFO  verifyingSideMenuCollapsedLangAsInSettingsLingua_22-21-21 - Clicking settings ellipses button...
22:23:04 [TestNG-test-Yt Master Tests-2] INFO  verifyingSideMenuCollapsedLangAsInSettingsLingua_22-21-21 - [verifyingSideMenuCollapsedLangAsInSettingsLingua_22-21-21] Trying to find element: By.xpath: //ytd-topbar-menu-button-renderer[@class='style-scope ytd-masthead style-default']
22:23:04 [TestNG-test-Yt Master Tests-2] INFO  verifyingSideMenuCollapsedLangAsInSettingsLingua_22-21-21 - [verifyingSideMenuCollapsedLangAsInSettingsLingua_22-21-21] Element found and ready (attempt 1): By.xpath: //ytd-topbar-menu-button-renderer[@class='style-scope ytd-masthead style-default']
22:23:05 [TestNG-test-Yt Master Tests-2] INFO  verifyingSideMenuCollapsedLangAsInSettingsLingua_22-21-21 - [verifyingSideMenuCollapsedLangAsInSettingsLingua_22-21-21] Waiting until element is visible in viewport
22:23:05 [TestNG-test-Yt Master Tests-2] INFO  verifyingSideMenuCollapsedLangAsInSettingsLingua_22-21-21 - Clicking settings ellipses button...
22:23:05 [TestNG-test-Yt Master Tests-2] INFO  verifyingSideMenuCollapsedLangAsInSettingsLingua_22-21-21 - [verifyingSideMenuCollapsedLangAsInSettingsLingua_22-21-21] Trying to find element: By.xpath: //ytd-topbar-menu-button-renderer[@class='style-scope ytd-masthead style-default']
22:23:06 [TestNG-test-Yt Master Tests-2] INFO  verifyingSideMenuCollapsedLangAsInSettingsLingua_22-21-21 - [verifyingSideMenuCollapsedLangAsInSettingsLingua_22-21-21] Element found and ready (attempt 1): By.xpath: //ytd-topbar-menu-button-renderer[@class='style-scope ytd-masthead style-default']
22:23:06 [TestNG-test-Yt Master Tests-2] INFO  verifyingSideMenuCollapsedLangAsInSettingsLingua_22-21-21 - getLangAttribute() - locating <html> and reading lang property
22:23:06 [TestNG-test-Yt Master Tests-2] INFO  verifyingSideMenuCollapsedLangAsInSettingsLingua_22-21-21 - Language attribute read: eu-ES
22:23:06 [TestNG-test-Yt Master Tests-2] INFO  verifyingSideMenuCollapsedLangAsInSettingsLingua_22-21-21 - Fetching the side menu in collapsed view
22:23:06 [TestNG-test-Yt Master Tests-2] INFO  verifyingSideMenuCollapsedLangAsInSettingsLingua_22-21-21 - [verifyingSideMenuCollapsedLangAsInSettingsLingua_22-21-21] Finding elements list: By.xpath: //ytd-mini-guide-renderer[@class='style-scope ytd-app']//ytd-mini-guide-entry-renderer
22:23:07 [TestNG-test-Yt Master Tests-2] INFO  verifyingSideMenuCollapsedLangAsInSettingsLingua_22-21-21 - [verifyingSideMenuCollapsedLangAsInSettingsLingua_22-21-21] Found 4 ready elements (attempt 1): By.xpath: //ytd-mini-guide-renderer[@class='style-scope ytd-app']//ytd-mini-guide-entry-renderer
22:23:07 [TestNG-test-Yt Master Tests-2] INFO  verifyingSideMenuCollapsedLangAsInSettingsLingua_22-21-21 - 
========== LANGUAGE DETECTION ==========
Detected Language : BASQUE
Input Text        : Orri nagusia Shorts Harpidetzak Zu
========================================
22:23:07 [TestNG-test-Yt Master Tests-2] INFO  verifyingSideMenuCollapsedLangAsInSettingsLingua_22-21-21 - text sent to lingua is       Orri nagusia Shorts Harpidetzak Zu
22:23:07 [TestNG-test-Yt Master Tests-2] INFO  verifyingSideMenuCollapsedLangAsInSettingsLingua_22-21-21 - getLangAttribute() - locating <html> and reading lang property
22:23:07 [TestNG-test-Yt Master Tests-2] INFO  verifyingSideMenuCollapsedLangAsInSettingsLingua_22-21-21 - Language attribute read: eu-ES
22:23:07 [TestNG-test-Yt Master Tests-2] INFO  verifyingSideMenuCollapsedLangAsInSettingsLingua_22-21-21 - Clicking settings ellipses button...
22:23:08 [TestNG-test-Yt Master Tests-2] INFO  verifyingSideMenuCollapsedLangAsInSettingsLingua_22-21-21 - [verifyingSideMenuCollapsedLangAsInSettingsLingua_22-21-21] Trying to find element: By.xpath: //ytd-topbar-menu-button-renderer[@class='style-scope ytd-masthead style-default']
22:23:08 [TestNG-test-Yt Master Tests-2] INFO  verifyingSideMenuCollapsedLangAsInSettingsLingua_22-21-21 - [verifyingSideMenuCollapsedLangAsInSettingsLingua_22-21-21] Element found and ready (attempt 1): By.xpath: //ytd-topbar-menu-button-renderer[@class='style-scope ytd-masthead style-default']
22:23:08 [TestNG-test-Yt Master Tests-2] INFO  verifyingSideMenuCollapsedLangAsInSettingsLingua_22-21-21 - Clicking language dropdown...
22:23:08 [TestNG-test-Yt Master Tests-2] INFO  verifyingSideMenuCollapsedLangAsInSettingsLingua_22-21-21 - [verifyingSideMenuCollapsedLangAsInSettingsLingua_22-21-21] Trying to find element: By.xpath: (//div[@id='content-icon'])[2]
22:23:08 [TestNG-test-Yt Master Tests-2] INFO  verifyingSideMenuCollapsedLangAsInSettingsLingua_22-21-21 - [verifyingSideMenuCollapsedLangAsInSettingsLingua_22-21-21] Element found and ready (attempt 1): By.xpath: (//div[@id='content-icon'])[2]
22:23:09 [TestNG-test-Yt Master Tests-2] INFO  verifyingSideMenuCollapsedLangAsInSettingsLingua_22-21-21 - Looking for language element with name: Français
22:23:09 [TestNG-test-Yt Master Tests-2] INFO  verifyingSideMenuCollapsedLangAsInSettingsLingua_22-21-21 - [verifyingSideMenuCollapsedLangAsInSettingsLingua_22-21-21] Trying to find element: By.xpath: //yt-multi-page-menu-section-renderer[@class='style-scope ytd-multi-page-menu-renderer']//yt-formatted-string[@id='label' and text()='Français']
22:23:09 [TestNG-test-Yt Master Tests-2] INFO  verifyingSideMenuCollapsedLangAsInSettingsLingua_22-21-21 - [verifyingSideMenuCollapsedLangAsInSettingsLingua_22-21-21] Element found and ready (attempt 1): By.xpath: //yt-multi-page-menu-section-renderer[@class='style-scope ytd-multi-page-menu-renderer']//yt-formatted-string[@id='label' and text()='Français']
22:23:09 [TestNG-test-Yt Master Tests-2] INFO  verifyingSideMenuCollapsedLangAsInSettingsLingua_22-21-21 - [verifyingSideMenuCollapsedLangAsInSettingsLingua_22-21-21] Trying to find element: By.xpath: //yt-multi-page-menu-section-renderer[@class='style-scope ytd-multi-page-menu-renderer']//yt-formatted-string[@id='label' and text()='Français']
22:23:09 [TestNG-test-Yt Master Tests-2] INFO  verifyingSideMenuCollapsedLangAsInSettingsLingua_22-21-21 - [verifyingSideMenuCollapsedLangAsInSettingsLingua_22-21-21] Element found and ready (attempt 1): By.xpath: //yt-multi-page-menu-section-renderer[@class='style-scope ytd-multi-page-menu-renderer']//yt-formatted-string[@id='label' and text()='Français']
22:23:10 [TestNG-test-Yt Master Tests-2] INFO  verifyingSideMenuCollapsedLangAsInSettingsLingua_22-21-21 - Clicking settings ellipses button...
22:23:11 [TestNG-test-Yt Master Tests-2] INFO  verifyingSideMenuCollapsedLangAsInSettingsLingua_22-21-21 - [verifyingSideMenuCollapsedLangAsInSettingsLingua_22-21-21] Trying to find element: By.xpath: //ytd-topbar-menu-button-renderer[@class='style-scope ytd-masthead style-default']
22:23:11 [TestNG-test-Yt Master Tests-2] INFO  verifyingSideMenuCollapsedLangAsInSettingsLingua_22-21-21 - [verifyingSideMenuCollapsedLangAsInSettingsLingua_22-21-21] Element found and ready (attempt 1): By.xpath: //ytd-topbar-menu-button-renderer[@class='style-scope ytd-masthead style-default']
22:23:11 [TestNG-test-Yt Master Tests-2] INFO  verifyingSideMenuCollapsedLangAsInSettingsLingua_22-21-21 - [verifyingSideMenuCollapsedLangAsInSettingsLingua_22-21-21] Waiting until element is visible in viewport
22:23:12 [TestNG-test-Yt Master Tests-2] INFO  verifyingSideMenuCollapsedLangAsInSettingsLingua_22-21-21 - Clicking settings ellipses button...
22:23:12 [TestNG-test-Yt Master Tests-2] INFO  verifyingSideMenuCollapsedLangAsInSettingsLingua_22-21-21 - [verifyingSideMenuCollapsedLangAsInSettingsLingua_22-21-21] Trying to find element: By.xpath: //ytd-topbar-menu-button-renderer[@class='style-scope ytd-masthead style-default']
22:23:12 [TestNG-test-Yt Master Tests-2] INFO  verifyingSideMenuCollapsedLangAsInSettingsLingua_22-21-21 - [verifyingSideMenuCollapsedLangAsInSettingsLingua_22-21-21] Element found and ready (attempt 1): By.xpath: //ytd-topbar-menu-button-renderer[@class='style-scope ytd-masthead style-default']
22:23:12 [TestNG-test-Yt Master Tests-2] INFO  verifyingSideMenuCollapsedLangAsInSettingsLingua_22-21-21 - getLangAttribute() - locating <html> and reading lang property
22:23:12 [TestNG-test-Yt Master Tests-2] INFO  verifyingSideMenuCollapsedLangAsInSettingsLingua_22-21-21 - Language attribute read: fr-FR
22:23:12 [TestNG-test-Yt Master Tests-2] INFO  verifyingSideMenuCollapsedLangAsInSettingsLingua_22-21-21 - Fetching the side menu in collapsed view
22:23:12 [TestNG-test-Yt Master Tests-2] INFO  verifyingSideMenuCollapsedLangAsInSettingsLingua_22-21-21 - [verifyingSideMenuCollapsedLangAsInSettingsLingua_22-21-21] Finding elements list: By.xpath: //ytd-mini-guide-renderer[@class='style-scope ytd-app']//ytd-mini-guide-entry-renderer
22:23:12 [TestNG-test-Yt Master Tests-2] INFO  verifyingSideMenuCollapsedLangAsInSettingsLingua_22-21-21 - [verifyingSideMenuCollapsedLangAsInSettingsLingua_22-21-21] Found 4 ready elements (attempt 1): By.xpath: //ytd-mini-guide-renderer[@class='style-scope ytd-app']//ytd-mini-guide-entry-renderer
22:23:12 [TestNG-test-Yt Master Tests-2] INFO  verifyingSideMenuCollapsedLangAsInSettingsLingua_22-21-21 - 
========== LANGUAGE DETECTION ==========
Detected Language : FRENCH
Input Text        : Accueil Shorts Abonnements Vous
========================================
22:23:12 [TestNG-test-Yt Master Tests-2] INFO  verifyingSideMenuCollapsedLangAsInSettingsLingua_22-21-21 - text sent to lingua is       Accueil Shorts Abonnements Vous
22:23:12 [TestNG-test-Yt Master Tests-2] INFO  verifyingSideMenuCollapsedLangAsInSettingsLingua_22-21-21 - getLangAttribute() - locating <html> and reading lang property
22:23:12 [TestNG-test-Yt Master Tests-2] INFO  verifyingSideMenuCollapsedLangAsInSettingsLingua_22-21-21 - Language attribute read: fr-FR
22:23:12 [TestNG-test-Yt Master Tests-2] INFO  verifyingSideMenuCollapsedLangAsInSettingsLingua_22-21-21 - Clicking settings ellipses button...
22:23:12 [TestNG-test-Yt Master Tests-2] INFO  verifyingSideMenuCollapsedLangAsInSettingsLingua_22-21-21 - [verifyingSideMenuCollapsedLangAsInSettingsLingua_22-21-21] Trying to find element: By.xpath: //ytd-topbar-menu-button-renderer[@class='style-scope ytd-masthead style-default']
22:23:12 [TestNG-test-Yt Master Tests-2] INFO  verifyingSideMenuCollapsedLangAsInSettingsLingua_22-21-21 - [verifyingSideMenuCollapsedLangAsInSettingsLingua_22-21-21] Element found and ready (attempt 1): By.xpath: //ytd-topbar-menu-button-renderer[@class='style-scope ytd-masthead style-default']
22:23:12 [TestNG-test-Yt Master Tests-2] INFO  verifyingSideMenuCollapsedLangAsInSettingsLingua_22-21-21 - Clicking language dropdown...
22:23:12 [TestNG-test-Yt Master Tests-2] INFO  verifyingSideMenuCollapsedLangAsInSettingsLingua_22-21-21 - [verifyingSideMenuCollapsedLangAsInSettingsLingua_22-21-21] Trying to find element: By.xpath: (//div[@id='content-icon'])[2]
22:23:13 [TestNG-test-Yt Master Tests-2] INFO  verifyingSideMenuCollapsedLangAsInSettingsLingua_22-21-21 - [verifyingSideMenuCollapsedLangAsInSettingsLingua_22-21-21] Element found and ready (attempt 1): By.xpath: (//div[@id='content-icon'])[2]
22:23:14 [TestNG-test-Yt Master Tests-2] INFO  verifyingSideMenuCollapsedLangAsInSettingsLingua_22-21-21 - Looking for language element with name: Français (Canada)
22:23:14 [TestNG-test-Yt Master Tests-2] INFO  verifyingSideMenuCollapsedLangAsInSettingsLingua_22-21-21 - [verifyingSideMenuCollapsedLangAsInSettingsLingua_22-21-21] Trying to find element: By.xpath: //yt-multi-page-menu-section-renderer[@class='style-scope ytd-multi-page-menu-renderer']//yt-formatted-string[@id='label' and text()='Français (Canada)']
22:23:14 [TestNG-test-Yt Master Tests-2] INFO  verifyingSideMenuCollapsedLangAsInSettingsLingua_22-21-21 - [verifyingSideMenuCollapsedLangAsInSettingsLingua_22-21-21] Element found and ready (attempt 1): By.xpath: //yt-multi-page-menu-section-renderer[@class='style-scope ytd-multi-page-menu-renderer']//yt-formatted-string[@id='label' and text()='Français (Canada)']
22:23:14 [TestNG-test-Yt Master Tests-2] INFO  verifyingSideMenuCollapsedLangAsInSettingsLingua_22-21-21 - [verifyingSideMenuCollapsedLangAsInSettingsLingua_22-21-21] Trying to find element: By.xpath: //yt-multi-page-menu-section-renderer[@class='style-scope ytd-multi-page-menu-renderer']//yt-formatted-string[@id='label' and text()='Français (Canada)']
22:23:14 [TestNG-test-Yt Master Tests-2] INFO  verifyingSideMenuCollapsedLangAsInSettingsLingua_22-21-21 - [verifyingSideMenuCollapsedLangAsInSettingsLingua_22-21-21] Element found and ready (attempt 1): By.xpath: //yt-multi-page-menu-section-renderer[@class='style-scope ytd-multi-page-menu-renderer']//yt-formatted-string[@id='label' and text()='Français (Canada)']
22:23:15 [TestNG-test-Yt Master Tests-2] INFO  verifyingSideMenuCollapsedLangAsInSettingsLingua_22-21-21 - Clicking settings ellipses button...
22:23:16 [TestNG-test-Yt Master Tests-2] INFO  verifyingSideMenuCollapsedLangAsInSettingsLingua_22-21-21 - [verifyingSideMenuCollapsedLangAsInSettingsLingua_22-21-21] Trying to find element: By.xpath: //ytd-topbar-menu-button-renderer[@class='style-scope ytd-masthead style-default']
22:23:16 [TestNG-test-Yt Master Tests-2] INFO  verifyingSideMenuCollapsedLangAsInSettingsLingua_22-21-21 - [verifyingSideMenuCollapsedLangAsInSettingsLingua_22-21-21] Element found and ready (attempt 1): By.xpath: //ytd-topbar-menu-button-renderer[@class='style-scope ytd-masthead style-default']
22:23:17 [TestNG-test-Yt Master Tests-2] INFO  verifyingSideMenuCollapsedLangAsInSettingsLingua_22-21-21 - [verifyingSideMenuCollapsedLangAsInSettingsLingua_22-21-21] Waiting until element is visible in viewport
22:23:17 [TestNG-test-Yt Master Tests-2] INFO  verifyingSideMenuCollapsedLangAsInSettingsLingua_22-21-21 - Clicking settings ellipses button...
22:23:17 [TestNG-test-Yt Master Tests-2] INFO  verifyingSideMenuCollapsedLangAsInSettingsLingua_22-21-21 - [verifyingSideMenuCollapsedLangAsInSettingsLingua_22-21-21] Trying to find element: By.xpath: //ytd-topbar-menu-button-renderer[@class='style-scope ytd-masthead style-default']
22:23:18 [TestNG-test-Yt Master Tests-2] INFO  verifyingSideMenuCollapsedLangAsInSettingsLingua_22-21-21 - [verifyingSideMenuCollapsedLangAsInSettingsLingua_22-21-21] Element found and ready (attempt 1): By.xpath: //ytd-topbar-menu-button-renderer[@class='style-scope ytd-masthead style-default']
22:23:18 [TestNG-test-Yt Master Tests-2] INFO  verifyingSideMenuCollapsedLangAsInSettingsLingua_22-21-21 - getLangAttribute() - locating <html> and reading lang property
22:23:18 [TestNG-test-Yt Master Tests-2] INFO  verifyingSideMenuCollapsedLangAsInSettingsLingua_22-21-21 - Language attribute read: fr-CA
22:23:18 [TestNG-test-Yt Master Tests-2] INFO  verifyingSideMenuCollapsedLangAsInSettingsLingua_22-21-21 - Fetching the side menu in collapsed view
22:23:18 [TestNG-test-Yt Master Tests-2] INFO  verifyingSideMenuCollapsedLangAsInSettingsLingua_22-21-21 - [verifyingSideMenuCollapsedLangAsInSettingsLingua_22-21-21] Finding elements list: By.xpath: //ytd-mini-guide-renderer[@class='style-scope ytd-app']//ytd-mini-guide-entry-renderer
22:23:18 [TestNG-test-Yt Master Tests-2] INFO  verifyingSideMenuCollapsedLangAsInSettingsLingua_22-21-21 - [verifyingSideMenuCollapsedLangAsInSettingsLingua_22-21-21] Found 4 ready elements (attempt 1): By.xpath: //ytd-mini-guide-renderer[@class='style-scope ytd-app']//ytd-mini-guide-entry-renderer
22:23:18 [TestNG-test-Yt Master Tests-2] INFO  verifyingSideMenuCollapsedLangAsInSettingsLingua_22-21-21 - 
========== LANGUAGE DETECTION ==========
Detected Language : FRENCH
Input Text        : Accueil Shorts Abonnements Vous
========================================
22:23:18 [TestNG-test-Yt Master Tests-2] INFO  verifyingSideMenuCollapsedLangAsInSettingsLingua_22-21-21 - text sent to lingua is       Accueil Shorts Abonnements Vous
22:23:18 [TestNG-test-Yt Master Tests-2] INFO  verifyingSideMenuCollapsedLangAsInSettingsLingua_22-21-21 - getLangAttribute() - locating <html> and reading lang property
22:23:18 [TestNG-test-Yt Master Tests-2] INFO  verifyingSideMenuCollapsedLangAsInSettingsLingua_22-21-21 - Language attribute read: fr-CA
22:23:18 [TestNG-test-Yt Master Tests-2] INFO  verifyingSideMenuCollapsedLangAsInSettingsLingua_22-21-21 - Clicking settings ellipses button...
22:23:18 [TestNG-test-Yt Master Tests-2] INFO  verifyingSideMenuCollapsedLangAsInSettingsLingua_22-21-21 - [verifyingSideMenuCollapsedLangAsInSettingsLingua_22-21-21] Trying to find element: By.xpath: //ytd-topbar-menu-button-renderer[@class='style-scope ytd-masthead style-default']
22:23:19 [TestNG-test-Yt Master Tests-2] INFO  verifyingSideMenuCollapsedLangAsInSettingsLingua_22-21-21 - [verifyingSideMenuCollapsedLangAsInSettingsLingua_22-21-21] Element found and ready (attempt 1): By.xpath: //ytd-topbar-menu-button-renderer[@class='style-scope ytd-masthead style-default']
22:23:19 [TestNG-test-Yt Master Tests-2] INFO  verifyingSideMenuCollapsedLangAsInSettingsLingua_22-21-21 - Clicking language dropdown...
22:23:19 [TestNG-test-Yt Master Tests-2] INFO  verifyingSideMenuCollapsedLangAsInSettingsLingua_22-21-21 - [verifyingSideMenuCollapsedLangAsInSettingsLingua_22-21-21] Trying to find element: By.xpath: (//div[@id='content-icon'])[2]
22:23:19 [TestNG-test-Yt Master Tests-2] INFO  verifyingSideMenuCollapsedLangAsInSettingsLingua_22-21-21 - [verifyingSideMenuCollapsedLangAsInSettingsLingua_22-21-21] Element found and ready (attempt 1): By.xpath: (//div[@id='content-icon'])[2]
22:23:20 [TestNG-test-Yt Master Tests-2] INFO  verifyingSideMenuCollapsedLangAsInSettingsLingua_22-21-21 - Looking for language element with name: Hrvatski
22:23:20 [TestNG-test-Yt Master Tests-2] INFO  verifyingSideMenuCollapsedLangAsInSettingsLingua_22-21-21 - [verifyingSideMenuCollapsedLangAsInSettingsLingua_22-21-21] Trying to find element: By.xpath: //yt-multi-page-menu-section-renderer[@class='style-scope ytd-multi-page-menu-renderer']//yt-formatted-string[@id='label' and text()='Hrvatski']
22:23:20 [TestNG-test-Yt Master Tests-2] INFO  verifyingSideMenuCollapsedLangAsInSettingsLingua_22-21-21 - [verifyingSideMenuCollapsedLangAsInSettingsLingua_22-21-21] Element found and ready (attempt 1): By.xpath: //yt-multi-page-menu-section-renderer[@class='style-scope ytd-multi-page-menu-renderer']//yt-formatted-string[@id='label' and text()='Hrvatski']
22:23:20 [TestNG-test-Yt Master Tests-2] INFO  verifyingSideMenuCollapsedLangAsInSettingsLingua_22-21-21 - [verifyingSideMenuCollapsedLangAsInSettingsLingua_22-21-21] Trying to find element: By.xpath: //yt-multi-page-menu-section-renderer[@class='style-scope ytd-multi-page-menu-renderer']//yt-formatted-string[@id='label' and text()='Hrvatski']
22:23:20 [TestNG-test-Yt Master Tests-2] INFO  verifyingSideMenuCollapsedLangAsInSettingsLingua_22-21-21 - [verifyingSideMenuCollapsedLangAsInSettingsLingua_22-21-21] Element found and ready (attempt 1): By.xpath: //yt-multi-page-menu-section-renderer[@class='style-scope ytd-multi-page-menu-renderer']//yt-formatted-string[@id='label' and text()='Hrvatski']
22:23:22 [TestNG-test-Yt Master Tests-2] INFO  verifyingSideMenuCollapsedLangAsInSettingsLingua_22-21-21 - Clicking settings ellipses button...
22:23:22 [TestNG-test-Yt Master Tests-2] INFO  verifyingSideMenuCollapsedLangAsInSettingsLingua_22-21-21 - [verifyingSideMenuCollapsedLangAsInSettingsLingua_22-21-21] Trying to find element: By.xpath: //ytd-topbar-menu-button-renderer[@class='style-scope ytd-masthead style-default']
22:23:22 [TestNG-test-Yt Master Tests-2] INFO  verifyingSideMenuCollapsedLangAsInSettingsLingua_22-21-21 - [verifyingSideMenuCollapsedLangAsInSettingsLingua_22-21-21] Element found and ready (attempt 1): By.xpath: //ytd-topbar-menu-button-renderer[@class='style-scope ytd-masthead style-default']
22:23:23 [TestNG-test-Yt Master Tests-2] INFO  verifyingSideMenuCollapsedLangAsInSettingsLingua_22-21-21 - [verifyingSideMenuCollapsedLangAsInSettingsLingua_22-21-21] Waiting until element is visible in viewport
22:23:23 [TestNG-test-Yt Master Tests-2] INFO  verifyingSideMenuCollapsedLangAsInSettingsLingua_22-21-21 - Clicking settings ellipses button...
22:23:23 [TestNG-test-Yt Master Tests-2] INFO  verifyingSideMenuCollapsedLangAsInSettingsLingua_22-21-21 - [verifyingSideMenuCollapsedLangAsInSettingsLingua_22-21-21] Trying to find element: By.xpath: //ytd-topbar-menu-button-renderer[@class='style-scope ytd-masthead style-default']
22:23:23 [TestNG-test-Yt Master Tests-2] INFO  verifyingSideMenuCollapsedLangAsInSettingsLingua_22-21-21 - [verifyingSideMenuCollapsedLangAsInSettingsLingua_22-21-21] Element found and ready (attempt 1): By.xpath: //ytd-topbar-menu-button-renderer[@class='style-scope ytd-masthead style-default']
22:23:24 [TestNG-test-Yt Master Tests-2] INFO  verifyingSideMenuCollapsedLangAsInSettingsLingua_22-21-21 - getLangAttribute() - locating <html> and reading lang property
22:23:24 [TestNG-test-Yt Master Tests-2] INFO  verifyingSideMenuCollapsedLangAsInSettingsLingua_22-21-21 - Language attribute read: hr-HR
22:23:24 [TestNG-test-Yt Master Tests-2] INFO  verifyingSideMenuCollapsedLangAsInSettingsLingua_22-21-21 - Fetching the side menu in collapsed view
22:23:24 [TestNG-test-Yt Master Tests-2] INFO  verifyingSideMenuCollapsedLangAsInSettingsLingua_22-21-21 - [verifyingSideMenuCollapsedLangAsInSettingsLingua_22-21-21] Finding elements list: By.xpath: //ytd-mini-guide-renderer[@class='style-scope ytd-app']//ytd-mini-guide-entry-renderer
22:23:24 [TestNG-test-Yt Master Tests-2] INFO  verifyingSideMenuCollapsedLangAsInSettingsLingua_22-21-21 - [verifyingSideMenuCollapsedLangAsInSettingsLingua_22-21-21] Found 4 ready elements (attempt 1): By.xpath: //ytd-mini-guide-renderer[@class='style-scope ytd-app']//ytd-mini-guide-entry-renderer
22:23:24 [TestNG-test-Yt Master Tests-2] INFO  verifyingSideMenuCollapsedLangAsInSettingsLingua_22-21-21 - 
========== LANGUAGE DETECTION ==========
Detected Language : BOSNIAN
Input Text        : Početna Shorts Pretplate Moje
========================================
22:23:24 [TestNG-test-Yt Master Tests-2] INFO  verifyingSideMenuCollapsedLangAsInSettingsLingua_22-21-21 - text sent to lingua is       Početna Shorts Pretplate Moje
22:23:24 [TestNG-test-Yt Master Tests-2] INFO  verifyingSideMenuCollapsedLangAsInSettingsLingua_22-21-21 - getLangAttribute() - locating <html> and reading lang property
22:23:24 [TestNG-test-Yt Master Tests-2] INFO  verifyingSideMenuCollapsedLangAsInSettingsLingua_22-21-21 - Language attribute read: hr-HR
22:23:24 [TestNG-test-Yt Master Tests-2] INFO  verifyingSideMenuCollapsedLangAsInSettingsLingua_22-21-21 - Clicking settings ellipses button...
22:23:24 [TestNG-test-Yt Master Tests-2] INFO  verifyingSideMenuCollapsedLangAsInSettingsLingua_22-21-21 - [verifyingSideMenuCollapsedLangAsInSettingsLingua_22-21-21] Trying to find element: By.xpath: //ytd-topbar-menu-button-renderer[@class='style-scope ytd-masthead style-default']
22:23:24 [TestNG-test-Yt Master Tests-2] INFO  verifyingSideMenuCollapsedLangAsInSettingsLingua_22-21-21 - [verifyingSideMenuCollapsedLangAsInSettingsLingua_22-21-21] Element found and ready (attempt 1): By.xpath: //ytd-topbar-menu-button-renderer[@class='style-scope ytd-masthead style-default']
22:23:24 [TestNG-test-Yt Master Tests-2] INFO  verifyingSideMenuCollapsedLangAsInSettingsLingua_22-21-21 - Clicking language dropdown...
22:23:24 [TestNG-test-Yt Master Tests-2] INFO  verifyingSideMenuCollapsedLangAsInSettingsLingua_22-21-21 - [verifyingSideMenuCollapsedLangAsInSettingsLingua_22-21-21] Trying to find element: By.xpath: (//div[@id='content-icon'])[2]
22:23:25 [TestNG-test-Yt Master Tests-2] INFO  verifyingSideMenuCollapsedLangAsInSettingsLingua_22-21-21 - [verifyingSideMenuCollapsedLangAsInSettingsLingua_22-21-21] Element found and ready (attempt 1): By.xpath: (//div[@id='content-icon'])[2]
22:23:25 [TestNG-test-Yt Master Tests-2] INFO  verifyingSideMenuCollapsedLangAsInSettingsLingua_22-21-21 - Looking for language element with name: Íslenska
22:23:25 [TestNG-test-Yt Master Tests-2] INFO  verifyingSideMenuCollapsedLangAsInSettingsLingua_22-21-21 - [verifyingSideMenuCollapsedLangAsInSettingsLingua_22-21-21] Trying to find element: By.xpath: //yt-multi-page-menu-section-renderer[@class='style-scope ytd-multi-page-menu-renderer']//yt-formatted-string[@id='label' and text()='Íslenska']
22:23:25 [TestNG-test-Yt Master Tests-2] INFO  verifyingSideMenuCollapsedLangAsInSettingsLingua_22-21-21 - [verifyingSideMenuCollapsedLangAsInSettingsLingua_22-21-21] Element found and ready (attempt 1): By.xpath: //yt-multi-page-menu-section-renderer[@class='style-scope ytd-multi-page-menu-renderer']//yt-formatted-string[@id='label' and text()='Íslenska']
22:23:25 [TestNG-test-Yt Master Tests-2] INFO  verifyingSideMenuCollapsedLangAsInSettingsLingua_22-21-21 - [verifyingSideMenuCollapsedLangAsInSettingsLingua_22-21-21] Trying to find element: By.xpath: //yt-multi-page-menu-section-renderer[@class='style-scope ytd-multi-page-menu-renderer']//yt-formatted-string[@id='label' and text()='Íslenska']
22:23:25 [TestNG-test-Yt Master Tests-2] INFO  verifyingSideMenuCollapsedLangAsInSettingsLingua_22-21-21 - [verifyingSideMenuCollapsedLangAsInSettingsLingua_22-21-21] Element found and ready (attempt 1): By.xpath: //yt-multi-page-menu-section-renderer[@class='style-scope ytd-multi-page-menu-renderer']//yt-formatted-string[@id='label' and text()='Íslenska']
22:23:26 [TestNG-test-Yt Master Tests-2] INFO  verifyingSideMenuCollapsedLangAsInSettingsLingua_22-21-21 - Clicking settings ellipses button...
22:23:27 [TestNG-test-Yt Master Tests-2] INFO  verifyingSideMenuCollapsedLangAsInSettingsLingua_22-21-21 - [verifyingSideMenuCollapsedLangAsInSettingsLingua_22-21-21] Trying to find element: By.xpath: //ytd-topbar-menu-button-renderer[@class='style-scope ytd-masthead style-default']
22:23:27 [TestNG-test-Yt Master Tests-2] INFO  verifyingSideMenuCollapsedLangAsInSettingsLingua_22-21-21 - [verifyingSideMenuCollapsedLangAsInSettingsLingua_22-21-21] Element found and ready (attempt 1): By.xpath: //ytd-topbar-menu-button-renderer[@class='style-scope ytd-masthead style-default']
22:23:28 [TestNG-test-Yt Master Tests-2] INFO  verifyingSideMenuCollapsedLangAsInSettingsLingua_22-21-21 - [verifyingSideMenuCollapsedLangAsInSettingsLingua_22-21-21] Waiting until element is visible in viewport
22:23:29 [TestNG-test-Yt Master Tests-2] INFO  verifyingSideMenuCollapsedLangAsInSettingsLingua_22-21-21 - Clicking settings ellipses button...
22:23:29 [TestNG-test-Yt Master Tests-2] INFO  verifyingSideMenuCollapsedLangAsInSettingsLingua_22-21-21 - [verifyingSideMenuCollapsedLangAsInSettingsLingua_22-21-21] Trying to find element: By.xpath: //ytd-topbar-menu-button-renderer[@class='style-scope ytd-masthead style-default']
22:23:29 [TestNG-test-Yt Master Tests-2] INFO  verifyingSideMenuCollapsedLangAsInSettingsLingua_22-21-21 - [verifyingSideMenuCollapsedLangAsInSettingsLingua_22-21-21] Element found and ready (attempt 1): By.xpath: //ytd-topbar-menu-button-renderer[@class='style-scope ytd-masthead style-default']
22:23:29 [TestNG-test-Yt Master Tests-2] INFO  verifyingSideMenuCollapsedLangAsInSettingsLingua_22-21-21 - getLangAttribute() - locating <html> and reading lang property
22:23:29 [TestNG-test-Yt Master Tests-2] INFO  verifyingSideMenuCollapsedLangAsInSettingsLingua_22-21-21 - Language attribute read: is-IS
22:23:29 [TestNG-test-Yt Master Tests-2] INFO  verifyingSideMenuCollapsedLangAsInSettingsLingua_22-21-21 - Fetching the side menu in collapsed view
22:23:29 [TestNG-test-Yt Master Tests-2] INFO  verifyingSideMenuCollapsedLangAsInSettingsLingua_22-21-21 - [verifyingSideMenuCollapsedLangAsInSettingsLingua_22-21-21] Finding elements list: By.xpath: //ytd-mini-guide-renderer[@class='style-scope ytd-app']//ytd-mini-guide-entry-renderer
22:23:29 [TestNG-test-Yt Master Tests-2] INFO  verifyingSideMenuCollapsedLangAsInSettingsLingua_22-21-21 - [verifyingSideMenuCollapsedLangAsInSettingsLingua_22-21-21] Found 4 ready elements (attempt 1): By.xpath: //ytd-mini-guide-renderer[@class='style-scope ytd-app']//ytd-mini-guide-entry-renderer
22:23:30 [TestNG-test-Yt Master Tests-2] INFO  verifyingSideMenuCollapsedLangAsInSettingsLingua_22-21-21 - 
========== LANGUAGE DETECTION ==========
Detected Language : ICELANDIC
Input Text        : Heim Shorts Áskriftir Þú
========================================
22:23:30 [TestNG-test-Yt Master Tests-2] INFO  verifyingSideMenuCollapsedLangAsInSettingsLingua_22-21-21 - text sent to lingua is       Heim Shorts Áskriftir Þú
22:23:30 [TestNG-test-Yt Master Tests-2] INFO  verifyingSideMenuCollapsedLangAsInSettingsLingua_22-21-21 - getLangAttribute() - locating <html> and reading lang property
22:23:30 [TestNG-test-Yt Master Tests-2] INFO  verifyingSideMenuCollapsedLangAsInSettingsLingua_22-21-21 - Language attribute read: is-IS
22:23:30 [TestNG-test-Yt Master Tests-2] INFO  verifyingSideMenuCollapsedLangAsInSettingsLingua_22-21-21 - Clicking settings ellipses button...
22:23:30 [TestNG-test-Yt Master Tests-2] INFO  verifyingSideMenuCollapsedLangAsInSettingsLingua_22-21-21 - [verifyingSideMenuCollapsedLangAsInSettingsLingua_22-21-21] Trying to find element: By.xpath: //ytd-topbar-menu-button-renderer[@class='style-scope ytd-masthead style-default']
22:23:30 [TestNG-test-Yt Master Tests-2] INFO  verifyingSideMenuCollapsedLangAsInSettingsLingua_22-21-21 - [verifyingSideMenuCollapsedLangAsInSettingsLingua_22-21-21] Element found and ready (attempt 1): By.xpath: //ytd-topbar-menu-button-renderer[@class='style-scope ytd-masthead style-default']
22:23:30 [TestNG-test-Yt Master Tests-2] INFO  verifyingSideMenuCollapsedLangAsInSettingsLingua_22-21-21 - Clicking language dropdown...
22:23:30 [TestNG-test-Yt Master Tests-2] INFO  verifyingSideMenuCollapsedLangAsInSettingsLingua_22-21-21 - [verifyingSideMenuCollapsedLangAsInSettingsLingua_22-21-21] Trying to find element: By.xpath: (//div[@id='content-icon'])[2]
22:23:31 [TestNG-test-Yt Master Tests-2] INFO  verifyingSideMenuCollapsedLangAsInSettingsLingua_22-21-21 - [verifyingSideMenuCollapsedLangAsInSettingsLingua_22-21-21] Element found and ready (attempt 1): By.xpath: (//div[@id='content-icon'])[2]
22:23:31 [TestNG-test-Yt Master Tests-2] INFO  verifyingSideMenuCollapsedLangAsInSettingsLingua_22-21-21 - Looking for language element with name: Italiano
22:23:31 [TestNG-test-Yt Master Tests-2] INFO  verifyingSideMenuCollapsedLangAsInSettingsLingua_22-21-21 - [verifyingSideMenuCollapsedLangAsInSettingsLingua_22-21-21] Trying to find element: By.xpath: //yt-multi-page-menu-section-renderer[@class='style-scope ytd-multi-page-menu-renderer']//yt-formatted-string[@id='label' and text()='Italiano']
22:23:31 [TestNG-test-Yt Master Tests-2] INFO  verifyingSideMenuCollapsedLangAsInSettingsLingua_22-21-21 - [verifyingSideMenuCollapsedLangAsInSettingsLingua_22-21-21] Element found and ready (attempt 1): By.xpath: //yt-multi-page-menu-section-renderer[@class='style-scope ytd-multi-page-menu-renderer']//yt-formatted-string[@id='label' and text()='Italiano']
22:23:31 [TestNG-test-Yt Master Tests-2] INFO  verifyingSideMenuCollapsedLangAsInSettingsLingua_22-21-21 - [verifyingSideMenuCollapsedLangAsInSettingsLingua_22-21-21] Trying to find element: By.xpath: //yt-multi-page-menu-section-renderer[@class='style-scope ytd-multi-page-menu-renderer']//yt-formatted-string[@id='label' and text()='Italiano']
22:23:31 [TestNG-test-Yt Master Tests-2] INFO  verifyingSideMenuCollapsedLangAsInSettingsLingua_22-21-21 - [verifyingSideMenuCollapsedLangAsInSettingsLingua_22-21-21] Element found and ready (attempt 1): By.xpath: //yt-multi-page-menu-section-renderer[@class='style-scope ytd-multi-page-menu-renderer']//yt-formatted-string[@id='label' and text()='Italiano']
22:23:32 [TestNG-test-Yt Master Tests-2] INFO  verifyingSideMenuCollapsedLangAsInSettingsLingua_22-21-21 - Clicking settings ellipses button...
22:23:33 [TestNG-test-Yt Master Tests-2] INFO  verifyingSideMenuCollapsedLangAsInSettingsLingua_22-21-21 - [verifyingSideMenuCollapsedLangAsInSettingsLingua_22-21-21] Trying to find element: By.xpath: //ytd-topbar-menu-button-renderer[@class='style-scope ytd-masthead style-default']
22:23:34 [TestNG-test-Yt Master Tests-2] INFO  verifyingSideMenuCollapsedLangAsInSettingsLingua_22-21-21 - [verifyingSideMenuCollapsedLangAsInSettingsLingua_22-21-21] Element found and ready (attempt 1): By.xpath: //ytd-topbar-menu-button-renderer[@class='style-scope ytd-masthead style-default']
22:23:34 [TestNG-test-Yt Master Tests-2] INFO  verifyingSideMenuCollapsedLangAsInSettingsLingua_22-21-21 - [verifyingSideMenuCollapsedLangAsInSettingsLingua_22-21-21] Waiting until element is visible in viewport
22:23:34 [TestNG-test-Yt Master Tests-2] INFO  verifyingSideMenuCollapsedLangAsInSettingsLingua_22-21-21 - Clicking settings ellipses button...
22:23:34 [TestNG-test-Yt Master Tests-2] INFO  verifyingSideMenuCollapsedLangAsInSettingsLingua_22-21-21 - [verifyingSideMenuCollapsedLangAsInSettingsLingua_22-21-21] Trying to find element: By.xpath: //ytd-topbar-menu-button-renderer[@class='style-scope ytd-masthead style-default']
22:23:35 [TestNG-test-Yt Master Tests-2] INFO  verifyingSideMenuCollapsedLangAsInSettingsLingua_22-21-21 - [verifyingSideMenuCollapsedLangAsInSettingsLingua_22-21-21] Element found and ready (attempt 1): By.xpath: //ytd-topbar-menu-button-renderer[@class='style-scope ytd-masthead style-default']
22:23:35 [TestNG-test-Yt Master Tests-2] INFO  verifyingSideMenuCollapsedLangAsInSettingsLingua_22-21-21 - getLangAttribute() - locating <html> and reading lang property
22:23:35 [TestNG-test-Yt Master Tests-2] INFO  verifyingSideMenuCollapsedLangAsInSettingsLingua_22-21-21 - Language attribute read: it-IT
22:23:35 [TestNG-test-Yt Master Tests-2] INFO  verifyingSideMenuCollapsedLangAsInSettingsLingua_22-21-21 - Fetching the side menu in collapsed view
22:23:35 [TestNG-test-Yt Master Tests-2] INFO  verifyingSideMenuCollapsedLangAsInSettingsLingua_22-21-21 - [verifyingSideMenuCollapsedLangAsInSettingsLingua_22-21-21] Finding elements list: By.xpath: //ytd-mini-guide-renderer[@class='style-scope ytd-app']//ytd-mini-guide-entry-renderer
22:23:35 [TestNG-test-Yt Master Tests-2] INFO  verifyingSideMenuCollapsedLangAsInSettingsLingua_22-21-21 - [verifyingSideMenuCollapsedLangAsInSettingsLingua_22-21-21] Found 4 ready elements (attempt 1): By.xpath: //ytd-mini-guide-renderer[@class='style-scope ytd-app']//ytd-mini-guide-entry-renderer
22:23:35 [TestNG-test-Yt Master Tests-2] INFO  verifyingSideMenuCollapsedLangAsInSettingsLingua_22-21-21 - 
========== LANGUAGE DETECTION ==========
Detected Language : ITALIAN
Input Text        : Home Shorts Iscrizioni Tu
========================================
22:23:35 [TestNG-test-Yt Master Tests-2] INFO  verifyingSideMenuCollapsedLangAsInSettingsLingua_22-21-21 - text sent to lingua is       Home Shorts Iscrizioni Tu
22:23:35 [TestNG-test-Yt Master Tests-2] INFO  verifyingSideMenuCollapsedLangAsInSettingsLingua_22-21-21 - getLangAttribute() - locating <html> and reading lang property
22:23:35 [TestNG-test-Yt Master Tests-2] INFO  verifyingSideMenuCollapsedLangAsInSettingsLingua_22-21-21 - Language attribute read: it-IT
22:23:35 [TestNG-test-Yt Master Tests-2] INFO  verifyingSideMenuCollapsedLangAsInSettingsLingua_22-21-21 - Clicking settings ellipses button...
22:23:35 [TestNG-test-Yt Master Tests-2] INFO  verifyingSideMenuCollapsedLangAsInSettingsLingua_22-21-21 - [verifyingSideMenuCollapsedLangAsInSettingsLingua_22-21-21] Trying to find element: By.xpath: //ytd-topbar-menu-button-renderer[@class='style-scope ytd-masthead style-default']
22:23:35 [TestNG-test-Yt Master Tests-2] INFO  verifyingSideMenuCollapsedLangAsInSettingsLingua_22-21-21 - [verifyingSideMenuCollapsedLangAsInSettingsLingua_22-21-21] Element found and ready (attempt 1): By.xpath: //ytd-topbar-menu-button-renderer[@class='style-scope ytd-masthead style-default']
22:23:35 [TestNG-test-Yt Master Tests-2] INFO  verifyingSideMenuCollapsedLangAsInSettingsLingua_22-21-21 - Clicking language dropdown...
22:23:35 [TestNG-test-Yt Master Tests-2] INFO  verifyingSideMenuCollapsedLangAsInSettingsLingua_22-21-21 - [verifyingSideMenuCollapsedLangAsInSettingsLingua_22-21-21] Trying to find element: By.xpath: (//div[@id='content-icon'])[2]
22:23:36 [TestNG-test-Yt Master Tests-2] INFO  verifyingSideMenuCollapsedLangAsInSettingsLingua_22-21-21 - [verifyingSideMenuCollapsedLangAsInSettingsLingua_22-21-21] Element found and ready (attempt 1): By.xpath: (//div[@id='content-icon'])[2]
22:23:36 [TestNG-test-Yt Master Tests-2] INFO  verifyingSideMenuCollapsedLangAsInSettingsLingua_22-21-21 - Looking for language element with name: Latviešu valoda
22:23:36 [TestNG-test-Yt Master Tests-2] INFO  verifyingSideMenuCollapsedLangAsInSettingsLingua_22-21-21 - [verifyingSideMenuCollapsedLangAsInSettingsLingua_22-21-21] Trying to find element: By.xpath: //yt-multi-page-menu-section-renderer[@class='style-scope ytd-multi-page-menu-renderer']//yt-formatted-string[@id='label' and text()='Latviešu valoda']
22:23:37 [TestNG-test-Yt Master Tests-2] INFO  verifyingSideMenuCollapsedLangAsInSettingsLingua_22-21-21 - [verifyingSideMenuCollapsedLangAsInSettingsLingua_22-21-21] Element found and ready (attempt 1): By.xpath: //yt-multi-page-menu-section-renderer[@class='style-scope ytd-multi-page-menu-renderer']//yt-formatted-string[@id='label' and text()='Latviešu valoda']
22:23:37 [TestNG-test-Yt Master Tests-2] INFO  verifyingSideMenuCollapsedLangAsInSettingsLingua_22-21-21 - [verifyingSideMenuCollapsedLangAsInSettingsLingua_22-21-21] Trying to find element: By.xpath: //yt-multi-page-menu-section-renderer[@class='style-scope ytd-multi-page-menu-renderer']//yt-formatted-string[@id='label' and text()='Latviešu valoda']
22:23:37 [TestNG-test-Yt Master Tests-2] INFO  verifyingSideMenuCollapsedLangAsInSettingsLingua_22-21-21 - [verifyingSideMenuCollapsedLangAsInSettingsLingua_22-21-21] Element found and ready (attempt 1): By.xpath: //yt-multi-page-menu-section-renderer[@class='style-scope ytd-multi-page-menu-renderer']//yt-formatted-string[@id='label' and text()='Latviešu valoda']
22:23:38 [TestNG-test-Yt Master Tests-2] INFO  verifyingSideMenuCollapsedLangAsInSettingsLingua_22-21-21 - Clicking settings ellipses button...
22:23:38 [TestNG-test-Yt Master Tests-2] INFO  verifyingSideMenuCollapsedLangAsInSettingsLingua_22-21-21 - [verifyingSideMenuCollapsedLangAsInSettingsLingua_22-21-21] Trying to find element: By.xpath: //ytd-topbar-menu-button-renderer[@class='style-scope ytd-masthead style-default']
22:23:39 [TestNG-test-Yt Master Tests-2] INFO  verifyingSideMenuCollapsedLangAsInSettingsLingua_22-21-21 - [verifyingSideMenuCollapsedLangAsInSettingsLingua_22-21-21] Element found and ready (attempt 1): By.xpath: //ytd-topbar-menu-button-renderer[@class='style-scope ytd-masthead style-default']
22:23:39 [TestNG-test-Yt Master Tests-2] INFO  verifyingSideMenuCollapsedLangAsInSettingsLingua_22-21-21 - [verifyingSideMenuCollapsedLangAsInSettingsLingua_22-21-21] Waiting until element is visible in viewport
22:23:40 [TestNG-test-Yt Master Tests-2] INFO  verifyingSideMenuCollapsedLangAsInSettingsLingua_22-21-21 - Clicking settings ellipses button...
22:23:40 [TestNG-test-Yt Master Tests-2] INFO  verifyingSideMenuCollapsedLangAsInSettingsLingua_22-21-21 - [verifyingSideMenuCollapsedLangAsInSettingsLingua_22-21-21] Trying to find element: By.xpath: //ytd-topbar-menu-button-renderer[@class='style-scope ytd-masthead style-default']
22:23:40 [TestNG-test-Yt Master Tests-2] INFO  verifyingSideMenuCollapsedLangAsInSettingsLingua_22-21-21 - [verifyingSideMenuCollapsedLangAsInSettingsLingua_22-21-21] Element found and ready (attempt 1): By.xpath: //ytd-topbar-menu-button-renderer[@class='style-scope ytd-masthead style-default']
22:23:40 [TestNG-test-Yt Master Tests-2] INFO  verifyingSideMenuCollapsedLangAsInSettingsLingua_22-21-21 - getLangAttribute() - locating <html> and reading lang property
22:23:40 [TestNG-test-Yt Master Tests-2] INFO  verifyingSideMenuCollapsedLangAsInSettingsLingua_22-21-21 - Language attribute read: lv-LV
22:23:40 [TestNG-test-Yt Master Tests-2] INFO  verifyingSideMenuCollapsedLangAsInSettingsLingua_22-21-21 - Fetching the side menu in collapsed view
22:23:40 [TestNG-test-Yt Master Tests-2] INFO  verifyingSideMenuCollapsedLangAsInSettingsLingua_22-21-21 - [verifyingSideMenuCollapsedLangAsInSettingsLingua_22-21-21] Finding elements list: By.xpath: //ytd-mini-guide-renderer[@class='style-scope ytd-app']//ytd-mini-guide-entry-renderer
22:23:40 [TestNG-test-Yt Master Tests-2] INFO  verifyingSideMenuCollapsedLangAsInSettingsLingua_22-21-21 - [verifyingSideMenuCollapsedLangAsInSettingsLingua_22-21-21] Found 4 ready elements (attempt 1): By.xpath: //ytd-mini-guide-renderer[@class='style-scope ytd-app']//ytd-mini-guide-entry-renderer
22:23:41 [TestNG-test-Yt Master Tests-2] INFO  verifyingSideMenuCollapsedLangAsInSettingsLingua_22-21-21 - 
========== LANGUAGE DETECTION ==========
Detected Language : LATVIAN
Input Text        : Sākums Shorts Abonementi Jūs
========================================
22:23:41 [TestNG-test-Yt Master Tests-2] INFO  verifyingSideMenuCollapsedLangAsInSettingsLingua_22-21-21 - text sent to lingua is       Sākums Shorts Abonementi Jūs
22:23:41 [TestNG-test-Yt Master Tests-2] INFO  verifyingSideMenuCollapsedLangAsInSettingsLingua_22-21-21 - getLangAttribute() - locating <html> and reading lang property
22:23:41 [TestNG-test-Yt Master Tests-2] INFO  verifyingSideMenuCollapsedLangAsInSettingsLingua_22-21-21 - Language attribute read: lv-LV
22:23:41 [TestNG-test-Yt Master Tests-2] INFO  verifyingSideMenuCollapsedLangAsInSettingsLingua_22-21-21 - Clicking settings ellipses button...
22:23:41 [TestNG-test-Yt Master Tests-2] INFO  verifyingSideMenuCollapsedLangAsInSettingsLingua_22-21-21 - [verifyingSideMenuCollapsedLangAsInSettingsLingua_22-21-21] Trying to find element: By.xpath: //ytd-topbar-menu-button-renderer[@class='style-scope ytd-masthead style-default']
22:23:41 [TestNG-test-Yt Master Tests-2] INFO  verifyingSideMenuCollapsedLangAsInSettingsLingua_22-21-21 - [verifyingSideMenuCollapsedLangAsInSettingsLingua_22-21-21] Element found and ready (attempt 1): By.xpath: //ytd-topbar-menu-button-renderer[@class='style-scope ytd-masthead style-default']
22:23:41 [TestNG-test-Yt Master Tests-2] INFO  verifyingSideMenuCollapsedLangAsInSettingsLingua_22-21-21 - Clicking language dropdown...
22:23:41 [TestNG-test-Yt Master Tests-2] INFO  verifyingSideMenuCollapsedLangAsInSettingsLingua_22-21-21 - [verifyingSideMenuCollapsedLangAsInSettingsLingua_22-21-21] Trying to find element: By.xpath: (//div[@id='content-icon'])[2]
22:23:42 [TestNG-test-Yt Master Tests-2] INFO  verifyingSideMenuCollapsedLangAsInSettingsLingua_22-21-21 - [verifyingSideMenuCollapsedLangAsInSettingsLingua_22-21-21] Element found and ready (attempt 1): By.xpath: (//div[@id='content-icon'])[2]
22:23:42 [TestNG-test-Yt Master Tests-2] INFO  verifyingSideMenuCollapsedLangAsInSettingsLingua_22-21-21 - Looking for language element with name: Lietuvių
22:23:42 [TestNG-test-Yt Master Tests-2] INFO  verifyingSideMenuCollapsedLangAsInSettingsLingua_22-21-21 - [verifyingSideMenuCollapsedLangAsInSettingsLingua_22-21-21] Trying to find element: By.xpath: //yt-multi-page-menu-section-renderer[@class='style-scope ytd-multi-page-menu-renderer']//yt-formatted-string[@id='label' and text()='Lietuvių']
22:23:42 [TestNG-test-Yt Master Tests-2] INFO  verifyingSideMenuCollapsedLangAsInSettingsLingua_22-21-21 - [verifyingSideMenuCollapsedLangAsInSettingsLingua_22-21-21] Element found and ready (attempt 1): By.xpath: //yt-multi-page-menu-section-renderer[@class='style-scope ytd-multi-page-menu-renderer']//yt-formatted-string[@id='label' and text()='Lietuvių']
22:23:42 [TestNG-test-Yt Master Tests-2] INFO  verifyingSideMenuCollapsedLangAsInSettingsLingua_22-21-21 - [verifyingSideMenuCollapsedLangAsInSettingsLingua_22-21-21] Trying to find element: By.xpath: //yt-multi-page-menu-section-renderer[@class='style-scope ytd-multi-page-menu-renderer']//yt-formatted-string[@id='label' and text()='Lietuvių']
22:23:43 [TestNG-test-Yt Master Tests-2] INFO  verifyingSideMenuCollapsedLangAsInSettingsLingua_22-21-21 - [verifyingSideMenuCollapsedLangAsInSettingsLingua_22-21-21] Element found and ready (attempt 1): By.xpath: //yt-multi-page-menu-section-renderer[@class='style-scope ytd-multi-page-menu-renderer']//yt-formatted-string[@id='label' and text()='Lietuvių']
22:23:45 [TestNG-test-Yt Master Tests-2] INFO  verifyingSideMenuCollapsedLangAsInSettingsLingua_22-21-21 - Clicking settings ellipses button...
22:23:45 [TestNG-test-Yt Master Tests-2] INFO  verifyingSideMenuCollapsedLangAsInSettingsLingua_22-21-21 - [verifyingSideMenuCollapsedLangAsInSettingsLingua_22-21-21] Trying to find element: By.xpath: //ytd-topbar-menu-button-renderer[@class='style-scope ytd-masthead style-default']
22:23:45 [TestNG-test-Yt Master Tests-2] INFO  verifyingSideMenuCollapsedLangAsInSettingsLingua_22-21-21 - [verifyingSideMenuCollapsedLangAsInSettingsLingua_22-21-21] Element found and ready (attempt 1): By.xpath: //ytd-topbar-menu-button-renderer[@class='style-scope ytd-masthead style-default']
22:23:46 [TestNG-test-Yt Master Tests-2] INFO  verifyingSideMenuCollapsedLangAsInSettingsLingua_22-21-21 - [verifyingSideMenuCollapsedLangAsInSettingsLingua_22-21-21] Waiting until element is visible in viewport
22:23:46 [TestNG-test-Yt Master Tests-2] INFO  verifyingSideMenuCollapsedLangAsInSettingsLingua_22-21-21 - Clicking settings ellipses button...
22:23:47 [TestNG-test-Yt Master Tests-2] INFO  verifyingSideMenuCollapsedLangAsInSettingsLingua_22-21-21 - [verifyingSideMenuCollapsedLangAsInSettingsLingua_22-21-21] Trying to find element: By.xpath: //ytd-topbar-menu-button-renderer[@class='style-scope ytd-masthead style-default']
22:23:47 [TestNG-test-Yt Master Tests-2] INFO  verifyingSideMenuCollapsedLangAsInSettingsLingua_22-21-21 - [verifyingSideMenuCollapsedLangAsInSettingsLingua_22-21-21] Element found and ready (attempt 1): By.xpath: //ytd-topbar-menu-button-renderer[@class='style-scope ytd-masthead style-default']
22:23:47 [TestNG-test-Yt Master Tests-2] INFO  verifyingSideMenuCollapsedLangAsInSettingsLingua_22-21-21 - getLangAttribute() - locating <html> and reading lang property
22:23:47 [TestNG-test-Yt Master Tests-2] INFO  verifyingSideMenuCollapsedLangAsInSettingsLingua_22-21-21 - Language attribute read: lt-LT
22:23:47 [TestNG-test-Yt Master Tests-2] INFO  verifyingSideMenuCollapsedLangAsInSettingsLingua_22-21-21 - Fetching the side menu in collapsed view
22:23:47 [TestNG-test-Yt Master Tests-2] INFO  verifyingSideMenuCollapsedLangAsInSettingsLingua_22-21-21 - [verifyingSideMenuCollapsedLangAsInSettingsLingua_22-21-21] Finding elements list: By.xpath: //ytd-mini-guide-renderer[@class='style-scope ytd-app']//ytd-mini-guide-entry-renderer
22:23:47 [TestNG-test-Yt Master Tests-2] INFO  verifyingSideMenuCollapsedLangAsInSettingsLingua_22-21-21 - [verifyingSideMenuCollapsedLangAsInSettingsLingua_22-21-21] Found 4 ready elements (attempt 1): By.xpath: //ytd-mini-guide-renderer[@class='style-scope ytd-app']//ytd-mini-guide-entry-renderer
22:23:47 [TestNG-test-Yt Master Tests-2] INFO  verifyingSideMenuCollapsedLangAsInSettingsLingua_22-21-21 - 
========== LANGUAGE DETECTION ==========
Detected Language : LITHUANIAN
Input Text        : Pagrindinis Shorts Prenumeratos Jūs
========================================
22:23:47 [TestNG-test-Yt Master Tests-2] INFO  verifyingSideMenuCollapsedLangAsInSettingsLingua_22-21-21 - text sent to lingua is       Pagrindinis Shorts Prenumeratos Jūs
22:23:47 [TestNG-test-Yt Master Tests-2] INFO  verifyingSideMenuCollapsedLangAsInSettingsLingua_22-21-21 - getLangAttribute() - locating <html> and reading lang property
22:23:47 [TestNG-test-Yt Master Tests-2] INFO  verifyingSideMenuCollapsedLangAsInSettingsLingua_22-21-21 - Language attribute read: lt-LT
22:23:47 [TestNG-test-Yt Master Tests-2] INFO  verifyingSideMenuCollapsedLangAsInSettingsLingua_22-21-21 - Clicking settings ellipses button...
22:23:47 [TestNG-test-Yt Master Tests-2] INFO  verifyingSideMenuCollapsedLangAsInSettingsLingua_22-21-21 - [verifyingSideMenuCollapsedLangAsInSettingsLingua_22-21-21] Trying to find element: By.xpath: //ytd-topbar-menu-button-renderer[@class='style-scope ytd-masthead style-default']
22:23:48 [TestNG-test-Yt Master Tests-2] INFO  verifyingSideMenuCollapsedLangAsInSettingsLingua_22-21-21 - [verifyingSideMenuCollapsedLangAsInSettingsLingua_22-21-21] Element found and ready (attempt 1): By.xpath: //ytd-topbar-menu-button-renderer[@class='style-scope ytd-masthead style-default']
22:23:48 [TestNG-test-Yt Master Tests-2] INFO  verifyingSideMenuCollapsedLangAsInSettingsLingua_22-21-21 - Clicking language dropdown...
22:23:48 [TestNG-test-Yt Master Tests-2] INFO  verifyingSideMenuCollapsedLangAsInSettingsLingua_22-21-21 - [verifyingSideMenuCollapsedLangAsInSettingsLingua_22-21-21] Trying to find element: By.xpath: (//div[@id='content-icon'])[2]
22:23:48 [TestNG-test-Yt Master Tests-2] INFO  verifyingSideMenuCollapsedLangAsInSettingsLingua_22-21-21 - [verifyingSideMenuCollapsedLangAsInSettingsLingua_22-21-21] Element found and ready (attempt 1): By.xpath: (//div[@id='content-icon'])[2]
22:23:49 [TestNG-test-Yt Master Tests-2] INFO  verifyingSideMenuCollapsedLangAsInSettingsLingua_22-21-21 - Looking for language element with name: Magyar
22:23:49 [TestNG-test-Yt Master Tests-2] INFO  verifyingSideMenuCollapsedLangAsInSettingsLingua_22-21-21 - [verifyingSideMenuCollapsedLangAsInSettingsLingua_22-21-21] Trying to find element: By.xpath: //yt-multi-page-menu-section-renderer[@class='style-scope ytd-multi-page-menu-renderer']//yt-formatted-string[@id='label' and text()='Magyar']
22:23:49 [TestNG-test-Yt Master Tests-2] INFO  verifyingSideMenuCollapsedLangAsInSettingsLingua_22-21-21 - [verifyingSideMenuCollapsedLangAsInSettingsLingua_22-21-21] Element found and ready (attempt 1): By.xpath: //yt-multi-page-menu-section-renderer[@class='style-scope ytd-multi-page-menu-renderer']//yt-formatted-string[@id='label' and text()='Magyar']
22:23:49 [TestNG-test-Yt Master Tests-2] INFO  verifyingSideMenuCollapsedLangAsInSettingsLingua_22-21-21 - [verifyingSideMenuCollapsedLangAsInSettingsLingua_22-21-21] Trying to find element: By.xpath: //yt-multi-page-menu-section-renderer[@class='style-scope ytd-multi-page-menu-renderer']//yt-formatted-string[@id='label' and text()='Magyar']
22:23:49 [TestNG-test-Yt Master Tests-2] INFO  verifyingSideMenuCollapsedLangAsInSettingsLingua_22-21-21 - [verifyingSideMenuCollapsedLangAsInSettingsLingua_22-21-21] Element found and ready (attempt 1): By.xpath: //yt-multi-page-menu-section-renderer[@class='style-scope ytd-multi-page-menu-renderer']//yt-formatted-string[@id='label' and text()='Magyar']
22:23:50 [TestNG-test-Yt Master Tests-2] INFO  verifyingSideMenuCollapsedLangAsInSettingsLingua_22-21-21 - Clicking settings ellipses button...
22:23:51 [TestNG-test-Yt Master Tests-2] INFO  verifyingSideMenuCollapsedLangAsInSettingsLingua_22-21-21 - [verifyingSideMenuCollapsedLangAsInSettingsLingua_22-21-21] Trying to find element: By.xpath: //ytd-topbar-menu-button-renderer[@class='style-scope ytd-masthead style-default']
22:23:52 [TestNG-test-Yt Master Tests-2] INFO  verifyingSideMenuCollapsedLangAsInSettingsLingua_22-21-21 - [verifyingSideMenuCollapsedLangAsInSettingsLingua_22-21-21] Element found and ready (attempt 1): By.xpath: //ytd-topbar-menu-button-renderer[@class='style-scope ytd-masthead style-default']
22:23:52 [TestNG-test-Yt Master Tests-2] INFO  verifyingSideMenuCollapsedLangAsInSettingsLingua_22-21-21 - [verifyingSideMenuCollapsedLangAsInSettingsLingua_22-21-21] Waiting until element is visible in viewport
22:23:53 [TestNG-test-Yt Master Tests-2] INFO  verifyingSideMenuCollapsedLangAsInSettingsLingua_22-21-21 - Clicking settings ellipses button...
22:23:53 [TestNG-test-Yt Master Tests-2] INFO  verifyingSideMenuCollapsedLangAsInSettingsLingua_22-21-21 - [verifyingSideMenuCollapsedLangAsInSettingsLingua_22-21-21] Trying to find element: By.xpath: //ytd-topbar-menu-button-renderer[@class='style-scope ytd-masthead style-default']
22:23:53 [TestNG-test-Yt Master Tests-2] INFO  verifyingSideMenuCollapsedLangAsInSettingsLingua_22-21-21 - [verifyingSideMenuCollapsedLangAsInSettingsLingua_22-21-21] Element found and ready (attempt 1): By.xpath: //ytd-topbar-menu-button-renderer[@class='style-scope ytd-masthead style-default']
22:23:53 [TestNG-test-Yt Master Tests-2] INFO  verifyingSideMenuCollapsedLangAsInSettingsLingua_22-21-21 - getLangAttribute() - locating <html> and reading lang property
22:23:53 [TestNG-test-Yt Master Tests-2] INFO  verifyingSideMenuCollapsedLangAsInSettingsLingua_22-21-21 - Language attribute read: hu-HU
22:23:53 [TestNG-test-Yt Master Tests-2] INFO  verifyingSideMenuCollapsedLangAsInSettingsLingua_22-21-21 - Fetching the side menu in collapsed view
22:23:53 [TestNG-test-Yt Master Tests-2] INFO  verifyingSideMenuCollapsedLangAsInSettingsLingua_22-21-21 - [verifyingSideMenuCollapsedLangAsInSettingsLingua_22-21-21] Finding elements list: By.xpath: //ytd-mini-guide-renderer[@class='style-scope ytd-app']//ytd-mini-guide-entry-renderer
22:23:53 [TestNG-test-Yt Master Tests-2] INFO  verifyingSideMenuCollapsedLangAsInSettingsLingua_22-21-21 - [verifyingSideMenuCollapsedLangAsInSettingsLingua_22-21-21] Found 4 ready elements (attempt 1): By.xpath: //ytd-mini-guide-renderer[@class='style-scope ytd-app']//ytd-mini-guide-entry-renderer
22:23:54 [TestNG-test-Yt Master Tests-2] INFO  verifyingSideMenuCollapsedLangAsInSettingsLingua_22-21-21 - 
========== LANGUAGE DETECTION ==========
Detected Language : HUNGARIAN
Input Text        : Kezdőlap Shorts Feliratkozások Te
========================================
22:23:54 [TestNG-test-Yt Master Tests-2] INFO  verifyingSideMenuCollapsedLangAsInSettingsLingua_22-21-21 - text sent to lingua is       Kezdőlap Shorts Feliratkozások Te
22:23:54 [TestNG-test-Yt Master Tests-2] INFO  verifyingSideMenuCollapsedLangAsInSettingsLingua_22-21-21 - getLangAttribute() - locating <html> and reading lang property
22:23:54 [TestNG-test-Yt Master Tests-2] INFO  verifyingSideMenuCollapsedLangAsInSettingsLingua_22-21-21 - Language attribute read: hu-HU
22:23:54 [TestNG-test-Yt Master Tests-2] INFO  verifyingSideMenuCollapsedLangAsInSettingsLingua_22-21-21 - Clicking settings ellipses button...
22:23:54 [TestNG-test-Yt Master Tests-2] INFO  verifyingSideMenuCollapsedLangAsInSettingsLingua_22-21-21 - [verifyingSideMenuCollapsedLangAsInSettingsLingua_22-21-21] Trying to find element: By.xpath: //ytd-topbar-menu-button-renderer[@class='style-scope ytd-masthead style-default']
22:23:54 [TestNG-test-Yt Master Tests-2] INFO  verifyingSideMenuCollapsedLangAsInSettingsLingua_22-21-21 - [verifyingSideMenuCollapsedLangAsInSettingsLingua_22-21-21] Element found and ready (attempt 1): By.xpath: //ytd-topbar-menu-button-renderer[@class='style-scope ytd-masthead style-default']
22:23:54 [TestNG-test-Yt Master Tests-2] INFO  verifyingSideMenuCollapsedLangAsInSettingsLingua_22-21-21 - Clicking language dropdown...
22:23:54 [TestNG-test-Yt Master Tests-2] INFO  verifyingSideMenuCollapsedLangAsInSettingsLingua_22-21-21 - [verifyingSideMenuCollapsedLangAsInSettingsLingua_22-21-21] Trying to find element: By.xpath: (//div[@id='content-icon'])[2]
22:23:54 [TestNG-test-Yt Master Tests-2] INFO  verifyingSideMenuCollapsedLangAsInSettingsLingua_22-21-21 - [verifyingSideMenuCollapsedLangAsInSettingsLingua_22-21-21] Element found and ready (attempt 1): By.xpath: (//div[@id='content-icon'])[2]
22:23:55 [TestNG-test-Yt Master Tests-2] INFO  verifyingSideMenuCollapsedLangAsInSettingsLingua_22-21-21 - Looking for language element with name: Nederlands
22:23:55 [TestNG-test-Yt Master Tests-2] INFO  verifyingSideMenuCollapsedLangAsInSettingsLingua_22-21-21 - [verifyingSideMenuCollapsedLangAsInSettingsLingua_22-21-21] Trying to find element: By.xpath: //yt-multi-page-menu-section-renderer[@class='style-scope ytd-multi-page-menu-renderer']//yt-formatted-string[@id='label' and text()='Nederlands']
22:23:55 [TestNG-test-Yt Master Tests-2] INFO  verifyingSideMenuCollapsedLangAsInSettingsLingua_22-21-21 - [verifyingSideMenuCollapsedLangAsInSettingsLingua_22-21-21] Element found and ready (attempt 1): By.xpath: //yt-multi-page-menu-section-renderer[@class='style-scope ytd-multi-page-menu-renderer']//yt-formatted-string[@id='label' and text()='Nederlands']
22:23:55 [TestNG-test-Yt Master Tests-2] INFO  verifyingSideMenuCollapsedLangAsInSettingsLingua_22-21-21 - [verifyingSideMenuCollapsedLangAsInSettingsLingua_22-21-21] Trying to find element: By.xpath: //yt-multi-page-menu-section-renderer[@class='style-scope ytd-multi-page-menu-renderer']//yt-formatted-string[@id='label' and text()='Nederlands']
22:23:55 [TestNG-test-Yt Master Tests-2] INFO  verifyingSideMenuCollapsedLangAsInSettingsLingua_22-21-21 - [verifyingSideMenuCollapsedLangAsInSettingsLingua_22-21-21] Element found and ready (attempt 1): By.xpath: //yt-multi-page-menu-section-renderer[@class='style-scope ytd-multi-page-menu-renderer']//yt-formatted-string[@id='label' and text()='Nederlands']
22:23:56 [TestNG-test-Yt Master Tests-2] INFO  verifyingSideMenuCollapsedLangAsInSettingsLingua_22-21-21 - Clicking settings ellipses button...
22:23:57 [TestNG-test-Yt Master Tests-2] INFO  verifyingSideMenuCollapsedLangAsInSettingsLingua_22-21-21 - [verifyingSideMenuCollapsedLangAsInSettingsLingua_22-21-21] Trying to find element: By.xpath: //ytd-topbar-menu-button-renderer[@class='style-scope ytd-masthead style-default']
22:23:57 [TestNG-test-Yt Master Tests-2] INFO  verifyingSideMenuCollapsedLangAsInSettingsLingua_22-21-21 - [verifyingSideMenuCollapsedLangAsInSettingsLingua_22-21-21] Element found and ready (attempt 1): By.xpath: //ytd-topbar-menu-button-renderer[@class='style-scope ytd-masthead style-default']
22:23:58 [TestNG-test-Yt Master Tests-2] INFO  verifyingSideMenuCollapsedLangAsInSettingsLingua_22-21-21 - [verifyingSideMenuCollapsedLangAsInSettingsLingua_22-21-21] Waiting until element is visible in viewport
22:23:58 [TestNG-test-Yt Master Tests-2] INFO  verifyingSideMenuCollapsedLangAsInSettingsLingua_22-21-21 - Clicking settings ellipses button...
22:23:58 [TestNG-test-Yt Master Tests-2] INFO  verifyingSideMenuCollapsedLangAsInSettingsLingua_22-21-21 - [verifyingSideMenuCollapsedLangAsInSettingsLingua_22-21-21] Trying to find element: By.xpath: //ytd-topbar-menu-button-renderer[@class='style-scope ytd-masthead style-default']
22:23:58 [TestNG-test-Yt Master Tests-2] INFO  verifyingSideMenuCollapsedLangAsInSettingsLingua_22-21-21 - [verifyingSideMenuCollapsedLangAsInSettingsLingua_22-21-21] Element found and ready (attempt 1): By.xpath: //ytd-topbar-menu-button-renderer[@class='style-scope ytd-masthead style-default']
22:23:59 [TestNG-test-Yt Master Tests-2] INFO  verifyingSideMenuCollapsedLangAsInSettingsLingua_22-21-21 - getLangAttribute() - locating <html> and reading lang property
22:23:59 [TestNG-test-Yt Master Tests-2] INFO  verifyingSideMenuCollapsedLangAsInSettingsLingua_22-21-21 - Language attribute read: nl-NL
22:23:59 [TestNG-test-Yt Master Tests-2] INFO  verifyingSideMenuCollapsedLangAsInSettingsLingua_22-21-21 - Fetching the side menu in collapsed view
22:23:59 [TestNG-test-Yt Master Tests-2] INFO  verifyingSideMenuCollapsedLangAsInSettingsLingua_22-21-21 - [verifyingSideMenuCollapsedLangAsInSettingsLingua_22-21-21] Finding elements list: By.xpath: //ytd-mini-guide-renderer[@class='style-scope ytd-app']//ytd-mini-guide-entry-renderer
22:23:59 [TestNG-test-Yt Master Tests-2] INFO  verifyingSideMenuCollapsedLangAsInSettingsLingua_22-21-21 - [verifyingSideMenuCollapsedLangAsInSettingsLingua_22-21-21] Found 4 ready elements (attempt 1): By.xpath: //ytd-mini-guide-renderer[@class='style-scope ytd-app']//ytd-mini-guide-entry-renderer
22:23:59 [TestNG-test-Yt Master Tests-2] INFO  verifyingSideMenuCollapsedLangAsInSettingsLingua_22-21-21 - 
========== LANGUAGE DETECTION ==========
Detected Language : DUTCH
Input Text        : Home Shorts Abonnementen Jij
========================================
22:23:59 [TestNG-test-Yt Master Tests-2] INFO  verifyingSideMenuCollapsedLangAsInSettingsLingua_22-21-21 - text sent to lingua is       Home Shorts Abonnementen Jij
22:23:59 [TestNG-test-Yt Master Tests-2] INFO  verifyingSideMenuCollapsedLangAsInSettingsLingua_22-21-21 - getLangAttribute() - locating <html> and reading lang property
22:23:59 [TestNG-test-Yt Master Tests-2] INFO  verifyingSideMenuCollapsedLangAsInSettingsLingua_22-21-21 - Language attribute read: nl-NL
22:23:59 [TestNG-test-Yt Master Tests-2] INFO  verifyingSideMenuCollapsedLangAsInSettingsLingua_22-21-21 - Clicking settings ellipses button...
22:23:59 [TestNG-test-Yt Master Tests-2] INFO  verifyingSideMenuCollapsedLangAsInSettingsLingua_22-21-21 - [verifyingSideMenuCollapsedLangAsInSettingsLingua_22-21-21] Trying to find element: By.xpath: //ytd-topbar-menu-button-renderer[@class='style-scope ytd-masthead style-default']
22:23:59 [TestNG-test-Yt Master Tests-2] INFO  verifyingSideMenuCollapsedLangAsInSettingsLingua_22-21-21 - [verifyingSideMenuCollapsedLangAsInSettingsLingua_22-21-21] Element found and ready (attempt 1): By.xpath: //ytd-topbar-menu-button-renderer[@class='style-scope ytd-masthead style-default']
22:23:59 [TestNG-test-Yt Master Tests-2] INFO  verifyingSideMenuCollapsedLangAsInSettingsLingua_22-21-21 - Clicking language dropdown...
22:23:59 [TestNG-test-Yt Master Tests-2] INFO  verifyingSideMenuCollapsedLangAsInSettingsLingua_22-21-21 - [verifyingSideMenuCollapsedLangAsInSettingsLingua_22-21-21] Trying to find element: By.xpath: (//div[@id='content-icon'])[2]
22:24:00 [TestNG-test-Yt Master Tests-2] INFO  verifyingSideMenuCollapsedLangAsInSettingsLingua_22-21-21 - [verifyingSideMenuCollapsedLangAsInSettingsLingua_22-21-21] Element found and ready (attempt 1): By.xpath: (//div[@id='content-icon'])[2]
22:24:00 [TestNG-test-Yt Master Tests-2] INFO  verifyingSideMenuCollapsedLangAsInSettingsLingua_22-21-21 - Looking for language element with name: Polski
22:24:00 [TestNG-test-Yt Master Tests-2] INFO  verifyingSideMenuCollapsedLangAsInSettingsLingua_22-21-21 - [verifyingSideMenuCollapsedLangAsInSettingsLingua_22-21-21] Trying to find element: By.xpath: //yt-multi-page-menu-section-renderer[@class='style-scope ytd-multi-page-menu-renderer']//yt-formatted-string[@id='label' and text()='Polski']
22:24:01 [TestNG-test-Yt Master Tests-2] INFO  verifyingSideMenuCollapsedLangAsInSettingsLingua_22-21-21 - [verifyingSideMenuCollapsedLangAsInSettingsLingua_22-21-21] Element found and ready (attempt 1): By.xpath: //yt-multi-page-menu-section-renderer[@class='style-scope ytd-multi-page-menu-renderer']//yt-formatted-string[@id='label' and text()='Polski']
22:24:01 [TestNG-test-Yt Master Tests-2] INFO  verifyingSideMenuCollapsedLangAsInSettingsLingua_22-21-21 - [verifyingSideMenuCollapsedLangAsInSettingsLingua_22-21-21] Trying to find element: By.xpath: //yt-multi-page-menu-section-renderer[@class='style-scope ytd-multi-page-menu-renderer']//yt-formatted-string[@id='label' and text()='Polski']
22:24:01 [TestNG-test-Yt Master Tests-2] INFO  verifyingSideMenuCollapsedLangAsInSettingsLingua_22-21-21 - [verifyingSideMenuCollapsedLangAsInSettingsLingua_22-21-21] Element found and ready (attempt 1): By.xpath: //yt-multi-page-menu-section-renderer[@class='style-scope ytd-multi-page-menu-renderer']//yt-formatted-string[@id='label' and text()='Polski']
22:24:02 [TestNG-test-Yt Master Tests-2] INFO  verifyingSideMenuCollapsedLangAsInSettingsLingua_22-21-21 - Clicking settings ellipses button...
22:24:02 [TestNG-test-Yt Master Tests-2] INFO  verifyingSideMenuCollapsedLangAsInSettingsLingua_22-21-21 - [verifyingSideMenuCollapsedLangAsInSettingsLingua_22-21-21] Trying to find element: By.xpath: //ytd-topbar-menu-button-renderer[@class='style-scope ytd-masthead style-default']
22:24:03 [TestNG-test-Yt Master Tests-2] INFO  verifyingSideMenuCollapsedLangAsInSettingsLingua_22-21-21 - [verifyingSideMenuCollapsedLangAsInSettingsLingua_22-21-21] Element found and ready (attempt 1): By.xpath: //ytd-topbar-menu-button-renderer[@class='style-scope ytd-masthead style-default']
22:24:03 [TestNG-test-Yt Master Tests-2] INFO  verifyingSideMenuCollapsedLangAsInSettingsLingua_22-21-21 - [verifyingSideMenuCollapsedLangAsInSettingsLingua_22-21-21] Waiting until element is visible in viewport
22:24:04 [TestNG-test-Yt Master Tests-2] INFO  verifyingSideMenuCollapsedLangAsInSettingsLingua_22-21-21 - Clicking settings ellipses button...
22:24:04 [TestNG-test-Yt Master Tests-2] INFO  verifyingSideMenuCollapsedLangAsInSettingsLingua_22-21-21 - [verifyingSideMenuCollapsedLangAsInSettingsLingua_22-21-21] Trying to find element: By.xpath: //ytd-topbar-menu-button-renderer[@class='style-scope ytd-masthead style-default']
22:24:04 [TestNG-test-Yt Master Tests-2] INFO  verifyingSideMenuCollapsedLangAsInSettingsLingua_22-21-21 - [verifyingSideMenuCollapsedLangAsInSettingsLingua_22-21-21] Element found and ready (attempt 1): By.xpath: //ytd-topbar-menu-button-renderer[@class='style-scope ytd-masthead style-default']
22:24:04 [TestNG-test-Yt Master Tests-2] INFO  verifyingSideMenuCollapsedLangAsInSettingsLingua_22-21-21 - getLangAttribute() - locating <html> and reading lang property
22:24:04 [TestNG-test-Yt Master Tests-2] INFO  verifyingSideMenuCollapsedLangAsInSettingsLingua_22-21-21 - Language attribute read: pl-PL
22:24:04 [TestNG-test-Yt Master Tests-2] INFO  verifyingSideMenuCollapsedLangAsInSettingsLingua_22-21-21 - Fetching the side menu in collapsed view
22:24:04 [TestNG-test-Yt Master Tests-2] INFO  verifyingSideMenuCollapsedLangAsInSettingsLingua_22-21-21 - [verifyingSideMenuCollapsedLangAsInSettingsLingua_22-21-21] Finding elements list: By.xpath: //ytd-mini-guide-renderer[@class='style-scope ytd-app']//ytd-mini-guide-entry-renderer
22:24:05 [TestNG-test-Yt Master Tests-2] INFO  verifyingSideMenuCollapsedLangAsInSettingsLingua_22-21-21 - [verifyingSideMenuCollapsedLangAsInSettingsLingua_22-21-21] Found 4 ready elements (attempt 1): By.xpath: //ytd-mini-guide-renderer[@class='style-scope ytd-app']//ytd-mini-guide-entry-renderer
22:24:05 [TestNG-test-Yt Master Tests-2] INFO  verifyingSideMenuCollapsedLangAsInSettingsLingua_22-21-21 - 
========== LANGUAGE DETECTION ==========
Detected Language : POLISH
Input Text        : Główna Shorts Subskrypcje Ty
========================================
22:24:05 [TestNG-test-Yt Master Tests-2] INFO  verifyingSideMenuCollapsedLangAsInSettingsLingua_22-21-21 - text sent to lingua is       Główna Shorts Subskrypcje Ty
22:24:05 [TestNG-test-Yt Master Tests-2] INFO  verifyingSideMenuCollapsedLangAsInSettingsLingua_22-21-21 - getLangAttribute() - locating <html> and reading lang property
22:24:05 [TestNG-test-Yt Master Tests-2] INFO  verifyingSideMenuCollapsedLangAsInSettingsLingua_22-21-21 - Language attribute read: pl-PL
22:24:05 [TestNG-test-Yt Master Tests-2] INFO  verifyingSideMenuCollapsedLangAsInSettingsLingua_22-21-21 - Clicking settings ellipses button...
22:24:05 [TestNG-test-Yt Master Tests-2] INFO  verifyingSideMenuCollapsedLangAsInSettingsLingua_22-21-21 - [verifyingSideMenuCollapsedLangAsInSettingsLingua_22-21-21] Trying to find element: By.xpath: //ytd-topbar-menu-button-renderer[@class='style-scope ytd-masthead style-default']
22:24:05 [TestNG-test-Yt Master Tests-2] INFO  verifyingSideMenuCollapsedLangAsInSettingsLingua_22-21-21 - [verifyingSideMenuCollapsedLangAsInSettingsLingua_22-21-21] Element found and ready (attempt 1): By.xpath: //ytd-topbar-menu-button-renderer[@class='style-scope ytd-masthead style-default']
22:24:05 [TestNG-test-Yt Master Tests-2] INFO  verifyingSideMenuCollapsedLangAsInSettingsLingua_22-21-21 - Clicking language dropdown...
22:24:05 [TestNG-test-Yt Master Tests-2] INFO  verifyingSideMenuCollapsedLangAsInSettingsLingua_22-21-21 - [verifyingSideMenuCollapsedLangAsInSettingsLingua_22-21-21] Trying to find element: By.xpath: (//div[@id='content-icon'])[2]
22:24:06 [TestNG-test-Yt Master Tests-2] INFO  verifyingSideMenuCollapsedLangAsInSettingsLingua_22-21-21 - [verifyingSideMenuCollapsedLangAsInSettingsLingua_22-21-21] Element found and ready (attempt 1): By.xpath: (//div[@id='content-icon'])[2]
22:24:06 [TestNG-test-Yt Master Tests-2] INFO  verifyingSideMenuCollapsedLangAsInSettingsLingua_22-21-21 - Looking for language element with name: Português
22:24:06 [TestNG-test-Yt Master Tests-2] INFO  verifyingSideMenuCollapsedLangAsInSettingsLingua_22-21-21 - [verifyingSideMenuCollapsedLangAsInSettingsLingua_22-21-21] Trying to find element: By.xpath: //yt-multi-page-menu-section-renderer[@class='style-scope ytd-multi-page-menu-renderer']//yt-formatted-string[@id='label' and text()='Português']
22:24:07 [TestNG-test-Yt Master Tests-2] INFO  verifyingSideMenuCollapsedLangAsInSettingsLingua_22-21-21 - [verifyingSideMenuCollapsedLangAsInSettingsLingua_22-21-21] Element found and ready (attempt 1): By.xpath: //yt-multi-page-menu-section-renderer[@class='style-scope ytd-multi-page-menu-renderer']//yt-formatted-string[@id='label' and text()='Português']
22:24:07 [TestNG-test-Yt Master Tests-2] INFO  verifyingSideMenuCollapsedLangAsInSettingsLingua_22-21-21 - [verifyingSideMenuCollapsedLangAsInSettingsLingua_22-21-21] Trying to find element: By.xpath: //yt-multi-page-menu-section-renderer[@class='style-scope ytd-multi-page-menu-renderer']//yt-formatted-string[@id='label' and text()='Português']
22:24:07 [TestNG-test-Yt Master Tests-2] INFO  verifyingSideMenuCollapsedLangAsInSettingsLingua_22-21-21 - [verifyingSideMenuCollapsedLangAsInSettingsLingua_22-21-21] Element found and ready (attempt 1): By.xpath: //yt-multi-page-menu-section-renderer[@class='style-scope ytd-multi-page-menu-renderer']//yt-formatted-string[@id='label' and text()='Português']
22:24:09 [TestNG-test-Yt Master Tests-2] INFO  verifyingSideMenuCollapsedLangAsInSettingsLingua_22-21-21 - Clicking settings ellipses button...
22:24:09 [TestNG-test-Yt Master Tests-2] INFO  verifyingSideMenuCollapsedLangAsInSettingsLingua_22-21-21 - [verifyingSideMenuCollapsedLangAsInSettingsLingua_22-21-21] Trying to find element: By.xpath: //ytd-topbar-menu-button-renderer[@class='style-scope ytd-masthead style-default']
22:24:10 [TestNG-test-Yt Master Tests-2] INFO  verifyingSideMenuCollapsedLangAsInSettingsLingua_22-21-21 - [verifyingSideMenuCollapsedLangAsInSettingsLingua_22-21-21] Element found and ready (attempt 1): By.xpath: //ytd-topbar-menu-button-renderer[@class='style-scope ytd-masthead style-default']
22:24:10 [TestNG-test-Yt Master Tests-2] INFO  verifyingSideMenuCollapsedLangAsInSettingsLingua_22-21-21 - [verifyingSideMenuCollapsedLangAsInSettingsLingua_22-21-21] Waiting until element is visible in viewport
22:24:11 [TestNG-test-Yt Master Tests-2] INFO  verifyingSideMenuCollapsedLangAsInSettingsLingua_22-21-21 - Clicking settings ellipses button...
22:24:11 [TestNG-test-Yt Master Tests-2] INFO  verifyingSideMenuCollapsedLangAsInSettingsLingua_22-21-21 - [verifyingSideMenuCollapsedLangAsInSettingsLingua_22-21-21] Trying to find element: By.xpath: //ytd-topbar-menu-button-renderer[@class='style-scope ytd-masthead style-default']
22:24:11 [TestNG-test-Yt Master Tests-2] INFO  verifyingSideMenuCollapsedLangAsInSettingsLingua_22-21-21 - [verifyingSideMenuCollapsedLangAsInSettingsLingua_22-21-21] Element found and ready (attempt 1): By.xpath: //ytd-topbar-menu-button-renderer[@class='style-scope ytd-masthead style-default']
22:24:11 [TestNG-test-Yt Master Tests-2] INFO  verifyingSideMenuCollapsedLangAsInSettingsLingua_22-21-21 - getLangAttribute() - locating <html> and reading lang property
22:24:12 [TestNG-test-Yt Master Tests-2] INFO  verifyingSideMenuCollapsedLangAsInSettingsLingua_22-21-21 - Language attribute read: pt-PT
22:24:12 [TestNG-test-Yt Master Tests-2] INFO  verifyingSideMenuCollapsedLangAsInSettingsLingua_22-21-21 - Fetching the side menu in collapsed view
22:24:12 [TestNG-test-Yt Master Tests-2] INFO  verifyingSideMenuCollapsedLangAsInSettingsLingua_22-21-21 - [verifyingSideMenuCollapsedLangAsInSettingsLingua_22-21-21] Finding elements list: By.xpath: //ytd-mini-guide-renderer[@class='style-scope ytd-app']//ytd-mini-guide-entry-renderer
22:24:12 [TestNG-test-Yt Master Tests-2] INFO  verifyingSideMenuCollapsedLangAsInSettingsLingua_22-21-21 - [verifyingSideMenuCollapsedLangAsInSettingsLingua_22-21-21] Found 4 ready elements (attempt 1): By.xpath: //ytd-mini-guide-renderer[@class='style-scope ytd-app']//ytd-mini-guide-entry-renderer
22:24:12 [TestNG-test-Yt Master Tests-2] INFO  verifyingSideMenuCollapsedLangAsInSettingsLingua_22-21-21 - 
========== LANGUAGE DETECTION ==========
Detected Language : PORTUGUESE
Input Text        : Início Shorts Subscrições Eu
========================================
22:24:12 [TestNG-test-Yt Master Tests-2] INFO  verifyingSideMenuCollapsedLangAsInSettingsLingua_22-21-21 - text sent to lingua is       Início Shorts Subscrições Eu
22:24:12 [TestNG-test-Yt Master Tests-2] INFO  verifyingSideMenuCollapsedLangAsInSettingsLingua_22-21-21 - getLangAttribute() - locating <html> and reading lang property
22:24:12 [TestNG-test-Yt Master Tests-2] INFO  verifyingSideMenuCollapsedLangAsInSettingsLingua_22-21-21 - Language attribute read: pt-PT
22:24:12 [TestNG-test-Yt Master Tests-2] INFO  verifyingSideMenuCollapsedLangAsInSettingsLingua_22-21-21 - Clicking settings ellipses button...
22:24:12 [TestNG-test-Yt Master Tests-2] INFO  verifyingSideMenuCollapsedLangAsInSettingsLingua_22-21-21 - [verifyingSideMenuCollapsedLangAsInSettingsLingua_22-21-21] Trying to find element: By.xpath: //ytd-topbar-menu-button-renderer[@class='style-scope ytd-masthead style-default']
22:24:12 [TestNG-test-Yt Master Tests-2] INFO  verifyingSideMenuCollapsedLangAsInSettingsLingua_22-21-21 - [verifyingSideMenuCollapsedLangAsInSettingsLingua_22-21-21] Element found and ready (attempt 1): By.xpath: //ytd-topbar-menu-button-renderer[@class='style-scope ytd-masthead style-default']
22:24:12 [TestNG-test-Yt Master Tests-2] INFO  verifyingSideMenuCollapsedLangAsInSettingsLingua_22-21-21 - Clicking language dropdown...
22:24:12 [TestNG-test-Yt Master Tests-2] INFO  verifyingSideMenuCollapsedLangAsInSettingsLingua_22-21-21 - [verifyingSideMenuCollapsedLangAsInSettingsLingua_22-21-21] Trying to find element: By.xpath: (//div[@id='content-icon'])[2]
22:24:12 [TestNG-test-Yt Master Tests-2] INFO  verifyingSideMenuCollapsedLangAsInSettingsLingua_22-21-21 - [verifyingSideMenuCollapsedLangAsInSettingsLingua_22-21-21] Element found and ready (attempt 1): By.xpath: (//div[@id='content-icon'])[2]
22:24:13 [TestNG-test-Yt Master Tests-2] INFO  verifyingSideMenuCollapsedLangAsInSettingsLingua_22-21-21 - Looking for language element with name: Português (Brasil)
22:24:13 [TestNG-test-Yt Master Tests-2] INFO  verifyingSideMenuCollapsedLangAsInSettingsLingua_22-21-21 - [verifyingSideMenuCollapsedLangAsInSettingsLingua_22-21-21] Trying to find element: By.xpath: //yt-multi-page-menu-section-renderer[@class='style-scope ytd-multi-page-menu-renderer']//yt-formatted-string[@id='label' and text()='Português (Brasil)']
22:24:13 [TestNG-test-Yt Master Tests-2] INFO  verifyingSideMenuCollapsedLangAsInSettingsLingua_22-21-21 - [verifyingSideMenuCollapsedLangAsInSettingsLingua_22-21-21] Element found and ready (attempt 1): By.xpath: //yt-multi-page-menu-section-renderer[@class='style-scope ytd-multi-page-menu-renderer']//yt-formatted-string[@id='label' and text()='Português (Brasil)']
22:24:13 [TestNG-test-Yt Master Tests-2] INFO  verifyingSideMenuCollapsedLangAsInSettingsLingua_22-21-21 - [verifyingSideMenuCollapsedLangAsInSettingsLingua_22-21-21] Trying to find element: By.xpath: //yt-multi-page-menu-section-renderer[@class='style-scope ytd-multi-page-menu-renderer']//yt-formatted-string[@id='label' and text()='Português (Brasil)']
22:24:13 [TestNG-test-Yt Master Tests-2] INFO  verifyingSideMenuCollapsedLangAsInSettingsLingua_22-21-21 - [verifyingSideMenuCollapsedLangAsInSettingsLingua_22-21-21] Element found and ready (attempt 1): By.xpath: //yt-multi-page-menu-section-renderer[@class='style-scope ytd-multi-page-menu-renderer']//yt-formatted-string[@id='label' and text()='Português (Brasil)']
22:24:15 [TestNG-test-Yt Master Tests-2] INFO  verifyingSideMenuCollapsedLangAsInSettingsLingua_22-21-21 - Clicking settings ellipses button...
22:24:15 [TestNG-test-Yt Master Tests-2] INFO  verifyingSideMenuCollapsedLangAsInSettingsLingua_22-21-21 - [verifyingSideMenuCollapsedLangAsInSettingsLingua_22-21-21] Trying to find element: By.xpath: //ytd-topbar-menu-button-renderer[@class='style-scope ytd-masthead style-default']
22:24:15 [TestNG-test-Yt Master Tests-2] INFO  verifyingSideMenuCollapsedLangAsInSettingsLingua_22-21-21 - [verifyingSideMenuCollapsedLangAsInSettingsLingua_22-21-21] Element found and ready (attempt 1): By.xpath: //ytd-topbar-menu-button-renderer[@class='style-scope ytd-masthead style-default']
22:24:16 [TestNG-test-Yt Master Tests-2] INFO  verifyingSideMenuCollapsedLangAsInSettingsLingua_22-21-21 - [verifyingSideMenuCollapsedLangAsInSettingsLingua_22-21-21] Waiting until element is visible in viewport
22:24:17 [TestNG-test-Yt Master Tests-2] INFO  verifyingSideMenuCollapsedLangAsInSettingsLingua_22-21-21 - Clicking settings ellipses button...
22:24:17 [TestNG-test-Yt Master Tests-2] INFO  verifyingSideMenuCollapsedLangAsInSettingsLingua_22-21-21 - [verifyingSideMenuCollapsedLangAsInSettingsLingua_22-21-21] Trying to find element: By.xpath: //ytd-topbar-menu-button-renderer[@class='style-scope ytd-masthead style-default']
22:24:17 [TestNG-test-Yt Master Tests-2] INFO  verifyingSideMenuCollapsedLangAsInSettingsLingua_22-21-21 - [verifyingSideMenuCollapsedLangAsInSettingsLingua_22-21-21] Element found and ready (attempt 1): By.xpath: //ytd-topbar-menu-button-renderer[@class='style-scope ytd-masthead style-default']
22:24:17 [TestNG-test-Yt Master Tests-2] INFO  verifyingSideMenuCollapsedLangAsInSettingsLingua_22-21-21 - getLangAttribute() - locating <html> and reading lang property
22:24:17 [TestNG-test-Yt Master Tests-2] INFO  verifyingSideMenuCollapsedLangAsInSettingsLingua_22-21-21 - Language attribute read: pt-BR
22:24:17 [TestNG-test-Yt Master Tests-2] INFO  verifyingSideMenuCollapsedLangAsInSettingsLingua_22-21-21 - Fetching the side menu in collapsed view
22:24:17 [TestNG-test-Yt Master Tests-2] INFO  verifyingSideMenuCollapsedLangAsInSettingsLingua_22-21-21 - [verifyingSideMenuCollapsedLangAsInSettingsLingua_22-21-21] Finding elements list: By.xpath: //ytd-mini-guide-renderer[@class='style-scope ytd-app']//ytd-mini-guide-entry-renderer
22:24:17 [TestNG-test-Yt Master Tests-2] INFO  verifyingSideMenuCollapsedLangAsInSettingsLingua_22-21-21 - [verifyingSideMenuCollapsedLangAsInSettingsLingua_22-21-21] Found 4 ready elements (attempt 1): By.xpath: //ytd-mini-guide-renderer[@class='style-scope ytd-app']//ytd-mini-guide-entry-renderer
22:24:17 [TestNG-test-Yt Master Tests-2] INFO  verifyingSideMenuCollapsedLangAsInSettingsLingua_22-21-21 - 
========== LANGUAGE DETECTION ==========
Detected Language : PORTUGUESE
Input Text        : Início Shorts Inscrições Você
========================================
22:24:17 [TestNG-test-Yt Master Tests-2] INFO  verifyingSideMenuCollapsedLangAsInSettingsLingua_22-21-21 - text sent to lingua is       Início Shorts Inscrições Você
22:24:17 [TestNG-test-Yt Master Tests-2] INFO  verifyingSideMenuCollapsedLangAsInSettingsLingua_22-21-21 - getLangAttribute() - locating <html> and reading lang property
22:24:17 [TestNG-test-Yt Master Tests-2] INFO  verifyingSideMenuCollapsedLangAsInSettingsLingua_22-21-21 - Language attribute read: pt-BR
22:24:17 [TestNG-test-Yt Master Tests-2] INFO  verifyingSideMenuCollapsedLangAsInSettingsLingua_22-21-21 - Clicking settings ellipses button...
22:24:17 [TestNG-test-Yt Master Tests-2] INFO  verifyingSideMenuCollapsedLangAsInSettingsLingua_22-21-21 - [verifyingSideMenuCollapsedLangAsInSettingsLingua_22-21-21] Trying to find element: By.xpath: //ytd-topbar-menu-button-renderer[@class='style-scope ytd-masthead style-default']
22:24:17 [TestNG-test-Yt Master Tests-2] INFO  verifyingSideMenuCollapsedLangAsInSettingsLingua_22-21-21 - [verifyingSideMenuCollapsedLangAsInSettingsLingua_22-21-21] Element found and ready (attempt 1): By.xpath: //ytd-topbar-menu-button-renderer[@class='style-scope ytd-masthead style-default']
22:24:18 [TestNG-test-Yt Master Tests-2] INFO  verifyingSideMenuCollapsedLangAsInSettingsLingua_22-21-21 - Clicking language dropdown...
22:24:18 [TestNG-test-Yt Master Tests-2] INFO  verifyingSideMenuCollapsedLangAsInSettingsLingua_22-21-21 - [verifyingSideMenuCollapsedLangAsInSettingsLingua_22-21-21] Trying to find element: By.xpath: (//div[@id='content-icon'])[2]
22:24:18 [TestNG-test-Yt Master Tests-2] INFO  verifyingSideMenuCollapsedLangAsInSettingsLingua_22-21-21 - [verifyingSideMenuCollapsedLangAsInSettingsLingua_22-21-21] Element found and ready (attempt 1): By.xpath: (//div[@id='content-icon'])[2]
22:24:19 [TestNG-test-Yt Master Tests-2] INFO  verifyingSideMenuCollapsedLangAsInSettingsLingua_22-21-21 - Looking for language element with name: Shqip
22:24:19 [TestNG-test-Yt Master Tests-2] INFO  verifyingSideMenuCollapsedLangAsInSettingsLingua_22-21-21 - [verifyingSideMenuCollapsedLangAsInSettingsLingua_22-21-21] Trying to find element: By.xpath: //yt-multi-page-menu-section-renderer[@class='style-scope ytd-multi-page-menu-renderer']//yt-formatted-string[@id='label' and text()='Shqip']
22:24:20 [TestNG-test-Yt Master Tests-2] INFO  verifyingSideMenuCollapsedLangAsInSettingsLingua_22-21-21 - [verifyingSideMenuCollapsedLangAsInSettingsLingua_22-21-21] Element found and ready (attempt 1): By.xpath: //yt-multi-page-menu-section-renderer[@class='style-scope ytd-multi-page-menu-renderer']//yt-formatted-string[@id='label' and text()='Shqip']
22:24:20 [TestNG-test-Yt Master Tests-2] INFO  verifyingSideMenuCollapsedLangAsInSettingsLingua_22-21-21 - [verifyingSideMenuCollapsedLangAsInSettingsLingua_22-21-21] Trying to find element: By.xpath: //yt-multi-page-menu-section-renderer[@class='style-scope ytd-multi-page-menu-renderer']//yt-formatted-string[@id='label' and text()='Shqip']
22:24:20 [TestNG-test-Yt Master Tests-2] INFO  verifyingSideMenuCollapsedLangAsInSettingsLingua_22-21-21 - [verifyingSideMenuCollapsedLangAsInSettingsLingua_22-21-21] Element found and ready (attempt 1): By.xpath: //yt-multi-page-menu-section-renderer[@class='style-scope ytd-multi-page-menu-renderer']//yt-formatted-string[@id='label' and text()='Shqip']
22:24:21 [TestNG-test-Yt Master Tests-2] INFO  verifyingSideMenuCollapsedLangAsInSettingsLingua_22-21-21 - Clicking settings ellipses button...
22:24:23 [TestNG-test-Yt Master Tests-2] INFO  verifyingSideMenuCollapsedLangAsInSettingsLingua_22-21-21 - [verifyingSideMenuCollapsedLangAsInSettingsLingua_22-21-21] Trying to find element: By.xpath: //ytd-topbar-menu-button-renderer[@class='style-scope ytd-masthead style-default']
22:24:23 [TestNG-test-Yt Master Tests-2] INFO  verifyingSideMenuCollapsedLangAsInSettingsLingua_22-21-21 - [verifyingSideMenuCollapsedLangAsInSettingsLingua_22-21-21] Element found and ready (attempt 1): By.xpath: //ytd-topbar-menu-button-renderer[@class='style-scope ytd-masthead style-default']
22:24:23 [TestNG-test-Yt Master Tests-2] INFO  verifyingSideMenuCollapsedLangAsInSettingsLingua_22-21-21 - [verifyingSideMenuCollapsedLangAsInSettingsLingua_22-21-21] Waiting until element is visible in viewport
22:24:24 [TestNG-test-Yt Master Tests-2] INFO  verifyingSideMenuCollapsedLangAsInSettingsLingua_22-21-21 - Clicking settings ellipses button...
22:24:24 [TestNG-test-Yt Master Tests-2] INFO  verifyingSideMenuCollapsedLangAsInSettingsLingua_22-21-21 - [verifyingSideMenuCollapsedLangAsInSettingsLingua_22-21-21] Trying to find element: By.xpath: //ytd-topbar-menu-button-renderer[@class='style-scope ytd-masthead style-default']
22:24:24 [TestNG-test-Yt Master Tests-2] INFO  verifyingSideMenuCollapsedLangAsInSettingsLingua_22-21-21 - [verifyingSideMenuCollapsedLangAsInSettingsLingua_22-21-21] Element found and ready (attempt 1): By.xpath: //ytd-topbar-menu-button-renderer[@class='style-scope ytd-masthead style-default']
22:24:24 [TestNG-test-Yt Master Tests-2] INFO  verifyingSideMenuCollapsedLangAsInSettingsLingua_22-21-21 - getLangAttribute() - locating <html> and reading lang property
22:24:24 [TestNG-test-Yt Master Tests-2] INFO  verifyingSideMenuCollapsedLangAsInSettingsLingua_22-21-21 - Language attribute read: sq-AL
22:24:24 [TestNG-test-Yt Master Tests-2] INFO  verifyingSideMenuCollapsedLangAsInSettingsLingua_22-21-21 - Fetching the side menu in collapsed view
22:24:24 [TestNG-test-Yt Master Tests-2] INFO  verifyingSideMenuCollapsedLangAsInSettingsLingua_22-21-21 - [verifyingSideMenuCollapsedLangAsInSettingsLingua_22-21-21] Finding elements list: By.xpath: //ytd-mini-guide-renderer[@class='style-scope ytd-app']//ytd-mini-guide-entry-renderer
22:24:24 [TestNG-test-Yt Master Tests-2] INFO  verifyingSideMenuCollapsedLangAsInSettingsLingua_22-21-21 - [verifyingSideMenuCollapsedLangAsInSettingsLingua_22-21-21] Found 4 ready elements (attempt 1): By.xpath: //ytd-mini-guide-renderer[@class='style-scope ytd-app']//ytd-mini-guide-entry-renderer
22:24:25 [TestNG-test-Yt Master Tests-2] INFO  verifyingSideMenuCollapsedLangAsInSettingsLingua_22-21-21 - 
========== LANGUAGE DETECTION ==========
Detected Language : ALBANIAN
Input Text        : Faqja e parë Shorts Abonimet Ti
========================================
22:24:25 [TestNG-test-Yt Master Tests-2] INFO  verifyingSideMenuCollapsedLangAsInSettingsLingua_22-21-21 - text sent to lingua is       Faqja e parë Shorts Abonimet Ti
22:24:25 [TestNG-test-Yt Master Tests-2] INFO  verifyingSideMenuCollapsedLangAsInSettingsLingua_22-21-21 - getLangAttribute() - locating <html> and reading lang property
22:24:25 [TestNG-test-Yt Master Tests-2] INFO  verifyingSideMenuCollapsedLangAsInSettingsLingua_22-21-21 - Language attribute read: sq-AL
22:24:25 [TestNG-test-Yt Master Tests-2] INFO  verifyingSideMenuCollapsedLangAsInSettingsLingua_22-21-21 - Clicking settings ellipses button...
22:24:25 [TestNG-test-Yt Master Tests-2] INFO  verifyingSideMenuCollapsedLangAsInSettingsLingua_22-21-21 - [verifyingSideMenuCollapsedLangAsInSettingsLingua_22-21-21] Trying to find element: By.xpath: //ytd-topbar-menu-button-renderer[@class='style-scope ytd-masthead style-default']
22:24:25 [TestNG-test-Yt Master Tests-2] INFO  verifyingSideMenuCollapsedLangAsInSettingsLingua_22-21-21 - [verifyingSideMenuCollapsedLangAsInSettingsLingua_22-21-21] Element found and ready (attempt 1): By.xpath: //ytd-topbar-menu-button-renderer[@class='style-scope ytd-masthead style-default']
22:24:25 [TestNG-test-Yt Master Tests-2] INFO  verifyingSideMenuCollapsedLangAsInSettingsLingua_22-21-21 - Clicking language dropdown...
22:24:25 [TestNG-test-Yt Master Tests-2] INFO  verifyingSideMenuCollapsedLangAsInSettingsLingua_22-21-21 - [verifyingSideMenuCollapsedLangAsInSettingsLingua_22-21-21] Trying to find element: By.xpath: (//div[@id='content-icon'])[2]
22:24:26 [TestNG-test-Yt Master Tests-2] INFO  verifyingSideMenuCollapsedLangAsInSettingsLingua_22-21-21 - [verifyingSideMenuCollapsedLangAsInSettingsLingua_22-21-21] Element found and ready (attempt 1): By.xpath: (//div[@id='content-icon'])[2]
22:24:26 [TestNG-test-Yt Master Tests-2] INFO  verifyingSideMenuCollapsedLangAsInSettingsLingua_22-21-21 - Looking for language element with name: Slovenščina
22:24:26 [TestNG-test-Yt Master Tests-2] INFO  verifyingSideMenuCollapsedLangAsInSettingsLingua_22-21-21 - [verifyingSideMenuCollapsedLangAsInSettingsLingua_22-21-21] Trying to find element: By.xpath: //yt-multi-page-menu-section-renderer[@class='style-scope ytd-multi-page-menu-renderer']//yt-formatted-string[@id='label' and text()='Slovenščina']
22:24:27 [TestNG-test-Yt Master Tests-2] INFO  verifyingSideMenuCollapsedLangAsInSettingsLingua_22-21-21 - [verifyingSideMenuCollapsedLangAsInSettingsLingua_22-21-21] Element found and ready (attempt 1): By.xpath: //yt-multi-page-menu-section-renderer[@class='style-scope ytd-multi-page-menu-renderer']//yt-formatted-string[@id='label' and text()='Slovenščina']
22:24:27 [TestNG-test-Yt Master Tests-2] INFO  verifyingSideMenuCollapsedLangAsInSettingsLingua_22-21-21 - [verifyingSideMenuCollapsedLangAsInSettingsLingua_22-21-21] Trying to find element: By.xpath: //yt-multi-page-menu-section-renderer[@class='style-scope ytd-multi-page-menu-renderer']//yt-formatted-string[@id='label' and text()='Slovenščina']
22:24:27 [TestNG-test-Yt Master Tests-2] INFO  verifyingSideMenuCollapsedLangAsInSettingsLingua_22-21-21 - [verifyingSideMenuCollapsedLangAsInSettingsLingua_22-21-21] Element found and ready (attempt 1): By.xpath: //yt-multi-page-menu-section-renderer[@class='style-scope ytd-multi-page-menu-renderer']//yt-formatted-string[@id='label' and text()='Slovenščina']
22:24:28 [TestNG-test-Yt Master Tests-2] INFO  verifyingSideMenuCollapsedLangAsInSettingsLingua_22-21-21 - Clicking settings ellipses button...
22:24:30 [TestNG-test-Yt Master Tests-2] INFO  verifyingSideMenuCollapsedLangAsInSettingsLingua_22-21-21 - [verifyingSideMenuCollapsedLangAsInSettingsLingua_22-21-21] Trying to find element: By.xpath: //ytd-topbar-menu-button-renderer[@class='style-scope ytd-masthead style-default']
22:24:30 [TestNG-test-Yt Master Tests-2] INFO  verifyingSideMenuCollapsedLangAsInSettingsLingua_22-21-21 - [verifyingSideMenuCollapsedLangAsInSettingsLingua_22-21-21] Element found and ready (attempt 1): By.xpath: //ytd-topbar-menu-button-renderer[@class='style-scope ytd-masthead style-default']
22:24:31 [TestNG-test-Yt Master Tests-2] INFO  verifyingSideMenuCollapsedLangAsInSettingsLingua_22-21-21 - [verifyingSideMenuCollapsedLangAsInSettingsLingua_22-21-21] Waiting until element is visible in viewport
22:24:31 [TestNG-test-Yt Master Tests-2] INFO  verifyingSideMenuCollapsedLangAsInSettingsLingua_22-21-21 - Clicking settings ellipses button...
22:24:31 [TestNG-test-Yt Master Tests-2] INFO  verifyingSideMenuCollapsedLangAsInSettingsLingua_22-21-21 - [verifyingSideMenuCollapsedLangAsInSettingsLingua_22-21-21] Trying to find element: By.xpath: //ytd-topbar-menu-button-renderer[@class='style-scope ytd-masthead style-default']
22:24:31 [TestNG-test-Yt Master Tests-2] INFO  verifyingSideMenuCollapsedLangAsInSettingsLingua_22-21-21 - [verifyingSideMenuCollapsedLangAsInSettingsLingua_22-21-21] Element found and ready (attempt 1): By.xpath: //ytd-topbar-menu-button-renderer[@class='style-scope ytd-masthead style-default']
22:24:32 [TestNG-test-Yt Master Tests-2] INFO  verifyingSideMenuCollapsedLangAsInSettingsLingua_22-21-21 - getLangAttribute() - locating <html> and reading lang property
22:24:32 [TestNG-test-Yt Master Tests-2] INFO  verifyingSideMenuCollapsedLangAsInSettingsLingua_22-21-21 - Language attribute read: sl-SI
22:24:32 [TestNG-test-Yt Master Tests-2] INFO  verifyingSideMenuCollapsedLangAsInSettingsLingua_22-21-21 - Fetching the side menu in collapsed view
22:24:32 [TestNG-test-Yt Master Tests-2] INFO  verifyingSideMenuCollapsedLangAsInSettingsLingua_22-21-21 - [verifyingSideMenuCollapsedLangAsInSettingsLingua_22-21-21] Finding elements list: By.xpath: //ytd-mini-guide-renderer[@class='style-scope ytd-app']//ytd-mini-guide-entry-renderer
22:24:32 [TestNG-test-Yt Master Tests-2] INFO  verifyingSideMenuCollapsedLangAsInSettingsLingua_22-21-21 - [verifyingSideMenuCollapsedLangAsInSettingsLingua_22-21-21] Found 4 ready elements (attempt 1): By.xpath: //ytd-mini-guide-renderer[@class='style-scope ytd-app']//ytd-mini-guide-entry-renderer
22:24:32 [TestNG-test-Yt Master Tests-2] INFO  verifyingSideMenuCollapsedLangAsInSettingsLingua_22-21-21 - 
========== LANGUAGE DETECTION ==========
Detected Language : SLOVENE
Input Text        : Domača stran Kratki videoposnetki Naročnine Vi
========================================
22:24:32 [TestNG-test-Yt Master Tests-2] INFO  verifyingSideMenuCollapsedLangAsInSettingsLingua_22-21-21 - text sent to lingua is       Domača stran Kratki videoposnetki Naročnine Vi
22:24:32 [TestNG-test-Yt Master Tests-2] INFO  verifyingSideMenuCollapsedLangAsInSettingsLingua_22-21-21 - getLangAttribute() - locating <html> and reading lang property
22:24:32 [TestNG-test-Yt Master Tests-2] INFO  verifyingSideMenuCollapsedLangAsInSettingsLingua_22-21-21 - Language attribute read: sl-SI
22:24:32 [TestNG-test-Yt Master Tests-2] INFO  verifyingSideMenuCollapsedLangAsInSettingsLingua_22-21-21 - Clicking settings ellipses button...
22:24:32 [TestNG-test-Yt Master Tests-2] INFO  verifyingSideMenuCollapsedLangAsInSettingsLingua_22-21-21 - [verifyingSideMenuCollapsedLangAsInSettingsLingua_22-21-21] Trying to find element: By.xpath: //ytd-topbar-menu-button-renderer[@class='style-scope ytd-masthead style-default']
22:24:32 [TestNG-test-Yt Master Tests-2] INFO  verifyingSideMenuCollapsedLangAsInSettingsLingua_22-21-21 - [verifyingSideMenuCollapsedLangAsInSettingsLingua_22-21-21] Element found and ready (attempt 1): By.xpath: //ytd-topbar-menu-button-renderer[@class='style-scope ytd-masthead style-default']
22:24:32 [TestNG-test-Yt Master Tests-2] INFO  verifyingSideMenuCollapsedLangAsInSettingsLingua_22-21-21 - Clicking language dropdown...
22:24:32 [TestNG-test-Yt Master Tests-2] INFO  verifyingSideMenuCollapsedLangAsInSettingsLingua_22-21-21 - [verifyingSideMenuCollapsedLangAsInSettingsLingua_22-21-21] Trying to find element: By.xpath: (//div[@id='content-icon'])[2]
22:24:32 [TestNG-test-Yt Master Tests-2] INFO  verifyingSideMenuCollapsedLangAsInSettingsLingua_22-21-21 - [verifyingSideMenuCollapsedLangAsInSettingsLingua_22-21-21] Element found and ready (attempt 1): By.xpath: (//div[@id='content-icon'])[2]
22:24:33 [TestNG-test-Yt Master Tests-2] INFO  verifyingSideMenuCollapsedLangAsInSettingsLingua_22-21-21 - Looking for language element with name: Suomi
22:24:33 [TestNG-test-Yt Master Tests-2] INFO  verifyingSideMenuCollapsedLangAsInSettingsLingua_22-21-21 - [verifyingSideMenuCollapsedLangAsInSettingsLingua_22-21-21] Trying to find element: By.xpath: //yt-multi-page-menu-section-renderer[@class='style-scope ytd-multi-page-menu-renderer']//yt-formatted-string[@id='label' and text()='Suomi']
22:24:34 [TestNG-test-Yt Master Tests-2] INFO  verifyingSideMenuCollapsedLangAsInSettingsLingua_22-21-21 - [verifyingSideMenuCollapsedLangAsInSettingsLingua_22-21-21] Element found and ready (attempt 1): By.xpath: //yt-multi-page-menu-section-renderer[@class='style-scope ytd-multi-page-menu-renderer']//yt-formatted-string[@id='label' and text()='Suomi']
22:24:34 [TestNG-test-Yt Master Tests-2] INFO  verifyingSideMenuCollapsedLangAsInSettingsLingua_22-21-21 - [verifyingSideMenuCollapsedLangAsInSettingsLingua_22-21-21] Trying to find element: By.xpath: //yt-multi-page-menu-section-renderer[@class='style-scope ytd-multi-page-menu-renderer']//yt-formatted-string[@id='label' and text()='Suomi']
22:24:34 [TestNG-test-Yt Master Tests-2] INFO  verifyingSideMenuCollapsedLangAsInSettingsLingua_22-21-21 - [verifyingSideMenuCollapsedLangAsInSettingsLingua_22-21-21] Element found and ready (attempt 1): By.xpath: //yt-multi-page-menu-section-renderer[@class='style-scope ytd-multi-page-menu-renderer']//yt-formatted-string[@id='label' and text()='Suomi']
22:24:36 [TestNG-test-Yt Master Tests-2] INFO  verifyingSideMenuCollapsedLangAsInSettingsLingua_22-21-21 - Clicking settings ellipses button...
22:24:36 [TestNG-test-Yt Master Tests-2] INFO  verifyingSideMenuCollapsedLangAsInSettingsLingua_22-21-21 - [verifyingSideMenuCollapsedLangAsInSettingsLingua_22-21-21] Trying to find element: By.xpath: //ytd-topbar-menu-button-renderer[@class='style-scope ytd-masthead style-default']
22:24:37 [TestNG-test-Yt Master Tests-2] INFO  verifyingSideMenuCollapsedLangAsInSettingsLingua_22-21-21 - [verifyingSideMenuCollapsedLangAsInSettingsLingua_22-21-21] Element found and ready (attempt 1): By.xpath: //ytd-topbar-menu-button-renderer[@class='style-scope ytd-masthead style-default']
22:24:37 [TestNG-test-Yt Master Tests-2] INFO  verifyingSideMenuCollapsedLangAsInSettingsLingua_22-21-21 - [verifyingSideMenuCollapsedLangAsInSettingsLingua_22-21-21] Waiting until element is visible in viewport
22:24:38 [TestNG-test-Yt Master Tests-2] INFO  verifyingSideMenuCollapsedLangAsInSettingsLingua_22-21-21 - Clicking settings ellipses button...
22:24:38 [TestNG-test-Yt Master Tests-2] INFO  verifyingSideMenuCollapsedLangAsInSettingsLingua_22-21-21 - [verifyingSideMenuCollapsedLangAsInSettingsLingua_22-21-21] Trying to find element: By.xpath: //ytd-topbar-menu-button-renderer[@class='style-scope ytd-masthead style-default']
22:24:38 [TestNG-test-Yt Master Tests-2] INFO  verifyingSideMenuCollapsedLangAsInSettingsLingua_22-21-21 - [verifyingSideMenuCollapsedLangAsInSettingsLingua_22-21-21] Element found and ready (attempt 1): By.xpath: //ytd-topbar-menu-button-renderer[@class='style-scope ytd-masthead style-default']
22:24:38 [TestNG-test-Yt Master Tests-2] INFO  verifyingSideMenuCollapsedLangAsInSettingsLingua_22-21-21 - getLangAttribute() - locating <html> and reading lang property
22:24:38 [TestNG-test-Yt Master Tests-2] INFO  verifyingSideMenuCollapsedLangAsInSettingsLingua_22-21-21 - Language attribute read: fi-FI
22:24:38 [TestNG-test-Yt Master Tests-2] INFO  verifyingSideMenuCollapsedLangAsInSettingsLingua_22-21-21 - Fetching the side menu in collapsed view
22:24:38 [TestNG-test-Yt Master Tests-2] INFO  verifyingSideMenuCollapsedLangAsInSettingsLingua_22-21-21 - [verifyingSideMenuCollapsedLangAsInSettingsLingua_22-21-21] Finding elements list: By.xpath: //ytd-mini-guide-renderer[@class='style-scope ytd-app']//ytd-mini-guide-entry-renderer
22:24:38 [TestNG-test-Yt Master Tests-2] INFO  verifyingSideMenuCollapsedLangAsInSettingsLingua_22-21-21 - [verifyingSideMenuCollapsedLangAsInSettingsLingua_22-21-21] Found 4 ready elements (attempt 1): By.xpath: //ytd-mini-guide-renderer[@class='style-scope ytd-app']//ytd-mini-guide-entry-renderer
22:24:38 [TestNG-test-Yt Master Tests-2] INFO  verifyingSideMenuCollapsedLangAsInSettingsLingua_22-21-21 - 
========== LANGUAGE DETECTION ==========
Detected Language : FINNISH
Input Text        : Koti Shorts Tilaukset Sinä
========================================
22:24:38 [TestNG-test-Yt Master Tests-2] INFO  verifyingSideMenuCollapsedLangAsInSettingsLingua_22-21-21 - text sent to lingua is       Koti Shorts Tilaukset Sinä
22:24:38 [TestNG-test-Yt Master Tests-2] INFO  verifyingSideMenuCollapsedLangAsInSettingsLingua_22-21-21 - getLangAttribute() - locating <html> and reading lang property
22:24:38 [TestNG-test-Yt Master Tests-2] INFO  verifyingSideMenuCollapsedLangAsInSettingsLingua_22-21-21 - Language attribute read: fi-FI
22:24:38 [TestNG-test-Yt Master Tests-2] INFO  verifyingSideMenuCollapsedLangAsInSettingsLingua_22-21-21 - Clicking settings ellipses button...
22:24:38 [TestNG-test-Yt Master Tests-2] INFO  verifyingSideMenuCollapsedLangAsInSettingsLingua_22-21-21 - [verifyingSideMenuCollapsedLangAsInSettingsLingua_22-21-21] Trying to find element: By.xpath: //ytd-topbar-menu-button-renderer[@class='style-scope ytd-masthead style-default']
22:24:38 [TestNG-test-Yt Master Tests-2] INFO  verifyingSideMenuCollapsedLangAsInSettingsLingua_22-21-21 - [verifyingSideMenuCollapsedLangAsInSettingsLingua_22-21-21] Element found and ready (attempt 1): By.xpath: //ytd-topbar-menu-button-renderer[@class='style-scope ytd-masthead style-default']
22:24:38 [TestNG-test-Yt Master Tests-2] INFO  verifyingSideMenuCollapsedLangAsInSettingsLingua_22-21-21 - Clicking language dropdown...
22:24:38 [TestNG-test-Yt Master Tests-2] INFO  verifyingSideMenuCollapsedLangAsInSettingsLingua_22-21-21 - [verifyingSideMenuCollapsedLangAsInSettingsLingua_22-21-21] Trying to find element: By.xpath: (//div[@id='content-icon'])[2]
22:24:39 [TestNG-test-Yt Master Tests-2] INFO  verifyingSideMenuCollapsedLangAsInSettingsLingua_22-21-21 - [verifyingSideMenuCollapsedLangAsInSettingsLingua_22-21-21] Element found and ready (attempt 1): By.xpath: (//div[@id='content-icon'])[2]
22:24:39 [TestNG-test-Yt Master Tests-2] INFO  verifyingSideMenuCollapsedLangAsInSettingsLingua_22-21-21 - Looking for language element with name: Svenska
22:24:39 [TestNG-test-Yt Master Tests-2] INFO  verifyingSideMenuCollapsedLangAsInSettingsLingua_22-21-21 - [verifyingSideMenuCollapsedLangAsInSettingsLingua_22-21-21] Trying to find element: By.xpath: //yt-multi-page-menu-section-renderer[@class='style-scope ytd-multi-page-menu-renderer']//yt-formatted-string[@id='label' and text()='Svenska']
22:24:40 [TestNG-test-Yt Master Tests-2] INFO  verifyingSideMenuCollapsedLangAsInSettingsLingua_22-21-21 - [verifyingSideMenuCollapsedLangAsInSettingsLingua_22-21-21] Element found and ready (attempt 1): By.xpath: //yt-multi-page-menu-section-renderer[@class='style-scope ytd-multi-page-menu-renderer']//yt-formatted-string[@id='label' and text()='Svenska']
22:24:40 [TestNG-test-Yt Master Tests-2] INFO  verifyingSideMenuCollapsedLangAsInSettingsLingua_22-21-21 - [verifyingSideMenuCollapsedLangAsInSettingsLingua_22-21-21] Trying to find element: By.xpath: //yt-multi-page-menu-section-renderer[@class='style-scope ytd-multi-page-menu-renderer']//yt-formatted-string[@id='label' and text()='Svenska']
22:24:40 [TestNG-test-Yt Master Tests-2] INFO  verifyingSideMenuCollapsedLangAsInSettingsLingua_22-21-21 - [verifyingSideMenuCollapsedLangAsInSettingsLingua_22-21-21] Element found and ready (attempt 1): By.xpath: //yt-multi-page-menu-section-renderer[@class='style-scope ytd-multi-page-menu-renderer']//yt-formatted-string[@id='label' and text()='Svenska']
22:24:41 [TestNG-test-Yt Master Tests-2] INFO  verifyingSideMenuCollapsedLangAsInSettingsLingua_22-21-21 - Clicking settings ellipses button...
22:24:41 [TestNG-test-Yt Master Tests-2] INFO  verifyingSideMenuCollapsedLangAsInSettingsLingua_22-21-21 - [verifyingSideMenuCollapsedLangAsInSettingsLingua_22-21-21] Trying to find element: By.xpath: //ytd-topbar-menu-button-renderer[@class='style-scope ytd-masthead style-default']
22:24:42 [TestNG-test-Yt Master Tests-2] INFO  verifyingSideMenuCollapsedLangAsInSettingsLingua_22-21-21 - [verifyingSideMenuCollapsedLangAsInSettingsLingua_22-21-21] Element found and ready (attempt 1): By.xpath: //ytd-topbar-menu-button-renderer[@class='style-scope ytd-masthead style-default']
22:24:43 [TestNG-test-Yt Master Tests-2] INFO  verifyingSideMenuCollapsedLangAsInSettingsLingua_22-21-21 - [verifyingSideMenuCollapsedLangAsInSettingsLingua_22-21-21] Waiting until element is visible in viewport
22:24:44 [TestNG-test-Yt Master Tests-2] INFO  verifyingSideMenuCollapsedLangAsInSettingsLingua_22-21-21 - Clicking settings ellipses button...
22:24:45 [TestNG-test-Yt Master Tests-2] INFO  verifyingSideMenuCollapsedLangAsInSettingsLingua_22-21-21 - [verifyingSideMenuCollapsedLangAsInSettingsLingua_22-21-21] Trying to find element: By.xpath: //ytd-topbar-menu-button-renderer[@class='style-scope ytd-masthead style-default']
22:24:45 [TestNG-test-Yt Master Tests-2] INFO  verifyingSideMenuCollapsedLangAsInSettingsLingua_22-21-21 - [verifyingSideMenuCollapsedLangAsInSettingsLingua_22-21-21] Element found and ready (attempt 1): By.xpath: //ytd-topbar-menu-button-renderer[@class='style-scope ytd-masthead style-default']
22:24:45 [TestNG-test-Yt Master Tests-2] INFO  verifyingSideMenuCollapsedLangAsInSettingsLingua_22-21-21 - getLangAttribute() - locating <html> and reading lang property
22:24:45 [TestNG-test-Yt Master Tests-2] INFO  verifyingSideMenuCollapsedLangAsInSettingsLingua_22-21-21 - Language attribute read: sv-SE
22:24:45 [TestNG-test-Yt Master Tests-2] INFO  verifyingSideMenuCollapsedLangAsInSettingsLingua_22-21-21 - Fetching the side menu in collapsed view
22:24:45 [TestNG-test-Yt Master Tests-2] INFO  verifyingSideMenuCollapsedLangAsInSettingsLingua_22-21-21 - [verifyingSideMenuCollapsedLangAsInSettingsLingua_22-21-21] Finding elements list: By.xpath: //ytd-mini-guide-renderer[@class='style-scope ytd-app']//ytd-mini-guide-entry-renderer
22:24:45 [TestNG-test-Yt Master Tests-2] INFO  verifyingSideMenuCollapsedLangAsInSettingsLingua_22-21-21 - [verifyingSideMenuCollapsedLangAsInSettingsLingua_22-21-21] Found 4 ready elements (attempt 1): By.xpath: //ytd-mini-guide-renderer[@class='style-scope ytd-app']//ytd-mini-guide-entry-renderer
22:24:45 [TestNG-test-Yt Master Tests-2] INFO  verifyingSideMenuCollapsedLangAsInSettingsLingua_22-21-21 - 
========== LANGUAGE DETECTION ==========
Detected Language : SWEDISH
Input Text        : Hem Shorts Prenumerationer Ditt YouTube
========================================
22:24:45 [TestNG-test-Yt Master Tests-2] INFO  verifyingSideMenuCollapsedLangAsInSettingsLingua_22-21-21 - text sent to lingua is       Hem Shorts Prenumerationer Ditt YouTube
22:24:45 [TestNG-test-Yt Master Tests-2] INFO  verifyingSideMenuCollapsedLangAsInSettingsLingua_22-21-21 - getLangAttribute() - locating <html> and reading lang property
22:24:45 [TestNG-test-Yt Master Tests-2] INFO  verifyingSideMenuCollapsedLangAsInSettingsLingua_22-21-21 - Language attribute read: sv-SE
22:24:45 [TestNG-test-Yt Master Tests-2] INFO  verifyingSideMenuCollapsedLangAsInSettingsLingua_22-21-21 - Clicking settings ellipses button...
22:24:45 [TestNG-test-Yt Master Tests-2] INFO  verifyingSideMenuCollapsedLangAsInSettingsLingua_22-21-21 - [verifyingSideMenuCollapsedLangAsInSettingsLingua_22-21-21] Trying to find element: By.xpath: //ytd-topbar-menu-button-renderer[@class='style-scope ytd-masthead style-default']
22:24:45 [TestNG-test-Yt Master Tests-2] INFO  verifyingSideMenuCollapsedLangAsInSettingsLingua_22-21-21 - [verifyingSideMenuCollapsedLangAsInSettingsLingua_22-21-21] Element found and ready (attempt 1): By.xpath: //ytd-topbar-menu-button-renderer[@class='style-scope ytd-masthead style-default']
22:24:46 [TestNG-test-Yt Master Tests-2] INFO  verifyingSideMenuCollapsedLangAsInSettingsLingua_22-21-21 - Clicking language dropdown...
22:24:46 [TestNG-test-Yt Master Tests-2] INFO  verifyingSideMenuCollapsedLangAsInSettingsLingua_22-21-21 - [verifyingSideMenuCollapsedLangAsInSettingsLingua_22-21-21] Trying to find element: By.xpath: (//div[@id='content-icon'])[2]
22:24:46 [TestNG-test-Yt Master Tests-2] INFO  verifyingSideMenuCollapsedLangAsInSettingsLingua_22-21-21 - [verifyingSideMenuCollapsedLangAsInSettingsLingua_22-21-21] Element found and ready (attempt 1): By.xpath: (//div[@id='content-icon'])[2]
22:24:47 [TestNG-test-Yt Master Tests-2] INFO  verifyingSideMenuCollapsedLangAsInSettingsLingua_22-21-21 - Looking for language element with name: Tiếng Việt
22:24:47 [TestNG-test-Yt Master Tests-2] INFO  verifyingSideMenuCollapsedLangAsInSettingsLingua_22-21-21 - [verifyingSideMenuCollapsedLangAsInSettingsLingua_22-21-21] Trying to find element: By.xpath: //yt-multi-page-menu-section-renderer[@class='style-scope ytd-multi-page-menu-renderer']//yt-formatted-string[@id='label' and text()='Tiếng Việt']
22:24:47 [TestNG-test-Yt Master Tests-2] INFO  verifyingSideMenuCollapsedLangAsInSettingsLingua_22-21-21 - [verifyingSideMenuCollapsedLangAsInSettingsLingua_22-21-21] Element found and ready (attempt 1): By.xpath: //yt-multi-page-menu-section-renderer[@class='style-scope ytd-multi-page-menu-renderer']//yt-formatted-string[@id='label' and text()='Tiếng Việt']
22:24:47 [TestNG-test-Yt Master Tests-2] INFO  verifyingSideMenuCollapsedLangAsInSettingsLingua_22-21-21 - [verifyingSideMenuCollapsedLangAsInSettingsLingua_22-21-21] Trying to find element: By.xpath: //yt-multi-page-menu-section-renderer[@class='style-scope ytd-multi-page-menu-renderer']//yt-formatted-string[@id='label' and text()='Tiếng Việt']
22:24:47 [TestNG-test-Yt Master Tests-2] INFO  verifyingSideMenuCollapsedLangAsInSettingsLingua_22-21-21 - [verifyingSideMenuCollapsedLangAsInSettingsLingua_22-21-21] Element found and ready (attempt 1): By.xpath: //yt-multi-page-menu-section-renderer[@class='style-scope ytd-multi-page-menu-renderer']//yt-formatted-string[@id='label' and text()='Tiếng Việt']
22:24:49 [TestNG-test-Yt Master Tests-2] INFO  verifyingSideMenuCollapsedLangAsInSettingsLingua_22-21-21 - Clicking settings ellipses button...
22:24:49 [TestNG-test-Yt Master Tests-2] INFO  verifyingSideMenuCollapsedLangAsInSettingsLingua_22-21-21 - [verifyingSideMenuCollapsedLangAsInSettingsLingua_22-21-21] Trying to find element: By.xpath: //ytd-topbar-menu-button-renderer[@class='style-scope ytd-masthead style-default']
22:24:49 [TestNG-test-Yt Master Tests-2] INFO  verifyingSideMenuCollapsedLangAsInSettingsLingua_22-21-21 - [verifyingSideMenuCollapsedLangAsInSettingsLingua_22-21-21] Element found and ready (attempt 1): By.xpath: //ytd-topbar-menu-button-renderer[@class='style-scope ytd-masthead style-default']
22:24:50 [TestNG-test-Yt Master Tests-2] INFO  verifyingSideMenuCollapsedLangAsInSettingsLingua_22-21-21 - [verifyingSideMenuCollapsedLangAsInSettingsLingua_22-21-21] Waiting until element is visible in viewport
22:24:51 [TestNG-test-Yt Master Tests-2] INFO  verifyingSideMenuCollapsedLangAsInSettingsLingua_22-21-21 - Clicking settings ellipses button...
22:24:51 [TestNG-test-Yt Master Tests-2] INFO  verifyingSideMenuCollapsedLangAsInSettingsLingua_22-21-21 - [verifyingSideMenuCollapsedLangAsInSettingsLingua_22-21-21] Trying to find element: By.xpath: //ytd-topbar-menu-button-renderer[@class='style-scope ytd-masthead style-default']
22:24:51 [TestNG-test-Yt Master Tests-2] INFO  verifyingSideMenuCollapsedLangAsInSettingsLingua_22-21-21 - [verifyingSideMenuCollapsedLangAsInSettingsLingua_22-21-21] Element found and ready (attempt 1): By.xpath: //ytd-topbar-menu-button-renderer[@class='style-scope ytd-masthead style-default']
22:24:51 [TestNG-test-Yt Master Tests-2] INFO  verifyingSideMenuCollapsedLangAsInSettingsLingua_22-21-21 - getLangAttribute() - locating <html> and reading lang property
22:24:51 [TestNG-test-Yt Master Tests-2] INFO  verifyingSideMenuCollapsedLangAsInSettingsLingua_22-21-21 - Language attribute read: vi-VN
22:24:51 [TestNG-test-Yt Master Tests-2] INFO  verifyingSideMenuCollapsedLangAsInSettingsLingua_22-21-21 - Fetching the side menu in collapsed view
22:24:51 [TestNG-test-Yt Master Tests-2] INFO  verifyingSideMenuCollapsedLangAsInSettingsLingua_22-21-21 - [verifyingSideMenuCollapsedLangAsInSettingsLingua_22-21-21] Finding elements list: By.xpath: //ytd-mini-guide-renderer[@class='style-scope ytd-app']//ytd-mini-guide-entry-renderer
22:24:51 [TestNG-test-Yt Master Tests-2] INFO  verifyingSideMenuCollapsedLangAsInSettingsLingua_22-21-21 - [verifyingSideMenuCollapsedLangAsInSettingsLingua_22-21-21] Found 4 ready elements (attempt 1): By.xpath: //ytd-mini-guide-renderer[@class='style-scope ytd-app']//ytd-mini-guide-entry-renderer
22:24:52 [TestNG-test-Yt Master Tests-2] INFO  verifyingSideMenuCollapsedLangAsInSettingsLingua_22-21-21 - 
========== LANGUAGE DETECTION ==========
Detected Language : VIETNAMESE
Input Text        : Trang chủ Shorts Kênh đăng ký Bạn
========================================
22:24:52 [TestNG-test-Yt Master Tests-2] INFO  verifyingSideMenuCollapsedLangAsInSettingsLingua_22-21-21 - text sent to lingua is       Trang chủ Shorts Kênh đăng ký Bạn
22:24:52 [TestNG-test-Yt Master Tests-2] INFO  verifyingSideMenuCollapsedLangAsInSettingsLingua_22-21-21 - getLangAttribute() - locating <html> and reading lang property
22:24:52 [TestNG-test-Yt Master Tests-2] INFO  verifyingSideMenuCollapsedLangAsInSettingsLingua_22-21-21 - Language attribute read: vi-VN
22:24:52 [TestNG-test-Yt Master Tests-2] INFO  verifyingSideMenuCollapsedLangAsInSettingsLingua_22-21-21 - Clicking settings ellipses button...
22:24:52 [TestNG-test-Yt Master Tests-2] INFO  verifyingSideMenuCollapsedLangAsInSettingsLingua_22-21-21 - [verifyingSideMenuCollapsedLangAsInSettingsLingua_22-21-21] Trying to find element: By.xpath: //ytd-topbar-menu-button-renderer[@class='style-scope ytd-masthead style-default']
22:24:52 [TestNG-test-Yt Master Tests-2] INFO  verifyingSideMenuCollapsedLangAsInSettingsLingua_22-21-21 - [verifyingSideMenuCollapsedLangAsInSettingsLingua_22-21-21] Element found and ready (attempt 1): By.xpath: //ytd-topbar-menu-button-renderer[@class='style-scope ytd-masthead style-default']
22:24:52 [TestNG-test-Yt Master Tests-2] INFO  verifyingSideMenuCollapsedLangAsInSettingsLingua_22-21-21 - Clicking language dropdown...
22:24:52 [TestNG-test-Yt Master Tests-2] INFO  verifyingSideMenuCollapsedLangAsInSettingsLingua_22-21-21 - [verifyingSideMenuCollapsedLangAsInSettingsLingua_22-21-21] Trying to find element: By.xpath: (//div[@id='content-icon'])[2]
22:24:52 [TestNG-test-Yt Master Tests-2] INFO  verifyingSideMenuCollapsedLangAsInSettingsLingua_22-21-21 - [verifyingSideMenuCollapsedLangAsInSettingsLingua_22-21-21] Element found and ready (attempt 1): By.xpath: (//div[@id='content-icon'])[2]
22:24:52 [TestNG-test-Yt Master Tests-2] INFO  verifyingSideMenuCollapsedLangAsInSettingsLingua_22-21-21 - Looking for language element with name: Türkçe
22:24:52 [TestNG-test-Yt Master Tests-2] INFO  verifyingSideMenuCollapsedLangAsInSettingsLingua_22-21-21 - [verifyingSideMenuCollapsedLangAsInSettingsLingua_22-21-21] Trying to find element: By.xpath: //yt-multi-page-menu-section-renderer[@class='style-scope ytd-multi-page-menu-renderer']//yt-formatted-string[@id='label' and text()='Türkçe']
22:24:53 [TestNG-test-Yt Master Tests-2] INFO  verifyingSideMenuCollapsedLangAsInSettingsLingua_22-21-21 - [verifyingSideMenuCollapsedLangAsInSettingsLingua_22-21-21] Element found and ready (attempt 1): By.xpath: //yt-multi-page-menu-section-renderer[@class='style-scope ytd-multi-page-menu-renderer']//yt-formatted-string[@id='label' and text()='Türkçe']
22:24:53 [TestNG-test-Yt Master Tests-2] INFO  verifyingSideMenuCollapsedLangAsInSettingsLingua_22-21-21 - [verifyingSideMenuCollapsedLangAsInSettingsLingua_22-21-21] Trying to find element: By.xpath: //yt-multi-page-menu-section-renderer[@class='style-scope ytd-multi-page-menu-renderer']//yt-formatted-string[@id='label' and text()='Türkçe']
22:24:53 [TestNG-test-Yt Master Tests-2] INFO  verifyingSideMenuCollapsedLangAsInSettingsLingua_22-21-21 - [verifyingSideMenuCollapsedLangAsInSettingsLingua_22-21-21] Element found and ready (attempt 1): By.xpath: //yt-multi-page-menu-section-renderer[@class='style-scope ytd-multi-page-menu-renderer']//yt-formatted-string[@id='label' and text()='Türkçe']
22:24:54 [TestNG-test-Yt Master Tests-2] INFO  verifyingSideMenuCollapsedLangAsInSettingsLingua_22-21-21 - Clicking settings ellipses button...
22:24:55 [TestNG-test-Yt Master Tests-2] INFO  verifyingSideMenuCollapsedLangAsInSettingsLingua_22-21-21 - [verifyingSideMenuCollapsedLangAsInSettingsLingua_22-21-21] Trying to find element: By.xpath: //ytd-topbar-menu-button-renderer[@class='style-scope ytd-masthead style-default']
22:24:56 [TestNG-test-Yt Master Tests-2] INFO  verifyingSideMenuCollapsedLangAsInSettingsLingua_22-21-21 - [verifyingSideMenuCollapsedLangAsInSettingsLingua_22-21-21] Element found and ready (attempt 1): By.xpath: //ytd-topbar-menu-button-renderer[@class='style-scope ytd-masthead style-default']
22:24:56 [TestNG-test-Yt Master Tests-2] INFO  verifyingSideMenuCollapsedLangAsInSettingsLingua_22-21-21 - [verifyingSideMenuCollapsedLangAsInSettingsLingua_22-21-21] Waiting until element is visible in viewport
22:24:57 [TestNG-test-Yt Master Tests-2] INFO  verifyingSideMenuCollapsedLangAsInSettingsLingua_22-21-21 - Clicking settings ellipses button...
22:24:58 [TestNG-test-Yt Master Tests-2] INFO  verifyingSideMenuCollapsedLangAsInSettingsLingua_22-21-21 - [verifyingSideMenuCollapsedLangAsInSettingsLingua_22-21-21] Trying to find element: By.xpath: //ytd-topbar-menu-button-renderer[@class='style-scope ytd-masthead style-default']
22:24:58 [TestNG-test-Yt Master Tests-2] INFO  verifyingSideMenuCollapsedLangAsInSettingsLingua_22-21-21 - [verifyingSideMenuCollapsedLangAsInSettingsLingua_22-21-21] Element found and ready (attempt 1): By.xpath: //ytd-topbar-menu-button-renderer[@class='style-scope ytd-masthead style-default']
22:24:58 [TestNG-test-Yt Master Tests-2] INFO  verifyingSideMenuCollapsedLangAsInSettingsLingua_22-21-21 - getLangAttribute() - locating <html> and reading lang property
22:24:58 [TestNG-test-Yt Master Tests-2] INFO  verifyingSideMenuCollapsedLangAsInSettingsLingua_22-21-21 - Language attribute read: tr-TR
22:24:58 [TestNG-test-Yt Master Tests-2] INFO  verifyingSideMenuCollapsedLangAsInSettingsLingua_22-21-21 - Fetching the side menu in collapsed view
22:24:58 [TestNG-test-Yt Master Tests-2] INFO  verifyingSideMenuCollapsedLangAsInSettingsLingua_22-21-21 - [verifyingSideMenuCollapsedLangAsInSettingsLingua_22-21-21] Finding elements list: By.xpath: //ytd-mini-guide-renderer[@class='style-scope ytd-app']//ytd-mini-guide-entry-renderer
22:24:59 [TestNG-test-Yt Master Tests-2] INFO  verifyingSideMenuCollapsedLangAsInSettingsLingua_22-21-21 - [verifyingSideMenuCollapsedLangAsInSettingsLingua_22-21-21] Found 4 ready elements (attempt 1): By.xpath: //ytd-mini-guide-renderer[@class='style-scope ytd-app']//ytd-mini-guide-entry-renderer
22:24:59 [TestNG-test-Yt Master Tests-2] INFO  verifyingSideMenuCollapsedLangAsInSettingsLingua_22-21-21 - 
========== LANGUAGE DETECTION ==========
Detected Language : TURKISH
Input Text        : Ana Sayfa Shorts Abonelikler Siz
========================================
22:24:59 [TestNG-test-Yt Master Tests-2] INFO  verifyingSideMenuCollapsedLangAsInSettingsLingua_22-21-21 - text sent to lingua is       Ana Sayfa Shorts Abonelikler Siz
22:24:59 [TestNG-test-Yt Master Tests-2] INFO  verifyingSideMenuCollapsedLangAsInSettingsLingua_22-21-21 - getLangAttribute() - locating <html> and reading lang property
22:24:59 [TestNG-test-Yt Master Tests-2] INFO  verifyingSideMenuCollapsedLangAsInSettingsLingua_22-21-21 - Language attribute read: tr-TR
22:24:59 [TestNG-test-Yt Master Tests-2] INFO  verifyingSideMenuCollapsedLangAsInSettingsLingua_22-21-21 - Clicking settings ellipses button...
22:24:59 [TestNG-test-Yt Master Tests-2] INFO  verifyingSideMenuCollapsedLangAsInSettingsLingua_22-21-21 - [verifyingSideMenuCollapsedLangAsInSettingsLingua_22-21-21] Trying to find element: By.xpath: //ytd-topbar-menu-button-renderer[@class='style-scope ytd-masthead style-default']
22:25:00 [TestNG-test-Yt Master Tests-2] INFO  verifyingSideMenuCollapsedLangAsInSettingsLingua_22-21-21 - [verifyingSideMenuCollapsedLangAsInSettingsLingua_22-21-21] Element found and ready (attempt 1): By.xpath: //ytd-topbar-menu-button-renderer[@class='style-scope ytd-masthead style-default']
22:25:00 [TestNG-test-Yt Master Tests-2] INFO  verifyingSideMenuCollapsedLangAsInSettingsLingua_22-21-21 - Clicking language dropdown...
22:25:00 [TestNG-test-Yt Master Tests-2] INFO  verifyingSideMenuCollapsedLangAsInSettingsLingua_22-21-21 - [verifyingSideMenuCollapsedLangAsInSettingsLingua_22-21-21] Trying to find element: By.xpath: (//div[@id='content-icon'])[2]
22:25:00 [TestNG-test-Yt Master Tests-2] INFO  verifyingSideMenuCollapsedLangAsInSettingsLingua_22-21-21 - [verifyingSideMenuCollapsedLangAsInSettingsLingua_22-21-21] Element found and ready (attempt 1): By.xpath: (//div[@id='content-icon'])[2]
22:25:01 [TestNG-test-Yt Master Tests-2] INFO  verifyingSideMenuCollapsedLangAsInSettingsLingua_22-21-21 - Looking for language element with name: Беларуская
22:25:01 [TestNG-test-Yt Master Tests-2] INFO  verifyingSideMenuCollapsedLangAsInSettingsLingua_22-21-21 - [verifyingSideMenuCollapsedLangAsInSettingsLingua_22-21-21] Trying to find element: By.xpath: //yt-multi-page-menu-section-renderer[@class='style-scope ytd-multi-page-menu-renderer']//yt-formatted-string[@id='label' and text()='Беларуская']
22:25:01 [TestNG-test-Yt Master Tests-2] INFO  verifyingSideMenuCollapsedLangAsInSettingsLingua_22-21-21 - [verifyingSideMenuCollapsedLangAsInSettingsLingua_22-21-21] Element found and ready (attempt 1): By.xpath: //yt-multi-page-menu-section-renderer[@class='style-scope ytd-multi-page-menu-renderer']//yt-formatted-string[@id='label' and text()='Беларуская']
22:25:01 [TestNG-test-Yt Master Tests-2] INFO  verifyingSideMenuCollapsedLangAsInSettingsLingua_22-21-21 - [verifyingSideMenuCollapsedLangAsInSettingsLingua_22-21-21] Trying to find element: By.xpath: //yt-multi-page-menu-section-renderer[@class='style-scope ytd-multi-page-menu-renderer']//yt-formatted-string[@id='label' and text()='Беларуская']
22:25:01 [TestNG-test-Yt Master Tests-2] INFO  verifyingSideMenuCollapsedLangAsInSettingsLingua_22-21-21 - [verifyingSideMenuCollapsedLangAsInSettingsLingua_22-21-21] Element found and ready (attempt 1): By.xpath: //yt-multi-page-menu-section-renderer[@class='style-scope ytd-multi-page-menu-renderer']//yt-formatted-string[@id='label' and text()='Беларуская']
22:25:03 [TestNG-test-Yt Master Tests-2] INFO  verifyingSideMenuCollapsedLangAsInSettingsLingua_22-21-21 - Clicking settings ellipses button...
22:25:03 [TestNG-test-Yt Master Tests-2] INFO  verifyingSideMenuCollapsedLangAsInSettingsLingua_22-21-21 - [verifyingSideMenuCollapsedLangAsInSettingsLingua_22-21-21] Trying to find element: By.xpath: //ytd-topbar-menu-button-renderer[@class='style-scope ytd-masthead style-default']
22:25:04 [TestNG-test-Yt Master Tests-2] INFO  verifyingSideMenuCollapsedLangAsInSettingsLingua_22-21-21 - [verifyingSideMenuCollapsedLangAsInSettingsLingua_22-21-21] Element found and ready (attempt 1): By.xpath: //ytd-topbar-menu-button-renderer[@class='style-scope ytd-masthead style-default']
22:25:04 [TestNG-test-Yt Master Tests-2] INFO  verifyingSideMenuCollapsedLangAsInSettingsLingua_22-21-21 - [verifyingSideMenuCollapsedLangAsInSettingsLingua_22-21-21] Waiting until element is visible in viewport
22:25:05 [TestNG-test-Yt Master Tests-2] INFO  verifyingSideMenuCollapsedLangAsInSettingsLingua_22-21-21 - Clicking settings ellipses button...
22:25:05 [TestNG-test-Yt Master Tests-2] INFO  verifyingSideMenuCollapsedLangAsInSettingsLingua_22-21-21 - [verifyingSideMenuCollapsedLangAsInSettingsLingua_22-21-21] Trying to find element: By.xpath: //ytd-topbar-menu-button-renderer[@class='style-scope ytd-masthead style-default']
22:25:05 [TestNG-test-Yt Master Tests-2] INFO  verifyingSideMenuCollapsedLangAsInSettingsLingua_22-21-21 - [verifyingSideMenuCollapsedLangAsInSettingsLingua_22-21-21] Element found and ready (attempt 1): By.xpath: //ytd-topbar-menu-button-renderer[@class='style-scope ytd-masthead style-default']
22:25:05 [TestNG-test-Yt Master Tests-2] INFO  verifyingSideMenuCollapsedLangAsInSettingsLingua_22-21-21 - getLangAttribute() - locating <html> and reading lang property
22:25:05 [TestNG-test-Yt Master Tests-2] INFO  verifyingSideMenuCollapsedLangAsInSettingsLingua_22-21-21 - Language attribute read: be-BY
22:25:05 [TestNG-test-Yt Master Tests-2] INFO  verifyingSideMenuCollapsedLangAsInSettingsLingua_22-21-21 - Fetching the side menu in collapsed view
22:25:05 [TestNG-test-Yt Master Tests-2] INFO  verifyingSideMenuCollapsedLangAsInSettingsLingua_22-21-21 - [verifyingSideMenuCollapsedLangAsInSettingsLingua_22-21-21] Finding elements list: By.xpath: //ytd-mini-guide-renderer[@class='style-scope ytd-app']//ytd-mini-guide-entry-renderer
22:25:05 [TestNG-test-Yt Master Tests-2] INFO  verifyingSideMenuCollapsedLangAsInSettingsLingua_22-21-21 - [verifyingSideMenuCollapsedLangAsInSettingsLingua_22-21-21] Found 4 ready elements (attempt 1): By.xpath: //ytd-mini-guide-renderer[@class='style-scope ytd-app']//ytd-mini-guide-entry-renderer
22:25:07 [TestNG-test-Yt Master Tests-2] INFO  verifyingSideMenuCollapsedLangAsInSettingsLingua_22-21-21 - 
========== LANGUAGE DETECTION ==========
Detected Language : BELARUSIAN
Input Text        : Галоўная старонка Shorts Падпіскі Вы
========================================
22:25:07 [TestNG-test-Yt Master Tests-2] INFO  verifyingSideMenuCollapsedLangAsInSettingsLingua_22-21-21 - text sent to lingua is       Галоўная старонка Shorts Падпіскі Вы
22:25:07 [TestNG-test-Yt Master Tests-2] INFO  verifyingSideMenuCollapsedLangAsInSettingsLingua_22-21-21 - getLangAttribute() - locating <html> and reading lang property
22:25:07 [TestNG-test-Yt Master Tests-2] INFO  verifyingSideMenuCollapsedLangAsInSettingsLingua_22-21-21 - Language attribute read: be-BY
22:25:07 [TestNG-test-Yt Master Tests-2] INFO  verifyingSideMenuCollapsedLangAsInSettingsLingua_22-21-21 - Clicking settings ellipses button...
22:25:07 [TestNG-test-Yt Master Tests-2] INFO  verifyingSideMenuCollapsedLangAsInSettingsLingua_22-21-21 - [verifyingSideMenuCollapsedLangAsInSettingsLingua_22-21-21] Trying to find element: By.xpath: //ytd-topbar-menu-button-renderer[@class='style-scope ytd-masthead style-default']
22:25:07 [TestNG-test-Yt Master Tests-2] INFO  verifyingSideMenuCollapsedLangAsInSettingsLingua_22-21-21 - [verifyingSideMenuCollapsedLangAsInSettingsLingua_22-21-21] Element found and ready (attempt 1): By.xpath: //ytd-topbar-menu-button-renderer[@class='style-scope ytd-masthead style-default']
22:25:07 [TestNG-test-Yt Master Tests-2] INFO  verifyingSideMenuCollapsedLangAsInSettingsLingua_22-21-21 - Clicking language dropdown...
22:25:07 [TestNG-test-Yt Master Tests-2] INFO  verifyingSideMenuCollapsedLangAsInSettingsLingua_22-21-21 - [verifyingSideMenuCollapsedLangAsInSettingsLingua_22-21-21] Trying to find element: By.xpath: (//div[@id='content-icon'])[2]
22:25:08 [TestNG-test-Yt Master Tests-2] INFO  verifyingSideMenuCollapsedLangAsInSettingsLingua_22-21-21 - [verifyingSideMenuCollapsedLangAsInSettingsLingua_22-21-21] Element found and ready (attempt 1): By.xpath: (//div[@id='content-icon'])[2]
22:25:09 [TestNG-test-Yt Master Tests-2] INFO  verifyingSideMenuCollapsedLangAsInSettingsLingua_22-21-21 - Looking for language element with name: Български
22:25:09 [TestNG-test-Yt Master Tests-2] INFO  verifyingSideMenuCollapsedLangAsInSettingsLingua_22-21-21 - [verifyingSideMenuCollapsedLangAsInSettingsLingua_22-21-21] Trying to find element: By.xpath: //yt-multi-page-menu-section-renderer[@class='style-scope ytd-multi-page-menu-renderer']//yt-formatted-string[@id='label' and text()='Български']
22:25:09 [TestNG-test-Yt Master Tests-2] INFO  verifyingSideMenuCollapsedLangAsInSettingsLingua_22-21-21 - [verifyingSideMenuCollapsedLangAsInSettingsLingua_22-21-21] Element found and ready (attempt 1): By.xpath: //yt-multi-page-menu-section-renderer[@class='style-scope ytd-multi-page-menu-renderer']//yt-formatted-string[@id='label' and text()='Български']
22:25:09 [TestNG-test-Yt Master Tests-2] INFO  verifyingSideMenuCollapsedLangAsInSettingsLingua_22-21-21 - [verifyingSideMenuCollapsedLangAsInSettingsLingua_22-21-21] Trying to find element: By.xpath: //yt-multi-page-menu-section-renderer[@class='style-scope ytd-multi-page-menu-renderer']//yt-formatted-string[@id='label' and text()='Български']
22:25:09 [TestNG-test-Yt Master Tests-2] INFO  verifyingSideMenuCollapsedLangAsInSettingsLingua_22-21-21 - [verifyingSideMenuCollapsedLangAsInSettingsLingua_22-21-21] Element found and ready (attempt 1): By.xpath: //yt-multi-page-menu-section-renderer[@class='style-scope ytd-multi-page-menu-renderer']//yt-formatted-string[@id='label' and text()='Български']
22:25:12 [TestNG-test-Yt Master Tests-2] INFO  verifyingSideMenuCollapsedLangAsInSettingsLingua_22-21-21 - Clicking settings ellipses button...
22:25:12 [TestNG-test-Yt Master Tests-2] INFO  verifyingSideMenuCollapsedLangAsInSettingsLingua_22-21-21 - [verifyingSideMenuCollapsedLangAsInSettingsLingua_22-21-21] Trying to find element: By.xpath: //ytd-topbar-menu-button-renderer[@class='style-scope ytd-masthead style-default']
22:25:13 [TestNG-test-Yt Master Tests-2] INFO  verifyingSideMenuCollapsedLangAsInSettingsLingua_22-21-21 - [verifyingSideMenuCollapsedLangAsInSettingsLingua_22-21-21] Element found and ready (attempt 1): By.xpath: //ytd-topbar-menu-button-renderer[@class='style-scope ytd-masthead style-default']
22:25:13 [TestNG-test-Yt Master Tests-2] INFO  verifyingSideMenuCollapsedLangAsInSettingsLingua_22-21-21 - [verifyingSideMenuCollapsedLangAsInSettingsLingua_22-21-21] Waiting until element is visible in viewport
22:25:14 [TestNG-test-Yt Master Tests-2] INFO  verifyingSideMenuCollapsedLangAsInSettingsLingua_22-21-21 - Clicking settings ellipses button...
22:25:15 [TestNG-test-Yt Master Tests-2] INFO  verifyingSideMenuCollapsedLangAsInSettingsLingua_22-21-21 - [verifyingSideMenuCollapsedLangAsInSettingsLingua_22-21-21] Trying to find element: By.xpath: //ytd-topbar-menu-button-renderer[@class='style-scope ytd-masthead style-default']
22:25:15 [TestNG-test-Yt Master Tests-2] INFO  verifyingSideMenuCollapsedLangAsInSettingsLingua_22-21-21 - [verifyingSideMenuCollapsedLangAsInSettingsLingua_22-21-21] Element found and ready (attempt 1): By.xpath: //ytd-topbar-menu-button-renderer[@class='style-scope ytd-masthead style-default']
22:25:15 [TestNG-test-Yt Master Tests-2] INFO  verifyingSideMenuCollapsedLangAsInSettingsLingua_22-21-21 - getLangAttribute() - locating <html> and reading lang property
22:25:15 [TestNG-test-Yt Master Tests-2] INFO  verifyingSideMenuCollapsedLangAsInSettingsLingua_22-21-21 - Language attribute read: bg-BG
22:25:15 [TestNG-test-Yt Master Tests-2] INFO  verifyingSideMenuCollapsedLangAsInSettingsLingua_22-21-21 - Fetching the side menu in collapsed view
22:25:15 [TestNG-test-Yt Master Tests-2] INFO  verifyingSideMenuCollapsedLangAsInSettingsLingua_22-21-21 - [verifyingSideMenuCollapsedLangAsInSettingsLingua_22-21-21] Finding elements list: By.xpath: //ytd-mini-guide-renderer[@class='style-scope ytd-app']//ytd-mini-guide-entry-renderer
22:25:15 [TestNG-test-Yt Master Tests-2] INFO  verifyingSideMenuCollapsedLangAsInSettingsLingua_22-21-21 - [verifyingSideMenuCollapsedLangAsInSettingsLingua_22-21-21] Found 4 ready elements (attempt 1): By.xpath: //ytd-mini-guide-renderer[@class='style-scope ytd-app']//ytd-mini-guide-entry-renderer
22:25:15 [TestNG-test-Yt Master Tests-2] INFO  verifyingSideMenuCollapsedLangAsInSettingsLingua_22-21-21 - 
========== LANGUAGE DETECTION ==========
Detected Language : BULGARIAN
Input Text        : Начало Shorts Абонаменти Вие
========================================
22:25:15 [TestNG-test-Yt Master Tests-2] INFO  verifyingSideMenuCollapsedLangAsInSettingsLingua_22-21-21 - text sent to lingua is       Начало Shorts Абонаменти Вие
22:25:15 [TestNG-test-Yt Master Tests-2] INFO  verifyingSideMenuCollapsedLangAsInSettingsLingua_22-21-21 - getLangAttribute() - locating <html> and reading lang property
22:25:15 [TestNG-test-Yt Master Tests-2] INFO  verifyingSideMenuCollapsedLangAsInSettingsLingua_22-21-21 - Language attribute read: bg-BG
22:25:15 [TestNG-test-Yt Master Tests-2] INFO  verifyingSideMenuCollapsedLangAsInSettingsLingua_22-21-21 - Clicking settings ellipses button...
22:25:15 [TestNG-test-Yt Master Tests-2] INFO  verifyingSideMenuCollapsedLangAsInSettingsLingua_22-21-21 - [verifyingSideMenuCollapsedLangAsInSettingsLingua_22-21-21] Trying to find element: By.xpath: //ytd-topbar-menu-button-renderer[@class='style-scope ytd-masthead style-default']
22:25:15 [TestNG-test-Yt Master Tests-2] INFO  verifyingSideMenuCollapsedLangAsInSettingsLingua_22-21-21 - [verifyingSideMenuCollapsedLangAsInSettingsLingua_22-21-21] Element found and ready (attempt 1): By.xpath: //ytd-topbar-menu-button-renderer[@class='style-scope ytd-masthead style-default']
22:25:15 [TestNG-test-Yt Master Tests-2] INFO  verifyingSideMenuCollapsedLangAsInSettingsLingua_22-21-21 - Clicking language dropdown...
22:25:15 [TestNG-test-Yt Master Tests-2] INFO  verifyingSideMenuCollapsedLangAsInSettingsLingua_22-21-21 - [verifyingSideMenuCollapsedLangAsInSettingsLingua_22-21-21] Trying to find element: By.xpath: (//div[@id='content-icon'])[2]
22:25:17 [TestNG-test-Yt Master Tests-2] INFO  verifyingSideMenuCollapsedLangAsInSettingsLingua_22-21-21 - [verifyingSideMenuCollapsedLangAsInSettingsLingua_22-21-21] Element found and ready (attempt 1): By.xpath: (//div[@id='content-icon'])[2]
22:25:17 [TestNG-test-Yt Master Tests-2] INFO  verifyingSideMenuCollapsedLangAsInSettingsLingua_22-21-21 - Looking for language element with name: Русский
22:25:17 [TestNG-test-Yt Master Tests-2] INFO  verifyingSideMenuCollapsedLangAsInSettingsLingua_22-21-21 - [verifyingSideMenuCollapsedLangAsInSettingsLingua_22-21-21] Trying to find element: By.xpath: //yt-multi-page-menu-section-renderer[@class='style-scope ytd-multi-page-menu-renderer']//yt-formatted-string[@id='label' and text()='Русский']
22:25:17 [TestNG-test-Yt Master Tests-2] INFO  verifyingSideMenuCollapsedLangAsInSettingsLingua_22-21-21 - [verifyingSideMenuCollapsedLangAsInSettingsLingua_22-21-21] Element found and ready (attempt 1): By.xpath: //yt-multi-page-menu-section-renderer[@class='style-scope ytd-multi-page-menu-renderer']//yt-formatted-string[@id='label' and text()='Русский']
22:25:17 [TestNG-test-Yt Master Tests-2] INFO  verifyingSideMenuCollapsedLangAsInSettingsLingua_22-21-21 - [verifyingSideMenuCollapsedLangAsInSettingsLingua_22-21-21] Trying to find element: By.xpath: //yt-multi-page-menu-section-renderer[@class='style-scope ytd-multi-page-menu-renderer']//yt-formatted-string[@id='label' and text()='Русский']
22:25:17 [TestNG-test-Yt Master Tests-2] INFO  verifyingSideMenuCollapsedLangAsInSettingsLingua_22-21-21 - [verifyingSideMenuCollapsedLangAsInSettingsLingua_22-21-21] Element found and ready (attempt 1): By.xpath: //yt-multi-page-menu-section-renderer[@class='style-scope ytd-multi-page-menu-renderer']//yt-formatted-string[@id='label' and text()='Русский']
22:25:18 [TestNG-test-Yt Master Tests-2] INFO  verifyingSideMenuCollapsedLangAsInSettingsLingua_22-21-21 - Clicking settings ellipses button...
22:25:19 [TestNG-test-Yt Master Tests-2] INFO  verifyingSideMenuCollapsedLangAsInSettingsLingua_22-21-21 - [verifyingSideMenuCollapsedLangAsInSettingsLingua_22-21-21] Trying to find element: By.xpath: //ytd-topbar-menu-button-renderer[@class='style-scope ytd-masthead style-default']
22:25:19 [TestNG-test-Yt Master Tests-2] INFO  verifyingSideMenuCollapsedLangAsInSettingsLingua_22-21-21 - [verifyingSideMenuCollapsedLangAsInSettingsLingua_22-21-21] Element found and ready (attempt 1): By.xpath: //ytd-topbar-menu-button-renderer[@class='style-scope ytd-masthead style-default']
22:25:20 [TestNG-test-Yt Master Tests-2] INFO  verifyingSideMenuCollapsedLangAsInSettingsLingua_22-21-21 - [verifyingSideMenuCollapsedLangAsInSettingsLingua_22-21-21] Waiting until element is visible in viewport
22:25:20 [TestNG-test-Yt Master Tests-2] INFO  verifyingSideMenuCollapsedLangAsInSettingsLingua_22-21-21 - Clicking settings ellipses button...
22:25:20 [TestNG-test-Yt Master Tests-2] INFO  verifyingSideMenuCollapsedLangAsInSettingsLingua_22-21-21 - [verifyingSideMenuCollapsedLangAsInSettingsLingua_22-21-21] Trying to find element: By.xpath: //ytd-topbar-menu-button-renderer[@class='style-scope ytd-masthead style-default']
22:25:21 [TestNG-test-Yt Master Tests-2] INFO  verifyingSideMenuCollapsedLangAsInSettingsLingua_22-21-21 - [verifyingSideMenuCollapsedLangAsInSettingsLingua_22-21-21] Element found and ready (attempt 1): By.xpath: //ytd-topbar-menu-button-renderer[@class='style-scope ytd-masthead style-default']
22:25:21 [TestNG-test-Yt Master Tests-2] INFO  verifyingSideMenuCollapsedLangAsInSettingsLingua_22-21-21 - getLangAttribute() - locating <html> and reading lang property
22:25:21 [TestNG-test-Yt Master Tests-2] INFO  verifyingSideMenuCollapsedLangAsInSettingsLingua_22-21-21 - Language attribute read: ru-RU
22:25:21 [TestNG-test-Yt Master Tests-2] INFO  verifyingSideMenuCollapsedLangAsInSettingsLingua_22-21-21 - Fetching the side menu in collapsed view
22:25:21 [TestNG-test-Yt Master Tests-2] INFO  verifyingSideMenuCollapsedLangAsInSettingsLingua_22-21-21 - [verifyingSideMenuCollapsedLangAsInSettingsLingua_22-21-21] Finding elements list: By.xpath: //ytd-mini-guide-renderer[@class='style-scope ytd-app']//ytd-mini-guide-entry-renderer
22:25:21 [TestNG-test-Yt Master Tests-2] INFO  verifyingSideMenuCollapsedLangAsInSettingsLingua_22-21-21 - [verifyingSideMenuCollapsedLangAsInSettingsLingua_22-21-21] Found 4 ready elements (attempt 1): By.xpath: //ytd-mini-guide-renderer[@class='style-scope ytd-app']//ytd-mini-guide-entry-renderer
22:25:21 [TestNG-test-Yt Master Tests-2] INFO  verifyingSideMenuCollapsedLangAsInSettingsLingua_22-21-21 - 
========== LANGUAGE DETECTION ==========
Detected Language : RUSSIAN
Input Text        : Главная Shorts Подписки Вы
========================================
22:25:21 [TestNG-test-Yt Master Tests-2] INFO  verifyingSideMenuCollapsedLangAsInSettingsLingua_22-21-21 - text sent to lingua is       Главная Shorts Подписки Вы
22:25:21 [TestNG-test-Yt Master Tests-2] INFO  verifyingSideMenuCollapsedLangAsInSettingsLingua_22-21-21 - getLangAttribute() - locating <html> and reading lang property
22:25:21 [TestNG-test-Yt Master Tests-2] INFO  verifyingSideMenuCollapsedLangAsInSettingsLingua_22-21-21 - Language attribute read: ru-RU
22:25:21 [TestNG-test-Yt Master Tests-2] INFO  verifyingSideMenuCollapsedLangAsInSettingsLingua_22-21-21 - Clicking settings ellipses button...
22:25:21 [TestNG-test-Yt Master Tests-2] INFO  verifyingSideMenuCollapsedLangAsInSettingsLingua_22-21-21 - [verifyingSideMenuCollapsedLangAsInSettingsLingua_22-21-21] Trying to find element: By.xpath: //ytd-topbar-menu-button-renderer[@class='style-scope ytd-masthead style-default']
22:25:21 [TestNG-test-Yt Master Tests-2] INFO  verifyingSideMenuCollapsedLangAsInSettingsLingua_22-21-21 - [verifyingSideMenuCollapsedLangAsInSettingsLingua_22-21-21] Element found and ready (attempt 1): By.xpath: //ytd-topbar-menu-button-renderer[@class='style-scope ytd-masthead style-default']
22:25:21 [TestNG-test-Yt Master Tests-2] INFO  verifyingSideMenuCollapsedLangAsInSettingsLingua_22-21-21 - Clicking language dropdown...
22:25:21 [TestNG-test-Yt Master Tests-2] INFO  verifyingSideMenuCollapsedLangAsInSettingsLingua_22-21-21 - [verifyingSideMenuCollapsedLangAsInSettingsLingua_22-21-21] Trying to find element: By.xpath: (//div[@id='content-icon'])[2]
22:25:22 [TestNG-test-Yt Master Tests-2] INFO  verifyingSideMenuCollapsedLangAsInSettingsLingua_22-21-21 - [verifyingSideMenuCollapsedLangAsInSettingsLingua_22-21-21] Element found and ready (attempt 1): By.xpath: (//div[@id='content-icon'])[2]
22:25:23 [TestNG-test-Yt Master Tests-2] INFO  verifyingSideMenuCollapsedLangAsInSettingsLingua_22-21-21 - Looking for language element with name: Українська
22:25:23 [TestNG-test-Yt Master Tests-2] INFO  verifyingSideMenuCollapsedLangAsInSettingsLingua_22-21-21 - [verifyingSideMenuCollapsedLangAsInSettingsLingua_22-21-21] Trying to find element: By.xpath: //yt-multi-page-menu-section-renderer[@class='style-scope ytd-multi-page-menu-renderer']//yt-formatted-string[@id='label' and text()='Українська']
22:25:23 [TestNG-test-Yt Master Tests-2] INFO  verifyingSideMenuCollapsedLangAsInSettingsLingua_22-21-21 - [verifyingSideMenuCollapsedLangAsInSettingsLingua_22-21-21] Element found and ready (attempt 1): By.xpath: //yt-multi-page-menu-section-renderer[@class='style-scope ytd-multi-page-menu-renderer']//yt-formatted-string[@id='label' and text()='Українська']
22:25:23 [TestNG-test-Yt Master Tests-2] INFO  verifyingSideMenuCollapsedLangAsInSettingsLingua_22-21-21 - [verifyingSideMenuCollapsedLangAsInSettingsLingua_22-21-21] Trying to find element: By.xpath: //yt-multi-page-menu-section-renderer[@class='style-scope ytd-multi-page-menu-renderer']//yt-formatted-string[@id='label' and text()='Українська']
22:25:23 [TestNG-test-Yt Master Tests-2] INFO  verifyingSideMenuCollapsedLangAsInSettingsLingua_22-21-21 - [verifyingSideMenuCollapsedLangAsInSettingsLingua_22-21-21] Element found and ready (attempt 1): By.xpath: //yt-multi-page-menu-section-renderer[@class='style-scope ytd-multi-page-menu-renderer']//yt-formatted-string[@id='label' and text()='Українська']
22:25:24 [TestNG-test-Yt Master Tests-2] INFO  verifyingSideMenuCollapsedLangAsInSettingsLingua_22-21-21 - Clicking settings ellipses button...
22:25:26 [TestNG-test-Yt Master Tests-2] INFO  verifyingSideMenuCollapsedLangAsInSettingsLingua_22-21-21 - [verifyingSideMenuCollapsedLangAsInSettingsLingua_22-21-21] Trying to find element: By.xpath: //ytd-topbar-menu-button-renderer[@class='style-scope ytd-masthead style-default']
22:25:26 [TestNG-test-Yt Master Tests-2] INFO  verifyingSideMenuCollapsedLangAsInSettingsLingua_22-21-21 - [verifyingSideMenuCollapsedLangAsInSettingsLingua_22-21-21] Element found and ready (attempt 1): By.xpath: //ytd-topbar-menu-button-renderer[@class='style-scope ytd-masthead style-default']
22:25:27 [TestNG-test-Yt Master Tests-2] INFO  verifyingSideMenuCollapsedLangAsInSettingsLingua_22-21-21 - [verifyingSideMenuCollapsedLangAsInSettingsLingua_22-21-21] Waiting until element is visible in viewport
22:25:27 [TestNG-test-Yt Master Tests-2] INFO  verifyingSideMenuCollapsedLangAsInSettingsLingua_22-21-21 - Clicking settings ellipses button...
22:25:27 [TestNG-test-Yt Master Tests-2] INFO  verifyingSideMenuCollapsedLangAsInSettingsLingua_22-21-21 - [verifyingSideMenuCollapsedLangAsInSettingsLingua_22-21-21] Trying to find element: By.xpath: //ytd-topbar-menu-button-renderer[@class='style-scope ytd-masthead style-default']
22:25:27 [TestNG-test-Yt Master Tests-2] INFO  verifyingSideMenuCollapsedLangAsInSettingsLingua_22-21-21 - [verifyingSideMenuCollapsedLangAsInSettingsLingua_22-21-21] Element found and ready (attempt 1): By.xpath: //ytd-topbar-menu-button-renderer[@class='style-scope ytd-masthead style-default']
22:25:28 [TestNG-test-Yt Master Tests-2] INFO  verifyingSideMenuCollapsedLangAsInSettingsLingua_22-21-21 - getLangAttribute() - locating <html> and reading lang property
22:25:28 [TestNG-test-Yt Master Tests-2] INFO  verifyingSideMenuCollapsedLangAsInSettingsLingua_22-21-21 - Language attribute read: uk-UA
22:25:28 [TestNG-test-Yt Master Tests-2] INFO  verifyingSideMenuCollapsedLangAsInSettingsLingua_22-21-21 - Fetching the side menu in collapsed view
22:25:28 [TestNG-test-Yt Master Tests-2] INFO  verifyingSideMenuCollapsedLangAsInSettingsLingua_22-21-21 - [verifyingSideMenuCollapsedLangAsInSettingsLingua_22-21-21] Finding elements list: By.xpath: //ytd-mini-guide-renderer[@class='style-scope ytd-app']//ytd-mini-guide-entry-renderer
22:25:28 [TestNG-test-Yt Master Tests-2] INFO  verifyingSideMenuCollapsedLangAsInSettingsLingua_22-21-21 - [verifyingSideMenuCollapsedLangAsInSettingsLingua_22-21-21] Found 4 ready elements (attempt 1): By.xpath: //ytd-mini-guide-renderer[@class='style-scope ytd-app']//ytd-mini-guide-entry-renderer
22:25:28 [TestNG-test-Yt Master Tests-2] INFO  verifyingSideMenuCollapsedLangAsInSettingsLingua_22-21-21 - 
========== LANGUAGE DETECTION ==========
Detected Language : UKRAINIAN
Input Text        : Головна YouTube Shorts Підписки Ви
========================================
22:25:28 [TestNG-test-Yt Master Tests-2] INFO  verifyingSideMenuCollapsedLangAsInSettingsLingua_22-21-21 - text sent to lingua is       Головна YouTube Shorts Підписки Ви
22:25:28 [TestNG-test-Yt Master Tests-2] INFO  verifyingSideMenuCollapsedLangAsInSettingsLingua_22-21-21 - getLangAttribute() - locating <html> and reading lang property
22:25:28 [TestNG-test-Yt Master Tests-2] INFO  verifyingSideMenuCollapsedLangAsInSettingsLingua_22-21-21 - Language attribute read: uk-UA
22:25:28 [TestNG-test-Yt Master Tests-2] INFO  verifyingSideMenuCollapsedLangAsInSettingsLingua_22-21-21 - Clicking settings ellipses button...
22:25:28 [TestNG-test-Yt Master Tests-2] INFO  verifyingSideMenuCollapsedLangAsInSettingsLingua_22-21-21 - [verifyingSideMenuCollapsedLangAsInSettingsLingua_22-21-21] Trying to find element: By.xpath: //ytd-topbar-menu-button-renderer[@class='style-scope ytd-masthead style-default']
22:25:28 [TestNG-test-Yt Master Tests-2] INFO  verifyingSideMenuCollapsedLangAsInSettingsLingua_22-21-21 - [verifyingSideMenuCollapsedLangAsInSettingsLingua_22-21-21] Element found and ready (attempt 1): By.xpath: //ytd-topbar-menu-button-renderer[@class='style-scope ytd-masthead style-default']
22:25:28 [TestNG-test-Yt Master Tests-2] INFO  verifyingSideMenuCollapsedLangAsInSettingsLingua_22-21-21 - Clicking language dropdown...
22:25:28 [TestNG-test-Yt Master Tests-2] INFO  verifyingSideMenuCollapsedLangAsInSettingsLingua_22-21-21 - [verifyingSideMenuCollapsedLangAsInSettingsLingua_22-21-21] Trying to find element: By.xpath: (//div[@id='content-icon'])[2]
22:25:29 [TestNG-test-Yt Master Tests-2] INFO  verifyingSideMenuCollapsedLangAsInSettingsLingua_22-21-21 - [verifyingSideMenuCollapsedLangAsInSettingsLingua_22-21-21] Element found and ready (attempt 1): By.xpath: (//div[@id='content-icon'])[2]
22:25:29 [TestNG-test-Yt Master Tests-2] INFO  verifyingSideMenuCollapsedLangAsInSettingsLingua_22-21-21 - Looking for language element with name: Ελληνικά
22:25:29 [TestNG-test-Yt Master Tests-2] INFO  verifyingSideMenuCollapsedLangAsInSettingsLingua_22-21-21 - [verifyingSideMenuCollapsedLangAsInSettingsLingua_22-21-21] Trying to find element: By.xpath: //yt-multi-page-menu-section-renderer[@class='style-scope ytd-multi-page-menu-renderer']//yt-formatted-string[@id='label' and text()='Ελληνικά']
22:25:29 [TestNG-test-Yt Master Tests-2] INFO  verifyingSideMenuCollapsedLangAsInSettingsLingua_22-21-21 - [verifyingSideMenuCollapsedLangAsInSettingsLingua_22-21-21] Element found and ready (attempt 1): By.xpath: //yt-multi-page-menu-section-renderer[@class='style-scope ytd-multi-page-menu-renderer']//yt-formatted-string[@id='label' and text()='Ελληνικά']
22:25:29 [TestNG-test-Yt Master Tests-2] INFO  verifyingSideMenuCollapsedLangAsInSettingsLingua_22-21-21 - [verifyingSideMenuCollapsedLangAsInSettingsLingua_22-21-21] Trying to find element: By.xpath: //yt-multi-page-menu-section-renderer[@class='style-scope ytd-multi-page-menu-renderer']//yt-formatted-string[@id='label' and text()='Ελληνικά']
22:25:30 [TestNG-test-Yt Master Tests-2] INFO  verifyingSideMenuCollapsedLangAsInSettingsLingua_22-21-21 - [verifyingSideMenuCollapsedLangAsInSettingsLingua_22-21-21] Element found and ready (attempt 1): By.xpath: //yt-multi-page-menu-section-renderer[@class='style-scope ytd-multi-page-menu-renderer']//yt-formatted-string[@id='label' and text()='Ελληνικά']
22:25:31 [TestNG-test-Yt Master Tests-2] INFO  verifyingSideMenuCollapsedLangAsInSettingsLingua_22-21-21 - Clicking settings ellipses button...
22:25:32 [TestNG-test-Yt Master Tests-2] INFO  verifyingSideMenuCollapsedLangAsInSettingsLingua_22-21-21 - [verifyingSideMenuCollapsedLangAsInSettingsLingua_22-21-21] Trying to find element: By.xpath: //ytd-topbar-menu-button-renderer[@class='style-scope ytd-masthead style-default']
22:25:32 [TestNG-test-Yt Master Tests-2] INFO  verifyingSideMenuCollapsedLangAsInSettingsLingua_22-21-21 - [verifyingSideMenuCollapsedLangAsInSettingsLingua_22-21-21] Element found and ready (attempt 1): By.xpath: //ytd-topbar-menu-button-renderer[@class='style-scope ytd-masthead style-default']
22:25:34 [TestNG-test-Yt Master Tests-2] INFO  verifyingSideMenuCollapsedLangAsInSettingsLingua_22-21-21 - [verifyingSideMenuCollapsedLangAsInSettingsLingua_22-21-21] Waiting until element is visible in viewport
22:25:34 [TestNG-test-Yt Master Tests-2] INFO  verifyingSideMenuCollapsedLangAsInSettingsLingua_22-21-21 - Clicking settings ellipses button...
22:25:34 [TestNG-test-Yt Master Tests-2] INFO  verifyingSideMenuCollapsedLangAsInSettingsLingua_22-21-21 - [verifyingSideMenuCollapsedLangAsInSettingsLingua_22-21-21] Trying to find element: By.xpath: //ytd-topbar-menu-button-renderer[@class='style-scope ytd-masthead style-default']
22:25:34 [TestNG-test-Yt Master Tests-2] INFO  verifyingSideMenuCollapsedLangAsInSettingsLingua_22-21-21 - [verifyingSideMenuCollapsedLangAsInSettingsLingua_22-21-21] Element found and ready (attempt 1): By.xpath: //ytd-topbar-menu-button-renderer[@class='style-scope ytd-masthead style-default']
22:25:34 [TestNG-test-Yt Master Tests-2] INFO  verifyingSideMenuCollapsedLangAsInSettingsLingua_22-21-21 - getLangAttribute() - locating <html> and reading lang property
22:25:34 [TestNG-test-Yt Master Tests-2] INFO  verifyingSideMenuCollapsedLangAsInSettingsLingua_22-21-21 - Language attribute read: el-GR
22:25:34 [TestNG-test-Yt Master Tests-2] INFO  verifyingSideMenuCollapsedLangAsInSettingsLingua_22-21-21 - Fetching the side menu in collapsed view
22:25:34 [TestNG-test-Yt Master Tests-2] INFO  verifyingSideMenuCollapsedLangAsInSettingsLingua_22-21-21 - [verifyingSideMenuCollapsedLangAsInSettingsLingua_22-21-21] Finding elements list: By.xpath: //ytd-mini-guide-renderer[@class='style-scope ytd-app']//ytd-mini-guide-entry-renderer
22:25:34 [TestNG-test-Yt Master Tests-2] INFO  verifyingSideMenuCollapsedLangAsInSettingsLingua_22-21-21 - [verifyingSideMenuCollapsedLangAsInSettingsLingua_22-21-21] Found 4 ready elements (attempt 1): By.xpath: //ytd-mini-guide-renderer[@class='style-scope ytd-app']//ytd-mini-guide-entry-renderer
22:25:35 [TestNG-test-Yt Master Tests-2] INFO  verifyingSideMenuCollapsedLangAsInSettingsLingua_22-21-21 - 
========== LANGUAGE DETECTION ==========
Detected Language : GREEK
Input Text        : Αρχική Shorts Εγγραφές Εσείς
========================================
22:25:35 [TestNG-test-Yt Master Tests-2] INFO  verifyingSideMenuCollapsedLangAsInSettingsLingua_22-21-21 - text sent to lingua is       Αρχική Shorts Εγγραφές Εσείς
22:25:35 [TestNG-test-Yt Master Tests-2] INFO  verifyingSideMenuCollapsedLangAsInSettingsLingua_22-21-21 - getLangAttribute() - locating <html> and reading lang property
22:25:35 [TestNG-test-Yt Master Tests-2] INFO  verifyingSideMenuCollapsedLangAsInSettingsLingua_22-21-21 - Language attribute read: el-GR
22:25:35 [TestNG-test-Yt Master Tests-2] INFO  verifyingSideMenuCollapsedLangAsInSettingsLingua_22-21-21 - Clicking settings ellipses button...
22:25:35 [TestNG-test-Yt Master Tests-2] INFO  verifyingSideMenuCollapsedLangAsInSettingsLingua_22-21-21 - [verifyingSideMenuCollapsedLangAsInSettingsLingua_22-21-21] Trying to find element: By.xpath: //ytd-topbar-menu-button-renderer[@class='style-scope ytd-masthead style-default']
22:25:35 [TestNG-test-Yt Master Tests-2] INFO  verifyingSideMenuCollapsedLangAsInSettingsLingua_22-21-21 - [verifyingSideMenuCollapsedLangAsInSettingsLingua_22-21-21] Element found and ready (attempt 1): By.xpath: //ytd-topbar-menu-button-renderer[@class='style-scope ytd-masthead style-default']
22:25:35 [TestNG-test-Yt Master Tests-2] INFO  verifyingSideMenuCollapsedLangAsInSettingsLingua_22-21-21 - Clicking language dropdown...
22:25:35 [TestNG-test-Yt Master Tests-2] INFO  verifyingSideMenuCollapsedLangAsInSettingsLingua_22-21-21 - [verifyingSideMenuCollapsedLangAsInSettingsLingua_22-21-21] Trying to find element: By.xpath: (//div[@id='content-icon'])[2]
22:25:35 [TestNG-test-Yt Master Tests-2] INFO  verifyingSideMenuCollapsedLangAsInSettingsLingua_22-21-21 - [verifyingSideMenuCollapsedLangAsInSettingsLingua_22-21-21] Element found and ready (attempt 1): By.xpath: (//div[@id='content-icon'])[2]
22:25:36 [TestNG-test-Yt Master Tests-2] INFO  verifyingSideMenuCollapsedLangAsInSettingsLingua_22-21-21 - Looking for language element with name: Հայերեն
22:25:36 [TestNG-test-Yt Master Tests-2] INFO  verifyingSideMenuCollapsedLangAsInSettingsLingua_22-21-21 - [verifyingSideMenuCollapsedLangAsInSettingsLingua_22-21-21] Trying to find element: By.xpath: //yt-multi-page-menu-section-renderer[@class='style-scope ytd-multi-page-menu-renderer']//yt-formatted-string[@id='label' and text()='Հայերեն']
22:25:36 [TestNG-test-Yt Master Tests-2] INFO  verifyingSideMenuCollapsedLangAsInSettingsLingua_22-21-21 - [verifyingSideMenuCollapsedLangAsInSettingsLingua_22-21-21] Element found and ready (attempt 1): By.xpath: //yt-multi-page-menu-section-renderer[@class='style-scope ytd-multi-page-menu-renderer']//yt-formatted-string[@id='label' and text()='Հայերեն']
22:25:36 [TestNG-test-Yt Master Tests-2] INFO  verifyingSideMenuCollapsedLangAsInSettingsLingua_22-21-21 - [verifyingSideMenuCollapsedLangAsInSettingsLingua_22-21-21] Trying to find element: By.xpath: //yt-multi-page-menu-section-renderer[@class='style-scope ytd-multi-page-menu-renderer']//yt-formatted-string[@id='label' and text()='Հայերեն']
22:25:36 [TestNG-test-Yt Master Tests-2] INFO  verifyingSideMenuCollapsedLangAsInSettingsLingua_22-21-21 - [verifyingSideMenuCollapsedLangAsInSettingsLingua_22-21-21] Element found and ready (attempt 1): By.xpath: //yt-multi-page-menu-section-renderer[@class='style-scope ytd-multi-page-menu-renderer']//yt-formatted-string[@id='label' and text()='Հայերեն']
22:25:38 [TestNG-test-Yt Master Tests-2] INFO  verifyingSideMenuCollapsedLangAsInSettingsLingua_22-21-21 - Clicking settings ellipses button...
22:25:38 [TestNG-test-Yt Master Tests-2] INFO  verifyingSideMenuCollapsedLangAsInSettingsLingua_22-21-21 - [verifyingSideMenuCollapsedLangAsInSettingsLingua_22-21-21] Trying to find element: By.xpath: //ytd-topbar-menu-button-renderer[@class='style-scope ytd-masthead style-default']
22:25:39 [TestNG-test-Yt Master Tests-2] INFO  verifyingSideMenuCollapsedLangAsInSettingsLingua_22-21-21 - [verifyingSideMenuCollapsedLangAsInSettingsLingua_22-21-21] Element found and ready (attempt 1): By.xpath: //ytd-topbar-menu-button-renderer[@class='style-scope ytd-masthead style-default']
22:25:39 [TestNG-test-Yt Master Tests-2] INFO  verifyingSideMenuCollapsedLangAsInSettingsLingua_22-21-21 - [verifyingSideMenuCollapsedLangAsInSettingsLingua_22-21-21] Waiting until element is visible in viewport
22:25:40 [TestNG-test-Yt Master Tests-2] INFO  verifyingSideMenuCollapsedLangAsInSettingsLingua_22-21-21 - Clicking settings ellipses button...
22:25:40 [TestNG-test-Yt Master Tests-2] INFO  verifyingSideMenuCollapsedLangAsInSettingsLingua_22-21-21 - [verifyingSideMenuCollapsedLangAsInSettingsLingua_22-21-21] Trying to find element: By.xpath: //ytd-topbar-menu-button-renderer[@class='style-scope ytd-masthead style-default']
22:25:40 [TestNG-test-Yt Master Tests-2] INFO  verifyingSideMenuCollapsedLangAsInSettingsLingua_22-21-21 - [verifyingSideMenuCollapsedLangAsInSettingsLingua_22-21-21] Element found and ready (attempt 1): By.xpath: //ytd-topbar-menu-button-renderer[@class='style-scope ytd-masthead style-default']
22:25:40 [TestNG-test-Yt Master Tests-2] INFO  verifyingSideMenuCollapsedLangAsInSettingsLingua_22-21-21 - getLangAttribute() - locating <html> and reading lang property
22:25:40 [TestNG-test-Yt Master Tests-2] INFO  verifyingSideMenuCollapsedLangAsInSettingsLingua_22-21-21 - Language attribute read: hy-AM
22:25:40 [TestNG-test-Yt Master Tests-2] INFO  verifyingSideMenuCollapsedLangAsInSettingsLingua_22-21-21 - Fetching the side menu in collapsed view
22:25:40 [TestNG-test-Yt Master Tests-2] INFO  verifyingSideMenuCollapsedLangAsInSettingsLingua_22-21-21 - [verifyingSideMenuCollapsedLangAsInSettingsLingua_22-21-21] Finding elements list: By.xpath: //ytd-mini-guide-renderer[@class='style-scope ytd-app']//ytd-mini-guide-entry-renderer
22:25:41 [TestNG-test-Yt Master Tests-2] INFO  verifyingSideMenuCollapsedLangAsInSettingsLingua_22-21-21 - [verifyingSideMenuCollapsedLangAsInSettingsLingua_22-21-21] Found 4 ready elements (attempt 1): By.xpath: //ytd-mini-guide-renderer[@class='style-scope ytd-app']//ytd-mini-guide-entry-renderer
22:25:41 [TestNG-test-Yt Master Tests-2] INFO  verifyingSideMenuCollapsedLangAsInSettingsLingua_22-21-21 - 
========== LANGUAGE DETECTION ==========
Detected Language : ARMENIAN
Input Text        : Սկիզբ Shorts Հետևում եմ Դուք
========================================
22:25:41 [TestNG-test-Yt Master Tests-2] INFO  verifyingSideMenuCollapsedLangAsInSettingsLingua_22-21-21 - text sent to lingua is       Սկիզբ Shorts Հետևում եմ Դուք
22:25:41 [TestNG-test-Yt Master Tests-2] INFO  verifyingSideMenuCollapsedLangAsInSettingsLingua_22-21-21 - getLangAttribute() - locating <html> and reading lang property
22:25:41 [TestNG-test-Yt Master Tests-2] INFO  verifyingSideMenuCollapsedLangAsInSettingsLingua_22-21-21 - Language attribute read: hy-AM
22:25:41 [TestNG-test-Yt Master Tests-2] INFO  verifyingSideMenuCollapsedLangAsInSettingsLingua_22-21-21 - Clicking settings ellipses button...
22:25:41 [TestNG-test-Yt Master Tests-2] INFO  verifyingSideMenuCollapsedLangAsInSettingsLingua_22-21-21 - [verifyingSideMenuCollapsedLangAsInSettingsLingua_22-21-21] Trying to find element: By.xpath: //ytd-topbar-menu-button-renderer[@class='style-scope ytd-masthead style-default']
22:25:41 [TestNG-test-Yt Master Tests-2] INFO  verifyingSideMenuCollapsedLangAsInSettingsLingua_22-21-21 - [verifyingSideMenuCollapsedLangAsInSettingsLingua_22-21-21] Element found and ready (attempt 1): By.xpath: //ytd-topbar-menu-button-renderer[@class='style-scope ytd-masthead style-default']
22:25:41 [TestNG-test-Yt Master Tests-2] INFO  verifyingSideMenuCollapsedLangAsInSettingsLingua_22-21-21 - Clicking language dropdown...
22:25:41 [TestNG-test-Yt Master Tests-2] INFO  verifyingSideMenuCollapsedLangAsInSettingsLingua_22-21-21 - [verifyingSideMenuCollapsedLangAsInSettingsLingua_22-21-21] Trying to find element: By.xpath: (//div[@id='content-icon'])[2]
22:25:42 [TestNG-test-Yt Master Tests-2] INFO  verifyingSideMenuCollapsedLangAsInSettingsLingua_22-21-21 - [verifyingSideMenuCollapsedLangAsInSettingsLingua_22-21-21] Element found and ready (attempt 1): By.xpath: (//div[@id='content-icon'])[2]
22:25:43 [TestNG-test-Yt Master Tests-2] INFO  verifyingSideMenuCollapsedLangAsInSettingsLingua_22-21-21 - Looking for language element with name: עברית
22:25:43 [TestNG-test-Yt Master Tests-2] INFO  verifyingSideMenuCollapsedLangAsInSettingsLingua_22-21-21 - [verifyingSideMenuCollapsedLangAsInSettingsLingua_22-21-21] Trying to find element: By.xpath: //yt-multi-page-menu-section-renderer[@class='style-scope ytd-multi-page-menu-renderer']//yt-formatted-string[@id='label' and text()='עברית']
22:25:43 [TestNG-test-Yt Master Tests-2] INFO  verifyingSideMenuCollapsedLangAsInSettingsLingua_22-21-21 - [verifyingSideMenuCollapsedLangAsInSettingsLingua_22-21-21] Element found and ready (attempt 1): By.xpath: //yt-multi-page-menu-section-renderer[@class='style-scope ytd-multi-page-menu-renderer']//yt-formatted-string[@id='label' and text()='עברית']
22:25:43 [TestNG-test-Yt Master Tests-2] INFO  verifyingSideMenuCollapsedLangAsInSettingsLingua_22-21-21 - [verifyingSideMenuCollapsedLangAsInSettingsLingua_22-21-21] Trying to find element: By.xpath: //yt-multi-page-menu-section-renderer[@class='style-scope ytd-multi-page-menu-renderer']//yt-formatted-string[@id='label' and text()='עברית']
22:25:43 [TestNG-test-Yt Master Tests-2] INFO  verifyingSideMenuCollapsedLangAsInSettingsLingua_22-21-21 - [verifyingSideMenuCollapsedLangAsInSettingsLingua_22-21-21] Element found and ready (attempt 1): By.xpath: //yt-multi-page-menu-section-renderer[@class='style-scope ytd-multi-page-menu-renderer']//yt-formatted-string[@id='label' and text()='עברית']
22:25:44 [TestNG-test-Yt Master Tests-2] INFO  verifyingSideMenuCollapsedLangAsInSettingsLingua_22-21-21 - Clicking settings ellipses button...
22:25:44 [TestNG-test-Yt Master Tests-2] INFO  verifyingSideMenuCollapsedLangAsInSettingsLingua_22-21-21 - [verifyingSideMenuCollapsedLangAsInSettingsLingua_22-21-21] Trying to find element: By.xpath: //ytd-topbar-menu-button-renderer[@class='style-scope ytd-masthead style-default']
22:25:45 [TestNG-test-Yt Master Tests-2] INFO  verifyingSideMenuCollapsedLangAsInSettingsLingua_22-21-21 - [verifyingSideMenuCollapsedLangAsInSettingsLingua_22-21-21] Element found and ready (attempt 1): By.xpath: //ytd-topbar-menu-button-renderer[@class='style-scope ytd-masthead style-default']
22:25:46 [TestNG-test-Yt Master Tests-2] INFO  verifyingSideMenuCollapsedLangAsInSettingsLingua_22-21-21 - [verifyingSideMenuCollapsedLangAsInSettingsLingua_22-21-21] Waiting until element is visible in viewport
22:25:46 [TestNG-test-Yt Master Tests-2] INFO  verifyingSideMenuCollapsedLangAsInSettingsLingua_22-21-21 - Clicking settings ellipses button...
22:25:46 [TestNG-test-Yt Master Tests-2] INFO  verifyingSideMenuCollapsedLangAsInSettingsLingua_22-21-21 - [verifyingSideMenuCollapsedLangAsInSettingsLingua_22-21-21] Trying to find element: By.xpath: //ytd-topbar-menu-button-renderer[@class='style-scope ytd-masthead style-default']
22:25:46 [TestNG-test-Yt Master Tests-2] INFO  verifyingSideMenuCollapsedLangAsInSettingsLingua_22-21-21 - [verifyingSideMenuCollapsedLangAsInSettingsLingua_22-21-21] Element found and ready (attempt 1): By.xpath: //ytd-topbar-menu-button-renderer[@class='style-scope ytd-masthead style-default']
22:25:47 [TestNG-test-Yt Master Tests-2] INFO  verifyingSideMenuCollapsedLangAsInSettingsLingua_22-21-21 - getLangAttribute() - locating <html> and reading lang property
22:25:47 [TestNG-test-Yt Master Tests-2] INFO  verifyingSideMenuCollapsedLangAsInSettingsLingua_22-21-21 - Language attribute read: he-IL
22:25:47 [TestNG-test-Yt Master Tests-2] INFO  verifyingSideMenuCollapsedLangAsInSettingsLingua_22-21-21 - Fetching the side menu in collapsed view
22:25:47 [TestNG-test-Yt Master Tests-2] INFO  verifyingSideMenuCollapsedLangAsInSettingsLingua_22-21-21 - [verifyingSideMenuCollapsedLangAsInSettingsLingua_22-21-21] Finding elements list: By.xpath: //ytd-mini-guide-renderer[@class='style-scope ytd-app']//ytd-mini-guide-entry-renderer
22:25:47 [TestNG-test-Yt Master Tests-2] INFO  verifyingSideMenuCollapsedLangAsInSettingsLingua_22-21-21 - [verifyingSideMenuCollapsedLangAsInSettingsLingua_22-21-21] Found 4 ready elements (attempt 1): By.xpath: //ytd-mini-guide-renderer[@class='style-scope ytd-app']//ytd-mini-guide-entry-renderer
22:25:47 [TestNG-test-Yt Master Tests-2] INFO  verifyingSideMenuCollapsedLangAsInSettingsLingua_22-21-21 - 
========== LANGUAGE DETECTION ==========
Detected Language : HEBREW
Input Text        : דף הבית Shorts מינויים הדף שלי
========================================
22:25:47 [TestNG-test-Yt Master Tests-2] INFO  verifyingSideMenuCollapsedLangAsInSettingsLingua_22-21-21 - text sent to lingua is       דף הבית Shorts מינויים הדף שלי
22:25:47 [TestNG-test-Yt Master Tests-2] INFO  verifyingSideMenuCollapsedLangAsInSettingsLingua_22-21-21 - getLangAttribute() - locating <html> and reading lang property
22:25:47 [TestNG-test-Yt Master Tests-2] INFO  verifyingSideMenuCollapsedLangAsInSettingsLingua_22-21-21 - Language attribute read: he-IL
22:25:47 [TestNG-test-Yt Master Tests-2] INFO  verifyingSideMenuCollapsedLangAsInSettingsLingua_22-21-21 - Clicking settings ellipses button...
22:25:47 [TestNG-test-Yt Master Tests-2] INFO  verifyingSideMenuCollapsedLangAsInSettingsLingua_22-21-21 - [verifyingSideMenuCollapsedLangAsInSettingsLingua_22-21-21] Trying to find element: By.xpath: //ytd-topbar-menu-button-renderer[@class='style-scope ytd-masthead style-default']
22:25:47 [TestNG-test-Yt Master Tests-2] INFO  verifyingSideMenuCollapsedLangAsInSettingsLingua_22-21-21 - [verifyingSideMenuCollapsedLangAsInSettingsLingua_22-21-21] Element found and ready (attempt 1): By.xpath: //ytd-topbar-menu-button-renderer[@class='style-scope ytd-masthead style-default']
22:25:47 [TestNG-test-Yt Master Tests-2] INFO  verifyingSideMenuCollapsedLangAsInSettingsLingua_22-21-21 - Clicking language dropdown...
22:25:47 [TestNG-test-Yt Master Tests-2] INFO  verifyingSideMenuCollapsedLangAsInSettingsLingua_22-21-21 - [verifyingSideMenuCollapsedLangAsInSettingsLingua_22-21-21] Trying to find element: By.xpath: (//div[@id='content-icon'])[2]
22:25:49 [TestNG-test-Yt Master Tests-2] INFO  verifyingSideMenuCollapsedLangAsInSettingsLingua_22-21-21 - [verifyingSideMenuCollapsedLangAsInSettingsLingua_22-21-21] Element found and ready (attempt 1): By.xpath: (//div[@id='content-icon'])[2]
22:25:49 [TestNG-test-Yt Master Tests-2] INFO  verifyingSideMenuCollapsedLangAsInSettingsLingua_22-21-21 - Looking for language element with name: العربية
22:25:49 [TestNG-test-Yt Master Tests-2] INFO  verifyingSideMenuCollapsedLangAsInSettingsLingua_22-21-21 - [verifyingSideMenuCollapsedLangAsInSettingsLingua_22-21-21] Trying to find element: By.xpath: //yt-multi-page-menu-section-renderer[@class='style-scope ytd-multi-page-menu-renderer']//yt-formatted-string[@id='label' and text()='العربية']
22:25:50 [TestNG-test-Yt Master Tests-2] INFO  verifyingSideMenuCollapsedLangAsInSettingsLingua_22-21-21 - [verifyingSideMenuCollapsedLangAsInSettingsLingua_22-21-21] Element found and ready (attempt 1): By.xpath: //yt-multi-page-menu-section-renderer[@class='style-scope ytd-multi-page-menu-renderer']//yt-formatted-string[@id='label' and text()='العربية']
22:25:50 [TestNG-test-Yt Master Tests-2] INFO  verifyingSideMenuCollapsedLangAsInSettingsLingua_22-21-21 - [verifyingSideMenuCollapsedLangAsInSettingsLingua_22-21-21] Trying to find element: By.xpath: //yt-multi-page-menu-section-renderer[@class='style-scope ytd-multi-page-menu-renderer']//yt-formatted-string[@id='label' and text()='العربية']
22:25:50 [TestNG-test-Yt Master Tests-2] INFO  verifyingSideMenuCollapsedLangAsInSettingsLingua_22-21-21 - [verifyingSideMenuCollapsedLangAsInSettingsLingua_22-21-21] Element found and ready (attempt 1): By.xpath: //yt-multi-page-menu-section-renderer[@class='style-scope ytd-multi-page-menu-renderer']//yt-formatted-string[@id='label' and text()='العربية']
22:25:52 [TestNG-test-Yt Master Tests-2] INFO  verifyingSideMenuCollapsedLangAsInSettingsLingua_22-21-21 - Clicking settings ellipses button...
22:25:52 [TestNG-test-Yt Master Tests-2] INFO  verifyingSideMenuCollapsedLangAsInSettingsLingua_22-21-21 - [verifyingSideMenuCollapsedLangAsInSettingsLingua_22-21-21] Trying to find element: By.xpath: //ytd-topbar-menu-button-renderer[@class='style-scope ytd-masthead style-default']
22:25:53 [TestNG-test-Yt Master Tests-2] INFO  verifyingSideMenuCollapsedLangAsInSettingsLingua_22-21-21 - [verifyingSideMenuCollapsedLangAsInSettingsLingua_22-21-21] Element found and ready (attempt 1): By.xpath: //ytd-topbar-menu-button-renderer[@class='style-scope ytd-masthead style-default']
22:25:53 [TestNG-test-Yt Master Tests-2] INFO  verifyingSideMenuCollapsedLangAsInSettingsLingua_22-21-21 - [verifyingSideMenuCollapsedLangAsInSettingsLingua_22-21-21] Waiting until element is visible in viewport
22:25:54 [TestNG-test-Yt Master Tests-2] INFO  verifyingSideMenuCollapsedLangAsInSettingsLingua_22-21-21 - Clicking settings ellipses button...
22:25:54 [TestNG-test-Yt Master Tests-2] INFO  verifyingSideMenuCollapsedLangAsInSettingsLingua_22-21-21 - [verifyingSideMenuCollapsedLangAsInSettingsLingua_22-21-21] Trying to find element: By.xpath: //ytd-topbar-menu-button-renderer[@class='style-scope ytd-masthead style-default']
22:25:54 [TestNG-test-Yt Master Tests-2] INFO  verifyingSideMenuCollapsedLangAsInSettingsLingua_22-21-21 - [verifyingSideMenuCollapsedLangAsInSettingsLingua_22-21-21] Element found and ready (attempt 1): By.xpath: //ytd-topbar-menu-button-renderer[@class='style-scope ytd-masthead style-default']
22:25:54 [TestNG-test-Yt Master Tests-2] INFO  verifyingSideMenuCollapsedLangAsInSettingsLingua_22-21-21 - getLangAttribute() - locating <html> and reading lang property
22:25:54 [TestNG-test-Yt Master Tests-2] INFO  verifyingSideMenuCollapsedLangAsInSettingsLingua_22-21-21 - Language attribute read: ar
22:25:54 [TestNG-test-Yt Master Tests-2] INFO  verifyingSideMenuCollapsedLangAsInSettingsLingua_22-21-21 - Fetching the side menu in collapsed view
22:25:54 [TestNG-test-Yt Master Tests-2] INFO  verifyingSideMenuCollapsedLangAsInSettingsLingua_22-21-21 - [verifyingSideMenuCollapsedLangAsInSettingsLingua_22-21-21] Finding elements list: By.xpath: //ytd-mini-guide-renderer[@class='style-scope ytd-app']//ytd-mini-guide-entry-renderer
22:25:54 [TestNG-test-Yt Master Tests-2] INFO  verifyingSideMenuCollapsedLangAsInSettingsLingua_22-21-21 - [verifyingSideMenuCollapsedLangAsInSettingsLingua_22-21-21] Found 4 ready elements (attempt 1): By.xpath: //ytd-mini-guide-renderer[@class='style-scope ytd-app']//ytd-mini-guide-entry-renderer
22:25:55 [TestNG-test-Yt Master Tests-2] INFO  verifyingSideMenuCollapsedLangAsInSettingsLingua_22-21-21 - 
========== LANGUAGE DETECTION ==========
Detected Language : ARABIC
Input Text        : الصفحة الرئيسية Shorts الاشتراكات أنت
========================================
22:25:55 [TestNG-test-Yt Master Tests-2] INFO  verifyingSideMenuCollapsedLangAsInSettingsLingua_22-21-21 - text sent to lingua is       الصفحة الرئيسية Shorts الاشتراكات أنت
22:25:55 [TestNG-test-Yt Master Tests-2] INFO  verifyingSideMenuCollapsedLangAsInSettingsLingua_22-21-21 - getLangAttribute() - locating <html> and reading lang property
22:25:55 [TestNG-test-Yt Master Tests-2] INFO  verifyingSideMenuCollapsedLangAsInSettingsLingua_22-21-21 - Language attribute read: ar
22:25:55 [TestNG-test-Yt Master Tests-2] INFO  verifyingSideMenuCollapsedLangAsInSettingsLingua_22-21-21 - Clicking settings ellipses button...
22:25:55 [TestNG-test-Yt Master Tests-2] INFO  verifyingSideMenuCollapsedLangAsInSettingsLingua_22-21-21 - [verifyingSideMenuCollapsedLangAsInSettingsLingua_22-21-21] Trying to find element: By.xpath: //ytd-topbar-menu-button-renderer[@class='style-scope ytd-masthead style-default']
22:25:55 [TestNG-test-Yt Master Tests-2] INFO  verifyingSideMenuCollapsedLangAsInSettingsLingua_22-21-21 - [verifyingSideMenuCollapsedLangAsInSettingsLingua_22-21-21] Element found and ready (attempt 1): By.xpath: //ytd-topbar-menu-button-renderer[@class='style-scope ytd-masthead style-default']
22:25:55 [TestNG-test-Yt Master Tests-2] INFO  verifyingSideMenuCollapsedLangAsInSettingsLingua_22-21-21 - Clicking language dropdown...
22:25:55 [TestNG-test-Yt Master Tests-2] INFO  verifyingSideMenuCollapsedLangAsInSettingsLingua_22-21-21 - [verifyingSideMenuCollapsedLangAsInSettingsLingua_22-21-21] Trying to find element: By.xpath: (//div[@id='content-icon'])[2]
22:25:56 [TestNG-test-Yt Master Tests-2] INFO  verifyingSideMenuCollapsedLangAsInSettingsLingua_22-21-21 - [verifyingSideMenuCollapsedLangAsInSettingsLingua_22-21-21] Element found and ready (attempt 1): By.xpath: (//div[@id='content-icon'])[2]
22:25:56 [TestNG-test-Yt Master Tests-2] INFO  verifyingSideMenuCollapsedLangAsInSettingsLingua_22-21-21 - Looking for language element with name: فارسی
22:25:56 [TestNG-test-Yt Master Tests-2] INFO  verifyingSideMenuCollapsedLangAsInSettingsLingua_22-21-21 - [verifyingSideMenuCollapsedLangAsInSettingsLingua_22-21-21] Trying to find element: By.xpath: //yt-multi-page-menu-section-renderer[@class='style-scope ytd-multi-page-menu-renderer']//yt-formatted-string[@id='label' and text()='فارسی']
22:25:57 [TestNG-test-Yt Master Tests-2] INFO  verifyingSideMenuCollapsedLangAsInSettingsLingua_22-21-21 - [verifyingSideMenuCollapsedLangAsInSettingsLingua_22-21-21] Element found and ready (attempt 1): By.xpath: //yt-multi-page-menu-section-renderer[@class='style-scope ytd-multi-page-menu-renderer']//yt-formatted-string[@id='label' and text()='فارسی']
22:25:57 [TestNG-test-Yt Master Tests-2] INFO  verifyingSideMenuCollapsedLangAsInSettingsLingua_22-21-21 - [verifyingSideMenuCollapsedLangAsInSettingsLingua_22-21-21] Trying to find element: By.xpath: //yt-multi-page-menu-section-renderer[@class='style-scope ytd-multi-page-menu-renderer']//yt-formatted-string[@id='label' and text()='فارسی']
22:25:57 [TestNG-test-Yt Master Tests-2] INFO  verifyingSideMenuCollapsedLangAsInSettingsLingua_22-21-21 - [verifyingSideMenuCollapsedLangAsInSettingsLingua_22-21-21] Element found and ready (attempt 1): By.xpath: //yt-multi-page-menu-section-renderer[@class='style-scope ytd-multi-page-menu-renderer']//yt-formatted-string[@id='label' and text()='فارسی']
22:25:59 [TestNG-test-Yt Master Tests-2] INFO  verifyingSideMenuCollapsedLangAsInSettingsLingua_22-21-21 - Clicking settings ellipses button...
22:25:59 [TestNG-test-Yt Master Tests-2] INFO  verifyingSideMenuCollapsedLangAsInSettingsLingua_22-21-21 - [verifyingSideMenuCollapsedLangAsInSettingsLingua_22-21-21] Trying to find element: By.xpath: //ytd-topbar-menu-button-renderer[@class='style-scope ytd-masthead style-default']
22:26:00 [TestNG-test-Yt Master Tests-2] INFO  verifyingSideMenuCollapsedLangAsInSettingsLingua_22-21-21 - [verifyingSideMenuCollapsedLangAsInSettingsLingua_22-21-21] Element found and ready (attempt 1): By.xpath: //ytd-topbar-menu-button-renderer[@class='style-scope ytd-masthead style-default']
22:26:00 [TestNG-test-Yt Master Tests-2] INFO  verifyingSideMenuCollapsedLangAsInSettingsLingua_22-21-21 - [verifyingSideMenuCollapsedLangAsInSettingsLingua_22-21-21] Waiting until element is visible in viewport
22:26:01 [TestNG-test-Yt Master Tests-2] INFO  verifyingSideMenuCollapsedLangAsInSettingsLingua_22-21-21 - Clicking settings ellipses button...
22:26:01 [TestNG-test-Yt Master Tests-2] INFO  verifyingSideMenuCollapsedLangAsInSettingsLingua_22-21-21 - [verifyingSideMenuCollapsedLangAsInSettingsLingua_22-21-21] Trying to find element: By.xpath: //ytd-topbar-menu-button-renderer[@class='style-scope ytd-masthead style-default']
22:26:01 [TestNG-test-Yt Master Tests-2] INFO  verifyingSideMenuCollapsedLangAsInSettingsLingua_22-21-21 - [verifyingSideMenuCollapsedLangAsInSettingsLingua_22-21-21] Element found and ready (attempt 1): By.xpath: //ytd-topbar-menu-button-renderer[@class='style-scope ytd-masthead style-default']
22:26:01 [TestNG-test-Yt Master Tests-2] INFO  verifyingSideMenuCollapsedLangAsInSettingsLingua_22-21-21 - getLangAttribute() - locating <html> and reading lang property
22:26:01 [TestNG-test-Yt Master Tests-2] INFO  verifyingSideMenuCollapsedLangAsInSettingsLingua_22-21-21 - Language attribute read: fa-IR
22:26:01 [TestNG-test-Yt Master Tests-2] INFO  verifyingSideMenuCollapsedLangAsInSettingsLingua_22-21-21 - Fetching the side menu in collapsed view
22:26:01 [TestNG-test-Yt Master Tests-2] INFO  verifyingSideMenuCollapsedLangAsInSettingsLingua_22-21-21 - [verifyingSideMenuCollapsedLangAsInSettingsLingua_22-21-21] Finding elements list: By.xpath: //ytd-mini-guide-renderer[@class='style-scope ytd-app']//ytd-mini-guide-entry-renderer
22:26:01 [TestNG-test-Yt Master Tests-2] INFO  verifyingSideMenuCollapsedLangAsInSettingsLingua_22-21-21 - [verifyingSideMenuCollapsedLangAsInSettingsLingua_22-21-21] Found 4 ready elements (attempt 1): By.xpath: //ytd-mini-guide-renderer[@class='style-scope ytd-app']//ytd-mini-guide-entry-renderer
22:26:01 [TestNG-test-Yt Master Tests-2] INFO  verifyingSideMenuCollapsedLangAsInSettingsLingua_22-21-21 - 
========== LANGUAGE DETECTION ==========
Detected Language : PERSIAN
Input Text        : صفحه اصلی کوته‌ویدیوها اشتراک‌ها شما
========================================
22:26:01 [TestNG-test-Yt Master Tests-2] INFO  verifyingSideMenuCollapsedLangAsInSettingsLingua_22-21-21 - text sent to lingua is       صفحه اصلی کوته‌ویدیوها اشتراک‌ها شما
22:26:01 [TestNG-test-Yt Master Tests-2] INFO  verifyingSideMenuCollapsedLangAsInSettingsLingua_22-21-21 - getLangAttribute() - locating <html> and reading lang property
22:26:01 [TestNG-test-Yt Master Tests-2] INFO  verifyingSideMenuCollapsedLangAsInSettingsLingua_22-21-21 - Language attribute read: fa-IR
22:26:01 [TestNG-test-Yt Master Tests-2] INFO  verifyingSideMenuCollapsedLangAsInSettingsLingua_22-21-21 - Clicking settings ellipses button...
22:26:01 [TestNG-test-Yt Master Tests-2] INFO  verifyingSideMenuCollapsedLangAsInSettingsLingua_22-21-21 - [verifyingSideMenuCollapsedLangAsInSettingsLingua_22-21-21] Trying to find element: By.xpath: //ytd-topbar-menu-button-renderer[@class='style-scope ytd-masthead style-default']
22:26:02 [TestNG-test-Yt Master Tests-2] INFO  verifyingSideMenuCollapsedLangAsInSettingsLingua_22-21-21 - [verifyingSideMenuCollapsedLangAsInSettingsLingua_22-21-21] Element found and ready (attempt 1): By.xpath: //ytd-topbar-menu-button-renderer[@class='style-scope ytd-masthead style-default']
22:26:02 [TestNG-test-Yt Master Tests-2] INFO  verifyingSideMenuCollapsedLangAsInSettingsLingua_22-21-21 - Clicking language dropdown...
22:26:02 [TestNG-test-Yt Master Tests-2] INFO  verifyingSideMenuCollapsedLangAsInSettingsLingua_22-21-21 - [verifyingSideMenuCollapsedLangAsInSettingsLingua_22-21-21] Trying to find element: By.xpath: (//div[@id='content-icon'])[2]
22:26:03 [TestNG-test-Yt Master Tests-2] INFO  verifyingSideMenuCollapsedLangAsInSettingsLingua_22-21-21 - [verifyingSideMenuCollapsedLangAsInSettingsLingua_22-21-21] Element found and ready (attempt 1): By.xpath: (//div[@id='content-icon'])[2]
22:26:03 [TestNG-test-Yt Master Tests-2] INFO  verifyingSideMenuCollapsedLangAsInSettingsLingua_22-21-21 - Looking for language element with name: हिन्दी
22:26:03 [TestNG-test-Yt Master Tests-2] INFO  verifyingSideMenuCollapsedLangAsInSettingsLingua_22-21-21 - [verifyingSideMenuCollapsedLangAsInSettingsLingua_22-21-21] Trying to find element: By.xpath: //yt-multi-page-menu-section-renderer[@class='style-scope ytd-multi-page-menu-renderer']//yt-formatted-string[@id='label' and text()='हिन्दी']
22:26:04 [TestNG-test-Yt Master Tests-2] INFO  verifyingSideMenuCollapsedLangAsInSettingsLingua_22-21-21 - [verifyingSideMenuCollapsedLangAsInSettingsLingua_22-21-21] Element found and ready (attempt 1): By.xpath: //yt-multi-page-menu-section-renderer[@class='style-scope ytd-multi-page-menu-renderer']//yt-formatted-string[@id='label' and text()='हिन्दी']
22:26:04 [TestNG-test-Yt Master Tests-2] INFO  verifyingSideMenuCollapsedLangAsInSettingsLingua_22-21-21 - [verifyingSideMenuCollapsedLangAsInSettingsLingua_22-21-21] Trying to find element: By.xpath: //yt-multi-page-menu-section-renderer[@class='style-scope ytd-multi-page-menu-renderer']//yt-formatted-string[@id='label' and text()='हिन्दी']
22:26:04 [TestNG-test-Yt Master Tests-2] INFO  verifyingSideMenuCollapsedLangAsInSettingsLingua_22-21-21 - [verifyingSideMenuCollapsedLangAsInSettingsLingua_22-21-21] Element found and ready (attempt 1): By.xpath: //yt-multi-page-menu-section-renderer[@class='style-scope ytd-multi-page-menu-renderer']//yt-formatted-string[@id='label' and text()='हिन्दी']
22:26:07 [TestNG-test-Yt Master Tests-2] INFO  verifyingSideMenuCollapsedLangAsInSettingsLingua_22-21-21 - Clicking settings ellipses button...
22:26:07 [TestNG-test-Yt Master Tests-2] INFO  verifyingSideMenuCollapsedLangAsInSettingsLingua_22-21-21 - [verifyingSideMenuCollapsedLangAsInSettingsLingua_22-21-21] Trying to find element: By.xpath: //ytd-topbar-menu-button-renderer[@class='style-scope ytd-masthead style-default']
22:26:07 [TestNG-test-Yt Master Tests-2] INFO  verifyingSideMenuCollapsedLangAsInSettingsLingua_22-21-21 - [verifyingSideMenuCollapsedLangAsInSettingsLingua_22-21-21] Element found and ready (attempt 1): By.xpath: //ytd-topbar-menu-button-renderer[@class='style-scope ytd-masthead style-default']
22:26:08 [TestNG-test-Yt Master Tests-2] INFO  verifyingSideMenuCollapsedLangAsInSettingsLingua_22-21-21 - [verifyingSideMenuCollapsedLangAsInSettingsLingua_22-21-21] Waiting until element is visible in viewport
22:26:09 [TestNG-test-Yt Master Tests-2] INFO  verifyingSideMenuCollapsedLangAsInSettingsLingua_22-21-21 - Clicking settings ellipses button...
22:26:09 [TestNG-test-Yt Master Tests-2] INFO  verifyingSideMenuCollapsedLangAsInSettingsLingua_22-21-21 - [verifyingSideMenuCollapsedLangAsInSettingsLingua_22-21-21] Trying to find element: By.xpath: //ytd-topbar-menu-button-renderer[@class='style-scope ytd-masthead style-default']
22:26:09 [TestNG-test-Yt Master Tests-2] INFO  verifyingSideMenuCollapsedLangAsInSettingsLingua_22-21-21 - [verifyingSideMenuCollapsedLangAsInSettingsLingua_22-21-21] Element found and ready (attempt 1): By.xpath: //ytd-topbar-menu-button-renderer[@class='style-scope ytd-masthead style-default']
22:26:09 [TestNG-test-Yt Master Tests-2] INFO  verifyingSideMenuCollapsedLangAsInSettingsLingua_22-21-21 - getLangAttribute() - locating <html> and reading lang property
22:26:09 [TestNG-test-Yt Master Tests-2] INFO  verifyingSideMenuCollapsedLangAsInSettingsLingua_22-21-21 - Language attribute read: hi-IN
22:26:09 [TestNG-test-Yt Master Tests-2] INFO  verifyingSideMenuCollapsedLangAsInSettingsLingua_22-21-21 - Fetching the side menu in collapsed view
22:26:09 [TestNG-test-Yt Master Tests-2] INFO  verifyingSideMenuCollapsedLangAsInSettingsLingua_22-21-21 - [verifyingSideMenuCollapsedLangAsInSettingsLingua_22-21-21] Finding elements list: By.xpath: //ytd-mini-guide-renderer[@class='style-scope ytd-app']//ytd-mini-guide-entry-renderer
22:26:09 [TestNG-test-Yt Master Tests-2] INFO  verifyingSideMenuCollapsedLangAsInSettingsLingua_22-21-21 - [verifyingSideMenuCollapsedLangAsInSettingsLingua_22-21-21] Found 4 ready elements (attempt 1): By.xpath: //ytd-mini-guide-renderer[@class='style-scope ytd-app']//ytd-mini-guide-entry-renderer
22:26:09 [TestNG-test-Yt Master Tests-2] INFO  verifyingSideMenuCollapsedLangAsInSettingsLingua_22-21-21 - 
========== LANGUAGE DETECTION ==========
Detected Language : HINDI
Input Text        : होम पेज Shorts सदस्यता आप
========================================
22:26:09 [TestNG-test-Yt Master Tests-2] INFO  verifyingSideMenuCollapsedLangAsInSettingsLingua_22-21-21 - text sent to lingua is       होम पेज Shorts सदस्यता आप
22:26:09 [TestNG-test-Yt Master Tests-2] INFO  verifyingSideMenuCollapsedLangAsInSettingsLingua_22-21-21 - getLangAttribute() - locating <html> and reading lang property
22:26:09 [TestNG-test-Yt Master Tests-2] INFO  verifyingSideMenuCollapsedLangAsInSettingsLingua_22-21-21 - Language attribute read: hi-IN
22:26:09 [TestNG-test-Yt Master Tests-2] INFO  verifyingSideMenuCollapsedLangAsInSettingsLingua_22-21-21 - Clicking settings ellipses button...
22:26:09 [TestNG-test-Yt Master Tests-2] INFO  verifyingSideMenuCollapsedLangAsInSettingsLingua_22-21-21 - [verifyingSideMenuCollapsedLangAsInSettingsLingua_22-21-21] Trying to find element: By.xpath: //ytd-topbar-menu-button-renderer[@class='style-scope ytd-masthead style-default']
22:26:09 [TestNG-test-Yt Master Tests-2] INFO  verifyingSideMenuCollapsedLangAsInSettingsLingua_22-21-21 - [verifyingSideMenuCollapsedLangAsInSettingsLingua_22-21-21] Element found and ready (attempt 1): By.xpath: //ytd-topbar-menu-button-renderer[@class='style-scope ytd-masthead style-default']
22:26:09 [TestNG-test-Yt Master Tests-2] INFO  verifyingSideMenuCollapsedLangAsInSettingsLingua_22-21-21 - Clicking language dropdown...
22:26:09 [TestNG-test-Yt Master Tests-2] INFO  verifyingSideMenuCollapsedLangAsInSettingsLingua_22-21-21 - [verifyingSideMenuCollapsedLangAsInSettingsLingua_22-21-21] Trying to find element: By.xpath: (//div[@id='content-icon'])[2]
22:26:09 [TestNG-test-Yt Master Tests-2] INFO  verifyingSideMenuCollapsedLangAsInSettingsLingua_22-21-21 - [verifyingSideMenuCollapsedLangAsInSettingsLingua_22-21-21] Element found and ready (attempt 1): By.xpath: (//div[@id='content-icon'])[2]
22:26:10 [TestNG-test-Yt Master Tests-2] INFO  verifyingSideMenuCollapsedLangAsInSettingsLingua_22-21-21 - Looking for language element with name: বাংলা
22:26:10 [TestNG-test-Yt Master Tests-2] INFO  verifyingSideMenuCollapsedLangAsInSettingsLingua_22-21-21 - [verifyingSideMenuCollapsedLangAsInSettingsLingua_22-21-21] Trying to find element: By.xpath: //yt-multi-page-menu-section-renderer[@class='style-scope ytd-multi-page-menu-renderer']//yt-formatted-string[@id='label' and text()='বাংলা']
22:26:10 [TestNG-test-Yt Master Tests-2] INFO  verifyingSideMenuCollapsedLangAsInSettingsLingua_22-21-21 - [verifyingSideMenuCollapsedLangAsInSettingsLingua_22-21-21] Element found and ready (attempt 1): By.xpath: //yt-multi-page-menu-section-renderer[@class='style-scope ytd-multi-page-menu-renderer']//yt-formatted-string[@id='label' and text()='বাংলা']
22:26:10 [TestNG-test-Yt Master Tests-2] INFO  verifyingSideMenuCollapsedLangAsInSettingsLingua_22-21-21 - [verifyingSideMenuCollapsedLangAsInSettingsLingua_22-21-21] Trying to find element: By.xpath: //yt-multi-page-menu-section-renderer[@class='style-scope ytd-multi-page-menu-renderer']//yt-formatted-string[@id='label' and text()='বাংলা']
22:26:10 [TestNG-test-Yt Master Tests-2] INFO  verifyingSideMenuCollapsedLangAsInSettingsLingua_22-21-21 - [verifyingSideMenuCollapsedLangAsInSettingsLingua_22-21-21] Element found and ready (attempt 1): By.xpath: //yt-multi-page-menu-section-renderer[@class='style-scope ytd-multi-page-menu-renderer']//yt-formatted-string[@id='label' and text()='বাংলা']
22:26:13 [TestNG-test-Yt Master Tests-2] INFO  verifyingSideMenuCollapsedLangAsInSettingsLingua_22-21-21 - Clicking settings ellipses button...
22:26:13 [TestNG-test-Yt Master Tests-2] INFO  verifyingSideMenuCollapsedLangAsInSettingsLingua_22-21-21 - [verifyingSideMenuCollapsedLangAsInSettingsLingua_22-21-21] Trying to find element: By.xpath: //ytd-topbar-menu-button-renderer[@class='style-scope ytd-masthead style-default']
22:26:13 [TestNG-test-Yt Master Tests-2] INFO  verifyingSideMenuCollapsedLangAsInSettingsLingua_22-21-21 - [verifyingSideMenuCollapsedLangAsInSettingsLingua_22-21-21] Element found and ready (attempt 1): By.xpath: //ytd-topbar-menu-button-renderer[@class='style-scope ytd-masthead style-default']
22:26:14 [TestNG-test-Yt Master Tests-2] INFO  verifyingSideMenuCollapsedLangAsInSettingsLingua_22-21-21 - [verifyingSideMenuCollapsedLangAsInSettingsLingua_22-21-21] Waiting until element is visible in viewport
22:26:15 [TestNG-test-Yt Master Tests-2] INFO  verifyingSideMenuCollapsedLangAsInSettingsLingua_22-21-21 - Clicking settings ellipses button...
22:26:15 [TestNG-test-Yt Master Tests-2] INFO  verifyingSideMenuCollapsedLangAsInSettingsLingua_22-21-21 - [verifyingSideMenuCollapsedLangAsInSettingsLingua_22-21-21] Trying to find element: By.xpath: //ytd-topbar-menu-button-renderer[@class='style-scope ytd-masthead style-default']
22:26:15 [TestNG-test-Yt Master Tests-2] INFO  verifyingSideMenuCollapsedLangAsInSettingsLingua_22-21-21 - [verifyingSideMenuCollapsedLangAsInSettingsLingua_22-21-21] Element found and ready (attempt 1): By.xpath: //ytd-topbar-menu-button-renderer[@class='style-scope ytd-masthead style-default']
22:26:15 [TestNG-test-Yt Master Tests-2] INFO  verifyingSideMenuCollapsedLangAsInSettingsLingua_22-21-21 - getLangAttribute() - locating <html> and reading lang property
22:26:15 [TestNG-test-Yt Master Tests-2] INFO  verifyingSideMenuCollapsedLangAsInSettingsLingua_22-21-21 - Language attribute read: bn-BD
22:26:15 [TestNG-test-Yt Master Tests-2] INFO  verifyingSideMenuCollapsedLangAsInSettingsLingua_22-21-21 - Fetching the side menu in collapsed view
22:26:15 [TestNG-test-Yt Master Tests-2] INFO  verifyingSideMenuCollapsedLangAsInSettingsLingua_22-21-21 - [verifyingSideMenuCollapsedLangAsInSettingsLingua_22-21-21] Finding elements list: By.xpath: //ytd-mini-guide-renderer[@class='style-scope ytd-app']//ytd-mini-guide-entry-renderer
22:26:15 [TestNG-test-Yt Master Tests-2] INFO  verifyingSideMenuCollapsedLangAsInSettingsLingua_22-21-21 - [verifyingSideMenuCollapsedLangAsInSettingsLingua_22-21-21] Found 4 ready elements (attempt 1): By.xpath: //ytd-mini-guide-renderer[@class='style-scope ytd-app']//ytd-mini-guide-entry-renderer
22:26:15 [TestNG-test-Yt Master Tests-2] INFO  verifyingSideMenuCollapsedLangAsInSettingsLingua_22-21-21 - 
========== LANGUAGE DETECTION ==========
Detected Language : BENGALI
Input Text        : হোম Shorts সাবস্ক্রিপশন আপনি
========================================
22:26:15 [TestNG-test-Yt Master Tests-2] INFO  verifyingSideMenuCollapsedLangAsInSettingsLingua_22-21-21 - text sent to lingua is       হোম Shorts সাবস্ক্রিপশন আপনি
22:26:15 [TestNG-test-Yt Master Tests-2] INFO  verifyingSideMenuCollapsedLangAsInSettingsLingua_22-21-21 - getLangAttribute() - locating <html> and reading lang property
22:26:15 [TestNG-test-Yt Master Tests-2] INFO  verifyingSideMenuCollapsedLangAsInSettingsLingua_22-21-21 - Language attribute read: bn-BD
22:26:15 [TestNG-test-Yt Master Tests-2] INFO  verifyingSideMenuCollapsedLangAsInSettingsLingua_22-21-21 - Clicking settings ellipses button...
22:26:15 [TestNG-test-Yt Master Tests-2] INFO  verifyingSideMenuCollapsedLangAsInSettingsLingua_22-21-21 - [verifyingSideMenuCollapsedLangAsInSettingsLingua_22-21-21] Trying to find element: By.xpath: //ytd-topbar-menu-button-renderer[@class='style-scope ytd-masthead style-default']
22:26:15 [TestNG-test-Yt Master Tests-2] INFO  verifyingSideMenuCollapsedLangAsInSettingsLingua_22-21-21 - [verifyingSideMenuCollapsedLangAsInSettingsLingua_22-21-21] Element found and ready (attempt 1): By.xpath: //ytd-topbar-menu-button-renderer[@class='style-scope ytd-masthead style-default']
22:26:15 [TestNG-test-Yt Master Tests-2] INFO  verifyingSideMenuCollapsedLangAsInSettingsLingua_22-21-21 - Clicking language dropdown...
22:26:15 [TestNG-test-Yt Master Tests-2] INFO  verifyingSideMenuCollapsedLangAsInSettingsLingua_22-21-21 - [verifyingSideMenuCollapsedLangAsInSettingsLingua_22-21-21] Trying to find element: By.xpath: (//div[@id='content-icon'])[2]
22:26:16 [TestNG-test-Yt Master Tests-2] INFO  verifyingSideMenuCollapsedLangAsInSettingsLingua_22-21-21 - [verifyingSideMenuCollapsedLangAsInSettingsLingua_22-21-21] Element found and ready (attempt 1): By.xpath: (//div[@id='content-icon'])[2]
22:26:17 [TestNG-test-Yt Master Tests-2] INFO  verifyingSideMenuCollapsedLangAsInSettingsLingua_22-21-21 - Looking for language element with name: ਪੰਜਾਬੀ
22:26:17 [TestNG-test-Yt Master Tests-2] INFO  verifyingSideMenuCollapsedLangAsInSettingsLingua_22-21-21 - [verifyingSideMenuCollapsedLangAsInSettingsLingua_22-21-21] Trying to find element: By.xpath: //yt-multi-page-menu-section-renderer[@class='style-scope ytd-multi-page-menu-renderer']//yt-formatted-string[@id='label' and text()='ਪੰਜਾਬੀ']
22:26:18 [TestNG-test-Yt Master Tests-2] INFO  verifyingSideMenuCollapsedLangAsInSettingsLingua_22-21-21 - [verifyingSideMenuCollapsedLangAsInSettingsLingua_22-21-21] Element found and ready (attempt 1): By.xpath: //yt-multi-page-menu-section-renderer[@class='style-scope ytd-multi-page-menu-renderer']//yt-formatted-string[@id='label' and text()='ਪੰਜਾਬੀ']
22:26:18 [TestNG-test-Yt Master Tests-2] INFO  verifyingSideMenuCollapsedLangAsInSettingsLingua_22-21-21 - [verifyingSideMenuCollapsedLangAsInSettingsLingua_22-21-21] Trying to find element: By.xpath: //yt-multi-page-menu-section-renderer[@class='style-scope ytd-multi-page-menu-renderer']//yt-formatted-string[@id='label' and text()='ਪੰਜਾਬੀ']
22:26:18 [TestNG-test-Yt Master Tests-2] INFO  verifyingSideMenuCollapsedLangAsInSettingsLingua_22-21-21 - [verifyingSideMenuCollapsedLangAsInSettingsLingua_22-21-21] Element found and ready (attempt 1): By.xpath: //yt-multi-page-menu-section-renderer[@class='style-scope ytd-multi-page-menu-renderer']//yt-formatted-string[@id='label' and text()='ਪੰਜਾਬੀ']
22:26:20 [TestNG-test-Yt Master Tests-2] INFO  verifyingSideMenuCollapsedLangAsInSettingsLingua_22-21-21 - Clicking settings ellipses button...
22:26:21 [TestNG-test-Yt Master Tests-2] INFO  verifyingSideMenuCollapsedLangAsInSettingsLingua_22-21-21 - [verifyingSideMenuCollapsedLangAsInSettingsLingua_22-21-21] Trying to find element: By.xpath: //ytd-topbar-menu-button-renderer[@class='style-scope ytd-masthead style-default']
22:26:22 [TestNG-test-Yt Master Tests-2] INFO  verifyingSideMenuCollapsedLangAsInSettingsLingua_22-21-21 - [verifyingSideMenuCollapsedLangAsInSettingsLingua_22-21-21] Element found and ready (attempt 1): By.xpath: //ytd-topbar-menu-button-renderer[@class='style-scope ytd-masthead style-default']
22:26:22 [TestNG-test-Yt Master Tests-2] INFO  verifyingSideMenuCollapsedLangAsInSettingsLingua_22-21-21 - [verifyingSideMenuCollapsedLangAsInSettingsLingua_22-21-21] Waiting until element is visible in viewport
22:26:22 [TestNG-test-Yt Master Tests-2] INFO  verifyingSideMenuCollapsedLangAsInSettingsLingua_22-21-21 - Clicking settings ellipses button...
22:26:22 [TestNG-test-Yt Master Tests-2] INFO  verifyingSideMenuCollapsedLangAsInSettingsLingua_22-21-21 - [verifyingSideMenuCollapsedLangAsInSettingsLingua_22-21-21] Trying to find element: By.xpath: //ytd-topbar-menu-button-renderer[@class='style-scope ytd-masthead style-default']
22:26:22 [TestNG-test-Yt Master Tests-2] INFO  verifyingSideMenuCollapsedLangAsInSettingsLingua_22-21-21 - [verifyingSideMenuCollapsedLangAsInSettingsLingua_22-21-21] Element found and ready (attempt 1): By.xpath: //ytd-topbar-menu-button-renderer[@class='style-scope ytd-masthead style-default']
22:26:23 [TestNG-test-Yt Master Tests-2] INFO  verifyingSideMenuCollapsedLangAsInSettingsLingua_22-21-21 - getLangAttribute() - locating <html> and reading lang property
22:26:23 [TestNG-test-Yt Master Tests-2] INFO  verifyingSideMenuCollapsedLangAsInSettingsLingua_22-21-21 - Language attribute read: pa-Guru-IN
22:26:23 [TestNG-test-Yt Master Tests-2] INFO  verifyingSideMenuCollapsedLangAsInSettingsLingua_22-21-21 - Fetching the side menu in collapsed view
22:26:23 [TestNG-test-Yt Master Tests-2] INFO  verifyingSideMenuCollapsedLangAsInSettingsLingua_22-21-21 - [verifyingSideMenuCollapsedLangAsInSettingsLingua_22-21-21] Finding elements list: By.xpath: //ytd-mini-guide-renderer[@class='style-scope ytd-app']//ytd-mini-guide-entry-renderer
22:26:23 [TestNG-test-Yt Master Tests-2] INFO  verifyingSideMenuCollapsedLangAsInSettingsLingua_22-21-21 - [verifyingSideMenuCollapsedLangAsInSettingsLingua_22-21-21] Found 4 ready elements (attempt 1): By.xpath: //ytd-mini-guide-renderer[@class='style-scope ytd-app']//ytd-mini-guide-entry-renderer
22:26:23 [TestNG-test-Yt Master Tests-2] INFO  verifyingSideMenuCollapsedLangAsInSettingsLingua_22-21-21 - 
========== LANGUAGE DETECTION ==========
Detected Language : PUNJABI
Input Text        : ਹੋਮ Shorts ਸਬਸਕ੍ਰਿਪਸ਼ਨਾਂ ਤੁਸੀਂ
========================================
22:26:23 [TestNG-test-Yt Master Tests-2] INFO  verifyingSideMenuCollapsedLangAsInSettingsLingua_22-21-21 - text sent to lingua is       ਹੋਮ Shorts ਸਬਸਕ੍ਰਿਪਸ਼ਨਾਂ ਤੁਸੀਂ
22:26:23 [TestNG-test-Yt Master Tests-2] INFO  verifyingSideMenuCollapsedLangAsInSettingsLingua_22-21-21 - getLangAttribute() - locating <html> and reading lang property
22:26:23 [TestNG-test-Yt Master Tests-2] INFO  verifyingSideMenuCollapsedLangAsInSettingsLingua_22-21-21 - Language attribute read: pa-Guru-IN
22:26:23 [TestNG-test-Yt Master Tests-2] INFO  verifyingSideMenuCollapsedLangAsInSettingsLingua_22-21-21 - Clicking settings ellipses button...
22:26:23 [TestNG-test-Yt Master Tests-2] INFO  verifyingSideMenuCollapsedLangAsInSettingsLingua_22-21-21 - [verifyingSideMenuCollapsedLangAsInSettingsLingua_22-21-21] Trying to find element: By.xpath: //ytd-topbar-menu-button-renderer[@class='style-scope ytd-masthead style-default']
22:26:23 [TestNG-test-Yt Master Tests-2] INFO  verifyingSideMenuCollapsedLangAsInSettingsLingua_22-21-21 - [verifyingSideMenuCollapsedLangAsInSettingsLingua_22-21-21] Element found and ready (attempt 1): By.xpath: //ytd-topbar-menu-button-renderer[@class='style-scope ytd-masthead style-default']
22:26:23 [TestNG-test-Yt Master Tests-2] INFO  verifyingSideMenuCollapsedLangAsInSettingsLingua_22-21-21 - Clicking language dropdown...
22:26:23 [TestNG-test-Yt Master Tests-2] INFO  verifyingSideMenuCollapsedLangAsInSettingsLingua_22-21-21 - [verifyingSideMenuCollapsedLangAsInSettingsLingua_22-21-21] Trying to find element: By.xpath: (//div[@id='content-icon'])[2]
22:26:24 [TestNG-test-Yt Master Tests-2] INFO  verifyingSideMenuCollapsedLangAsInSettingsLingua_22-21-21 - [verifyingSideMenuCollapsedLangAsInSettingsLingua_22-21-21] Element found and ready (attempt 1): By.xpath: (//div[@id='content-icon'])[2]
22:26:25 [TestNG-test-Yt Master Tests-2] INFO  verifyingSideMenuCollapsedLangAsInSettingsLingua_22-21-21 - Looking for language element with name: ગુજરાતી
22:26:25 [TestNG-test-Yt Master Tests-2] INFO  verifyingSideMenuCollapsedLangAsInSettingsLingua_22-21-21 - [verifyingSideMenuCollapsedLangAsInSettingsLingua_22-21-21] Trying to find element: By.xpath: //yt-multi-page-menu-section-renderer[@class='style-scope ytd-multi-page-menu-renderer']//yt-formatted-string[@id='label' and text()='ગુજરાતી']
22:26:25 [TestNG-test-Yt Master Tests-2] INFO  verifyingSideMenuCollapsedLangAsInSettingsLingua_22-21-21 - [verifyingSideMenuCollapsedLangAsInSettingsLingua_22-21-21] Element found and ready (attempt 1): By.xpath: //yt-multi-page-menu-section-renderer[@class='style-scope ytd-multi-page-menu-renderer']//yt-formatted-string[@id='label' and text()='ગુજરાતી']
22:26:25 [TestNG-test-Yt Master Tests-2] INFO  verifyingSideMenuCollapsedLangAsInSettingsLingua_22-21-21 - [verifyingSideMenuCollapsedLangAsInSettingsLingua_22-21-21] Trying to find element: By.xpath: //yt-multi-page-menu-section-renderer[@class='style-scope ytd-multi-page-menu-renderer']//yt-formatted-string[@id='label' and text()='ગુજરાતી']
22:26:25 [TestNG-test-Yt Master Tests-2] INFO  verifyingSideMenuCollapsedLangAsInSettingsLingua_22-21-21 - [verifyingSideMenuCollapsedLangAsInSettingsLingua_22-21-21] Element found and ready (attempt 1): By.xpath: //yt-multi-page-menu-section-renderer[@class='style-scope ytd-multi-page-menu-renderer']//yt-formatted-string[@id='label' and text()='ગુજરાતી']
22:26:26 [TestNG-test-Yt Master Tests-2] INFO  verifyingSideMenuCollapsedLangAsInSettingsLingua_22-21-21 - Clicking settings ellipses button...
22:26:27 [TestNG-test-Yt Master Tests-2] INFO  verifyingSideMenuCollapsedLangAsInSettingsLingua_22-21-21 - [verifyingSideMenuCollapsedLangAsInSettingsLingua_22-21-21] Trying to find element: By.xpath: //ytd-topbar-menu-button-renderer[@class='style-scope ytd-masthead style-default']
22:26:27 [TestNG-test-Yt Master Tests-2] INFO  verifyingSideMenuCollapsedLangAsInSettingsLingua_22-21-21 - [verifyingSideMenuCollapsedLangAsInSettingsLingua_22-21-21] Element found and ready (attempt 1): By.xpath: //ytd-topbar-menu-button-renderer[@class='style-scope ytd-masthead style-default']
22:26:28 [TestNG-test-Yt Master Tests-2] INFO  verifyingSideMenuCollapsedLangAsInSettingsLingua_22-21-21 - [verifyingSideMenuCollapsedLangAsInSettingsLingua_22-21-21] Waiting until element is visible in viewport
22:26:29 [TestNG-test-Yt Master Tests-2] INFO  verifyingSideMenuCollapsedLangAsInSettingsLingua_22-21-21 - Clicking settings ellipses button...
22:26:29 [TestNG-test-Yt Master Tests-2] INFO  verifyingSideMenuCollapsedLangAsInSettingsLingua_22-21-21 - [verifyingSideMenuCollapsedLangAsInSettingsLingua_22-21-21] Trying to find element: By.xpath: //ytd-topbar-menu-button-renderer[@class='style-scope ytd-masthead style-default']
22:26:29 [TestNG-test-Yt Master Tests-2] INFO  verifyingSideMenuCollapsedLangAsInSettingsLingua_22-21-21 - [verifyingSideMenuCollapsedLangAsInSettingsLingua_22-21-21] Element found and ready (attempt 1): By.xpath: //ytd-topbar-menu-button-renderer[@class='style-scope ytd-masthead style-default']
22:26:29 [TestNG-test-Yt Master Tests-2] INFO  verifyingSideMenuCollapsedLangAsInSettingsLingua_22-21-21 - getLangAttribute() - locating <html> and reading lang property
22:26:29 [TestNG-test-Yt Master Tests-2] INFO  verifyingSideMenuCollapsedLangAsInSettingsLingua_22-21-21 - Language attribute read: gu-IN
22:26:29 [TestNG-test-Yt Master Tests-2] INFO  verifyingSideMenuCollapsedLangAsInSettingsLingua_22-21-21 - Fetching the side menu in collapsed view
22:26:29 [TestNG-test-Yt Master Tests-2] INFO  verifyingSideMenuCollapsedLangAsInSettingsLingua_22-21-21 - [verifyingSideMenuCollapsedLangAsInSettingsLingua_22-21-21] Finding elements list: By.xpath: //ytd-mini-guide-renderer[@class='style-scope ytd-app']//ytd-mini-guide-entry-renderer
22:26:29 [TestNG-test-Yt Master Tests-2] INFO  verifyingSideMenuCollapsedLangAsInSettingsLingua_22-21-21 - [verifyingSideMenuCollapsedLangAsInSettingsLingua_22-21-21] Found 4 ready elements (attempt 1): By.xpath: //ytd-mini-guide-renderer[@class='style-scope ytd-app']//ytd-mini-guide-entry-renderer
22:26:29 [TestNG-test-Yt Master Tests-2] INFO  verifyingSideMenuCollapsedLangAsInSettingsLingua_22-21-21 - 
========== LANGUAGE DETECTION ==========
Detected Language : GUJARATI
Input Text        : હોમ Shorts સબ્સ્ક્રિપ્શન તમે
========================================
22:26:29 [TestNG-test-Yt Master Tests-2] INFO  verifyingSideMenuCollapsedLangAsInSettingsLingua_22-21-21 - text sent to lingua is       હોમ Shorts સબ્સ્ક્રિપ્શન તમે
22:26:29 [TestNG-test-Yt Master Tests-2] INFO  verifyingSideMenuCollapsedLangAsInSettingsLingua_22-21-21 - getLangAttribute() - locating <html> and reading lang property
22:26:29 [TestNG-test-Yt Master Tests-2] INFO  verifyingSideMenuCollapsedLangAsInSettingsLingua_22-21-21 - Language attribute read: gu-IN
22:26:29 [TestNG-test-Yt Master Tests-2] INFO  verifyingSideMenuCollapsedLangAsInSettingsLingua_22-21-21 - Clicking settings ellipses button...
22:26:29 [TestNG-test-Yt Master Tests-2] INFO  verifyingSideMenuCollapsedLangAsInSettingsLingua_22-21-21 - [verifyingSideMenuCollapsedLangAsInSettingsLingua_22-21-21] Trying to find element: By.xpath: //ytd-topbar-menu-button-renderer[@class='style-scope ytd-masthead style-default']
22:26:29 [TestNG-test-Yt Master Tests-2] INFO  verifyingSideMenuCollapsedLangAsInSettingsLingua_22-21-21 - [verifyingSideMenuCollapsedLangAsInSettingsLingua_22-21-21] Element found and ready (attempt 1): By.xpath: //ytd-topbar-menu-button-renderer[@class='style-scope ytd-masthead style-default']
22:26:30 [TestNG-test-Yt Master Tests-2] INFO  verifyingSideMenuCollapsedLangAsInSettingsLingua_22-21-21 - Clicking language dropdown...
22:26:30 [TestNG-test-Yt Master Tests-2] INFO  verifyingSideMenuCollapsedLangAsInSettingsLingua_22-21-21 - [verifyingSideMenuCollapsedLangAsInSettingsLingua_22-21-21] Trying to find element: By.xpath: (//div[@id='content-icon'])[2]
22:26:30 [TestNG-test-Yt Master Tests-2] INFO  verifyingSideMenuCollapsedLangAsInSettingsLingua_22-21-21 - [verifyingSideMenuCollapsedLangAsInSettingsLingua_22-21-21] Element found and ready (attempt 1): By.xpath: (//div[@id='content-icon'])[2]
22:26:31 [TestNG-test-Yt Master Tests-2] INFO  verifyingSideMenuCollapsedLangAsInSettingsLingua_22-21-21 - Looking for language element with name: தமிழ்
22:26:31 [TestNG-test-Yt Master Tests-2] INFO  verifyingSideMenuCollapsedLangAsInSettingsLingua_22-21-21 - [verifyingSideMenuCollapsedLangAsInSettingsLingua_22-21-21] Trying to find element: By.xpath: //yt-multi-page-menu-section-renderer[@class='style-scope ytd-multi-page-menu-renderer']//yt-formatted-string[@id='label' and text()='தமிழ்']
22:26:31 [TestNG-test-Yt Master Tests-2] INFO  verifyingSideMenuCollapsedLangAsInSettingsLingua_22-21-21 - [verifyingSideMenuCollapsedLangAsInSettingsLingua_22-21-21] Element found and ready (attempt 1): By.xpath: //yt-multi-page-menu-section-renderer[@class='style-scope ytd-multi-page-menu-renderer']//yt-formatted-string[@id='label' and text()='தமிழ்']
22:26:31 [TestNG-test-Yt Master Tests-2] INFO  verifyingSideMenuCollapsedLangAsInSettingsLingua_22-21-21 - [verifyingSideMenuCollapsedLangAsInSettingsLingua_22-21-21] Trying to find element: By.xpath: //yt-multi-page-menu-section-renderer[@class='style-scope ytd-multi-page-menu-renderer']//yt-formatted-string[@id='label' and text()='தமிழ்']
22:26:31 [TestNG-test-Yt Master Tests-2] INFO  verifyingSideMenuCollapsedLangAsInSettingsLingua_22-21-21 - [verifyingSideMenuCollapsedLangAsInSettingsLingua_22-21-21] Element found and ready (attempt 1): By.xpath: //yt-multi-page-menu-section-renderer[@class='style-scope ytd-multi-page-menu-renderer']//yt-formatted-string[@id='label' and text()='தமிழ்']
22:26:33 [TestNG-test-Yt Master Tests-2] INFO  verifyingSideMenuCollapsedLangAsInSettingsLingua_22-21-21 - Clicking settings ellipses button...
22:26:33 [TestNG-test-Yt Master Tests-2] INFO  verifyingSideMenuCollapsedLangAsInSettingsLingua_22-21-21 - [verifyingSideMenuCollapsedLangAsInSettingsLingua_22-21-21] Trying to find element: By.xpath: //ytd-topbar-menu-button-renderer[@class='style-scope ytd-masthead style-default']
22:26:34 [TestNG-test-Yt Master Tests-2] INFO  verifyingSideMenuCollapsedLangAsInSettingsLingua_22-21-21 - [verifyingSideMenuCollapsedLangAsInSettingsLingua_22-21-21] Element found and ready (attempt 1): By.xpath: //ytd-topbar-menu-button-renderer[@class='style-scope ytd-masthead style-default']
22:26:35 [TestNG-test-Yt Master Tests-2] INFO  verifyingSideMenuCollapsedLangAsInSettingsLingua_22-21-21 - [verifyingSideMenuCollapsedLangAsInSettingsLingua_22-21-21] Waiting until element is visible in viewport
22:26:35 [TestNG-test-Yt Master Tests-2] INFO  verifyingSideMenuCollapsedLangAsInSettingsLingua_22-21-21 - Clicking settings ellipses button...
22:26:35 [TestNG-test-Yt Master Tests-2] INFO  verifyingSideMenuCollapsedLangAsInSettingsLingua_22-21-21 - [verifyingSideMenuCollapsedLangAsInSettingsLingua_22-21-21] Trying to find element: By.xpath: //ytd-topbar-menu-button-renderer[@class='style-scope ytd-masthead style-default']
22:26:35 [TestNG-test-Yt Master Tests-2] INFO  verifyingSideMenuCollapsedLangAsInSettingsLingua_22-21-21 - [verifyingSideMenuCollapsedLangAsInSettingsLingua_22-21-21] Element found and ready (attempt 1): By.xpath: //ytd-topbar-menu-button-renderer[@class='style-scope ytd-masthead style-default']
22:26:35 [TestNG-test-Yt Master Tests-2] INFO  verifyingSideMenuCollapsedLangAsInSettingsLingua_22-21-21 - getLangAttribute() - locating <html> and reading lang property
22:26:35 [TestNG-test-Yt Master Tests-2] INFO  verifyingSideMenuCollapsedLangAsInSettingsLingua_22-21-21 - Language attribute read: ta-IN
22:26:35 [TestNG-test-Yt Master Tests-2] INFO  verifyingSideMenuCollapsedLangAsInSettingsLingua_22-21-21 - Fetching the side menu in collapsed view
22:26:35 [TestNG-test-Yt Master Tests-2] INFO  verifyingSideMenuCollapsedLangAsInSettingsLingua_22-21-21 - [verifyingSideMenuCollapsedLangAsInSettingsLingua_22-21-21] Finding elements list: By.xpath: //ytd-mini-guide-renderer[@class='style-scope ytd-app']//ytd-mini-guide-entry-renderer
22:26:35 [TestNG-test-Yt Master Tests-2] INFO  verifyingSideMenuCollapsedLangAsInSettingsLingua_22-21-21 - [verifyingSideMenuCollapsedLangAsInSettingsLingua_22-21-21] Found 4 ready elements (attempt 1): By.xpath: //ytd-mini-guide-renderer[@class='style-scope ytd-app']//ytd-mini-guide-entry-renderer
22:26:36 [TestNG-test-Yt Master Tests-2] INFO  verifyingSideMenuCollapsedLangAsInSettingsLingua_22-21-21 - 
========== LANGUAGE DETECTION ==========
Detected Language : TAMIL
Input Text        : முகப்பு Shorts சந்தாக்கள் நீங்கள்
========================================
22:26:36 [TestNG-test-Yt Master Tests-2] INFO  verifyingSideMenuCollapsedLangAsInSettingsLingua_22-21-21 - text sent to lingua is       முகப்பு Shorts சந்தாக்கள் நீங்கள்
22:26:36 [TestNG-test-Yt Master Tests-2] INFO  verifyingSideMenuCollapsedLangAsInSettingsLingua_22-21-21 - getLangAttribute() - locating <html> and reading lang property
22:26:36 [TestNG-test-Yt Master Tests-2] INFO  verifyingSideMenuCollapsedLangAsInSettingsLingua_22-21-21 - Language attribute read: ta-IN
22:26:36 [TestNG-test-Yt Master Tests-2] INFO  verifyingSideMenuCollapsedLangAsInSettingsLingua_22-21-21 - Clicking settings ellipses button...
22:26:36 [TestNG-test-Yt Master Tests-2] INFO  verifyingSideMenuCollapsedLangAsInSettingsLingua_22-21-21 - [verifyingSideMenuCollapsedLangAsInSettingsLingua_22-21-21] Trying to find element: By.xpath: //ytd-topbar-menu-button-renderer[@class='style-scope ytd-masthead style-default']
22:26:36 [TestNG-test-Yt Master Tests-2] INFO  verifyingSideMenuCollapsedLangAsInSettingsLingua_22-21-21 - [verifyingSideMenuCollapsedLangAsInSettingsLingua_22-21-21] Element found and ready (attempt 1): By.xpath: //ytd-topbar-menu-button-renderer[@class='style-scope ytd-masthead style-default']
22:26:37 [TestNG-test-Yt Master Tests-2] INFO  verifyingSideMenuCollapsedLangAsInSettingsLingua_22-21-21 - Clicking language dropdown...
22:26:37 [TestNG-test-Yt Master Tests-2] INFO  verifyingSideMenuCollapsedLangAsInSettingsLingua_22-21-21 - [verifyingSideMenuCollapsedLangAsInSettingsLingua_22-21-21] Trying to find element: By.xpath: (//div[@id='content-icon'])[2]
22:26:37 [TestNG-test-Yt Master Tests-2] INFO  verifyingSideMenuCollapsedLangAsInSettingsLingua_22-21-21 - [verifyingSideMenuCollapsedLangAsInSettingsLingua_22-21-21] Element found and ready (attempt 1): By.xpath: (//div[@id='content-icon'])[2]
22:26:38 [TestNG-test-Yt Master Tests-2] INFO  verifyingSideMenuCollapsedLangAsInSettingsLingua_22-21-21 - Looking for language element with name: తెలుగు
22:26:38 [TestNG-test-Yt Master Tests-2] INFO  verifyingSideMenuCollapsedLangAsInSettingsLingua_22-21-21 - [verifyingSideMenuCollapsedLangAsInSettingsLingua_22-21-21] Trying to find element: By.xpath: //yt-multi-page-menu-section-renderer[@class='style-scope ytd-multi-page-menu-renderer']//yt-formatted-string[@id='label' and text()='తెలుగు']
22:26:38 [TestNG-test-Yt Master Tests-2] INFO  verifyingSideMenuCollapsedLangAsInSettingsLingua_22-21-21 - [verifyingSideMenuCollapsedLangAsInSettingsLingua_22-21-21] Element found and ready (attempt 1): By.xpath: //yt-multi-page-menu-section-renderer[@class='style-scope ytd-multi-page-menu-renderer']//yt-formatted-string[@id='label' and text()='తెలుగు']
22:26:38 [TestNG-test-Yt Master Tests-2] INFO  verifyingSideMenuCollapsedLangAsInSettingsLingua_22-21-21 - [verifyingSideMenuCollapsedLangAsInSettingsLingua_22-21-21] Trying to find element: By.xpath: //yt-multi-page-menu-section-renderer[@class='style-scope ytd-multi-page-menu-renderer']//yt-formatted-string[@id='label' and text()='తెలుగు']
22:26:38 [TestNG-test-Yt Master Tests-2] INFO  verifyingSideMenuCollapsedLangAsInSettingsLingua_22-21-21 - [verifyingSideMenuCollapsedLangAsInSettingsLingua_22-21-21] Element found and ready (attempt 1): By.xpath: //yt-multi-page-menu-section-renderer[@class='style-scope ytd-multi-page-menu-renderer']//yt-formatted-string[@id='label' and text()='తెలుగు']
22:26:40 [TestNG-test-Yt Master Tests-2] INFO  verifyingSideMenuCollapsedLangAsInSettingsLingua_22-21-21 - Clicking settings ellipses button...
22:26:40 [TestNG-test-Yt Master Tests-2] INFO  verifyingSideMenuCollapsedLangAsInSettingsLingua_22-21-21 - [verifyingSideMenuCollapsedLangAsInSettingsLingua_22-21-21] Trying to find element: By.xpath: //ytd-topbar-menu-button-renderer[@class='style-scope ytd-masthead style-default']
22:26:40 [TestNG-test-Yt Master Tests-2] INFO  verifyingSideMenuCollapsedLangAsInSettingsLingua_22-21-21 - [verifyingSideMenuCollapsedLangAsInSettingsLingua_22-21-21] Element found and ready (attempt 1): By.xpath: //ytd-topbar-menu-button-renderer[@class='style-scope ytd-masthead style-default']
22:26:41 [TestNG-test-Yt Master Tests-2] INFO  verifyingSideMenuCollapsedLangAsInSettingsLingua_22-21-21 - [verifyingSideMenuCollapsedLangAsInSettingsLingua_22-21-21] Waiting until element is visible in viewport
22:26:41 [TestNG-test-Yt Master Tests-2] INFO  verifyingSideMenuCollapsedLangAsInSettingsLingua_22-21-21 - Clicking settings ellipses button...
22:26:41 [TestNG-test-Yt Master Tests-2] INFO  verifyingSideMenuCollapsedLangAsInSettingsLingua_22-21-21 - [verifyingSideMenuCollapsedLangAsInSettingsLingua_22-21-21] Trying to find element: By.xpath: //ytd-topbar-menu-button-renderer[@class='style-scope ytd-masthead style-default']
22:26:41 [TestNG-test-Yt Master Tests-2] INFO  verifyingSideMenuCollapsedLangAsInSettingsLingua_22-21-21 - [verifyingSideMenuCollapsedLangAsInSettingsLingua_22-21-21] Element found and ready (attempt 1): By.xpath: //ytd-topbar-menu-button-renderer[@class='style-scope ytd-masthead style-default']
22:26:41 [TestNG-test-Yt Master Tests-2] INFO  verifyingSideMenuCollapsedLangAsInSettingsLingua_22-21-21 - getLangAttribute() - locating <html> and reading lang property
22:26:41 [TestNG-test-Yt Master Tests-2] INFO  verifyingSideMenuCollapsedLangAsInSettingsLingua_22-21-21 - Language attribute read: te-IN
22:26:41 [TestNG-test-Yt Master Tests-2] INFO  verifyingSideMenuCollapsedLangAsInSettingsLingua_22-21-21 - Fetching the side menu in collapsed view
22:26:41 [TestNG-test-Yt Master Tests-2] INFO  verifyingSideMenuCollapsedLangAsInSettingsLingua_22-21-21 - [verifyingSideMenuCollapsedLangAsInSettingsLingua_22-21-21] Finding elements list: By.xpath: //ytd-mini-guide-renderer[@class='style-scope ytd-app']//ytd-mini-guide-entry-renderer
22:26:41 [TestNG-test-Yt Master Tests-2] INFO  verifyingSideMenuCollapsedLangAsInSettingsLingua_22-21-21 - [verifyingSideMenuCollapsedLangAsInSettingsLingua_22-21-21] Found 4 ready elements (attempt 1): By.xpath: //ytd-mini-guide-renderer[@class='style-scope ytd-app']//ytd-mini-guide-entry-renderer
22:26:42 [TestNG-test-Yt Master Tests-2] INFO  verifyingSideMenuCollapsedLangAsInSettingsLingua_22-21-21 - 
========== LANGUAGE DETECTION ==========
Detected Language : TELUGU
Input Text        : మొదటి ట్యాబ్ Shorts సబ్‌స్క్రిప్షన్‌లు ఖాతా
========================================
22:26:42 [TestNG-test-Yt Master Tests-2] INFO  verifyingSideMenuCollapsedLangAsInSettingsLingua_22-21-21 - text sent to lingua is       మొదటి ట్యాబ్ Shorts సబ్‌స్క్రిప్షన్‌లు ఖాతా
22:26:42 [TestNG-test-Yt Master Tests-2] INFO  verifyingSideMenuCollapsedLangAsInSettingsLingua_22-21-21 - getLangAttribute() - locating <html> and reading lang property
22:26:42 [TestNG-test-Yt Master Tests-2] INFO  verifyingSideMenuCollapsedLangAsInSettingsLingua_22-21-21 - Language attribute read: te-IN
22:26:42 [TestNG-test-Yt Master Tests-2] INFO  verifyingSideMenuCollapsedLangAsInSettingsLingua_22-21-21 - Clicking settings ellipses button...
22:26:42 [TestNG-test-Yt Master Tests-2] INFO  verifyingSideMenuCollapsedLangAsInSettingsLingua_22-21-21 - [verifyingSideMenuCollapsedLangAsInSettingsLingua_22-21-21] Trying to find element: By.xpath: //ytd-topbar-menu-button-renderer[@class='style-scope ytd-masthead style-default']
22:26:42 [TestNG-test-Yt Master Tests-2] INFO  verifyingSideMenuCollapsedLangAsInSettingsLingua_22-21-21 - [verifyingSideMenuCollapsedLangAsInSettingsLingua_22-21-21] Element found and ready (attempt 1): By.xpath: //ytd-topbar-menu-button-renderer[@class='style-scope ytd-masthead style-default']
22:26:42 [TestNG-test-Yt Master Tests-2] INFO  verifyingSideMenuCollapsedLangAsInSettingsLingua_22-21-21 - Clicking language dropdown...
22:26:42 [TestNG-test-Yt Master Tests-2] INFO  verifyingSideMenuCollapsedLangAsInSettingsLingua_22-21-21 - [verifyingSideMenuCollapsedLangAsInSettingsLingua_22-21-21] Trying to find element: By.xpath: (//div[@id='content-icon'])[2]
22:26:42 [TestNG-test-Yt Master Tests-2] INFO  verifyingSideMenuCollapsedLangAsInSettingsLingua_22-21-21 - [verifyingSideMenuCollapsedLangAsInSettingsLingua_22-21-21] Element found and ready (attempt 1): By.xpath: (//div[@id='content-icon'])[2]
22:26:43 [TestNG-test-Yt Master Tests-2] INFO  verifyingSideMenuCollapsedLangAsInSettingsLingua_22-21-21 - Looking for language element with name: 中文 (简体)
22:26:43 [TestNG-test-Yt Master Tests-2] INFO  verifyingSideMenuCollapsedLangAsInSettingsLingua_22-21-21 - [verifyingSideMenuCollapsedLangAsInSettingsLingua_22-21-21] Trying to find element: By.xpath: //yt-multi-page-menu-section-renderer[@class='style-scope ytd-multi-page-menu-renderer']//yt-formatted-string[@id='label' and text()='中文 (简体)']
22:26:43 [TestNG-test-Yt Master Tests-2] INFO  verifyingSideMenuCollapsedLangAsInSettingsLingua_22-21-21 - [verifyingSideMenuCollapsedLangAsInSettingsLingua_22-21-21] Element found and ready (attempt 1): By.xpath: //yt-multi-page-menu-section-renderer[@class='style-scope ytd-multi-page-menu-renderer']//yt-formatted-string[@id='label' and text()='中文 (简体)']
22:26:43 [TestNG-test-Yt Master Tests-2] INFO  verifyingSideMenuCollapsedLangAsInSettingsLingua_22-21-21 - [verifyingSideMenuCollapsedLangAsInSettingsLingua_22-21-21] Trying to find element: By.xpath: //yt-multi-page-menu-section-renderer[@class='style-scope ytd-multi-page-menu-renderer']//yt-formatted-string[@id='label' and text()='中文 (简体)']
22:26:43 [TestNG-test-Yt Master Tests-2] INFO  verifyingSideMenuCollapsedLangAsInSettingsLingua_22-21-21 - [verifyingSideMenuCollapsedLangAsInSettingsLingua_22-21-21] Element found and ready (attempt 1): By.xpath: //yt-multi-page-menu-section-renderer[@class='style-scope ytd-multi-page-menu-renderer']//yt-formatted-string[@id='label' and text()='中文 (简体)']
22:26:46 [TestNG-test-Yt Master Tests-2] INFO  verifyingSideMenuCollapsedLangAsInSettingsLingua_22-21-21 - Clicking settings ellipses button...
22:26:47 [TestNG-test-Yt Master Tests-2] INFO  verifyingSideMenuCollapsedLangAsInSettingsLingua_22-21-21 - [verifyingSideMenuCollapsedLangAsInSettingsLingua_22-21-21] Trying to find element: By.xpath: //ytd-topbar-menu-button-renderer[@class='style-scope ytd-masthead style-default']
22:26:48 [TestNG-test-Yt Master Tests-2] INFO  verifyingSideMenuCollapsedLangAsInSettingsLingua_22-21-21 - [verifyingSideMenuCollapsedLangAsInSettingsLingua_22-21-21] Element found and ready (attempt 1): By.xpath: //ytd-topbar-menu-button-renderer[@class='style-scope ytd-masthead style-default']
22:26:49 [TestNG-test-Yt Master Tests-2] INFO  verifyingSideMenuCollapsedLangAsInSettingsLingua_22-21-21 - [verifyingSideMenuCollapsedLangAsInSettingsLingua_22-21-21] Waiting until element is visible in viewport
22:26:49 [TestNG-test-Yt Master Tests-2] INFO  verifyingSideMenuCollapsedLangAsInSettingsLingua_22-21-21 - Clicking settings ellipses button...
22:26:49 [TestNG-test-Yt Master Tests-2] INFO  verifyingSideMenuCollapsedLangAsInSettingsLingua_22-21-21 - [verifyingSideMenuCollapsedLangAsInSettingsLingua_22-21-21] Trying to find element: By.xpath: //ytd-topbar-menu-button-renderer[@class='style-scope ytd-masthead style-default']
22:26:49 [TestNG-test-Yt Master Tests-2] INFO  verifyingSideMenuCollapsedLangAsInSettingsLingua_22-21-21 - [verifyingSideMenuCollapsedLangAsInSettingsLingua_22-21-21] Element found and ready (attempt 1): By.xpath: //ytd-topbar-menu-button-renderer[@class='style-scope ytd-masthead style-default']
22:26:49 [TestNG-test-Yt Master Tests-2] INFO  verifyingSideMenuCollapsedLangAsInSettingsLingua_22-21-21 - getLangAttribute() - locating <html> and reading lang property
22:26:49 [TestNG-test-Yt Master Tests-2] INFO  verifyingSideMenuCollapsedLangAsInSettingsLingua_22-21-21 - Language attribute read: zh-Hans-CN
22:26:49 [TestNG-test-Yt Master Tests-2] INFO  verifyingSideMenuCollapsedLangAsInSettingsLingua_22-21-21 - Fetching the side menu in collapsed view
22:26:49 [TestNG-test-Yt Master Tests-2] INFO  verifyingSideMenuCollapsedLangAsInSettingsLingua_22-21-21 - [verifyingSideMenuCollapsedLangAsInSettingsLingua_22-21-21] Finding elements list: By.xpath: //ytd-mini-guide-renderer[@class='style-scope ytd-app']//ytd-mini-guide-entry-renderer
22:26:49 [TestNG-test-Yt Master Tests-2] INFO  verifyingSideMenuCollapsedLangAsInSettingsLingua_22-21-21 - [verifyingSideMenuCollapsedLangAsInSettingsLingua_22-21-21] Found 4 ready elements (attempt 1): By.xpath: //ytd-mini-guide-renderer[@class='style-scope ytd-app']//ytd-mini-guide-entry-renderer
22:26:50 [TestNG-test-Yt Master Tests-2] INFO  verifyingSideMenuCollapsedLangAsInSettingsLingua_22-21-21 - 
========== LANGUAGE DETECTION ==========
Detected Language : CHINESE
Input Text        : 首页 Shorts 订阅 我
========================================
22:26:50 [TestNG-test-Yt Master Tests-2] INFO  verifyingSideMenuCollapsedLangAsInSettingsLingua_22-21-21 - text sent to lingua is       首页 Shorts 订阅 我
22:26:50 [TestNG-test-Yt Master Tests-2] INFO  verifyingSideMenuCollapsedLangAsInSettingsLingua_22-21-21 - getLangAttribute() - locating <html> and reading lang property
22:26:50 [TestNG-test-Yt Master Tests-2] INFO  verifyingSideMenuCollapsedLangAsInSettingsLingua_22-21-21 - Language attribute read: zh-Hans-CN
22:26:50 [TestNG-test-Yt Master Tests-2] INFO  verifyingSideMenuCollapsedLangAsInSettingsLingua_22-21-21 - Clicking settings ellipses button...
22:26:50 [TestNG-test-Yt Master Tests-2] INFO  verifyingSideMenuCollapsedLangAsInSettingsLingua_22-21-21 - [verifyingSideMenuCollapsedLangAsInSettingsLingua_22-21-21] Trying to find element: By.xpath: //ytd-topbar-menu-button-renderer[@class='style-scope ytd-masthead style-default']
22:26:50 [TestNG-test-Yt Master Tests-2] INFO  verifyingSideMenuCollapsedLangAsInSettingsLingua_22-21-21 - [verifyingSideMenuCollapsedLangAsInSettingsLingua_22-21-21] Element found and ready (attempt 1): By.xpath: //ytd-topbar-menu-button-renderer[@class='style-scope ytd-masthead style-default']
22:26:50 [TestNG-test-Yt Master Tests-2] INFO  verifyingSideMenuCollapsedLangAsInSettingsLingua_22-21-21 - Clicking language dropdown...
22:26:50 [TestNG-test-Yt Master Tests-2] INFO  verifyingSideMenuCollapsedLangAsInSettingsLingua_22-21-21 - [verifyingSideMenuCollapsedLangAsInSettingsLingua_22-21-21] Trying to find element: By.xpath: (//div[@id='content-icon'])[2]
22:26:50 [TestNG-test-Yt Master Tests-2] INFO  verifyingSideMenuCollapsedLangAsInSettingsLingua_22-21-21 - [verifyingSideMenuCollapsedLangAsInSettingsLingua_22-21-21] Element found and ready (attempt 1): By.xpath: (//div[@id='content-icon'])[2]
22:26:51 [TestNG-test-Yt Master Tests-2] INFO  verifyingSideMenuCollapsedLangAsInSettingsLingua_22-21-21 - Looking for language element with name: 中文 (繁體)
22:26:51 [TestNG-test-Yt Master Tests-2] INFO  verifyingSideMenuCollapsedLangAsInSettingsLingua_22-21-21 - [verifyingSideMenuCollapsedLangAsInSettingsLingua_22-21-21] Trying to find element: By.xpath: //yt-multi-page-menu-section-renderer[@class='style-scope ytd-multi-page-menu-renderer']//yt-formatted-string[@id='label' and text()='中文 (繁體)']
22:26:51 [TestNG-test-Yt Master Tests-2] INFO  verifyingSideMenuCollapsedLangAsInSettingsLingua_22-21-21 - [verifyingSideMenuCollapsedLangAsInSettingsLingua_22-21-21] Element found and ready (attempt 1): By.xpath: //yt-multi-page-menu-section-renderer[@class='style-scope ytd-multi-page-menu-renderer']//yt-formatted-string[@id='label' and text()='中文 (繁體)']
22:26:51 [TestNG-test-Yt Master Tests-2] INFO  verifyingSideMenuCollapsedLangAsInSettingsLingua_22-21-21 - [verifyingSideMenuCollapsedLangAsInSettingsLingua_22-21-21] Trying to find element: By.xpath: //yt-multi-page-menu-section-renderer[@class='style-scope ytd-multi-page-menu-renderer']//yt-formatted-string[@id='label' and text()='中文 (繁體)']
22:26:51 [TestNG-test-Yt Master Tests-2] INFO  verifyingSideMenuCollapsedLangAsInSettingsLingua_22-21-21 - [verifyingSideMenuCollapsedLangAsInSettingsLingua_22-21-21] Element found and ready (attempt 1): By.xpath: //yt-multi-page-menu-section-renderer[@class='style-scope ytd-multi-page-menu-renderer']//yt-formatted-string[@id='label' and text()='中文 (繁體)']
22:26:53 [TestNG-test-Yt Master Tests-2] INFO  verifyingSideMenuCollapsedLangAsInSettingsLingua_22-21-21 - Clicking settings ellipses button...
22:26:54 [TestNG-test-Yt Master Tests-2] INFO  verifyingSideMenuCollapsedLangAsInSettingsLingua_22-21-21 - [verifyingSideMenuCollapsedLangAsInSettingsLingua_22-21-21] Trying to find element: By.xpath: //ytd-topbar-menu-button-renderer[@class='style-scope ytd-masthead style-default']
22:26:54 [TestNG-test-Yt Master Tests-2] INFO  verifyingSideMenuCollapsedLangAsInSettingsLingua_22-21-21 - [verifyingSideMenuCollapsedLangAsInSettingsLingua_22-21-21] Element found and ready (attempt 1): By.xpath: //ytd-topbar-menu-button-renderer[@class='style-scope ytd-masthead style-default']
22:26:54 [TestNG-test-Yt Master Tests-2] INFO  verifyingSideMenuCollapsedLangAsInSettingsLingua_22-21-21 - [verifyingSideMenuCollapsedLangAsInSettingsLingua_22-21-21] Waiting until element is visible in viewport
22:26:55 [TestNG-test-Yt Master Tests-2] INFO  verifyingSideMenuCollapsedLangAsInSettingsLingua_22-21-21 - Clicking settings ellipses button...
22:26:55 [TestNG-test-Yt Master Tests-2] INFO  verifyingSideMenuCollapsedLangAsInSettingsLingua_22-21-21 - [verifyingSideMenuCollapsedLangAsInSettingsLingua_22-21-21] Trying to find element: By.xpath: //ytd-topbar-menu-button-renderer[@class='style-scope ytd-masthead style-default']
22:26:55 [TestNG-test-Yt Master Tests-2] INFO  verifyingSideMenuCollapsedLangAsInSettingsLingua_22-21-21 - [verifyingSideMenuCollapsedLangAsInSettingsLingua_22-21-21] Element found and ready (attempt 1): By.xpath: //ytd-topbar-menu-button-renderer[@class='style-scope ytd-masthead style-default']
22:26:55 [TestNG-test-Yt Master Tests-2] INFO  verifyingSideMenuCollapsedLangAsInSettingsLingua_22-21-21 - getLangAttribute() - locating <html> and reading lang property
22:26:55 [TestNG-test-Yt Master Tests-2] INFO  verifyingSideMenuCollapsedLangAsInSettingsLingua_22-21-21 - Language attribute read: zh-Hant-TW
22:26:55 [TestNG-test-Yt Master Tests-2] INFO  verifyingSideMenuCollapsedLangAsInSettingsLingua_22-21-21 - Fetching the side menu in collapsed view
22:26:55 [TestNG-test-Yt Master Tests-2] INFO  verifyingSideMenuCollapsedLangAsInSettingsLingua_22-21-21 - [verifyingSideMenuCollapsedLangAsInSettingsLingua_22-21-21] Finding elements list: By.xpath: //ytd-mini-guide-renderer[@class='style-scope ytd-app']//ytd-mini-guide-entry-renderer
22:26:55 [TestNG-test-Yt Master Tests-2] INFO  verifyingSideMenuCollapsedLangAsInSettingsLingua_22-21-21 - [verifyingSideMenuCollapsedLangAsInSettingsLingua_22-21-21] Found 4 ready elements (attempt 1): By.xpath: //ytd-mini-guide-renderer[@class='style-scope ytd-app']//ytd-mini-guide-entry-renderer
22:26:55 [TestNG-test-Yt Master Tests-2] INFO  verifyingSideMenuCollapsedLangAsInSettingsLingua_22-21-21 - 
========== LANGUAGE DETECTION ==========
Detected Language : CHINESE
Input Text        : 首頁 Shorts 訂閱內容 個人中心
========================================
22:26:55 [TestNG-test-Yt Master Tests-2] INFO  verifyingSideMenuCollapsedLangAsInSettingsLingua_22-21-21 - text sent to lingua is       首頁 Shorts 訂閱內容 個人中心
22:26:55 [TestNG-test-Yt Master Tests-2] INFO  verifyingSideMenuCollapsedLangAsInSettingsLingua_22-21-21 - getLangAttribute() - locating <html> and reading lang property
22:26:55 [TestNG-test-Yt Master Tests-2] INFO  verifyingSideMenuCollapsedLangAsInSettingsLingua_22-21-21 - Language attribute read: zh-Hant-TW
22:26:55 [TestNG-test-Yt Master Tests-2] INFO  verifyingSideMenuCollapsedLangAsInSettingsLingua_22-21-21 - Clicking settings ellipses button...
22:26:55 [TestNG-test-Yt Master Tests-2] INFO  verifyingSideMenuCollapsedLangAsInSettingsLingua_22-21-21 - [verifyingSideMenuCollapsedLangAsInSettingsLingua_22-21-21] Trying to find element: By.xpath: //ytd-topbar-menu-button-renderer[@class='style-scope ytd-masthead style-default']
22:26:56 [TestNG-test-Yt Master Tests-2] INFO  verifyingSideMenuCollapsedLangAsInSettingsLingua_22-21-21 - [verifyingSideMenuCollapsedLangAsInSettingsLingua_22-21-21] Element found and ready (attempt 1): By.xpath: //ytd-topbar-menu-button-renderer[@class='style-scope ytd-masthead style-default']
22:26:56 [TestNG-test-Yt Master Tests-2] INFO  verifyingSideMenuCollapsedLangAsInSettingsLingua_22-21-21 - Clicking language dropdown...
22:26:56 [TestNG-test-Yt Master Tests-2] INFO  verifyingSideMenuCollapsedLangAsInSettingsLingua_22-21-21 - [verifyingSideMenuCollapsedLangAsInSettingsLingua_22-21-21] Trying to find element: By.xpath: (//div[@id='content-icon'])[2]
22:26:56 [TestNG-test-Yt Master Tests-2] INFO  verifyingSideMenuCollapsedLangAsInSettingsLingua_22-21-21 - [verifyingSideMenuCollapsedLangAsInSettingsLingua_22-21-21] Element found and ready (attempt 1): By.xpath: (//div[@id='content-icon'])[2]
22:26:57 [TestNG-test-Yt Master Tests-2] INFO  verifyingSideMenuCollapsedLangAsInSettingsLingua_22-21-21 - Looking for language element with name: 中文 (香港)
22:26:57 [TestNG-test-Yt Master Tests-2] INFO  verifyingSideMenuCollapsedLangAsInSettingsLingua_22-21-21 - [verifyingSideMenuCollapsedLangAsInSettingsLingua_22-21-21] Trying to find element: By.xpath: //yt-multi-page-menu-section-renderer[@class='style-scope ytd-multi-page-menu-renderer']//yt-formatted-string[@id='label' and text()='中文 (香港)']
22:26:57 [TestNG-test-Yt Master Tests-2] INFO  verifyingSideMenuCollapsedLangAsInSettingsLingua_22-21-21 - [verifyingSideMenuCollapsedLangAsInSettingsLingua_22-21-21] Element found and ready (attempt 1): By.xpath: //yt-multi-page-menu-section-renderer[@class='style-scope ytd-multi-page-menu-renderer']//yt-formatted-string[@id='label' and text()='中文 (香港)']
22:26:57 [TestNG-test-Yt Master Tests-2] INFO  verifyingSideMenuCollapsedLangAsInSettingsLingua_22-21-21 - [verifyingSideMenuCollapsedLangAsInSettingsLingua_22-21-21] Trying to find element: By.xpath: //yt-multi-page-menu-section-renderer[@class='style-scope ytd-multi-page-menu-renderer']//yt-formatted-string[@id='label' and text()='中文 (香港)']
22:26:57 [TestNG-test-Yt Master Tests-2] INFO  verifyingSideMenuCollapsedLangAsInSettingsLingua_22-21-21 - [verifyingSideMenuCollapsedLangAsInSettingsLingua_22-21-21] Element found and ready (attempt 1): By.xpath: //yt-multi-page-menu-section-renderer[@class='style-scope ytd-multi-page-menu-renderer']//yt-formatted-string[@id='label' and text()='中文 (香港)']
22:27:00 [TestNG-test-Yt Master Tests-2] INFO  verifyingSideMenuCollapsedLangAsInSettingsLingua_22-21-21 - Clicking settings ellipses button...
22:27:00 [TestNG-test-Yt Master Tests-2] INFO  verifyingSideMenuCollapsedLangAsInSettingsLingua_22-21-21 - [verifyingSideMenuCollapsedLangAsInSettingsLingua_22-21-21] Trying to find element: By.xpath: //ytd-topbar-menu-button-renderer[@class='style-scope ytd-masthead style-default']
22:27:00 [TestNG-test-Yt Master Tests-2] INFO  verifyingSideMenuCollapsedLangAsInSettingsLingua_22-21-21 - [verifyingSideMenuCollapsedLangAsInSettingsLingua_22-21-21] Element found and ready (attempt 1): By.xpath: //ytd-topbar-menu-button-renderer[@class='style-scope ytd-masthead style-default']
22:27:01 [TestNG-test-Yt Master Tests-2] INFO  verifyingSideMenuCollapsedLangAsInSettingsLingua_22-21-21 - [verifyingSideMenuCollapsedLangAsInSettingsLingua_22-21-21] Waiting until element is visible in viewport
22:27:01 [TestNG-test-Yt Master Tests-2] INFO  verifyingSideMenuCollapsedLangAsInSettingsLingua_22-21-21 - Clicking settings ellipses button...
22:27:02 [TestNG-test-Yt Master Tests-2] INFO  verifyingSideMenuCollapsedLangAsInSettingsLingua_22-21-21 - [verifyingSideMenuCollapsedLangAsInSettingsLingua_22-21-21] Trying to find element: By.xpath: //ytd-topbar-menu-button-renderer[@class='style-scope ytd-masthead style-default']
22:27:02 [TestNG-test-Yt Master Tests-2] INFO  verifyingSideMenuCollapsedLangAsInSettingsLingua_22-21-21 - [verifyingSideMenuCollapsedLangAsInSettingsLingua_22-21-21] Element found and ready (attempt 1): By.xpath: //ytd-topbar-menu-button-renderer[@class='style-scope ytd-masthead style-default']
22:27:02 [TestNG-test-Yt Master Tests-2] INFO  verifyingSideMenuCollapsedLangAsInSettingsLingua_22-21-21 - getLangAttribute() - locating <html> and reading lang property
22:27:03 [TestNG-test-Yt Master Tests-2] INFO  verifyingSideMenuCollapsedLangAsInSettingsLingua_22-21-21 - Language attribute read: zh-Hant-HK
22:27:03 [TestNG-test-Yt Master Tests-2] INFO  verifyingSideMenuCollapsedLangAsInSettingsLingua_22-21-21 - Fetching the side menu in collapsed view
22:27:03 [TestNG-test-Yt Master Tests-2] INFO  verifyingSideMenuCollapsedLangAsInSettingsLingua_22-21-21 - [verifyingSideMenuCollapsedLangAsInSettingsLingua_22-21-21] Finding elements list: By.xpath: //ytd-mini-guide-renderer[@class='style-scope ytd-app']//ytd-mini-guide-entry-renderer
22:27:03 [TestNG-test-Yt Master Tests-2] INFO  verifyingSideMenuCollapsedLangAsInSettingsLingua_22-21-21 - [verifyingSideMenuCollapsedLangAsInSettingsLingua_22-21-21] Found 4 ready elements (attempt 1): By.xpath: //ytd-mini-guide-renderer[@class='style-scope ytd-app']//ytd-mini-guide-entry-renderer
22:27:03 [TestNG-test-Yt Master Tests-2] INFO  verifyingSideMenuCollapsedLangAsInSettingsLingua_22-21-21 - 
========== LANGUAGE DETECTION ==========
Detected Language : CHINESE
Input Text        : 主頁 Shorts 訂閱項目 個人中心
========================================
22:27:03 [TestNG-test-Yt Master Tests-2] INFO  verifyingSideMenuCollapsedLangAsInSettingsLingua_22-21-21 - text sent to lingua is       主頁 Shorts 訂閱項目 個人中心
22:27:03 [TestNG-test-Yt Master Tests-2] INFO  verifyingSideMenuCollapsedLangAsInSettingsLingua_22-21-21 - getLangAttribute() - locating <html> and reading lang property
22:27:03 [TestNG-test-Yt Master Tests-2] INFO  verifyingSideMenuCollapsedLangAsInSettingsLingua_22-21-21 - Language attribute read: zh-Hant-HK
22:27:03 [TestNG-test-Yt Master Tests-2] INFO  verifyingSideMenuCollapsedLangAsInSettingsLingua_22-21-21 - Clicking settings ellipses button...
22:27:03 [TestNG-test-Yt Master Tests-2] INFO  verifyingSideMenuCollapsedLangAsInSettingsLingua_22-21-21 - [verifyingSideMenuCollapsedLangAsInSettingsLingua_22-21-21] Trying to find element: By.xpath: //ytd-topbar-menu-button-renderer[@class='style-scope ytd-masthead style-default']
22:27:03 [TestNG-test-Yt Master Tests-2] INFO  verifyingSideMenuCollapsedLangAsInSettingsLingua_22-21-21 - [verifyingSideMenuCollapsedLangAsInSettingsLingua_22-21-21] Element found and ready (attempt 1): By.xpath: //ytd-topbar-menu-button-renderer[@class='style-scope ytd-masthead style-default']
22:27:03 [TestNG-test-Yt Master Tests-2] INFO  verifyingSideMenuCollapsedLangAsInSettingsLingua_22-21-21 - Clicking language dropdown...
22:27:03 [TestNG-test-Yt Master Tests-2] INFO  verifyingSideMenuCollapsedLangAsInSettingsLingua_22-21-21 - [verifyingSideMenuCollapsedLangAsInSettingsLingua_22-21-21] Trying to find element: By.xpath: (//div[@id='content-icon'])[2]
22:27:03 [TestNG-test-Yt Master Tests-2] INFO  verifyingSideMenuCollapsedLangAsInSettingsLingua_22-21-21 - [verifyingSideMenuCollapsedLangAsInSettingsLingua_22-21-21] Element found and ready (attempt 1): By.xpath: (//div[@id='content-icon'])[2]
22:27:04 [TestNG-test-Yt Master Tests-2] INFO  verifyingSideMenuCollapsedLangAsInSettingsLingua_22-21-21 - Looking for language element with name: 日本語
22:27:04 [TestNG-test-Yt Master Tests-2] INFO  verifyingSideMenuCollapsedLangAsInSettingsLingua_22-21-21 - [verifyingSideMenuCollapsedLangAsInSettingsLingua_22-21-21] Trying to find element: By.xpath: //yt-multi-page-menu-section-renderer[@class='style-scope ytd-multi-page-menu-renderer']//yt-formatted-string[@id='label' and text()='日本語']
22:27:04 [TestNG-test-Yt Master Tests-2] INFO  verifyingSideMenuCollapsedLangAsInSettingsLingua_22-21-21 - [verifyingSideMenuCollapsedLangAsInSettingsLingua_22-21-21] Element found and ready (attempt 1): By.xpath: //yt-multi-page-menu-section-renderer[@class='style-scope ytd-multi-page-menu-renderer']//yt-formatted-string[@id='label' and text()='日本語']
22:27:04 [TestNG-test-Yt Master Tests-2] INFO  verifyingSideMenuCollapsedLangAsInSettingsLingua_22-21-21 - [verifyingSideMenuCollapsedLangAsInSettingsLingua_22-21-21] Trying to find element: By.xpath: //yt-multi-page-menu-section-renderer[@class='style-scope ytd-multi-page-menu-renderer']//yt-formatted-string[@id='label' and text()='日本語']
22:27:05 [TestNG-test-Yt Master Tests-2] INFO  verifyingSideMenuCollapsedLangAsInSettingsLingua_22-21-21 - [verifyingSideMenuCollapsedLangAsInSettingsLingua_22-21-21] Element found and ready (attempt 1): By.xpath: //yt-multi-page-menu-section-renderer[@class='style-scope ytd-multi-page-menu-renderer']//yt-formatted-string[@id='label' and text()='日本語']
22:27:07 [TestNG-test-Yt Master Tests-2] INFO  verifyingSideMenuCollapsedLangAsInSettingsLingua_22-21-21 - Clicking settings ellipses button...
22:27:07 [TestNG-test-Yt Master Tests-2] INFO  verifyingSideMenuCollapsedLangAsInSettingsLingua_22-21-21 - [verifyingSideMenuCollapsedLangAsInSettingsLingua_22-21-21] Trying to find element: By.xpath: //ytd-topbar-menu-button-renderer[@class='style-scope ytd-masthead style-default']
22:27:07 [TestNG-test-Yt Master Tests-2] INFO  verifyingSideMenuCollapsedLangAsInSettingsLingua_22-21-21 - [verifyingSideMenuCollapsedLangAsInSettingsLingua_22-21-21] Element found and ready (attempt 1): By.xpath: //ytd-topbar-menu-button-renderer[@class='style-scope ytd-masthead style-default']
22:27:08 [TestNG-test-Yt Master Tests-2] INFO  verifyingSideMenuCollapsedLangAsInSettingsLingua_22-21-21 - [verifyingSideMenuCollapsedLangAsInSettingsLingua_22-21-21] Waiting until element is visible in viewport
22:27:09 [TestNG-test-Yt Master Tests-2] INFO  verifyingSideMenuCollapsedLangAsInSettingsLingua_22-21-21 - Clicking settings ellipses button...
22:27:09 [TestNG-test-Yt Master Tests-2] INFO  verifyingSideMenuCollapsedLangAsInSettingsLingua_22-21-21 - [verifyingSideMenuCollapsedLangAsInSettingsLingua_22-21-21] Trying to find element: By.xpath: //ytd-topbar-menu-button-renderer[@class='style-scope ytd-masthead style-default']
22:27:10 [TestNG-test-Yt Master Tests-2] INFO  verifyingSideMenuCollapsedLangAsInSettingsLingua_22-21-21 - [verifyingSideMenuCollapsedLangAsInSettingsLingua_22-21-21] Element found and ready (attempt 1): By.xpath: //ytd-topbar-menu-button-renderer[@class='style-scope ytd-masthead style-default']
22:27:10 [TestNG-test-Yt Master Tests-2] INFO  verifyingSideMenuCollapsedLangAsInSettingsLingua_22-21-21 - getLangAttribute() - locating <html> and reading lang property
22:27:10 [TestNG-test-Yt Master Tests-2] INFO  verifyingSideMenuCollapsedLangAsInSettingsLingua_22-21-21 - Language attribute read: ja-JP
22:27:10 [TestNG-test-Yt Master Tests-2] INFO  verifyingSideMenuCollapsedLangAsInSettingsLingua_22-21-21 - Fetching the side menu in collapsed view
22:27:10 [TestNG-test-Yt Master Tests-2] INFO  verifyingSideMenuCollapsedLangAsInSettingsLingua_22-21-21 - [verifyingSideMenuCollapsedLangAsInSettingsLingua_22-21-21] Finding elements list: By.xpath: //ytd-mini-guide-renderer[@class='style-scope ytd-app']//ytd-mini-guide-entry-renderer
22:27:10 [TestNG-test-Yt Master Tests-2] INFO  verifyingSideMenuCollapsedLangAsInSettingsLingua_22-21-21 - [verifyingSideMenuCollapsedLangAsInSettingsLingua_22-21-21] Found 4 ready elements (attempt 1): By.xpath: //ytd-mini-guide-renderer[@class='style-scope ytd-app']//ytd-mini-guide-entry-renderer
22:27:11 [TestNG-test-Yt Master Tests-2] INFO  verifyingSideMenuCollapsedLangAsInSettingsLingua_22-21-21 - 
========== LANGUAGE DETECTION ==========
Detected Language : JAPANESE
Input Text        : ホーム ショート 登録チャンネル マイページ
========================================
22:27:11 [TestNG-test-Yt Master Tests-2] INFO  verifyingSideMenuCollapsedLangAsInSettingsLingua_22-21-21 - text sent to lingua is       ホーム ショート 登録チャンネル マイページ
22:27:11 [TestNG-test-Yt Master Tests-2] INFO  verifyingSideMenuCollapsedLangAsInSettingsLingua_22-21-21 - getLangAttribute() - locating <html> and reading lang property
22:27:11 [TestNG-test-Yt Master Tests-2] INFO  verifyingSideMenuCollapsedLangAsInSettingsLingua_22-21-21 - Language attribute read: ja-JP
22:27:11 [TestNG-test-Yt Master Tests-2] INFO  verifyingSideMenuCollapsedLangAsInSettingsLingua_22-21-21 - Clicking settings ellipses button...
22:27:12 [TestNG-test-Yt Master Tests-2] INFO  verifyingSideMenuCollapsedLangAsInSettingsLingua_22-21-21 - [verifyingSideMenuCollapsedLangAsInSettingsLingua_22-21-21] Trying to find element: By.xpath: //ytd-topbar-menu-button-renderer[@class='style-scope ytd-masthead style-default']
22:27:12 [TestNG-test-Yt Master Tests-2] INFO  verifyingSideMenuCollapsedLangAsInSettingsLingua_22-21-21 - [verifyingSideMenuCollapsedLangAsInSettingsLingua_22-21-21] Element found and ready (attempt 1): By.xpath: //ytd-topbar-menu-button-renderer[@class='style-scope ytd-masthead style-default']
22:27:12 [TestNG-test-Yt Master Tests-2] INFO  verifyingSideMenuCollapsedLangAsInSettingsLingua_22-21-21 - Clicking language dropdown...
22:27:12 [TestNG-test-Yt Master Tests-2] INFO  verifyingSideMenuCollapsedLangAsInSettingsLingua_22-21-21 - [verifyingSideMenuCollapsedLangAsInSettingsLingua_22-21-21] Trying to find element: By.xpath: (//div[@id='content-icon'])[2]
22:27:12 [TestNG-test-Yt Master Tests-2] INFO  verifyingSideMenuCollapsedLangAsInSettingsLingua_22-21-21 - [verifyingSideMenuCollapsedLangAsInSettingsLingua_22-21-21] Element found and ready (attempt 1): By.xpath: (//div[@id='content-icon'])[2]
22:27:13 [TestNG-test-Yt Master Tests-2] INFO  verifyingSideMenuCollapsedLangAsInSettingsLingua_22-21-21 - Looking for language element with name: 한국어
22:27:13 [TestNG-test-Yt Master Tests-2] INFO  verifyingSideMenuCollapsedLangAsInSettingsLingua_22-21-21 - [verifyingSideMenuCollapsedLangAsInSettingsLingua_22-21-21] Trying to find element: By.xpath: //yt-multi-page-menu-section-renderer[@class='style-scope ytd-multi-page-menu-renderer']//yt-formatted-string[@id='label' and text()='한국어']
22:27:13 [TestNG-test-Yt Master Tests-2] INFO  verifyingSideMenuCollapsedLangAsInSettingsLingua_22-21-21 - [verifyingSideMenuCollapsedLangAsInSettingsLingua_22-21-21] Element found and ready (attempt 1): By.xpath: //yt-multi-page-menu-section-renderer[@class='style-scope ytd-multi-page-menu-renderer']//yt-formatted-string[@id='label' and text()='한국어']
22:27:13 [TestNG-test-Yt Master Tests-2] INFO  verifyingSideMenuCollapsedLangAsInSettingsLingua_22-21-21 - [verifyingSideMenuCollapsedLangAsInSettingsLingua_22-21-21] Trying to find element: By.xpath: //yt-multi-page-menu-section-renderer[@class='style-scope ytd-multi-page-menu-renderer']//yt-formatted-string[@id='label' and text()='한국어']
22:27:13 [TestNG-test-Yt Master Tests-2] INFO  verifyingSideMenuCollapsedLangAsInSettingsLingua_22-21-21 - [verifyingSideMenuCollapsedLangAsInSettingsLingua_22-21-21] Element found and ready (attempt 1): By.xpath: //yt-multi-page-menu-section-renderer[@class='style-scope ytd-multi-page-menu-renderer']//yt-formatted-string[@id='label' and text()='한국어']
22:27:14 [TestNG-test-Yt Master Tests-2] INFO  verifyingSideMenuCollapsedLangAsInSettingsLingua_22-21-21 - Clicking settings ellipses button...
22:27:15 [TestNG-test-Yt Master Tests-2] INFO  verifyingSideMenuCollapsedLangAsInSettingsLingua_22-21-21 - [verifyingSideMenuCollapsedLangAsInSettingsLingua_22-21-21] Trying to find element: By.xpath: //ytd-topbar-menu-button-renderer[@class='style-scope ytd-masthead style-default']
22:27:15 [TestNG-test-Yt Master Tests-2] INFO  verifyingSideMenuCollapsedLangAsInSettingsLingua_22-21-21 - [verifyingSideMenuCollapsedLangAsInSettingsLingua_22-21-21] Element found and ready (attempt 1): By.xpath: //ytd-topbar-menu-button-renderer[@class='style-scope ytd-masthead style-default']
22:27:16 [TestNG-test-Yt Master Tests-2] INFO  verifyingSideMenuCollapsedLangAsInSettingsLingua_22-21-21 - [verifyingSideMenuCollapsedLangAsInSettingsLingua_22-21-21] Waiting until element is visible in viewport
22:27:16 [TestNG-test-Yt Master Tests-2] INFO  verifyingSideMenuCollapsedLangAsInSettingsLingua_22-21-21 - Clicking settings ellipses button...
22:27:16 [TestNG-test-Yt Master Tests-2] INFO  verifyingSideMenuCollapsedLangAsInSettingsLingua_22-21-21 - [verifyingSideMenuCollapsedLangAsInSettingsLingua_22-21-21] Trying to find element: By.xpath: //ytd-topbar-menu-button-renderer[@class='style-scope ytd-masthead style-default']
22:27:17 [TestNG-test-Yt Master Tests-2] INFO  verifyingSideMenuCollapsedLangAsInSettingsLingua_22-21-21 - [verifyingSideMenuCollapsedLangAsInSettingsLingua_22-21-21] Element found and ready (attempt 1): By.xpath: //ytd-topbar-menu-button-renderer[@class='style-scope ytd-masthead style-default']
22:27:17 [TestNG-test-Yt Master Tests-2] INFO  verifyingSideMenuCollapsedLangAsInSettingsLingua_22-21-21 - getLangAttribute() - locating <html> and reading lang property
22:27:17 [TestNG-test-Yt Master Tests-2] INFO  verifyingSideMenuCollapsedLangAsInSettingsLingua_22-21-21 - Language attribute read: ko-KR
22:27:17 [TestNG-test-Yt Master Tests-2] INFO  verifyingSideMenuCollapsedLangAsInSettingsLingua_22-21-21 - Fetching the side menu in collapsed view
22:27:17 [TestNG-test-Yt Master Tests-2] INFO  verifyingSideMenuCollapsedLangAsInSettingsLingua_22-21-21 - [verifyingSideMenuCollapsedLangAsInSettingsLingua_22-21-21] Finding elements list: By.xpath: //ytd-mini-guide-renderer[@class='style-scope ytd-app']//ytd-mini-guide-entry-renderer
22:27:17 [TestNG-test-Yt Master Tests-2] INFO  verifyingSideMenuCollapsedLangAsInSettingsLingua_22-21-21 - [verifyingSideMenuCollapsedLangAsInSettingsLingua_22-21-21] Found 4 ready elements (attempt 1): By.xpath: //ytd-mini-guide-renderer[@class='style-scope ytd-app']//ytd-mini-guide-entry-renderer
22:27:17 [TestNG-test-Yt Master Tests-2] INFO  verifyingSideMenuCollapsedLangAsInSettingsLingua_22-21-21 - 
========== LANGUAGE DETECTION ==========
Detected Language : KOREAN
Input Text        : 홈 Shorts 구독 내 페이지
========================================
22:27:17 [TestNG-test-Yt Master Tests-2] INFO  verifyingSideMenuCollapsedLangAsInSettingsLingua_22-21-21 - text sent to lingua is       홈 Shorts 구독 내 페이지
22:27:17 [TestNG-test-Yt Master Tests-2] INFO  verifyingSideMenuCollapsedLangAsInSettingsLingua_22-21-21 - getLangAttribute() - locating <html> and reading lang property
22:27:17 [TestNG-test-Yt Master Tests-2] INFO  verifyingSideMenuCollapsedLangAsInSettingsLingua_22-21-21 - Language attribute read: ko-KR
22:27:17 [TestNG-test-Yt Master Tests-2] INFO  verifyingSideMenuCollapsedLangAsInSettingsLingua_22-21-21 - Clicking settings ellipses button...
22:27:17 [TestNG-test-Yt Master Tests-2] INFO  verifyingSideMenuCollapsedLangAsInSettingsLingua_22-21-21 - [verifyingSideMenuCollapsedLangAsInSettingsLingua_22-21-21] Trying to find element: By.xpath: //ytd-topbar-menu-button-renderer[@class='style-scope ytd-masthead style-default']
22:27:17 [TestNG-test-Yt Master Tests-2] INFO  verifyingSideMenuCollapsedLangAsInSettingsLingua_22-21-21 - [verifyingSideMenuCollapsedLangAsInSettingsLingua_22-21-21] Element found and ready (attempt 1): By.xpath: //ytd-topbar-menu-button-renderer[@class='style-scope ytd-masthead style-default']
22:27:17 [TestNG-test-Yt Master Tests-2] INFO  verifyingSideMenuCollapsedLangAsInSettingsLingua_22-21-21 - Clicking language dropdown...
22:27:17 [TestNG-test-Yt Master Tests-2] INFO  verifyingSideMenuCollapsedLangAsInSettingsLingua_22-21-21 - [verifyingSideMenuCollapsedLangAsInSettingsLingua_22-21-21] Trying to find element: By.xpath: (//div[@id='content-icon'])[2]
22:27:17 [TestNG-test-Yt Master Tests-2] INFO  verifyingSideMenuCollapsedLangAsInSettingsLingua_22-21-21 - [verifyingSideMenuCollapsedLangAsInSettingsLingua_22-21-21] Element found and ready (attempt 1): By.xpath: (//div[@id='content-icon'])[2]
22:27:18 [TestNG-test-Yt Master Tests-2] INFO  verifyingSideMenuCollapsedLangAsInSettingsLingua_22-21-21 - [verifyingSideMenuCollapsedLangAsInSettingsLingua_22-21-21] Not retrying test 'verifyingSideMenuCollapsedLangAsInSettingsLingua'. Retry count: 0, Cause: The following asserts failed:
	Language detection mismatch for language=Azərbaycan expected [AZERBAIJANI] but found [TURKISH],
	Language detection mismatch for language=Bahasa Indonesia expected [INDONESIAN] but found [ENGLISH],
	Language detection mismatch for language=Bosanski expected [CROATIAN] but found [BOSNIAN],
	Language detection mismatch for language=Hrvatski expected [CROATIAN] but found [BOSNIAN]
