18:50:13 [TestNG-test-Yt Master Tests-2] INFO  verifyingSideMenuCollapsedLangAsInSettingsLingua_18-50-13 - No existing WebDriver found for current thread. Initializing a new ChromeDriver...
18:50:13 [TestNG-test-Yt Master Tests-2] INFO  verifyingSideMenuCollapsedLangAsInSettingsLingua_18-50-13 - WebDriverManager: chromedriver setup OK
18:50:14 [TestNG-test-Yt Master Tests-2] INFO  verifyingSideMenuCollapsedLangAsInSettingsLingua_18-50-13 - ChromeDriver initialized successfully for thread: 35
18:50:14 [TestNG-test-Yt Master Tests-2] INFO  verifyingSideMenuCollapsedLangAsInSettingsLingua_18-50-13 - SafeActions initialized with driver ChromeDriver: chrome on windows (8a7d105d550b404c1771c20c5798d8fd)
18:50:14 [TestNG-test-Yt Master Tests-2] INFO  verifyingSideMenuCollapsedLangAsInSettingsLingua_18-50-13 - Initialized YtLandingPage with driver: ChromeDriver: chrome on windows (8a7d105d550b404c1771c20c5798d8fd)
18:50:14 [TestNG-test-Yt Master Tests-2] INFO  verifyingSideMenuCollapsedLangAsInSettingsLingua_18-50-13 - SafeActions initialized with driver ChromeDriver: chrome on windows (8a7d105d550b404c1771c20c5798d8fd)
18:50:17 [TestNG-test-Yt Master Tests-2] INFO  verifyingSideMenuCollapsedLangAsInSettingsLingua_18-50-13 - Opened YouTube landing page.
18:50:17 [TestNG-test-Yt Master Tests-2] INFO  verifyingSideMenuCollapsedLangAsInSettingsLingua_18-50-13 - Clicking left ellipses in the landing page
18:50:17 [TestNG-test-Yt Master Tests-2] INFO  verifyingSideMenuCollapsedLangAsInSettingsLingua_18-50-13 - [verifyingSideMenuCollapsedLangAsInSettingsLingua_18-50-13] Trying to find element: By.xpath: //ytd-topbar-logo-renderer[@id='logo']/preceding-sibling::*[@id='guide-button']
18:50:17 [TestNG-test-Yt Master Tests-2] INFO  verifyingSideMenuCollapsedLangAsInSettingsLingua_18-50-13 - [verifyingSideMenuCollapsedLangAsInSettingsLingua_18-50-13] Element found and ready (attempt 1): By.xpath: //ytd-topbar-logo-renderer[@id='logo']/preceding-sibling::*[@id='guide-button']
18:50:17 [TestNG-test-Yt Master Tests-2] INFO  verifyingSideMenuCollapsedLangAsInSettingsLingua_18-50-13 - Clicking settings ellipses button...
18:50:17 [TestNG-test-Yt Master Tests-2] INFO  verifyingSideMenuCollapsedLangAsInSettingsLingua_18-50-13 - [verifyingSideMenuCollapsedLangAsInSettingsLingua_18-50-13] Trying to find element: By.xpath: //ytd-topbar-menu-button-renderer[@class='style-scope ytd-masthead style-default']
18:50:18 [TestNG-test-Yt Master Tests-2] INFO  verifyingSideMenuCollapsedLangAsInSettingsLingua_18-50-13 - [verifyingSideMenuCollapsedLangAsInSettingsLingua_18-50-13] Element found and ready (attempt 1): By.xpath: //ytd-topbar-menu-button-renderer[@class='style-scope ytd-masthead style-default']
18:50:18 [TestNG-test-Yt Master Tests-2] INFO  verifyingSideMenuCollapsedLangAsInSettingsLingua_18-50-13 - Clicking language dropdown...
18:50:18 [TestNG-test-Yt Master Tests-2] INFO  verifyingSideMenuCollapsedLangAsInSettingsLingua_18-50-13 - [verifyingSideMenuCollapsedLangAsInSettingsLingua_18-50-13] Trying to find element: By.xpath: (//div[@id='content-icon'])[2]
18:50:19 [TestNG-test-Yt Master Tests-2] INFO  verifyingSideMenuCollapsedLangAsInSettingsLingua_18-50-13 - [verifyingSideMenuCollapsedLangAsInSettingsLingua_18-50-13] Element found and ready (attempt 1): By.xpath: (//div[@id='content-icon'])[2]
18:50:19 [TestNG-test-Yt Master Tests-2] INFO  verifyingSideMenuCollapsedLangAsInSettingsLingua_18-50-13 - [verifyingSideMenuCollapsedLangAsInSettingsLingua_18-50-13] Execution is scheduled type /CRON Job on CI Hence refering to CI keys from UtilData
18:50:19 [TestNG-test-Yt Master Tests-2] INFO  verifyingSideMenuCollapsedLangAsInSettingsLingua_18-50-13 - Looking for language element with name: Afrikaans
18:50:19 [TestNG-test-Yt Master Tests-2] INFO  verifyingSideMenuCollapsedLangAsInSettingsLingua_18-50-13 - [verifyingSideMenuCollapsedLangAsInSettingsLingua_18-50-13] Trying to find element: By.xpath: //yt-multi-page-menu-section-renderer[@class='style-scope ytd-multi-page-menu-renderer']//yt-formatted-string[@id='label' and text()='Afrikaans']
18:50:20 [TestNG-test-Yt Master Tests-2] INFO  verifyingSideMenuCollapsedLangAsInSettingsLingua_18-50-13 - [verifyingSideMenuCollapsedLangAsInSettingsLingua_18-50-13] Element found and ready (attempt 1): By.xpath: //yt-multi-page-menu-section-renderer[@class='style-scope ytd-multi-page-menu-renderer']//yt-formatted-string[@id='label' and text()='Afrikaans']
18:50:20 [TestNG-test-Yt Master Tests-2] INFO  verifyingSideMenuCollapsedLangAsInSettingsLingua_18-50-13 - [verifyingSideMenuCollapsedLangAsInSettingsLingua_18-50-13] Trying to find element: By.xpath: //yt-multi-page-menu-section-renderer[@class='style-scope ytd-multi-page-menu-renderer']//yt-formatted-string[@id='label' and text()='Afrikaans']
18:50:20 [TestNG-test-Yt Master Tests-2] INFO  verifyingSideMenuCollapsedLangAsInSettingsLingua_18-50-13 - [verifyingSideMenuCollapsedLangAsInSettingsLingua_18-50-13] Element found and ready (attempt 1): By.xpath: //yt-multi-page-menu-section-renderer[@class='style-scope ytd-multi-page-menu-renderer']//yt-formatted-string[@id='label' and text()='Afrikaans']
18:50:22 [TestNG-test-Yt Master Tests-2] INFO  verifyingSideMenuCollapsedLangAsInSettingsLingua_18-50-13 - Clicking settings ellipses button...
18:50:22 [TestNG-test-Yt Master Tests-2] INFO  verifyingSideMenuCollapsedLangAsInSettingsLingua_18-50-13 - [verifyingSideMenuCollapsedLangAsInSettingsLingua_18-50-13] Trying to find element: By.xpath: //ytd-topbar-menu-button-renderer[@class='style-scope ytd-masthead style-default']
18:50:22 [TestNG-test-Yt Master Tests-2] INFO  verifyingSideMenuCollapsedLangAsInSettingsLingua_18-50-13 - [verifyingSideMenuCollapsedLangAsInSettingsLingua_18-50-13] Element found and ready (attempt 1): By.xpath: //ytd-topbar-menu-button-renderer[@class='style-scope ytd-masthead style-default']
18:50:23 [TestNG-test-Yt Master Tests-2] INFO  verifyingSideMenuCollapsedLangAsInSettingsLingua_18-50-13 - [verifyingSideMenuCollapsedLangAsInSettingsLingua_18-50-13] Waiting until element is visible in viewport
18:50:23 [TestNG-test-Yt Master Tests-2] INFO  verifyingSideMenuCollapsedLangAsInSettingsLingua_18-50-13 - Clicking settings ellipses button...
18:50:23 [TestNG-test-Yt Master Tests-2] INFO  verifyingSideMenuCollapsedLangAsInSettingsLingua_18-50-13 - [verifyingSideMenuCollapsedLangAsInSettingsLingua_18-50-13] Trying to find element: By.xpath: //ytd-topbar-menu-button-renderer[@class='style-scope ytd-masthead style-default']
18:50:23 [TestNG-test-Yt Master Tests-2] INFO  verifyingSideMenuCollapsedLangAsInSettingsLingua_18-50-13 - [verifyingSideMenuCollapsedLangAsInSettingsLingua_18-50-13] Element found and ready (attempt 1): By.xpath: //ytd-topbar-menu-button-renderer[@class='style-scope ytd-masthead style-default']
18:50:23 [TestNG-test-Yt Master Tests-2] INFO  verifyingSideMenuCollapsedLangAsInSettingsLingua_18-50-13 - getLangAttribute() - locating <html> and reading lang property
18:50:23 [TestNG-test-Yt Master Tests-2] INFO  verifyingSideMenuCollapsedLangAsInSettingsLingua_18-50-13 - Language attribute read: af-ZA
18:50:23 [TestNG-test-Yt Master Tests-2] INFO  verifyingSideMenuCollapsedLangAsInSettingsLingua_18-50-13 - Fetching the side menu in collapsed view
18:50:23 [TestNG-test-Yt Master Tests-2] INFO  verifyingSideMenuCollapsedLangAsInSettingsLingua_18-50-13 - [verifyingSideMenuCollapsedLangAsInSettingsLingua_18-50-13] Finding elements list: By.xpath: //ytd-mini-guide-renderer[@class='style-scope ytd-app']//ytd-mini-guide-entry-renderer
18:50:23 [TestNG-test-Yt Master Tests-2] INFO  verifyingSideMenuCollapsedLangAsInSettingsLingua_18-50-13 - [verifyingSideMenuCollapsedLangAsInSettingsLingua_18-50-13] Found 4 ready elements (attempt 1): By.xpath: //ytd-mini-guide-renderer[@class='style-scope ytd-app']//ytd-mini-guide-entry-renderer
18:50:29 [TestNG-test-Yt Master Tests-2] INFO  verifyingSideMenuCollapsedLangAsInSettingsLingua_18-50-13 - 
========== LANGUAGE DETECTION ==========
Detected Language : AFRIKAANS
Input Text        : Tuis Kortvideo's Intekeninge Myne
========================================
18:50:29 [TestNG-test-Yt Master Tests-2] INFO  verifyingSideMenuCollapsedLangAsInSettingsLingua_18-50-13 - text sent to lingua is       Tuis Kortvideo's Intekeninge Myne
18:50:29 [TestNG-test-Yt Master Tests-2] INFO  verifyingSideMenuCollapsedLangAsInSettingsLingua_18-50-13 - getLangAttribute() - locating <html> and reading lang property
18:50:29 [TestNG-test-Yt Master Tests-2] INFO  verifyingSideMenuCollapsedLangAsInSettingsLingua_18-50-13 - Language attribute read: af-ZA
18:50:29 [TestNG-test-Yt Master Tests-2] INFO  verifyingSideMenuCollapsedLangAsInSettingsLingua_18-50-13 - Clicking settings ellipses button...
18:50:30 [TestNG-test-Yt Master Tests-2] INFO  verifyingSideMenuCollapsedLangAsInSettingsLingua_18-50-13 - [verifyingSideMenuCollapsedLangAsInSettingsLingua_18-50-13] Trying to find element: By.xpath: //ytd-topbar-menu-button-renderer[@class='style-scope ytd-masthead style-default']
18:50:30 [TestNG-test-Yt Master Tests-2] INFO  verifyingSideMenuCollapsedLangAsInSettingsLingua_18-50-13 - [verifyingSideMenuCollapsedLangAsInSettingsLingua_18-50-13] Element found and ready (attempt 1): By.xpath: //ytd-topbar-menu-button-renderer[@class='style-scope ytd-masthead style-default']
18:50:30 [TestNG-test-Yt Master Tests-2] INFO  verifyingSideMenuCollapsedLangAsInSettingsLingua_18-50-13 - Clicking language dropdown...
18:50:30 [TestNG-test-Yt Master Tests-2] INFO  verifyingSideMenuCollapsedLangAsInSettingsLingua_18-50-13 - [verifyingSideMenuCollapsedLangAsInSettingsLingua_18-50-13] Trying to find element: By.xpath: (//div[@id='content-icon'])[2]
18:50:31 [TestNG-test-Yt Master Tests-2] INFO  verifyingSideMenuCollapsedLangAsInSettingsLingua_18-50-13 - [verifyingSideMenuCollapsedLangAsInSettingsLingua_18-50-13] Element found and ready (attempt 1): By.xpath: (//div[@id='content-icon'])[2]
18:50:31 [TestNG-test-Yt Master Tests-2] INFO  verifyingSideMenuCollapsedLangAsInSettingsLingua_18-50-13 - Looking for language element with name: Azərbaycan
18:50:31 [TestNG-test-Yt Master Tests-2] INFO  verifyingSideMenuCollapsedLangAsInSettingsLingua_18-50-13 - [verifyingSideMenuCollapsedLangAsInSettingsLingua_18-50-13] Trying to find element: By.xpath: //yt-multi-page-menu-section-renderer[@class='style-scope ytd-multi-page-menu-renderer']//yt-formatted-string[@id='label' and text()='Azərbaycan']
18:50:32 [TestNG-test-Yt Master Tests-2] INFO  verifyingSideMenuCollapsedLangAsInSettingsLingua_18-50-13 - [verifyingSideMenuCollapsedLangAsInSettingsLingua_18-50-13] Element found and ready (attempt 1): By.xpath: //yt-multi-page-menu-section-renderer[@class='style-scope ytd-multi-page-menu-renderer']//yt-formatted-string[@id='label' and text()='Azərbaycan']
18:50:32 [TestNG-test-Yt Master Tests-2] INFO  verifyingSideMenuCollapsedLangAsInSettingsLingua_18-50-13 - [verifyingSideMenuCollapsedLangAsInSettingsLingua_18-50-13] Trying to find element: By.xpath: //yt-multi-page-menu-section-renderer[@class='style-scope ytd-multi-page-menu-renderer']//yt-formatted-string[@id='label' and text()='Azərbaycan']
18:50:32 [TestNG-test-Yt Master Tests-2] INFO  verifyingSideMenuCollapsedLangAsInSettingsLingua_18-50-13 - [verifyingSideMenuCollapsedLangAsInSettingsLingua_18-50-13] Element found and ready (attempt 1): By.xpath: //yt-multi-page-menu-section-renderer[@class='style-scope ytd-multi-page-menu-renderer']//yt-formatted-string[@id='label' and text()='Azərbaycan']
18:50:33 [TestNG-test-Yt Master Tests-2] INFO  verifyingSideMenuCollapsedLangAsInSettingsLingua_18-50-13 - Clicking settings ellipses button...
18:50:34 [TestNG-test-Yt Master Tests-2] INFO  verifyingSideMenuCollapsedLangAsInSettingsLingua_18-50-13 - [verifyingSideMenuCollapsedLangAsInSettingsLingua_18-50-13] Trying to find element: By.xpath: //ytd-topbar-menu-button-renderer[@class='style-scope ytd-masthead style-default']
18:50:34 [TestNG-test-Yt Master Tests-2] INFO  verifyingSideMenuCollapsedLangAsInSettingsLingua_18-50-13 - [verifyingSideMenuCollapsedLangAsInSettingsLingua_18-50-13] Element found and ready (attempt 1): By.xpath: //ytd-topbar-menu-button-renderer[@class='style-scope ytd-masthead style-default']
18:50:34 [TestNG-test-Yt Master Tests-2] INFO  verifyingSideMenuCollapsedLangAsInSettingsLingua_18-50-13 - [verifyingSideMenuCollapsedLangAsInSettingsLingua_18-50-13] Waiting until element is visible in viewport
18:50:35 [TestNG-test-Yt Master Tests-2] INFO  verifyingSideMenuCollapsedLangAsInSettingsLingua_18-50-13 - Clicking settings ellipses button...
18:50:35 [TestNG-test-Yt Master Tests-2] INFO  verifyingSideMenuCollapsedLangAsInSettingsLingua_18-50-13 - [verifyingSideMenuCollapsedLangAsInSettingsLingua_18-50-13] Trying to find element: By.xpath: //ytd-topbar-menu-button-renderer[@class='style-scope ytd-masthead style-default']
18:50:35 [TestNG-test-Yt Master Tests-2] INFO  verifyingSideMenuCollapsedLangAsInSettingsLingua_18-50-13 - [verifyingSideMenuCollapsedLangAsInSettingsLingua_18-50-13] Element found and ready (attempt 1): By.xpath: //ytd-topbar-menu-button-renderer[@class='style-scope ytd-masthead style-default']
18:50:35 [TestNG-test-Yt Master Tests-2] INFO  verifyingSideMenuCollapsedLangAsInSettingsLingua_18-50-13 - getLangAttribute() - locating <html> and reading lang property
18:50:35 [TestNG-test-Yt Master Tests-2] INFO  verifyingSideMenuCollapsedLangAsInSettingsLingua_18-50-13 - Language attribute read: az-Latn-AZ
18:50:35 [TestNG-test-Yt Master Tests-2] INFO  verifyingSideMenuCollapsedLangAsInSettingsLingua_18-50-13 - Fetching the side menu in collapsed view
18:50:35 [TestNG-test-Yt Master Tests-2] INFO  verifyingSideMenuCollapsedLangAsInSettingsLingua_18-50-13 - [verifyingSideMenuCollapsedLangAsInSettingsLingua_18-50-13] Finding elements list: By.xpath: //ytd-mini-guide-renderer[@class='style-scope ytd-app']//ytd-mini-guide-entry-renderer
18:50:35 [TestNG-test-Yt Master Tests-2] INFO  verifyingSideMenuCollapsedLangAsInSettingsLingua_18-50-13 - [verifyingSideMenuCollapsedLangAsInSettingsLingua_18-50-13] Found 4 ready elements (attempt 1): By.xpath: //ytd-mini-guide-renderer[@class='style-scope ytd-app']//ytd-mini-guide-entry-renderer
18:50:35 [TestNG-test-Yt Master Tests-2] INFO  verifyingSideMenuCollapsedLangAsInSettingsLingua_18-50-13 - 
========== LANGUAGE DETECTION ==========
Detected Language : TURKISH
Input Text        : Ev Shorts Abunəliklər Siz
========================================
18:50:35 [TestNG-test-Yt Master Tests-2] INFO  verifyingSideMenuCollapsedLangAsInSettingsLingua_18-50-13 - text sent to lingua is       Ev Shorts Abunəliklər Siz
18:50:35 [TestNG-test-Yt Master Tests-2] INFO  verifyingSideMenuCollapsedLangAsInSettingsLingua_18-50-13 - getLangAttribute() - locating <html> and reading lang property
18:50:35 [TestNG-test-Yt Master Tests-2] INFO  verifyingSideMenuCollapsedLangAsInSettingsLingua_18-50-13 - Language attribute read: az-Latn-AZ
18:50:35 [TestNG-test-Yt Master Tests-2] INFO  verifyingSideMenuCollapsedLangAsInSettingsLingua_18-50-13 - Clicking settings ellipses button...
18:50:35 [TestNG-test-Yt Master Tests-2] INFO  verifyingSideMenuCollapsedLangAsInSettingsLingua_18-50-13 - [verifyingSideMenuCollapsedLangAsInSettingsLingua_18-50-13] Trying to find element: By.xpath: //ytd-topbar-menu-button-renderer[@class='style-scope ytd-masthead style-default']
18:50:35 [TestNG-test-Yt Master Tests-2] INFO  verifyingSideMenuCollapsedLangAsInSettingsLingua_18-50-13 - [verifyingSideMenuCollapsedLangAsInSettingsLingua_18-50-13] Element found and ready (attempt 1): By.xpath: //ytd-topbar-menu-button-renderer[@class='style-scope ytd-masthead style-default']
18:50:35 [TestNG-test-Yt Master Tests-2] INFO  verifyingSideMenuCollapsedLangAsInSettingsLingua_18-50-13 - Clicking language dropdown...
18:50:35 [TestNG-test-Yt Master Tests-2] INFO  verifyingSideMenuCollapsedLangAsInSettingsLingua_18-50-13 - [verifyingSideMenuCollapsedLangAsInSettingsLingua_18-50-13] Trying to find element: By.xpath: (//div[@id='content-icon'])[2]
18:50:36 [TestNG-test-Yt Master Tests-2] INFO  verifyingSideMenuCollapsedLangAsInSettingsLingua_18-50-13 - [verifyingSideMenuCollapsedLangAsInSettingsLingua_18-50-13] Element found and ready (attempt 1): By.xpath: (//div[@id='content-icon'])[2]
18:50:36 [TestNG-test-Yt Master Tests-2] INFO  verifyingSideMenuCollapsedLangAsInSettingsLingua_18-50-13 - Looking for language element with name: Bahasa Indonesia
18:50:36 [TestNG-test-Yt Master Tests-2] INFO  verifyingSideMenuCollapsedLangAsInSettingsLingua_18-50-13 - [verifyingSideMenuCollapsedLangAsInSettingsLingua_18-50-13] Trying to find element: By.xpath: //yt-multi-page-menu-section-renderer[@class='style-scope ytd-multi-page-menu-renderer']//yt-formatted-string[@id='label' and text()='Bahasa Indonesia']
18:50:37 [TestNG-test-Yt Master Tests-2] INFO  verifyingSideMenuCollapsedLangAsInSettingsLingua_18-50-13 - [verifyingSideMenuCollapsedLangAsInSettingsLingua_18-50-13] Element found and ready (attempt 1): By.xpath: //yt-multi-page-menu-section-renderer[@class='style-scope ytd-multi-page-menu-renderer']//yt-formatted-string[@id='label' and text()='Bahasa Indonesia']
18:50:37 [TestNG-test-Yt Master Tests-2] INFO  verifyingSideMenuCollapsedLangAsInSettingsLingua_18-50-13 - [verifyingSideMenuCollapsedLangAsInSettingsLingua_18-50-13] Trying to find element: By.xpath: //yt-multi-page-menu-section-renderer[@class='style-scope ytd-multi-page-menu-renderer']//yt-formatted-string[@id='label' and text()='Bahasa Indonesia']
18:50:37 [TestNG-test-Yt Master Tests-2] INFO  verifyingSideMenuCollapsedLangAsInSettingsLingua_18-50-13 - [verifyingSideMenuCollapsedLangAsInSettingsLingua_18-50-13] Element found and ready (attempt 1): By.xpath: //yt-multi-page-menu-section-renderer[@class='style-scope ytd-multi-page-menu-renderer']//yt-formatted-string[@id='label' and text()='Bahasa Indonesia']
18:50:37 [TestNG-test-Yt Master Tests-2] INFO  verifyingSideMenuCollapsedLangAsInSettingsLingua_18-50-13 - Clicking settings ellipses button...
18:50:38 [TestNG-test-Yt Master Tests-2] INFO  verifyingSideMenuCollapsedLangAsInSettingsLingua_18-50-13 - [verifyingSideMenuCollapsedLangAsInSettingsLingua_18-50-13] Trying to find element: By.xpath: //ytd-topbar-menu-button-renderer[@class='style-scope ytd-masthead style-default']
18:50:38 [TestNG-test-Yt Master Tests-2] INFO  verifyingSideMenuCollapsedLangAsInSettingsLingua_18-50-13 - [verifyingSideMenuCollapsedLangAsInSettingsLingua_18-50-13] Element found and ready (attempt 1): By.xpath: //ytd-topbar-menu-button-renderer[@class='style-scope ytd-masthead style-default']
18:50:38 [TestNG-test-Yt Master Tests-2] INFO  verifyingSideMenuCollapsedLangAsInSettingsLingua_18-50-13 - [verifyingSideMenuCollapsedLangAsInSettingsLingua_18-50-13] Waiting until element is visible in viewport
18:50:39 [TestNG-test-Yt Master Tests-2] INFO  verifyingSideMenuCollapsedLangAsInSettingsLingua_18-50-13 - Clicking settings ellipses button...
18:50:39 [TestNG-test-Yt Master Tests-2] INFO  verifyingSideMenuCollapsedLangAsInSettingsLingua_18-50-13 - [verifyingSideMenuCollapsedLangAsInSettingsLingua_18-50-13] Trying to find element: By.xpath: //ytd-topbar-menu-button-renderer[@class='style-scope ytd-masthead style-default']
18:50:39 [TestNG-test-Yt Master Tests-2] INFO  verifyingSideMenuCollapsedLangAsInSettingsLingua_18-50-13 - [verifyingSideMenuCollapsedLangAsInSettingsLingua_18-50-13] Element found and ready (attempt 1): By.xpath: //ytd-topbar-menu-button-renderer[@class='style-scope ytd-masthead style-default']
18:50:39 [TestNG-test-Yt Master Tests-2] INFO  verifyingSideMenuCollapsedLangAsInSettingsLingua_18-50-13 - getLangAttribute() - locating <html> and reading lang property
18:50:39 [TestNG-test-Yt Master Tests-2] INFO  verifyingSideMenuCollapsedLangAsInSettingsLingua_18-50-13 - Language attribute read: id-ID
18:50:39 [TestNG-test-Yt Master Tests-2] INFO  verifyingSideMenuCollapsedLangAsInSettingsLingua_18-50-13 - Fetching the side menu in collapsed view
18:50:39 [TestNG-test-Yt Master Tests-2] INFO  verifyingSideMenuCollapsedLangAsInSettingsLingua_18-50-13 - [verifyingSideMenuCollapsedLangAsInSettingsLingua_18-50-13] Finding elements list: By.xpath: //ytd-mini-guide-renderer[@class='style-scope ytd-app']//ytd-mini-guide-entry-renderer
18:50:39 [TestNG-test-Yt Master Tests-2] INFO  verifyingSideMenuCollapsedLangAsInSettingsLingua_18-50-13 - [verifyingSideMenuCollapsedLangAsInSettingsLingua_18-50-13] Found 4 ready elements (attempt 1): By.xpath: //ytd-mini-guide-renderer[@class='style-scope ytd-app']//ytd-mini-guide-entry-renderer
18:50:39 [TestNG-test-Yt Master Tests-2] INFO  verifyingSideMenuCollapsedLangAsInSettingsLingua_18-50-13 - 
========== LANGUAGE DETECTION ==========
Detected Language : ENGLISH
Input Text        : Beranda Shorts Subscription Anda
========================================
18:50:39 [TestNG-test-Yt Master Tests-2] INFO  verifyingSideMenuCollapsedLangAsInSettingsLingua_18-50-13 - text sent to lingua is       Beranda Shorts Subscription Anda
18:50:39 [TestNG-test-Yt Master Tests-2] INFO  verifyingSideMenuCollapsedLangAsInSettingsLingua_18-50-13 - getLangAttribute() - locating <html> and reading lang property
18:50:39 [TestNG-test-Yt Master Tests-2] INFO  verifyingSideMenuCollapsedLangAsInSettingsLingua_18-50-13 - Language attribute read: id-ID
18:50:39 [TestNG-test-Yt Master Tests-2] INFO  verifyingSideMenuCollapsedLangAsInSettingsLingua_18-50-13 - Clicking settings ellipses button...
18:50:39 [TestNG-test-Yt Master Tests-2] INFO  verifyingSideMenuCollapsedLangAsInSettingsLingua_18-50-13 - [verifyingSideMenuCollapsedLangAsInSettingsLingua_18-50-13] Trying to find element: By.xpath: //ytd-topbar-menu-button-renderer[@class='style-scope ytd-masthead style-default']
18:50:39 [TestNG-test-Yt Master Tests-2] INFO  verifyingSideMenuCollapsedLangAsInSettingsLingua_18-50-13 - [verifyingSideMenuCollapsedLangAsInSettingsLingua_18-50-13] Element found and ready (attempt 1): By.xpath: //ytd-topbar-menu-button-renderer[@class='style-scope ytd-masthead style-default']
18:50:39 [TestNG-test-Yt Master Tests-2] INFO  verifyingSideMenuCollapsedLangAsInSettingsLingua_18-50-13 - Clicking language dropdown...
18:50:39 [TestNG-test-Yt Master Tests-2] INFO  verifyingSideMenuCollapsedLangAsInSettingsLingua_18-50-13 - [verifyingSideMenuCollapsedLangAsInSettingsLingua_18-50-13] Trying to find element: By.xpath: (//div[@id='content-icon'])[2]
18:50:40 [TestNG-test-Yt Master Tests-2] INFO  verifyingSideMenuCollapsedLangAsInSettingsLingua_18-50-13 - [verifyingSideMenuCollapsedLangAsInSettingsLingua_18-50-13] Element found and ready (attempt 1): By.xpath: (//div[@id='content-icon'])[2]
18:50:40 [TestNG-test-Yt Master Tests-2] INFO  verifyingSideMenuCollapsedLangAsInSettingsLingua_18-50-13 - Looking for language element with name: Bosanski
18:50:40 [TestNG-test-Yt Master Tests-2] INFO  verifyingSideMenuCollapsedLangAsInSettingsLingua_18-50-13 - [verifyingSideMenuCollapsedLangAsInSettingsLingua_18-50-13] Trying to find element: By.xpath: //yt-multi-page-menu-section-renderer[@class='style-scope ytd-multi-page-menu-renderer']//yt-formatted-string[@id='label' and text()='Bosanski']
18:50:41 [TestNG-test-Yt Master Tests-2] INFO  verifyingSideMenuCollapsedLangAsInSettingsLingua_18-50-13 - [verifyingSideMenuCollapsedLangAsInSettingsLingua_18-50-13] Element found and ready (attempt 1): By.xpath: //yt-multi-page-menu-section-renderer[@class='style-scope ytd-multi-page-menu-renderer']//yt-formatted-string[@id='label' and text()='Bosanski']
18:50:41 [TestNG-test-Yt Master Tests-2] INFO  verifyingSideMenuCollapsedLangAsInSettingsLingua_18-50-13 - [verifyingSideMenuCollapsedLangAsInSettingsLingua_18-50-13] Trying to find element: By.xpath: //yt-multi-page-menu-section-renderer[@class='style-scope ytd-multi-page-menu-renderer']//yt-formatted-string[@id='label' and text()='Bosanski']
18:50:41 [TestNG-test-Yt Master Tests-2] INFO  verifyingSideMenuCollapsedLangAsInSettingsLingua_18-50-13 - [verifyingSideMenuCollapsedLangAsInSettingsLingua_18-50-13] Element found and ready (attempt 1): By.xpath: //yt-multi-page-menu-section-renderer[@class='style-scope ytd-multi-page-menu-renderer']//yt-formatted-string[@id='label' and text()='Bosanski']
18:50:42 [TestNG-test-Yt Master Tests-2] INFO  verifyingSideMenuCollapsedLangAsInSettingsLingua_18-50-13 - Clicking settings ellipses button...
18:50:43 [TestNG-test-Yt Master Tests-2] INFO  verifyingSideMenuCollapsedLangAsInSettingsLingua_18-50-13 - [verifyingSideMenuCollapsedLangAsInSettingsLingua_18-50-13] Trying to find element: By.xpath: //ytd-topbar-menu-button-renderer[@class='style-scope ytd-masthead style-default']
18:50:43 [TestNG-test-Yt Master Tests-2] INFO  verifyingSideMenuCollapsedLangAsInSettingsLingua_18-50-13 - [verifyingSideMenuCollapsedLangAsInSettingsLingua_18-50-13] Element found and ready (attempt 1): By.xpath: //ytd-topbar-menu-button-renderer[@class='style-scope ytd-masthead style-default']
18:50:43 [TestNG-test-Yt Master Tests-2] INFO  verifyingSideMenuCollapsedLangAsInSettingsLingua_18-50-13 - [verifyingSideMenuCollapsedLangAsInSettingsLingua_18-50-13] Waiting until element is visible in viewport
18:50:43 [TestNG-test-Yt Master Tests-2] INFO  verifyingSideMenuCollapsedLangAsInSettingsLingua_18-50-13 - Clicking settings ellipses button...
18:50:43 [TestNG-test-Yt Master Tests-2] INFO  verifyingSideMenuCollapsedLangAsInSettingsLingua_18-50-13 - [verifyingSideMenuCollapsedLangAsInSettingsLingua_18-50-13] Trying to find element: By.xpath: //ytd-topbar-menu-button-renderer[@class='style-scope ytd-masthead style-default']
18:50:43 [TestNG-test-Yt Master Tests-2] INFO  verifyingSideMenuCollapsedLangAsInSettingsLingua_18-50-13 - [verifyingSideMenuCollapsedLangAsInSettingsLingua_18-50-13] Element found and ready (attempt 1): By.xpath: //ytd-topbar-menu-button-renderer[@class='style-scope ytd-masthead style-default']
18:50:44 [TestNG-test-Yt Master Tests-2] INFO  verifyingSideMenuCollapsedLangAsInSettingsLingua_18-50-13 - getLangAttribute() - locating <html> and reading lang property
18:50:44 [TestNG-test-Yt Master Tests-2] INFO  verifyingSideMenuCollapsedLangAsInSettingsLingua_18-50-13 - Language attribute read: bs-Latn-BA
18:50:44 [TestNG-test-Yt Master Tests-2] INFO  verifyingSideMenuCollapsedLangAsInSettingsLingua_18-50-13 - Fetching the side menu in collapsed view
18:50:44 [TestNG-test-Yt Master Tests-2] INFO  verifyingSideMenuCollapsedLangAsInSettingsLingua_18-50-13 - [verifyingSideMenuCollapsedLangAsInSettingsLingua_18-50-13] Finding elements list: By.xpath: //ytd-mini-guide-renderer[@class='style-scope ytd-app']//ytd-mini-guide-entry-renderer
18:50:44 [TestNG-test-Yt Master Tests-2] INFO  verifyingSideMenuCollapsedLangAsInSettingsLingua_18-50-13 - [verifyingSideMenuCollapsedLangAsInSettingsLingua_18-50-13] Found 4 ready elements (attempt 1): By.xpath: //ytd-mini-guide-renderer[@class='style-scope ytd-app']//ytd-mini-guide-entry-renderer
18:50:44 [TestNG-test-Yt Master Tests-2] INFO  verifyingSideMenuCollapsedLangAsInSettingsLingua_18-50-13 - 
========== LANGUAGE DETECTION ==========
Detected Language : BOSNIAN
Input Text        : Početna stranica Shorts Pretplate Vi
========================================
18:50:44 [TestNG-test-Yt Master Tests-2] INFO  verifyingSideMenuCollapsedLangAsInSettingsLingua_18-50-13 - text sent to lingua is       Početna stranica Shorts Pretplate Vi
18:50:44 [TestNG-test-Yt Master Tests-2] INFO  verifyingSideMenuCollapsedLangAsInSettingsLingua_18-50-13 - getLangAttribute() - locating <html> and reading lang property
18:50:44 [TestNG-test-Yt Master Tests-2] INFO  verifyingSideMenuCollapsedLangAsInSettingsLingua_18-50-13 - Language attribute read: bs-Latn-BA
18:50:44 [TestNG-test-Yt Master Tests-2] INFO  verifyingSideMenuCollapsedLangAsInSettingsLingua_18-50-13 - Clicking settings ellipses button...
18:50:44 [TestNG-test-Yt Master Tests-2] INFO  verifyingSideMenuCollapsedLangAsInSettingsLingua_18-50-13 - [verifyingSideMenuCollapsedLangAsInSettingsLingua_18-50-13] Trying to find element: By.xpath: //ytd-topbar-menu-button-renderer[@class='style-scope ytd-masthead style-default']
18:50:44 [TestNG-test-Yt Master Tests-2] INFO  verifyingSideMenuCollapsedLangAsInSettingsLingua_18-50-13 - [verifyingSideMenuCollapsedLangAsInSettingsLingua_18-50-13] Element found and ready (attempt 1): By.xpath: //ytd-topbar-menu-button-renderer[@class='style-scope ytd-masthead style-default']
18:50:44 [TestNG-test-Yt Master Tests-2] INFO  verifyingSideMenuCollapsedLangAsInSettingsLingua_18-50-13 - Clicking language dropdown...
18:50:44 [TestNG-test-Yt Master Tests-2] INFO  verifyingSideMenuCollapsedLangAsInSettingsLingua_18-50-13 - [verifyingSideMenuCollapsedLangAsInSettingsLingua_18-50-13] Trying to find element: By.xpath: (//div[@id='content-icon'])[2]
18:50:44 [TestNG-test-Yt Master Tests-2] INFO  verifyingSideMenuCollapsedLangAsInSettingsLingua_18-50-13 - [verifyingSideMenuCollapsedLangAsInSettingsLingua_18-50-13] Element found and ready (attempt 1): By.xpath: (//div[@id='content-icon'])[2]
18:50:44 [TestNG-test-Yt Master Tests-2] INFO  verifyingSideMenuCollapsedLangAsInSettingsLingua_18-50-13 - Looking for language element with name: Català
18:50:44 [TestNG-test-Yt Master Tests-2] INFO  verifyingSideMenuCollapsedLangAsInSettingsLingua_18-50-13 - [verifyingSideMenuCollapsedLangAsInSettingsLingua_18-50-13] Trying to find element: By.xpath: //yt-multi-page-menu-section-renderer[@class='style-scope ytd-multi-page-menu-renderer']//yt-formatted-string[@id='label' and text()='Català']
18:50:45 [TestNG-test-Yt Master Tests-2] INFO  verifyingSideMenuCollapsedLangAsInSettingsLingua_18-50-13 - [verifyingSideMenuCollapsedLangAsInSettingsLingua_18-50-13] Element found and ready (attempt 1): By.xpath: //yt-multi-page-menu-section-renderer[@class='style-scope ytd-multi-page-menu-renderer']//yt-formatted-string[@id='label' and text()='Català']
18:50:45 [TestNG-test-Yt Master Tests-2] INFO  verifyingSideMenuCollapsedLangAsInSettingsLingua_18-50-13 - [verifyingSideMenuCollapsedLangAsInSettingsLingua_18-50-13] Trying to find element: By.xpath: //yt-multi-page-menu-section-renderer[@class='style-scope ytd-multi-page-menu-renderer']//yt-formatted-string[@id='label' and text()='Català']
18:50:45 [TestNG-test-Yt Master Tests-2] INFO  verifyingSideMenuCollapsedLangAsInSettingsLingua_18-50-13 - [verifyingSideMenuCollapsedLangAsInSettingsLingua_18-50-13] Element found and ready (attempt 1): By.xpath: //yt-multi-page-menu-section-renderer[@class='style-scope ytd-multi-page-menu-renderer']//yt-formatted-string[@id='label' and text()='Català']
18:50:47 [TestNG-test-Yt Master Tests-2] INFO  verifyingSideMenuCollapsedLangAsInSettingsLingua_18-50-13 - Clicking settings ellipses button...
18:50:47 [TestNG-test-Yt Master Tests-2] INFO  verifyingSideMenuCollapsedLangAsInSettingsLingua_18-50-13 - [verifyingSideMenuCollapsedLangAsInSettingsLingua_18-50-13] Trying to find element: By.xpath: //ytd-topbar-menu-button-renderer[@class='style-scope ytd-masthead style-default']
18:50:47 [TestNG-test-Yt Master Tests-2] INFO  verifyingSideMenuCollapsedLangAsInSettingsLingua_18-50-13 - [verifyingSideMenuCollapsedLangAsInSettingsLingua_18-50-13] Element found and ready (attempt 1): By.xpath: //ytd-topbar-menu-button-renderer[@class='style-scope ytd-masthead style-default']
18:50:47 [TestNG-test-Yt Master Tests-2] INFO  verifyingSideMenuCollapsedLangAsInSettingsLingua_18-50-13 - [verifyingSideMenuCollapsedLangAsInSettingsLingua_18-50-13] Waiting until element is visible in viewport
18:50:48 [TestNG-test-Yt Master Tests-2] INFO  verifyingSideMenuCollapsedLangAsInSettingsLingua_18-50-13 - Clicking settings ellipses button...
18:50:48 [TestNG-test-Yt Master Tests-2] INFO  verifyingSideMenuCollapsedLangAsInSettingsLingua_18-50-13 - [verifyingSideMenuCollapsedLangAsInSettingsLingua_18-50-13] Trying to find element: By.xpath: //ytd-topbar-menu-button-renderer[@class='style-scope ytd-masthead style-default']
18:50:48 [TestNG-test-Yt Master Tests-2] INFO  verifyingSideMenuCollapsedLangAsInSettingsLingua_18-50-13 - [verifyingSideMenuCollapsedLangAsInSettingsLingua_18-50-13] Element found and ready (attempt 1): By.xpath: //ytd-topbar-menu-button-renderer[@class='style-scope ytd-masthead style-default']
18:50:48 [TestNG-test-Yt Master Tests-2] INFO  verifyingSideMenuCollapsedLangAsInSettingsLingua_18-50-13 - getLangAttribute() - locating <html> and reading lang property
18:50:48 [TestNG-test-Yt Master Tests-2] INFO  verifyingSideMenuCollapsedLangAsInSettingsLingua_18-50-13 - Language attribute read: ca-ES
18:50:48 [TestNG-test-Yt Master Tests-2] INFO  verifyingSideMenuCollapsedLangAsInSettingsLingua_18-50-13 - Fetching the side menu in collapsed view
18:50:48 [TestNG-test-Yt Master Tests-2] INFO  verifyingSideMenuCollapsedLangAsInSettingsLingua_18-50-13 - [verifyingSideMenuCollapsedLangAsInSettingsLingua_18-50-13] Finding elements list: By.xpath: //ytd-mini-guide-renderer[@class='style-scope ytd-app']//ytd-mini-guide-entry-renderer
18:50:48 [TestNG-test-Yt Master Tests-2] INFO  verifyingSideMenuCollapsedLangAsInSettingsLingua_18-50-13 - [verifyingSideMenuCollapsedLangAsInSettingsLingua_18-50-13] Found 4 ready elements (attempt 1): By.xpath: //ytd-mini-guide-renderer[@class='style-scope ytd-app']//ytd-mini-guide-entry-renderer
18:50:48 [TestNG-test-Yt Master Tests-2] INFO  verifyingSideMenuCollapsedLangAsInSettingsLingua_18-50-13 - 
========== LANGUAGE DETECTION ==========
Detected Language : CATALAN
Input Text        : Inici YouTube Shorts Subscripcions Tu
========================================
18:50:48 [TestNG-test-Yt Master Tests-2] INFO  verifyingSideMenuCollapsedLangAsInSettingsLingua_18-50-13 - text sent to lingua is       Inici YouTube Shorts Subscripcions Tu
18:50:48 [TestNG-test-Yt Master Tests-2] INFO  verifyingSideMenuCollapsedLangAsInSettingsLingua_18-50-13 - getLangAttribute() - locating <html> and reading lang property
18:50:48 [TestNG-test-Yt Master Tests-2] INFO  verifyingSideMenuCollapsedLangAsInSettingsLingua_18-50-13 - Language attribute read: ca-ES
18:50:48 [TestNG-test-Yt Master Tests-2] INFO  verifyingSideMenuCollapsedLangAsInSettingsLingua_18-50-13 - Clicking settings ellipses button...
18:50:48 [TestNG-test-Yt Master Tests-2] INFO  verifyingSideMenuCollapsedLangAsInSettingsLingua_18-50-13 - [verifyingSideMenuCollapsedLangAsInSettingsLingua_18-50-13] Trying to find element: By.xpath: //ytd-topbar-menu-button-renderer[@class='style-scope ytd-masthead style-default']
18:50:48 [TestNG-test-Yt Master Tests-2] INFO  verifyingSideMenuCollapsedLangAsInSettingsLingua_18-50-13 - [verifyingSideMenuCollapsedLangAsInSettingsLingua_18-50-13] Element found and ready (attempt 1): By.xpath: //ytd-topbar-menu-button-renderer[@class='style-scope ytd-masthead style-default']
18:50:48 [TestNG-test-Yt Master Tests-2] INFO  verifyingSideMenuCollapsedLangAsInSettingsLingua_18-50-13 - Clicking language dropdown...
18:50:48 [TestNG-test-Yt Master Tests-2] INFO  verifyingSideMenuCollapsedLangAsInSettingsLingua_18-50-13 - [verifyingSideMenuCollapsedLangAsInSettingsLingua_18-50-13] Trying to find element: By.xpath: (//div[@id='content-icon'])[2]
18:50:49 [TestNG-test-Yt Master Tests-2] INFO  verifyingSideMenuCollapsedLangAsInSettingsLingua_18-50-13 - [verifyingSideMenuCollapsedLangAsInSettingsLingua_18-50-13] Element found and ready (attempt 1): By.xpath: (//div[@id='content-icon'])[2]
18:50:49 [TestNG-test-Yt Master Tests-2] INFO  verifyingSideMenuCollapsedLangAsInSettingsLingua_18-50-13 - Looking for language element with name: Dansk
18:50:49 [TestNG-test-Yt Master Tests-2] INFO  verifyingSideMenuCollapsedLangAsInSettingsLingua_18-50-13 - [verifyingSideMenuCollapsedLangAsInSettingsLingua_18-50-13] Trying to find element: By.xpath: //yt-multi-page-menu-section-renderer[@class='style-scope ytd-multi-page-menu-renderer']//yt-formatted-string[@id='label' and text()='Dansk']
18:50:49 [TestNG-test-Yt Master Tests-2] INFO  verifyingSideMenuCollapsedLangAsInSettingsLingua_18-50-13 - [verifyingSideMenuCollapsedLangAsInSettingsLingua_18-50-13] Element found and ready (attempt 1): By.xpath: //yt-multi-page-menu-section-renderer[@class='style-scope ytd-multi-page-menu-renderer']//yt-formatted-string[@id='label' and text()='Dansk']
18:50:49 [TestNG-test-Yt Master Tests-2] INFO  verifyingSideMenuCollapsedLangAsInSettingsLingua_18-50-13 - [verifyingSideMenuCollapsedLangAsInSettingsLingua_18-50-13] Trying to find element: By.xpath: //yt-multi-page-menu-section-renderer[@class='style-scope ytd-multi-page-menu-renderer']//yt-formatted-string[@id='label' and text()='Dansk']
18:50:49 [TestNG-test-Yt Master Tests-2] INFO  verifyingSideMenuCollapsedLangAsInSettingsLingua_18-50-13 - [verifyingSideMenuCollapsedLangAsInSettingsLingua_18-50-13] Element found and ready (attempt 1): By.xpath: //yt-multi-page-menu-section-renderer[@class='style-scope ytd-multi-page-menu-renderer']//yt-formatted-string[@id='label' and text()='Dansk']
18:50:51 [TestNG-test-Yt Master Tests-2] INFO  verifyingSideMenuCollapsedLangAsInSettingsLingua_18-50-13 - Clicking settings ellipses button...
18:50:52 [TestNG-test-Yt Master Tests-2] INFO  verifyingSideMenuCollapsedLangAsInSettingsLingua_18-50-13 - [verifyingSideMenuCollapsedLangAsInSettingsLingua_18-50-13] Trying to find element: By.xpath: //ytd-topbar-menu-button-renderer[@class='style-scope ytd-masthead style-default']
18:50:52 [TestNG-test-Yt Master Tests-2] INFO  verifyingSideMenuCollapsedLangAsInSettingsLingua_18-50-13 - [verifyingSideMenuCollapsedLangAsInSettingsLingua_18-50-13] Element found and ready (attempt 1): By.xpath: //ytd-topbar-menu-button-renderer[@class='style-scope ytd-masthead style-default']
18:50:52 [TestNG-test-Yt Master Tests-2] INFO  verifyingSideMenuCollapsedLangAsInSettingsLingua_18-50-13 - [verifyingSideMenuCollapsedLangAsInSettingsLingua_18-50-13] Waiting until element is visible in viewport
18:50:52 [TestNG-test-Yt Master Tests-2] INFO  verifyingSideMenuCollapsedLangAsInSettingsLingua_18-50-13 - Clicking settings ellipses button...
18:50:52 [TestNG-test-Yt Master Tests-2] INFO  verifyingSideMenuCollapsedLangAsInSettingsLingua_18-50-13 - [verifyingSideMenuCollapsedLangAsInSettingsLingua_18-50-13] Trying to find element: By.xpath: //ytd-topbar-menu-button-renderer[@class='style-scope ytd-masthead style-default']
18:50:53 [TestNG-test-Yt Master Tests-2] INFO  verifyingSideMenuCollapsedLangAsInSettingsLingua_18-50-13 - [verifyingSideMenuCollapsedLangAsInSettingsLingua_18-50-13] Element found and ready (attempt 1): By.xpath: //ytd-topbar-menu-button-renderer[@class='style-scope ytd-masthead style-default']
18:50:53 [TestNG-test-Yt Master Tests-2] INFO  verifyingSideMenuCollapsedLangAsInSettingsLingua_18-50-13 - getLangAttribute() - locating <html> and reading lang property
18:50:53 [TestNG-test-Yt Master Tests-2] INFO  verifyingSideMenuCollapsedLangAsInSettingsLingua_18-50-13 - Language attribute read: da-DK
18:50:53 [TestNG-test-Yt Master Tests-2] INFO  verifyingSideMenuCollapsedLangAsInSettingsLingua_18-50-13 - Fetching the side menu in collapsed view
18:50:53 [TestNG-test-Yt Master Tests-2] INFO  verifyingSideMenuCollapsedLangAsInSettingsLingua_18-50-13 - [verifyingSideMenuCollapsedLangAsInSettingsLingua_18-50-13] Finding elements list: By.xpath: //ytd-mini-guide-renderer[@class='style-scope ytd-app']//ytd-mini-guide-entry-renderer
18:50:53 [TestNG-test-Yt Master Tests-2] INFO  verifyingSideMenuCollapsedLangAsInSettingsLingua_18-50-13 - [verifyingSideMenuCollapsedLangAsInSettingsLingua_18-50-13] Found 4 ready elements (attempt 1): By.xpath: //ytd-mini-guide-renderer[@class='style-scope ytd-app']//ytd-mini-guide-entry-renderer
18:50:53 [TestNG-test-Yt Master Tests-2] INFO  verifyingSideMenuCollapsedLangAsInSettingsLingua_18-50-13 - 
========== LANGUAGE DETECTION ==========
Detected Language : DANISH
Input Text        : Start Shorts Abonnementer Dig
========================================
18:50:53 [TestNG-test-Yt Master Tests-2] INFO  verifyingSideMenuCollapsedLangAsInSettingsLingua_18-50-13 - text sent to lingua is       Start Shorts Abonnementer Dig
18:50:53 [TestNG-test-Yt Master Tests-2] INFO  verifyingSideMenuCollapsedLangAsInSettingsLingua_18-50-13 - getLangAttribute() - locating <html> and reading lang property
18:50:53 [TestNG-test-Yt Master Tests-2] INFO  verifyingSideMenuCollapsedLangAsInSettingsLingua_18-50-13 - Language attribute read: da-DK
18:50:53 [TestNG-test-Yt Master Tests-2] INFO  verifyingSideMenuCollapsedLangAsInSettingsLingua_18-50-13 - Clicking settings ellipses button...
18:50:53 [TestNG-test-Yt Master Tests-2] INFO  verifyingSideMenuCollapsedLangAsInSettingsLingua_18-50-13 - [verifyingSideMenuCollapsedLangAsInSettingsLingua_18-50-13] Trying to find element: By.xpath: //ytd-topbar-menu-button-renderer[@class='style-scope ytd-masthead style-default']
18:50:53 [TestNG-test-Yt Master Tests-2] INFO  verifyingSideMenuCollapsedLangAsInSettingsLingua_18-50-13 - [verifyingSideMenuCollapsedLangAsInSettingsLingua_18-50-13] Element found and ready (attempt 1): By.xpath: //ytd-topbar-menu-button-renderer[@class='style-scope ytd-masthead style-default']
18:50:53 [TestNG-test-Yt Master Tests-2] INFO  verifyingSideMenuCollapsedLangAsInSettingsLingua_18-50-13 - Clicking language dropdown...
18:50:53 [TestNG-test-Yt Master Tests-2] INFO  verifyingSideMenuCollapsedLangAsInSettingsLingua_18-50-13 - [verifyingSideMenuCollapsedLangAsInSettingsLingua_18-50-13] Trying to find element: By.xpath: (//div[@id='content-icon'])[2]
18:50:54 [TestNG-test-Yt Master Tests-2] INFO  verifyingSideMenuCollapsedLangAsInSettingsLingua_18-50-13 - [verifyingSideMenuCollapsedLangAsInSettingsLingua_18-50-13] Element found and ready (attempt 1): By.xpath: (//div[@id='content-icon'])[2]
18:50:54 [TestNG-test-Yt Master Tests-2] INFO  verifyingSideMenuCollapsedLangAsInSettingsLingua_18-50-13 - Looking for language element with name: Deutsch
18:50:54 [TestNG-test-Yt Master Tests-2] INFO  verifyingSideMenuCollapsedLangAsInSettingsLingua_18-50-13 - [verifyingSideMenuCollapsedLangAsInSettingsLingua_18-50-13] Trying to find element: By.xpath: //yt-multi-page-menu-section-renderer[@class='style-scope ytd-multi-page-menu-renderer']//yt-formatted-string[@id='label' and text()='Deutsch']
18:50:54 [TestNG-test-Yt Master Tests-2] INFO  verifyingSideMenuCollapsedLangAsInSettingsLingua_18-50-13 - [verifyingSideMenuCollapsedLangAsInSettingsLingua_18-50-13] Element found and ready (attempt 1): By.xpath: //yt-multi-page-menu-section-renderer[@class='style-scope ytd-multi-page-menu-renderer']//yt-formatted-string[@id='label' and text()='Deutsch']
18:50:54 [TestNG-test-Yt Master Tests-2] INFO  verifyingSideMenuCollapsedLangAsInSettingsLingua_18-50-13 - [verifyingSideMenuCollapsedLangAsInSettingsLingua_18-50-13] Trying to find element: By.xpath: //yt-multi-page-menu-section-renderer[@class='style-scope ytd-multi-page-menu-renderer']//yt-formatted-string[@id='label' and text()='Deutsch']
18:50:54 [TestNG-test-Yt Master Tests-2] INFO  verifyingSideMenuCollapsedLangAsInSettingsLingua_18-50-13 - [verifyingSideMenuCollapsedLangAsInSettingsLingua_18-50-13] Element found and ready (attempt 1): By.xpath: //yt-multi-page-menu-section-renderer[@class='style-scope ytd-multi-page-menu-renderer']//yt-formatted-string[@id='label' and text()='Deutsch']
18:50:56 [TestNG-test-Yt Master Tests-2] INFO  verifyingSideMenuCollapsedLangAsInSettingsLingua_18-50-13 - Clicking settings ellipses button...
18:50:57 [TestNG-test-Yt Master Tests-2] INFO  verifyingSideMenuCollapsedLangAsInSettingsLingua_18-50-13 - [verifyingSideMenuCollapsedLangAsInSettingsLingua_18-50-13] Trying to find element: By.xpath: //ytd-topbar-menu-button-renderer[@class='style-scope ytd-masthead style-default']
18:50:57 [TestNG-test-Yt Master Tests-2] INFO  verifyingSideMenuCollapsedLangAsInSettingsLingua_18-50-13 - [verifyingSideMenuCollapsedLangAsInSettingsLingua_18-50-13] Element found and ready (attempt 1): By.xpath: //ytd-topbar-menu-button-renderer[@class='style-scope ytd-masthead style-default']
18:50:57 [TestNG-test-Yt Master Tests-2] INFO  verifyingSideMenuCollapsedLangAsInSettingsLingua_18-50-13 - [verifyingSideMenuCollapsedLangAsInSettingsLingua_18-50-13] Waiting until element is visible in viewport
18:50:58 [TestNG-test-Yt Master Tests-2] INFO  verifyingSideMenuCollapsedLangAsInSettingsLingua_18-50-13 - Clicking settings ellipses button...
18:50:58 [TestNG-test-Yt Master Tests-2] INFO  verifyingSideMenuCollapsedLangAsInSettingsLingua_18-50-13 - [verifyingSideMenuCollapsedLangAsInSettingsLingua_18-50-13] Trying to find element: By.xpath: //ytd-topbar-menu-button-renderer[@class='style-scope ytd-masthead style-default']
18:50:58 [TestNG-test-Yt Master Tests-2] INFO  verifyingSideMenuCollapsedLangAsInSettingsLingua_18-50-13 - [verifyingSideMenuCollapsedLangAsInSettingsLingua_18-50-13] Element found and ready (attempt 1): By.xpath: //ytd-topbar-menu-button-renderer[@class='style-scope ytd-masthead style-default']
18:50:58 [TestNG-test-Yt Master Tests-2] INFO  verifyingSideMenuCollapsedLangAsInSettingsLingua_18-50-13 - getLangAttribute() - locating <html> and reading lang property
18:50:58 [TestNG-test-Yt Master Tests-2] INFO  verifyingSideMenuCollapsedLangAsInSettingsLingua_18-50-13 - Language attribute read: de-DE
18:50:58 [TestNG-test-Yt Master Tests-2] INFO  verifyingSideMenuCollapsedLangAsInSettingsLingua_18-50-13 - Fetching the side menu in collapsed view
18:50:58 [TestNG-test-Yt Master Tests-2] INFO  verifyingSideMenuCollapsedLangAsInSettingsLingua_18-50-13 - [verifyingSideMenuCollapsedLangAsInSettingsLingua_18-50-13] Finding elements list: By.xpath: //ytd-mini-guide-renderer[@class='style-scope ytd-app']//ytd-mini-guide-entry-renderer
18:50:58 [TestNG-test-Yt Master Tests-2] INFO  verifyingSideMenuCollapsedLangAsInSettingsLingua_18-50-13 - [verifyingSideMenuCollapsedLangAsInSettingsLingua_18-50-13] Found 4 ready elements (attempt 1): By.xpath: //ytd-mini-guide-renderer[@class='style-scope ytd-app']//ytd-mini-guide-entry-renderer
18:50:58 [TestNG-test-Yt Master Tests-2] INFO  verifyingSideMenuCollapsedLangAsInSettingsLingua_18-50-13 - 
========== LANGUAGE DETECTION ==========
Detected Language : GERMAN
Input Text        : Startseite Shorts Abos Mein YouTube
========================================
18:50:58 [TestNG-test-Yt Master Tests-2] INFO  verifyingSideMenuCollapsedLangAsInSettingsLingua_18-50-13 - text sent to lingua is       Startseite Shorts Abos Mein YouTube
18:50:58 [TestNG-test-Yt Master Tests-2] INFO  verifyingSideMenuCollapsedLangAsInSettingsLingua_18-50-13 - getLangAttribute() - locating <html> and reading lang property
18:50:58 [TestNG-test-Yt Master Tests-2] INFO  verifyingSideMenuCollapsedLangAsInSettingsLingua_18-50-13 - Language attribute read: de-DE
18:50:58 [TestNG-test-Yt Master Tests-2] INFO  verifyingSideMenuCollapsedLangAsInSettingsLingua_18-50-13 - Clicking settings ellipses button...
18:50:58 [TestNG-test-Yt Master Tests-2] INFO  verifyingSideMenuCollapsedLangAsInSettingsLingua_18-50-13 - [verifyingSideMenuCollapsedLangAsInSettingsLingua_18-50-13] Trying to find element: By.xpath: //ytd-topbar-menu-button-renderer[@class='style-scope ytd-masthead style-default']
18:50:59 [TestNG-test-Yt Master Tests-2] INFO  verifyingSideMenuCollapsedLangAsInSettingsLingua_18-50-13 - [verifyingSideMenuCollapsedLangAsInSettingsLingua_18-50-13] Element found and ready (attempt 1): By.xpath: //ytd-topbar-menu-button-renderer[@class='style-scope ytd-masthead style-default']
18:50:59 [TestNG-test-Yt Master Tests-2] INFO  verifyingSideMenuCollapsedLangAsInSettingsLingua_18-50-13 - Clicking language dropdown...
18:50:59 [TestNG-test-Yt Master Tests-2] INFO  verifyingSideMenuCollapsedLangAsInSettingsLingua_18-50-13 - [verifyingSideMenuCollapsedLangAsInSettingsLingua_18-50-13] Trying to find element: By.xpath: (//div[@id='content-icon'])[2]
18:50:59 [TestNG-test-Yt Master Tests-2] INFO  verifyingSideMenuCollapsedLangAsInSettingsLingua_18-50-13 - [verifyingSideMenuCollapsedLangAsInSettingsLingua_18-50-13] Element found and ready (attempt 1): By.xpath: (//div[@id='content-icon'])[2]
18:51:00 [TestNG-test-Yt Master Tests-2] INFO  verifyingSideMenuCollapsedLangAsInSettingsLingua_18-50-13 - Looking for language element with name: Eesti
18:51:00 [TestNG-test-Yt Master Tests-2] INFO  verifyingSideMenuCollapsedLangAsInSettingsLingua_18-50-13 - [verifyingSideMenuCollapsedLangAsInSettingsLingua_18-50-13] Trying to find element: By.xpath: //yt-multi-page-menu-section-renderer[@class='style-scope ytd-multi-page-menu-renderer']//yt-formatted-string[@id='label' and text()='Eesti']
18:51:00 [TestNG-test-Yt Master Tests-2] INFO  verifyingSideMenuCollapsedLangAsInSettingsLingua_18-50-13 - [verifyingSideMenuCollapsedLangAsInSettingsLingua_18-50-13] Element found and ready (attempt 1): By.xpath: //yt-multi-page-menu-section-renderer[@class='style-scope ytd-multi-page-menu-renderer']//yt-formatted-string[@id='label' and text()='Eesti']
18:51:00 [TestNG-test-Yt Master Tests-2] INFO  verifyingSideMenuCollapsedLangAsInSettingsLingua_18-50-13 - [verifyingSideMenuCollapsedLangAsInSettingsLingua_18-50-13] Trying to find element: By.xpath: //yt-multi-page-menu-section-renderer[@class='style-scope ytd-multi-page-menu-renderer']//yt-formatted-string[@id='label' and text()='Eesti']
18:51:00 [TestNG-test-Yt Master Tests-2] INFO  verifyingSideMenuCollapsedLangAsInSettingsLingua_18-50-13 - [verifyingSideMenuCollapsedLangAsInSettingsLingua_18-50-13] Element found and ready (attempt 1): By.xpath: //yt-multi-page-menu-section-renderer[@class='style-scope ytd-multi-page-menu-renderer']//yt-formatted-string[@id='label' and text()='Eesti']
18:51:01 [TestNG-test-Yt Master Tests-2] INFO  verifyingSideMenuCollapsedLangAsInSettingsLingua_18-50-13 - Clicking settings ellipses button...
18:51:02 [TestNG-test-Yt Master Tests-2] INFO  verifyingSideMenuCollapsedLangAsInSettingsLingua_18-50-13 - [verifyingSideMenuCollapsedLangAsInSettingsLingua_18-50-13] Trying to find element: By.xpath: //ytd-topbar-menu-button-renderer[@class='style-scope ytd-masthead style-default']
18:51:02 [TestNG-test-Yt Master Tests-2] INFO  verifyingSideMenuCollapsedLangAsInSettingsLingua_18-50-13 - [verifyingSideMenuCollapsedLangAsInSettingsLingua_18-50-13] Element found and ready (attempt 1): By.xpath: //ytd-topbar-menu-button-renderer[@class='style-scope ytd-masthead style-default']
18:51:02 [TestNG-test-Yt Master Tests-2] INFO  verifyingSideMenuCollapsedLangAsInSettingsLingua_18-50-13 - [verifyingSideMenuCollapsedLangAsInSettingsLingua_18-50-13] Waiting until element is visible in viewport
18:51:02 [TestNG-test-Yt Master Tests-2] INFO  verifyingSideMenuCollapsedLangAsInSettingsLingua_18-50-13 - Clicking settings ellipses button...
18:51:03 [TestNG-test-Yt Master Tests-2] INFO  verifyingSideMenuCollapsedLangAsInSettingsLingua_18-50-13 - [verifyingSideMenuCollapsedLangAsInSettingsLingua_18-50-13] Trying to find element: By.xpath: //ytd-topbar-menu-button-renderer[@class='style-scope ytd-masthead style-default']
18:51:03 [TestNG-test-Yt Master Tests-2] INFO  verifyingSideMenuCollapsedLangAsInSettingsLingua_18-50-13 - [verifyingSideMenuCollapsedLangAsInSettingsLingua_18-50-13] Element found and ready (attempt 1): By.xpath: //ytd-topbar-menu-button-renderer[@class='style-scope ytd-masthead style-default']
18:51:03 [TestNG-test-Yt Master Tests-2] INFO  verifyingSideMenuCollapsedLangAsInSettingsLingua_18-50-13 - getLangAttribute() - locating <html> and reading lang property
18:51:03 [TestNG-test-Yt Master Tests-2] INFO  verifyingSideMenuCollapsedLangAsInSettingsLingua_18-50-13 - Language attribute read: et-EE
18:51:03 [TestNG-test-Yt Master Tests-2] INFO  verifyingSideMenuCollapsedLangAsInSettingsLingua_18-50-13 - Fetching the side menu in collapsed view
18:51:03 [TestNG-test-Yt Master Tests-2] INFO  verifyingSideMenuCollapsedLangAsInSettingsLingua_18-50-13 - [verifyingSideMenuCollapsedLangAsInSettingsLingua_18-50-13] Finding elements list: By.xpath: //ytd-mini-guide-renderer[@class='style-scope ytd-app']//ytd-mini-guide-entry-renderer
18:51:03 [TestNG-test-Yt Master Tests-2] INFO  verifyingSideMenuCollapsedLangAsInSettingsLingua_18-50-13 - [verifyingSideMenuCollapsedLangAsInSettingsLingua_18-50-13] Found 4 ready elements (attempt 1): By.xpath: //ytd-mini-guide-renderer[@class='style-scope ytd-app']//ytd-mini-guide-entry-renderer
18:51:03 [TestNG-test-Yt Master Tests-2] INFO  verifyingSideMenuCollapsedLangAsInSettingsLingua_18-50-13 - 
========== LANGUAGE DETECTION ==========
Detected Language : ESTONIAN
Input Text        : Avaleht Shorts Tellimused Teie
========================================
18:51:03 [TestNG-test-Yt Master Tests-2] INFO  verifyingSideMenuCollapsedLangAsInSettingsLingua_18-50-13 - text sent to lingua is       Avaleht Shorts Tellimused Teie
18:51:03 [TestNG-test-Yt Master Tests-2] INFO  verifyingSideMenuCollapsedLangAsInSettingsLingua_18-50-13 - getLangAttribute() - locating <html> and reading lang property
18:51:03 [TestNG-test-Yt Master Tests-2] INFO  verifyingSideMenuCollapsedLangAsInSettingsLingua_18-50-13 - Language attribute read: et-EE
18:51:03 [TestNG-test-Yt Master Tests-2] INFO  verifyingSideMenuCollapsedLangAsInSettingsLingua_18-50-13 - Clicking settings ellipses button...
18:51:03 [TestNG-test-Yt Master Tests-2] INFO  verifyingSideMenuCollapsedLangAsInSettingsLingua_18-50-13 - [verifyingSideMenuCollapsedLangAsInSettingsLingua_18-50-13] Trying to find element: By.xpath: //ytd-topbar-menu-button-renderer[@class='style-scope ytd-masthead style-default']
18:51:03 [TestNG-test-Yt Master Tests-2] INFO  verifyingSideMenuCollapsedLangAsInSettingsLingua_18-50-13 - [verifyingSideMenuCollapsedLangAsInSettingsLingua_18-50-13] Element found and ready (attempt 1): By.xpath: //ytd-topbar-menu-button-renderer[@class='style-scope ytd-masthead style-default']
18:51:03 [TestNG-test-Yt Master Tests-2] INFO  verifyingSideMenuCollapsedLangAsInSettingsLingua_18-50-13 - Clicking language dropdown...
18:51:03 [TestNG-test-Yt Master Tests-2] INFO  verifyingSideMenuCollapsedLangAsInSettingsLingua_18-50-13 - [verifyingSideMenuCollapsedLangAsInSettingsLingua_18-50-13] Trying to find element: By.xpath: (//div[@id='content-icon'])[2]
18:51:04 [TestNG-test-Yt Master Tests-2] INFO  verifyingSideMenuCollapsedLangAsInSettingsLingua_18-50-13 - [verifyingSideMenuCollapsedLangAsInSettingsLingua_18-50-13] Element found and ready (attempt 1): By.xpath: (//div[@id='content-icon'])[2]
18:51:04 [TestNG-test-Yt Master Tests-2] INFO  verifyingSideMenuCollapsedLangAsInSettingsLingua_18-50-13 - Looking for language element with name: English (India)
18:51:04 [TestNG-test-Yt Master Tests-2] INFO  verifyingSideMenuCollapsedLangAsInSettingsLingua_18-50-13 - [verifyingSideMenuCollapsedLangAsInSettingsLingua_18-50-13] Trying to find element: By.xpath: //yt-multi-page-menu-section-renderer[@class='style-scope ytd-multi-page-menu-renderer']//yt-formatted-string[@id='label' and text()='English (India)']
18:51:04 [TestNG-test-Yt Master Tests-2] INFO  verifyingSideMenuCollapsedLangAsInSettingsLingua_18-50-13 - [verifyingSideMenuCollapsedLangAsInSettingsLingua_18-50-13] Element found and ready (attempt 1): By.xpath: //yt-multi-page-menu-section-renderer[@class='style-scope ytd-multi-page-menu-renderer']//yt-formatted-string[@id='label' and text()='English (India)']
18:51:04 [TestNG-test-Yt Master Tests-2] INFO  verifyingSideMenuCollapsedLangAsInSettingsLingua_18-50-13 - [verifyingSideMenuCollapsedLangAsInSettingsLingua_18-50-13] Trying to find element: By.xpath: //yt-multi-page-menu-section-renderer[@class='style-scope ytd-multi-page-menu-renderer']//yt-formatted-string[@id='label' and text()='English (India)']
18:51:04 [TestNG-test-Yt Master Tests-2] INFO  verifyingSideMenuCollapsedLangAsInSettingsLingua_18-50-13 - [verifyingSideMenuCollapsedLangAsInSettingsLingua_18-50-13] Element found and ready (attempt 1): By.xpath: //yt-multi-page-menu-section-renderer[@class='style-scope ytd-multi-page-menu-renderer']//yt-formatted-string[@id='label' and text()='English (India)']
18:51:06 [TestNG-test-Yt Master Tests-2] INFO  verifyingSideMenuCollapsedLangAsInSettingsLingua_18-50-13 - Clicking settings ellipses button...
18:51:06 [TestNG-test-Yt Master Tests-2] INFO  verifyingSideMenuCollapsedLangAsInSettingsLingua_18-50-13 - [verifyingSideMenuCollapsedLangAsInSettingsLingua_18-50-13] Trying to find element: By.xpath: //ytd-topbar-menu-button-renderer[@class='style-scope ytd-masthead style-default']
18:51:06 [TestNG-test-Yt Master Tests-2] INFO  verifyingSideMenuCollapsedLangAsInSettingsLingua_18-50-13 - [verifyingSideMenuCollapsedLangAsInSettingsLingua_18-50-13] Element found and ready (attempt 1): By.xpath: //ytd-topbar-menu-button-renderer[@class='style-scope ytd-masthead style-default']
18:51:07 [TestNG-test-Yt Master Tests-2] INFO  verifyingSideMenuCollapsedLangAsInSettingsLingua_18-50-13 - [verifyingSideMenuCollapsedLangAsInSettingsLingua_18-50-13] Waiting until element is visible in viewport
18:51:07 [TestNG-test-Yt Master Tests-2] INFO  verifyingSideMenuCollapsedLangAsInSettingsLingua_18-50-13 - Clicking settings ellipses button...
18:51:07 [TestNG-test-Yt Master Tests-2] INFO  verifyingSideMenuCollapsedLangAsInSettingsLingua_18-50-13 - [verifyingSideMenuCollapsedLangAsInSettingsLingua_18-50-13] Trying to find element: By.xpath: //ytd-topbar-menu-button-renderer[@class='style-scope ytd-masthead style-default']
18:51:07 [TestNG-test-Yt Master Tests-2] INFO  verifyingSideMenuCollapsedLangAsInSettingsLingua_18-50-13 - [verifyingSideMenuCollapsedLangAsInSettingsLingua_18-50-13] Element found and ready (attempt 1): By.xpath: //ytd-topbar-menu-button-renderer[@class='style-scope ytd-masthead style-default']
18:51:07 [TestNG-test-Yt Master Tests-2] INFO  verifyingSideMenuCollapsedLangAsInSettingsLingua_18-50-13 - getLangAttribute() - locating <html> and reading lang property
18:51:08 [TestNG-test-Yt Master Tests-2] INFO  verifyingSideMenuCollapsedLangAsInSettingsLingua_18-50-13 - Language attribute read: en-IN
18:51:08 [TestNG-test-Yt Master Tests-2] INFO  verifyingSideMenuCollapsedLangAsInSettingsLingua_18-50-13 - Fetching the side menu in collapsed view
18:51:08 [TestNG-test-Yt Master Tests-2] INFO  verifyingSideMenuCollapsedLangAsInSettingsLingua_18-50-13 - [verifyingSideMenuCollapsedLangAsInSettingsLingua_18-50-13] Finding elements list: By.xpath: //ytd-mini-guide-renderer[@class='style-scope ytd-app']//ytd-mini-guide-entry-renderer
18:51:08 [TestNG-test-Yt Master Tests-2] INFO  verifyingSideMenuCollapsedLangAsInSettingsLingua_18-50-13 - [verifyingSideMenuCollapsedLangAsInSettingsLingua_18-50-13] Found 4 ready elements (attempt 1): By.xpath: //ytd-mini-guide-renderer[@class='style-scope ytd-app']//ytd-mini-guide-entry-renderer
18:51:08 [TestNG-test-Yt Master Tests-2] INFO  verifyingSideMenuCollapsedLangAsInSettingsLingua_18-50-13 - 
========== LANGUAGE DETECTION ==========
Detected Language : ENGLISH
Input Text        : Home Shorts Subscriptions You
========================================
18:51:08 [TestNG-test-Yt Master Tests-2] INFO  verifyingSideMenuCollapsedLangAsInSettingsLingua_18-50-13 - text sent to lingua is       Home Shorts Subscriptions You
18:51:08 [TestNG-test-Yt Master Tests-2] INFO  verifyingSideMenuCollapsedLangAsInSettingsLingua_18-50-13 - getLangAttribute() - locating <html> and reading lang property
18:51:08 [TestNG-test-Yt Master Tests-2] INFO  verifyingSideMenuCollapsedLangAsInSettingsLingua_18-50-13 - Language attribute read: en-IN
18:51:08 [TestNG-test-Yt Master Tests-2] INFO  verifyingSideMenuCollapsedLangAsInSettingsLingua_18-50-13 - Clicking settings ellipses button...
18:51:08 [TestNG-test-Yt Master Tests-2] INFO  verifyingSideMenuCollapsedLangAsInSettingsLingua_18-50-13 - [verifyingSideMenuCollapsedLangAsInSettingsLingua_18-50-13] Trying to find element: By.xpath: //ytd-topbar-menu-button-renderer[@class='style-scope ytd-masthead style-default']
18:51:08 [TestNG-test-Yt Master Tests-2] INFO  verifyingSideMenuCollapsedLangAsInSettingsLingua_18-50-13 - [verifyingSideMenuCollapsedLangAsInSettingsLingua_18-50-13] Element found and ready (attempt 1): By.xpath: //ytd-topbar-menu-button-renderer[@class='style-scope ytd-masthead style-default']
18:51:08 [TestNG-test-Yt Master Tests-2] INFO  verifyingSideMenuCollapsedLangAsInSettingsLingua_18-50-13 - Clicking language dropdown...
18:51:08 [TestNG-test-Yt Master Tests-2] INFO  verifyingSideMenuCollapsedLangAsInSettingsLingua_18-50-13 - [verifyingSideMenuCollapsedLangAsInSettingsLingua_18-50-13] Trying to find element: By.xpath: (//div[@id='content-icon'])[2]
18:51:08 [TestNG-test-Yt Master Tests-2] INFO  verifyingSideMenuCollapsedLangAsInSettingsLingua_18-50-13 - [verifyingSideMenuCollapsedLangAsInSettingsLingua_18-50-13] Element found and ready (attempt 1): By.xpath: (//div[@id='content-icon'])[2]
18:51:09 [TestNG-test-Yt Master Tests-2] INFO  verifyingSideMenuCollapsedLangAsInSettingsLingua_18-50-13 - Looking for language element with name: English (UK)
18:51:09 [TestNG-test-Yt Master Tests-2] INFO  verifyingSideMenuCollapsedLangAsInSettingsLingua_18-50-13 - [verifyingSideMenuCollapsedLangAsInSettingsLingua_18-50-13] Trying to find element: By.xpath: //yt-multi-page-menu-section-renderer[@class='style-scope ytd-multi-page-menu-renderer']//yt-formatted-string[@id='label' and text()='English (UK)']
18:51:09 [TestNG-test-Yt Master Tests-2] INFO  verifyingSideMenuCollapsedLangAsInSettingsLingua_18-50-13 - [verifyingSideMenuCollapsedLangAsInSettingsLingua_18-50-13] Element found and ready (attempt 1): By.xpath: //yt-multi-page-menu-section-renderer[@class='style-scope ytd-multi-page-menu-renderer']//yt-formatted-string[@id='label' and text()='English (UK)']
18:51:09 [TestNG-test-Yt Master Tests-2] INFO  verifyingSideMenuCollapsedLangAsInSettingsLingua_18-50-13 - [verifyingSideMenuCollapsedLangAsInSettingsLingua_18-50-13] Trying to find element: By.xpath: //yt-multi-page-menu-section-renderer[@class='style-scope ytd-multi-page-menu-renderer']//yt-formatted-string[@id='label' and text()='English (UK)']
18:51:09 [TestNG-test-Yt Master Tests-2] INFO  verifyingSideMenuCollapsedLangAsInSettingsLingua_18-50-13 - [verifyingSideMenuCollapsedLangAsInSettingsLingua_18-50-13] Element found and ready (attempt 1): By.xpath: //yt-multi-page-menu-section-renderer[@class='style-scope ytd-multi-page-menu-renderer']//yt-formatted-string[@id='label' and text()='English (UK)']
18:51:11 [TestNG-test-Yt Master Tests-2] INFO  verifyingSideMenuCollapsedLangAsInSettingsLingua_18-50-13 - Clicking settings ellipses button...
18:51:11 [TestNG-test-Yt Master Tests-2] INFO  verifyingSideMenuCollapsedLangAsInSettingsLingua_18-50-13 - [verifyingSideMenuCollapsedLangAsInSettingsLingua_18-50-13] Trying to find element: By.xpath: //ytd-topbar-menu-button-renderer[@class='style-scope ytd-masthead style-default']
18:51:11 [TestNG-test-Yt Master Tests-2] INFO  verifyingSideMenuCollapsedLangAsInSettingsLingua_18-50-13 - [verifyingSideMenuCollapsedLangAsInSettingsLingua_18-50-13] Element found and ready (attempt 1): By.xpath: //ytd-topbar-menu-button-renderer[@class='style-scope ytd-masthead style-default']
18:51:11 [TestNG-test-Yt Master Tests-2] INFO  verifyingSideMenuCollapsedLangAsInSettingsLingua_18-50-13 - [verifyingSideMenuCollapsedLangAsInSettingsLingua_18-50-13] Waiting until element is visible in viewport
18:51:12 [TestNG-test-Yt Master Tests-2] INFO  verifyingSideMenuCollapsedLangAsInSettingsLingua_18-50-13 - Clicking settings ellipses button...
18:51:12 [TestNG-test-Yt Master Tests-2] INFO  verifyingSideMenuCollapsedLangAsInSettingsLingua_18-50-13 - [verifyingSideMenuCollapsedLangAsInSettingsLingua_18-50-13] Trying to find element: By.xpath: //ytd-topbar-menu-button-renderer[@class='style-scope ytd-masthead style-default']
18:51:12 [TestNG-test-Yt Master Tests-2] INFO  verifyingSideMenuCollapsedLangAsInSettingsLingua_18-50-13 - [verifyingSideMenuCollapsedLangAsInSettingsLingua_18-50-13] Element found and ready (attempt 1): By.xpath: //ytd-topbar-menu-button-renderer[@class='style-scope ytd-masthead style-default']
18:51:12 [TestNG-test-Yt Master Tests-2] INFO  verifyingSideMenuCollapsedLangAsInSettingsLingua_18-50-13 - getLangAttribute() - locating <html> and reading lang property
18:51:12 [TestNG-test-Yt Master Tests-2] INFO  verifyingSideMenuCollapsedLangAsInSettingsLingua_18-50-13 - Language attribute read: en-GB
18:51:12 [TestNG-test-Yt Master Tests-2] INFO  verifyingSideMenuCollapsedLangAsInSettingsLingua_18-50-13 - Fetching the side menu in collapsed view
18:51:12 [TestNG-test-Yt Master Tests-2] INFO  verifyingSideMenuCollapsedLangAsInSettingsLingua_18-50-13 - [verifyingSideMenuCollapsedLangAsInSettingsLingua_18-50-13] Finding elements list: By.xpath: //ytd-mini-guide-renderer[@class='style-scope ytd-app']//ytd-mini-guide-entry-renderer
18:51:12 [TestNG-test-Yt Master Tests-2] INFO  verifyingSideMenuCollapsedLangAsInSettingsLingua_18-50-13 - [verifyingSideMenuCollapsedLangAsInSettingsLingua_18-50-13] Found 4 ready elements (attempt 1): By.xpath: //ytd-mini-guide-renderer[@class='style-scope ytd-app']//ytd-mini-guide-entry-renderer
18:51:12 [TestNG-test-Yt Master Tests-2] INFO  verifyingSideMenuCollapsedLangAsInSettingsLingua_18-50-13 - 
========== LANGUAGE DETECTION ==========
Detected Language : ENGLISH
Input Text        : Home Shorts Subscriptions You
========================================
18:51:12 [TestNG-test-Yt Master Tests-2] INFO  verifyingSideMenuCollapsedLangAsInSettingsLingua_18-50-13 - text sent to lingua is       Home Shorts Subscriptions You
18:51:12 [TestNG-test-Yt Master Tests-2] INFO  verifyingSideMenuCollapsedLangAsInSettingsLingua_18-50-13 - getLangAttribute() - locating <html> and reading lang property
18:51:12 [TestNG-test-Yt Master Tests-2] INFO  verifyingSideMenuCollapsedLangAsInSettingsLingua_18-50-13 - Language attribute read: en-GB
18:51:12 [TestNG-test-Yt Master Tests-2] INFO  verifyingSideMenuCollapsedLangAsInSettingsLingua_18-50-13 - Clicking settings ellipses button...
18:51:12 [TestNG-test-Yt Master Tests-2] INFO  verifyingSideMenuCollapsedLangAsInSettingsLingua_18-50-13 - [verifyingSideMenuCollapsedLangAsInSettingsLingua_18-50-13] Trying to find element: By.xpath: //ytd-topbar-menu-button-renderer[@class='style-scope ytd-masthead style-default']
18:51:13 [TestNG-test-Yt Master Tests-2] INFO  verifyingSideMenuCollapsedLangAsInSettingsLingua_18-50-13 - [verifyingSideMenuCollapsedLangAsInSettingsLingua_18-50-13] Element found and ready (attempt 1): By.xpath: //ytd-topbar-menu-button-renderer[@class='style-scope ytd-masthead style-default']
18:51:13 [TestNG-test-Yt Master Tests-2] INFO  verifyingSideMenuCollapsedLangAsInSettingsLingua_18-50-13 - Clicking language dropdown...
18:51:13 [TestNG-test-Yt Master Tests-2] INFO  verifyingSideMenuCollapsedLangAsInSettingsLingua_18-50-13 - [verifyingSideMenuCollapsedLangAsInSettingsLingua_18-50-13] Trying to find element: By.xpath: (//div[@id='content-icon'])[2]
18:51:13 [TestNG-test-Yt Master Tests-2] INFO  verifyingSideMenuCollapsedLangAsInSettingsLingua_18-50-13 - [verifyingSideMenuCollapsedLangAsInSettingsLingua_18-50-13] Element found and ready (attempt 1): By.xpath: (//div[@id='content-icon'])[2]
18:51:14 [TestNG-test-Yt Master Tests-2] INFO  verifyingSideMenuCollapsedLangAsInSettingsLingua_18-50-13 - Looking for language element with name: English (US)
18:51:14 [TestNG-test-Yt Master Tests-2] INFO  verifyingSideMenuCollapsedLangAsInSettingsLingua_18-50-13 - [verifyingSideMenuCollapsedLangAsInSettingsLingua_18-50-13] Trying to find element: By.xpath: //yt-multi-page-menu-section-renderer[@class='style-scope ytd-multi-page-menu-renderer']//yt-formatted-string[@id='label' and text()='English (US)']
18:51:14 [TestNG-test-Yt Master Tests-2] INFO  verifyingSideMenuCollapsedLangAsInSettingsLingua_18-50-13 - [verifyingSideMenuCollapsedLangAsInSettingsLingua_18-50-13] Element found and ready (attempt 1): By.xpath: //yt-multi-page-menu-section-renderer[@class='style-scope ytd-multi-page-menu-renderer']//yt-formatted-string[@id='label' and text()='English (US)']
18:51:14 [TestNG-test-Yt Master Tests-2] INFO  verifyingSideMenuCollapsedLangAsInSettingsLingua_18-50-13 - [verifyingSideMenuCollapsedLangAsInSettingsLingua_18-50-13] Trying to find element: By.xpath: //yt-multi-page-menu-section-renderer[@class='style-scope ytd-multi-page-menu-renderer']//yt-formatted-string[@id='label' and text()='English (US)']
18:51:14 [TestNG-test-Yt Master Tests-2] INFO  verifyingSideMenuCollapsedLangAsInSettingsLingua_18-50-13 - [verifyingSideMenuCollapsedLangAsInSettingsLingua_18-50-13] Element found and ready (attempt 1): By.xpath: //yt-multi-page-menu-section-renderer[@class='style-scope ytd-multi-page-menu-renderer']//yt-formatted-string[@id='label' and text()='English (US)']
18:51:15 [TestNG-test-Yt Master Tests-2] INFO  verifyingSideMenuCollapsedLangAsInSettingsLingua_18-50-13 - Clicking settings ellipses button...
18:51:15 [TestNG-test-Yt Master Tests-2] INFO  verifyingSideMenuCollapsedLangAsInSettingsLingua_18-50-13 - [verifyingSideMenuCollapsedLangAsInSettingsLingua_18-50-13] Trying to find element: By.xpath: //ytd-topbar-menu-button-renderer[@class='style-scope ytd-masthead style-default']
18:51:16 [TestNG-test-Yt Master Tests-2] INFO  verifyingSideMenuCollapsedLangAsInSettingsLingua_18-50-13 - [verifyingSideMenuCollapsedLangAsInSettingsLingua_18-50-13] Element found and ready (attempt 1): By.xpath: //ytd-topbar-menu-button-renderer[@class='style-scope ytd-masthead style-default']
18:51:16 [TestNG-test-Yt Master Tests-2] INFO  verifyingSideMenuCollapsedLangAsInSettingsLingua_18-50-13 - [verifyingSideMenuCollapsedLangAsInSettingsLingua_18-50-13] Waiting until element is visible in viewport
18:51:16 [TestNG-test-Yt Master Tests-2] INFO  verifyingSideMenuCollapsedLangAsInSettingsLingua_18-50-13 - Clicking settings ellipses button...
18:51:16 [TestNG-test-Yt Master Tests-2] INFO  verifyingSideMenuCollapsedLangAsInSettingsLingua_18-50-13 - [verifyingSideMenuCollapsedLangAsInSettingsLingua_18-50-13] Trying to find element: By.xpath: //ytd-topbar-menu-button-renderer[@class='style-scope ytd-masthead style-default']
18:51:16 [TestNG-test-Yt Master Tests-2] INFO  verifyingSideMenuCollapsedLangAsInSettingsLingua_18-50-13 - [verifyingSideMenuCollapsedLangAsInSettingsLingua_18-50-13] Element found and ready (attempt 1): By.xpath: //ytd-topbar-menu-button-renderer[@class='style-scope ytd-masthead style-default']
18:51:16 [TestNG-test-Yt Master Tests-2] INFO  verifyingSideMenuCollapsedLangAsInSettingsLingua_18-50-13 - getLangAttribute() - locating <html> and reading lang property
18:51:16 [TestNG-test-Yt Master Tests-2] INFO  verifyingSideMenuCollapsedLangAsInSettingsLingua_18-50-13 - Language attribute read: en
18:51:16 [TestNG-test-Yt Master Tests-2] INFO  verifyingSideMenuCollapsedLangAsInSettingsLingua_18-50-13 - Fetching the side menu in collapsed view
18:51:16 [TestNG-test-Yt Master Tests-2] INFO  verifyingSideMenuCollapsedLangAsInSettingsLingua_18-50-13 - [verifyingSideMenuCollapsedLangAsInSettingsLingua_18-50-13] Finding elements list: By.xpath: //ytd-mini-guide-renderer[@class='style-scope ytd-app']//ytd-mini-guide-entry-renderer
18:51:17 [TestNG-test-Yt Master Tests-2] INFO  verifyingSideMenuCollapsedLangAsInSettingsLingua_18-50-13 - [verifyingSideMenuCollapsedLangAsInSettingsLingua_18-50-13] Found 4 ready elements (attempt 1): By.xpath: //ytd-mini-guide-renderer[@class='style-scope ytd-app']//ytd-mini-guide-entry-renderer
18:51:17 [TestNG-test-Yt Master Tests-2] INFO  verifyingSideMenuCollapsedLangAsInSettingsLingua_18-50-13 - 
========== LANGUAGE DETECTION ==========
Detected Language : ENGLISH
Input Text        : Home Shorts Subscriptions You
========================================
18:51:17 [TestNG-test-Yt Master Tests-2] INFO  verifyingSideMenuCollapsedLangAsInSettingsLingua_18-50-13 - text sent to lingua is       Home Shorts Subscriptions You
18:51:17 [TestNG-test-Yt Master Tests-2] INFO  verifyingSideMenuCollapsedLangAsInSettingsLingua_18-50-13 - getLangAttribute() - locating <html> and reading lang property
18:51:17 [TestNG-test-Yt Master Tests-2] INFO  verifyingSideMenuCollapsedLangAsInSettingsLingua_18-50-13 - Language attribute read: en
18:51:17 [TestNG-test-Yt Master Tests-2] INFO  verifyingSideMenuCollapsedLangAsInSettingsLingua_18-50-13 - Clicking settings ellipses button...
18:51:17 [TestNG-test-Yt Master Tests-2] INFO  verifyingSideMenuCollapsedLangAsInSettingsLingua_18-50-13 - [verifyingSideMenuCollapsedLangAsInSettingsLingua_18-50-13] Trying to find element: By.xpath: //ytd-topbar-menu-button-renderer[@class='style-scope ytd-masthead style-default']
18:51:17 [TestNG-test-Yt Master Tests-2] INFO  verifyingSideMenuCollapsedLangAsInSettingsLingua_18-50-13 - [verifyingSideMenuCollapsedLangAsInSettingsLingua_18-50-13] Element found and ready (attempt 1): By.xpath: //ytd-topbar-menu-button-renderer[@class='style-scope ytd-masthead style-default']
18:51:17 [TestNG-test-Yt Master Tests-2] INFO  verifyingSideMenuCollapsedLangAsInSettingsLingua_18-50-13 - Clicking language dropdown...
18:51:17 [TestNG-test-Yt Master Tests-2] INFO  verifyingSideMenuCollapsedLangAsInSettingsLingua_18-50-13 - [verifyingSideMenuCollapsedLangAsInSettingsLingua_18-50-13] Trying to find element: By.xpath: (//div[@id='content-icon'])[2]
18:51:18 [TestNG-test-Yt Master Tests-2] INFO  verifyingSideMenuCollapsedLangAsInSettingsLingua_18-50-13 - [verifyingSideMenuCollapsedLangAsInSettingsLingua_18-50-13] Element found and ready (attempt 1): By.xpath: (//div[@id='content-icon'])[2]
18:51:18 [TestNG-test-Yt Master Tests-2] INFO  verifyingSideMenuCollapsedLangAsInSettingsLingua_18-50-13 - Looking for language element with name: Español (España)
18:51:18 [TestNG-test-Yt Master Tests-2] INFO  verifyingSideMenuCollapsedLangAsInSettingsLingua_18-50-13 - [verifyingSideMenuCollapsedLangAsInSettingsLingua_18-50-13] Trying to find element: By.xpath: //yt-multi-page-menu-section-renderer[@class='style-scope ytd-multi-page-menu-renderer']//yt-formatted-string[@id='label' and text()='Español (España)']
18:51:19 [TestNG-test-Yt Master Tests-2] INFO  verifyingSideMenuCollapsedLangAsInSettingsLingua_18-50-13 - [verifyingSideMenuCollapsedLangAsInSettingsLingua_18-50-13] Element found and ready (attempt 1): By.xpath: //yt-multi-page-menu-section-renderer[@class='style-scope ytd-multi-page-menu-renderer']//yt-formatted-string[@id='label' and text()='Español (España)']
18:51:19 [TestNG-test-Yt Master Tests-2] INFO  verifyingSideMenuCollapsedLangAsInSettingsLingua_18-50-13 - [verifyingSideMenuCollapsedLangAsInSettingsLingua_18-50-13] Trying to find element: By.xpath: //yt-multi-page-menu-section-renderer[@class='style-scope ytd-multi-page-menu-renderer']//yt-formatted-string[@id='label' and text()='Español (España)']
18:51:19 [TestNG-test-Yt Master Tests-2] INFO  verifyingSideMenuCollapsedLangAsInSettingsLingua_18-50-13 - [verifyingSideMenuCollapsedLangAsInSettingsLingua_18-50-13] Element found and ready (attempt 1): By.xpath: //yt-multi-page-menu-section-renderer[@class='style-scope ytd-multi-page-menu-renderer']//yt-formatted-string[@id='label' and text()='Español (España)']
18:51:20 [TestNG-test-Yt Master Tests-2] INFO  verifyingSideMenuCollapsedLangAsInSettingsLingua_18-50-13 - Clicking settings ellipses button...
18:51:20 [TestNG-test-Yt Master Tests-2] INFO  verifyingSideMenuCollapsedLangAsInSettingsLingua_18-50-13 - [verifyingSideMenuCollapsedLangAsInSettingsLingua_18-50-13] Trying to find element: By.xpath: //ytd-topbar-menu-button-renderer[@class='style-scope ytd-masthead style-default']
18:51:20 [TestNG-test-Yt Master Tests-2] INFO  verifyingSideMenuCollapsedLangAsInSettingsLingua_18-50-13 - [verifyingSideMenuCollapsedLangAsInSettingsLingua_18-50-13] Element found and ready (attempt 1): By.xpath: //ytd-topbar-menu-button-renderer[@class='style-scope ytd-masthead style-default']
18:51:21 [TestNG-test-Yt Master Tests-2] INFO  verifyingSideMenuCollapsedLangAsInSettingsLingua_18-50-13 - [verifyingSideMenuCollapsedLangAsInSettingsLingua_18-50-13] Waiting until element is visible in viewport
18:51:21 [TestNG-test-Yt Master Tests-2] INFO  verifyingSideMenuCollapsedLangAsInSettingsLingua_18-50-13 - Clicking settings ellipses button...
18:51:21 [TestNG-test-Yt Master Tests-2] INFO  verifyingSideMenuCollapsedLangAsInSettingsLingua_18-50-13 - [verifyingSideMenuCollapsedLangAsInSettingsLingua_18-50-13] Trying to find element: By.xpath: //ytd-topbar-menu-button-renderer[@class='style-scope ytd-masthead style-default']
18:51:21 [TestNG-test-Yt Master Tests-2] INFO  verifyingSideMenuCollapsedLangAsInSettingsLingua_18-50-13 - [verifyingSideMenuCollapsedLangAsInSettingsLingua_18-50-13] Element found and ready (attempt 1): By.xpath: //ytd-topbar-menu-button-renderer[@class='style-scope ytd-masthead style-default']
18:51:21 [TestNG-test-Yt Master Tests-2] INFO  verifyingSideMenuCollapsedLangAsInSettingsLingua_18-50-13 - getLangAttribute() - locating <html> and reading lang property
18:51:21 [TestNG-test-Yt Master Tests-2] INFO  verifyingSideMenuCollapsedLangAsInSettingsLingua_18-50-13 - Language attribute read: es-ES
18:51:21 [TestNG-test-Yt Master Tests-2] INFO  verifyingSideMenuCollapsedLangAsInSettingsLingua_18-50-13 - Fetching the side menu in collapsed view
18:51:21 [TestNG-test-Yt Master Tests-2] INFO  verifyingSideMenuCollapsedLangAsInSettingsLingua_18-50-13 - [verifyingSideMenuCollapsedLangAsInSettingsLingua_18-50-13] Finding elements list: By.xpath: //ytd-mini-guide-renderer[@class='style-scope ytd-app']//ytd-mini-guide-entry-renderer
18:51:21 [TestNG-test-Yt Master Tests-2] INFO  verifyingSideMenuCollapsedLangAsInSettingsLingua_18-50-13 - [verifyingSideMenuCollapsedLangAsInSettingsLingua_18-50-13] Found 4 ready elements (attempt 1): By.xpath: //ytd-mini-guide-renderer[@class='style-scope ytd-app']//ytd-mini-guide-entry-renderer
18:51:21 [TestNG-test-Yt Master Tests-2] INFO  verifyingSideMenuCollapsedLangAsInSettingsLingua_18-50-13 - 
========== LANGUAGE DETECTION ==========
Detected Language : SPANISH
Input Text        : Inicio Shorts Suscripciones Tú
========================================
18:51:21 [TestNG-test-Yt Master Tests-2] INFO  verifyingSideMenuCollapsedLangAsInSettingsLingua_18-50-13 - text sent to lingua is       Inicio Shorts Suscripciones Tú
18:51:21 [TestNG-test-Yt Master Tests-2] INFO  verifyingSideMenuCollapsedLangAsInSettingsLingua_18-50-13 - getLangAttribute() - locating <html> and reading lang property
18:51:21 [TestNG-test-Yt Master Tests-2] INFO  verifyingSideMenuCollapsedLangAsInSettingsLingua_18-50-13 - Language attribute read: es-ES
18:51:21 [TestNG-test-Yt Master Tests-2] INFO  verifyingSideMenuCollapsedLangAsInSettingsLingua_18-50-13 - Clicking settings ellipses button...
18:51:21 [TestNG-test-Yt Master Tests-2] INFO  verifyingSideMenuCollapsedLangAsInSettingsLingua_18-50-13 - [verifyingSideMenuCollapsedLangAsInSettingsLingua_18-50-13] Trying to find element: By.xpath: //ytd-topbar-menu-button-renderer[@class='style-scope ytd-masthead style-default']
18:51:21 [TestNG-test-Yt Master Tests-2] INFO  verifyingSideMenuCollapsedLangAsInSettingsLingua_18-50-13 - [verifyingSideMenuCollapsedLangAsInSettingsLingua_18-50-13] Element found and ready (attempt 1): By.xpath: //ytd-topbar-menu-button-renderer[@class='style-scope ytd-masthead style-default']
18:51:22 [TestNG-test-Yt Master Tests-2] INFO  verifyingSideMenuCollapsedLangAsInSettingsLingua_18-50-13 - Clicking language dropdown...
18:51:22 [TestNG-test-Yt Master Tests-2] INFO  verifyingSideMenuCollapsedLangAsInSettingsLingua_18-50-13 - [verifyingSideMenuCollapsedLangAsInSettingsLingua_18-50-13] Trying to find element: By.xpath: (//div[@id='content-icon'])[2]
18:51:22 [TestNG-test-Yt Master Tests-2] INFO  verifyingSideMenuCollapsedLangAsInSettingsLingua_18-50-13 - [verifyingSideMenuCollapsedLangAsInSettingsLingua_18-50-13] Element found and ready (attempt 1): By.xpath: (//div[@id='content-icon'])[2]
18:51:23 [TestNG-test-Yt Master Tests-2] INFO  verifyingSideMenuCollapsedLangAsInSettingsLingua_18-50-13 - Looking for language element with name: Español (Latinoamérica)
18:51:23 [TestNG-test-Yt Master Tests-2] INFO  verifyingSideMenuCollapsedLangAsInSettingsLingua_18-50-13 - [verifyingSideMenuCollapsedLangAsInSettingsLingua_18-50-13] Trying to find element: By.xpath: //yt-multi-page-menu-section-renderer[@class='style-scope ytd-multi-page-menu-renderer']//yt-formatted-string[@id='label' and text()='Español (Latinoamérica)']
18:51:23 [TestNG-test-Yt Master Tests-2] INFO  verifyingSideMenuCollapsedLangAsInSettingsLingua_18-50-13 - [verifyingSideMenuCollapsedLangAsInSettingsLingua_18-50-13] Element found and ready (attempt 1): By.xpath: //yt-multi-page-menu-section-renderer[@class='style-scope ytd-multi-page-menu-renderer']//yt-formatted-string[@id='label' and text()='Español (Latinoamérica)']
18:51:23 [TestNG-test-Yt Master Tests-2] INFO  verifyingSideMenuCollapsedLangAsInSettingsLingua_18-50-13 - [verifyingSideMenuCollapsedLangAsInSettingsLingua_18-50-13] Trying to find element: By.xpath: //yt-multi-page-menu-section-renderer[@class='style-scope ytd-multi-page-menu-renderer']//yt-formatted-string[@id='label' and text()='Español (Latinoamérica)']
18:51:23 [TestNG-test-Yt Master Tests-2] INFO  verifyingSideMenuCollapsedLangAsInSettingsLingua_18-50-13 - [verifyingSideMenuCollapsedLangAsInSettingsLingua_18-50-13] Element found and ready (attempt 1): By.xpath: //yt-multi-page-menu-section-renderer[@class='style-scope ytd-multi-page-menu-renderer']//yt-formatted-string[@id='label' and text()='Español (Latinoamérica)']
18:51:25 [TestNG-test-Yt Master Tests-2] INFO  verifyingSideMenuCollapsedLangAsInSettingsLingua_18-50-13 - Clicking settings ellipses button...
18:51:25 [TestNG-test-Yt Master Tests-2] INFO  verifyingSideMenuCollapsedLangAsInSettingsLingua_18-50-13 - [verifyingSideMenuCollapsedLangAsInSettingsLingua_18-50-13] Trying to find element: By.xpath: //ytd-topbar-menu-button-renderer[@class='style-scope ytd-masthead style-default']
18:51:25 [TestNG-test-Yt Master Tests-2] INFO  verifyingSideMenuCollapsedLangAsInSettingsLingua_18-50-13 - [verifyingSideMenuCollapsedLangAsInSettingsLingua_18-50-13] Element found and ready (attempt 1): By.xpath: //ytd-topbar-menu-button-renderer[@class='style-scope ytd-masthead style-default']
18:51:25 [TestNG-test-Yt Master Tests-2] INFO  verifyingSideMenuCollapsedLangAsInSettingsLingua_18-50-13 - [verifyingSideMenuCollapsedLangAsInSettingsLingua_18-50-13] Waiting until element is visible in viewport
18:51:26 [TestNG-test-Yt Master Tests-2] INFO  verifyingSideMenuCollapsedLangAsInSettingsLingua_18-50-13 - Clicking settings ellipses button...
18:51:26 [TestNG-test-Yt Master Tests-2] INFO  verifyingSideMenuCollapsedLangAsInSettingsLingua_18-50-13 - [verifyingSideMenuCollapsedLangAsInSettingsLingua_18-50-13] Trying to find element: By.xpath: //ytd-topbar-menu-button-renderer[@class='style-scope ytd-masthead style-default']
18:51:26 [TestNG-test-Yt Master Tests-2] INFO  verifyingSideMenuCollapsedLangAsInSettingsLingua_18-50-13 - [verifyingSideMenuCollapsedLangAsInSettingsLingua_18-50-13] Element found and ready (attempt 1): By.xpath: //ytd-topbar-menu-button-renderer[@class='style-scope ytd-masthead style-default']
18:51:26 [TestNG-test-Yt Master Tests-2] INFO  verifyingSideMenuCollapsedLangAsInSettingsLingua_18-50-13 - getLangAttribute() - locating <html> and reading lang property
18:51:26 [TestNG-test-Yt Master Tests-2] INFO  verifyingSideMenuCollapsedLangAsInSettingsLingua_18-50-13 - Language attribute read: es-419
18:51:26 [TestNG-test-Yt Master Tests-2] INFO  verifyingSideMenuCollapsedLangAsInSettingsLingua_18-50-13 - Fetching the side menu in collapsed view
18:51:26 [TestNG-test-Yt Master Tests-2] INFO  verifyingSideMenuCollapsedLangAsInSettingsLingua_18-50-13 - [verifyingSideMenuCollapsedLangAsInSettingsLingua_18-50-13] Finding elements list: By.xpath: //ytd-mini-guide-renderer[@class='style-scope ytd-app']//ytd-mini-guide-entry-renderer
18:51:26 [TestNG-test-Yt Master Tests-2] INFO  verifyingSideMenuCollapsedLangAsInSettingsLingua_18-50-13 - [verifyingSideMenuCollapsedLangAsInSettingsLingua_18-50-13] Found 4 ready elements (attempt 1): By.xpath: //ytd-mini-guide-renderer[@class='style-scope ytd-app']//ytd-mini-guide-entry-renderer
18:51:26 [TestNG-test-Yt Master Tests-2] INFO  verifyingSideMenuCollapsedLangAsInSettingsLingua_18-50-13 - 
========== LANGUAGE DETECTION ==========
Detected Language : SPANISH
Input Text        : Principal Shorts Suscripciones Tú
========================================
18:51:26 [TestNG-test-Yt Master Tests-2] INFO  verifyingSideMenuCollapsedLangAsInSettingsLingua_18-50-13 - text sent to lingua is       Principal Shorts Suscripciones Tú
18:51:26 [TestNG-test-Yt Master Tests-2] INFO  verifyingSideMenuCollapsedLangAsInSettingsLingua_18-50-13 - getLangAttribute() - locating <html> and reading lang property
18:51:26 [TestNG-test-Yt Master Tests-2] INFO  verifyingSideMenuCollapsedLangAsInSettingsLingua_18-50-13 - Language attribute read: es-419
18:51:26 [TestNG-test-Yt Master Tests-2] INFO  verifyingSideMenuCollapsedLangAsInSettingsLingua_18-50-13 - Clicking settings ellipses button...
18:51:26 [TestNG-test-Yt Master Tests-2] INFO  verifyingSideMenuCollapsedLangAsInSettingsLingua_18-50-13 - [verifyingSideMenuCollapsedLangAsInSettingsLingua_18-50-13] Trying to find element: By.xpath: //ytd-topbar-menu-button-renderer[@class='style-scope ytd-masthead style-default']
18:51:26 [TestNG-test-Yt Master Tests-2] INFO  verifyingSideMenuCollapsedLangAsInSettingsLingua_18-50-13 - [verifyingSideMenuCollapsedLangAsInSettingsLingua_18-50-13] Element found and ready (attempt 1): By.xpath: //ytd-topbar-menu-button-renderer[@class='style-scope ytd-masthead style-default']
18:51:26 [TestNG-test-Yt Master Tests-2] INFO  verifyingSideMenuCollapsedLangAsInSettingsLingua_18-50-13 - Clicking language dropdown...
18:51:26 [TestNG-test-Yt Master Tests-2] INFO  verifyingSideMenuCollapsedLangAsInSettingsLingua_18-50-13 - [verifyingSideMenuCollapsedLangAsInSettingsLingua_18-50-13] Trying to find element: By.xpath: (//div[@id='content-icon'])[2]
18:51:27 [TestNG-test-Yt Master Tests-2] INFO  verifyingSideMenuCollapsedLangAsInSettingsLingua_18-50-13 - [verifyingSideMenuCollapsedLangAsInSettingsLingua_18-50-13] Element found and ready (attempt 1): By.xpath: (//div[@id='content-icon'])[2]
18:51:28 [TestNG-test-Yt Master Tests-2] INFO  verifyingSideMenuCollapsedLangAsInSettingsLingua_18-50-13 - Looking for language element with name: Español (US)
18:51:28 [TestNG-test-Yt Master Tests-2] INFO  verifyingSideMenuCollapsedLangAsInSettingsLingua_18-50-13 - [verifyingSideMenuCollapsedLangAsInSettingsLingua_18-50-13] Trying to find element: By.xpath: //yt-multi-page-menu-section-renderer[@class='style-scope ytd-multi-page-menu-renderer']//yt-formatted-string[@id='label' and text()='Español (US)']
18:51:28 [TestNG-test-Yt Master Tests-2] INFO  verifyingSideMenuCollapsedLangAsInSettingsLingua_18-50-13 - [verifyingSideMenuCollapsedLangAsInSettingsLingua_18-50-13] Element found and ready (attempt 1): By.xpath: //yt-multi-page-menu-section-renderer[@class='style-scope ytd-multi-page-menu-renderer']//yt-formatted-string[@id='label' and text()='Español (US)']
18:51:28 [TestNG-test-Yt Master Tests-2] INFO  verifyingSideMenuCollapsedLangAsInSettingsLingua_18-50-13 - [verifyingSideMenuCollapsedLangAsInSettingsLingua_18-50-13] Trying to find element: By.xpath: //yt-multi-page-menu-section-renderer[@class='style-scope ytd-multi-page-menu-renderer']//yt-formatted-string[@id='label' and text()='Español (US)']
18:51:28 [TestNG-test-Yt Master Tests-2] INFO  verifyingSideMenuCollapsedLangAsInSettingsLingua_18-50-13 - [verifyingSideMenuCollapsedLangAsInSettingsLingua_18-50-13] Element found and ready (attempt 1): By.xpath: //yt-multi-page-menu-section-renderer[@class='style-scope ytd-multi-page-menu-renderer']//yt-formatted-string[@id='label' and text()='Español (US)']
18:51:29 [TestNG-test-Yt Master Tests-2] INFO  verifyingSideMenuCollapsedLangAsInSettingsLingua_18-50-13 - Clicking settings ellipses button...
18:51:29 [TestNG-test-Yt Master Tests-2] INFO  verifyingSideMenuCollapsedLangAsInSettingsLingua_18-50-13 - [verifyingSideMenuCollapsedLangAsInSettingsLingua_18-50-13] Trying to find element: By.xpath: //ytd-topbar-menu-button-renderer[@class='style-scope ytd-masthead style-default']
18:51:30 [TestNG-test-Yt Master Tests-2] INFO  verifyingSideMenuCollapsedLangAsInSettingsLingua_18-50-13 - [verifyingSideMenuCollapsedLangAsInSettingsLingua_18-50-13] Element found and ready (attempt 1): By.xpath: //ytd-topbar-menu-button-renderer[@class='style-scope ytd-masthead style-default']
18:51:30 [TestNG-test-Yt Master Tests-2] INFO  verifyingSideMenuCollapsedLangAsInSettingsLingua_18-50-13 - [verifyingSideMenuCollapsedLangAsInSettingsLingua_18-50-13] Waiting until element is visible in viewport
18:51:31 [TestNG-test-Yt Master Tests-2] INFO  verifyingSideMenuCollapsedLangAsInSettingsLingua_18-50-13 - Clicking settings ellipses button...
18:51:31 [TestNG-test-Yt Master Tests-2] INFO  verifyingSideMenuCollapsedLangAsInSettingsLingua_18-50-13 - [verifyingSideMenuCollapsedLangAsInSettingsLingua_18-50-13] Trying to find element: By.xpath: //ytd-topbar-menu-button-renderer[@class='style-scope ytd-masthead style-default']
18:51:31 [TestNG-test-Yt Master Tests-2] INFO  verifyingSideMenuCollapsedLangAsInSettingsLingua_18-50-13 - [verifyingSideMenuCollapsedLangAsInSettingsLingua_18-50-13] Element found and ready (attempt 1): By.xpath: //ytd-topbar-menu-button-renderer[@class='style-scope ytd-masthead style-default']
18:51:31 [TestNG-test-Yt Master Tests-2] INFO  verifyingSideMenuCollapsedLangAsInSettingsLingua_18-50-13 - getLangAttribute() - locating <html> and reading lang property
18:51:31 [TestNG-test-Yt Master Tests-2] INFO  verifyingSideMenuCollapsedLangAsInSettingsLingua_18-50-13 - Language attribute read: es-US
18:51:31 [TestNG-test-Yt Master Tests-2] INFO  verifyingSideMenuCollapsedLangAsInSettingsLingua_18-50-13 - Fetching the side menu in collapsed view
18:51:31 [TestNG-test-Yt Master Tests-2] INFO  verifyingSideMenuCollapsedLangAsInSettingsLingua_18-50-13 - [verifyingSideMenuCollapsedLangAsInSettingsLingua_18-50-13] Finding elements list: By.xpath: //ytd-mini-guide-renderer[@class='style-scope ytd-app']//ytd-mini-guide-entry-renderer
18:51:31 [TestNG-test-Yt Master Tests-2] INFO  verifyingSideMenuCollapsedLangAsInSettingsLingua_18-50-13 - [verifyingSideMenuCollapsedLangAsInSettingsLingua_18-50-13] Found 4 ready elements (attempt 1): By.xpath: //ytd-mini-guide-renderer[@class='style-scope ytd-app']//ytd-mini-guide-entry-renderer
18:51:31 [TestNG-test-Yt Master Tests-2] INFO  verifyingSideMenuCollapsedLangAsInSettingsLingua_18-50-13 - 
========== LANGUAGE DETECTION ==========
Detected Language : SPANISH
Input Text        : Principal Shorts Suscripciones Tú
========================================
18:51:31 [TestNG-test-Yt Master Tests-2] INFO  verifyingSideMenuCollapsedLangAsInSettingsLingua_18-50-13 - text sent to lingua is       Principal Shorts Suscripciones Tú
18:51:31 [TestNG-test-Yt Master Tests-2] INFO  verifyingSideMenuCollapsedLangAsInSettingsLingua_18-50-13 - getLangAttribute() - locating <html> and reading lang property
18:51:31 [TestNG-test-Yt Master Tests-2] INFO  verifyingSideMenuCollapsedLangAsInSettingsLingua_18-50-13 - Language attribute read: es-US
18:51:31 [TestNG-test-Yt Master Tests-2] INFO  verifyingSideMenuCollapsedLangAsInSettingsLingua_18-50-13 - Clicking settings ellipses button...
18:51:31 [TestNG-test-Yt Master Tests-2] INFO  verifyingSideMenuCollapsedLangAsInSettingsLingua_18-50-13 - [verifyingSideMenuCollapsedLangAsInSettingsLingua_18-50-13] Trying to find element: By.xpath: //ytd-topbar-menu-button-renderer[@class='style-scope ytd-masthead style-default']
18:51:31 [TestNG-test-Yt Master Tests-2] INFO  verifyingSideMenuCollapsedLangAsInSettingsLingua_18-50-13 - [verifyingSideMenuCollapsedLangAsInSettingsLingua_18-50-13] Element found and ready (attempt 1): By.xpath: //ytd-topbar-menu-button-renderer[@class='style-scope ytd-masthead style-default']
18:51:31 [TestNG-test-Yt Master Tests-2] INFO  verifyingSideMenuCollapsedLangAsInSettingsLingua_18-50-13 - Clicking language dropdown...
18:51:31 [TestNG-test-Yt Master Tests-2] INFO  verifyingSideMenuCollapsedLangAsInSettingsLingua_18-50-13 - [verifyingSideMenuCollapsedLangAsInSettingsLingua_18-50-13] Trying to find element: By.xpath: (//div[@id='content-icon'])[2]
18:51:32 [TestNG-test-Yt Master Tests-2] INFO  verifyingSideMenuCollapsedLangAsInSettingsLingua_18-50-13 - [verifyingSideMenuCollapsedLangAsInSettingsLingua_18-50-13] Element found and ready (attempt 1): By.xpath: (//div[@id='content-icon'])[2]
18:51:32 [TestNG-test-Yt Master Tests-2] INFO  verifyingSideMenuCollapsedLangAsInSettingsLingua_18-50-13 - Looking for language element with name: Euskara
18:51:32 [TestNG-test-Yt Master Tests-2] INFO  verifyingSideMenuCollapsedLangAsInSettingsLingua_18-50-13 - [verifyingSideMenuCollapsedLangAsInSettingsLingua_18-50-13] Trying to find element: By.xpath: //yt-multi-page-menu-section-renderer[@class='style-scope ytd-multi-page-menu-renderer']//yt-formatted-string[@id='label' and text()='Euskara']
18:51:32 [TestNG-test-Yt Master Tests-2] INFO  verifyingSideMenuCollapsedLangAsInSettingsLingua_18-50-13 - [verifyingSideMenuCollapsedLangAsInSettingsLingua_18-50-13] Element found and ready (attempt 1): By.xpath: //yt-multi-page-menu-section-renderer[@class='style-scope ytd-multi-page-menu-renderer']//yt-formatted-string[@id='label' and text()='Euskara']
18:51:32 [TestNG-test-Yt Master Tests-2] INFO  verifyingSideMenuCollapsedLangAsInSettingsLingua_18-50-13 - [verifyingSideMenuCollapsedLangAsInSettingsLingua_18-50-13] Trying to find element: By.xpath: //yt-multi-page-menu-section-renderer[@class='style-scope ytd-multi-page-menu-renderer']//yt-formatted-string[@id='label' and text()='Euskara']
18:51:32 [TestNG-test-Yt Master Tests-2] INFO  verifyingSideMenuCollapsedLangAsInSettingsLingua_18-50-13 - [verifyingSideMenuCollapsedLangAsInSettingsLingua_18-50-13] Element found and ready (attempt 1): By.xpath: //yt-multi-page-menu-section-renderer[@class='style-scope ytd-multi-page-menu-renderer']//yt-formatted-string[@id='label' and text()='Euskara']
18:51:34 [TestNG-test-Yt Master Tests-2] INFO  verifyingSideMenuCollapsedLangAsInSettingsLingua_18-50-13 - Clicking settings ellipses button...
18:51:34 [TestNG-test-Yt Master Tests-2] INFO  verifyingSideMenuCollapsedLangAsInSettingsLingua_18-50-13 - [verifyingSideMenuCollapsedLangAsInSettingsLingua_18-50-13] Trying to find element: By.xpath: //ytd-topbar-menu-button-renderer[@class='style-scope ytd-masthead style-default']
18:51:34 [TestNG-test-Yt Master Tests-2] INFO  verifyingSideMenuCollapsedLangAsInSettingsLingua_18-50-13 - [verifyingSideMenuCollapsedLangAsInSettingsLingua_18-50-13] Element found and ready (attempt 1): By.xpath: //ytd-topbar-menu-button-renderer[@class='style-scope ytd-masthead style-default']
18:51:34 [TestNG-test-Yt Master Tests-2] INFO  verifyingSideMenuCollapsedLangAsInSettingsLingua_18-50-13 - [verifyingSideMenuCollapsedLangAsInSettingsLingua_18-50-13] Waiting until element is visible in viewport
18:51:35 [TestNG-test-Yt Master Tests-2] INFO  verifyingSideMenuCollapsedLangAsInSettingsLingua_18-50-13 - Clicking settings ellipses button...
18:51:35 [TestNG-test-Yt Master Tests-2] INFO  verifyingSideMenuCollapsedLangAsInSettingsLingua_18-50-13 - [verifyingSideMenuCollapsedLangAsInSettingsLingua_18-50-13] Trying to find element: By.xpath: //ytd-topbar-menu-button-renderer[@class='style-scope ytd-masthead style-default']
18:51:35 [TestNG-test-Yt Master Tests-2] INFO  verifyingSideMenuCollapsedLangAsInSettingsLingua_18-50-13 - [verifyingSideMenuCollapsedLangAsInSettingsLingua_18-50-13] Element found and ready (attempt 1): By.xpath: //ytd-topbar-menu-button-renderer[@class='style-scope ytd-masthead style-default']
18:51:35 [TestNG-test-Yt Master Tests-2] INFO  verifyingSideMenuCollapsedLangAsInSettingsLingua_18-50-13 - getLangAttribute() - locating <html> and reading lang property
18:51:35 [TestNG-test-Yt Master Tests-2] INFO  verifyingSideMenuCollapsedLangAsInSettingsLingua_18-50-13 - Language attribute read: eu-ES
18:51:35 [TestNG-test-Yt Master Tests-2] INFO  verifyingSideMenuCollapsedLangAsInSettingsLingua_18-50-13 - Fetching the side menu in collapsed view
18:51:35 [TestNG-test-Yt Master Tests-2] INFO  verifyingSideMenuCollapsedLangAsInSettingsLingua_18-50-13 - [verifyingSideMenuCollapsedLangAsInSettingsLingua_18-50-13] Finding elements list: By.xpath: //ytd-mini-guide-renderer[@class='style-scope ytd-app']//ytd-mini-guide-entry-renderer
18:51:35 [TestNG-test-Yt Master Tests-2] INFO  verifyingSideMenuCollapsedLangAsInSettingsLingua_18-50-13 - [verifyingSideMenuCollapsedLangAsInSettingsLingua_18-50-13] Found 4 ready elements (attempt 1): By.xpath: //ytd-mini-guide-renderer[@class='style-scope ytd-app']//ytd-mini-guide-entry-renderer
18:51:35 [TestNG-test-Yt Master Tests-2] INFO  verifyingSideMenuCollapsedLangAsInSettingsLingua_18-50-13 - 
========== LANGUAGE DETECTION ==========
Detected Language : BASQUE
Input Text        : Orri nagusia Shorts Harpidetzak Zu
========================================
18:51:35 [TestNG-test-Yt Master Tests-2] INFO  verifyingSideMenuCollapsedLangAsInSettingsLingua_18-50-13 - text sent to lingua is       Orri nagusia Shorts Harpidetzak Zu
18:51:35 [TestNG-test-Yt Master Tests-2] INFO  verifyingSideMenuCollapsedLangAsInSettingsLingua_18-50-13 - getLangAttribute() - locating <html> and reading lang property
18:51:35 [TestNG-test-Yt Master Tests-2] INFO  verifyingSideMenuCollapsedLangAsInSettingsLingua_18-50-13 - Language attribute read: eu-ES
18:51:35 [TestNG-test-Yt Master Tests-2] INFO  verifyingSideMenuCollapsedLangAsInSettingsLingua_18-50-13 - Clicking settings ellipses button...
18:51:35 [TestNG-test-Yt Master Tests-2] INFO  verifyingSideMenuCollapsedLangAsInSettingsLingua_18-50-13 - [verifyingSideMenuCollapsedLangAsInSettingsLingua_18-50-13] Trying to find element: By.xpath: //ytd-topbar-menu-button-renderer[@class='style-scope ytd-masthead style-default']
18:51:36 [TestNG-test-Yt Master Tests-2] INFO  verifyingSideMenuCollapsedLangAsInSettingsLingua_18-50-13 - [verifyingSideMenuCollapsedLangAsInSettingsLingua_18-50-13] Element found and ready (attempt 1): By.xpath: //ytd-topbar-menu-button-renderer[@class='style-scope ytd-masthead style-default']
18:51:36 [TestNG-test-Yt Master Tests-2] INFO  verifyingSideMenuCollapsedLangAsInSettingsLingua_18-50-13 - Clicking language dropdown...
18:51:36 [TestNG-test-Yt Master Tests-2] INFO  verifyingSideMenuCollapsedLangAsInSettingsLingua_18-50-13 - [verifyingSideMenuCollapsedLangAsInSettingsLingua_18-50-13] Trying to find element: By.xpath: (//div[@id='content-icon'])[2]
18:51:36 [TestNG-test-Yt Master Tests-2] INFO  verifyingSideMenuCollapsedLangAsInSettingsLingua_18-50-13 - [verifyingSideMenuCollapsedLangAsInSettingsLingua_18-50-13] Element found and ready (attempt 1): By.xpath: (//div[@id='content-icon'])[2]
18:51:37 [TestNG-test-Yt Master Tests-2] INFO  verifyingSideMenuCollapsedLangAsInSettingsLingua_18-50-13 - Looking for language element with name: Français
18:51:37 [TestNG-test-Yt Master Tests-2] INFO  verifyingSideMenuCollapsedLangAsInSettingsLingua_18-50-13 - [verifyingSideMenuCollapsedLangAsInSettingsLingua_18-50-13] Trying to find element: By.xpath: //yt-multi-page-menu-section-renderer[@class='style-scope ytd-multi-page-menu-renderer']//yt-formatted-string[@id='label' and text()='Français']
18:51:37 [TestNG-test-Yt Master Tests-2] INFO  verifyingSideMenuCollapsedLangAsInSettingsLingua_18-50-13 - [verifyingSideMenuCollapsedLangAsInSettingsLingua_18-50-13] Element found and ready (attempt 1): By.xpath: //yt-multi-page-menu-section-renderer[@class='style-scope ytd-multi-page-menu-renderer']//yt-formatted-string[@id='label' and text()='Français']
18:51:37 [TestNG-test-Yt Master Tests-2] INFO  verifyingSideMenuCollapsedLangAsInSettingsLingua_18-50-13 - [verifyingSideMenuCollapsedLangAsInSettingsLingua_18-50-13] Trying to find element: By.xpath: //yt-multi-page-menu-section-renderer[@class='style-scope ytd-multi-page-menu-renderer']//yt-formatted-string[@id='label' and text()='Français']
18:51:37 [TestNG-test-Yt Master Tests-2] INFO  verifyingSideMenuCollapsedLangAsInSettingsLingua_18-50-13 - [verifyingSideMenuCollapsedLangAsInSettingsLingua_18-50-13] Element found and ready (attempt 1): By.xpath: //yt-multi-page-menu-section-renderer[@class='style-scope ytd-multi-page-menu-renderer']//yt-formatted-string[@id='label' and text()='Français']
18:51:38 [TestNG-test-Yt Master Tests-2] INFO  verifyingSideMenuCollapsedLangAsInSettingsLingua_18-50-13 - Clicking settings ellipses button...
18:51:38 [TestNG-test-Yt Master Tests-2] INFO  verifyingSideMenuCollapsedLangAsInSettingsLingua_18-50-13 - [verifyingSideMenuCollapsedLangAsInSettingsLingua_18-50-13] Trying to find element: By.xpath: //ytd-topbar-menu-button-renderer[@class='style-scope ytd-masthead style-default']
18:51:39 [TestNG-test-Yt Master Tests-2] INFO  verifyingSideMenuCollapsedLangAsInSettingsLingua_18-50-13 - [verifyingSideMenuCollapsedLangAsInSettingsLingua_18-50-13] Element found and ready (attempt 1): By.xpath: //ytd-topbar-menu-button-renderer[@class='style-scope ytd-masthead style-default']
18:51:39 [TestNG-test-Yt Master Tests-2] INFO  verifyingSideMenuCollapsedLangAsInSettingsLingua_18-50-13 - [verifyingSideMenuCollapsedLangAsInSettingsLingua_18-50-13] Waiting until element is visible in viewport
18:51:39 [TestNG-test-Yt Master Tests-2] INFO  verifyingSideMenuCollapsedLangAsInSettingsLingua_18-50-13 - Clicking settings ellipses button...
18:51:39 [TestNG-test-Yt Master Tests-2] INFO  verifyingSideMenuCollapsedLangAsInSettingsLingua_18-50-13 - [verifyingSideMenuCollapsedLangAsInSettingsLingua_18-50-13] Trying to find element: By.xpath: //ytd-topbar-menu-button-renderer[@class='style-scope ytd-masthead style-default']
18:51:39 [TestNG-test-Yt Master Tests-2] INFO  verifyingSideMenuCollapsedLangAsInSettingsLingua_18-50-13 - [verifyingSideMenuCollapsedLangAsInSettingsLingua_18-50-13] Element found and ready (attempt 1): By.xpath: //ytd-topbar-menu-button-renderer[@class='style-scope ytd-masthead style-default']
18:51:40 [TestNG-test-Yt Master Tests-2] INFO  verifyingSideMenuCollapsedLangAsInSettingsLingua_18-50-13 - getLangAttribute() - locating <html> and reading lang property
18:51:40 [TestNG-test-Yt Master Tests-2] INFO  verifyingSideMenuCollapsedLangAsInSettingsLingua_18-50-13 - Language attribute read: fr-FR
18:51:40 [TestNG-test-Yt Master Tests-2] INFO  verifyingSideMenuCollapsedLangAsInSettingsLingua_18-50-13 - Fetching the side menu in collapsed view
18:51:40 [TestNG-test-Yt Master Tests-2] INFO  verifyingSideMenuCollapsedLangAsInSettingsLingua_18-50-13 - [verifyingSideMenuCollapsedLangAsInSettingsLingua_18-50-13] Finding elements list: By.xpath: //ytd-mini-guide-renderer[@class='style-scope ytd-app']//ytd-mini-guide-entry-renderer
18:51:40 [TestNG-test-Yt Master Tests-2] INFO  verifyingSideMenuCollapsedLangAsInSettingsLingua_18-50-13 - [verifyingSideMenuCollapsedLangAsInSettingsLingua_18-50-13] Found 4 ready elements (attempt 1): By.xpath: //ytd-mini-guide-renderer[@class='style-scope ytd-app']//ytd-mini-guide-entry-renderer
18:51:40 [TestNG-test-Yt Master Tests-2] INFO  verifyingSideMenuCollapsedLangAsInSettingsLingua_18-50-13 - 
========== LANGUAGE DETECTION ==========
Detected Language : FRENCH
Input Text        : Accueil Shorts Abonnements Vous
========================================
18:51:40 [TestNG-test-Yt Master Tests-2] INFO  verifyingSideMenuCollapsedLangAsInSettingsLingua_18-50-13 - text sent to lingua is       Accueil Shorts Abonnements Vous
18:51:40 [TestNG-test-Yt Master Tests-2] INFO  verifyingSideMenuCollapsedLangAsInSettingsLingua_18-50-13 - getLangAttribute() - locating <html> and reading lang property
18:51:40 [TestNG-test-Yt Master Tests-2] INFO  verifyingSideMenuCollapsedLangAsInSettingsLingua_18-50-13 - Language attribute read: fr-FR
18:51:40 [TestNG-test-Yt Master Tests-2] INFO  verifyingSideMenuCollapsedLangAsInSettingsLingua_18-50-13 - Clicking settings ellipses button...
18:51:40 [TestNG-test-Yt Master Tests-2] INFO  verifyingSideMenuCollapsedLangAsInSettingsLingua_18-50-13 - [verifyingSideMenuCollapsedLangAsInSettingsLingua_18-50-13] Trying to find element: By.xpath: //ytd-topbar-menu-button-renderer[@class='style-scope ytd-masthead style-default']
18:51:40 [TestNG-test-Yt Master Tests-2] INFO  verifyingSideMenuCollapsedLangAsInSettingsLingua_18-50-13 - [verifyingSideMenuCollapsedLangAsInSettingsLingua_18-50-13] Element found and ready (attempt 1): By.xpath: //ytd-topbar-menu-button-renderer[@class='style-scope ytd-masthead style-default']
18:51:40 [TestNG-test-Yt Master Tests-2] INFO  verifyingSideMenuCollapsedLangAsInSettingsLingua_18-50-13 - Clicking language dropdown...
18:51:40 [TestNG-test-Yt Master Tests-2] INFO  verifyingSideMenuCollapsedLangAsInSettingsLingua_18-50-13 - [verifyingSideMenuCollapsedLangAsInSettingsLingua_18-50-13] Trying to find element: By.xpath: (//div[@id='content-icon'])[2]
18:51:41 [TestNG-test-Yt Master Tests-2] INFO  verifyingSideMenuCollapsedLangAsInSettingsLingua_18-50-13 - [verifyingSideMenuCollapsedLangAsInSettingsLingua_18-50-13] Element found and ready (attempt 1): By.xpath: (//div[@id='content-icon'])[2]
18:51:41 [TestNG-test-Yt Master Tests-2] INFO  verifyingSideMenuCollapsedLangAsInSettingsLingua_18-50-13 - Looking for language element with name: Français (Canada)
18:51:41 [TestNG-test-Yt Master Tests-2] INFO  verifyingSideMenuCollapsedLangAsInSettingsLingua_18-50-13 - [verifyingSideMenuCollapsedLangAsInSettingsLingua_18-50-13] Trying to find element: By.xpath: //yt-multi-page-menu-section-renderer[@class='style-scope ytd-multi-page-menu-renderer']//yt-formatted-string[@id='label' and text()='Français (Canada)']
18:51:41 [TestNG-test-Yt Master Tests-2] INFO  verifyingSideMenuCollapsedLangAsInSettingsLingua_18-50-13 - [verifyingSideMenuCollapsedLangAsInSettingsLingua_18-50-13] Element found and ready (attempt 1): By.xpath: //yt-multi-page-menu-section-renderer[@class='style-scope ytd-multi-page-menu-renderer']//yt-formatted-string[@id='label' and text()='Français (Canada)']
18:51:41 [TestNG-test-Yt Master Tests-2] INFO  verifyingSideMenuCollapsedLangAsInSettingsLingua_18-50-13 - [verifyingSideMenuCollapsedLangAsInSettingsLingua_18-50-13] Trying to find element: By.xpath: //yt-multi-page-menu-section-renderer[@class='style-scope ytd-multi-page-menu-renderer']//yt-formatted-string[@id='label' and text()='Français (Canada)']
18:51:41 [TestNG-test-Yt Master Tests-2] INFO  verifyingSideMenuCollapsedLangAsInSettingsLingua_18-50-13 - [verifyingSideMenuCollapsedLangAsInSettingsLingua_18-50-13] Element found and ready (attempt 1): By.xpath: //yt-multi-page-menu-section-renderer[@class='style-scope ytd-multi-page-menu-renderer']//yt-formatted-string[@id='label' and text()='Français (Canada)']
18:51:43 [TestNG-test-Yt Master Tests-2] INFO  verifyingSideMenuCollapsedLangAsInSettingsLingua_18-50-13 - Clicking settings ellipses button...
18:51:43 [TestNG-test-Yt Master Tests-2] INFO  verifyingSideMenuCollapsedLangAsInSettingsLingua_18-50-13 - [verifyingSideMenuCollapsedLangAsInSettingsLingua_18-50-13] Trying to find element: By.xpath: //ytd-topbar-menu-button-renderer[@class='style-scope ytd-masthead style-default']
18:51:43 [TestNG-test-Yt Master Tests-2] INFO  verifyingSideMenuCollapsedLangAsInSettingsLingua_18-50-13 - [verifyingSideMenuCollapsedLangAsInSettingsLingua_18-50-13] Element found and ready (attempt 1): By.xpath: //ytd-topbar-menu-button-renderer[@class='style-scope ytd-masthead style-default']
18:51:44 [TestNG-test-Yt Master Tests-2] INFO  verifyingSideMenuCollapsedLangAsInSettingsLingua_18-50-13 - [verifyingSideMenuCollapsedLangAsInSettingsLingua_18-50-13] Waiting until element is visible in viewport
18:51:44 [TestNG-test-Yt Master Tests-2] INFO  verifyingSideMenuCollapsedLangAsInSettingsLingua_18-50-13 - Clicking settings ellipses button...
18:51:44 [TestNG-test-Yt Master Tests-2] INFO  verifyingSideMenuCollapsedLangAsInSettingsLingua_18-50-13 - [verifyingSideMenuCollapsedLangAsInSettingsLingua_18-50-13] Trying to find element: By.xpath: //ytd-topbar-menu-button-renderer[@class='style-scope ytd-masthead style-default']
18:51:44 [TestNG-test-Yt Master Tests-2] INFO  verifyingSideMenuCollapsedLangAsInSettingsLingua_18-50-13 - [verifyingSideMenuCollapsedLangAsInSettingsLingua_18-50-13] Element found and ready (attempt 1): By.xpath: //ytd-topbar-menu-button-renderer[@class='style-scope ytd-masthead style-default']
18:51:44 [TestNG-test-Yt Master Tests-2] INFO  verifyingSideMenuCollapsedLangAsInSettingsLingua_18-50-13 - getLangAttribute() - locating <html> and reading lang property
18:51:44 [TestNG-test-Yt Master Tests-2] INFO  verifyingSideMenuCollapsedLangAsInSettingsLingua_18-50-13 - Language attribute read: fr-CA
18:51:44 [TestNG-test-Yt Master Tests-2] INFO  verifyingSideMenuCollapsedLangAsInSettingsLingua_18-50-13 - Fetching the side menu in collapsed view
18:51:44 [TestNG-test-Yt Master Tests-2] INFO  verifyingSideMenuCollapsedLangAsInSettingsLingua_18-50-13 - [verifyingSideMenuCollapsedLangAsInSettingsLingua_18-50-13] Finding elements list: By.xpath: //ytd-mini-guide-renderer[@class='style-scope ytd-app']//ytd-mini-guide-entry-renderer
18:51:44 [TestNG-test-Yt Master Tests-2] INFO  verifyingSideMenuCollapsedLangAsInSettingsLingua_18-50-13 - [verifyingSideMenuCollapsedLangAsInSettingsLingua_18-50-13] Found 4 ready elements (attempt 1): By.xpath: //ytd-mini-guide-renderer[@class='style-scope ytd-app']//ytd-mini-guide-entry-renderer
18:51:44 [TestNG-test-Yt Master Tests-2] INFO  verifyingSideMenuCollapsedLangAsInSettingsLingua_18-50-13 - 
========== LANGUAGE DETECTION ==========
Detected Language : FRENCH
Input Text        : Accueil Shorts Abonnements Vous
========================================
18:51:44 [TestNG-test-Yt Master Tests-2] INFO  verifyingSideMenuCollapsedLangAsInSettingsLingua_18-50-13 - text sent to lingua is       Accueil Shorts Abonnements Vous
18:51:44 [TestNG-test-Yt Master Tests-2] INFO  verifyingSideMenuCollapsedLangAsInSettingsLingua_18-50-13 - getLangAttribute() - locating <html> and reading lang property
18:51:44 [TestNG-test-Yt Master Tests-2] INFO  verifyingSideMenuCollapsedLangAsInSettingsLingua_18-50-13 - Language attribute read: fr-CA
18:51:44 [TestNG-test-Yt Master Tests-2] INFO  verifyingSideMenuCollapsedLangAsInSettingsLingua_18-50-13 - Clicking settings ellipses button...
18:51:44 [TestNG-test-Yt Master Tests-2] INFO  verifyingSideMenuCollapsedLangAsInSettingsLingua_18-50-13 - [verifyingSideMenuCollapsedLangAsInSettingsLingua_18-50-13] Trying to find element: By.xpath: //ytd-topbar-menu-button-renderer[@class='style-scope ytd-masthead style-default']
18:51:45 [TestNG-test-Yt Master Tests-2] INFO  verifyingSideMenuCollapsedLangAsInSettingsLingua_18-50-13 - [verifyingSideMenuCollapsedLangAsInSettingsLingua_18-50-13] Element found and ready (attempt 1): By.xpath: //ytd-topbar-menu-button-renderer[@class='style-scope ytd-masthead style-default']
18:51:45 [TestNG-test-Yt Master Tests-2] INFO  verifyingSideMenuCollapsedLangAsInSettingsLingua_18-50-13 - Clicking language dropdown...
18:51:45 [TestNG-test-Yt Master Tests-2] INFO  verifyingSideMenuCollapsedLangAsInSettingsLingua_18-50-13 - [verifyingSideMenuCollapsedLangAsInSettingsLingua_18-50-13] Trying to find element: By.xpath: (//div[@id='content-icon'])[2]
18:51:45 [TestNG-test-Yt Master Tests-2] INFO  verifyingSideMenuCollapsedLangAsInSettingsLingua_18-50-13 - [verifyingSideMenuCollapsedLangAsInSettingsLingua_18-50-13] Element found and ready (attempt 1): By.xpath: (//div[@id='content-icon'])[2]
18:51:46 [TestNG-test-Yt Master Tests-2] INFO  verifyingSideMenuCollapsedLangAsInSettingsLingua_18-50-13 - Looking for language element with name: Hrvatski
18:51:46 [TestNG-test-Yt Master Tests-2] INFO  verifyingSideMenuCollapsedLangAsInSettingsLingua_18-50-13 - [verifyingSideMenuCollapsedLangAsInSettingsLingua_18-50-13] Trying to find element: By.xpath: //yt-multi-page-menu-section-renderer[@class='style-scope ytd-multi-page-menu-renderer']//yt-formatted-string[@id='label' and text()='Hrvatski']
18:51:46 [TestNG-test-Yt Master Tests-2] INFO  verifyingSideMenuCollapsedLangAsInSettingsLingua_18-50-13 - [verifyingSideMenuCollapsedLangAsInSettingsLingua_18-50-13] Element found and ready (attempt 1): By.xpath: //yt-multi-page-menu-section-renderer[@class='style-scope ytd-multi-page-menu-renderer']//yt-formatted-string[@id='label' and text()='Hrvatski']
18:51:46 [TestNG-test-Yt Master Tests-2] INFO  verifyingSideMenuCollapsedLangAsInSettingsLingua_18-50-13 - [verifyingSideMenuCollapsedLangAsInSettingsLingua_18-50-13] Trying to find element: By.xpath: //yt-multi-page-menu-section-renderer[@class='style-scope ytd-multi-page-menu-renderer']//yt-formatted-string[@id='label' and text()='Hrvatski']
18:51:46 [TestNG-test-Yt Master Tests-2] INFO  verifyingSideMenuCollapsedLangAsInSettingsLingua_18-50-13 - [verifyingSideMenuCollapsedLangAsInSettingsLingua_18-50-13] Element found and ready (attempt 1): By.xpath: //yt-multi-page-menu-section-renderer[@class='style-scope ytd-multi-page-menu-renderer']//yt-formatted-string[@id='label' and text()='Hrvatski']
18:51:48 [TestNG-test-Yt Master Tests-2] INFO  verifyingSideMenuCollapsedLangAsInSettingsLingua_18-50-13 - Clicking settings ellipses button...
18:51:48 [TestNG-test-Yt Master Tests-2] INFO  verifyingSideMenuCollapsedLangAsInSettingsLingua_18-50-13 - [verifyingSideMenuCollapsedLangAsInSettingsLingua_18-50-13] Trying to find element: By.xpath: //ytd-topbar-menu-button-renderer[@class='style-scope ytd-masthead style-default']
18:51:48 [TestNG-test-Yt Master Tests-2] INFO  verifyingSideMenuCollapsedLangAsInSettingsLingua_18-50-13 - [verifyingSideMenuCollapsedLangAsInSettingsLingua_18-50-13] Element found and ready (attempt 1): By.xpath: //ytd-topbar-menu-button-renderer[@class='style-scope ytd-masthead style-default']
18:51:49 [TestNG-test-Yt Master Tests-2] INFO  verifyingSideMenuCollapsedLangAsInSettingsLingua_18-50-13 - [verifyingSideMenuCollapsedLangAsInSettingsLingua_18-50-13] Waiting until element is visible in viewport
18:51:49 [TestNG-test-Yt Master Tests-2] INFO  verifyingSideMenuCollapsedLangAsInSettingsLingua_18-50-13 - Clicking settings ellipses button...
18:51:49 [TestNG-test-Yt Master Tests-2] INFO  verifyingSideMenuCollapsedLangAsInSettingsLingua_18-50-13 - [verifyingSideMenuCollapsedLangAsInSettingsLingua_18-50-13] Trying to find element: By.xpath: //ytd-topbar-menu-button-renderer[@class='style-scope ytd-masthead style-default']
18:51:49 [TestNG-test-Yt Master Tests-2] INFO  verifyingSideMenuCollapsedLangAsInSettingsLingua_18-50-13 - [verifyingSideMenuCollapsedLangAsInSettingsLingua_18-50-13] Element found and ready (attempt 1): By.xpath: //ytd-topbar-menu-button-renderer[@class='style-scope ytd-masthead style-default']
18:51:49 [TestNG-test-Yt Master Tests-2] INFO  verifyingSideMenuCollapsedLangAsInSettingsLingua_18-50-13 - getLangAttribute() - locating <html> and reading lang property
18:51:49 [TestNG-test-Yt Master Tests-2] INFO  verifyingSideMenuCollapsedLangAsInSettingsLingua_18-50-13 - Language attribute read: hr-HR
18:51:49 [TestNG-test-Yt Master Tests-2] INFO  verifyingSideMenuCollapsedLangAsInSettingsLingua_18-50-13 - Fetching the side menu in collapsed view
18:51:49 [TestNG-test-Yt Master Tests-2] INFO  verifyingSideMenuCollapsedLangAsInSettingsLingua_18-50-13 - [verifyingSideMenuCollapsedLangAsInSettingsLingua_18-50-13] Finding elements list: By.xpath: //ytd-mini-guide-renderer[@class='style-scope ytd-app']//ytd-mini-guide-entry-renderer
18:51:49 [TestNG-test-Yt Master Tests-2] INFO  verifyingSideMenuCollapsedLangAsInSettingsLingua_18-50-13 - [verifyingSideMenuCollapsedLangAsInSettingsLingua_18-50-13] Found 4 ready elements (attempt 1): By.xpath: //ytd-mini-guide-renderer[@class='style-scope ytd-app']//ytd-mini-guide-entry-renderer
18:51:49 [TestNG-test-Yt Master Tests-2] INFO  verifyingSideMenuCollapsedLangAsInSettingsLingua_18-50-13 - 
========== LANGUAGE DETECTION ==========
Detected Language : BOSNIAN
Input Text        : Početna Shorts Pretplate Moje
========================================
18:51:49 [TestNG-test-Yt Master Tests-2] INFO  verifyingSideMenuCollapsedLangAsInSettingsLingua_18-50-13 - text sent to lingua is       Početna Shorts Pretplate Moje
18:51:49 [TestNG-test-Yt Master Tests-2] INFO  verifyingSideMenuCollapsedLangAsInSettingsLingua_18-50-13 - getLangAttribute() - locating <html> and reading lang property
18:51:49 [TestNG-test-Yt Master Tests-2] INFO  verifyingSideMenuCollapsedLangAsInSettingsLingua_18-50-13 - Language attribute read: hr-HR
18:51:49 [TestNG-test-Yt Master Tests-2] INFO  verifyingSideMenuCollapsedLangAsInSettingsLingua_18-50-13 - Clicking settings ellipses button...
18:51:49 [TestNG-test-Yt Master Tests-2] INFO  verifyingSideMenuCollapsedLangAsInSettingsLingua_18-50-13 - [verifyingSideMenuCollapsedLangAsInSettingsLingua_18-50-13] Trying to find element: By.xpath: //ytd-topbar-menu-button-renderer[@class='style-scope ytd-masthead style-default']
18:51:49 [TestNG-test-Yt Master Tests-2] INFO  verifyingSideMenuCollapsedLangAsInSettingsLingua_18-50-13 - [verifyingSideMenuCollapsedLangAsInSettingsLingua_18-50-13] Element found and ready (attempt 1): By.xpath: //ytd-topbar-menu-button-renderer[@class='style-scope ytd-masthead style-default']
18:51:50 [TestNG-test-Yt Master Tests-2] INFO  verifyingSideMenuCollapsedLangAsInSettingsLingua_18-50-13 - Clicking language dropdown...
18:51:50 [TestNG-test-Yt Master Tests-2] INFO  verifyingSideMenuCollapsedLangAsInSettingsLingua_18-50-13 - [verifyingSideMenuCollapsedLangAsInSettingsLingua_18-50-13] Trying to find element: By.xpath: (//div[@id='content-icon'])[2]
18:51:50 [TestNG-test-Yt Master Tests-2] INFO  verifyingSideMenuCollapsedLangAsInSettingsLingua_18-50-13 - [verifyingSideMenuCollapsedLangAsInSettingsLingua_18-50-13] Element found and ready (attempt 1): By.xpath: (//div[@id='content-icon'])[2]
18:51:51 [TestNG-test-Yt Master Tests-2] INFO  verifyingSideMenuCollapsedLangAsInSettingsLingua_18-50-13 - Looking for language element with name: Íslenska
18:51:51 [TestNG-test-Yt Master Tests-2] INFO  verifyingSideMenuCollapsedLangAsInSettingsLingua_18-50-13 - [verifyingSideMenuCollapsedLangAsInSettingsLingua_18-50-13] Trying to find element: By.xpath: //yt-multi-page-menu-section-renderer[@class='style-scope ytd-multi-page-menu-renderer']//yt-formatted-string[@id='label' and text()='Íslenska']
18:51:51 [TestNG-test-Yt Master Tests-2] INFO  verifyingSideMenuCollapsedLangAsInSettingsLingua_18-50-13 - [verifyingSideMenuCollapsedLangAsInSettingsLingua_18-50-13] Element found and ready (attempt 1): By.xpath: //yt-multi-page-menu-section-renderer[@class='style-scope ytd-multi-page-menu-renderer']//yt-formatted-string[@id='label' and text()='Íslenska']
18:51:51 [TestNG-test-Yt Master Tests-2] INFO  verifyingSideMenuCollapsedLangAsInSettingsLingua_18-50-13 - [verifyingSideMenuCollapsedLangAsInSettingsLingua_18-50-13] Trying to find element: By.xpath: //yt-multi-page-menu-section-renderer[@class='style-scope ytd-multi-page-menu-renderer']//yt-formatted-string[@id='label' and text()='Íslenska']
18:51:51 [TestNG-test-Yt Master Tests-2] INFO  verifyingSideMenuCollapsedLangAsInSettingsLingua_18-50-13 - [verifyingSideMenuCollapsedLangAsInSettingsLingua_18-50-13] Element found and ready (attempt 1): By.xpath: //yt-multi-page-menu-section-renderer[@class='style-scope ytd-multi-page-menu-renderer']//yt-formatted-string[@id='label' and text()='Íslenska']
18:51:53 [TestNG-test-Yt Master Tests-2] INFO  verifyingSideMenuCollapsedLangAsInSettingsLingua_18-50-13 - Clicking settings ellipses button...
18:51:53 [TestNG-test-Yt Master Tests-2] INFO  verifyingSideMenuCollapsedLangAsInSettingsLingua_18-50-13 - [verifyingSideMenuCollapsedLangAsInSettingsLingua_18-50-13] Trying to find element: By.xpath: //ytd-topbar-menu-button-renderer[@class='style-scope ytd-masthead style-default']
18:51:53 [TestNG-test-Yt Master Tests-2] INFO  verifyingSideMenuCollapsedLangAsInSettingsLingua_18-50-13 - [verifyingSideMenuCollapsedLangAsInSettingsLingua_18-50-13] Element found and ready (attempt 1): By.xpath: //ytd-topbar-menu-button-renderer[@class='style-scope ytd-masthead style-default']
18:51:53 [TestNG-test-Yt Master Tests-2] INFO  verifyingSideMenuCollapsedLangAsInSettingsLingua_18-50-13 - [verifyingSideMenuCollapsedLangAsInSettingsLingua_18-50-13] Waiting until element is visible in viewport
18:51:54 [TestNG-test-Yt Master Tests-2] INFO  verifyingSideMenuCollapsedLangAsInSettingsLingua_18-50-13 - Clicking settings ellipses button...
18:51:54 [TestNG-test-Yt Master Tests-2] INFO  verifyingSideMenuCollapsedLangAsInSettingsLingua_18-50-13 - [verifyingSideMenuCollapsedLangAsInSettingsLingua_18-50-13] Trying to find element: By.xpath: //ytd-topbar-menu-button-renderer[@class='style-scope ytd-masthead style-default']
18:51:54 [TestNG-test-Yt Master Tests-2] INFO  verifyingSideMenuCollapsedLangAsInSettingsLingua_18-50-13 - [verifyingSideMenuCollapsedLangAsInSettingsLingua_18-50-13] Element found and ready (attempt 1): By.xpath: //ytd-topbar-menu-button-renderer[@class='style-scope ytd-masthead style-default']
18:51:54 [TestNG-test-Yt Master Tests-2] INFO  verifyingSideMenuCollapsedLangAsInSettingsLingua_18-50-13 - getLangAttribute() - locating <html> and reading lang property
18:51:54 [TestNG-test-Yt Master Tests-2] INFO  verifyingSideMenuCollapsedLangAsInSettingsLingua_18-50-13 - Language attribute read: is-IS
18:51:54 [TestNG-test-Yt Master Tests-2] INFO  verifyingSideMenuCollapsedLangAsInSettingsLingua_18-50-13 - Fetching the side menu in collapsed view
18:51:54 [TestNG-test-Yt Master Tests-2] INFO  verifyingSideMenuCollapsedLangAsInSettingsLingua_18-50-13 - [verifyingSideMenuCollapsedLangAsInSettingsLingua_18-50-13] Finding elements list: By.xpath: //ytd-mini-guide-renderer[@class='style-scope ytd-app']//ytd-mini-guide-entry-renderer
18:51:54 [TestNG-test-Yt Master Tests-2] INFO  verifyingSideMenuCollapsedLangAsInSettingsLingua_18-50-13 - [verifyingSideMenuCollapsedLangAsInSettingsLingua_18-50-13] Found 4 ready elements (attempt 1): By.xpath: //ytd-mini-guide-renderer[@class='style-scope ytd-app']//ytd-mini-guide-entry-renderer
18:51:54 [TestNG-test-Yt Master Tests-2] INFO  verifyingSideMenuCollapsedLangAsInSettingsLingua_18-50-13 - 
========== LANGUAGE DETECTION ==========
Detected Language : ICELANDIC
Input Text        : Heim Shorts Áskriftir Þú
========================================
18:51:54 [TestNG-test-Yt Master Tests-2] INFO  verifyingSideMenuCollapsedLangAsInSettingsLingua_18-50-13 - text sent to lingua is       Heim Shorts Áskriftir Þú
18:51:54 [TestNG-test-Yt Master Tests-2] INFO  verifyingSideMenuCollapsedLangAsInSettingsLingua_18-50-13 - getLangAttribute() - locating <html> and reading lang property
18:51:54 [TestNG-test-Yt Master Tests-2] INFO  verifyingSideMenuCollapsedLangAsInSettingsLingua_18-50-13 - Language attribute read: is-IS
18:51:54 [TestNG-test-Yt Master Tests-2] INFO  verifyingSideMenuCollapsedLangAsInSettingsLingua_18-50-13 - Clicking settings ellipses button...
18:51:54 [TestNG-test-Yt Master Tests-2] INFO  verifyingSideMenuCollapsedLangAsInSettingsLingua_18-50-13 - [verifyingSideMenuCollapsedLangAsInSettingsLingua_18-50-13] Trying to find element: By.xpath: //ytd-topbar-menu-button-renderer[@class='style-scope ytd-masthead style-default']
18:51:54 [TestNG-test-Yt Master Tests-2] INFO  verifyingSideMenuCollapsedLangAsInSettingsLingua_18-50-13 - [verifyingSideMenuCollapsedLangAsInSettingsLingua_18-50-13] Element found and ready (attempt 1): By.xpath: //ytd-topbar-menu-button-renderer[@class='style-scope ytd-masthead style-default']
18:51:54 [TestNG-test-Yt Master Tests-2] INFO  verifyingSideMenuCollapsedLangAsInSettingsLingua_18-50-13 - Clicking language dropdown...
18:51:54 [TestNG-test-Yt Master Tests-2] INFO  verifyingSideMenuCollapsedLangAsInSettingsLingua_18-50-13 - [verifyingSideMenuCollapsedLangAsInSettingsLingua_18-50-13] Trying to find element: By.xpath: (//div[@id='content-icon'])[2]
18:51:55 [TestNG-test-Yt Master Tests-2] INFO  verifyingSideMenuCollapsedLangAsInSettingsLingua_18-50-13 - [verifyingSideMenuCollapsedLangAsInSettingsLingua_18-50-13] Element found and ready (attempt 1): By.xpath: (//div[@id='content-icon'])[2]
18:51:55 [TestNG-test-Yt Master Tests-2] INFO  verifyingSideMenuCollapsedLangAsInSettingsLingua_18-50-13 - Looking for language element with name: Italiano
18:51:55 [TestNG-test-Yt Master Tests-2] INFO  verifyingSideMenuCollapsedLangAsInSettingsLingua_18-50-13 - [verifyingSideMenuCollapsedLangAsInSettingsLingua_18-50-13] Trying to find element: By.xpath: //yt-multi-page-menu-section-renderer[@class='style-scope ytd-multi-page-menu-renderer']//yt-formatted-string[@id='label' and text()='Italiano']
18:51:56 [TestNG-test-Yt Master Tests-2] INFO  verifyingSideMenuCollapsedLangAsInSettingsLingua_18-50-13 - [verifyingSideMenuCollapsedLangAsInSettingsLingua_18-50-13] Element found and ready (attempt 1): By.xpath: //yt-multi-page-menu-section-renderer[@class='style-scope ytd-multi-page-menu-renderer']//yt-formatted-string[@id='label' and text()='Italiano']
18:51:56 [TestNG-test-Yt Master Tests-2] INFO  verifyingSideMenuCollapsedLangAsInSettingsLingua_18-50-13 - [verifyingSideMenuCollapsedLangAsInSettingsLingua_18-50-13] Trying to find element: By.xpath: //yt-multi-page-menu-section-renderer[@class='style-scope ytd-multi-page-menu-renderer']//yt-formatted-string[@id='label' and text()='Italiano']
18:51:56 [TestNG-test-Yt Master Tests-2] INFO  verifyingSideMenuCollapsedLangAsInSettingsLingua_18-50-13 - [verifyingSideMenuCollapsedLangAsInSettingsLingua_18-50-13] Element found and ready (attempt 1): By.xpath: //yt-multi-page-menu-section-renderer[@class='style-scope ytd-multi-page-menu-renderer']//yt-formatted-string[@id='label' and text()='Italiano']
18:51:57 [TestNG-test-Yt Master Tests-2] INFO  verifyingSideMenuCollapsedLangAsInSettingsLingua_18-50-13 - Clicking settings ellipses button...
18:51:57 [TestNG-test-Yt Master Tests-2] INFO  verifyingSideMenuCollapsedLangAsInSettingsLingua_18-50-13 - [verifyingSideMenuCollapsedLangAsInSettingsLingua_18-50-13] Trying to find element: By.xpath: //ytd-topbar-menu-button-renderer[@class='style-scope ytd-masthead style-default']
18:51:58 [TestNG-test-Yt Master Tests-2] INFO  verifyingSideMenuCollapsedLangAsInSettingsLingua_18-50-13 - [verifyingSideMenuCollapsedLangAsInSettingsLingua_18-50-13] Element found and ready (attempt 1): By.xpath: //ytd-topbar-menu-button-renderer[@class='style-scope ytd-masthead style-default']
18:51:58 [TestNG-test-Yt Master Tests-2] INFO  verifyingSideMenuCollapsedLangAsInSettingsLingua_18-50-13 - [verifyingSideMenuCollapsedLangAsInSettingsLingua_18-50-13] Waiting until element is visible in viewport
18:51:58 [TestNG-test-Yt Master Tests-2] INFO  verifyingSideMenuCollapsedLangAsInSettingsLingua_18-50-13 - Clicking settings ellipses button...
18:51:58 [TestNG-test-Yt Master Tests-2] INFO  verifyingSideMenuCollapsedLangAsInSettingsLingua_18-50-13 - [verifyingSideMenuCollapsedLangAsInSettingsLingua_18-50-13] Trying to find element: By.xpath: //ytd-topbar-menu-button-renderer[@class='style-scope ytd-masthead style-default']
18:51:59 [TestNG-test-Yt Master Tests-2] INFO  verifyingSideMenuCollapsedLangAsInSettingsLingua_18-50-13 - [verifyingSideMenuCollapsedLangAsInSettingsLingua_18-50-13] Element found and ready (attempt 1): By.xpath: //ytd-topbar-menu-button-renderer[@class='style-scope ytd-masthead style-default']
18:51:59 [TestNG-test-Yt Master Tests-2] INFO  verifyingSideMenuCollapsedLangAsInSettingsLingua_18-50-13 - getLangAttribute() - locating <html> and reading lang property
18:51:59 [TestNG-test-Yt Master Tests-2] INFO  verifyingSideMenuCollapsedLangAsInSettingsLingua_18-50-13 - Language attribute read: it-IT
18:51:59 [TestNG-test-Yt Master Tests-2] INFO  verifyingSideMenuCollapsedLangAsInSettingsLingua_18-50-13 - Fetching the side menu in collapsed view
18:51:59 [TestNG-test-Yt Master Tests-2] INFO  verifyingSideMenuCollapsedLangAsInSettingsLingua_18-50-13 - [verifyingSideMenuCollapsedLangAsInSettingsLingua_18-50-13] Finding elements list: By.xpath: //ytd-mini-guide-renderer[@class='style-scope ytd-app']//ytd-mini-guide-entry-renderer
18:51:59 [TestNG-test-Yt Master Tests-2] INFO  verifyingSideMenuCollapsedLangAsInSettingsLingua_18-50-13 - [verifyingSideMenuCollapsedLangAsInSettingsLingua_18-50-13] Found 4 ready elements (attempt 1): By.xpath: //ytd-mini-guide-renderer[@class='style-scope ytd-app']//ytd-mini-guide-entry-renderer
18:51:59 [TestNG-test-Yt Master Tests-2] INFO  verifyingSideMenuCollapsedLangAsInSettingsLingua_18-50-13 - 
========== LANGUAGE DETECTION ==========
Detected Language : ITALIAN
Input Text        : Home Shorts Iscrizioni Tu
========================================
18:51:59 [TestNG-test-Yt Master Tests-2] INFO  verifyingSideMenuCollapsedLangAsInSettingsLingua_18-50-13 - text sent to lingua is       Home Shorts Iscrizioni Tu
18:51:59 [TestNG-test-Yt Master Tests-2] INFO  verifyingSideMenuCollapsedLangAsInSettingsLingua_18-50-13 - getLangAttribute() - locating <html> and reading lang property
18:51:59 [TestNG-test-Yt Master Tests-2] INFO  verifyingSideMenuCollapsedLangAsInSettingsLingua_18-50-13 - Language attribute read: it-IT
18:51:59 [TestNG-test-Yt Master Tests-2] INFO  verifyingSideMenuCollapsedLangAsInSettingsLingua_18-50-13 - Clicking settings ellipses button...
18:51:59 [TestNG-test-Yt Master Tests-2] INFO  verifyingSideMenuCollapsedLangAsInSettingsLingua_18-50-13 - [verifyingSideMenuCollapsedLangAsInSettingsLingua_18-50-13] Trying to find element: By.xpath: //ytd-topbar-menu-button-renderer[@class='style-scope ytd-masthead style-default']
18:51:59 [TestNG-test-Yt Master Tests-2] INFO  verifyingSideMenuCollapsedLangAsInSettingsLingua_18-50-13 - [verifyingSideMenuCollapsedLangAsInSettingsLingua_18-50-13] Element found and ready (attempt 1): By.xpath: //ytd-topbar-menu-button-renderer[@class='style-scope ytd-masthead style-default']
18:51:59 [TestNG-test-Yt Master Tests-2] INFO  verifyingSideMenuCollapsedLangAsInSettingsLingua_18-50-13 - Clicking language dropdown...
18:51:59 [TestNG-test-Yt Master Tests-2] INFO  verifyingSideMenuCollapsedLangAsInSettingsLingua_18-50-13 - [verifyingSideMenuCollapsedLangAsInSettingsLingua_18-50-13] Trying to find element: By.xpath: (//div[@id='content-icon'])[2]
18:51:59 [TestNG-test-Yt Master Tests-2] INFO  verifyingSideMenuCollapsedLangAsInSettingsLingua_18-50-13 - [verifyingSideMenuCollapsedLangAsInSettingsLingua_18-50-13] Element found and ready (attempt 1): By.xpath: (//div[@id='content-icon'])[2]
18:52:00 [TestNG-test-Yt Master Tests-2] INFO  verifyingSideMenuCollapsedLangAsInSettingsLingua_18-50-13 - Looking for language element with name: Latviešu valoda
18:52:00 [TestNG-test-Yt Master Tests-2] INFO  verifyingSideMenuCollapsedLangAsInSettingsLingua_18-50-13 - [verifyingSideMenuCollapsedLangAsInSettingsLingua_18-50-13] Trying to find element: By.xpath: //yt-multi-page-menu-section-renderer[@class='style-scope ytd-multi-page-menu-renderer']//yt-formatted-string[@id='label' and text()='Latviešu valoda']
18:52:00 [TestNG-test-Yt Master Tests-2] INFO  verifyingSideMenuCollapsedLangAsInSettingsLingua_18-50-13 - [verifyingSideMenuCollapsedLangAsInSettingsLingua_18-50-13] Element found and ready (attempt 1): By.xpath: //yt-multi-page-menu-section-renderer[@class='style-scope ytd-multi-page-menu-renderer']//yt-formatted-string[@id='label' and text()='Latviešu valoda']
18:52:00 [TestNG-test-Yt Master Tests-2] INFO  verifyingSideMenuCollapsedLangAsInSettingsLingua_18-50-13 - [verifyingSideMenuCollapsedLangAsInSettingsLingua_18-50-13] Trying to find element: By.xpath: //yt-multi-page-menu-section-renderer[@class='style-scope ytd-multi-page-menu-renderer']//yt-formatted-string[@id='label' and text()='Latviešu valoda']
18:52:00 [TestNG-test-Yt Master Tests-2] INFO  verifyingSideMenuCollapsedLangAsInSettingsLingua_18-50-13 - [verifyingSideMenuCollapsedLangAsInSettingsLingua_18-50-13] Element found and ready (attempt 1): By.xpath: //yt-multi-page-menu-section-renderer[@class='style-scope ytd-multi-page-menu-renderer']//yt-formatted-string[@id='label' and text()='Latviešu valoda']
18:52:01 [TestNG-test-Yt Master Tests-2] INFO  verifyingSideMenuCollapsedLangAsInSettingsLingua_18-50-13 - Clicking settings ellipses button...
18:52:02 [TestNG-test-Yt Master Tests-2] INFO  verifyingSideMenuCollapsedLangAsInSettingsLingua_18-50-13 - [verifyingSideMenuCollapsedLangAsInSettingsLingua_18-50-13] Trying to find element: By.xpath: //ytd-topbar-menu-button-renderer[@class='style-scope ytd-masthead style-default']
18:52:02 [TestNG-test-Yt Master Tests-2] INFO  verifyingSideMenuCollapsedLangAsInSettingsLingua_18-50-13 - [verifyingSideMenuCollapsedLangAsInSettingsLingua_18-50-13] Element found and ready (attempt 1): By.xpath: //ytd-topbar-menu-button-renderer[@class='style-scope ytd-masthead style-default']
18:52:02 [TestNG-test-Yt Master Tests-2] INFO  verifyingSideMenuCollapsedLangAsInSettingsLingua_18-50-13 - [verifyingSideMenuCollapsedLangAsInSettingsLingua_18-50-13] Waiting until element is visible in viewport
18:52:03 [TestNG-test-Yt Master Tests-2] INFO  verifyingSideMenuCollapsedLangAsInSettingsLingua_18-50-13 - Clicking settings ellipses button...
18:52:03 [TestNG-test-Yt Master Tests-2] INFO  verifyingSideMenuCollapsedLangAsInSettingsLingua_18-50-13 - [verifyingSideMenuCollapsedLangAsInSettingsLingua_18-50-13] Trying to find element: By.xpath: //ytd-topbar-menu-button-renderer[@class='style-scope ytd-masthead style-default']
18:52:03 [TestNG-test-Yt Master Tests-2] INFO  verifyingSideMenuCollapsedLangAsInSettingsLingua_18-50-13 - [verifyingSideMenuCollapsedLangAsInSettingsLingua_18-50-13] Element found and ready (attempt 1): By.xpath: //ytd-topbar-menu-button-renderer[@class='style-scope ytd-masthead style-default']
18:52:03 [TestNG-test-Yt Master Tests-2] INFO  verifyingSideMenuCollapsedLangAsInSettingsLingua_18-50-13 - getLangAttribute() - locating <html> and reading lang property
18:52:03 [TestNG-test-Yt Master Tests-2] INFO  verifyingSideMenuCollapsedLangAsInSettingsLingua_18-50-13 - Language attribute read: lv-LV
18:52:03 [TestNG-test-Yt Master Tests-2] INFO  verifyingSideMenuCollapsedLangAsInSettingsLingua_18-50-13 - Fetching the side menu in collapsed view
18:52:03 [TestNG-test-Yt Master Tests-2] INFO  verifyingSideMenuCollapsedLangAsInSettingsLingua_18-50-13 - [verifyingSideMenuCollapsedLangAsInSettingsLingua_18-50-13] Finding elements list: By.xpath: //ytd-mini-guide-renderer[@class='style-scope ytd-app']//ytd-mini-guide-entry-renderer
18:52:03 [TestNG-test-Yt Master Tests-2] INFO  verifyingSideMenuCollapsedLangAsInSettingsLingua_18-50-13 - [verifyingSideMenuCollapsedLangAsInSettingsLingua_18-50-13] Found 4 ready elements (attempt 1): By.xpath: //ytd-mini-guide-renderer[@class='style-scope ytd-app']//ytd-mini-guide-entry-renderer
18:52:03 [TestNG-test-Yt Master Tests-2] INFO  verifyingSideMenuCollapsedLangAsInSettingsLingua_18-50-13 - 
========== LANGUAGE DETECTION ==========
Detected Language : LATVIAN
Input Text        : Sākums Shorts Abonementi Jūs
========================================
18:52:03 [TestNG-test-Yt Master Tests-2] INFO  verifyingSideMenuCollapsedLangAsInSettingsLingua_18-50-13 - text sent to lingua is       Sākums Shorts Abonementi Jūs
18:52:03 [TestNG-test-Yt Master Tests-2] INFO  verifyingSideMenuCollapsedLangAsInSettingsLingua_18-50-13 - getLangAttribute() - locating <html> and reading lang property
18:52:03 [TestNG-test-Yt Master Tests-2] INFO  verifyingSideMenuCollapsedLangAsInSettingsLingua_18-50-13 - Language attribute read: lv-LV
18:52:03 [TestNG-test-Yt Master Tests-2] INFO  verifyingSideMenuCollapsedLangAsInSettingsLingua_18-50-13 - Clicking settings ellipses button...
18:52:03 [TestNG-test-Yt Master Tests-2] INFO  verifyingSideMenuCollapsedLangAsInSettingsLingua_18-50-13 - [verifyingSideMenuCollapsedLangAsInSettingsLingua_18-50-13] Trying to find element: By.xpath: //ytd-topbar-menu-button-renderer[@class='style-scope ytd-masthead style-default']
18:52:03 [TestNG-test-Yt Master Tests-2] INFO  verifyingSideMenuCollapsedLangAsInSettingsLingua_18-50-13 - [verifyingSideMenuCollapsedLangAsInSettingsLingua_18-50-13] Element found and ready (attempt 1): By.xpath: //ytd-topbar-menu-button-renderer[@class='style-scope ytd-masthead style-default']
18:52:04 [TestNG-test-Yt Master Tests-2] INFO  verifyingSideMenuCollapsedLangAsInSettingsLingua_18-50-13 - Clicking language dropdown...
18:52:04 [TestNG-test-Yt Master Tests-2] INFO  verifyingSideMenuCollapsedLangAsInSettingsLingua_18-50-13 - [verifyingSideMenuCollapsedLangAsInSettingsLingua_18-50-13] Trying to find element: By.xpath: (//div[@id='content-icon'])[2]
18:52:04 [TestNG-test-Yt Master Tests-2] INFO  verifyingSideMenuCollapsedLangAsInSettingsLingua_18-50-13 - [verifyingSideMenuCollapsedLangAsInSettingsLingua_18-50-13] Element found and ready (attempt 1): By.xpath: (//div[@id='content-icon'])[2]
18:52:04 [TestNG-test-Yt Master Tests-2] INFO  verifyingSideMenuCollapsedLangAsInSettingsLingua_18-50-13 - Looking for language element with name: Lietuvių
18:52:04 [TestNG-test-Yt Master Tests-2] INFO  verifyingSideMenuCollapsedLangAsInSettingsLingua_18-50-13 - [verifyingSideMenuCollapsedLangAsInSettingsLingua_18-50-13] Trying to find element: By.xpath: //yt-multi-page-menu-section-renderer[@class='style-scope ytd-multi-page-menu-renderer']//yt-formatted-string[@id='label' and text()='Lietuvių']
18:52:05 [TestNG-test-Yt Master Tests-2] INFO  verifyingSideMenuCollapsedLangAsInSettingsLingua_18-50-13 - [verifyingSideMenuCollapsedLangAsInSettingsLingua_18-50-13] Element found and ready (attempt 1): By.xpath: //yt-multi-page-menu-section-renderer[@class='style-scope ytd-multi-page-menu-renderer']//yt-formatted-string[@id='label' and text()='Lietuvių']
18:52:05 [TestNG-test-Yt Master Tests-2] INFO  verifyingSideMenuCollapsedLangAsInSettingsLingua_18-50-13 - [verifyingSideMenuCollapsedLangAsInSettingsLingua_18-50-13] Trying to find element: By.xpath: //yt-multi-page-menu-section-renderer[@class='style-scope ytd-multi-page-menu-renderer']//yt-formatted-string[@id='label' and text()='Lietuvių']
18:52:05 [TestNG-test-Yt Master Tests-2] INFO  verifyingSideMenuCollapsedLangAsInSettingsLingua_18-50-13 - [verifyingSideMenuCollapsedLangAsInSettingsLingua_18-50-13] Element found and ready (attempt 1): By.xpath: //yt-multi-page-menu-section-renderer[@class='style-scope ytd-multi-page-menu-renderer']//yt-formatted-string[@id='label' and text()='Lietuvių']
18:52:06 [TestNG-test-Yt Master Tests-2] INFO  verifyingSideMenuCollapsedLangAsInSettingsLingua_18-50-13 - Clicking settings ellipses button...
18:52:06 [TestNG-test-Yt Master Tests-2] INFO  verifyingSideMenuCollapsedLangAsInSettingsLingua_18-50-13 - [verifyingSideMenuCollapsedLangAsInSettingsLingua_18-50-13] Trying to find element: By.xpath: //ytd-topbar-menu-button-renderer[@class='style-scope ytd-masthead style-default']
18:52:07 [TestNG-test-Yt Master Tests-2] INFO  verifyingSideMenuCollapsedLangAsInSettingsLingua_18-50-13 - [verifyingSideMenuCollapsedLangAsInSettingsLingua_18-50-13] Element found and ready (attempt 1): By.xpath: //ytd-topbar-menu-button-renderer[@class='style-scope ytd-masthead style-default']
18:52:07 [TestNG-test-Yt Master Tests-2] INFO  verifyingSideMenuCollapsedLangAsInSettingsLingua_18-50-13 - [verifyingSideMenuCollapsedLangAsInSettingsLingua_18-50-13] Waiting until element is visible in viewport
18:52:07 [TestNG-test-Yt Master Tests-2] INFO  verifyingSideMenuCollapsedLangAsInSettingsLingua_18-50-13 - Clicking settings ellipses button...
18:52:07 [TestNG-test-Yt Master Tests-2] INFO  verifyingSideMenuCollapsedLangAsInSettingsLingua_18-50-13 - [verifyingSideMenuCollapsedLangAsInSettingsLingua_18-50-13] Trying to find element: By.xpath: //ytd-topbar-menu-button-renderer[@class='style-scope ytd-masthead style-default']
18:52:07 [TestNG-test-Yt Master Tests-2] INFO  verifyingSideMenuCollapsedLangAsInSettingsLingua_18-50-13 - [verifyingSideMenuCollapsedLangAsInSettingsLingua_18-50-13] Element found and ready (attempt 1): By.xpath: //ytd-topbar-menu-button-renderer[@class='style-scope ytd-masthead style-default']
18:52:07 [TestNG-test-Yt Master Tests-2] INFO  verifyingSideMenuCollapsedLangAsInSettingsLingua_18-50-13 - getLangAttribute() - locating <html> and reading lang property
18:52:07 [TestNG-test-Yt Master Tests-2] INFO  verifyingSideMenuCollapsedLangAsInSettingsLingua_18-50-13 - Language attribute read: lt-LT
18:52:07 [TestNG-test-Yt Master Tests-2] INFO  verifyingSideMenuCollapsedLangAsInSettingsLingua_18-50-13 - Fetching the side menu in collapsed view
18:52:07 [TestNG-test-Yt Master Tests-2] INFO  verifyingSideMenuCollapsedLangAsInSettingsLingua_18-50-13 - [verifyingSideMenuCollapsedLangAsInSettingsLingua_18-50-13] Finding elements list: By.xpath: //ytd-mini-guide-renderer[@class='style-scope ytd-app']//ytd-mini-guide-entry-renderer
18:52:07 [TestNG-test-Yt Master Tests-2] INFO  verifyingSideMenuCollapsedLangAsInSettingsLingua_18-50-13 - [verifyingSideMenuCollapsedLangAsInSettingsLingua_18-50-13] Found 4 ready elements (attempt 1): By.xpath: //ytd-mini-guide-renderer[@class='style-scope ytd-app']//ytd-mini-guide-entry-renderer
18:52:08 [TestNG-test-Yt Master Tests-2] INFO  verifyingSideMenuCollapsedLangAsInSettingsLingua_18-50-13 - 
========== LANGUAGE DETECTION ==========
Detected Language : LITHUANIAN
Input Text        : Pagrindinis Shorts Prenumeratos Jūs
========================================
18:52:08 [TestNG-test-Yt Master Tests-2] INFO  verifyingSideMenuCollapsedLangAsInSettingsLingua_18-50-13 - text sent to lingua is       Pagrindinis Shorts Prenumeratos Jūs
18:52:08 [TestNG-test-Yt Master Tests-2] INFO  verifyingSideMenuCollapsedLangAsInSettingsLingua_18-50-13 - getLangAttribute() - locating <html> and reading lang property
18:52:08 [TestNG-test-Yt Master Tests-2] INFO  verifyingSideMenuCollapsedLangAsInSettingsLingua_18-50-13 - Language attribute read: lt-LT
18:52:08 [TestNG-test-Yt Master Tests-2] INFO  verifyingSideMenuCollapsedLangAsInSettingsLingua_18-50-13 - Clicking settings ellipses button...
18:52:08 [TestNG-test-Yt Master Tests-2] INFO  verifyingSideMenuCollapsedLangAsInSettingsLingua_18-50-13 - [verifyingSideMenuCollapsedLangAsInSettingsLingua_18-50-13] Trying to find element: By.xpath: //ytd-topbar-menu-button-renderer[@class='style-scope ytd-masthead style-default']
18:52:08 [TestNG-test-Yt Master Tests-2] INFO  verifyingSideMenuCollapsedLangAsInSettingsLingua_18-50-13 - [verifyingSideMenuCollapsedLangAsInSettingsLingua_18-50-13] Element found and ready (attempt 1): By.xpath: //ytd-topbar-menu-button-renderer[@class='style-scope ytd-masthead style-default']
18:52:08 [TestNG-test-Yt Master Tests-2] INFO  verifyingSideMenuCollapsedLangAsInSettingsLingua_18-50-13 - Clicking language dropdown...
18:52:08 [TestNG-test-Yt Master Tests-2] INFO  verifyingSideMenuCollapsedLangAsInSettingsLingua_18-50-13 - [verifyingSideMenuCollapsedLangAsInSettingsLingua_18-50-13] Trying to find element: By.xpath: (//div[@id='content-icon'])[2]
18:52:08 [TestNG-test-Yt Master Tests-2] INFO  verifyingSideMenuCollapsedLangAsInSettingsLingua_18-50-13 - [verifyingSideMenuCollapsedLangAsInSettingsLingua_18-50-13] Element found and ready (attempt 1): By.xpath: (//div[@id='content-icon'])[2]
18:52:09 [TestNG-test-Yt Master Tests-2] INFO  verifyingSideMenuCollapsedLangAsInSettingsLingua_18-50-13 - Looking for language element with name: Magyar
18:52:09 [TestNG-test-Yt Master Tests-2] INFO  verifyingSideMenuCollapsedLangAsInSettingsLingua_18-50-13 - [verifyingSideMenuCollapsedLangAsInSettingsLingua_18-50-13] Trying to find element: By.xpath: //yt-multi-page-menu-section-renderer[@class='style-scope ytd-multi-page-menu-renderer']//yt-formatted-string[@id='label' and text()='Magyar']
18:52:09 [TestNG-test-Yt Master Tests-2] INFO  verifyingSideMenuCollapsedLangAsInSettingsLingua_18-50-13 - [verifyingSideMenuCollapsedLangAsInSettingsLingua_18-50-13] Element found and ready (attempt 1): By.xpath: //yt-multi-page-menu-section-renderer[@class='style-scope ytd-multi-page-menu-renderer']//yt-formatted-string[@id='label' and text()='Magyar']
18:52:09 [TestNG-test-Yt Master Tests-2] INFO  verifyingSideMenuCollapsedLangAsInSettingsLingua_18-50-13 - [verifyingSideMenuCollapsedLangAsInSettingsLingua_18-50-13] Trying to find element: By.xpath: //yt-multi-page-menu-section-renderer[@class='style-scope ytd-multi-page-menu-renderer']//yt-formatted-string[@id='label' and text()='Magyar']
18:52:09 [TestNG-test-Yt Master Tests-2] INFO  verifyingSideMenuCollapsedLangAsInSettingsLingua_18-50-13 - [verifyingSideMenuCollapsedLangAsInSettingsLingua_18-50-13] Element found and ready (attempt 1): By.xpath: //yt-multi-page-menu-section-renderer[@class='style-scope ytd-multi-page-menu-renderer']//yt-formatted-string[@id='label' and text()='Magyar']
18:52:11 [TestNG-test-Yt Master Tests-2] INFO  verifyingSideMenuCollapsedLangAsInSettingsLingua_18-50-13 - Clicking settings ellipses button...
18:52:11 [TestNG-test-Yt Master Tests-2] INFO  verifyingSideMenuCollapsedLangAsInSettingsLingua_18-50-13 - [verifyingSideMenuCollapsedLangAsInSettingsLingua_18-50-13] Trying to find element: By.xpath: //ytd-topbar-menu-button-renderer[@class='style-scope ytd-masthead style-default']
18:52:11 [TestNG-test-Yt Master Tests-2] INFO  verifyingSideMenuCollapsedLangAsInSettingsLingua_18-50-13 - [verifyingSideMenuCollapsedLangAsInSettingsLingua_18-50-13] Element found and ready (attempt 1): By.xpath: //ytd-topbar-menu-button-renderer[@class='style-scope ytd-masthead style-default']
18:52:12 [TestNG-test-Yt Master Tests-2] INFO  verifyingSideMenuCollapsedLangAsInSettingsLingua_18-50-13 - [verifyingSideMenuCollapsedLangAsInSettingsLingua_18-50-13] Waiting until element is visible in viewport
18:52:12 [TestNG-test-Yt Master Tests-2] INFO  verifyingSideMenuCollapsedLangAsInSettingsLingua_18-50-13 - Clicking settings ellipses button...
18:52:12 [TestNG-test-Yt Master Tests-2] INFO  verifyingSideMenuCollapsedLangAsInSettingsLingua_18-50-13 - [verifyingSideMenuCollapsedLangAsInSettingsLingua_18-50-13] Trying to find element: By.xpath: //ytd-topbar-menu-button-renderer[@class='style-scope ytd-masthead style-default']
18:52:12 [TestNG-test-Yt Master Tests-2] INFO  verifyingSideMenuCollapsedLangAsInSettingsLingua_18-50-13 - [verifyingSideMenuCollapsedLangAsInSettingsLingua_18-50-13] Element found and ready (attempt 1): By.xpath: //ytd-topbar-menu-button-renderer[@class='style-scope ytd-masthead style-default']
18:52:12 [TestNG-test-Yt Master Tests-2] INFO  verifyingSideMenuCollapsedLangAsInSettingsLingua_18-50-13 - getLangAttribute() - locating <html> and reading lang property
18:52:12 [TestNG-test-Yt Master Tests-2] INFO  verifyingSideMenuCollapsedLangAsInSettingsLingua_18-50-13 - Language attribute read: hu-HU
18:52:12 [TestNG-test-Yt Master Tests-2] INFO  verifyingSideMenuCollapsedLangAsInSettingsLingua_18-50-13 - Fetching the side menu in collapsed view
18:52:12 [TestNG-test-Yt Master Tests-2] INFO  verifyingSideMenuCollapsedLangAsInSettingsLingua_18-50-13 - [verifyingSideMenuCollapsedLangAsInSettingsLingua_18-50-13] Finding elements list: By.xpath: //ytd-mini-guide-renderer[@class='style-scope ytd-app']//ytd-mini-guide-entry-renderer
18:52:12 [TestNG-test-Yt Master Tests-2] INFO  verifyingSideMenuCollapsedLangAsInSettingsLingua_18-50-13 - [verifyingSideMenuCollapsedLangAsInSettingsLingua_18-50-13] Found 4 ready elements (attempt 1): By.xpath: //ytd-mini-guide-renderer[@class='style-scope ytd-app']//ytd-mini-guide-entry-renderer
18:52:12 [TestNG-test-Yt Master Tests-2] INFO  verifyingSideMenuCollapsedLangAsInSettingsLingua_18-50-13 - 
========== LANGUAGE DETECTION ==========
Detected Language : HUNGARIAN
Input Text        : Kezdőlap Shorts Feliratkozások Te
========================================
18:52:12 [TestNG-test-Yt Master Tests-2] INFO  verifyingSideMenuCollapsedLangAsInSettingsLingua_18-50-13 - text sent to lingua is       Kezdőlap Shorts Feliratkozások Te
18:52:12 [TestNG-test-Yt Master Tests-2] INFO  verifyingSideMenuCollapsedLangAsInSettingsLingua_18-50-13 - getLangAttribute() - locating <html> and reading lang property
18:52:12 [TestNG-test-Yt Master Tests-2] INFO  verifyingSideMenuCollapsedLangAsInSettingsLingua_18-50-13 - Language attribute read: hu-HU
18:52:12 [TestNG-test-Yt Master Tests-2] INFO  verifyingSideMenuCollapsedLangAsInSettingsLingua_18-50-13 - Clicking settings ellipses button...
18:52:12 [TestNG-test-Yt Master Tests-2] INFO  verifyingSideMenuCollapsedLangAsInSettingsLingua_18-50-13 - [verifyingSideMenuCollapsedLangAsInSettingsLingua_18-50-13] Trying to find element: By.xpath: //ytd-topbar-menu-button-renderer[@class='style-scope ytd-masthead style-default']
18:52:12 [TestNG-test-Yt Master Tests-2] INFO  verifyingSideMenuCollapsedLangAsInSettingsLingua_18-50-13 - [verifyingSideMenuCollapsedLangAsInSettingsLingua_18-50-13] Element found and ready (attempt 1): By.xpath: //ytd-topbar-menu-button-renderer[@class='style-scope ytd-masthead style-default']
18:52:12 [TestNG-test-Yt Master Tests-2] INFO  verifyingSideMenuCollapsedLangAsInSettingsLingua_18-50-13 - Clicking language dropdown...
18:52:12 [TestNG-test-Yt Master Tests-2] INFO  verifyingSideMenuCollapsedLangAsInSettingsLingua_18-50-13 - [verifyingSideMenuCollapsedLangAsInSettingsLingua_18-50-13] Trying to find element: By.xpath: (//div[@id='content-icon'])[2]
18:52:13 [TestNG-test-Yt Master Tests-2] INFO  verifyingSideMenuCollapsedLangAsInSettingsLingua_18-50-13 - [verifyingSideMenuCollapsedLangAsInSettingsLingua_18-50-13] Element found and ready (attempt 1): By.xpath: (//div[@id='content-icon'])[2]
18:52:13 [TestNG-test-Yt Master Tests-2] INFO  verifyingSideMenuCollapsedLangAsInSettingsLingua_18-50-13 - Looking for language element with name: Nederlands
18:52:13 [TestNG-test-Yt Master Tests-2] INFO  verifyingSideMenuCollapsedLangAsInSettingsLingua_18-50-13 - [verifyingSideMenuCollapsedLangAsInSettingsLingua_18-50-13] Trying to find element: By.xpath: //yt-multi-page-menu-section-renderer[@class='style-scope ytd-multi-page-menu-renderer']//yt-formatted-string[@id='label' and text()='Nederlands']
18:52:14 [TestNG-test-Yt Master Tests-2] INFO  verifyingSideMenuCollapsedLangAsInSettingsLingua_18-50-13 - [verifyingSideMenuCollapsedLangAsInSettingsLingua_18-50-13] Element found and ready (attempt 1): By.xpath: //yt-multi-page-menu-section-renderer[@class='style-scope ytd-multi-page-menu-renderer']//yt-formatted-string[@id='label' and text()='Nederlands']
18:52:14 [TestNG-test-Yt Master Tests-2] INFO  verifyingSideMenuCollapsedLangAsInSettingsLingua_18-50-13 - [verifyingSideMenuCollapsedLangAsInSettingsLingua_18-50-13] Trying to find element: By.xpath: //yt-multi-page-menu-section-renderer[@class='style-scope ytd-multi-page-menu-renderer']//yt-formatted-string[@id='label' and text()='Nederlands']
18:52:14 [TestNG-test-Yt Master Tests-2] INFO  verifyingSideMenuCollapsedLangAsInSettingsLingua_18-50-13 - [verifyingSideMenuCollapsedLangAsInSettingsLingua_18-50-13] Element found and ready (attempt 1): By.xpath: //yt-multi-page-menu-section-renderer[@class='style-scope ytd-multi-page-menu-renderer']//yt-formatted-string[@id='label' and text()='Nederlands']
18:52:16 [TestNG-test-Yt Master Tests-2] INFO  verifyingSideMenuCollapsedLangAsInSettingsLingua_18-50-13 - Clicking settings ellipses button...
18:52:16 [TestNG-test-Yt Master Tests-2] INFO  verifyingSideMenuCollapsedLangAsInSettingsLingua_18-50-13 - [verifyingSideMenuCollapsedLangAsInSettingsLingua_18-50-13] Trying to find element: By.xpath: //ytd-topbar-menu-button-renderer[@class='style-scope ytd-masthead style-default']
18:52:16 [TestNG-test-Yt Master Tests-2] INFO  verifyingSideMenuCollapsedLangAsInSettingsLingua_18-50-13 - [verifyingSideMenuCollapsedLangAsInSettingsLingua_18-50-13] Element found and ready (attempt 1): By.xpath: //ytd-topbar-menu-button-renderer[@class='style-scope ytd-masthead style-default']
18:52:16 [TestNG-test-Yt Master Tests-2] INFO  verifyingSideMenuCollapsedLangAsInSettingsLingua_18-50-13 - [verifyingSideMenuCollapsedLangAsInSettingsLingua_18-50-13] Waiting until element is visible in viewport
18:52:17 [TestNG-test-Yt Master Tests-2] INFO  verifyingSideMenuCollapsedLangAsInSettingsLingua_18-50-13 - Clicking settings ellipses button...
18:52:17 [TestNG-test-Yt Master Tests-2] INFO  verifyingSideMenuCollapsedLangAsInSettingsLingua_18-50-13 - [verifyingSideMenuCollapsedLangAsInSettingsLingua_18-50-13] Trying to find element: By.xpath: //ytd-topbar-menu-button-renderer[@class='style-scope ytd-masthead style-default']
18:52:17 [TestNG-test-Yt Master Tests-2] INFO  verifyingSideMenuCollapsedLangAsInSettingsLingua_18-50-13 - [verifyingSideMenuCollapsedLangAsInSettingsLingua_18-50-13] Element found and ready (attempt 1): By.xpath: //ytd-topbar-menu-button-renderer[@class='style-scope ytd-masthead style-default']
18:52:17 [TestNG-test-Yt Master Tests-2] INFO  verifyingSideMenuCollapsedLangAsInSettingsLingua_18-50-13 - getLangAttribute() - locating <html> and reading lang property
18:52:17 [TestNG-test-Yt Master Tests-2] INFO  verifyingSideMenuCollapsedLangAsInSettingsLingua_18-50-13 - Language attribute read: nl-NL
18:52:17 [TestNG-test-Yt Master Tests-2] INFO  verifyingSideMenuCollapsedLangAsInSettingsLingua_18-50-13 - Fetching the side menu in collapsed view
18:52:17 [TestNG-test-Yt Master Tests-2] INFO  verifyingSideMenuCollapsedLangAsInSettingsLingua_18-50-13 - [verifyingSideMenuCollapsedLangAsInSettingsLingua_18-50-13] Finding elements list: By.xpath: //ytd-mini-guide-renderer[@class='style-scope ytd-app']//ytd-mini-guide-entry-renderer
18:52:17 [TestNG-test-Yt Master Tests-2] INFO  verifyingSideMenuCollapsedLangAsInSettingsLingua_18-50-13 - [verifyingSideMenuCollapsedLangAsInSettingsLingua_18-50-13] Found 4 ready elements (attempt 1): By.xpath: //ytd-mini-guide-renderer[@class='style-scope ytd-app']//ytd-mini-guide-entry-renderer
18:52:17 [TestNG-test-Yt Master Tests-2] INFO  verifyingSideMenuCollapsedLangAsInSettingsLingua_18-50-13 - 
========== LANGUAGE DETECTION ==========
Detected Language : DUTCH
Input Text        : Home Shorts Abonnementen Jij
========================================
18:52:17 [TestNG-test-Yt Master Tests-2] INFO  verifyingSideMenuCollapsedLangAsInSettingsLingua_18-50-13 - text sent to lingua is       Home Shorts Abonnementen Jij
18:52:17 [TestNG-test-Yt Master Tests-2] INFO  verifyingSideMenuCollapsedLangAsInSettingsLingua_18-50-13 - getLangAttribute() - locating <html> and reading lang property
18:52:17 [TestNG-test-Yt Master Tests-2] INFO  verifyingSideMenuCollapsedLangAsInSettingsLingua_18-50-13 - Language attribute read: nl-NL
18:52:17 [TestNG-test-Yt Master Tests-2] INFO  verifyingSideMenuCollapsedLangAsInSettingsLingua_18-50-13 - Clicking settings ellipses button...
18:52:17 [TestNG-test-Yt Master Tests-2] INFO  verifyingSideMenuCollapsedLangAsInSettingsLingua_18-50-13 - [verifyingSideMenuCollapsedLangAsInSettingsLingua_18-50-13] Trying to find element: By.xpath: //ytd-topbar-menu-button-renderer[@class='style-scope ytd-masthead style-default']
18:52:17 [TestNG-test-Yt Master Tests-2] INFO  verifyingSideMenuCollapsedLangAsInSettingsLingua_18-50-13 - [verifyingSideMenuCollapsedLangAsInSettingsLingua_18-50-13] Element found and ready (attempt 1): By.xpath: //ytd-topbar-menu-button-renderer[@class='style-scope ytd-masthead style-default']
18:52:17 [TestNG-test-Yt Master Tests-2] INFO  verifyingSideMenuCollapsedLangAsInSettingsLingua_18-50-13 - Clicking language dropdown...
18:52:17 [TestNG-test-Yt Master Tests-2] INFO  verifyingSideMenuCollapsedLangAsInSettingsLingua_18-50-13 - [verifyingSideMenuCollapsedLangAsInSettingsLingua_18-50-13] Trying to find element: By.xpath: (//div[@id='content-icon'])[2]
18:52:18 [TestNG-test-Yt Master Tests-2] INFO  verifyingSideMenuCollapsedLangAsInSettingsLingua_18-50-13 - [verifyingSideMenuCollapsedLangAsInSettingsLingua_18-50-13] Element found and ready (attempt 1): By.xpath: (//div[@id='content-icon'])[2]
18:52:18 [TestNG-test-Yt Master Tests-2] INFO  verifyingSideMenuCollapsedLangAsInSettingsLingua_18-50-13 - Looking for language element with name: Polski
18:52:18 [TestNG-test-Yt Master Tests-2] INFO  verifyingSideMenuCollapsedLangAsInSettingsLingua_18-50-13 - [verifyingSideMenuCollapsedLangAsInSettingsLingua_18-50-13] Trying to find element: By.xpath: //yt-multi-page-menu-section-renderer[@class='style-scope ytd-multi-page-menu-renderer']//yt-formatted-string[@id='label' and text()='Polski']
18:52:18 [TestNG-test-Yt Master Tests-2] INFO  verifyingSideMenuCollapsedLangAsInSettingsLingua_18-50-13 - [verifyingSideMenuCollapsedLangAsInSettingsLingua_18-50-13] Element found and ready (attempt 1): By.xpath: //yt-multi-page-menu-section-renderer[@class='style-scope ytd-multi-page-menu-renderer']//yt-formatted-string[@id='label' and text()='Polski']
18:52:18 [TestNG-test-Yt Master Tests-2] INFO  verifyingSideMenuCollapsedLangAsInSettingsLingua_18-50-13 - [verifyingSideMenuCollapsedLangAsInSettingsLingua_18-50-13] Trying to find element: By.xpath: //yt-multi-page-menu-section-renderer[@class='style-scope ytd-multi-page-menu-renderer']//yt-formatted-string[@id='label' and text()='Polski']
18:52:18 [TestNG-test-Yt Master Tests-2] INFO  verifyingSideMenuCollapsedLangAsInSettingsLingua_18-50-13 - [verifyingSideMenuCollapsedLangAsInSettingsLingua_18-50-13] Element found and ready (attempt 1): By.xpath: //yt-multi-page-menu-section-renderer[@class='style-scope ytd-multi-page-menu-renderer']//yt-formatted-string[@id='label' and text()='Polski']
18:52:20 [TestNG-test-Yt Master Tests-2] INFO  verifyingSideMenuCollapsedLangAsInSettingsLingua_18-50-13 - Clicking settings ellipses button...
18:52:21 [TestNG-test-Yt Master Tests-2] INFO  verifyingSideMenuCollapsedLangAsInSettingsLingua_18-50-13 - [verifyingSideMenuCollapsedLangAsInSettingsLingua_18-50-13] Trying to find element: By.xpath: //ytd-topbar-menu-button-renderer[@class='style-scope ytd-masthead style-default']
18:52:21 [TestNG-test-Yt Master Tests-2] INFO  verifyingSideMenuCollapsedLangAsInSettingsLingua_18-50-13 - [verifyingSideMenuCollapsedLangAsInSettingsLingua_18-50-13] Element found and ready (attempt 1): By.xpath: //ytd-topbar-menu-button-renderer[@class='style-scope ytd-masthead style-default']
18:52:21 [TestNG-test-Yt Master Tests-2] INFO  verifyingSideMenuCollapsedLangAsInSettingsLingua_18-50-13 - [verifyingSideMenuCollapsedLangAsInSettingsLingua_18-50-13] Waiting until element is visible in viewport
18:52:22 [TestNG-test-Yt Master Tests-2] INFO  verifyingSideMenuCollapsedLangAsInSettingsLingua_18-50-13 - Clicking settings ellipses button...
18:52:22 [TestNG-test-Yt Master Tests-2] INFO  verifyingSideMenuCollapsedLangAsInSettingsLingua_18-50-13 - [verifyingSideMenuCollapsedLangAsInSettingsLingua_18-50-13] Trying to find element: By.xpath: //ytd-topbar-menu-button-renderer[@class='style-scope ytd-masthead style-default']
18:52:22 [TestNG-test-Yt Master Tests-2] INFO  verifyingSideMenuCollapsedLangAsInSettingsLingua_18-50-13 - [verifyingSideMenuCollapsedLangAsInSettingsLingua_18-50-13] Element found and ready (attempt 1): By.xpath: //ytd-topbar-menu-button-renderer[@class='style-scope ytd-masthead style-default']
18:52:22 [TestNG-test-Yt Master Tests-2] INFO  verifyingSideMenuCollapsedLangAsInSettingsLingua_18-50-13 - getLangAttribute() - locating <html> and reading lang property
18:52:22 [TestNG-test-Yt Master Tests-2] INFO  verifyingSideMenuCollapsedLangAsInSettingsLingua_18-50-13 - Language attribute read: pl-PL
18:52:22 [TestNG-test-Yt Master Tests-2] INFO  verifyingSideMenuCollapsedLangAsInSettingsLingua_18-50-13 - Fetching the side menu in collapsed view
18:52:22 [TestNG-test-Yt Master Tests-2] INFO  verifyingSideMenuCollapsedLangAsInSettingsLingua_18-50-13 - [verifyingSideMenuCollapsedLangAsInSettingsLingua_18-50-13] Finding elements list: By.xpath: //ytd-mini-guide-renderer[@class='style-scope ytd-app']//ytd-mini-guide-entry-renderer
18:52:22 [TestNG-test-Yt Master Tests-2] INFO  verifyingSideMenuCollapsedLangAsInSettingsLingua_18-50-13 - [verifyingSideMenuCollapsedLangAsInSettingsLingua_18-50-13] Found 4 ready elements (attempt 1): By.xpath: //ytd-mini-guide-renderer[@class='style-scope ytd-app']//ytd-mini-guide-entry-renderer
18:52:22 [TestNG-test-Yt Master Tests-2] INFO  verifyingSideMenuCollapsedLangAsInSettingsLingua_18-50-13 - 
========== LANGUAGE DETECTION ==========
Detected Language : POLISH
Input Text        : Główna Shorts Subskrypcje Ty
========================================
18:52:22 [TestNG-test-Yt Master Tests-2] INFO  verifyingSideMenuCollapsedLangAsInSettingsLingua_18-50-13 - text sent to lingua is       Główna Shorts Subskrypcje Ty
18:52:22 [TestNG-test-Yt Master Tests-2] INFO  verifyingSideMenuCollapsedLangAsInSettingsLingua_18-50-13 - getLangAttribute() - locating <html> and reading lang property
18:52:22 [TestNG-test-Yt Master Tests-2] INFO  verifyingSideMenuCollapsedLangAsInSettingsLingua_18-50-13 - Language attribute read: pl-PL
18:52:22 [TestNG-test-Yt Master Tests-2] INFO  verifyingSideMenuCollapsedLangAsInSettingsLingua_18-50-13 - Clicking settings ellipses button...
18:52:22 [TestNG-test-Yt Master Tests-2] INFO  verifyingSideMenuCollapsedLangAsInSettingsLingua_18-50-13 - [verifyingSideMenuCollapsedLangAsInSettingsLingua_18-50-13] Trying to find element: By.xpath: //ytd-topbar-menu-button-renderer[@class='style-scope ytd-masthead style-default']
18:52:22 [TestNG-test-Yt Master Tests-2] INFO  verifyingSideMenuCollapsedLangAsInSettingsLingua_18-50-13 - [verifyingSideMenuCollapsedLangAsInSettingsLingua_18-50-13] Element found and ready (attempt 1): By.xpath: //ytd-topbar-menu-button-renderer[@class='style-scope ytd-masthead style-default']
18:52:22 [TestNG-test-Yt Master Tests-2] INFO  verifyingSideMenuCollapsedLangAsInSettingsLingua_18-50-13 - Clicking language dropdown...
18:52:22 [TestNG-test-Yt Master Tests-2] INFO  verifyingSideMenuCollapsedLangAsInSettingsLingua_18-50-13 - [verifyingSideMenuCollapsedLangAsInSettingsLingua_18-50-13] Trying to find element: By.xpath: (//div[@id='content-icon'])[2]
18:52:23 [TestNG-test-Yt Master Tests-2] INFO  verifyingSideMenuCollapsedLangAsInSettingsLingua_18-50-13 - [verifyingSideMenuCollapsedLangAsInSettingsLingua_18-50-13] Element found and ready (attempt 1): By.xpath: (//div[@id='content-icon'])[2]
18:52:23 [TestNG-test-Yt Master Tests-2] INFO  verifyingSideMenuCollapsedLangAsInSettingsLingua_18-50-13 - Looking for language element with name: Português
18:52:23 [TestNG-test-Yt Master Tests-2] INFO  verifyingSideMenuCollapsedLangAsInSettingsLingua_18-50-13 - [verifyingSideMenuCollapsedLangAsInSettingsLingua_18-50-13] Trying to find element: By.xpath: //yt-multi-page-menu-section-renderer[@class='style-scope ytd-multi-page-menu-renderer']//yt-formatted-string[@id='label' and text()='Português']
18:52:23 [TestNG-test-Yt Master Tests-2] INFO  verifyingSideMenuCollapsedLangAsInSettingsLingua_18-50-13 - [verifyingSideMenuCollapsedLangAsInSettingsLingua_18-50-13] Element found and ready (attempt 1): By.xpath: //yt-multi-page-menu-section-renderer[@class='style-scope ytd-multi-page-menu-renderer']//yt-formatted-string[@id='label' and text()='Português']
18:52:23 [TestNG-test-Yt Master Tests-2] INFO  verifyingSideMenuCollapsedLangAsInSettingsLingua_18-50-13 - [verifyingSideMenuCollapsedLangAsInSettingsLingua_18-50-13] Trying to find element: By.xpath: //yt-multi-page-menu-section-renderer[@class='style-scope ytd-multi-page-menu-renderer']//yt-formatted-string[@id='label' and text()='Português']
18:52:23 [TestNG-test-Yt Master Tests-2] INFO  verifyingSideMenuCollapsedLangAsInSettingsLingua_18-50-13 - [verifyingSideMenuCollapsedLangAsInSettingsLingua_18-50-13] Element found and ready (attempt 1): By.xpath: //yt-multi-page-menu-section-renderer[@class='style-scope ytd-multi-page-menu-renderer']//yt-formatted-string[@id='label' and text()='Português']
18:52:25 [TestNG-test-Yt Master Tests-2] INFO  verifyingSideMenuCollapsedLangAsInSettingsLingua_18-50-13 - Clicking settings ellipses button...
18:52:25 [TestNG-test-Yt Master Tests-2] INFO  verifyingSideMenuCollapsedLangAsInSettingsLingua_18-50-13 - [verifyingSideMenuCollapsedLangAsInSettingsLingua_18-50-13] Trying to find element: By.xpath: //ytd-topbar-menu-button-renderer[@class='style-scope ytd-masthead style-default']
18:52:25 [TestNG-test-Yt Master Tests-2] INFO  verifyingSideMenuCollapsedLangAsInSettingsLingua_18-50-13 - [verifyingSideMenuCollapsedLangAsInSettingsLingua_18-50-13] Element found and ready (attempt 1): By.xpath: //ytd-topbar-menu-button-renderer[@class='style-scope ytd-masthead style-default']
18:52:26 [TestNG-test-Yt Master Tests-2] INFO  verifyingSideMenuCollapsedLangAsInSettingsLingua_18-50-13 - [verifyingSideMenuCollapsedLangAsInSettingsLingua_18-50-13] Waiting until element is visible in viewport
18:52:26 [TestNG-test-Yt Master Tests-2] INFO  verifyingSideMenuCollapsedLangAsInSettingsLingua_18-50-13 - Clicking settings ellipses button...
18:52:26 [TestNG-test-Yt Master Tests-2] INFO  verifyingSideMenuCollapsedLangAsInSettingsLingua_18-50-13 - [verifyingSideMenuCollapsedLangAsInSettingsLingua_18-50-13] Trying to find element: By.xpath: //ytd-topbar-menu-button-renderer[@class='style-scope ytd-masthead style-default']
18:52:26 [TestNG-test-Yt Master Tests-2] INFO  verifyingSideMenuCollapsedLangAsInSettingsLingua_18-50-13 - [verifyingSideMenuCollapsedLangAsInSettingsLingua_18-50-13] Element found and ready (attempt 1): By.xpath: //ytd-topbar-menu-button-renderer[@class='style-scope ytd-masthead style-default']
18:52:26 [TestNG-test-Yt Master Tests-2] INFO  verifyingSideMenuCollapsedLangAsInSettingsLingua_18-50-13 - getLangAttribute() - locating <html> and reading lang property
18:52:26 [TestNG-test-Yt Master Tests-2] INFO  verifyingSideMenuCollapsedLangAsInSettingsLingua_18-50-13 - Language attribute read: pt-PT
18:52:26 [TestNG-test-Yt Master Tests-2] INFO  verifyingSideMenuCollapsedLangAsInSettingsLingua_18-50-13 - Fetching the side menu in collapsed view
18:52:26 [TestNG-test-Yt Master Tests-2] INFO  verifyingSideMenuCollapsedLangAsInSettingsLingua_18-50-13 - [verifyingSideMenuCollapsedLangAsInSettingsLingua_18-50-13] Finding elements list: By.xpath: //ytd-mini-guide-renderer[@class='style-scope ytd-app']//ytd-mini-guide-entry-renderer
18:52:27 [TestNG-test-Yt Master Tests-2] INFO  verifyingSideMenuCollapsedLangAsInSettingsLingua_18-50-13 - [verifyingSideMenuCollapsedLangAsInSettingsLingua_18-50-13] Found 4 ready elements (attempt 1): By.xpath: //ytd-mini-guide-renderer[@class='style-scope ytd-app']//ytd-mini-guide-entry-renderer
18:52:27 [TestNG-test-Yt Master Tests-2] INFO  verifyingSideMenuCollapsedLangAsInSettingsLingua_18-50-13 - 
========== LANGUAGE DETECTION ==========
Detected Language : PORTUGUESE
Input Text        : Início Shorts Subscrições Eu
========================================
18:52:27 [TestNG-test-Yt Master Tests-2] INFO  verifyingSideMenuCollapsedLangAsInSettingsLingua_18-50-13 - text sent to lingua is       Início Shorts Subscrições Eu
18:52:27 [TestNG-test-Yt Master Tests-2] INFO  verifyingSideMenuCollapsedLangAsInSettingsLingua_18-50-13 - getLangAttribute() - locating <html> and reading lang property
18:52:27 [TestNG-test-Yt Master Tests-2] INFO  verifyingSideMenuCollapsedLangAsInSettingsLingua_18-50-13 - Language attribute read: pt-PT
18:52:27 [TestNG-test-Yt Master Tests-2] INFO  verifyingSideMenuCollapsedLangAsInSettingsLingua_18-50-13 - Clicking settings ellipses button...
18:52:27 [TestNG-test-Yt Master Tests-2] INFO  verifyingSideMenuCollapsedLangAsInSettingsLingua_18-50-13 - [verifyingSideMenuCollapsedLangAsInSettingsLingua_18-50-13] Trying to find element: By.xpath: //ytd-topbar-menu-button-renderer[@class='style-scope ytd-masthead style-default']
18:52:27 [TestNG-test-Yt Master Tests-2] INFO  verifyingSideMenuCollapsedLangAsInSettingsLingua_18-50-13 - [verifyingSideMenuCollapsedLangAsInSettingsLingua_18-50-13] Element found and ready (attempt 1): By.xpath: //ytd-topbar-menu-button-renderer[@class='style-scope ytd-masthead style-default']
18:52:27 [TestNG-test-Yt Master Tests-2] INFO  verifyingSideMenuCollapsedLangAsInSettingsLingua_18-50-13 - Clicking language dropdown...
18:52:27 [TestNG-test-Yt Master Tests-2] INFO  verifyingSideMenuCollapsedLangAsInSettingsLingua_18-50-13 - [verifyingSideMenuCollapsedLangAsInSettingsLingua_18-50-13] Trying to find element: By.xpath: (//div[@id='content-icon'])[2]
18:52:27 [TestNG-test-Yt Master Tests-2] INFO  verifyingSideMenuCollapsedLangAsInSettingsLingua_18-50-13 - [verifyingSideMenuCollapsedLangAsInSettingsLingua_18-50-13] Element found and ready (attempt 1): By.xpath: (//div[@id='content-icon'])[2]
18:52:28 [TestNG-test-Yt Master Tests-2] INFO  verifyingSideMenuCollapsedLangAsInSettingsLingua_18-50-13 - Looking for language element with name: Português (Brasil)
18:52:28 [TestNG-test-Yt Master Tests-2] INFO  verifyingSideMenuCollapsedLangAsInSettingsLingua_18-50-13 - [verifyingSideMenuCollapsedLangAsInSettingsLingua_18-50-13] Trying to find element: By.xpath: //yt-multi-page-menu-section-renderer[@class='style-scope ytd-multi-page-menu-renderer']//yt-formatted-string[@id='label' and text()='Português (Brasil)']
18:52:28 [TestNG-test-Yt Master Tests-2] INFO  verifyingSideMenuCollapsedLangAsInSettingsLingua_18-50-13 - [verifyingSideMenuCollapsedLangAsInSettingsLingua_18-50-13] Element found and ready (attempt 1): By.xpath: //yt-multi-page-menu-section-renderer[@class='style-scope ytd-multi-page-menu-renderer']//yt-formatted-string[@id='label' and text()='Português (Brasil)']
18:52:28 [TestNG-test-Yt Master Tests-2] INFO  verifyingSideMenuCollapsedLangAsInSettingsLingua_18-50-13 - [verifyingSideMenuCollapsedLangAsInSettingsLingua_18-50-13] Trying to find element: By.xpath: //yt-multi-page-menu-section-renderer[@class='style-scope ytd-multi-page-menu-renderer']//yt-formatted-string[@id='label' and text()='Português (Brasil)']
18:52:28 [TestNG-test-Yt Master Tests-2] INFO  verifyingSideMenuCollapsedLangAsInSettingsLingua_18-50-13 - [verifyingSideMenuCollapsedLangAsInSettingsLingua_18-50-13] Element found and ready (attempt 1): By.xpath: //yt-multi-page-menu-section-renderer[@class='style-scope ytd-multi-page-menu-renderer']//yt-formatted-string[@id='label' and text()='Português (Brasil)']
18:52:29 [TestNG-test-Yt Master Tests-2] INFO  verifyingSideMenuCollapsedLangAsInSettingsLingua_18-50-13 - Clicking settings ellipses button...
18:52:30 [TestNG-test-Yt Master Tests-2] INFO  verifyingSideMenuCollapsedLangAsInSettingsLingua_18-50-13 - [verifyingSideMenuCollapsedLangAsInSettingsLingua_18-50-13] Trying to find element: By.xpath: //ytd-topbar-menu-button-renderer[@class='style-scope ytd-masthead style-default']
18:52:30 [TestNG-test-Yt Master Tests-2] INFO  verifyingSideMenuCollapsedLangAsInSettingsLingua_18-50-13 - [verifyingSideMenuCollapsedLangAsInSettingsLingua_18-50-13] Element found and ready (attempt 1): By.xpath: //ytd-topbar-menu-button-renderer[@class='style-scope ytd-masthead style-default']
18:52:30 [TestNG-test-Yt Master Tests-2] INFO  verifyingSideMenuCollapsedLangAsInSettingsLingua_18-50-13 - [verifyingSideMenuCollapsedLangAsInSettingsLingua_18-50-13] Waiting until element is visible in viewport
18:52:30 [TestNG-test-Yt Master Tests-2] INFO  verifyingSideMenuCollapsedLangAsInSettingsLingua_18-50-13 - Clicking settings ellipses button...
18:52:30 [TestNG-test-Yt Master Tests-2] INFO  verifyingSideMenuCollapsedLangAsInSettingsLingua_18-50-13 - [verifyingSideMenuCollapsedLangAsInSettingsLingua_18-50-13] Trying to find element: By.xpath: //ytd-topbar-menu-button-renderer[@class='style-scope ytd-masthead style-default']
18:52:31 [TestNG-test-Yt Master Tests-2] INFO  verifyingSideMenuCollapsedLangAsInSettingsLingua_18-50-13 - [verifyingSideMenuCollapsedLangAsInSettingsLingua_18-50-13] Element found and ready (attempt 1): By.xpath: //ytd-topbar-menu-button-renderer[@class='style-scope ytd-masthead style-default']
18:52:31 [TestNG-test-Yt Master Tests-2] INFO  verifyingSideMenuCollapsedLangAsInSettingsLingua_18-50-13 - getLangAttribute() - locating <html> and reading lang property
18:52:31 [TestNG-test-Yt Master Tests-2] INFO  verifyingSideMenuCollapsedLangAsInSettingsLingua_18-50-13 - Language attribute read: pt-BR
18:52:31 [TestNG-test-Yt Master Tests-2] INFO  verifyingSideMenuCollapsedLangAsInSettingsLingua_18-50-13 - Fetching the side menu in collapsed view
18:52:31 [TestNG-test-Yt Master Tests-2] INFO  verifyingSideMenuCollapsedLangAsInSettingsLingua_18-50-13 - [verifyingSideMenuCollapsedLangAsInSettingsLingua_18-50-13] Finding elements list: By.xpath: //ytd-mini-guide-renderer[@class='style-scope ytd-app']//ytd-mini-guide-entry-renderer
18:52:31 [TestNG-test-Yt Master Tests-2] INFO  verifyingSideMenuCollapsedLangAsInSettingsLingua_18-50-13 - [verifyingSideMenuCollapsedLangAsInSettingsLingua_18-50-13] Found 4 ready elements (attempt 1): By.xpath: //ytd-mini-guide-renderer[@class='style-scope ytd-app']//ytd-mini-guide-entry-renderer
18:52:31 [TestNG-test-Yt Master Tests-2] INFO  verifyingSideMenuCollapsedLangAsInSettingsLingua_18-50-13 - 
========== LANGUAGE DETECTION ==========
Detected Language : PORTUGUESE
Input Text        : Início Shorts Inscrições Você
========================================
18:52:31 [TestNG-test-Yt Master Tests-2] INFO  verifyingSideMenuCollapsedLangAsInSettingsLingua_18-50-13 - text sent to lingua is       Início Shorts Inscrições Você
18:52:31 [TestNG-test-Yt Master Tests-2] INFO  verifyingSideMenuCollapsedLangAsInSettingsLingua_18-50-13 - getLangAttribute() - locating <html> and reading lang property
18:52:31 [TestNG-test-Yt Master Tests-2] INFO  verifyingSideMenuCollapsedLangAsInSettingsLingua_18-50-13 - Language attribute read: pt-BR
18:52:31 [TestNG-test-Yt Master Tests-2] INFO  verifyingSideMenuCollapsedLangAsInSettingsLingua_18-50-13 - Clicking settings ellipses button...
18:52:31 [TestNG-test-Yt Master Tests-2] INFO  verifyingSideMenuCollapsedLangAsInSettingsLingua_18-50-13 - [verifyingSideMenuCollapsedLangAsInSettingsLingua_18-50-13] Trying to find element: By.xpath: //ytd-topbar-menu-button-renderer[@class='style-scope ytd-masthead style-default']
18:52:31 [TestNG-test-Yt Master Tests-2] INFO  verifyingSideMenuCollapsedLangAsInSettingsLingua_18-50-13 - [verifyingSideMenuCollapsedLangAsInSettingsLingua_18-50-13] Element found and ready (attempt 1): By.xpath: //ytd-topbar-menu-button-renderer[@class='style-scope ytd-masthead style-default']
18:52:31 [TestNG-test-Yt Master Tests-2] INFO  verifyingSideMenuCollapsedLangAsInSettingsLingua_18-50-13 - Clicking language dropdown...
18:52:31 [TestNG-test-Yt Master Tests-2] INFO  verifyingSideMenuCollapsedLangAsInSettingsLingua_18-50-13 - [verifyingSideMenuCollapsedLangAsInSettingsLingua_18-50-13] Trying to find element: By.xpath: (//div[@id='content-icon'])[2]
18:52:32 [TestNG-test-Yt Master Tests-2] INFO  verifyingSideMenuCollapsedLangAsInSettingsLingua_18-50-13 - [verifyingSideMenuCollapsedLangAsInSettingsLingua_18-50-13] Element found and ready (attempt 1): By.xpath: (//div[@id='content-icon'])[2]
18:52:32 [TestNG-test-Yt Master Tests-2] INFO  verifyingSideMenuCollapsedLangAsInSettingsLingua_18-50-13 - Looking for language element with name: Shqip
18:52:32 [TestNG-test-Yt Master Tests-2] INFO  verifyingSideMenuCollapsedLangAsInSettingsLingua_18-50-13 - [verifyingSideMenuCollapsedLangAsInSettingsLingua_18-50-13] Trying to find element: By.xpath: //yt-multi-page-menu-section-renderer[@class='style-scope ytd-multi-page-menu-renderer']//yt-formatted-string[@id='label' and text()='Shqip']
18:52:33 [TestNG-test-Yt Master Tests-2] INFO  verifyingSideMenuCollapsedLangAsInSettingsLingua_18-50-13 - [verifyingSideMenuCollapsedLangAsInSettingsLingua_18-50-13] Element found and ready (attempt 1): By.xpath: //yt-multi-page-menu-section-renderer[@class='style-scope ytd-multi-page-menu-renderer']//yt-formatted-string[@id='label' and text()='Shqip']
18:52:33 [TestNG-test-Yt Master Tests-2] INFO  verifyingSideMenuCollapsedLangAsInSettingsLingua_18-50-13 - [verifyingSideMenuCollapsedLangAsInSettingsLingua_18-50-13] Trying to find element: By.xpath: //yt-multi-page-menu-section-renderer[@class='style-scope ytd-multi-page-menu-renderer']//yt-formatted-string[@id='label' and text()='Shqip']
18:52:33 [TestNG-test-Yt Master Tests-2] INFO  verifyingSideMenuCollapsedLangAsInSettingsLingua_18-50-13 - [verifyingSideMenuCollapsedLangAsInSettingsLingua_18-50-13] Element found and ready (attempt 1): By.xpath: //yt-multi-page-menu-section-renderer[@class='style-scope ytd-multi-page-menu-renderer']//yt-formatted-string[@id='label' and text()='Shqip']
18:52:34 [TestNG-test-Yt Master Tests-2] INFO  verifyingSideMenuCollapsedLangAsInSettingsLingua_18-50-13 - Clicking settings ellipses button...
18:52:34 [TestNG-test-Yt Master Tests-2] INFO  verifyingSideMenuCollapsedLangAsInSettingsLingua_18-50-13 - [verifyingSideMenuCollapsedLangAsInSettingsLingua_18-50-13] Trying to find element: By.xpath: //ytd-topbar-menu-button-renderer[@class='style-scope ytd-masthead style-default']
18:52:34 [TestNG-test-Yt Master Tests-2] INFO  verifyingSideMenuCollapsedLangAsInSettingsLingua_18-50-13 - [verifyingSideMenuCollapsedLangAsInSettingsLingua_18-50-13] Element found and ready (attempt 1): By.xpath: //ytd-topbar-menu-button-renderer[@class='style-scope ytd-masthead style-default']
18:52:35 [TestNG-test-Yt Master Tests-2] INFO  verifyingSideMenuCollapsedLangAsInSettingsLingua_18-50-13 - [verifyingSideMenuCollapsedLangAsInSettingsLingua_18-50-13] Waiting until element is visible in viewport
18:52:35 [TestNG-test-Yt Master Tests-2] INFO  verifyingSideMenuCollapsedLangAsInSettingsLingua_18-50-13 - Clicking settings ellipses button...
18:52:35 [TestNG-test-Yt Master Tests-2] INFO  verifyingSideMenuCollapsedLangAsInSettingsLingua_18-50-13 - [verifyingSideMenuCollapsedLangAsInSettingsLingua_18-50-13] Trying to find element: By.xpath: //ytd-topbar-menu-button-renderer[@class='style-scope ytd-masthead style-default']
18:52:35 [TestNG-test-Yt Master Tests-2] INFO  verifyingSideMenuCollapsedLangAsInSettingsLingua_18-50-13 - [verifyingSideMenuCollapsedLangAsInSettingsLingua_18-50-13] Element found and ready (attempt 1): By.xpath: //ytd-topbar-menu-button-renderer[@class='style-scope ytd-masthead style-default']
18:52:35 [TestNG-test-Yt Master Tests-2] INFO  verifyingSideMenuCollapsedLangAsInSettingsLingua_18-50-13 - getLangAttribute() - locating <html> and reading lang property
18:52:35 [TestNG-test-Yt Master Tests-2] INFO  verifyingSideMenuCollapsedLangAsInSettingsLingua_18-50-13 - Language attribute read: sq-AL
18:52:35 [TestNG-test-Yt Master Tests-2] INFO  verifyingSideMenuCollapsedLangAsInSettingsLingua_18-50-13 - Fetching the side menu in collapsed view
18:52:35 [TestNG-test-Yt Master Tests-2] INFO  verifyingSideMenuCollapsedLangAsInSettingsLingua_18-50-13 - [verifyingSideMenuCollapsedLangAsInSettingsLingua_18-50-13] Finding elements list: By.xpath: //ytd-mini-guide-renderer[@class='style-scope ytd-app']//ytd-mini-guide-entry-renderer
18:52:35 [TestNG-test-Yt Master Tests-2] INFO  verifyingSideMenuCollapsedLangAsInSettingsLingua_18-50-13 - [verifyingSideMenuCollapsedLangAsInSettingsLingua_18-50-13] Found 4 ready elements (attempt 1): By.xpath: //ytd-mini-guide-renderer[@class='style-scope ytd-app']//ytd-mini-guide-entry-renderer
18:52:35 [TestNG-test-Yt Master Tests-2] INFO  verifyingSideMenuCollapsedLangAsInSettingsLingua_18-50-13 - 
========== LANGUAGE DETECTION ==========
Detected Language : ALBANIAN
Input Text        : Faqja e parë Shorts Abonimet Ti
========================================
18:52:35 [TestNG-test-Yt Master Tests-2] INFO  verifyingSideMenuCollapsedLangAsInSettingsLingua_18-50-13 - text sent to lingua is       Faqja e parë Shorts Abonimet Ti
18:52:35 [TestNG-test-Yt Master Tests-2] INFO  verifyingSideMenuCollapsedLangAsInSettingsLingua_18-50-13 - getLangAttribute() - locating <html> and reading lang property
18:52:35 [TestNG-test-Yt Master Tests-2] INFO  verifyingSideMenuCollapsedLangAsInSettingsLingua_18-50-13 - Language attribute read: sq-AL
18:52:35 [TestNG-test-Yt Master Tests-2] INFO  verifyingSideMenuCollapsedLangAsInSettingsLingua_18-50-13 - Clicking settings ellipses button...
18:52:35 [TestNG-test-Yt Master Tests-2] INFO  verifyingSideMenuCollapsedLangAsInSettingsLingua_18-50-13 - [verifyingSideMenuCollapsedLangAsInSettingsLingua_18-50-13] Trying to find element: By.xpath: //ytd-topbar-menu-button-renderer[@class='style-scope ytd-masthead style-default']
18:52:35 [TestNG-test-Yt Master Tests-2] INFO  verifyingSideMenuCollapsedLangAsInSettingsLingua_18-50-13 - [verifyingSideMenuCollapsedLangAsInSettingsLingua_18-50-13] Element found and ready (attempt 1): By.xpath: //ytd-topbar-menu-button-renderer[@class='style-scope ytd-masthead style-default']
18:52:35 [TestNG-test-Yt Master Tests-2] INFO  verifyingSideMenuCollapsedLangAsInSettingsLingua_18-50-13 - Clicking language dropdown...
18:52:35 [TestNG-test-Yt Master Tests-2] INFO  verifyingSideMenuCollapsedLangAsInSettingsLingua_18-50-13 - [verifyingSideMenuCollapsedLangAsInSettingsLingua_18-50-13] Trying to find element: By.xpath: (//div[@id='content-icon'])[2]
18:52:36 [TestNG-test-Yt Master Tests-2] INFO  verifyingSideMenuCollapsedLangAsInSettingsLingua_18-50-13 - [verifyingSideMenuCollapsedLangAsInSettingsLingua_18-50-13] Element found and ready (attempt 1): By.xpath: (//div[@id='content-icon'])[2]
18:52:37 [TestNG-test-Yt Master Tests-2] INFO  verifyingSideMenuCollapsedLangAsInSettingsLingua_18-50-13 - Looking for language element with name: Slovenščina
18:52:37 [TestNG-test-Yt Master Tests-2] INFO  verifyingSideMenuCollapsedLangAsInSettingsLingua_18-50-13 - [verifyingSideMenuCollapsedLangAsInSettingsLingua_18-50-13] Trying to find element: By.xpath: //yt-multi-page-menu-section-renderer[@class='style-scope ytd-multi-page-menu-renderer']//yt-formatted-string[@id='label' and text()='Slovenščina']
18:52:37 [TestNG-test-Yt Master Tests-2] INFO  verifyingSideMenuCollapsedLangAsInSettingsLingua_18-50-13 - [verifyingSideMenuCollapsedLangAsInSettingsLingua_18-50-13] Element found and ready (attempt 1): By.xpath: //yt-multi-page-menu-section-renderer[@class='style-scope ytd-multi-page-menu-renderer']//yt-formatted-string[@id='label' and text()='Slovenščina']
18:52:37 [TestNG-test-Yt Master Tests-2] INFO  verifyingSideMenuCollapsedLangAsInSettingsLingua_18-50-13 - [verifyingSideMenuCollapsedLangAsInSettingsLingua_18-50-13] Trying to find element: By.xpath: //yt-multi-page-menu-section-renderer[@class='style-scope ytd-multi-page-menu-renderer']//yt-formatted-string[@id='label' and text()='Slovenščina']
18:52:37 [TestNG-test-Yt Master Tests-2] INFO  verifyingSideMenuCollapsedLangAsInSettingsLingua_18-50-13 - [verifyingSideMenuCollapsedLangAsInSettingsLingua_18-50-13] Element found and ready (attempt 1): By.xpath: //yt-multi-page-menu-section-renderer[@class='style-scope ytd-multi-page-menu-renderer']//yt-formatted-string[@id='label' and text()='Slovenščina']
18:52:39 [TestNG-test-Yt Master Tests-2] INFO  verifyingSideMenuCollapsedLangAsInSettingsLingua_18-50-13 - Clicking settings ellipses button...
18:52:39 [TestNG-test-Yt Master Tests-2] INFO  verifyingSideMenuCollapsedLangAsInSettingsLingua_18-50-13 - [verifyingSideMenuCollapsedLangAsInSettingsLingua_18-50-13] Trying to find element: By.xpath: //ytd-topbar-menu-button-renderer[@class='style-scope ytd-masthead style-default']
18:52:39 [TestNG-test-Yt Master Tests-2] INFO  verifyingSideMenuCollapsedLangAsInSettingsLingua_18-50-13 - [verifyingSideMenuCollapsedLangAsInSettingsLingua_18-50-13] Element found and ready (attempt 1): By.xpath: //ytd-topbar-menu-button-renderer[@class='style-scope ytd-masthead style-default']
18:52:39 [TestNG-test-Yt Master Tests-2] INFO  verifyingSideMenuCollapsedLangAsInSettingsLingua_18-50-13 - [verifyingSideMenuCollapsedLangAsInSettingsLingua_18-50-13] Waiting until element is visible in viewport
18:52:40 [TestNG-test-Yt Master Tests-2] INFO  verifyingSideMenuCollapsedLangAsInSettingsLingua_18-50-13 - Clicking settings ellipses button...
18:52:40 [TestNG-test-Yt Master Tests-2] INFO  verifyingSideMenuCollapsedLangAsInSettingsLingua_18-50-13 - [verifyingSideMenuCollapsedLangAsInSettingsLingua_18-50-13] Trying to find element: By.xpath: //ytd-topbar-menu-button-renderer[@class='style-scope ytd-masthead style-default']
18:52:40 [TestNG-test-Yt Master Tests-2] INFO  verifyingSideMenuCollapsedLangAsInSettingsLingua_18-50-13 - [verifyingSideMenuCollapsedLangAsInSettingsLingua_18-50-13] Element found and ready (attempt 1): By.xpath: //ytd-topbar-menu-button-renderer[@class='style-scope ytd-masthead style-default']
18:52:40 [TestNG-test-Yt Master Tests-2] INFO  verifyingSideMenuCollapsedLangAsInSettingsLingua_18-50-13 - getLangAttribute() - locating <html> and reading lang property
18:52:40 [TestNG-test-Yt Master Tests-2] INFO  verifyingSideMenuCollapsedLangAsInSettingsLingua_18-50-13 - Language attribute read: sl-SI
18:52:40 [TestNG-test-Yt Master Tests-2] INFO  verifyingSideMenuCollapsedLangAsInSettingsLingua_18-50-13 - Fetching the side menu in collapsed view
18:52:40 [TestNG-test-Yt Master Tests-2] INFO  verifyingSideMenuCollapsedLangAsInSettingsLingua_18-50-13 - [verifyingSideMenuCollapsedLangAsInSettingsLingua_18-50-13] Finding elements list: By.xpath: //ytd-mini-guide-renderer[@class='style-scope ytd-app']//ytd-mini-guide-entry-renderer
18:52:40 [TestNG-test-Yt Master Tests-2] INFO  verifyingSideMenuCollapsedLangAsInSettingsLingua_18-50-13 - [verifyingSideMenuCollapsedLangAsInSettingsLingua_18-50-13] Found 4 ready elements (attempt 1): By.xpath: //ytd-mini-guide-renderer[@class='style-scope ytd-app']//ytd-mini-guide-entry-renderer
18:52:40 [TestNG-test-Yt Master Tests-2] INFO  verifyingSideMenuCollapsedLangAsInSettingsLingua_18-50-13 - 
========== LANGUAGE DETECTION ==========
Detected Language : SLOVENE
Input Text        : Domača stran Kratki videoposnetki Naročnine Vi
========================================
18:52:40 [TestNG-test-Yt Master Tests-2] INFO  verifyingSideMenuCollapsedLangAsInSettingsLingua_18-50-13 - text sent to lingua is       Domača stran Kratki videoposnetki Naročnine Vi
18:52:40 [TestNG-test-Yt Master Tests-2] INFO  verifyingSideMenuCollapsedLangAsInSettingsLingua_18-50-13 - getLangAttribute() - locating <html> and reading lang property
18:52:40 [TestNG-test-Yt Master Tests-2] INFO  verifyingSideMenuCollapsedLangAsInSettingsLingua_18-50-13 - Language attribute read: sl-SI
18:52:40 [TestNG-test-Yt Master Tests-2] INFO  verifyingSideMenuCollapsedLangAsInSettingsLingua_18-50-13 - Clicking settings ellipses button...
18:52:40 [TestNG-test-Yt Master Tests-2] INFO  verifyingSideMenuCollapsedLangAsInSettingsLingua_18-50-13 - [verifyingSideMenuCollapsedLangAsInSettingsLingua_18-50-13] Trying to find element: By.xpath: //ytd-topbar-menu-button-renderer[@class='style-scope ytd-masthead style-default']
18:52:40 [TestNG-test-Yt Master Tests-2] INFO  verifyingSideMenuCollapsedLangAsInSettingsLingua_18-50-13 - [verifyingSideMenuCollapsedLangAsInSettingsLingua_18-50-13] Element found and ready (attempt 1): By.xpath: //ytd-topbar-menu-button-renderer[@class='style-scope ytd-masthead style-default']
18:52:40 [TestNG-test-Yt Master Tests-2] INFO  verifyingSideMenuCollapsedLangAsInSettingsLingua_18-50-13 - Clicking language dropdown...
18:52:40 [TestNG-test-Yt Master Tests-2] INFO  verifyingSideMenuCollapsedLangAsInSettingsLingua_18-50-13 - [verifyingSideMenuCollapsedLangAsInSettingsLingua_18-50-13] Trying to find element: By.xpath: (//div[@id='content-icon'])[2]
18:52:41 [TestNG-test-Yt Master Tests-2] INFO  verifyingSideMenuCollapsedLangAsInSettingsLingua_18-50-13 - [verifyingSideMenuCollapsedLangAsInSettingsLingua_18-50-13] Element found and ready (attempt 1): By.xpath: (//div[@id='content-icon'])[2]
18:52:41 [TestNG-test-Yt Master Tests-2] INFO  verifyingSideMenuCollapsedLangAsInSettingsLingua_18-50-13 - Looking for language element with name: Suomi
18:52:41 [TestNG-test-Yt Master Tests-2] INFO  verifyingSideMenuCollapsedLangAsInSettingsLingua_18-50-13 - [verifyingSideMenuCollapsedLangAsInSettingsLingua_18-50-13] Trying to find element: By.xpath: //yt-multi-page-menu-section-renderer[@class='style-scope ytd-multi-page-menu-renderer']//yt-formatted-string[@id='label' and text()='Suomi']
18:52:41 [TestNG-test-Yt Master Tests-2] INFO  verifyingSideMenuCollapsedLangAsInSettingsLingua_18-50-13 - [verifyingSideMenuCollapsedLangAsInSettingsLingua_18-50-13] Element found and ready (attempt 1): By.xpath: //yt-multi-page-menu-section-renderer[@class='style-scope ytd-multi-page-menu-renderer']//yt-formatted-string[@id='label' and text()='Suomi']
18:52:41 [TestNG-test-Yt Master Tests-2] INFO  verifyingSideMenuCollapsedLangAsInSettingsLingua_18-50-13 - [verifyingSideMenuCollapsedLangAsInSettingsLingua_18-50-13] Trying to find element: By.xpath: //yt-multi-page-menu-section-renderer[@class='style-scope ytd-multi-page-menu-renderer']//yt-formatted-string[@id='label' and text()='Suomi']
18:52:41 [TestNG-test-Yt Master Tests-2] INFO  verifyingSideMenuCollapsedLangAsInSettingsLingua_18-50-13 - [verifyingSideMenuCollapsedLangAsInSettingsLingua_18-50-13] Element found and ready (attempt 1): By.xpath: //yt-multi-page-menu-section-renderer[@class='style-scope ytd-multi-page-menu-renderer']//yt-formatted-string[@id='label' and text()='Suomi']
18:52:43 [TestNG-test-Yt Master Tests-2] INFO  verifyingSideMenuCollapsedLangAsInSettingsLingua_18-50-13 - Clicking settings ellipses button...
18:52:44 [TestNG-test-Yt Master Tests-2] INFO  verifyingSideMenuCollapsedLangAsInSettingsLingua_18-50-13 - [verifyingSideMenuCollapsedLangAsInSettingsLingua_18-50-13] Trying to find element: By.xpath: //ytd-topbar-menu-button-renderer[@class='style-scope ytd-masthead style-default']
18:52:44 [TestNG-test-Yt Master Tests-2] INFO  verifyingSideMenuCollapsedLangAsInSettingsLingua_18-50-13 - [verifyingSideMenuCollapsedLangAsInSettingsLingua_18-50-13] Element found and ready (attempt 1): By.xpath: //ytd-topbar-menu-button-renderer[@class='style-scope ytd-masthead style-default']
18:52:44 [TestNG-test-Yt Master Tests-2] INFO  verifyingSideMenuCollapsedLangAsInSettingsLingua_18-50-13 - [verifyingSideMenuCollapsedLangAsInSettingsLingua_18-50-13] Waiting until element is visible in viewport
18:52:44 [TestNG-test-Yt Master Tests-2] INFO  verifyingSideMenuCollapsedLangAsInSettingsLingua_18-50-13 - Clicking settings ellipses button...
18:52:44 [TestNG-test-Yt Master Tests-2] INFO  verifyingSideMenuCollapsedLangAsInSettingsLingua_18-50-13 - [verifyingSideMenuCollapsedLangAsInSettingsLingua_18-50-13] Trying to find element: By.xpath: //ytd-topbar-menu-button-renderer[@class='style-scope ytd-masthead style-default']
18:52:44 [TestNG-test-Yt Master Tests-2] INFO  verifyingSideMenuCollapsedLangAsInSettingsLingua_18-50-13 - [verifyingSideMenuCollapsedLangAsInSettingsLingua_18-50-13] Element found and ready (attempt 1): By.xpath: //ytd-topbar-menu-button-renderer[@class='style-scope ytd-masthead style-default']
18:52:44 [TestNG-test-Yt Master Tests-2] INFO  verifyingSideMenuCollapsedLangAsInSettingsLingua_18-50-13 - getLangAttribute() - locating <html> and reading lang property
18:52:44 [TestNG-test-Yt Master Tests-2] INFO  verifyingSideMenuCollapsedLangAsInSettingsLingua_18-50-13 - Language attribute read: fi-FI
18:52:44 [TestNG-test-Yt Master Tests-2] INFO  verifyingSideMenuCollapsedLangAsInSettingsLingua_18-50-13 - Fetching the side menu in collapsed view
18:52:44 [TestNG-test-Yt Master Tests-2] INFO  verifyingSideMenuCollapsedLangAsInSettingsLingua_18-50-13 - [verifyingSideMenuCollapsedLangAsInSettingsLingua_18-50-13] Finding elements list: By.xpath: //ytd-mini-guide-renderer[@class='style-scope ytd-app']//ytd-mini-guide-entry-renderer
18:52:45 [TestNG-test-Yt Master Tests-2] INFO  verifyingSideMenuCollapsedLangAsInSettingsLingua_18-50-13 - [verifyingSideMenuCollapsedLangAsInSettingsLingua_18-50-13] Found 4 ready elements (attempt 1): By.xpath: //ytd-mini-guide-renderer[@class='style-scope ytd-app']//ytd-mini-guide-entry-renderer
18:52:45 [TestNG-test-Yt Master Tests-2] INFO  verifyingSideMenuCollapsedLangAsInSettingsLingua_18-50-13 - 
========== LANGUAGE DETECTION ==========
Detected Language : FINNISH
Input Text        : Koti Shorts Tilaukset Sinä
========================================
18:52:45 [TestNG-test-Yt Master Tests-2] INFO  verifyingSideMenuCollapsedLangAsInSettingsLingua_18-50-13 - text sent to lingua is       Koti Shorts Tilaukset Sinä
18:52:45 [TestNG-test-Yt Master Tests-2] INFO  verifyingSideMenuCollapsedLangAsInSettingsLingua_18-50-13 - getLangAttribute() - locating <html> and reading lang property
18:52:45 [TestNG-test-Yt Master Tests-2] INFO  verifyingSideMenuCollapsedLangAsInSettingsLingua_18-50-13 - Language attribute read: fi-FI
18:52:45 [TestNG-test-Yt Master Tests-2] INFO  verifyingSideMenuCollapsedLangAsInSettingsLingua_18-50-13 - Clicking settings ellipses button...
18:52:45 [TestNG-test-Yt Master Tests-2] INFO  verifyingSideMenuCollapsedLangAsInSettingsLingua_18-50-13 - [verifyingSideMenuCollapsedLangAsInSettingsLingua_18-50-13] Trying to find element: By.xpath: //ytd-topbar-menu-button-renderer[@class='style-scope ytd-masthead style-default']
18:52:45 [TestNG-test-Yt Master Tests-2] INFO  verifyingSideMenuCollapsedLangAsInSettingsLingua_18-50-13 - [verifyingSideMenuCollapsedLangAsInSettingsLingua_18-50-13] Element found and ready (attempt 1): By.xpath: //ytd-topbar-menu-button-renderer[@class='style-scope ytd-masthead style-default']
18:52:45 [TestNG-test-Yt Master Tests-2] INFO  verifyingSideMenuCollapsedLangAsInSettingsLingua_18-50-13 - Clicking language dropdown...
18:52:45 [TestNG-test-Yt Master Tests-2] INFO  verifyingSideMenuCollapsedLangAsInSettingsLingua_18-50-13 - [verifyingSideMenuCollapsedLangAsInSettingsLingua_18-50-13] Trying to find element: By.xpath: (//div[@id='content-icon'])[2]
18:52:45 [TestNG-test-Yt Master Tests-2] INFO  verifyingSideMenuCollapsedLangAsInSettingsLingua_18-50-13 - [verifyingSideMenuCollapsedLangAsInSettingsLingua_18-50-13] Element found and ready (attempt 1): By.xpath: (//div[@id='content-icon'])[2]
18:52:46 [TestNG-test-Yt Master Tests-2] INFO  verifyingSideMenuCollapsedLangAsInSettingsLingua_18-50-13 - Looking for language element with name: Svenska
18:52:46 [TestNG-test-Yt Master Tests-2] INFO  verifyingSideMenuCollapsedLangAsInSettingsLingua_18-50-13 - [verifyingSideMenuCollapsedLangAsInSettingsLingua_18-50-13] Trying to find element: By.xpath: //yt-multi-page-menu-section-renderer[@class='style-scope ytd-multi-page-menu-renderer']//yt-formatted-string[@id='label' and text()='Svenska']
18:52:46 [TestNG-test-Yt Master Tests-2] INFO  verifyingSideMenuCollapsedLangAsInSettingsLingua_18-50-13 - [verifyingSideMenuCollapsedLangAsInSettingsLingua_18-50-13] Element found and ready (attempt 1): By.xpath: //yt-multi-page-menu-section-renderer[@class='style-scope ytd-multi-page-menu-renderer']//yt-formatted-string[@id='label' and text()='Svenska']
18:52:46 [TestNG-test-Yt Master Tests-2] INFO  verifyingSideMenuCollapsedLangAsInSettingsLingua_18-50-13 - [verifyingSideMenuCollapsedLangAsInSettingsLingua_18-50-13] Trying to find element: By.xpath: //yt-multi-page-menu-section-renderer[@class='style-scope ytd-multi-page-menu-renderer']//yt-formatted-string[@id='label' and text()='Svenska']
18:52:46 [TestNG-test-Yt Master Tests-2] INFO  verifyingSideMenuCollapsedLangAsInSettingsLingua_18-50-13 - [verifyingSideMenuCollapsedLangAsInSettingsLingua_18-50-13] Element found and ready (attempt 1): By.xpath: //yt-multi-page-menu-section-renderer[@class='style-scope ytd-multi-page-menu-renderer']//yt-formatted-string[@id='label' and text()='Svenska']
18:52:48 [TestNG-test-Yt Master Tests-2] INFO  verifyingSideMenuCollapsedLangAsInSettingsLingua_18-50-13 - Clicking settings ellipses button...
18:52:49 [TestNG-test-Yt Master Tests-2] INFO  verifyingSideMenuCollapsedLangAsInSettingsLingua_18-50-13 - [verifyingSideMenuCollapsedLangAsInSettingsLingua_18-50-13] Trying to find element: By.xpath: //ytd-topbar-menu-button-renderer[@class='style-scope ytd-masthead style-default']
18:52:49 [TestNG-test-Yt Master Tests-2] INFO  verifyingSideMenuCollapsedLangAsInSettingsLingua_18-50-13 - [verifyingSideMenuCollapsedLangAsInSettingsLingua_18-50-13] Element found and ready (attempt 1): By.xpath: //ytd-topbar-menu-button-renderer[@class='style-scope ytd-masthead style-default']
18:52:49 [TestNG-test-Yt Master Tests-2] INFO  verifyingSideMenuCollapsedLangAsInSettingsLingua_18-50-13 - [verifyingSideMenuCollapsedLangAsInSettingsLingua_18-50-13] Waiting until element is visible in viewport
18:52:49 [TestNG-test-Yt Master Tests-2] INFO  verifyingSideMenuCollapsedLangAsInSettingsLingua_18-50-13 - Clicking settings ellipses button...
18:52:49 [TestNG-test-Yt Master Tests-2] INFO  verifyingSideMenuCollapsedLangAsInSettingsLingua_18-50-13 - [verifyingSideMenuCollapsedLangAsInSettingsLingua_18-50-13] Trying to find element: By.xpath: //ytd-topbar-menu-button-renderer[@class='style-scope ytd-masthead style-default']
18:52:49 [TestNG-test-Yt Master Tests-2] INFO  verifyingSideMenuCollapsedLangAsInSettingsLingua_18-50-13 - [verifyingSideMenuCollapsedLangAsInSettingsLingua_18-50-13] Element found and ready (attempt 1): By.xpath: //ytd-topbar-menu-button-renderer[@class='style-scope ytd-masthead style-default']
18:52:50 [TestNG-test-Yt Master Tests-2] INFO  verifyingSideMenuCollapsedLangAsInSettingsLingua_18-50-13 - getLangAttribute() - locating <html> and reading lang property
18:52:50 [TestNG-test-Yt Master Tests-2] INFO  verifyingSideMenuCollapsedLangAsInSettingsLingua_18-50-13 - Language attribute read: sv-SE
18:52:50 [TestNG-test-Yt Master Tests-2] INFO  verifyingSideMenuCollapsedLangAsInSettingsLingua_18-50-13 - Fetching the side menu in collapsed view
18:52:50 [TestNG-test-Yt Master Tests-2] INFO  verifyingSideMenuCollapsedLangAsInSettingsLingua_18-50-13 - [verifyingSideMenuCollapsedLangAsInSettingsLingua_18-50-13] Finding elements list: By.xpath: //ytd-mini-guide-renderer[@class='style-scope ytd-app']//ytd-mini-guide-entry-renderer
18:52:50 [TestNG-test-Yt Master Tests-2] INFO  verifyingSideMenuCollapsedLangAsInSettingsLingua_18-50-13 - [verifyingSideMenuCollapsedLangAsInSettingsLingua_18-50-13] Found 4 ready elements (attempt 1): By.xpath: //ytd-mini-guide-renderer[@class='style-scope ytd-app']//ytd-mini-guide-entry-renderer
18:52:50 [TestNG-test-Yt Master Tests-2] INFO  verifyingSideMenuCollapsedLangAsInSettingsLingua_18-50-13 - 
========== LANGUAGE DETECTION ==========
Detected Language : SWEDISH
Input Text        : Hem Shorts Prenumerationer Ditt YouTube
========================================
18:52:50 [TestNG-test-Yt Master Tests-2] INFO  verifyingSideMenuCollapsedLangAsInSettingsLingua_18-50-13 - text sent to lingua is       Hem Shorts Prenumerationer Ditt YouTube
18:52:50 [TestNG-test-Yt Master Tests-2] INFO  verifyingSideMenuCollapsedLangAsInSettingsLingua_18-50-13 - getLangAttribute() - locating <html> and reading lang property
18:52:50 [TestNG-test-Yt Master Tests-2] INFO  verifyingSideMenuCollapsedLangAsInSettingsLingua_18-50-13 - Language attribute read: sv-SE
18:52:50 [TestNG-test-Yt Master Tests-2] INFO  verifyingSideMenuCollapsedLangAsInSettingsLingua_18-50-13 - Clicking settings ellipses button...
18:52:50 [TestNG-test-Yt Master Tests-2] INFO  verifyingSideMenuCollapsedLangAsInSettingsLingua_18-50-13 - [verifyingSideMenuCollapsedLangAsInSettingsLingua_18-50-13] Trying to find element: By.xpath: //ytd-topbar-menu-button-renderer[@class='style-scope ytd-masthead style-default']
18:52:50 [TestNG-test-Yt Master Tests-2] INFO  verifyingSideMenuCollapsedLangAsInSettingsLingua_18-50-13 - [verifyingSideMenuCollapsedLangAsInSettingsLingua_18-50-13] Element found and ready (attempt 1): By.xpath: //ytd-topbar-menu-button-renderer[@class='style-scope ytd-masthead style-default']
18:52:50 [TestNG-test-Yt Master Tests-2] INFO  verifyingSideMenuCollapsedLangAsInSettingsLingua_18-50-13 - Clicking language dropdown...
18:52:50 [TestNG-test-Yt Master Tests-2] INFO  verifyingSideMenuCollapsedLangAsInSettingsLingua_18-50-13 - [verifyingSideMenuCollapsedLangAsInSettingsLingua_18-50-13] Trying to find element: By.xpath: (//div[@id='content-icon'])[2]
18:52:51 [TestNG-test-Yt Master Tests-2] INFO  verifyingSideMenuCollapsedLangAsInSettingsLingua_18-50-13 - [verifyingSideMenuCollapsedLangAsInSettingsLingua_18-50-13] Element found and ready (attempt 1): By.xpath: (//div[@id='content-icon'])[2]
18:52:51 [TestNG-test-Yt Master Tests-2] INFO  verifyingSideMenuCollapsedLangAsInSettingsLingua_18-50-13 - Looking for language element with name: Tiếng Việt
18:52:51 [TestNG-test-Yt Master Tests-2] INFO  verifyingSideMenuCollapsedLangAsInSettingsLingua_18-50-13 - [verifyingSideMenuCollapsedLangAsInSettingsLingua_18-50-13] Trying to find element: By.xpath: //yt-multi-page-menu-section-renderer[@class='style-scope ytd-multi-page-menu-renderer']//yt-formatted-string[@id='label' and text()='Tiếng Việt']
18:52:51 [TestNG-test-Yt Master Tests-2] INFO  verifyingSideMenuCollapsedLangAsInSettingsLingua_18-50-13 - [verifyingSideMenuCollapsedLangAsInSettingsLingua_18-50-13] Element found and ready (attempt 1): By.xpath: //yt-multi-page-menu-section-renderer[@class='style-scope ytd-multi-page-menu-renderer']//yt-formatted-string[@id='label' and text()='Tiếng Việt']
18:52:51 [TestNG-test-Yt Master Tests-2] INFO  verifyingSideMenuCollapsedLangAsInSettingsLingua_18-50-13 - [verifyingSideMenuCollapsedLangAsInSettingsLingua_18-50-13] Trying to find element: By.xpath: //yt-multi-page-menu-section-renderer[@class='style-scope ytd-multi-page-menu-renderer']//yt-formatted-string[@id='label' and text()='Tiếng Việt']
18:52:51 [TestNG-test-Yt Master Tests-2] INFO  verifyingSideMenuCollapsedLangAsInSettingsLingua_18-50-13 - [verifyingSideMenuCollapsedLangAsInSettingsLingua_18-50-13] Element found and ready (attempt 1): By.xpath: //yt-multi-page-menu-section-renderer[@class='style-scope ytd-multi-page-menu-renderer']//yt-formatted-string[@id='label' and text()='Tiếng Việt']
18:52:53 [TestNG-test-Yt Master Tests-2] INFO  verifyingSideMenuCollapsedLangAsInSettingsLingua_18-50-13 - Clicking settings ellipses button...
18:52:53 [TestNG-test-Yt Master Tests-2] INFO  verifyingSideMenuCollapsedLangAsInSettingsLingua_18-50-13 - [verifyingSideMenuCollapsedLangAsInSettingsLingua_18-50-13] Trying to find element: By.xpath: //ytd-topbar-menu-button-renderer[@class='style-scope ytd-masthead style-default']
18:52:54 [TestNG-test-Yt Master Tests-2] INFO  verifyingSideMenuCollapsedLangAsInSettingsLingua_18-50-13 - [verifyingSideMenuCollapsedLangAsInSettingsLingua_18-50-13] Element found and ready (attempt 1): By.xpath: //ytd-topbar-menu-button-renderer[@class='style-scope ytd-masthead style-default']
18:52:54 [TestNG-test-Yt Master Tests-2] INFO  verifyingSideMenuCollapsedLangAsInSettingsLingua_18-50-13 - [verifyingSideMenuCollapsedLangAsInSettingsLingua_18-50-13] Waiting until element is visible in viewport
18:52:54 [TestNG-test-Yt Master Tests-2] INFO  verifyingSideMenuCollapsedLangAsInSettingsLingua_18-50-13 - Clicking settings ellipses button...
18:52:54 [TestNG-test-Yt Master Tests-2] INFO  verifyingSideMenuCollapsedLangAsInSettingsLingua_18-50-13 - [verifyingSideMenuCollapsedLangAsInSettingsLingua_18-50-13] Trying to find element: By.xpath: //ytd-topbar-menu-button-renderer[@class='style-scope ytd-masthead style-default']
18:52:55 [TestNG-test-Yt Master Tests-2] INFO  verifyingSideMenuCollapsedLangAsInSettingsLingua_18-50-13 - [verifyingSideMenuCollapsedLangAsInSettingsLingua_18-50-13] Element found and ready (attempt 1): By.xpath: //ytd-topbar-menu-button-renderer[@class='style-scope ytd-masthead style-default']
18:52:55 [TestNG-test-Yt Master Tests-2] INFO  verifyingSideMenuCollapsedLangAsInSettingsLingua_18-50-13 - getLangAttribute() - locating <html> and reading lang property
18:52:55 [TestNG-test-Yt Master Tests-2] INFO  verifyingSideMenuCollapsedLangAsInSettingsLingua_18-50-13 - Language attribute read: vi-VN
18:52:55 [TestNG-test-Yt Master Tests-2] INFO  verifyingSideMenuCollapsedLangAsInSettingsLingua_18-50-13 - Fetching the side menu in collapsed view
18:52:55 [TestNG-test-Yt Master Tests-2] INFO  verifyingSideMenuCollapsedLangAsInSettingsLingua_18-50-13 - [verifyingSideMenuCollapsedLangAsInSettingsLingua_18-50-13] Finding elements list: By.xpath: //ytd-mini-guide-renderer[@class='style-scope ytd-app']//ytd-mini-guide-entry-renderer
18:52:55 [TestNG-test-Yt Master Tests-2] INFO  verifyingSideMenuCollapsedLangAsInSettingsLingua_18-50-13 - [verifyingSideMenuCollapsedLangAsInSettingsLingua_18-50-13] Found 4 ready elements (attempt 1): By.xpath: //ytd-mini-guide-renderer[@class='style-scope ytd-app']//ytd-mini-guide-entry-renderer
18:52:55 [TestNG-test-Yt Master Tests-2] INFO  verifyingSideMenuCollapsedLangAsInSettingsLingua_18-50-13 - 
========== LANGUAGE DETECTION ==========
Detected Language : VIETNAMESE
Input Text        : Trang chủ Shorts Kênh đăng ký Bạn
========================================
18:52:55 [TestNG-test-Yt Master Tests-2] INFO  verifyingSideMenuCollapsedLangAsInSettingsLingua_18-50-13 - text sent to lingua is       Trang chủ Shorts Kênh đăng ký Bạn
18:52:55 [TestNG-test-Yt Master Tests-2] INFO  verifyingSideMenuCollapsedLangAsInSettingsLingua_18-50-13 - getLangAttribute() - locating <html> and reading lang property
18:52:55 [TestNG-test-Yt Master Tests-2] INFO  verifyingSideMenuCollapsedLangAsInSettingsLingua_18-50-13 - Language attribute read: vi-VN
18:52:55 [TestNG-test-Yt Master Tests-2] INFO  verifyingSideMenuCollapsedLangAsInSettingsLingua_18-50-13 - Clicking settings ellipses button...
18:52:55 [TestNG-test-Yt Master Tests-2] INFO  verifyingSideMenuCollapsedLangAsInSettingsLingua_18-50-13 - [verifyingSideMenuCollapsedLangAsInSettingsLingua_18-50-13] Trying to find element: By.xpath: //ytd-topbar-menu-button-renderer[@class='style-scope ytd-masthead style-default']
18:52:55 [TestNG-test-Yt Master Tests-2] INFO  verifyingSideMenuCollapsedLangAsInSettingsLingua_18-50-13 - [verifyingSideMenuCollapsedLangAsInSettingsLingua_18-50-13] Element found and ready (attempt 1): By.xpath: //ytd-topbar-menu-button-renderer[@class='style-scope ytd-masthead style-default']
18:52:55 [TestNG-test-Yt Master Tests-2] INFO  verifyingSideMenuCollapsedLangAsInSettingsLingua_18-50-13 - Clicking language dropdown...
18:52:55 [TestNG-test-Yt Master Tests-2] INFO  verifyingSideMenuCollapsedLangAsInSettingsLingua_18-50-13 - [verifyingSideMenuCollapsedLangAsInSettingsLingua_18-50-13] Trying to find element: By.xpath: (//div[@id='content-icon'])[2]
18:52:56 [TestNG-test-Yt Master Tests-2] INFO  verifyingSideMenuCollapsedLangAsInSettingsLingua_18-50-13 - [verifyingSideMenuCollapsedLangAsInSettingsLingua_18-50-13] Element found and ready (attempt 1): By.xpath: (//div[@id='content-icon'])[2]
18:52:56 [TestNG-test-Yt Master Tests-2] INFO  verifyingSideMenuCollapsedLangAsInSettingsLingua_18-50-13 - Looking for language element with name: Türkçe
18:52:56 [TestNG-test-Yt Master Tests-2] INFO  verifyingSideMenuCollapsedLangAsInSettingsLingua_18-50-13 - [verifyingSideMenuCollapsedLangAsInSettingsLingua_18-50-13] Trying to find element: By.xpath: //yt-multi-page-menu-section-renderer[@class='style-scope ytd-multi-page-menu-renderer']//yt-formatted-string[@id='label' and text()='Türkçe']
18:52:56 [TestNG-test-Yt Master Tests-2] INFO  verifyingSideMenuCollapsedLangAsInSettingsLingua_18-50-13 - [verifyingSideMenuCollapsedLangAsInSettingsLingua_18-50-13] Element found and ready (attempt 1): By.xpath: //yt-multi-page-menu-section-renderer[@class='style-scope ytd-multi-page-menu-renderer']//yt-formatted-string[@id='label' and text()='Türkçe']
18:52:56 [TestNG-test-Yt Master Tests-2] INFO  verifyingSideMenuCollapsedLangAsInSettingsLingua_18-50-13 - [verifyingSideMenuCollapsedLangAsInSettingsLingua_18-50-13] Trying to find element: By.xpath: //yt-multi-page-menu-section-renderer[@class='style-scope ytd-multi-page-menu-renderer']//yt-formatted-string[@id='label' and text()='Türkçe']
18:52:56 [TestNG-test-Yt Master Tests-2] INFO  verifyingSideMenuCollapsedLangAsInSettingsLingua_18-50-13 - [verifyingSideMenuCollapsedLangAsInSettingsLingua_18-50-13] Element found and ready (attempt 1): By.xpath: //yt-multi-page-menu-section-renderer[@class='style-scope ytd-multi-page-menu-renderer']//yt-formatted-string[@id='label' and text()='Türkçe']
18:52:58 [TestNG-test-Yt Master Tests-2] INFO  verifyingSideMenuCollapsedLangAsInSettingsLingua_18-50-13 - Clicking settings ellipses button...
18:52:59 [TestNG-test-Yt Master Tests-2] INFO  verifyingSideMenuCollapsedLangAsInSettingsLingua_18-50-13 - [verifyingSideMenuCollapsedLangAsInSettingsLingua_18-50-13] Trying to find element: By.xpath: //ytd-topbar-menu-button-renderer[@class='style-scope ytd-masthead style-default']
18:52:59 [TestNG-test-Yt Master Tests-2] INFO  verifyingSideMenuCollapsedLangAsInSettingsLingua_18-50-13 - [verifyingSideMenuCollapsedLangAsInSettingsLingua_18-50-13] Element found and ready (attempt 1): By.xpath: //ytd-topbar-menu-button-renderer[@class='style-scope ytd-masthead style-default']
18:52:59 [TestNG-test-Yt Master Tests-2] INFO  verifyingSideMenuCollapsedLangAsInSettingsLingua_18-50-13 - [verifyingSideMenuCollapsedLangAsInSettingsLingua_18-50-13] Waiting until element is visible in viewport
18:52:59 [TestNG-test-Yt Master Tests-2] INFO  verifyingSideMenuCollapsedLangAsInSettingsLingua_18-50-13 - Clicking settings ellipses button...
18:52:59 [TestNG-test-Yt Master Tests-2] INFO  verifyingSideMenuCollapsedLangAsInSettingsLingua_18-50-13 - [verifyingSideMenuCollapsedLangAsInSettingsLingua_18-50-13] Trying to find element: By.xpath: //ytd-topbar-menu-button-renderer[@class='style-scope ytd-masthead style-default']
18:53:00 [TestNG-test-Yt Master Tests-2] INFO  verifyingSideMenuCollapsedLangAsInSettingsLingua_18-50-13 - [verifyingSideMenuCollapsedLangAsInSettingsLingua_18-50-13] Element found and ready (attempt 1): By.xpath: //ytd-topbar-menu-button-renderer[@class='style-scope ytd-masthead style-default']
18:53:00 [TestNG-test-Yt Master Tests-2] INFO  verifyingSideMenuCollapsedLangAsInSettingsLingua_18-50-13 - getLangAttribute() - locating <html> and reading lang property
18:53:00 [TestNG-test-Yt Master Tests-2] INFO  verifyingSideMenuCollapsedLangAsInSettingsLingua_18-50-13 - Language attribute read: tr-TR
18:53:00 [TestNG-test-Yt Master Tests-2] INFO  verifyingSideMenuCollapsedLangAsInSettingsLingua_18-50-13 - Fetching the side menu in collapsed view
18:53:00 [TestNG-test-Yt Master Tests-2] INFO  verifyingSideMenuCollapsedLangAsInSettingsLingua_18-50-13 - [verifyingSideMenuCollapsedLangAsInSettingsLingua_18-50-13] Finding elements list: By.xpath: //ytd-mini-guide-renderer[@class='style-scope ytd-app']//ytd-mini-guide-entry-renderer
18:53:00 [TestNG-test-Yt Master Tests-2] INFO  verifyingSideMenuCollapsedLangAsInSettingsLingua_18-50-13 - [verifyingSideMenuCollapsedLangAsInSettingsLingua_18-50-13] Found 4 ready elements (attempt 1): By.xpath: //ytd-mini-guide-renderer[@class='style-scope ytd-app']//ytd-mini-guide-entry-renderer
18:53:00 [TestNG-test-Yt Master Tests-2] INFO  verifyingSideMenuCollapsedLangAsInSettingsLingua_18-50-13 - 
========== LANGUAGE DETECTION ==========
Detected Language : TURKISH
Input Text        : Ana Sayfa Shorts Abonelikler Siz
========================================
18:53:00 [TestNG-test-Yt Master Tests-2] INFO  verifyingSideMenuCollapsedLangAsInSettingsLingua_18-50-13 - text sent to lingua is       Ana Sayfa Shorts Abonelikler Siz
18:53:00 [TestNG-test-Yt Master Tests-2] INFO  verifyingSideMenuCollapsedLangAsInSettingsLingua_18-50-13 - getLangAttribute() - locating <html> and reading lang property
18:53:00 [TestNG-test-Yt Master Tests-2] INFO  verifyingSideMenuCollapsedLangAsInSettingsLingua_18-50-13 - Language attribute read: tr-TR
18:53:00 [TestNG-test-Yt Master Tests-2] INFO  verifyingSideMenuCollapsedLangAsInSettingsLingua_18-50-13 - Clicking settings ellipses button...
18:53:00 [TestNG-test-Yt Master Tests-2] INFO  verifyingSideMenuCollapsedLangAsInSettingsLingua_18-50-13 - [verifyingSideMenuCollapsedLangAsInSettingsLingua_18-50-13] Trying to find element: By.xpath: //ytd-topbar-menu-button-renderer[@class='style-scope ytd-masthead style-default']
18:53:00 [TestNG-test-Yt Master Tests-2] INFO  verifyingSideMenuCollapsedLangAsInSettingsLingua_18-50-13 - [verifyingSideMenuCollapsedLangAsInSettingsLingua_18-50-13] Element found and ready (attempt 1): By.xpath: //ytd-topbar-menu-button-renderer[@class='style-scope ytd-masthead style-default']
18:53:00 [TestNG-test-Yt Master Tests-2] INFO  verifyingSideMenuCollapsedLangAsInSettingsLingua_18-50-13 - Clicking language dropdown...
18:53:00 [TestNG-test-Yt Master Tests-2] INFO  verifyingSideMenuCollapsedLangAsInSettingsLingua_18-50-13 - [verifyingSideMenuCollapsedLangAsInSettingsLingua_18-50-13] Trying to find element: By.xpath: (//div[@id='content-icon'])[2]
18:53:01 [TestNG-test-Yt Master Tests-2] INFO  verifyingSideMenuCollapsedLangAsInSettingsLingua_18-50-13 - [verifyingSideMenuCollapsedLangAsInSettingsLingua_18-50-13] Element found and ready (attempt 1): By.xpath: (//div[@id='content-icon'])[2]
18:53:01 [TestNG-test-Yt Master Tests-2] INFO  verifyingSideMenuCollapsedLangAsInSettingsLingua_18-50-13 - Looking for language element with name: Беларуская
18:53:01 [TestNG-test-Yt Master Tests-2] INFO  verifyingSideMenuCollapsedLangAsInSettingsLingua_18-50-13 - [verifyingSideMenuCollapsedLangAsInSettingsLingua_18-50-13] Trying to find element: By.xpath: //yt-multi-page-menu-section-renderer[@class='style-scope ytd-multi-page-menu-renderer']//yt-formatted-string[@id='label' and text()='Беларуская']
18:53:01 [TestNG-test-Yt Master Tests-2] INFO  verifyingSideMenuCollapsedLangAsInSettingsLingua_18-50-13 - [verifyingSideMenuCollapsedLangAsInSettingsLingua_18-50-13] Element found and ready (attempt 1): By.xpath: //yt-multi-page-menu-section-renderer[@class='style-scope ytd-multi-page-menu-renderer']//yt-formatted-string[@id='label' and text()='Беларуская']
18:53:01 [TestNG-test-Yt Master Tests-2] INFO  verifyingSideMenuCollapsedLangAsInSettingsLingua_18-50-13 - [verifyingSideMenuCollapsedLangAsInSettingsLingua_18-50-13] Trying to find element: By.xpath: //yt-multi-page-menu-section-renderer[@class='style-scope ytd-multi-page-menu-renderer']//yt-formatted-string[@id='label' and text()='Беларуская']
18:53:02 [TestNG-test-Yt Master Tests-2] INFO  verifyingSideMenuCollapsedLangAsInSettingsLingua_18-50-13 - [verifyingSideMenuCollapsedLangAsInSettingsLingua_18-50-13] Element found and ready (attempt 1): By.xpath: //yt-multi-page-menu-section-renderer[@class='style-scope ytd-multi-page-menu-renderer']//yt-formatted-string[@id='label' and text()='Беларуская']
18:53:03 [TestNG-test-Yt Master Tests-2] INFO  verifyingSideMenuCollapsedLangAsInSettingsLingua_18-50-13 - Clicking settings ellipses button...
18:53:03 [TestNG-test-Yt Master Tests-2] INFO  verifyingSideMenuCollapsedLangAsInSettingsLingua_18-50-13 - [verifyingSideMenuCollapsedLangAsInSettingsLingua_18-50-13] Trying to find element: By.xpath: //ytd-topbar-menu-button-renderer[@class='style-scope ytd-masthead style-default']
18:53:03 [TestNG-test-Yt Master Tests-2] INFO  verifyingSideMenuCollapsedLangAsInSettingsLingua_18-50-13 - [verifyingSideMenuCollapsedLangAsInSettingsLingua_18-50-13] Element found and ready (attempt 1): By.xpath: //ytd-topbar-menu-button-renderer[@class='style-scope ytd-masthead style-default']
18:53:04 [TestNG-test-Yt Master Tests-2] INFO  verifyingSideMenuCollapsedLangAsInSettingsLingua_18-50-13 - [verifyingSideMenuCollapsedLangAsInSettingsLingua_18-50-13] Waiting until element is visible in viewport
18:53:04 [TestNG-test-Yt Master Tests-2] INFO  verifyingSideMenuCollapsedLangAsInSettingsLingua_18-50-13 - Clicking settings ellipses button...
18:53:04 [TestNG-test-Yt Master Tests-2] INFO  verifyingSideMenuCollapsedLangAsInSettingsLingua_18-50-13 - [verifyingSideMenuCollapsedLangAsInSettingsLingua_18-50-13] Trying to find element: By.xpath: //ytd-topbar-menu-button-renderer[@class='style-scope ytd-masthead style-default']
18:53:04 [TestNG-test-Yt Master Tests-2] INFO  verifyingSideMenuCollapsedLangAsInSettingsLingua_18-50-13 - [verifyingSideMenuCollapsedLangAsInSettingsLingua_18-50-13] Element found and ready (attempt 1): By.xpath: //ytd-topbar-menu-button-renderer[@class='style-scope ytd-masthead style-default']
18:53:04 [TestNG-test-Yt Master Tests-2] INFO  verifyingSideMenuCollapsedLangAsInSettingsLingua_18-50-13 - getLangAttribute() - locating <html> and reading lang property
18:53:04 [TestNG-test-Yt Master Tests-2] INFO  verifyingSideMenuCollapsedLangAsInSettingsLingua_18-50-13 - Language attribute read: be-BY
18:53:04 [TestNG-test-Yt Master Tests-2] INFO  verifyingSideMenuCollapsedLangAsInSettingsLingua_18-50-13 - Fetching the side menu in collapsed view
18:53:04 [TestNG-test-Yt Master Tests-2] INFO  verifyingSideMenuCollapsedLangAsInSettingsLingua_18-50-13 - [verifyingSideMenuCollapsedLangAsInSettingsLingua_18-50-13] Finding elements list: By.xpath: //ytd-mini-guide-renderer[@class='style-scope ytd-app']//ytd-mini-guide-entry-renderer
18:53:04 [TestNG-test-Yt Master Tests-2] INFO  verifyingSideMenuCollapsedLangAsInSettingsLingua_18-50-13 - [verifyingSideMenuCollapsedLangAsInSettingsLingua_18-50-13] Found 4 ready elements (attempt 1): By.xpath: //ytd-mini-guide-renderer[@class='style-scope ytd-app']//ytd-mini-guide-entry-renderer
18:53:05 [TestNG-test-Yt Master Tests-2] INFO  verifyingSideMenuCollapsedLangAsInSettingsLingua_18-50-13 - 
========== LANGUAGE DETECTION ==========
Detected Language : BELARUSIAN
Input Text        : Галоўная старонка Shorts Падпіскі Вы
========================================
18:53:05 [TestNG-test-Yt Master Tests-2] INFO  verifyingSideMenuCollapsedLangAsInSettingsLingua_18-50-13 - text sent to lingua is       Галоўная старонка Shorts Падпіскі Вы
18:53:05 [TestNG-test-Yt Master Tests-2] INFO  verifyingSideMenuCollapsedLangAsInSettingsLingua_18-50-13 - getLangAttribute() - locating <html> and reading lang property
18:53:05 [TestNG-test-Yt Master Tests-2] INFO  verifyingSideMenuCollapsedLangAsInSettingsLingua_18-50-13 - Language attribute read: be-BY
18:53:05 [TestNG-test-Yt Master Tests-2] INFO  verifyingSideMenuCollapsedLangAsInSettingsLingua_18-50-13 - Clicking settings ellipses button...
18:53:05 [TestNG-test-Yt Master Tests-2] INFO  verifyingSideMenuCollapsedLangAsInSettingsLingua_18-50-13 - [verifyingSideMenuCollapsedLangAsInSettingsLingua_18-50-13] Trying to find element: By.xpath: //ytd-topbar-menu-button-renderer[@class='style-scope ytd-masthead style-default']
18:53:05 [TestNG-test-Yt Master Tests-2] INFO  verifyingSideMenuCollapsedLangAsInSettingsLingua_18-50-13 - [verifyingSideMenuCollapsedLangAsInSettingsLingua_18-50-13] Element found and ready (attempt 1): By.xpath: //ytd-topbar-menu-button-renderer[@class='style-scope ytd-masthead style-default']
18:53:05 [TestNG-test-Yt Master Tests-2] INFO  verifyingSideMenuCollapsedLangAsInSettingsLingua_18-50-13 - Clicking language dropdown...
18:53:05 [TestNG-test-Yt Master Tests-2] INFO  verifyingSideMenuCollapsedLangAsInSettingsLingua_18-50-13 - [verifyingSideMenuCollapsedLangAsInSettingsLingua_18-50-13] Trying to find element: By.xpath: (//div[@id='content-icon'])[2]
18:53:06 [TestNG-test-Yt Master Tests-2] INFO  verifyingSideMenuCollapsedLangAsInSettingsLingua_18-50-13 - [verifyingSideMenuCollapsedLangAsInSettingsLingua_18-50-13] Element found and ready (attempt 1): By.xpath: (//div[@id='content-icon'])[2]
18:53:06 [TestNG-test-Yt Master Tests-2] INFO  verifyingSideMenuCollapsedLangAsInSettingsLingua_18-50-13 - Looking for language element with name: Български
18:53:06 [TestNG-test-Yt Master Tests-2] INFO  verifyingSideMenuCollapsedLangAsInSettingsLingua_18-50-13 - [verifyingSideMenuCollapsedLangAsInSettingsLingua_18-50-13] Trying to find element: By.xpath: //yt-multi-page-menu-section-renderer[@class='style-scope ytd-multi-page-menu-renderer']//yt-formatted-string[@id='label' and text()='Български']
18:53:06 [TestNG-test-Yt Master Tests-2] INFO  verifyingSideMenuCollapsedLangAsInSettingsLingua_18-50-13 - [verifyingSideMenuCollapsedLangAsInSettingsLingua_18-50-13] Element found and ready (attempt 1): By.xpath: //yt-multi-page-menu-section-renderer[@class='style-scope ytd-multi-page-menu-renderer']//yt-formatted-string[@id='label' and text()='Български']
18:53:06 [TestNG-test-Yt Master Tests-2] INFO  verifyingSideMenuCollapsedLangAsInSettingsLingua_18-50-13 - [verifyingSideMenuCollapsedLangAsInSettingsLingua_18-50-13] Trying to find element: By.xpath: //yt-multi-page-menu-section-renderer[@class='style-scope ytd-multi-page-menu-renderer']//yt-formatted-string[@id='label' and text()='Български']
18:53:06 [TestNG-test-Yt Master Tests-2] INFO  verifyingSideMenuCollapsedLangAsInSettingsLingua_18-50-13 - [verifyingSideMenuCollapsedLangAsInSettingsLingua_18-50-13] Element found and ready (attempt 1): By.xpath: //yt-multi-page-menu-section-renderer[@class='style-scope ytd-multi-page-menu-renderer']//yt-formatted-string[@id='label' and text()='Български']
18:53:07 [TestNG-test-Yt Master Tests-2] INFO  verifyingSideMenuCollapsedLangAsInSettingsLingua_18-50-13 - Clicking settings ellipses button...
18:53:08 [TestNG-test-Yt Master Tests-2] INFO  verifyingSideMenuCollapsedLangAsInSettingsLingua_18-50-13 - [verifyingSideMenuCollapsedLangAsInSettingsLingua_18-50-13] Trying to find element: By.xpath: //ytd-topbar-menu-button-renderer[@class='style-scope ytd-masthead style-default']
18:53:08 [TestNG-test-Yt Master Tests-2] INFO  verifyingSideMenuCollapsedLangAsInSettingsLingua_18-50-13 - [verifyingSideMenuCollapsedLangAsInSettingsLingua_18-50-13] Element found and ready (attempt 1): By.xpath: //ytd-topbar-menu-button-renderer[@class='style-scope ytd-masthead style-default']
18:53:08 [TestNG-test-Yt Master Tests-2] INFO  verifyingSideMenuCollapsedLangAsInSettingsLingua_18-50-13 - [verifyingSideMenuCollapsedLangAsInSettingsLingua_18-50-13] Waiting until element is visible in viewport
18:53:09 [TestNG-test-Yt Master Tests-2] INFO  verifyingSideMenuCollapsedLangAsInSettingsLingua_18-50-13 - Clicking settings ellipses button...
18:53:09 [TestNG-test-Yt Master Tests-2] INFO  verifyingSideMenuCollapsedLangAsInSettingsLingua_18-50-13 - [verifyingSideMenuCollapsedLangAsInSettingsLingua_18-50-13] Trying to find element: By.xpath: //ytd-topbar-menu-button-renderer[@class='style-scope ytd-masthead style-default']
18:53:09 [TestNG-test-Yt Master Tests-2] INFO  verifyingSideMenuCollapsedLangAsInSettingsLingua_18-50-13 - [verifyingSideMenuCollapsedLangAsInSettingsLingua_18-50-13] Element found and ready (attempt 1): By.xpath: //ytd-topbar-menu-button-renderer[@class='style-scope ytd-masthead style-default']
18:53:09 [TestNG-test-Yt Master Tests-2] INFO  verifyingSideMenuCollapsedLangAsInSettingsLingua_18-50-13 - getLangAttribute() - locating <html> and reading lang property
18:53:09 [TestNG-test-Yt Master Tests-2] INFO  verifyingSideMenuCollapsedLangAsInSettingsLingua_18-50-13 - Language attribute read: bg-BG
18:53:09 [TestNG-test-Yt Master Tests-2] INFO  verifyingSideMenuCollapsedLangAsInSettingsLingua_18-50-13 - Fetching the side menu in collapsed view
18:53:09 [TestNG-test-Yt Master Tests-2] INFO  verifyingSideMenuCollapsedLangAsInSettingsLingua_18-50-13 - [verifyingSideMenuCollapsedLangAsInSettingsLingua_18-50-13] Finding elements list: By.xpath: //ytd-mini-guide-renderer[@class='style-scope ytd-app']//ytd-mini-guide-entry-renderer
18:53:09 [TestNG-test-Yt Master Tests-2] INFO  verifyingSideMenuCollapsedLangAsInSettingsLingua_18-50-13 - [verifyingSideMenuCollapsedLangAsInSettingsLingua_18-50-13] Found 4 ready elements (attempt 1): By.xpath: //ytd-mini-guide-renderer[@class='style-scope ytd-app']//ytd-mini-guide-entry-renderer
18:53:09 [TestNG-test-Yt Master Tests-2] INFO  verifyingSideMenuCollapsedLangAsInSettingsLingua_18-50-13 - 
========== LANGUAGE DETECTION ==========
Detected Language : BULGARIAN
Input Text        : Начало Shorts Абонаменти Вие
========================================
18:53:09 [TestNG-test-Yt Master Tests-2] INFO  verifyingSideMenuCollapsedLangAsInSettingsLingua_18-50-13 - text sent to lingua is       Начало Shorts Абонаменти Вие
18:53:09 [TestNG-test-Yt Master Tests-2] INFO  verifyingSideMenuCollapsedLangAsInSettingsLingua_18-50-13 - getLangAttribute() - locating <html> and reading lang property
18:53:09 [TestNG-test-Yt Master Tests-2] INFO  verifyingSideMenuCollapsedLangAsInSettingsLingua_18-50-13 - Language attribute read: bg-BG
18:53:09 [TestNG-test-Yt Master Tests-2] INFO  verifyingSideMenuCollapsedLangAsInSettingsLingua_18-50-13 - Clicking settings ellipses button...
18:53:09 [TestNG-test-Yt Master Tests-2] INFO  verifyingSideMenuCollapsedLangAsInSettingsLingua_18-50-13 - [verifyingSideMenuCollapsedLangAsInSettingsLingua_18-50-13] Trying to find element: By.xpath: //ytd-topbar-menu-button-renderer[@class='style-scope ytd-masthead style-default']
18:53:09 [TestNG-test-Yt Master Tests-2] INFO  verifyingSideMenuCollapsedLangAsInSettingsLingua_18-50-13 - [verifyingSideMenuCollapsedLangAsInSettingsLingua_18-50-13] Element found and ready (attempt 1): By.xpath: //ytd-topbar-menu-button-renderer[@class='style-scope ytd-masthead style-default']
18:53:10 [TestNG-test-Yt Master Tests-2] INFO  verifyingSideMenuCollapsedLangAsInSettingsLingua_18-50-13 - Clicking language dropdown...
18:53:10 [TestNG-test-Yt Master Tests-2] INFO  verifyingSideMenuCollapsedLangAsInSettingsLingua_18-50-13 - [verifyingSideMenuCollapsedLangAsInSettingsLingua_18-50-13] Trying to find element: By.xpath: (//div[@id='content-icon'])[2]
18:53:10 [TestNG-test-Yt Master Tests-2] INFO  verifyingSideMenuCollapsedLangAsInSettingsLingua_18-50-13 - [verifyingSideMenuCollapsedLangAsInSettingsLingua_18-50-13] Element found and ready (attempt 1): By.xpath: (//div[@id='content-icon'])[2]
18:53:11 [TestNG-test-Yt Master Tests-2] INFO  verifyingSideMenuCollapsedLangAsInSettingsLingua_18-50-13 - Looking for language element with name: Русский
18:53:11 [TestNG-test-Yt Master Tests-2] INFO  verifyingSideMenuCollapsedLangAsInSettingsLingua_18-50-13 - [verifyingSideMenuCollapsedLangAsInSettingsLingua_18-50-13] Trying to find element: By.xpath: //yt-multi-page-menu-section-renderer[@class='style-scope ytd-multi-page-menu-renderer']//yt-formatted-string[@id='label' and text()='Русский']
18:53:11 [TestNG-test-Yt Master Tests-2] INFO  verifyingSideMenuCollapsedLangAsInSettingsLingua_18-50-13 - [verifyingSideMenuCollapsedLangAsInSettingsLingua_18-50-13] Element found and ready (attempt 1): By.xpath: //yt-multi-page-menu-section-renderer[@class='style-scope ytd-multi-page-menu-renderer']//yt-formatted-string[@id='label' and text()='Русский']
18:53:11 [TestNG-test-Yt Master Tests-2] INFO  verifyingSideMenuCollapsedLangAsInSettingsLingua_18-50-13 - [verifyingSideMenuCollapsedLangAsInSettingsLingua_18-50-13] Trying to find element: By.xpath: //yt-multi-page-menu-section-renderer[@class='style-scope ytd-multi-page-menu-renderer']//yt-formatted-string[@id='label' and text()='Русский']
18:53:11 [TestNG-test-Yt Master Tests-2] INFO  verifyingSideMenuCollapsedLangAsInSettingsLingua_18-50-13 - [verifyingSideMenuCollapsedLangAsInSettingsLingua_18-50-13] Element found and ready (attempt 1): By.xpath: //yt-multi-page-menu-section-renderer[@class='style-scope ytd-multi-page-menu-renderer']//yt-formatted-string[@id='label' and text()='Русский']
18:53:12 [TestNG-test-Yt Master Tests-2] INFO  verifyingSideMenuCollapsedLangAsInSettingsLingua_18-50-13 - Clicking settings ellipses button...
18:53:12 [TestNG-test-Yt Master Tests-2] INFO  verifyingSideMenuCollapsedLangAsInSettingsLingua_18-50-13 - [verifyingSideMenuCollapsedLangAsInSettingsLingua_18-50-13] Trying to find element: By.xpath: //ytd-topbar-menu-button-renderer[@class='style-scope ytd-masthead style-default']
18:53:12 [TestNG-test-Yt Master Tests-2] INFO  verifyingSideMenuCollapsedLangAsInSettingsLingua_18-50-13 - [verifyingSideMenuCollapsedLangAsInSettingsLingua_18-50-13] Element found and ready (attempt 1): By.xpath: //ytd-topbar-menu-button-renderer[@class='style-scope ytd-masthead style-default']
18:53:13 [TestNG-test-Yt Master Tests-2] INFO  verifyingSideMenuCollapsedLangAsInSettingsLingua_18-50-13 - [verifyingSideMenuCollapsedLangAsInSettingsLingua_18-50-13] Waiting until element is visible in viewport
18:53:13 [TestNG-test-Yt Master Tests-2] INFO  verifyingSideMenuCollapsedLangAsInSettingsLingua_18-50-13 - Clicking settings ellipses button...
18:53:13 [TestNG-test-Yt Master Tests-2] INFO  verifyingSideMenuCollapsedLangAsInSettingsLingua_18-50-13 - [verifyingSideMenuCollapsedLangAsInSettingsLingua_18-50-13] Trying to find element: By.xpath: //ytd-topbar-menu-button-renderer[@class='style-scope ytd-masthead style-default']
18:53:13 [TestNG-test-Yt Master Tests-2] INFO  verifyingSideMenuCollapsedLangAsInSettingsLingua_18-50-13 - [verifyingSideMenuCollapsedLangAsInSettingsLingua_18-50-13] Element found and ready (attempt 1): By.xpath: //ytd-topbar-menu-button-renderer[@class='style-scope ytd-masthead style-default']
18:53:13 [TestNG-test-Yt Master Tests-2] INFO  verifyingSideMenuCollapsedLangAsInSettingsLingua_18-50-13 - getLangAttribute() - locating <html> and reading lang property
18:53:13 [TestNG-test-Yt Master Tests-2] INFO  verifyingSideMenuCollapsedLangAsInSettingsLingua_18-50-13 - Language attribute read: ru-RU
18:53:13 [TestNG-test-Yt Master Tests-2] INFO  verifyingSideMenuCollapsedLangAsInSettingsLingua_18-50-13 - Fetching the side menu in collapsed view
18:53:13 [TestNG-test-Yt Master Tests-2] INFO  verifyingSideMenuCollapsedLangAsInSettingsLingua_18-50-13 - [verifyingSideMenuCollapsedLangAsInSettingsLingua_18-50-13] Finding elements list: By.xpath: //ytd-mini-guide-renderer[@class='style-scope ytd-app']//ytd-mini-guide-entry-renderer
18:53:14 [TestNG-test-Yt Master Tests-2] INFO  verifyingSideMenuCollapsedLangAsInSettingsLingua_18-50-13 - [verifyingSideMenuCollapsedLangAsInSettingsLingua_18-50-13] Found 4 ready elements (attempt 1): By.xpath: //ytd-mini-guide-renderer[@class='style-scope ytd-app']//ytd-mini-guide-entry-renderer
18:53:14 [TestNG-test-Yt Master Tests-2] INFO  verifyingSideMenuCollapsedLangAsInSettingsLingua_18-50-13 - 
========== LANGUAGE DETECTION ==========
Detected Language : RUSSIAN
Input Text        : Главная Shorts Подписки Вы
========================================
18:53:14 [TestNG-test-Yt Master Tests-2] INFO  verifyingSideMenuCollapsedLangAsInSettingsLingua_18-50-13 - text sent to lingua is       Главная Shorts Подписки Вы
18:53:14 [TestNG-test-Yt Master Tests-2] INFO  verifyingSideMenuCollapsedLangAsInSettingsLingua_18-50-13 - getLangAttribute() - locating <html> and reading lang property
18:53:14 [TestNG-test-Yt Master Tests-2] INFO  verifyingSideMenuCollapsedLangAsInSettingsLingua_18-50-13 - Language attribute read: ru-RU
18:53:14 [TestNG-test-Yt Master Tests-2] INFO  verifyingSideMenuCollapsedLangAsInSettingsLingua_18-50-13 - Clicking settings ellipses button...
18:53:14 [TestNG-test-Yt Master Tests-2] INFO  verifyingSideMenuCollapsedLangAsInSettingsLingua_18-50-13 - [verifyingSideMenuCollapsedLangAsInSettingsLingua_18-50-13] Trying to find element: By.xpath: //ytd-topbar-menu-button-renderer[@class='style-scope ytd-masthead style-default']
18:53:14 [TestNG-test-Yt Master Tests-2] INFO  verifyingSideMenuCollapsedLangAsInSettingsLingua_18-50-13 - [verifyingSideMenuCollapsedLangAsInSettingsLingua_18-50-13] Element found and ready (attempt 1): By.xpath: //ytd-topbar-menu-button-renderer[@class='style-scope ytd-masthead style-default']
18:53:14 [TestNG-test-Yt Master Tests-2] INFO  verifyingSideMenuCollapsedLangAsInSettingsLingua_18-50-13 - Clicking language dropdown...
18:53:14 [TestNG-test-Yt Master Tests-2] INFO  verifyingSideMenuCollapsedLangAsInSettingsLingua_18-50-13 - [verifyingSideMenuCollapsedLangAsInSettingsLingua_18-50-13] Trying to find element: By.xpath: (//div[@id='content-icon'])[2]
18:53:15 [TestNG-test-Yt Master Tests-2] INFO  verifyingSideMenuCollapsedLangAsInSettingsLingua_18-50-13 - [verifyingSideMenuCollapsedLangAsInSettingsLingua_18-50-13] Element found and ready (attempt 1): By.xpath: (//div[@id='content-icon'])[2]
18:53:15 [TestNG-test-Yt Master Tests-2] INFO  verifyingSideMenuCollapsedLangAsInSettingsLingua_18-50-13 - Looking for language element with name: Українська
18:53:15 [TestNG-test-Yt Master Tests-2] INFO  verifyingSideMenuCollapsedLangAsInSettingsLingua_18-50-13 - [verifyingSideMenuCollapsedLangAsInSettingsLingua_18-50-13] Trying to find element: By.xpath: //yt-multi-page-menu-section-renderer[@class='style-scope ytd-multi-page-menu-renderer']//yt-formatted-string[@id='label' and text()='Українська']
18:53:15 [TestNG-test-Yt Master Tests-2] INFO  verifyingSideMenuCollapsedLangAsInSettingsLingua_18-50-13 - [verifyingSideMenuCollapsedLangAsInSettingsLingua_18-50-13] Element found and ready (attempt 1): By.xpath: //yt-multi-page-menu-section-renderer[@class='style-scope ytd-multi-page-menu-renderer']//yt-formatted-string[@id='label' and text()='Українська']
18:53:15 [TestNG-test-Yt Master Tests-2] INFO  verifyingSideMenuCollapsedLangAsInSettingsLingua_18-50-13 - [verifyingSideMenuCollapsedLangAsInSettingsLingua_18-50-13] Trying to find element: By.xpath: //yt-multi-page-menu-section-renderer[@class='style-scope ytd-multi-page-menu-renderer']//yt-formatted-string[@id='label' and text()='Українська']
18:53:16 [TestNG-test-Yt Master Tests-2] INFO  verifyingSideMenuCollapsedLangAsInSettingsLingua_18-50-13 - [verifyingSideMenuCollapsedLangAsInSettingsLingua_18-50-13] Element found and ready (attempt 1): By.xpath: //yt-multi-page-menu-section-renderer[@class='style-scope ytd-multi-page-menu-renderer']//yt-formatted-string[@id='label' and text()='Українська']
18:53:17 [TestNG-test-Yt Master Tests-2] INFO  verifyingSideMenuCollapsedLangAsInSettingsLingua_18-50-13 - Clicking settings ellipses button...
18:53:17 [TestNG-test-Yt Master Tests-2] INFO  verifyingSideMenuCollapsedLangAsInSettingsLingua_18-50-13 - [verifyingSideMenuCollapsedLangAsInSettingsLingua_18-50-13] Trying to find element: By.xpath: //ytd-topbar-menu-button-renderer[@class='style-scope ytd-masthead style-default']
18:53:17 [TestNG-test-Yt Master Tests-2] INFO  verifyingSideMenuCollapsedLangAsInSettingsLingua_18-50-13 - [verifyingSideMenuCollapsedLangAsInSettingsLingua_18-50-13] Element found and ready (attempt 1): By.xpath: //ytd-topbar-menu-button-renderer[@class='style-scope ytd-masthead style-default']
18:53:17 [TestNG-test-Yt Master Tests-2] INFO  verifyingSideMenuCollapsedLangAsInSettingsLingua_18-50-13 - [verifyingSideMenuCollapsedLangAsInSettingsLingua_18-50-13] Waiting until element is visible in viewport
18:53:18 [TestNG-test-Yt Master Tests-2] INFO  verifyingSideMenuCollapsedLangAsInSettingsLingua_18-50-13 - Clicking settings ellipses button...
18:53:18 [TestNG-test-Yt Master Tests-2] INFO  verifyingSideMenuCollapsedLangAsInSettingsLingua_18-50-13 - [verifyingSideMenuCollapsedLangAsInSettingsLingua_18-50-13] Trying to find element: By.xpath: //ytd-topbar-menu-button-renderer[@class='style-scope ytd-masthead style-default']
18:53:18 [TestNG-test-Yt Master Tests-2] INFO  verifyingSideMenuCollapsedLangAsInSettingsLingua_18-50-13 - [verifyingSideMenuCollapsedLangAsInSettingsLingua_18-50-13] Element found and ready (attempt 1): By.xpath: //ytd-topbar-menu-button-renderer[@class='style-scope ytd-masthead style-default']
18:53:18 [TestNG-test-Yt Master Tests-2] INFO  verifyingSideMenuCollapsedLangAsInSettingsLingua_18-50-13 - getLangAttribute() - locating <html> and reading lang property
18:53:18 [TestNG-test-Yt Master Tests-2] INFO  verifyingSideMenuCollapsedLangAsInSettingsLingua_18-50-13 - Language attribute read: uk-UA
18:53:18 [TestNG-test-Yt Master Tests-2] INFO  verifyingSideMenuCollapsedLangAsInSettingsLingua_18-50-13 - Fetching the side menu in collapsed view
18:53:18 [TestNG-test-Yt Master Tests-2] INFO  verifyingSideMenuCollapsedLangAsInSettingsLingua_18-50-13 - [verifyingSideMenuCollapsedLangAsInSettingsLingua_18-50-13] Finding elements list: By.xpath: //ytd-mini-guide-renderer[@class='style-scope ytd-app']//ytd-mini-guide-entry-renderer
18:53:18 [TestNG-test-Yt Master Tests-2] INFO  verifyingSideMenuCollapsedLangAsInSettingsLingua_18-50-13 - [verifyingSideMenuCollapsedLangAsInSettingsLingua_18-50-13] Found 4 ready elements (attempt 1): By.xpath: //ytd-mini-guide-renderer[@class='style-scope ytd-app']//ytd-mini-guide-entry-renderer
18:53:18 [TestNG-test-Yt Master Tests-2] INFO  verifyingSideMenuCollapsedLangAsInSettingsLingua_18-50-13 - 
========== LANGUAGE DETECTION ==========
Detected Language : UKRAINIAN
Input Text        : Головна YouTube Shorts Підписки Ви
========================================
18:53:18 [TestNG-test-Yt Master Tests-2] INFO  verifyingSideMenuCollapsedLangAsInSettingsLingua_18-50-13 - text sent to lingua is       Головна YouTube Shorts Підписки Ви
18:53:18 [TestNG-test-Yt Master Tests-2] INFO  verifyingSideMenuCollapsedLangAsInSettingsLingua_18-50-13 - getLangAttribute() - locating <html> and reading lang property
18:53:18 [TestNG-test-Yt Master Tests-2] INFO  verifyingSideMenuCollapsedLangAsInSettingsLingua_18-50-13 - Language attribute read: uk-UA
18:53:18 [TestNG-test-Yt Master Tests-2] INFO  verifyingSideMenuCollapsedLangAsInSettingsLingua_18-50-13 - Clicking settings ellipses button...
18:53:18 [TestNG-test-Yt Master Tests-2] INFO  verifyingSideMenuCollapsedLangAsInSettingsLingua_18-50-13 - [verifyingSideMenuCollapsedLangAsInSettingsLingua_18-50-13] Trying to find element: By.xpath: //ytd-topbar-menu-button-renderer[@class='style-scope ytd-masthead style-default']
18:53:18 [TestNG-test-Yt Master Tests-2] INFO  verifyingSideMenuCollapsedLangAsInSettingsLingua_18-50-13 - [verifyingSideMenuCollapsedLangAsInSettingsLingua_18-50-13] Element found and ready (attempt 1): By.xpath: //ytd-topbar-menu-button-renderer[@class='style-scope ytd-masthead style-default']
18:53:18 [TestNG-test-Yt Master Tests-2] INFO  verifyingSideMenuCollapsedLangAsInSettingsLingua_18-50-13 - Clicking language dropdown...
18:53:18 [TestNG-test-Yt Master Tests-2] INFO  verifyingSideMenuCollapsedLangAsInSettingsLingua_18-50-13 - [verifyingSideMenuCollapsedLangAsInSettingsLingua_18-50-13] Trying to find element: By.xpath: (//div[@id='content-icon'])[2]
18:53:18 [TestNG-test-Yt Master Tests-2] INFO  verifyingSideMenuCollapsedLangAsInSettingsLingua_18-50-13 - [verifyingSideMenuCollapsedLangAsInSettingsLingua_18-50-13] Element found and ready (attempt 1): By.xpath: (//div[@id='content-icon'])[2]
18:53:19 [TestNG-test-Yt Master Tests-2] INFO  verifyingSideMenuCollapsedLangAsInSettingsLingua_18-50-13 - Looking for language element with name: Ελληνικά
18:53:19 [TestNG-test-Yt Master Tests-2] INFO  verifyingSideMenuCollapsedLangAsInSettingsLingua_18-50-13 - [verifyingSideMenuCollapsedLangAsInSettingsLingua_18-50-13] Trying to find element: By.xpath: //yt-multi-page-menu-section-renderer[@class='style-scope ytd-multi-page-menu-renderer']//yt-formatted-string[@id='label' and text()='Ελληνικά']
18:53:19 [TestNG-test-Yt Master Tests-2] INFO  verifyingSideMenuCollapsedLangAsInSettingsLingua_18-50-13 - [verifyingSideMenuCollapsedLangAsInSettingsLingua_18-50-13] Element found and ready (attempt 1): By.xpath: //yt-multi-page-menu-section-renderer[@class='style-scope ytd-multi-page-menu-renderer']//yt-formatted-string[@id='label' and text()='Ελληνικά']
18:53:19 [TestNG-test-Yt Master Tests-2] INFO  verifyingSideMenuCollapsedLangAsInSettingsLingua_18-50-13 - [verifyingSideMenuCollapsedLangAsInSettingsLingua_18-50-13] Trying to find element: By.xpath: //yt-multi-page-menu-section-renderer[@class='style-scope ytd-multi-page-menu-renderer']//yt-formatted-string[@id='label' and text()='Ελληνικά']
18:53:19 [TestNG-test-Yt Master Tests-2] INFO  verifyingSideMenuCollapsedLangAsInSettingsLingua_18-50-13 - [verifyingSideMenuCollapsedLangAsInSettingsLingua_18-50-13] Element found and ready (attempt 1): By.xpath: //yt-multi-page-menu-section-renderer[@class='style-scope ytd-multi-page-menu-renderer']//yt-formatted-string[@id='label' and text()='Ελληνικά']
18:53:21 [TestNG-test-Yt Master Tests-2] INFO  verifyingSideMenuCollapsedLangAsInSettingsLingua_18-50-13 - Clicking settings ellipses button...
18:53:21 [TestNG-test-Yt Master Tests-2] INFO  verifyingSideMenuCollapsedLangAsInSettingsLingua_18-50-13 - [verifyingSideMenuCollapsedLangAsInSettingsLingua_18-50-13] Trying to find element: By.xpath: //ytd-topbar-menu-button-renderer[@class='style-scope ytd-masthead style-default']
18:53:21 [TestNG-test-Yt Master Tests-2] INFO  verifyingSideMenuCollapsedLangAsInSettingsLingua_18-50-13 - [verifyingSideMenuCollapsedLangAsInSettingsLingua_18-50-13] Element found and ready (attempt 1): By.xpath: //ytd-topbar-menu-button-renderer[@class='style-scope ytd-masthead style-default']
18:53:21 [TestNG-test-Yt Master Tests-2] INFO  verifyingSideMenuCollapsedLangAsInSettingsLingua_18-50-13 - [verifyingSideMenuCollapsedLangAsInSettingsLingua_18-50-13] Waiting until element is visible in viewport
18:53:22 [TestNG-test-Yt Master Tests-2] INFO  verifyingSideMenuCollapsedLangAsInSettingsLingua_18-50-13 - Clicking settings ellipses button...
18:53:22 [TestNG-test-Yt Master Tests-2] INFO  verifyingSideMenuCollapsedLangAsInSettingsLingua_18-50-13 - [verifyingSideMenuCollapsedLangAsInSettingsLingua_18-50-13] Trying to find element: By.xpath: //ytd-topbar-menu-button-renderer[@class='style-scope ytd-masthead style-default']
18:53:22 [TestNG-test-Yt Master Tests-2] INFO  verifyingSideMenuCollapsedLangAsInSettingsLingua_18-50-13 - [verifyingSideMenuCollapsedLangAsInSettingsLingua_18-50-13] Element found and ready (attempt 1): By.xpath: //ytd-topbar-menu-button-renderer[@class='style-scope ytd-masthead style-default']
18:53:22 [TestNG-test-Yt Master Tests-2] INFO  verifyingSideMenuCollapsedLangAsInSettingsLingua_18-50-13 - getLangAttribute() - locating <html> and reading lang property
18:53:22 [TestNG-test-Yt Master Tests-2] INFO  verifyingSideMenuCollapsedLangAsInSettingsLingua_18-50-13 - Language attribute read: el-GR
18:53:22 [TestNG-test-Yt Master Tests-2] INFO  verifyingSideMenuCollapsedLangAsInSettingsLingua_18-50-13 - Fetching the side menu in collapsed view
18:53:22 [TestNG-test-Yt Master Tests-2] INFO  verifyingSideMenuCollapsedLangAsInSettingsLingua_18-50-13 - [verifyingSideMenuCollapsedLangAsInSettingsLingua_18-50-13] Finding elements list: By.xpath: //ytd-mini-guide-renderer[@class='style-scope ytd-app']//ytd-mini-guide-entry-renderer
18:53:22 [TestNG-test-Yt Master Tests-2] INFO  verifyingSideMenuCollapsedLangAsInSettingsLingua_18-50-13 - [verifyingSideMenuCollapsedLangAsInSettingsLingua_18-50-13] Found 4 ready elements (attempt 1): By.xpath: //ytd-mini-guide-renderer[@class='style-scope ytd-app']//ytd-mini-guide-entry-renderer
18:53:22 [TestNG-test-Yt Master Tests-2] INFO  verifyingSideMenuCollapsedLangAsInSettingsLingua_18-50-13 - 
========== LANGUAGE DETECTION ==========
Detected Language : GREEK
Input Text        : Αρχική Shorts Εγγραφές Εσείς
========================================
18:53:22 [TestNG-test-Yt Master Tests-2] INFO  verifyingSideMenuCollapsedLangAsInSettingsLingua_18-50-13 - text sent to lingua is       Αρχική Shorts Εγγραφές Εσείς
18:53:22 [TestNG-test-Yt Master Tests-2] INFO  verifyingSideMenuCollapsedLangAsInSettingsLingua_18-50-13 - getLangAttribute() - locating <html> and reading lang property
18:53:22 [TestNG-test-Yt Master Tests-2] INFO  verifyingSideMenuCollapsedLangAsInSettingsLingua_18-50-13 - Language attribute read: el-GR
18:53:22 [TestNG-test-Yt Master Tests-2] INFO  verifyingSideMenuCollapsedLangAsInSettingsLingua_18-50-13 - Clicking settings ellipses button...
18:53:22 [TestNG-test-Yt Master Tests-2] INFO  verifyingSideMenuCollapsedLangAsInSettingsLingua_18-50-13 - [verifyingSideMenuCollapsedLangAsInSettingsLingua_18-50-13] Trying to find element: By.xpath: //ytd-topbar-menu-button-renderer[@class='style-scope ytd-masthead style-default']
18:53:22 [TestNG-test-Yt Master Tests-2] INFO  verifyingSideMenuCollapsedLangAsInSettingsLingua_18-50-13 - [verifyingSideMenuCollapsedLangAsInSettingsLingua_18-50-13] Element found and ready (attempt 1): By.xpath: //ytd-topbar-menu-button-renderer[@class='style-scope ytd-masthead style-default']
18:53:22 [TestNG-test-Yt Master Tests-2] INFO  verifyingSideMenuCollapsedLangAsInSettingsLingua_18-50-13 - Clicking language dropdown...
18:53:22 [TestNG-test-Yt Master Tests-2] INFO  verifyingSideMenuCollapsedLangAsInSettingsLingua_18-50-13 - [verifyingSideMenuCollapsedLangAsInSettingsLingua_18-50-13] Trying to find element: By.xpath: (//div[@id='content-icon'])[2]
18:53:23 [TestNG-test-Yt Master Tests-2] INFO  verifyingSideMenuCollapsedLangAsInSettingsLingua_18-50-13 - [verifyingSideMenuCollapsedLangAsInSettingsLingua_18-50-13] Element found and ready (attempt 1): By.xpath: (//div[@id='content-icon'])[2]
18:53:23 [TestNG-test-Yt Master Tests-2] INFO  verifyingSideMenuCollapsedLangAsInSettingsLingua_18-50-13 - Looking for language element with name: Հայերեն
18:53:23 [TestNG-test-Yt Master Tests-2] INFO  verifyingSideMenuCollapsedLangAsInSettingsLingua_18-50-13 - [verifyingSideMenuCollapsedLangAsInSettingsLingua_18-50-13] Trying to find element: By.xpath: //yt-multi-page-menu-section-renderer[@class='style-scope ytd-multi-page-menu-renderer']//yt-formatted-string[@id='label' and text()='Հայերեն']
18:53:23 [TestNG-test-Yt Master Tests-2] INFO  verifyingSideMenuCollapsedLangAsInSettingsLingua_18-50-13 - [verifyingSideMenuCollapsedLangAsInSettingsLingua_18-50-13] Element found and ready (attempt 1): By.xpath: //yt-multi-page-menu-section-renderer[@class='style-scope ytd-multi-page-menu-renderer']//yt-formatted-string[@id='label' and text()='Հայերեն']
18:53:23 [TestNG-test-Yt Master Tests-2] INFO  verifyingSideMenuCollapsedLangAsInSettingsLingua_18-50-13 - [verifyingSideMenuCollapsedLangAsInSettingsLingua_18-50-13] Trying to find element: By.xpath: //yt-multi-page-menu-section-renderer[@class='style-scope ytd-multi-page-menu-renderer']//yt-formatted-string[@id='label' and text()='Հայերեն']
18:53:23 [TestNG-test-Yt Master Tests-2] INFO  verifyingSideMenuCollapsedLangAsInSettingsLingua_18-50-13 - [verifyingSideMenuCollapsedLangAsInSettingsLingua_18-50-13] Element found and ready (attempt 1): By.xpath: //yt-multi-page-menu-section-renderer[@class='style-scope ytd-multi-page-menu-renderer']//yt-formatted-string[@id='label' and text()='Հայերեն']
18:53:24 [TestNG-test-Yt Master Tests-2] INFO  verifyingSideMenuCollapsedLangAsInSettingsLingua_18-50-13 - Clicking settings ellipses button...
18:53:25 [TestNG-test-Yt Master Tests-2] INFO  verifyingSideMenuCollapsedLangAsInSettingsLingua_18-50-13 - [verifyingSideMenuCollapsedLangAsInSettingsLingua_18-50-13] Trying to find element: By.xpath: //ytd-topbar-menu-button-renderer[@class='style-scope ytd-masthead style-default']
18:53:25 [TestNG-test-Yt Master Tests-2] INFO  verifyingSideMenuCollapsedLangAsInSettingsLingua_18-50-13 - [verifyingSideMenuCollapsedLangAsInSettingsLingua_18-50-13] Element found and ready (attempt 1): By.xpath: //ytd-topbar-menu-button-renderer[@class='style-scope ytd-masthead style-default']
18:53:25 [TestNG-test-Yt Master Tests-2] INFO  verifyingSideMenuCollapsedLangAsInSettingsLingua_18-50-13 - [verifyingSideMenuCollapsedLangAsInSettingsLingua_18-50-13] Waiting until element is visible in viewport
18:53:25 [TestNG-test-Yt Master Tests-2] INFO  verifyingSideMenuCollapsedLangAsInSettingsLingua_18-50-13 - Clicking settings ellipses button...
18:53:25 [TestNG-test-Yt Master Tests-2] INFO  verifyingSideMenuCollapsedLangAsInSettingsLingua_18-50-13 - [verifyingSideMenuCollapsedLangAsInSettingsLingua_18-50-13] Trying to find element: By.xpath: //ytd-topbar-menu-button-renderer[@class='style-scope ytd-masthead style-default']
18:53:25 [TestNG-test-Yt Master Tests-2] INFO  verifyingSideMenuCollapsedLangAsInSettingsLingua_18-50-13 - [verifyingSideMenuCollapsedLangAsInSettingsLingua_18-50-13] Element found and ready (attempt 1): By.xpath: //ytd-topbar-menu-button-renderer[@class='style-scope ytd-masthead style-default']
18:53:26 [TestNG-test-Yt Master Tests-2] INFO  verifyingSideMenuCollapsedLangAsInSettingsLingua_18-50-13 - getLangAttribute() - locating <html> and reading lang property
18:53:26 [TestNG-test-Yt Master Tests-2] INFO  verifyingSideMenuCollapsedLangAsInSettingsLingua_18-50-13 - Language attribute read: hy-AM
18:53:26 [TestNG-test-Yt Master Tests-2] INFO  verifyingSideMenuCollapsedLangAsInSettingsLingua_18-50-13 - Fetching the side menu in collapsed view
18:53:26 [TestNG-test-Yt Master Tests-2] INFO  verifyingSideMenuCollapsedLangAsInSettingsLingua_18-50-13 - [verifyingSideMenuCollapsedLangAsInSettingsLingua_18-50-13] Finding elements list: By.xpath: //ytd-mini-guide-renderer[@class='style-scope ytd-app']//ytd-mini-guide-entry-renderer
18:53:26 [TestNG-test-Yt Master Tests-2] INFO  verifyingSideMenuCollapsedLangAsInSettingsLingua_18-50-13 - [verifyingSideMenuCollapsedLangAsInSettingsLingua_18-50-13] Found 4 ready elements (attempt 1): By.xpath: //ytd-mini-guide-renderer[@class='style-scope ytd-app']//ytd-mini-guide-entry-renderer
18:53:26 [TestNG-test-Yt Master Tests-2] INFO  verifyingSideMenuCollapsedLangAsInSettingsLingua_18-50-13 - 
========== LANGUAGE DETECTION ==========
Detected Language : ARMENIAN
Input Text        : Սկիզբ Shorts Հետևում եմ Դուք
========================================
18:53:26 [TestNG-test-Yt Master Tests-2] INFO  verifyingSideMenuCollapsedLangAsInSettingsLingua_18-50-13 - text sent to lingua is       Սկիզբ Shorts Հետևում եմ Դուք
18:53:26 [TestNG-test-Yt Master Tests-2] INFO  verifyingSideMenuCollapsedLangAsInSettingsLingua_18-50-13 - getLangAttribute() - locating <html> and reading lang property
18:53:26 [TestNG-test-Yt Master Tests-2] INFO  verifyingSideMenuCollapsedLangAsInSettingsLingua_18-50-13 - Language attribute read: hy-AM
18:53:26 [TestNG-test-Yt Master Tests-2] INFO  verifyingSideMenuCollapsedLangAsInSettingsLingua_18-50-13 - Clicking settings ellipses button...
18:53:26 [TestNG-test-Yt Master Tests-2] INFO  verifyingSideMenuCollapsedLangAsInSettingsLingua_18-50-13 - [verifyingSideMenuCollapsedLangAsInSettingsLingua_18-50-13] Trying to find element: By.xpath: //ytd-topbar-menu-button-renderer[@class='style-scope ytd-masthead style-default']
18:53:26 [TestNG-test-Yt Master Tests-2] INFO  verifyingSideMenuCollapsedLangAsInSettingsLingua_18-50-13 - [verifyingSideMenuCollapsedLangAsInSettingsLingua_18-50-13] Element found and ready (attempt 1): By.xpath: //ytd-topbar-menu-button-renderer[@class='style-scope ytd-masthead style-default']
18:53:26 [TestNG-test-Yt Master Tests-2] INFO  verifyingSideMenuCollapsedLangAsInSettingsLingua_18-50-13 - Clicking language dropdown...
18:53:26 [TestNG-test-Yt Master Tests-2] INFO  verifyingSideMenuCollapsedLangAsInSettingsLingua_18-50-13 - [verifyingSideMenuCollapsedLangAsInSettingsLingua_18-50-13] Trying to find element: By.xpath: (//div[@id='content-icon'])[2]
18:53:27 [TestNG-test-Yt Master Tests-2] INFO  verifyingSideMenuCollapsedLangAsInSettingsLingua_18-50-13 - [verifyingSideMenuCollapsedLangAsInSettingsLingua_18-50-13] Element found and ready (attempt 1): By.xpath: (//div[@id='content-icon'])[2]
18:53:28 [TestNG-test-Yt Master Tests-2] INFO  verifyingSideMenuCollapsedLangAsInSettingsLingua_18-50-13 - Looking for language element with name: עברית
18:53:28 [TestNG-test-Yt Master Tests-2] INFO  verifyingSideMenuCollapsedLangAsInSettingsLingua_18-50-13 - [verifyingSideMenuCollapsedLangAsInSettingsLingua_18-50-13] Trying to find element: By.xpath: //yt-multi-page-menu-section-renderer[@class='style-scope ytd-multi-page-menu-renderer']//yt-formatted-string[@id='label' and text()='עברית']
18:53:28 [TestNG-test-Yt Master Tests-2] INFO  verifyingSideMenuCollapsedLangAsInSettingsLingua_18-50-13 - [verifyingSideMenuCollapsedLangAsInSettingsLingua_18-50-13] Element found and ready (attempt 1): By.xpath: //yt-multi-page-menu-section-renderer[@class='style-scope ytd-multi-page-menu-renderer']//yt-formatted-string[@id='label' and text()='עברית']
18:53:28 [TestNG-test-Yt Master Tests-2] INFO  verifyingSideMenuCollapsedLangAsInSettingsLingua_18-50-13 - [verifyingSideMenuCollapsedLangAsInSettingsLingua_18-50-13] Trying to find element: By.xpath: //yt-multi-page-menu-section-renderer[@class='style-scope ytd-multi-page-menu-renderer']//yt-formatted-string[@id='label' and text()='עברית']
18:53:28 [TestNG-test-Yt Master Tests-2] INFO  verifyingSideMenuCollapsedLangAsInSettingsLingua_18-50-13 - [verifyingSideMenuCollapsedLangAsInSettingsLingua_18-50-13] Element found and ready (attempt 1): By.xpath: //yt-multi-page-menu-section-renderer[@class='style-scope ytd-multi-page-menu-renderer']//yt-formatted-string[@id='label' and text()='עברית']
18:53:29 [TestNG-test-Yt Master Tests-2] INFO  verifyingSideMenuCollapsedLangAsInSettingsLingua_18-50-13 - Clicking settings ellipses button...
18:53:29 [TestNG-test-Yt Master Tests-2] INFO  verifyingSideMenuCollapsedLangAsInSettingsLingua_18-50-13 - [verifyingSideMenuCollapsedLangAsInSettingsLingua_18-50-13] Trying to find element: By.xpath: //ytd-topbar-menu-button-renderer[@class='style-scope ytd-masthead style-default']
18:53:29 [TestNG-test-Yt Master Tests-2] INFO  verifyingSideMenuCollapsedLangAsInSettingsLingua_18-50-13 - [verifyingSideMenuCollapsedLangAsInSettingsLingua_18-50-13] Element found and ready (attempt 1): By.xpath: //ytd-topbar-menu-button-renderer[@class='style-scope ytd-masthead style-default']
18:53:30 [TestNG-test-Yt Master Tests-2] INFO  verifyingSideMenuCollapsedLangAsInSettingsLingua_18-50-13 - [verifyingSideMenuCollapsedLangAsInSettingsLingua_18-50-13] Waiting until element is visible in viewport
18:53:30 [TestNG-test-Yt Master Tests-2] INFO  verifyingSideMenuCollapsedLangAsInSettingsLingua_18-50-13 - Clicking settings ellipses button...
18:53:30 [TestNG-test-Yt Master Tests-2] INFO  verifyingSideMenuCollapsedLangAsInSettingsLingua_18-50-13 - [verifyingSideMenuCollapsedLangAsInSettingsLingua_18-50-13] Trying to find element: By.xpath: //ytd-topbar-menu-button-renderer[@class='style-scope ytd-masthead style-default']
18:53:30 [TestNG-test-Yt Master Tests-2] INFO  verifyingSideMenuCollapsedLangAsInSettingsLingua_18-50-13 - [verifyingSideMenuCollapsedLangAsInSettingsLingua_18-50-13] Element found and ready (attempt 1): By.xpath: //ytd-topbar-menu-button-renderer[@class='style-scope ytd-masthead style-default']
18:53:30 [TestNG-test-Yt Master Tests-2] INFO  verifyingSideMenuCollapsedLangAsInSettingsLingua_18-50-13 - getLangAttribute() - locating <html> and reading lang property
18:53:30 [TestNG-test-Yt Master Tests-2] INFO  verifyingSideMenuCollapsedLangAsInSettingsLingua_18-50-13 - Language attribute read: he-IL
18:53:30 [TestNG-test-Yt Master Tests-2] INFO  verifyingSideMenuCollapsedLangAsInSettingsLingua_18-50-13 - Fetching the side menu in collapsed view
18:53:30 [TestNG-test-Yt Master Tests-2] INFO  verifyingSideMenuCollapsedLangAsInSettingsLingua_18-50-13 - [verifyingSideMenuCollapsedLangAsInSettingsLingua_18-50-13] Finding elements list: By.xpath: //ytd-mini-guide-renderer[@class='style-scope ytd-app']//ytd-mini-guide-entry-renderer
18:53:30 [TestNG-test-Yt Master Tests-2] INFO  verifyingSideMenuCollapsedLangAsInSettingsLingua_18-50-13 - [verifyingSideMenuCollapsedLangAsInSettingsLingua_18-50-13] Found 4 ready elements (attempt 1): By.xpath: //ytd-mini-guide-renderer[@class='style-scope ytd-app']//ytd-mini-guide-entry-renderer
18:53:30 [TestNG-test-Yt Master Tests-2] INFO  verifyingSideMenuCollapsedLangAsInSettingsLingua_18-50-13 - 
========== LANGUAGE DETECTION ==========
Detected Language : HEBREW
Input Text        : דף הבית Shorts מינויים הדף שלי
========================================
18:53:30 [TestNG-test-Yt Master Tests-2] INFO  verifyingSideMenuCollapsedLangAsInSettingsLingua_18-50-13 - text sent to lingua is       דף הבית Shorts מינויים הדף שלי
18:53:30 [TestNG-test-Yt Master Tests-2] INFO  verifyingSideMenuCollapsedLangAsInSettingsLingua_18-50-13 - getLangAttribute() - locating <html> and reading lang property
18:53:30 [TestNG-test-Yt Master Tests-2] INFO  verifyingSideMenuCollapsedLangAsInSettingsLingua_18-50-13 - Language attribute read: he-IL
18:53:30 [TestNG-test-Yt Master Tests-2] INFO  verifyingSideMenuCollapsedLangAsInSettingsLingua_18-50-13 - Clicking settings ellipses button...
18:53:30 [TestNG-test-Yt Master Tests-2] INFO  verifyingSideMenuCollapsedLangAsInSettingsLingua_18-50-13 - [verifyingSideMenuCollapsedLangAsInSettingsLingua_18-50-13] Trying to find element: By.xpath: //ytd-topbar-menu-button-renderer[@class='style-scope ytd-masthead style-default']
18:53:31 [TestNG-test-Yt Master Tests-2] INFO  verifyingSideMenuCollapsedLangAsInSettingsLingua_18-50-13 - [verifyingSideMenuCollapsedLangAsInSettingsLingua_18-50-13] Element found and ready (attempt 1): By.xpath: //ytd-topbar-menu-button-renderer[@class='style-scope ytd-masthead style-default']
18:53:31 [TestNG-test-Yt Master Tests-2] INFO  verifyingSideMenuCollapsedLangAsInSettingsLingua_18-50-13 - Clicking language dropdown...
18:53:31 [TestNG-test-Yt Master Tests-2] INFO  verifyingSideMenuCollapsedLangAsInSettingsLingua_18-50-13 - [verifyingSideMenuCollapsedLangAsInSettingsLingua_18-50-13] Trying to find element: By.xpath: (//div[@id='content-icon'])[2]
18:53:31 [TestNG-test-Yt Master Tests-2] INFO  verifyingSideMenuCollapsedLangAsInSettingsLingua_18-50-13 - [verifyingSideMenuCollapsedLangAsInSettingsLingua_18-50-13] Element found and ready (attempt 1): By.xpath: (//div[@id='content-icon'])[2]
18:53:32 [TestNG-test-Yt Master Tests-2] INFO  verifyingSideMenuCollapsedLangAsInSettingsLingua_18-50-13 - Looking for language element with name: العربية
18:53:32 [TestNG-test-Yt Master Tests-2] INFO  verifyingSideMenuCollapsedLangAsInSettingsLingua_18-50-13 - [verifyingSideMenuCollapsedLangAsInSettingsLingua_18-50-13] Trying to find element: By.xpath: //yt-multi-page-menu-section-renderer[@class='style-scope ytd-multi-page-menu-renderer']//yt-formatted-string[@id='label' and text()='العربية']
18:53:32 [TestNG-test-Yt Master Tests-2] INFO  verifyingSideMenuCollapsedLangAsInSettingsLingua_18-50-13 - [verifyingSideMenuCollapsedLangAsInSettingsLingua_18-50-13] Element found and ready (attempt 1): By.xpath: //yt-multi-page-menu-section-renderer[@class='style-scope ytd-multi-page-menu-renderer']//yt-formatted-string[@id='label' and text()='العربية']
18:53:32 [TestNG-test-Yt Master Tests-2] INFO  verifyingSideMenuCollapsedLangAsInSettingsLingua_18-50-13 - [verifyingSideMenuCollapsedLangAsInSettingsLingua_18-50-13] Trying to find element: By.xpath: //yt-multi-page-menu-section-renderer[@class='style-scope ytd-multi-page-menu-renderer']//yt-formatted-string[@id='label' and text()='العربية']
18:53:32 [TestNG-test-Yt Master Tests-2] INFO  verifyingSideMenuCollapsedLangAsInSettingsLingua_18-50-13 - [verifyingSideMenuCollapsedLangAsInSettingsLingua_18-50-13] Element found and ready (attempt 1): By.xpath: //yt-multi-page-menu-section-renderer[@class='style-scope ytd-multi-page-menu-renderer']//yt-formatted-string[@id='label' and text()='العربية']
18:53:34 [TestNG-test-Yt Master Tests-2] INFO  verifyingSideMenuCollapsedLangAsInSettingsLingua_18-50-13 - Clicking settings ellipses button...
18:53:34 [TestNG-test-Yt Master Tests-2] INFO  verifyingSideMenuCollapsedLangAsInSettingsLingua_18-50-13 - [verifyingSideMenuCollapsedLangAsInSettingsLingua_18-50-13] Trying to find element: By.xpath: //ytd-topbar-menu-button-renderer[@class='style-scope ytd-masthead style-default']
18:53:34 [TestNG-test-Yt Master Tests-2] INFO  verifyingSideMenuCollapsedLangAsInSettingsLingua_18-50-13 - [verifyingSideMenuCollapsedLangAsInSettingsLingua_18-50-13] Element found and ready (attempt 1): By.xpath: //ytd-topbar-menu-button-renderer[@class='style-scope ytd-masthead style-default']
18:53:35 [TestNG-test-Yt Master Tests-2] INFO  verifyingSideMenuCollapsedLangAsInSettingsLingua_18-50-13 - [verifyingSideMenuCollapsedLangAsInSettingsLingua_18-50-13] Waiting until element is visible in viewport
18:53:35 [TestNG-test-Yt Master Tests-2] INFO  verifyingSideMenuCollapsedLangAsInSettingsLingua_18-50-13 - Clicking settings ellipses button...
18:53:35 [TestNG-test-Yt Master Tests-2] INFO  verifyingSideMenuCollapsedLangAsInSettingsLingua_18-50-13 - [verifyingSideMenuCollapsedLangAsInSettingsLingua_18-50-13] Trying to find element: By.xpath: //ytd-topbar-menu-button-renderer[@class='style-scope ytd-masthead style-default']
18:53:35 [TestNG-test-Yt Master Tests-2] INFO  verifyingSideMenuCollapsedLangAsInSettingsLingua_18-50-13 - [verifyingSideMenuCollapsedLangAsInSettingsLingua_18-50-13] Element found and ready (attempt 1): By.xpath: //ytd-topbar-menu-button-renderer[@class='style-scope ytd-masthead style-default']
18:53:35 [TestNG-test-Yt Master Tests-2] INFO  verifyingSideMenuCollapsedLangAsInSettingsLingua_18-50-13 - getLangAttribute() - locating <html> and reading lang property
18:53:35 [TestNG-test-Yt Master Tests-2] INFO  verifyingSideMenuCollapsedLangAsInSettingsLingua_18-50-13 - Language attribute read: ar
18:53:35 [TestNG-test-Yt Master Tests-2] INFO  verifyingSideMenuCollapsedLangAsInSettingsLingua_18-50-13 - Fetching the side menu in collapsed view
18:53:35 [TestNG-test-Yt Master Tests-2] INFO  verifyingSideMenuCollapsedLangAsInSettingsLingua_18-50-13 - [verifyingSideMenuCollapsedLangAsInSettingsLingua_18-50-13] Finding elements list: By.xpath: //ytd-mini-guide-renderer[@class='style-scope ytd-app']//ytd-mini-guide-entry-renderer
18:53:35 [TestNG-test-Yt Master Tests-2] INFO  verifyingSideMenuCollapsedLangAsInSettingsLingua_18-50-13 - [verifyingSideMenuCollapsedLangAsInSettingsLingua_18-50-13] Found 4 ready elements (attempt 1): By.xpath: //ytd-mini-guide-renderer[@class='style-scope ytd-app']//ytd-mini-guide-entry-renderer
18:53:36 [TestNG-test-Yt Master Tests-2] INFO  verifyingSideMenuCollapsedLangAsInSettingsLingua_18-50-13 - 
========== LANGUAGE DETECTION ==========
Detected Language : ARABIC
Input Text        : الصفحة الرئيسية Shorts الاشتراكات أنت
========================================
18:53:36 [TestNG-test-Yt Master Tests-2] INFO  verifyingSideMenuCollapsedLangAsInSettingsLingua_18-50-13 - text sent to lingua is       الصفحة الرئيسية Shorts الاشتراكات أنت
18:53:36 [TestNG-test-Yt Master Tests-2] INFO  verifyingSideMenuCollapsedLangAsInSettingsLingua_18-50-13 - getLangAttribute() - locating <html> and reading lang property
18:53:36 [TestNG-test-Yt Master Tests-2] INFO  verifyingSideMenuCollapsedLangAsInSettingsLingua_18-50-13 - Language attribute read: ar
18:53:36 [TestNG-test-Yt Master Tests-2] INFO  verifyingSideMenuCollapsedLangAsInSettingsLingua_18-50-13 - Clicking settings ellipses button...
18:53:36 [TestNG-test-Yt Master Tests-2] INFO  verifyingSideMenuCollapsedLangAsInSettingsLingua_18-50-13 - [verifyingSideMenuCollapsedLangAsInSettingsLingua_18-50-13] Trying to find element: By.xpath: //ytd-topbar-menu-button-renderer[@class='style-scope ytd-masthead style-default']
18:53:36 [TestNG-test-Yt Master Tests-2] INFO  verifyingSideMenuCollapsedLangAsInSettingsLingua_18-50-13 - [verifyingSideMenuCollapsedLangAsInSettingsLingua_18-50-13] Element found and ready (attempt 1): By.xpath: //ytd-topbar-menu-button-renderer[@class='style-scope ytd-masthead style-default']
18:53:36 [TestNG-test-Yt Master Tests-2] INFO  verifyingSideMenuCollapsedLangAsInSettingsLingua_18-50-13 - Clicking language dropdown...
18:53:36 [TestNG-test-Yt Master Tests-2] INFO  verifyingSideMenuCollapsedLangAsInSettingsLingua_18-50-13 - [verifyingSideMenuCollapsedLangAsInSettingsLingua_18-50-13] Trying to find element: By.xpath: (//div[@id='content-icon'])[2]
18:53:36 [TestNG-test-Yt Master Tests-2] INFO  verifyingSideMenuCollapsedLangAsInSettingsLingua_18-50-13 - [verifyingSideMenuCollapsedLangAsInSettingsLingua_18-50-13] Element found and ready (attempt 1): By.xpath: (//div[@id='content-icon'])[2]
18:53:37 [TestNG-test-Yt Master Tests-2] INFO  verifyingSideMenuCollapsedLangAsInSettingsLingua_18-50-13 - Looking for language element with name: فارسی
18:53:37 [TestNG-test-Yt Master Tests-2] INFO  verifyingSideMenuCollapsedLangAsInSettingsLingua_18-50-13 - [verifyingSideMenuCollapsedLangAsInSettingsLingua_18-50-13] Trying to find element: By.xpath: //yt-multi-page-menu-section-renderer[@class='style-scope ytd-multi-page-menu-renderer']//yt-formatted-string[@id='label' and text()='فارسی']
18:53:37 [TestNG-test-Yt Master Tests-2] INFO  verifyingSideMenuCollapsedLangAsInSettingsLingua_18-50-13 - [verifyingSideMenuCollapsedLangAsInSettingsLingua_18-50-13] Element found and ready (attempt 1): By.xpath: //yt-multi-page-menu-section-renderer[@class='style-scope ytd-multi-page-menu-renderer']//yt-formatted-string[@id='label' and text()='فارسی']
18:53:37 [TestNG-test-Yt Master Tests-2] INFO  verifyingSideMenuCollapsedLangAsInSettingsLingua_18-50-13 - [verifyingSideMenuCollapsedLangAsInSettingsLingua_18-50-13] Trying to find element: By.xpath: //yt-multi-page-menu-section-renderer[@class='style-scope ytd-multi-page-menu-renderer']//yt-formatted-string[@id='label' and text()='فارسی']
18:53:37 [TestNG-test-Yt Master Tests-2] INFO  verifyingSideMenuCollapsedLangAsInSettingsLingua_18-50-13 - [verifyingSideMenuCollapsedLangAsInSettingsLingua_18-50-13] Element found and ready (attempt 1): By.xpath: //yt-multi-page-menu-section-renderer[@class='style-scope ytd-multi-page-menu-renderer']//yt-formatted-string[@id='label' and text()='فارسی']
18:53:39 [TestNG-test-Yt Master Tests-2] INFO  verifyingSideMenuCollapsedLangAsInSettingsLingua_18-50-13 - Clicking settings ellipses button...
18:53:39 [TestNG-test-Yt Master Tests-2] INFO  verifyingSideMenuCollapsedLangAsInSettingsLingua_18-50-13 - [verifyingSideMenuCollapsedLangAsInSettingsLingua_18-50-13] Trying to find element: By.xpath: //ytd-topbar-menu-button-renderer[@class='style-scope ytd-masthead style-default']
18:53:39 [TestNG-test-Yt Master Tests-2] INFO  verifyingSideMenuCollapsedLangAsInSettingsLingua_18-50-13 - [verifyingSideMenuCollapsedLangAsInSettingsLingua_18-50-13] Element found and ready (attempt 1): By.xpath: //ytd-topbar-menu-button-renderer[@class='style-scope ytd-masthead style-default']
18:53:39 [TestNG-test-Yt Master Tests-2] INFO  verifyingSideMenuCollapsedLangAsInSettingsLingua_18-50-13 - [verifyingSideMenuCollapsedLangAsInSettingsLingua_18-50-13] Waiting until element is visible in viewport
18:53:40 [TestNG-test-Yt Master Tests-2] INFO  verifyingSideMenuCollapsedLangAsInSettingsLingua_18-50-13 - Clicking settings ellipses button...
18:53:40 [TestNG-test-Yt Master Tests-2] INFO  verifyingSideMenuCollapsedLangAsInSettingsLingua_18-50-13 - [verifyingSideMenuCollapsedLangAsInSettingsLingua_18-50-13] Trying to find element: By.xpath: //ytd-topbar-menu-button-renderer[@class='style-scope ytd-masthead style-default']
18:53:40 [TestNG-test-Yt Master Tests-2] INFO  verifyingSideMenuCollapsedLangAsInSettingsLingua_18-50-13 - [verifyingSideMenuCollapsedLangAsInSettingsLingua_18-50-13] Element found and ready (attempt 1): By.xpath: //ytd-topbar-menu-button-renderer[@class='style-scope ytd-masthead style-default']
18:53:40 [TestNG-test-Yt Master Tests-2] INFO  verifyingSideMenuCollapsedLangAsInSettingsLingua_18-50-13 - getLangAttribute() - locating <html> and reading lang property
18:53:40 [TestNG-test-Yt Master Tests-2] INFO  verifyingSideMenuCollapsedLangAsInSettingsLingua_18-50-13 - Language attribute read: fa-IR
18:53:40 [TestNG-test-Yt Master Tests-2] INFO  verifyingSideMenuCollapsedLangAsInSettingsLingua_18-50-13 - Fetching the side menu in collapsed view
18:53:40 [TestNG-test-Yt Master Tests-2] INFO  verifyingSideMenuCollapsedLangAsInSettingsLingua_18-50-13 - [verifyingSideMenuCollapsedLangAsInSettingsLingua_18-50-13] Finding elements list: By.xpath: //ytd-mini-guide-renderer[@class='style-scope ytd-app']//ytd-mini-guide-entry-renderer
18:53:40 [TestNG-test-Yt Master Tests-2] INFO  verifyingSideMenuCollapsedLangAsInSettingsLingua_18-50-13 - [verifyingSideMenuCollapsedLangAsInSettingsLingua_18-50-13] Found 4 ready elements (attempt 1): By.xpath: //ytd-mini-guide-renderer[@class='style-scope ytd-app']//ytd-mini-guide-entry-renderer
18:53:40 [TestNG-test-Yt Master Tests-2] INFO  verifyingSideMenuCollapsedLangAsInSettingsLingua_18-50-13 - 
========== LANGUAGE DETECTION ==========
Detected Language : PERSIAN
Input Text        : صفحه اصلی کوته‌ویدیوهای YouTube اشتراک‌ها شما
========================================
18:53:40 [TestNG-test-Yt Master Tests-2] INFO  verifyingSideMenuCollapsedLangAsInSettingsLingua_18-50-13 - text sent to lingua is       صفحه اصلی کوته‌ویدیوهای YouTube اشتراک‌ها شما
18:53:40 [TestNG-test-Yt Master Tests-2] INFO  verifyingSideMenuCollapsedLangAsInSettingsLingua_18-50-13 - getLangAttribute() - locating <html> and reading lang property
18:53:40 [TestNG-test-Yt Master Tests-2] INFO  verifyingSideMenuCollapsedLangAsInSettingsLingua_18-50-13 - Language attribute read: fa-IR
18:53:40 [TestNG-test-Yt Master Tests-2] INFO  verifyingSideMenuCollapsedLangAsInSettingsLingua_18-50-13 - Clicking settings ellipses button...
18:53:40 [TestNG-test-Yt Master Tests-2] INFO  verifyingSideMenuCollapsedLangAsInSettingsLingua_18-50-13 - [verifyingSideMenuCollapsedLangAsInSettingsLingua_18-50-13] Trying to find element: By.xpath: //ytd-topbar-menu-button-renderer[@class='style-scope ytd-masthead style-default']
18:53:40 [TestNG-test-Yt Master Tests-2] INFO  verifyingSideMenuCollapsedLangAsInSettingsLingua_18-50-13 - [verifyingSideMenuCollapsedLangAsInSettingsLingua_18-50-13] Element found and ready (attempt 1): By.xpath: //ytd-topbar-menu-button-renderer[@class='style-scope ytd-masthead style-default']
18:53:40 [TestNG-test-Yt Master Tests-2] INFO  verifyingSideMenuCollapsedLangAsInSettingsLingua_18-50-13 - Clicking language dropdown...
18:53:40 [TestNG-test-Yt Master Tests-2] INFO  verifyingSideMenuCollapsedLangAsInSettingsLingua_18-50-13 - [verifyingSideMenuCollapsedLangAsInSettingsLingua_18-50-13] Trying to find element: By.xpath: (//div[@id='content-icon'])[2]
18:53:41 [TestNG-test-Yt Master Tests-2] INFO  verifyingSideMenuCollapsedLangAsInSettingsLingua_18-50-13 - [verifyingSideMenuCollapsedLangAsInSettingsLingua_18-50-13] Element found and ready (attempt 1): By.xpath: (//div[@id='content-icon'])[2]
18:53:42 [TestNG-test-Yt Master Tests-2] INFO  verifyingSideMenuCollapsedLangAsInSettingsLingua_18-50-13 - Looking for language element with name: हिन्दी
18:53:42 [TestNG-test-Yt Master Tests-2] INFO  verifyingSideMenuCollapsedLangAsInSettingsLingua_18-50-13 - [verifyingSideMenuCollapsedLangAsInSettingsLingua_18-50-13] Trying to find element: By.xpath: //yt-multi-page-menu-section-renderer[@class='style-scope ytd-multi-page-menu-renderer']//yt-formatted-string[@id='label' and text()='हिन्दी']
18:53:42 [TestNG-test-Yt Master Tests-2] INFO  verifyingSideMenuCollapsedLangAsInSettingsLingua_18-50-13 - [verifyingSideMenuCollapsedLangAsInSettingsLingua_18-50-13] Element found and ready (attempt 1): By.xpath: //yt-multi-page-menu-section-renderer[@class='style-scope ytd-multi-page-menu-renderer']//yt-formatted-string[@id='label' and text()='हिन्दी']
18:53:42 [TestNG-test-Yt Master Tests-2] INFO  verifyingSideMenuCollapsedLangAsInSettingsLingua_18-50-13 - [verifyingSideMenuCollapsedLangAsInSettingsLingua_18-50-13] Trying to find element: By.xpath: //yt-multi-page-menu-section-renderer[@class='style-scope ytd-multi-page-menu-renderer']//yt-formatted-string[@id='label' and text()='हिन्दी']
18:53:42 [TestNG-test-Yt Master Tests-2] INFO  verifyingSideMenuCollapsedLangAsInSettingsLingua_18-50-13 - [verifyingSideMenuCollapsedLangAsInSettingsLingua_18-50-13] Element found and ready (attempt 1): By.xpath: //yt-multi-page-menu-section-renderer[@class='style-scope ytd-multi-page-menu-renderer']//yt-formatted-string[@id='label' and text()='हिन्दी']
18:53:43 [TestNG-test-Yt Master Tests-2] INFO  verifyingSideMenuCollapsedLangAsInSettingsLingua_18-50-13 - Clicking settings ellipses button...
18:53:44 [TestNG-test-Yt Master Tests-2] INFO  verifyingSideMenuCollapsedLangAsInSettingsLingua_18-50-13 - [verifyingSideMenuCollapsedLangAsInSettingsLingua_18-50-13] Trying to find element: By.xpath: //ytd-topbar-menu-button-renderer[@class='style-scope ytd-masthead style-default']
18:53:44 [TestNG-test-Yt Master Tests-2] INFO  verifyingSideMenuCollapsedLangAsInSettingsLingua_18-50-13 - [verifyingSideMenuCollapsedLangAsInSettingsLingua_18-50-13] Element found and ready (attempt 1): By.xpath: //ytd-topbar-menu-button-renderer[@class='style-scope ytd-masthead style-default']
18:53:45 [TestNG-test-Yt Master Tests-2] INFO  verifyingSideMenuCollapsedLangAsInSettingsLingua_18-50-13 - [verifyingSideMenuCollapsedLangAsInSettingsLingua_18-50-13] Waiting until element is visible in viewport
18:53:45 [TestNG-test-Yt Master Tests-2] INFO  verifyingSideMenuCollapsedLangAsInSettingsLingua_18-50-13 - Clicking settings ellipses button...
18:53:45 [TestNG-test-Yt Master Tests-2] INFO  verifyingSideMenuCollapsedLangAsInSettingsLingua_18-50-13 - [verifyingSideMenuCollapsedLangAsInSettingsLingua_18-50-13] Trying to find element: By.xpath: //ytd-topbar-menu-button-renderer[@class='style-scope ytd-masthead style-default']
18:53:45 [TestNG-test-Yt Master Tests-2] INFO  verifyingSideMenuCollapsedLangAsInSettingsLingua_18-50-13 - [verifyingSideMenuCollapsedLangAsInSettingsLingua_18-50-13] Element found and ready (attempt 1): By.xpath: //ytd-topbar-menu-button-renderer[@class='style-scope ytd-masthead style-default']
18:53:45 [TestNG-test-Yt Master Tests-2] INFO  verifyingSideMenuCollapsedLangAsInSettingsLingua_18-50-13 - getLangAttribute() - locating <html> and reading lang property
18:53:45 [TestNG-test-Yt Master Tests-2] INFO  verifyingSideMenuCollapsedLangAsInSettingsLingua_18-50-13 - Language attribute read: hi-IN
18:53:45 [TestNG-test-Yt Master Tests-2] INFO  verifyingSideMenuCollapsedLangAsInSettingsLingua_18-50-13 - Fetching the side menu in collapsed view
18:53:45 [TestNG-test-Yt Master Tests-2] INFO  verifyingSideMenuCollapsedLangAsInSettingsLingua_18-50-13 - [verifyingSideMenuCollapsedLangAsInSettingsLingua_18-50-13] Finding elements list: By.xpath: //ytd-mini-guide-renderer[@class='style-scope ytd-app']//ytd-mini-guide-entry-renderer
18:53:45 [TestNG-test-Yt Master Tests-2] INFO  verifyingSideMenuCollapsedLangAsInSettingsLingua_18-50-13 - [verifyingSideMenuCollapsedLangAsInSettingsLingua_18-50-13] Found 4 ready elements (attempt 1): By.xpath: //ytd-mini-guide-renderer[@class='style-scope ytd-app']//ytd-mini-guide-entry-renderer
18:53:45 [TestNG-test-Yt Master Tests-2] INFO  verifyingSideMenuCollapsedLangAsInSettingsLingua_18-50-13 - 
========== LANGUAGE DETECTION ==========
Detected Language : HINDI
Input Text        : होम पेज Shorts सदस्यता आप
========================================
18:53:45 [TestNG-test-Yt Master Tests-2] INFO  verifyingSideMenuCollapsedLangAsInSettingsLingua_18-50-13 - text sent to lingua is       होम पेज Shorts सदस्यता आप
18:53:45 [TestNG-test-Yt Master Tests-2] INFO  verifyingSideMenuCollapsedLangAsInSettingsLingua_18-50-13 - getLangAttribute() - locating <html> and reading lang property
18:53:45 [TestNG-test-Yt Master Tests-2] INFO  verifyingSideMenuCollapsedLangAsInSettingsLingua_18-50-13 - Language attribute read: hi-IN
18:53:45 [TestNG-test-Yt Master Tests-2] INFO  verifyingSideMenuCollapsedLangAsInSettingsLingua_18-50-13 - Clicking settings ellipses button...
18:53:45 [TestNG-test-Yt Master Tests-2] INFO  verifyingSideMenuCollapsedLangAsInSettingsLingua_18-50-13 - [verifyingSideMenuCollapsedLangAsInSettingsLingua_18-50-13] Trying to find element: By.xpath: //ytd-topbar-menu-button-renderer[@class='style-scope ytd-masthead style-default']
18:53:45 [TestNG-test-Yt Master Tests-2] INFO  verifyingSideMenuCollapsedLangAsInSettingsLingua_18-50-13 - [verifyingSideMenuCollapsedLangAsInSettingsLingua_18-50-13] Element found and ready (attempt 1): By.xpath: //ytd-topbar-menu-button-renderer[@class='style-scope ytd-masthead style-default']
18:53:45 [TestNG-test-Yt Master Tests-2] INFO  verifyingSideMenuCollapsedLangAsInSettingsLingua_18-50-13 - Clicking language dropdown...
18:53:45 [TestNG-test-Yt Master Tests-2] INFO  verifyingSideMenuCollapsedLangAsInSettingsLingua_18-50-13 - [verifyingSideMenuCollapsedLangAsInSettingsLingua_18-50-13] Trying to find element: By.xpath: (//div[@id='content-icon'])[2]
18:53:46 [TestNG-test-Yt Master Tests-2] INFO  verifyingSideMenuCollapsedLangAsInSettingsLingua_18-50-13 - [verifyingSideMenuCollapsedLangAsInSettingsLingua_18-50-13] Element found and ready (attempt 1): By.xpath: (//div[@id='content-icon'])[2]
18:53:46 [TestNG-test-Yt Master Tests-2] INFO  verifyingSideMenuCollapsedLangAsInSettingsLingua_18-50-13 - Looking for language element with name: বাংলা
18:53:46 [TestNG-test-Yt Master Tests-2] INFO  verifyingSideMenuCollapsedLangAsInSettingsLingua_18-50-13 - [verifyingSideMenuCollapsedLangAsInSettingsLingua_18-50-13] Trying to find element: By.xpath: //yt-multi-page-menu-section-renderer[@class='style-scope ytd-multi-page-menu-renderer']//yt-formatted-string[@id='label' and text()='বাংলা']
18:53:47 [TestNG-test-Yt Master Tests-2] INFO  verifyingSideMenuCollapsedLangAsInSettingsLingua_18-50-13 - [verifyingSideMenuCollapsedLangAsInSettingsLingua_18-50-13] Element found and ready (attempt 1): By.xpath: //yt-multi-page-menu-section-renderer[@class='style-scope ytd-multi-page-menu-renderer']//yt-formatted-string[@id='label' and text()='বাংলা']
18:53:47 [TestNG-test-Yt Master Tests-2] INFO  verifyingSideMenuCollapsedLangAsInSettingsLingua_18-50-13 - [verifyingSideMenuCollapsedLangAsInSettingsLingua_18-50-13] Trying to find element: By.xpath: //yt-multi-page-menu-section-renderer[@class='style-scope ytd-multi-page-menu-renderer']//yt-formatted-string[@id='label' and text()='বাংলা']
18:53:47 [TestNG-test-Yt Master Tests-2] INFO  verifyingSideMenuCollapsedLangAsInSettingsLingua_18-50-13 - [verifyingSideMenuCollapsedLangAsInSettingsLingua_18-50-13] Element found and ready (attempt 1): By.xpath: //yt-multi-page-menu-section-renderer[@class='style-scope ytd-multi-page-menu-renderer']//yt-formatted-string[@id='label' and text()='বাংলা']
18:53:49 [TestNG-test-Yt Master Tests-2] INFO  verifyingSideMenuCollapsedLangAsInSettingsLingua_18-50-13 - Clicking settings ellipses button...
18:53:49 [TestNG-test-Yt Master Tests-2] INFO  verifyingSideMenuCollapsedLangAsInSettingsLingua_18-50-13 - [verifyingSideMenuCollapsedLangAsInSettingsLingua_18-50-13] Trying to find element: By.xpath: //ytd-topbar-menu-button-renderer[@class='style-scope ytd-masthead style-default']
18:53:49 [TestNG-test-Yt Master Tests-2] INFO  verifyingSideMenuCollapsedLangAsInSettingsLingua_18-50-13 - [verifyingSideMenuCollapsedLangAsInSettingsLingua_18-50-13] Element found and ready (attempt 1): By.xpath: //ytd-topbar-menu-button-renderer[@class='style-scope ytd-masthead style-default']
18:53:50 [TestNG-test-Yt Master Tests-2] INFO  verifyingSideMenuCollapsedLangAsInSettingsLingua_18-50-13 - [verifyingSideMenuCollapsedLangAsInSettingsLingua_18-50-13] Waiting until element is visible in viewport
18:53:50 [TestNG-test-Yt Master Tests-2] INFO  verifyingSideMenuCollapsedLangAsInSettingsLingua_18-50-13 - Clicking settings ellipses button...
18:53:50 [TestNG-test-Yt Master Tests-2] INFO  verifyingSideMenuCollapsedLangAsInSettingsLingua_18-50-13 - [verifyingSideMenuCollapsedLangAsInSettingsLingua_18-50-13] Trying to find element: By.xpath: //ytd-topbar-menu-button-renderer[@class='style-scope ytd-masthead style-default']
18:53:50 [TestNG-test-Yt Master Tests-2] INFO  verifyingSideMenuCollapsedLangAsInSettingsLingua_18-50-13 - [verifyingSideMenuCollapsedLangAsInSettingsLingua_18-50-13] Element found and ready (attempt 1): By.xpath: //ytd-topbar-menu-button-renderer[@class='style-scope ytd-masthead style-default']
18:53:50 [TestNG-test-Yt Master Tests-2] INFO  verifyingSideMenuCollapsedLangAsInSettingsLingua_18-50-13 - getLangAttribute() - locating <html> and reading lang property
18:53:50 [TestNG-test-Yt Master Tests-2] INFO  verifyingSideMenuCollapsedLangAsInSettingsLingua_18-50-13 - Language attribute read: bn-BD
18:53:50 [TestNG-test-Yt Master Tests-2] INFO  verifyingSideMenuCollapsedLangAsInSettingsLingua_18-50-13 - Fetching the side menu in collapsed view
18:53:50 [TestNG-test-Yt Master Tests-2] INFO  verifyingSideMenuCollapsedLangAsInSettingsLingua_18-50-13 - [verifyingSideMenuCollapsedLangAsInSettingsLingua_18-50-13] Finding elements list: By.xpath: //ytd-mini-guide-renderer[@class='style-scope ytd-app']//ytd-mini-guide-entry-renderer
18:53:50 [TestNG-test-Yt Master Tests-2] INFO  verifyingSideMenuCollapsedLangAsInSettingsLingua_18-50-13 - [verifyingSideMenuCollapsedLangAsInSettingsLingua_18-50-13] Found 4 ready elements (attempt 1): By.xpath: //ytd-mini-guide-renderer[@class='style-scope ytd-app']//ytd-mini-guide-entry-renderer
18:53:50 [TestNG-test-Yt Master Tests-2] INFO  verifyingSideMenuCollapsedLangAsInSettingsLingua_18-50-13 - 
========== LANGUAGE DETECTION ==========
Detected Language : BENGALI
Input Text        : হোম Shorts সাবস্ক্রিপশন আপনি
========================================
18:53:50 [TestNG-test-Yt Master Tests-2] INFO  verifyingSideMenuCollapsedLangAsInSettingsLingua_18-50-13 - text sent to lingua is       হোম Shorts সাবস্ক্রিপশন আপনি
18:53:50 [TestNG-test-Yt Master Tests-2] INFO  verifyingSideMenuCollapsedLangAsInSettingsLingua_18-50-13 - getLangAttribute() - locating <html> and reading lang property
18:53:50 [TestNG-test-Yt Master Tests-2] INFO  verifyingSideMenuCollapsedLangAsInSettingsLingua_18-50-13 - Language attribute read: bn-BD
18:53:50 [TestNG-test-Yt Master Tests-2] INFO  verifyingSideMenuCollapsedLangAsInSettingsLingua_18-50-13 - Clicking settings ellipses button...
18:53:50 [TestNG-test-Yt Master Tests-2] INFO  verifyingSideMenuCollapsedLangAsInSettingsLingua_18-50-13 - [verifyingSideMenuCollapsedLangAsInSettingsLingua_18-50-13] Trying to find element: By.xpath: //ytd-topbar-menu-button-renderer[@class='style-scope ytd-masthead style-default']
18:53:50 [TestNG-test-Yt Master Tests-2] INFO  verifyingSideMenuCollapsedLangAsInSettingsLingua_18-50-13 - [verifyingSideMenuCollapsedLangAsInSettingsLingua_18-50-13] Element found and ready (attempt 1): By.xpath: //ytd-topbar-menu-button-renderer[@class='style-scope ytd-masthead style-default']
18:53:50 [TestNG-test-Yt Master Tests-2] INFO  verifyingSideMenuCollapsedLangAsInSettingsLingua_18-50-13 - Clicking language dropdown...
18:53:50 [TestNG-test-Yt Master Tests-2] INFO  verifyingSideMenuCollapsedLangAsInSettingsLingua_18-50-13 - [verifyingSideMenuCollapsedLangAsInSettingsLingua_18-50-13] Trying to find element: By.xpath: (//div[@id='content-icon'])[2]
18:53:51 [TestNG-test-Yt Master Tests-2] INFO  verifyingSideMenuCollapsedLangAsInSettingsLingua_18-50-13 - [verifyingSideMenuCollapsedLangAsInSettingsLingua_18-50-13] Element found and ready (attempt 1): By.xpath: (//div[@id='content-icon'])[2]
18:53:51 [TestNG-test-Yt Master Tests-2] INFO  verifyingSideMenuCollapsedLangAsInSettingsLingua_18-50-13 - Looking for language element with name: ਪੰਜਾਬੀ
18:53:51 [TestNG-test-Yt Master Tests-2] INFO  verifyingSideMenuCollapsedLangAsInSettingsLingua_18-50-13 - [verifyingSideMenuCollapsedLangAsInSettingsLingua_18-50-13] Trying to find element: By.xpath: //yt-multi-page-menu-section-renderer[@class='style-scope ytd-multi-page-menu-renderer']//yt-formatted-string[@id='label' and text()='ਪੰਜਾਬੀ']
18:53:52 [TestNG-test-Yt Master Tests-2] INFO  verifyingSideMenuCollapsedLangAsInSettingsLingua_18-50-13 - [verifyingSideMenuCollapsedLangAsInSettingsLingua_18-50-13] Element found and ready (attempt 1): By.xpath: //yt-multi-page-menu-section-renderer[@class='style-scope ytd-multi-page-menu-renderer']//yt-formatted-string[@id='label' and text()='ਪੰਜਾਬੀ']
18:53:52 [TestNG-test-Yt Master Tests-2] INFO  verifyingSideMenuCollapsedLangAsInSettingsLingua_18-50-13 - [verifyingSideMenuCollapsedLangAsInSettingsLingua_18-50-13] Trying to find element: By.xpath: //yt-multi-page-menu-section-renderer[@class='style-scope ytd-multi-page-menu-renderer']//yt-formatted-string[@id='label' and text()='ਪੰਜਾਬੀ']
18:53:52 [TestNG-test-Yt Master Tests-2] INFO  verifyingSideMenuCollapsedLangAsInSettingsLingua_18-50-13 - [verifyingSideMenuCollapsedLangAsInSettingsLingua_18-50-13] Element found and ready (attempt 1): By.xpath: //yt-multi-page-menu-section-renderer[@class='style-scope ytd-multi-page-menu-renderer']//yt-formatted-string[@id='label' and text()='ਪੰਜਾਬੀ']
18:53:54 [TestNG-test-Yt Master Tests-2] INFO  verifyingSideMenuCollapsedLangAsInSettingsLingua_18-50-13 - Clicking settings ellipses button...
18:53:54 [TestNG-test-Yt Master Tests-2] INFO  verifyingSideMenuCollapsedLangAsInSettingsLingua_18-50-13 - [verifyingSideMenuCollapsedLangAsInSettingsLingua_18-50-13] Trying to find element: By.xpath: //ytd-topbar-menu-button-renderer[@class='style-scope ytd-masthead style-default']
18:53:54 [TestNG-test-Yt Master Tests-2] INFO  verifyingSideMenuCollapsedLangAsInSettingsLingua_18-50-13 - [verifyingSideMenuCollapsedLangAsInSettingsLingua_18-50-13] Element found and ready (attempt 1): By.xpath: //ytd-topbar-menu-button-renderer[@class='style-scope ytd-masthead style-default']
18:53:54 [TestNG-test-Yt Master Tests-2] INFO  verifyingSideMenuCollapsedLangAsInSettingsLingua_18-50-13 - [verifyingSideMenuCollapsedLangAsInSettingsLingua_18-50-13] Waiting until element is visible in viewport
18:53:55 [TestNG-test-Yt Master Tests-2] INFO  verifyingSideMenuCollapsedLangAsInSettingsLingua_18-50-13 - Clicking settings ellipses button...
18:53:55 [TestNG-test-Yt Master Tests-2] INFO  verifyingSideMenuCollapsedLangAsInSettingsLingua_18-50-13 - [verifyingSideMenuCollapsedLangAsInSettingsLingua_18-50-13] Trying to find element: By.xpath: //ytd-topbar-menu-button-renderer[@class='style-scope ytd-masthead style-default']
18:53:55 [TestNG-test-Yt Master Tests-2] INFO  verifyingSideMenuCollapsedLangAsInSettingsLingua_18-50-13 - [verifyingSideMenuCollapsedLangAsInSettingsLingua_18-50-13] Element found and ready (attempt 1): By.xpath: //ytd-topbar-menu-button-renderer[@class='style-scope ytd-masthead style-default']
18:53:55 [TestNG-test-Yt Master Tests-2] INFO  verifyingSideMenuCollapsedLangAsInSettingsLingua_18-50-13 - getLangAttribute() - locating <html> and reading lang property
18:53:55 [TestNG-test-Yt Master Tests-2] INFO  verifyingSideMenuCollapsedLangAsInSettingsLingua_18-50-13 - Language attribute read: pa-Guru-IN
18:53:55 [TestNG-test-Yt Master Tests-2] INFO  verifyingSideMenuCollapsedLangAsInSettingsLingua_18-50-13 - Fetching the side menu in collapsed view
18:53:55 [TestNG-test-Yt Master Tests-2] INFO  verifyingSideMenuCollapsedLangAsInSettingsLingua_18-50-13 - [verifyingSideMenuCollapsedLangAsInSettingsLingua_18-50-13] Finding elements list: By.xpath: //ytd-mini-guide-renderer[@class='style-scope ytd-app']//ytd-mini-guide-entry-renderer
18:53:55 [TestNG-test-Yt Master Tests-2] INFO  verifyingSideMenuCollapsedLangAsInSettingsLingua_18-50-13 - [verifyingSideMenuCollapsedLangAsInSettingsLingua_18-50-13] Found 4 ready elements (attempt 1): By.xpath: //ytd-mini-guide-renderer[@class='style-scope ytd-app']//ytd-mini-guide-entry-renderer
18:53:55 [TestNG-test-Yt Master Tests-2] INFO  verifyingSideMenuCollapsedLangAsInSettingsLingua_18-50-13 - 
========== LANGUAGE DETECTION ==========
Detected Language : PUNJABI
Input Text        : ਹੋਮ Shorts ਸਬਸਕ੍ਰਿਪਸ਼ਨਾਂ ਤੁਸੀਂ
========================================
18:53:55 [TestNG-test-Yt Master Tests-2] INFO  verifyingSideMenuCollapsedLangAsInSettingsLingua_18-50-13 - text sent to lingua is       ਹੋਮ Shorts ਸਬਸਕ੍ਰਿਪਸ਼ਨਾਂ ਤੁਸੀਂ
18:53:55 [TestNG-test-Yt Master Tests-2] INFO  verifyingSideMenuCollapsedLangAsInSettingsLingua_18-50-13 - getLangAttribute() - locating <html> and reading lang property
18:53:55 [TestNG-test-Yt Master Tests-2] INFO  verifyingSideMenuCollapsedLangAsInSettingsLingua_18-50-13 - Language attribute read: pa-Guru-IN
18:53:55 [TestNG-test-Yt Master Tests-2] INFO  verifyingSideMenuCollapsedLangAsInSettingsLingua_18-50-13 - Clicking settings ellipses button...
18:53:55 [TestNG-test-Yt Master Tests-2] INFO  verifyingSideMenuCollapsedLangAsInSettingsLingua_18-50-13 - [verifyingSideMenuCollapsedLangAsInSettingsLingua_18-50-13] Trying to find element: By.xpath: //ytd-topbar-menu-button-renderer[@class='style-scope ytd-masthead style-default']
18:53:55 [TestNG-test-Yt Master Tests-2] INFO  verifyingSideMenuCollapsedLangAsInSettingsLingua_18-50-13 - [verifyingSideMenuCollapsedLangAsInSettingsLingua_18-50-13] Element found and ready (attempt 1): By.xpath: //ytd-topbar-menu-button-renderer[@class='style-scope ytd-masthead style-default']
18:53:55 [TestNG-test-Yt Master Tests-2] INFO  verifyingSideMenuCollapsedLangAsInSettingsLingua_18-50-13 - Clicking language dropdown...
18:53:55 [TestNG-test-Yt Master Tests-2] INFO  verifyingSideMenuCollapsedLangAsInSettingsLingua_18-50-13 - [verifyingSideMenuCollapsedLangAsInSettingsLingua_18-50-13] Trying to find element: By.xpath: (//div[@id='content-icon'])[2]
18:53:56 [TestNG-test-Yt Master Tests-2] INFO  verifyingSideMenuCollapsedLangAsInSettingsLingua_18-50-13 - [verifyingSideMenuCollapsedLangAsInSettingsLingua_18-50-13] Element found and ready (attempt 1): By.xpath: (//div[@id='content-icon'])[2]
18:53:56 [TestNG-test-Yt Master Tests-2] INFO  verifyingSideMenuCollapsedLangAsInSettingsLingua_18-50-13 - Looking for language element with name: ગુજરાતી
18:53:56 [TestNG-test-Yt Master Tests-2] INFO  verifyingSideMenuCollapsedLangAsInSettingsLingua_18-50-13 - [verifyingSideMenuCollapsedLangAsInSettingsLingua_18-50-13] Trying to find element: By.xpath: //yt-multi-page-menu-section-renderer[@class='style-scope ytd-multi-page-menu-renderer']//yt-formatted-string[@id='label' and text()='ગુજરાતી']
18:53:57 [TestNG-test-Yt Master Tests-2] INFO  verifyingSideMenuCollapsedLangAsInSettingsLingua_18-50-13 - [verifyingSideMenuCollapsedLangAsInSettingsLingua_18-50-13] Element found and ready (attempt 1): By.xpath: //yt-multi-page-menu-section-renderer[@class='style-scope ytd-multi-page-menu-renderer']//yt-formatted-string[@id='label' and text()='ગુજરાતી']
18:53:57 [TestNG-test-Yt Master Tests-2] INFO  verifyingSideMenuCollapsedLangAsInSettingsLingua_18-50-13 - [verifyingSideMenuCollapsedLangAsInSettingsLingua_18-50-13] Trying to find element: By.xpath: //yt-multi-page-menu-section-renderer[@class='style-scope ytd-multi-page-menu-renderer']//yt-formatted-string[@id='label' and text()='ગુજરાતી']
18:53:57 [TestNG-test-Yt Master Tests-2] INFO  verifyingSideMenuCollapsedLangAsInSettingsLingua_18-50-13 - [verifyingSideMenuCollapsedLangAsInSettingsLingua_18-50-13] Element found and ready (attempt 1): By.xpath: //yt-multi-page-menu-section-renderer[@class='style-scope ytd-multi-page-menu-renderer']//yt-formatted-string[@id='label' and text()='ગુજરાતી']
18:53:58 [TestNG-test-Yt Master Tests-2] INFO  verifyingSideMenuCollapsedLangAsInSettingsLingua_18-50-13 - Clicking settings ellipses button...
18:53:59 [TestNG-test-Yt Master Tests-2] INFO  verifyingSideMenuCollapsedLangAsInSettingsLingua_18-50-13 - [verifyingSideMenuCollapsedLangAsInSettingsLingua_18-50-13] Trying to find element: By.xpath: //ytd-topbar-menu-button-renderer[@class='style-scope ytd-masthead style-default']
18:53:59 [TestNG-test-Yt Master Tests-2] INFO  verifyingSideMenuCollapsedLangAsInSettingsLingua_18-50-13 - [verifyingSideMenuCollapsedLangAsInSettingsLingua_18-50-13] Element found and ready (attempt 1): By.xpath: //ytd-topbar-menu-button-renderer[@class='style-scope ytd-masthead style-default']
18:53:59 [TestNG-test-Yt Master Tests-2] INFO  verifyingSideMenuCollapsedLangAsInSettingsLingua_18-50-13 - [verifyingSideMenuCollapsedLangAsInSettingsLingua_18-50-13] Waiting until element is visible in viewport
18:54:00 [TestNG-test-Yt Master Tests-2] INFO  verifyingSideMenuCollapsedLangAsInSettingsLingua_18-50-13 - Clicking settings ellipses button...
18:54:00 [TestNG-test-Yt Master Tests-2] INFO  verifyingSideMenuCollapsedLangAsInSettingsLingua_18-50-13 - [verifyingSideMenuCollapsedLangAsInSettingsLingua_18-50-13] Trying to find element: By.xpath: //ytd-topbar-menu-button-renderer[@class='style-scope ytd-masthead style-default']
18:54:00 [TestNG-test-Yt Master Tests-2] INFO  verifyingSideMenuCollapsedLangAsInSettingsLingua_18-50-13 - [verifyingSideMenuCollapsedLangAsInSettingsLingua_18-50-13] Element found and ready (attempt 1): By.xpath: //ytd-topbar-menu-button-renderer[@class='style-scope ytd-masthead style-default']
18:54:00 [TestNG-test-Yt Master Tests-2] INFO  verifyingSideMenuCollapsedLangAsInSettingsLingua_18-50-13 - getLangAttribute() - locating <html> and reading lang property
18:54:00 [TestNG-test-Yt Master Tests-2] INFO  verifyingSideMenuCollapsedLangAsInSettingsLingua_18-50-13 - Language attribute read: gu-IN
18:54:00 [TestNG-test-Yt Master Tests-2] INFO  verifyingSideMenuCollapsedLangAsInSettingsLingua_18-50-13 - Fetching the side menu in collapsed view
18:54:00 [TestNG-test-Yt Master Tests-2] INFO  verifyingSideMenuCollapsedLangAsInSettingsLingua_18-50-13 - [verifyingSideMenuCollapsedLangAsInSettingsLingua_18-50-13] Finding elements list: By.xpath: //ytd-mini-guide-renderer[@class='style-scope ytd-app']//ytd-mini-guide-entry-renderer
18:54:00 [TestNG-test-Yt Master Tests-2] INFO  verifyingSideMenuCollapsedLangAsInSettingsLingua_18-50-13 - [verifyingSideMenuCollapsedLangAsInSettingsLingua_18-50-13] Found 4 ready elements (attempt 1): By.xpath: //ytd-mini-guide-renderer[@class='style-scope ytd-app']//ytd-mini-guide-entry-renderer
18:54:00 [TestNG-test-Yt Master Tests-2] INFO  verifyingSideMenuCollapsedLangAsInSettingsLingua_18-50-13 - 
========== LANGUAGE DETECTION ==========
Detected Language : GUJARATI
Input Text        : હોમ Shorts સબ્સ્ક્રિપ્શન તમે
========================================
18:54:00 [TestNG-test-Yt Master Tests-2] INFO  verifyingSideMenuCollapsedLangAsInSettingsLingua_18-50-13 - text sent to lingua is       હોમ Shorts સબ્સ્ક્રિપ્શન તમે
18:54:00 [TestNG-test-Yt Master Tests-2] INFO  verifyingSideMenuCollapsedLangAsInSettingsLingua_18-50-13 - getLangAttribute() - locating <html> and reading lang property
18:54:00 [TestNG-test-Yt Master Tests-2] INFO  verifyingSideMenuCollapsedLangAsInSettingsLingua_18-50-13 - Language attribute read: gu-IN
18:54:00 [TestNG-test-Yt Master Tests-2] INFO  verifyingSideMenuCollapsedLangAsInSettingsLingua_18-50-13 - Clicking settings ellipses button...
18:54:00 [TestNG-test-Yt Master Tests-2] INFO  verifyingSideMenuCollapsedLangAsInSettingsLingua_18-50-13 - [verifyingSideMenuCollapsedLangAsInSettingsLingua_18-50-13] Trying to find element: By.xpath: //ytd-topbar-menu-button-renderer[@class='style-scope ytd-masthead style-default']
18:54:00 [TestNG-test-Yt Master Tests-2] INFO  verifyingSideMenuCollapsedLangAsInSettingsLingua_18-50-13 - [verifyingSideMenuCollapsedLangAsInSettingsLingua_18-50-13] Element found and ready (attempt 1): By.xpath: //ytd-topbar-menu-button-renderer[@class='style-scope ytd-masthead style-default']
18:54:00 [TestNG-test-Yt Master Tests-2] INFO  verifyingSideMenuCollapsedLangAsInSettingsLingua_18-50-13 - Clicking language dropdown...
18:54:00 [TestNG-test-Yt Master Tests-2] INFO  verifyingSideMenuCollapsedLangAsInSettingsLingua_18-50-13 - [verifyingSideMenuCollapsedLangAsInSettingsLingua_18-50-13] Trying to find element: By.xpath: (//div[@id='content-icon'])[2]
18:54:01 [TestNG-test-Yt Master Tests-2] INFO  verifyingSideMenuCollapsedLangAsInSettingsLingua_18-50-13 - [verifyingSideMenuCollapsedLangAsInSettingsLingua_18-50-13] Element found and ready (attempt 1): By.xpath: (//div[@id='content-icon'])[2]
18:54:02 [TestNG-test-Yt Master Tests-2] INFO  verifyingSideMenuCollapsedLangAsInSettingsLingua_18-50-13 - Looking for language element with name: தமிழ்
18:54:02 [TestNG-test-Yt Master Tests-2] INFO  verifyingSideMenuCollapsedLangAsInSettingsLingua_18-50-13 - [verifyingSideMenuCollapsedLangAsInSettingsLingua_18-50-13] Trying to find element: By.xpath: //yt-multi-page-menu-section-renderer[@class='style-scope ytd-multi-page-menu-renderer']//yt-formatted-string[@id='label' and text()='தமிழ்']
18:54:02 [TestNG-test-Yt Master Tests-2] INFO  verifyingSideMenuCollapsedLangAsInSettingsLingua_18-50-13 - [verifyingSideMenuCollapsedLangAsInSettingsLingua_18-50-13] Element found and ready (attempt 1): By.xpath: //yt-multi-page-menu-section-renderer[@class='style-scope ytd-multi-page-menu-renderer']//yt-formatted-string[@id='label' and text()='தமிழ்']
18:54:02 [TestNG-test-Yt Master Tests-2] INFO  verifyingSideMenuCollapsedLangAsInSettingsLingua_18-50-13 - [verifyingSideMenuCollapsedLangAsInSettingsLingua_18-50-13] Trying to find element: By.xpath: //yt-multi-page-menu-section-renderer[@class='style-scope ytd-multi-page-menu-renderer']//yt-formatted-string[@id='label' and text()='தமிழ்']
18:54:02 [TestNG-test-Yt Master Tests-2] INFO  verifyingSideMenuCollapsedLangAsInSettingsLingua_18-50-13 - [verifyingSideMenuCollapsedLangAsInSettingsLingua_18-50-13] Element found and ready (attempt 1): By.xpath: //yt-multi-page-menu-section-renderer[@class='style-scope ytd-multi-page-menu-renderer']//yt-formatted-string[@id='label' and text()='தமிழ்']
18:54:03 [TestNG-test-Yt Master Tests-2] INFO  verifyingSideMenuCollapsedLangAsInSettingsLingua_18-50-13 - Clicking settings ellipses button...
18:54:04 [TestNG-test-Yt Master Tests-2] INFO  verifyingSideMenuCollapsedLangAsInSettingsLingua_18-50-13 - [verifyingSideMenuCollapsedLangAsInSettingsLingua_18-50-13] Trying to find element: By.xpath: //ytd-topbar-menu-button-renderer[@class='style-scope ytd-masthead style-default']
18:54:04 [TestNG-test-Yt Master Tests-2] INFO  verifyingSideMenuCollapsedLangAsInSettingsLingua_18-50-13 - [verifyingSideMenuCollapsedLangAsInSettingsLingua_18-50-13] Element found and ready (attempt 1): By.xpath: //ytd-topbar-menu-button-renderer[@class='style-scope ytd-masthead style-default']
18:54:04 [TestNG-test-Yt Master Tests-2] INFO  verifyingSideMenuCollapsedLangAsInSettingsLingua_18-50-13 - [verifyingSideMenuCollapsedLangAsInSettingsLingua_18-50-13] Waiting until element is visible in viewport
18:54:05 [TestNG-test-Yt Master Tests-2] INFO  verifyingSideMenuCollapsedLangAsInSettingsLingua_18-50-13 - Clicking settings ellipses button...
18:54:05 [TestNG-test-Yt Master Tests-2] INFO  verifyingSideMenuCollapsedLangAsInSettingsLingua_18-50-13 - [verifyingSideMenuCollapsedLangAsInSettingsLingua_18-50-13] Trying to find element: By.xpath: //ytd-topbar-menu-button-renderer[@class='style-scope ytd-masthead style-default']
18:54:05 [TestNG-test-Yt Master Tests-2] INFO  verifyingSideMenuCollapsedLangAsInSettingsLingua_18-50-13 - [verifyingSideMenuCollapsedLangAsInSettingsLingua_18-50-13] Element found and ready (attempt 1): By.xpath: //ytd-topbar-menu-button-renderer[@class='style-scope ytd-masthead style-default']
18:54:05 [TestNG-test-Yt Master Tests-2] INFO  verifyingSideMenuCollapsedLangAsInSettingsLingua_18-50-13 - getLangAttribute() - locating <html> and reading lang property
18:54:05 [TestNG-test-Yt Master Tests-2] INFO  verifyingSideMenuCollapsedLangAsInSettingsLingua_18-50-13 - Language attribute read: ta-IN
18:54:05 [TestNG-test-Yt Master Tests-2] INFO  verifyingSideMenuCollapsedLangAsInSettingsLingua_18-50-13 - Fetching the side menu in collapsed view
18:54:05 [TestNG-test-Yt Master Tests-2] INFO  verifyingSideMenuCollapsedLangAsInSettingsLingua_18-50-13 - [verifyingSideMenuCollapsedLangAsInSettingsLingua_18-50-13] Finding elements list: By.xpath: //ytd-mini-guide-renderer[@class='style-scope ytd-app']//ytd-mini-guide-entry-renderer
18:54:05 [TestNG-test-Yt Master Tests-2] INFO  verifyingSideMenuCollapsedLangAsInSettingsLingua_18-50-13 - [verifyingSideMenuCollapsedLangAsInSettingsLingua_18-50-13] Found 4 ready elements (attempt 1): By.xpath: //ytd-mini-guide-renderer[@class='style-scope ytd-app']//ytd-mini-guide-entry-renderer
18:54:05 [TestNG-test-Yt Master Tests-2] INFO  verifyingSideMenuCollapsedLangAsInSettingsLingua_18-50-13 - 
========== LANGUAGE DETECTION ==========
Detected Language : TAMIL
Input Text        : முகப்பு Shorts சந்தாக்கள் நீங்கள்
========================================
18:54:05 [TestNG-test-Yt Master Tests-2] INFO  verifyingSideMenuCollapsedLangAsInSettingsLingua_18-50-13 - text sent to lingua is       முகப்பு Shorts சந்தாக்கள் நீங்கள்
18:54:05 [TestNG-test-Yt Master Tests-2] INFO  verifyingSideMenuCollapsedLangAsInSettingsLingua_18-50-13 - getLangAttribute() - locating <html> and reading lang property
18:54:05 [TestNG-test-Yt Master Tests-2] INFO  verifyingSideMenuCollapsedLangAsInSettingsLingua_18-50-13 - Language attribute read: ta-IN
18:54:05 [TestNG-test-Yt Master Tests-2] INFO  verifyingSideMenuCollapsedLangAsInSettingsLingua_18-50-13 - Clicking settings ellipses button...
18:54:05 [TestNG-test-Yt Master Tests-2] INFO  verifyingSideMenuCollapsedLangAsInSettingsLingua_18-50-13 - [verifyingSideMenuCollapsedLangAsInSettingsLingua_18-50-13] Trying to find element: By.xpath: //ytd-topbar-menu-button-renderer[@class='style-scope ytd-masthead style-default']
18:54:05 [TestNG-test-Yt Master Tests-2] INFO  verifyingSideMenuCollapsedLangAsInSettingsLingua_18-50-13 - [verifyingSideMenuCollapsedLangAsInSettingsLingua_18-50-13] Element found and ready (attempt 1): By.xpath: //ytd-topbar-menu-button-renderer[@class='style-scope ytd-masthead style-default']
18:54:05 [TestNG-test-Yt Master Tests-2] INFO  verifyingSideMenuCollapsedLangAsInSettingsLingua_18-50-13 - Clicking language dropdown...
18:54:05 [TestNG-test-Yt Master Tests-2] INFO  verifyingSideMenuCollapsedLangAsInSettingsLingua_18-50-13 - [verifyingSideMenuCollapsedLangAsInSettingsLingua_18-50-13] Trying to find element: By.xpath: (//div[@id='content-icon'])[2]
18:54:06 [TestNG-test-Yt Master Tests-2] INFO  verifyingSideMenuCollapsedLangAsInSettingsLingua_18-50-13 - [verifyingSideMenuCollapsedLangAsInSettingsLingua_18-50-13] Element found and ready (attempt 1): By.xpath: (//div[@id='content-icon'])[2]
18:54:07 [TestNG-test-Yt Master Tests-2] INFO  verifyingSideMenuCollapsedLangAsInSettingsLingua_18-50-13 - Looking for language element with name: తెలుగు
18:54:07 [TestNG-test-Yt Master Tests-2] INFO  verifyingSideMenuCollapsedLangAsInSettingsLingua_18-50-13 - [verifyingSideMenuCollapsedLangAsInSettingsLingua_18-50-13] Trying to find element: By.xpath: //yt-multi-page-menu-section-renderer[@class='style-scope ytd-multi-page-menu-renderer']//yt-formatted-string[@id='label' and text()='తెలుగు']
18:54:07 [TestNG-test-Yt Master Tests-2] INFO  verifyingSideMenuCollapsedLangAsInSettingsLingua_18-50-13 - [verifyingSideMenuCollapsedLangAsInSettingsLingua_18-50-13] Element found and ready (attempt 1): By.xpath: //yt-multi-page-menu-section-renderer[@class='style-scope ytd-multi-page-menu-renderer']//yt-formatted-string[@id='label' and text()='తెలుగు']
18:54:07 [TestNG-test-Yt Master Tests-2] INFO  verifyingSideMenuCollapsedLangAsInSettingsLingua_18-50-13 - [verifyingSideMenuCollapsedLangAsInSettingsLingua_18-50-13] Trying to find element: By.xpath: //yt-multi-page-menu-section-renderer[@class='style-scope ytd-multi-page-menu-renderer']//yt-formatted-string[@id='label' and text()='తెలుగు']
18:54:07 [TestNG-test-Yt Master Tests-2] INFO  verifyingSideMenuCollapsedLangAsInSettingsLingua_18-50-13 - [verifyingSideMenuCollapsedLangAsInSettingsLingua_18-50-13] Element found and ready (attempt 1): By.xpath: //yt-multi-page-menu-section-renderer[@class='style-scope ytd-multi-page-menu-renderer']//yt-formatted-string[@id='label' and text()='తెలుగు']
18:54:08 [TestNG-test-Yt Master Tests-2] INFO  verifyingSideMenuCollapsedLangAsInSettingsLingua_18-50-13 - Clicking settings ellipses button...
18:54:08 [TestNG-test-Yt Master Tests-2] INFO  verifyingSideMenuCollapsedLangAsInSettingsLingua_18-50-13 - [verifyingSideMenuCollapsedLangAsInSettingsLingua_18-50-13] Trying to find element: By.xpath: //ytd-topbar-menu-button-renderer[@class='style-scope ytd-masthead style-default']
18:54:08 [TestNG-test-Yt Master Tests-2] INFO  verifyingSideMenuCollapsedLangAsInSettingsLingua_18-50-13 - [verifyingSideMenuCollapsedLangAsInSettingsLingua_18-50-13] Element found and ready (attempt 1): By.xpath: //ytd-topbar-menu-button-renderer[@class='style-scope ytd-masthead style-default']
18:54:09 [TestNG-test-Yt Master Tests-2] INFO  verifyingSideMenuCollapsedLangAsInSettingsLingua_18-50-13 - [verifyingSideMenuCollapsedLangAsInSettingsLingua_18-50-13] Waiting until element is visible in viewport
18:54:09 [TestNG-test-Yt Master Tests-2] INFO  verifyingSideMenuCollapsedLangAsInSettingsLingua_18-50-13 - Clicking settings ellipses button...
18:54:09 [TestNG-test-Yt Master Tests-2] INFO  verifyingSideMenuCollapsedLangAsInSettingsLingua_18-50-13 - [verifyingSideMenuCollapsedLangAsInSettingsLingua_18-50-13] Trying to find element: By.xpath: //ytd-topbar-menu-button-renderer[@class='style-scope ytd-masthead style-default']
18:54:09 [TestNG-test-Yt Master Tests-2] INFO  verifyingSideMenuCollapsedLangAsInSettingsLingua_18-50-13 - [verifyingSideMenuCollapsedLangAsInSettingsLingua_18-50-13] Element found and ready (attempt 1): By.xpath: //ytd-topbar-menu-button-renderer[@class='style-scope ytd-masthead style-default']
18:54:09 [TestNG-test-Yt Master Tests-2] INFO  verifyingSideMenuCollapsedLangAsInSettingsLingua_18-50-13 - getLangAttribute() - locating <html> and reading lang property
18:54:09 [TestNG-test-Yt Master Tests-2] INFO  verifyingSideMenuCollapsedLangAsInSettingsLingua_18-50-13 - Language attribute read: te-IN
18:54:09 [TestNG-test-Yt Master Tests-2] INFO  verifyingSideMenuCollapsedLangAsInSettingsLingua_18-50-13 - Fetching the side menu in collapsed view
18:54:09 [TestNG-test-Yt Master Tests-2] INFO  verifyingSideMenuCollapsedLangAsInSettingsLingua_18-50-13 - [verifyingSideMenuCollapsedLangAsInSettingsLingua_18-50-13] Finding elements list: By.xpath: //ytd-mini-guide-renderer[@class='style-scope ytd-app']//ytd-mini-guide-entry-renderer
18:54:09 [TestNG-test-Yt Master Tests-2] INFO  verifyingSideMenuCollapsedLangAsInSettingsLingua_18-50-13 - [verifyingSideMenuCollapsedLangAsInSettingsLingua_18-50-13] Found 4 ready elements (attempt 1): By.xpath: //ytd-mini-guide-renderer[@class='style-scope ytd-app']//ytd-mini-guide-entry-renderer
18:54:10 [TestNG-test-Yt Master Tests-2] INFO  verifyingSideMenuCollapsedLangAsInSettingsLingua_18-50-13 - 
========== LANGUAGE DETECTION ==========
Detected Language : TELUGU
Input Text        : మొదటి ట్యాబ్ Shorts సబ్‌స్క్రిప్షన్‌లు ఖాతా
========================================
18:54:10 [TestNG-test-Yt Master Tests-2] INFO  verifyingSideMenuCollapsedLangAsInSettingsLingua_18-50-13 - text sent to lingua is       మొదటి ట్యాబ్ Shorts సబ్‌స్క్రిప్షన్‌లు ఖాతా
18:54:10 [TestNG-test-Yt Master Tests-2] INFO  verifyingSideMenuCollapsedLangAsInSettingsLingua_18-50-13 - getLangAttribute() - locating <html> and reading lang property
18:54:10 [TestNG-test-Yt Master Tests-2] INFO  verifyingSideMenuCollapsedLangAsInSettingsLingua_18-50-13 - Language attribute read: te-IN
18:54:10 [TestNG-test-Yt Master Tests-2] INFO  verifyingSideMenuCollapsedLangAsInSettingsLingua_18-50-13 - Clicking settings ellipses button...
18:54:10 [TestNG-test-Yt Master Tests-2] INFO  verifyingSideMenuCollapsedLangAsInSettingsLingua_18-50-13 - [verifyingSideMenuCollapsedLangAsInSettingsLingua_18-50-13] Trying to find element: By.xpath: //ytd-topbar-menu-button-renderer[@class='style-scope ytd-masthead style-default']
18:54:10 [TestNG-test-Yt Master Tests-2] INFO  verifyingSideMenuCollapsedLangAsInSettingsLingua_18-50-13 - [verifyingSideMenuCollapsedLangAsInSettingsLingua_18-50-13] Element found and ready (attempt 1): By.xpath: //ytd-topbar-menu-button-renderer[@class='style-scope ytd-masthead style-default']
18:54:10 [TestNG-test-Yt Master Tests-2] INFO  verifyingSideMenuCollapsedLangAsInSettingsLingua_18-50-13 - Clicking language dropdown...
18:54:10 [TestNG-test-Yt Master Tests-2] INFO  verifyingSideMenuCollapsedLangAsInSettingsLingua_18-50-13 - [verifyingSideMenuCollapsedLangAsInSettingsLingua_18-50-13] Trying to find element: By.xpath: (//div[@id='content-icon'])[2]
18:54:10 [TestNG-test-Yt Master Tests-2] INFO  verifyingSideMenuCollapsedLangAsInSettingsLingua_18-50-13 - [verifyingSideMenuCollapsedLangAsInSettingsLingua_18-50-13] Element found and ready (attempt 1): By.xpath: (//div[@id='content-icon'])[2]
18:54:11 [TestNG-test-Yt Master Tests-2] INFO  verifyingSideMenuCollapsedLangAsInSettingsLingua_18-50-13 - Looking for language element with name: 中文 (简体)
18:54:11 [TestNG-test-Yt Master Tests-2] INFO  verifyingSideMenuCollapsedLangAsInSettingsLingua_18-50-13 - [verifyingSideMenuCollapsedLangAsInSettingsLingua_18-50-13] Trying to find element: By.xpath: //yt-multi-page-menu-section-renderer[@class='style-scope ytd-multi-page-menu-renderer']//yt-formatted-string[@id='label' and text()='中文 (简体)']
18:54:11 [TestNG-test-Yt Master Tests-2] INFO  verifyingSideMenuCollapsedLangAsInSettingsLingua_18-50-13 - [verifyingSideMenuCollapsedLangAsInSettingsLingua_18-50-13] Element found and ready (attempt 1): By.xpath: //yt-multi-page-menu-section-renderer[@class='style-scope ytd-multi-page-menu-renderer']//yt-formatted-string[@id='label' and text()='中文 (简体)']
18:54:11 [TestNG-test-Yt Master Tests-2] INFO  verifyingSideMenuCollapsedLangAsInSettingsLingua_18-50-13 - [verifyingSideMenuCollapsedLangAsInSettingsLingua_18-50-13] Trying to find element: By.xpath: //yt-multi-page-menu-section-renderer[@class='style-scope ytd-multi-page-menu-renderer']//yt-formatted-string[@id='label' and text()='中文 (简体)']
18:54:11 [TestNG-test-Yt Master Tests-2] INFO  verifyingSideMenuCollapsedLangAsInSettingsLingua_18-50-13 - [verifyingSideMenuCollapsedLangAsInSettingsLingua_18-50-13] Element found and ready (attempt 1): By.xpath: //yt-multi-page-menu-section-renderer[@class='style-scope ytd-multi-page-menu-renderer']//yt-formatted-string[@id='label' and text()='中文 (简体)']
18:54:13 [TestNG-test-Yt Master Tests-2] INFO  verifyingSideMenuCollapsedLangAsInSettingsLingua_18-50-13 - Clicking settings ellipses button...
18:54:13 [TestNG-test-Yt Master Tests-2] INFO  verifyingSideMenuCollapsedLangAsInSettingsLingua_18-50-13 - [verifyingSideMenuCollapsedLangAsInSettingsLingua_18-50-13] Trying to find element: By.xpath: //ytd-topbar-menu-button-renderer[@class='style-scope ytd-masthead style-default']
18:54:13 [TestNG-test-Yt Master Tests-2] INFO  verifyingSideMenuCollapsedLangAsInSettingsLingua_18-50-13 - [verifyingSideMenuCollapsedLangAsInSettingsLingua_18-50-13] Element found and ready (attempt 1): By.xpath: //ytd-topbar-menu-button-renderer[@class='style-scope ytd-masthead style-default']
18:54:14 [TestNG-test-Yt Master Tests-2] INFO  verifyingSideMenuCollapsedLangAsInSettingsLingua_18-50-13 - [verifyingSideMenuCollapsedLangAsInSettingsLingua_18-50-13] Waiting until element is visible in viewport
18:54:14 [TestNG-test-Yt Master Tests-2] INFO  verifyingSideMenuCollapsedLangAsInSettingsLingua_18-50-13 - Clicking settings ellipses button...
18:54:14 [TestNG-test-Yt Master Tests-2] INFO  verifyingSideMenuCollapsedLangAsInSettingsLingua_18-50-13 - [verifyingSideMenuCollapsedLangAsInSettingsLingua_18-50-13] Trying to find element: By.xpath: //ytd-topbar-menu-button-renderer[@class='style-scope ytd-masthead style-default']
18:54:14 [TestNG-test-Yt Master Tests-2] INFO  verifyingSideMenuCollapsedLangAsInSettingsLingua_18-50-13 - [verifyingSideMenuCollapsedLangAsInSettingsLingua_18-50-13] Element found and ready (attempt 1): By.xpath: //ytd-topbar-menu-button-renderer[@class='style-scope ytd-masthead style-default']
18:54:14 [TestNG-test-Yt Master Tests-2] INFO  verifyingSideMenuCollapsedLangAsInSettingsLingua_18-50-13 - getLangAttribute() - locating <html> and reading lang property
18:54:14 [TestNG-test-Yt Master Tests-2] INFO  verifyingSideMenuCollapsedLangAsInSettingsLingua_18-50-13 - Language attribute read: zh-Hans-CN
18:54:14 [TestNG-test-Yt Master Tests-2] INFO  verifyingSideMenuCollapsedLangAsInSettingsLingua_18-50-13 - Fetching the side menu in collapsed view
18:54:14 [TestNG-test-Yt Master Tests-2] INFO  verifyingSideMenuCollapsedLangAsInSettingsLingua_18-50-13 - [verifyingSideMenuCollapsedLangAsInSettingsLingua_18-50-13] Finding elements list: By.xpath: //ytd-mini-guide-renderer[@class='style-scope ytd-app']//ytd-mini-guide-entry-renderer
18:54:14 [TestNG-test-Yt Master Tests-2] INFO  verifyingSideMenuCollapsedLangAsInSettingsLingua_18-50-13 - [verifyingSideMenuCollapsedLangAsInSettingsLingua_18-50-13] Found 4 ready elements (attempt 1): By.xpath: //ytd-mini-guide-renderer[@class='style-scope ytd-app']//ytd-mini-guide-entry-renderer
18:54:14 [TestNG-test-Yt Master Tests-2] INFO  verifyingSideMenuCollapsedLangAsInSettingsLingua_18-50-13 - 
========== LANGUAGE DETECTION ==========
Detected Language : CHINESE
Input Text        : 首页 Shorts 订阅 我
========================================
18:54:14 [TestNG-test-Yt Master Tests-2] INFO  verifyingSideMenuCollapsedLangAsInSettingsLingua_18-50-13 - text sent to lingua is       首页 Shorts 订阅 我
18:54:14 [TestNG-test-Yt Master Tests-2] INFO  verifyingSideMenuCollapsedLangAsInSettingsLingua_18-50-13 - getLangAttribute() - locating <html> and reading lang property
18:54:14 [TestNG-test-Yt Master Tests-2] INFO  verifyingSideMenuCollapsedLangAsInSettingsLingua_18-50-13 - Language attribute read: zh-Hans-CN
18:54:14 [TestNG-test-Yt Master Tests-2] INFO  verifyingSideMenuCollapsedLangAsInSettingsLingua_18-50-13 - Clicking settings ellipses button...
18:54:14 [TestNG-test-Yt Master Tests-2] INFO  verifyingSideMenuCollapsedLangAsInSettingsLingua_18-50-13 - [verifyingSideMenuCollapsedLangAsInSettingsLingua_18-50-13] Trying to find element: By.xpath: //ytd-topbar-menu-button-renderer[@class='style-scope ytd-masthead style-default']
18:54:14 [TestNG-test-Yt Master Tests-2] INFO  verifyingSideMenuCollapsedLangAsInSettingsLingua_18-50-13 - [verifyingSideMenuCollapsedLangAsInSettingsLingua_18-50-13] Element found and ready (attempt 1): By.xpath: //ytd-topbar-menu-button-renderer[@class='style-scope ytd-masthead style-default']
18:54:15 [TestNG-test-Yt Master Tests-2] INFO  verifyingSideMenuCollapsedLangAsInSettingsLingua_18-50-13 - Clicking language dropdown...
18:54:15 [TestNG-test-Yt Master Tests-2] INFO  verifyingSideMenuCollapsedLangAsInSettingsLingua_18-50-13 - [verifyingSideMenuCollapsedLangAsInSettingsLingua_18-50-13] Trying to find element: By.xpath: (//div[@id='content-icon'])[2]
18:54:15 [TestNG-test-Yt Master Tests-2] INFO  verifyingSideMenuCollapsedLangAsInSettingsLingua_18-50-13 - [verifyingSideMenuCollapsedLangAsInSettingsLingua_18-50-13] Element found and ready (attempt 1): By.xpath: (//div[@id='content-icon'])[2]
18:54:16 [TestNG-test-Yt Master Tests-2] INFO  verifyingSideMenuCollapsedLangAsInSettingsLingua_18-50-13 - Looking for language element with name: 中文 (繁體)
18:54:16 [TestNG-test-Yt Master Tests-2] INFO  verifyingSideMenuCollapsedLangAsInSettingsLingua_18-50-13 - [verifyingSideMenuCollapsedLangAsInSettingsLingua_18-50-13] Trying to find element: By.xpath: //yt-multi-page-menu-section-renderer[@class='style-scope ytd-multi-page-menu-renderer']//yt-formatted-string[@id='label' and text()='中文 (繁體)']
18:54:16 [TestNG-test-Yt Master Tests-2] INFO  verifyingSideMenuCollapsedLangAsInSettingsLingua_18-50-13 - [verifyingSideMenuCollapsedLangAsInSettingsLingua_18-50-13] Element found and ready (attempt 1): By.xpath: //yt-multi-page-menu-section-renderer[@class='style-scope ytd-multi-page-menu-renderer']//yt-formatted-string[@id='label' and text()='中文 (繁體)']
18:54:16 [TestNG-test-Yt Master Tests-2] INFO  verifyingSideMenuCollapsedLangAsInSettingsLingua_18-50-13 - [verifyingSideMenuCollapsedLangAsInSettingsLingua_18-50-13] Trying to find element: By.xpath: //yt-multi-page-menu-section-renderer[@class='style-scope ytd-multi-page-menu-renderer']//yt-formatted-string[@id='label' and text()='中文 (繁體)']
18:54:16 [TestNG-test-Yt Master Tests-2] INFO  verifyingSideMenuCollapsedLangAsInSettingsLingua_18-50-13 - [verifyingSideMenuCollapsedLangAsInSettingsLingua_18-50-13] Element found and ready (attempt 1): By.xpath: //yt-multi-page-menu-section-renderer[@class='style-scope ytd-multi-page-menu-renderer']//yt-formatted-string[@id='label' and text()='中文 (繁體)']
18:54:17 [TestNG-test-Yt Master Tests-2] INFO  verifyingSideMenuCollapsedLangAsInSettingsLingua_18-50-13 - Clicking settings ellipses button...
18:54:18 [TestNG-test-Yt Master Tests-2] INFO  verifyingSideMenuCollapsedLangAsInSettingsLingua_18-50-13 - [verifyingSideMenuCollapsedLangAsInSettingsLingua_18-50-13] Trying to find element: By.xpath: //ytd-topbar-menu-button-renderer[@class='style-scope ytd-masthead style-default']
18:54:18 [TestNG-test-Yt Master Tests-2] INFO  verifyingSideMenuCollapsedLangAsInSettingsLingua_18-50-13 - [verifyingSideMenuCollapsedLangAsInSettingsLingua_18-50-13] Element found and ready (attempt 1): By.xpath: //ytd-topbar-menu-button-renderer[@class='style-scope ytd-masthead style-default']
18:54:18 [TestNG-test-Yt Master Tests-2] INFO  verifyingSideMenuCollapsedLangAsInSettingsLingua_18-50-13 - [verifyingSideMenuCollapsedLangAsInSettingsLingua_18-50-13] Waiting until element is visible in viewport
18:54:18 [TestNG-test-Yt Master Tests-2] INFO  verifyingSideMenuCollapsedLangAsInSettingsLingua_18-50-13 - Clicking settings ellipses button...
18:54:18 [TestNG-test-Yt Master Tests-2] INFO  verifyingSideMenuCollapsedLangAsInSettingsLingua_18-50-13 - [verifyingSideMenuCollapsedLangAsInSettingsLingua_18-50-13] Trying to find element: By.xpath: //ytd-topbar-menu-button-renderer[@class='style-scope ytd-masthead style-default']
18:54:18 [TestNG-test-Yt Master Tests-2] INFO  verifyingSideMenuCollapsedLangAsInSettingsLingua_18-50-13 - [verifyingSideMenuCollapsedLangAsInSettingsLingua_18-50-13] Element found and ready (attempt 1): By.xpath: //ytd-topbar-menu-button-renderer[@class='style-scope ytd-masthead style-default']
18:54:19 [TestNG-test-Yt Master Tests-2] INFO  verifyingSideMenuCollapsedLangAsInSettingsLingua_18-50-13 - getLangAttribute() - locating <html> and reading lang property
18:54:19 [TestNG-test-Yt Master Tests-2] INFO  verifyingSideMenuCollapsedLangAsInSettingsLingua_18-50-13 - Language attribute read: zh-Hant-TW
18:54:19 [TestNG-test-Yt Master Tests-2] INFO  verifyingSideMenuCollapsedLangAsInSettingsLingua_18-50-13 - Fetching the side menu in collapsed view
18:54:19 [TestNG-test-Yt Master Tests-2] INFO  verifyingSideMenuCollapsedLangAsInSettingsLingua_18-50-13 - [verifyingSideMenuCollapsedLangAsInSettingsLingua_18-50-13] Finding elements list: By.xpath: //ytd-mini-guide-renderer[@class='style-scope ytd-app']//ytd-mini-guide-entry-renderer
18:54:19 [TestNG-test-Yt Master Tests-2] INFO  verifyingSideMenuCollapsedLangAsInSettingsLingua_18-50-13 - [verifyingSideMenuCollapsedLangAsInSettingsLingua_18-50-13] Found 4 ready elements (attempt 1): By.xpath: //ytd-mini-guide-renderer[@class='style-scope ytd-app']//ytd-mini-guide-entry-renderer
18:54:19 [TestNG-test-Yt Master Tests-2] INFO  verifyingSideMenuCollapsedLangAsInSettingsLingua_18-50-13 - 
========== LANGUAGE DETECTION ==========
Detected Language : CHINESE
Input Text        : 首頁 Shorts 訂閱內容 個人中心
========================================
18:54:19 [TestNG-test-Yt Master Tests-2] INFO  verifyingSideMenuCollapsedLangAsInSettingsLingua_18-50-13 - text sent to lingua is       首頁 Shorts 訂閱內容 個人中心
18:54:19 [TestNG-test-Yt Master Tests-2] INFO  verifyingSideMenuCollapsedLangAsInSettingsLingua_18-50-13 - getLangAttribute() - locating <html> and reading lang property
18:54:19 [TestNG-test-Yt Master Tests-2] INFO  verifyingSideMenuCollapsedLangAsInSettingsLingua_18-50-13 - Language attribute read: zh-Hant-TW
18:54:19 [TestNG-test-Yt Master Tests-2] INFO  verifyingSideMenuCollapsedLangAsInSettingsLingua_18-50-13 - Clicking settings ellipses button...
18:54:19 [TestNG-test-Yt Master Tests-2] INFO  verifyingSideMenuCollapsedLangAsInSettingsLingua_18-50-13 - [verifyingSideMenuCollapsedLangAsInSettingsLingua_18-50-13] Trying to find element: By.xpath: //ytd-topbar-menu-button-renderer[@class='style-scope ytd-masthead style-default']
18:54:19 [TestNG-test-Yt Master Tests-2] INFO  verifyingSideMenuCollapsedLangAsInSettingsLingua_18-50-13 - [verifyingSideMenuCollapsedLangAsInSettingsLingua_18-50-13] Element found and ready (attempt 1): By.xpath: //ytd-topbar-menu-button-renderer[@class='style-scope ytd-masthead style-default']
18:54:19 [TestNG-test-Yt Master Tests-2] INFO  verifyingSideMenuCollapsedLangAsInSettingsLingua_18-50-13 - Clicking language dropdown...
18:54:19 [TestNG-test-Yt Master Tests-2] INFO  verifyingSideMenuCollapsedLangAsInSettingsLingua_18-50-13 - [verifyingSideMenuCollapsedLangAsInSettingsLingua_18-50-13] Trying to find element: By.xpath: (//div[@id='content-icon'])[2]
18:54:19 [TestNG-test-Yt Master Tests-2] INFO  verifyingSideMenuCollapsedLangAsInSettingsLingua_18-50-13 - [verifyingSideMenuCollapsedLangAsInSettingsLingua_18-50-13] Element found and ready (attempt 1): By.xpath: (//div[@id='content-icon'])[2]
18:54:20 [TestNG-test-Yt Master Tests-2] INFO  verifyingSideMenuCollapsedLangAsInSettingsLingua_18-50-13 - Looking for language element with name: 中文 (香港)
18:54:20 [TestNG-test-Yt Master Tests-2] INFO  verifyingSideMenuCollapsedLangAsInSettingsLingua_18-50-13 - [verifyingSideMenuCollapsedLangAsInSettingsLingua_18-50-13] Trying to find element: By.xpath: //yt-multi-page-menu-section-renderer[@class='style-scope ytd-multi-page-menu-renderer']//yt-formatted-string[@id='label' and text()='中文 (香港)']
18:54:20 [TestNG-test-Yt Master Tests-2] INFO  verifyingSideMenuCollapsedLangAsInSettingsLingua_18-50-13 - [verifyingSideMenuCollapsedLangAsInSettingsLingua_18-50-13] Element found and ready (attempt 1): By.xpath: //yt-multi-page-menu-section-renderer[@class='style-scope ytd-multi-page-menu-renderer']//yt-formatted-string[@id='label' and text()='中文 (香港)']
18:54:20 [TestNG-test-Yt Master Tests-2] INFO  verifyingSideMenuCollapsedLangAsInSettingsLingua_18-50-13 - [verifyingSideMenuCollapsedLangAsInSettingsLingua_18-50-13] Trying to find element: By.xpath: //yt-multi-page-menu-section-renderer[@class='style-scope ytd-multi-page-menu-renderer']//yt-formatted-string[@id='label' and text()='中文 (香港)']
18:54:20 [TestNG-test-Yt Master Tests-2] INFO  verifyingSideMenuCollapsedLangAsInSettingsLingua_18-50-13 - [verifyingSideMenuCollapsedLangAsInSettingsLingua_18-50-13] Element found and ready (attempt 1): By.xpath: //yt-multi-page-menu-section-renderer[@class='style-scope ytd-multi-page-menu-renderer']//yt-formatted-string[@id='label' and text()='中文 (香港)']
18:54:22 [TestNG-test-Yt Master Tests-2] INFO  verifyingSideMenuCollapsedLangAsInSettingsLingua_18-50-13 - Clicking settings ellipses button...
18:54:22 [TestNG-test-Yt Master Tests-2] INFO  verifyingSideMenuCollapsedLangAsInSettingsLingua_18-50-13 - [verifyingSideMenuCollapsedLangAsInSettingsLingua_18-50-13] Trying to find element: By.xpath: //ytd-topbar-menu-button-renderer[@class='style-scope ytd-masthead style-default']
18:54:22 [TestNG-test-Yt Master Tests-2] INFO  verifyingSideMenuCollapsedLangAsInSettingsLingua_18-50-13 - [verifyingSideMenuCollapsedLangAsInSettingsLingua_18-50-13] Element found and ready (attempt 1): By.xpath: //ytd-topbar-menu-button-renderer[@class='style-scope ytd-masthead style-default']
18:54:23 [TestNG-test-Yt Master Tests-2] INFO  verifyingSideMenuCollapsedLangAsInSettingsLingua_18-50-13 - [verifyingSideMenuCollapsedLangAsInSettingsLingua_18-50-13] Waiting until element is visible in viewport
18:54:23 [TestNG-test-Yt Master Tests-2] INFO  verifyingSideMenuCollapsedLangAsInSettingsLingua_18-50-13 - Clicking settings ellipses button...
18:54:23 [TestNG-test-Yt Master Tests-2] INFO  verifyingSideMenuCollapsedLangAsInSettingsLingua_18-50-13 - [verifyingSideMenuCollapsedLangAsInSettingsLingua_18-50-13] Trying to find element: By.xpath: //ytd-topbar-menu-button-renderer[@class='style-scope ytd-masthead style-default']
18:54:23 [TestNG-test-Yt Master Tests-2] INFO  verifyingSideMenuCollapsedLangAsInSettingsLingua_18-50-13 - [verifyingSideMenuCollapsedLangAsInSettingsLingua_18-50-13] Element found and ready (attempt 1): By.xpath: //ytd-topbar-menu-button-renderer[@class='style-scope ytd-masthead style-default']
18:54:23 [TestNG-test-Yt Master Tests-2] INFO  verifyingSideMenuCollapsedLangAsInSettingsLingua_18-50-13 - getLangAttribute() - locating <html> and reading lang property
18:54:23 [TestNG-test-Yt Master Tests-2] INFO  verifyingSideMenuCollapsedLangAsInSettingsLingua_18-50-13 - Language attribute read: zh-Hant-HK
18:54:23 [TestNG-test-Yt Master Tests-2] INFO  verifyingSideMenuCollapsedLangAsInSettingsLingua_18-50-13 - Fetching the side menu in collapsed view
18:54:23 [TestNG-test-Yt Master Tests-2] INFO  verifyingSideMenuCollapsedLangAsInSettingsLingua_18-50-13 - [verifyingSideMenuCollapsedLangAsInSettingsLingua_18-50-13] Finding elements list: By.xpath: //ytd-mini-guide-renderer[@class='style-scope ytd-app']//ytd-mini-guide-entry-renderer
18:54:23 [TestNG-test-Yt Master Tests-2] INFO  verifyingSideMenuCollapsedLangAsInSettingsLingua_18-50-13 - [verifyingSideMenuCollapsedLangAsInSettingsLingua_18-50-13] Found 4 ready elements (attempt 1): By.xpath: //ytd-mini-guide-renderer[@class='style-scope ytd-app']//ytd-mini-guide-entry-renderer
18:54:23 [TestNG-test-Yt Master Tests-2] INFO  verifyingSideMenuCollapsedLangAsInSettingsLingua_18-50-13 - 
========== LANGUAGE DETECTION ==========
Detected Language : CHINESE
Input Text        : 主頁 Shorts 訂閱項目 個人中心
========================================
18:54:23 [TestNG-test-Yt Master Tests-2] INFO  verifyingSideMenuCollapsedLangAsInSettingsLingua_18-50-13 - text sent to lingua is       主頁 Shorts 訂閱項目 個人中心
18:54:23 [TestNG-test-Yt Master Tests-2] INFO  verifyingSideMenuCollapsedLangAsInSettingsLingua_18-50-13 - getLangAttribute() - locating <html> and reading lang property
18:54:23 [TestNG-test-Yt Master Tests-2] INFO  verifyingSideMenuCollapsedLangAsInSettingsLingua_18-50-13 - Language attribute read: zh-Hant-HK
18:54:23 [TestNG-test-Yt Master Tests-2] INFO  verifyingSideMenuCollapsedLangAsInSettingsLingua_18-50-13 - Clicking settings ellipses button...
18:54:23 [TestNG-test-Yt Master Tests-2] INFO  verifyingSideMenuCollapsedLangAsInSettingsLingua_18-50-13 - [verifyingSideMenuCollapsedLangAsInSettingsLingua_18-50-13] Trying to find element: By.xpath: //ytd-topbar-menu-button-renderer[@class='style-scope ytd-masthead style-default']
18:54:23 [TestNG-test-Yt Master Tests-2] INFO  verifyingSideMenuCollapsedLangAsInSettingsLingua_18-50-13 - [verifyingSideMenuCollapsedLangAsInSettingsLingua_18-50-13] Element found and ready (attempt 1): By.xpath: //ytd-topbar-menu-button-renderer[@class='style-scope ytd-masthead style-default']
18:54:24 [TestNG-test-Yt Master Tests-2] INFO  verifyingSideMenuCollapsedLangAsInSettingsLingua_18-50-13 - Clicking language dropdown...
18:54:24 [TestNG-test-Yt Master Tests-2] INFO  verifyingSideMenuCollapsedLangAsInSettingsLingua_18-50-13 - [verifyingSideMenuCollapsedLangAsInSettingsLingua_18-50-13] Trying to find element: By.xpath: (//div[@id='content-icon'])[2]
18:54:24 [TestNG-test-Yt Master Tests-2] INFO  verifyingSideMenuCollapsedLangAsInSettingsLingua_18-50-13 - [verifyingSideMenuCollapsedLangAsInSettingsLingua_18-50-13] Element found and ready (attempt 1): By.xpath: (//div[@id='content-icon'])[2]
18:54:25 [TestNG-test-Yt Master Tests-2] INFO  verifyingSideMenuCollapsedLangAsInSettingsLingua_18-50-13 - Looking for language element with name: 日本語
18:54:25 [TestNG-test-Yt Master Tests-2] INFO  verifyingSideMenuCollapsedLangAsInSettingsLingua_18-50-13 - [verifyingSideMenuCollapsedLangAsInSettingsLingua_18-50-13] Trying to find element: By.xpath: //yt-multi-page-menu-section-renderer[@class='style-scope ytd-multi-page-menu-renderer']//yt-formatted-string[@id='label' and text()='日本語']
18:54:25 [TestNG-test-Yt Master Tests-2] INFO  verifyingSideMenuCollapsedLangAsInSettingsLingua_18-50-13 - [verifyingSideMenuCollapsedLangAsInSettingsLingua_18-50-13] Element found and ready (attempt 1): By.xpath: //yt-multi-page-menu-section-renderer[@class='style-scope ytd-multi-page-menu-renderer']//yt-formatted-string[@id='label' and text()='日本語']
18:54:25 [TestNG-test-Yt Master Tests-2] INFO  verifyingSideMenuCollapsedLangAsInSettingsLingua_18-50-13 - [verifyingSideMenuCollapsedLangAsInSettingsLingua_18-50-13] Trying to find element: By.xpath: //yt-multi-page-menu-section-renderer[@class='style-scope ytd-multi-page-menu-renderer']//yt-formatted-string[@id='label' and text()='日本語']
18:54:25 [TestNG-test-Yt Master Tests-2] INFO  verifyingSideMenuCollapsedLangAsInSettingsLingua_18-50-13 - [verifyingSideMenuCollapsedLangAsInSettingsLingua_18-50-13] Element found and ready (attempt 1): By.xpath: //yt-multi-page-menu-section-renderer[@class='style-scope ytd-multi-page-menu-renderer']//yt-formatted-string[@id='label' and text()='日本語']
18:54:27 [TestNG-test-Yt Master Tests-2] INFO  verifyingSideMenuCollapsedLangAsInSettingsLingua_18-50-13 - Clicking settings ellipses button...
18:54:27 [TestNG-test-Yt Master Tests-2] INFO  verifyingSideMenuCollapsedLangAsInSettingsLingua_18-50-13 - [verifyingSideMenuCollapsedLangAsInSettingsLingua_18-50-13] Trying to find element: By.xpath: //ytd-topbar-menu-button-renderer[@class='style-scope ytd-masthead style-default']
18:54:27 [TestNG-test-Yt Master Tests-2] INFO  verifyingSideMenuCollapsedLangAsInSettingsLingua_18-50-13 - [verifyingSideMenuCollapsedLangAsInSettingsLingua_18-50-13] Element found and ready (attempt 1): By.xpath: //ytd-topbar-menu-button-renderer[@class='style-scope ytd-masthead style-default']
18:54:28 [TestNG-test-Yt Master Tests-2] INFO  verifyingSideMenuCollapsedLangAsInSettingsLingua_18-50-13 - [verifyingSideMenuCollapsedLangAsInSettingsLingua_18-50-13] Waiting until element is visible in viewport
18:54:28 [TestNG-test-Yt Master Tests-2] INFO  verifyingSideMenuCollapsedLangAsInSettingsLingua_18-50-13 - Clicking settings ellipses button...
18:54:28 [TestNG-test-Yt Master Tests-2] INFO  verifyingSideMenuCollapsedLangAsInSettingsLingua_18-50-13 - [verifyingSideMenuCollapsedLangAsInSettingsLingua_18-50-13] Trying to find element: By.xpath: //ytd-topbar-menu-button-renderer[@class='style-scope ytd-masthead style-default']
18:54:28 [TestNG-test-Yt Master Tests-2] INFO  verifyingSideMenuCollapsedLangAsInSettingsLingua_18-50-13 - [verifyingSideMenuCollapsedLangAsInSettingsLingua_18-50-13] Element found and ready (attempt 1): By.xpath: //ytd-topbar-menu-button-renderer[@class='style-scope ytd-masthead style-default']
18:54:28 [TestNG-test-Yt Master Tests-2] INFO  verifyingSideMenuCollapsedLangAsInSettingsLingua_18-50-13 - getLangAttribute() - locating <html> and reading lang property
18:54:28 [TestNG-test-Yt Master Tests-2] INFO  verifyingSideMenuCollapsedLangAsInSettingsLingua_18-50-13 - Language attribute read: ja-JP
18:54:28 [TestNG-test-Yt Master Tests-2] INFO  verifyingSideMenuCollapsedLangAsInSettingsLingua_18-50-13 - Fetching the side menu in collapsed view
18:54:28 [TestNG-test-Yt Master Tests-2] INFO  verifyingSideMenuCollapsedLangAsInSettingsLingua_18-50-13 - [verifyingSideMenuCollapsedLangAsInSettingsLingua_18-50-13] Finding elements list: By.xpath: //ytd-mini-guide-renderer[@class='style-scope ytd-app']//ytd-mini-guide-entry-renderer
18:54:28 [TestNG-test-Yt Master Tests-2] INFO  verifyingSideMenuCollapsedLangAsInSettingsLingua_18-50-13 - [verifyingSideMenuCollapsedLangAsInSettingsLingua_18-50-13] Found 4 ready elements (attempt 1): By.xpath: //ytd-mini-guide-renderer[@class='style-scope ytd-app']//ytd-mini-guide-entry-renderer
18:54:28 [TestNG-test-Yt Master Tests-2] INFO  verifyingSideMenuCollapsedLangAsInSettingsLingua_18-50-13 - 
========== LANGUAGE DETECTION ==========
Detected Language : JAPANESE
Input Text        : ホーム ショート 登録チャンネル マイページ
========================================
18:54:28 [TestNG-test-Yt Master Tests-2] INFO  verifyingSideMenuCollapsedLangAsInSettingsLingua_18-50-13 - text sent to lingua is       ホーム ショート 登録チャンネル マイページ
18:54:28 [TestNG-test-Yt Master Tests-2] INFO  verifyingSideMenuCollapsedLangAsInSettingsLingua_18-50-13 - getLangAttribute() - locating <html> and reading lang property
18:54:28 [TestNG-test-Yt Master Tests-2] INFO  verifyingSideMenuCollapsedLangAsInSettingsLingua_18-50-13 - Language attribute read: ja-JP
18:54:28 [TestNG-test-Yt Master Tests-2] INFO  verifyingSideMenuCollapsedLangAsInSettingsLingua_18-50-13 - Clicking settings ellipses button...
18:54:28 [TestNG-test-Yt Master Tests-2] INFO  verifyingSideMenuCollapsedLangAsInSettingsLingua_18-50-13 - [verifyingSideMenuCollapsedLangAsInSettingsLingua_18-50-13] Trying to find element: By.xpath: //ytd-topbar-menu-button-renderer[@class='style-scope ytd-masthead style-default']
18:54:29 [TestNG-test-Yt Master Tests-2] INFO  verifyingSideMenuCollapsedLangAsInSettingsLingua_18-50-13 - [verifyingSideMenuCollapsedLangAsInSettingsLingua_18-50-13] Element found and ready (attempt 1): By.xpath: //ytd-topbar-menu-button-renderer[@class='style-scope ytd-masthead style-default']
18:54:29 [TestNG-test-Yt Master Tests-2] INFO  verifyingSideMenuCollapsedLangAsInSettingsLingua_18-50-13 - Clicking language dropdown...
18:54:29 [TestNG-test-Yt Master Tests-2] INFO  verifyingSideMenuCollapsedLangAsInSettingsLingua_18-50-13 - [verifyingSideMenuCollapsedLangAsInSettingsLingua_18-50-13] Trying to find element: By.xpath: (//div[@id='content-icon'])[2]
18:54:29 [TestNG-test-Yt Master Tests-2] INFO  verifyingSideMenuCollapsedLangAsInSettingsLingua_18-50-13 - [verifyingSideMenuCollapsedLangAsInSettingsLingua_18-50-13] Element found and ready (attempt 1): By.xpath: (//div[@id='content-icon'])[2]
18:54:30 [TestNG-test-Yt Master Tests-2] INFO  verifyingSideMenuCollapsedLangAsInSettingsLingua_18-50-13 - Looking for language element with name: 한국어
18:54:30 [TestNG-test-Yt Master Tests-2] INFO  verifyingSideMenuCollapsedLangAsInSettingsLingua_18-50-13 - [verifyingSideMenuCollapsedLangAsInSettingsLingua_18-50-13] Trying to find element: By.xpath: //yt-multi-page-menu-section-renderer[@class='style-scope ytd-multi-page-menu-renderer']//yt-formatted-string[@id='label' and text()='한국어']
18:54:30 [TestNG-test-Yt Master Tests-2] INFO  verifyingSideMenuCollapsedLangAsInSettingsLingua_18-50-13 - [verifyingSideMenuCollapsedLangAsInSettingsLingua_18-50-13] Element found and ready (attempt 1): By.xpath: //yt-multi-page-menu-section-renderer[@class='style-scope ytd-multi-page-menu-renderer']//yt-formatted-string[@id='label' and text()='한국어']
18:54:30 [TestNG-test-Yt Master Tests-2] INFO  verifyingSideMenuCollapsedLangAsInSettingsLingua_18-50-13 - [verifyingSideMenuCollapsedLangAsInSettingsLingua_18-50-13] Trying to find element: By.xpath: //yt-multi-page-menu-section-renderer[@class='style-scope ytd-multi-page-menu-renderer']//yt-formatted-string[@id='label' and text()='한국어']
18:54:30 [TestNG-test-Yt Master Tests-2] INFO  verifyingSideMenuCollapsedLangAsInSettingsLingua_18-50-13 - [verifyingSideMenuCollapsedLangAsInSettingsLingua_18-50-13] Element found and ready (attempt 1): By.xpath: //yt-multi-page-menu-section-renderer[@class='style-scope ytd-multi-page-menu-renderer']//yt-formatted-string[@id='label' and text()='한국어']
18:54:32 [TestNG-test-Yt Master Tests-2] INFO  verifyingSideMenuCollapsedLangAsInSettingsLingua_18-50-13 - Clicking settings ellipses button...
18:54:32 [TestNG-test-Yt Master Tests-2] INFO  verifyingSideMenuCollapsedLangAsInSettingsLingua_18-50-13 - [verifyingSideMenuCollapsedLangAsInSettingsLingua_18-50-13] Trying to find element: By.xpath: //ytd-topbar-menu-button-renderer[@class='style-scope ytd-masthead style-default']
18:54:32 [TestNG-test-Yt Master Tests-2] INFO  verifyingSideMenuCollapsedLangAsInSettingsLingua_18-50-13 - [verifyingSideMenuCollapsedLangAsInSettingsLingua_18-50-13] Element found and ready (attempt 1): By.xpath: //ytd-topbar-menu-button-renderer[@class='style-scope ytd-masthead style-default']
18:54:33 [TestNG-test-Yt Master Tests-2] INFO  verifyingSideMenuCollapsedLangAsInSettingsLingua_18-50-13 - [verifyingSideMenuCollapsedLangAsInSettingsLingua_18-50-13] Waiting until element is visible in viewport
18:54:33 [TestNG-test-Yt Master Tests-2] INFO  verifyingSideMenuCollapsedLangAsInSettingsLingua_18-50-13 - Clicking settings ellipses button...
18:54:33 [TestNG-test-Yt Master Tests-2] INFO  verifyingSideMenuCollapsedLangAsInSettingsLingua_18-50-13 - [verifyingSideMenuCollapsedLangAsInSettingsLingua_18-50-13] Trying to find element: By.xpath: //ytd-topbar-menu-button-renderer[@class='style-scope ytd-masthead style-default']
18:54:33 [TestNG-test-Yt Master Tests-2] INFO  verifyingSideMenuCollapsedLangAsInSettingsLingua_18-50-13 - [verifyingSideMenuCollapsedLangAsInSettingsLingua_18-50-13] Element found and ready (attempt 1): By.xpath: //ytd-topbar-menu-button-renderer[@class='style-scope ytd-masthead style-default']
18:54:33 [TestNG-test-Yt Master Tests-2] INFO  verifyingSideMenuCollapsedLangAsInSettingsLingua_18-50-13 - getLangAttribute() - locating <html> and reading lang property
18:54:33 [TestNG-test-Yt Master Tests-2] INFO  verifyingSideMenuCollapsedLangAsInSettingsLingua_18-50-13 - Language attribute read: ko-KR
18:54:33 [TestNG-test-Yt Master Tests-2] INFO  verifyingSideMenuCollapsedLangAsInSettingsLingua_18-50-13 - Fetching the side menu in collapsed view
18:54:33 [TestNG-test-Yt Master Tests-2] INFO  verifyingSideMenuCollapsedLangAsInSettingsLingua_18-50-13 - [verifyingSideMenuCollapsedLangAsInSettingsLingua_18-50-13] Finding elements list: By.xpath: //ytd-mini-guide-renderer[@class='style-scope ytd-app']//ytd-mini-guide-entry-renderer
18:54:33 [TestNG-test-Yt Master Tests-2] INFO  verifyingSideMenuCollapsedLangAsInSettingsLingua_18-50-13 - [verifyingSideMenuCollapsedLangAsInSettingsLingua_18-50-13] Found 4 ready elements (attempt 1): By.xpath: //ytd-mini-guide-renderer[@class='style-scope ytd-app']//ytd-mini-guide-entry-renderer
18:54:33 [TestNG-test-Yt Master Tests-2] INFO  verifyingSideMenuCollapsedLangAsInSettingsLingua_18-50-13 - 
========== LANGUAGE DETECTION ==========
Detected Language : KOREAN
Input Text        : 홈 Shorts 구독 내 페이지
========================================
18:54:33 [TestNG-test-Yt Master Tests-2] INFO  verifyingSideMenuCollapsedLangAsInSettingsLingua_18-50-13 - text sent to lingua is       홈 Shorts 구독 내 페이지
18:54:33 [TestNG-test-Yt Master Tests-2] INFO  verifyingSideMenuCollapsedLangAsInSettingsLingua_18-50-13 - getLangAttribute() - locating <html> and reading lang property
18:54:33 [TestNG-test-Yt Master Tests-2] INFO  verifyingSideMenuCollapsedLangAsInSettingsLingua_18-50-13 - Language attribute read: ko-KR
18:54:33 [TestNG-test-Yt Master Tests-2] INFO  verifyingSideMenuCollapsedLangAsInSettingsLingua_18-50-13 - Clicking settings ellipses button...
18:54:33 [TestNG-test-Yt Master Tests-2] INFO  verifyingSideMenuCollapsedLangAsInSettingsLingua_18-50-13 - [verifyingSideMenuCollapsedLangAsInSettingsLingua_18-50-13] Trying to find element: By.xpath: //ytd-topbar-menu-button-renderer[@class='style-scope ytd-masthead style-default']
18:54:33 [TestNG-test-Yt Master Tests-2] INFO  verifyingSideMenuCollapsedLangAsInSettingsLingua_18-50-13 - [verifyingSideMenuCollapsedLangAsInSettingsLingua_18-50-13] Element found and ready (attempt 1): By.xpath: //ytd-topbar-menu-button-renderer[@class='style-scope ytd-masthead style-default']
18:54:33 [TestNG-test-Yt Master Tests-2] INFO  verifyingSideMenuCollapsedLangAsInSettingsLingua_18-50-13 - Clicking language dropdown...
18:54:33 [TestNG-test-Yt Master Tests-2] INFO  verifyingSideMenuCollapsedLangAsInSettingsLingua_18-50-13 - [verifyingSideMenuCollapsedLangAsInSettingsLingua_18-50-13] Trying to find element: By.xpath: (//div[@id='content-icon'])[2]
18:54:34 [TestNG-test-Yt Master Tests-2] INFO  verifyingSideMenuCollapsedLangAsInSettingsLingua_18-50-13 - [verifyingSideMenuCollapsedLangAsInSettingsLingua_18-50-13] Element found and ready (attempt 1): By.xpath: (//div[@id='content-icon'])[2]
18:54:35 [TestNG-test-Yt Master Tests-2] INFO  verifyingSideMenuCollapsedLangAsInSettingsLingua_18-50-13 - [verifyingSideMenuCollapsedLangAsInSettingsLingua_18-50-13] Not retrying test 'verifyingSideMenuCollapsedLangAsInSettingsLingua'. Retry count: 0, Cause: The following asserts failed:
	Language detection mismatch for language=Azərbaycan expected [AZERBAIJANI] but found [TURKISH],
	Language detection mismatch for language=Bahasa Indonesia expected [INDONESIAN] but found [ENGLISH],
	Language detection mismatch for language=Bosanski expected [CROATIAN] but found [BOSNIAN],
	Language detection mismatch for language=Hrvatski expected [CROATIAN] but found [BOSNIAN]
