19:47:45 [TestNG-test-Yt Master Tests-2] INFO  verifyingSideMenuCollapsedLangAsInSettingsLingua_19-47-45 - No existing WebDriver found for current thread. Initializing a new ChromeDriver...
19:47:45 [TestNG-test-Yt Master Tests-2] INFO  verifyingSideMenuCollapsedLangAsInSettingsLingua_19-47-45 - WebDriverManager: chromedriver setup OK
19:47:47 [TestNG-test-Yt Master Tests-2] INFO  verifyingSideMenuCollapsedLangAsInSettingsLingua_19-47-45 - ChromeDriver initialized successfully for thread: 35
19:47:47 [TestNG-test-Yt Master Tests-2] INFO  verifyingSideMenuCollapsedLangAsInSettingsLingua_19-47-45 - SafeActions initialized with driver ChromeDriver: chrome on windows (a7e1767385ad153f6107e5e17c744938)
19:47:47 [TestNG-test-Yt Master Tests-2] INFO  verifyingSideMenuCollapsedLangAsInSettingsLingua_19-47-45 - Initialized YtLandingPage with driver: ChromeDriver: chrome on windows (a7e1767385ad153f6107e5e17c744938)
19:47:47 [TestNG-test-Yt Master Tests-2] INFO  verifyingSideMenuCollapsedLangAsInSettingsLingua_19-47-45 - SafeActions initialized with driver ChromeDriver: chrome on windows (a7e1767385ad153f6107e5e17c744938)
19:47:52 [TestNG-test-Yt Master Tests-2] INFO  verifyingSideMenuCollapsedLangAsInSettingsLingua_19-47-45 - Opened YouTube landing page.
19:47:52 [TestNG-test-Yt Master Tests-2] INFO  verifyingSideMenuCollapsedLangAsInSettingsLingua_19-47-45 - Clicking left ellipses in the landing page
19:47:52 [TestNG-test-Yt Master Tests-2] INFO  verifyingSideMenuCollapsedLangAsInSettingsLingua_19-47-45 - [verifyingSideMenuCollapsedLangAsInSettingsLingua_19-47-45] Trying to find element: By.xpath: //ytd-topbar-logo-renderer[@id='logo']/preceding-sibling::*[@id='guide-button']
19:47:53 [TestNG-test-Yt Master Tests-2] INFO  verifyingSideMenuCollapsedLangAsInSettingsLingua_19-47-45 - [verifyingSideMenuCollapsedLangAsInSettingsLingua_19-47-45] Element found and ready (attempt 1): By.xpath: //ytd-topbar-logo-renderer[@id='logo']/preceding-sibling::*[@id='guide-button']
19:47:53 [TestNG-test-Yt Master Tests-2] INFO  verifyingSideMenuCollapsedLangAsInSettingsLingua_19-47-45 - Clicking settings ellipses button...
19:47:53 [TestNG-test-Yt Master Tests-2] INFO  verifyingSideMenuCollapsedLangAsInSettingsLingua_19-47-45 - [verifyingSideMenuCollapsedLangAsInSettingsLingua_19-47-45] Trying to find element: By.xpath: //ytd-topbar-menu-button-renderer[@class='style-scope ytd-masthead style-default']
19:47:53 [TestNG-test-Yt Master Tests-2] INFO  verifyingSideMenuCollapsedLangAsInSettingsLingua_19-47-45 - [verifyingSideMenuCollapsedLangAsInSettingsLingua_19-47-45] Element found and ready (attempt 1): By.xpath: //ytd-topbar-menu-button-renderer[@class='style-scope ytd-masthead style-default']
19:47:53 [TestNG-test-Yt Master Tests-2] INFO  verifyingSideMenuCollapsedLangAsInSettingsLingua_19-47-45 - Clicking language dropdown...
19:47:53 [TestNG-test-Yt Master Tests-2] INFO  verifyingSideMenuCollapsedLangAsInSettingsLingua_19-47-45 - [verifyingSideMenuCollapsedLangAsInSettingsLingua_19-47-45] Trying to find element: By.xpath: (//div[@id='content-icon'])[2]
19:47:54 [TestNG-test-Yt Master Tests-2] INFO  verifyingSideMenuCollapsedLangAsInSettingsLingua_19-47-45 - [verifyingSideMenuCollapsedLangAsInSettingsLingua_19-47-45] Element found and ready (attempt 1): By.xpath: (//div[@id='content-icon'])[2]
19:47:55 [TestNG-test-Yt Master Tests-2] INFO  verifyingSideMenuCollapsedLangAsInSettingsLingua_19-47-45 - [verifyingSideMenuCollapsedLangAsInSettingsLingua_19-47-45] Execution is scheduled type /CRON Job on CI Hence refering to CI keys from UtilData
19:47:55 [TestNG-test-Yt Master Tests-2] INFO  verifyingSideMenuCollapsedLangAsInSettingsLingua_19-47-45 - Looking for language element with name: Afrikaans
19:47:55 [TestNG-test-Yt Master Tests-2] INFO  verifyingSideMenuCollapsedLangAsInSettingsLingua_19-47-45 - [verifyingSideMenuCollapsedLangAsInSettingsLingua_19-47-45] Trying to find element: By.xpath: //yt-multi-page-menu-section-renderer[@class='style-scope ytd-multi-page-menu-renderer']//yt-formatted-string[@id='label' and text()='Afrikaans']
19:47:55 [TestNG-test-Yt Master Tests-2] INFO  verifyingSideMenuCollapsedLangAsInSettingsLingua_19-47-45 - [verifyingSideMenuCollapsedLangAsInSettingsLingua_19-47-45] Element found and ready (attempt 1): By.xpath: //yt-multi-page-menu-section-renderer[@class='style-scope ytd-multi-page-menu-renderer']//yt-formatted-string[@id='label' and text()='Afrikaans']
19:47:55 [TestNG-test-Yt Master Tests-2] INFO  verifyingSideMenuCollapsedLangAsInSettingsLingua_19-47-45 - [verifyingSideMenuCollapsedLangAsInSettingsLingua_19-47-45] Trying to find element: By.xpath: //yt-multi-page-menu-section-renderer[@class='style-scope ytd-multi-page-menu-renderer']//yt-formatted-string[@id='label' and text()='Afrikaans']
19:47:55 [TestNG-test-Yt Master Tests-2] INFO  verifyingSideMenuCollapsedLangAsInSettingsLingua_19-47-45 - [verifyingSideMenuCollapsedLangAsInSettingsLingua_19-47-45] Element found and ready (attempt 1): By.xpath: //yt-multi-page-menu-section-renderer[@class='style-scope ytd-multi-page-menu-renderer']//yt-formatted-string[@id='label' and text()='Afrikaans']
19:47:57 [TestNG-test-Yt Master Tests-2] INFO  verifyingSideMenuCollapsedLangAsInSettingsLingua_19-47-45 - Clicking settings ellipses button...
19:47:58 [TestNG-test-Yt Master Tests-2] INFO  verifyingSideMenuCollapsedLangAsInSettingsLingua_19-47-45 - [verifyingSideMenuCollapsedLangAsInSettingsLingua_19-47-45] Trying to find element: By.xpath: //ytd-topbar-menu-button-renderer[@class='style-scope ytd-masthead style-default']
19:47:58 [TestNG-test-Yt Master Tests-2] INFO  verifyingSideMenuCollapsedLangAsInSettingsLingua_19-47-45 - [verifyingSideMenuCollapsedLangAsInSettingsLingua_19-47-45] Element found and ready (attempt 1): By.xpath: //ytd-topbar-menu-button-renderer[@class='style-scope ytd-masthead style-default']
19:47:59 [TestNG-test-Yt Master Tests-2] INFO  verifyingSideMenuCollapsedLangAsInSettingsLingua_19-47-45 - [verifyingSideMenuCollapsedLangAsInSettingsLingua_19-47-45] Waiting until element is visible in viewport
19:48:01 [TestNG-test-Yt Master Tests-2] INFO  verifyingSideMenuCollapsedLangAsInSettingsLingua_19-47-45 - Clicking settings ellipses button...
19:48:01 [TestNG-test-Yt Master Tests-2] INFO  verifyingSideMenuCollapsedLangAsInSettingsLingua_19-47-45 - [verifyingSideMenuCollapsedLangAsInSettingsLingua_19-47-45] Trying to find element: By.xpath: //ytd-topbar-menu-button-renderer[@class='style-scope ytd-masthead style-default']
19:48:01 [TestNG-test-Yt Master Tests-2] INFO  verifyingSideMenuCollapsedLangAsInSettingsLingua_19-47-45 - [verifyingSideMenuCollapsedLangAsInSettingsLingua_19-47-45] Element found and ready (attempt 1): By.xpath: //ytd-topbar-menu-button-renderer[@class='style-scope ytd-masthead style-default']
19:48:02 [TestNG-test-Yt Master Tests-2] INFO  verifyingSideMenuCollapsedLangAsInSettingsLingua_19-47-45 - getLangAttribute() - locating <html> and reading lang property
19:48:02 [TestNG-test-Yt Master Tests-2] INFO  verifyingSideMenuCollapsedLangAsInSettingsLingua_19-47-45 - Language attribute read: af-ZA
19:48:02 [TestNG-test-Yt Master Tests-2] INFO  verifyingSideMenuCollapsedLangAsInSettingsLingua_19-47-45 - Fetching the side menu in collapsed view
19:48:02 [TestNG-test-Yt Master Tests-2] INFO  verifyingSideMenuCollapsedLangAsInSettingsLingua_19-47-45 - [verifyingSideMenuCollapsedLangAsInSettingsLingua_19-47-45] Finding elements list: By.xpath: //ytd-mini-guide-renderer[@class='style-scope ytd-app']//ytd-mini-guide-entry-renderer
19:48:02 [TestNG-test-Yt Master Tests-2] INFO  verifyingSideMenuCollapsedLangAsInSettingsLingua_19-47-45 - [verifyingSideMenuCollapsedLangAsInSettingsLingua_19-47-45] Found 4 ready elements (attempt 1): By.xpath: //ytd-mini-guide-renderer[@class='style-scope ytd-app']//ytd-mini-guide-entry-renderer
19:48:10 [TestNG-test-Yt Master Tests-2] INFO  verifyingSideMenuCollapsedLangAsInSettingsLingua_19-47-45 - 
========== LANGUAGE DETECTION ==========
Detected Language : AFRIKAANS
Input Text        : Tuis Kortvideo's Intekeninge Myne
========================================
19:48:10 [TestNG-test-Yt Master Tests-2] INFO  verifyingSideMenuCollapsedLangAsInSettingsLingua_19-47-45 - text sent to lingua is       Tuis Kortvideo's Intekeninge Myne
19:48:10 [TestNG-test-Yt Master Tests-2] INFO  verifyingSideMenuCollapsedLangAsInSettingsLingua_19-47-45 - getLangAttribute() - locating <html> and reading lang property
19:48:10 [TestNG-test-Yt Master Tests-2] INFO  verifyingSideMenuCollapsedLangAsInSettingsLingua_19-47-45 - Language attribute read: af-ZA
19:48:10 [TestNG-test-Yt Master Tests-2] INFO  verifyingSideMenuCollapsedLangAsInSettingsLingua_19-47-45 - Clicking settings ellipses button...
19:48:10 [TestNG-test-Yt Master Tests-2] INFO  verifyingSideMenuCollapsedLangAsInSettingsLingua_19-47-45 - [verifyingSideMenuCollapsedLangAsInSettingsLingua_19-47-45] Trying to find element: By.xpath: //ytd-topbar-menu-button-renderer[@class='style-scope ytd-masthead style-default']
19:48:10 [TestNG-test-Yt Master Tests-2] INFO  verifyingSideMenuCollapsedLangAsInSettingsLingua_19-47-45 - [verifyingSideMenuCollapsedLangAsInSettingsLingua_19-47-45] Element found and ready (attempt 1): By.xpath: //ytd-topbar-menu-button-renderer[@class='style-scope ytd-masthead style-default']
19:48:10 [TestNG-test-Yt Master Tests-2] INFO  verifyingSideMenuCollapsedLangAsInSettingsLingua_19-47-45 - Clicking language dropdown...
19:48:10 [TestNG-test-Yt Master Tests-2] INFO  verifyingSideMenuCollapsedLangAsInSettingsLingua_19-47-45 - [verifyingSideMenuCollapsedLangAsInSettingsLingua_19-47-45] Trying to find element: By.xpath: (//div[@id='content-icon'])[2]
19:48:11 [TestNG-test-Yt Master Tests-2] INFO  verifyingSideMenuCollapsedLangAsInSettingsLingua_19-47-45 - [verifyingSideMenuCollapsedLangAsInSettingsLingua_19-47-45] Element found and ready (attempt 1): By.xpath: (//div[@id='content-icon'])[2]
19:48:11 [TestNG-test-Yt Master Tests-2] INFO  verifyingSideMenuCollapsedLangAsInSettingsLingua_19-47-45 - Looking for language element with name: Azərbaycan
19:48:11 [TestNG-test-Yt Master Tests-2] INFO  verifyingSideMenuCollapsedLangAsInSettingsLingua_19-47-45 - [verifyingSideMenuCollapsedLangAsInSettingsLingua_19-47-45] Trying to find element: By.xpath: //yt-multi-page-menu-section-renderer[@class='style-scope ytd-multi-page-menu-renderer']//yt-formatted-string[@id='label' and text()='Azərbaycan']
19:48:12 [TestNG-test-Yt Master Tests-2] INFO  verifyingSideMenuCollapsedLangAsInSettingsLingua_19-47-45 - [verifyingSideMenuCollapsedLangAsInSettingsLingua_19-47-45] Element found and ready (attempt 1): By.xpath: //yt-multi-page-menu-section-renderer[@class='style-scope ytd-multi-page-menu-renderer']//yt-formatted-string[@id='label' and text()='Azərbaycan']
19:48:12 [TestNG-test-Yt Master Tests-2] INFO  verifyingSideMenuCollapsedLangAsInSettingsLingua_19-47-45 - [verifyingSideMenuCollapsedLangAsInSettingsLingua_19-47-45] Trying to find element: By.xpath: //yt-multi-page-menu-section-renderer[@class='style-scope ytd-multi-page-menu-renderer']//yt-formatted-string[@id='label' and text()='Azərbaycan']
19:48:12 [TestNG-test-Yt Master Tests-2] INFO  verifyingSideMenuCollapsedLangAsInSettingsLingua_19-47-45 - [verifyingSideMenuCollapsedLangAsInSettingsLingua_19-47-45] Element found and ready (attempt 1): By.xpath: //yt-multi-page-menu-section-renderer[@class='style-scope ytd-multi-page-menu-renderer']//yt-formatted-string[@id='label' and text()='Azərbaycan']
19:48:14 [TestNG-test-Yt Master Tests-2] INFO  verifyingSideMenuCollapsedLangAsInSettingsLingua_19-47-45 - Clicking settings ellipses button...
19:48:14 [TestNG-test-Yt Master Tests-2] INFO  verifyingSideMenuCollapsedLangAsInSettingsLingua_19-47-45 - [verifyingSideMenuCollapsedLangAsInSettingsLingua_19-47-45] Trying to find element: By.xpath: //ytd-topbar-menu-button-renderer[@class='style-scope ytd-masthead style-default']
19:48:15 [TestNG-test-Yt Master Tests-2] INFO  verifyingSideMenuCollapsedLangAsInSettingsLingua_19-47-45 - [verifyingSideMenuCollapsedLangAsInSettingsLingua_19-47-45] Element found and ready (attempt 1): By.xpath: //ytd-topbar-menu-button-renderer[@class='style-scope ytd-masthead style-default']
19:48:15 [TestNG-test-Yt Master Tests-2] INFO  verifyingSideMenuCollapsedLangAsInSettingsLingua_19-47-45 - [verifyingSideMenuCollapsedLangAsInSettingsLingua_19-47-45] Waiting until element is visible in viewport
19:48:16 [TestNG-test-Yt Master Tests-2] INFO  verifyingSideMenuCollapsedLangAsInSettingsLingua_19-47-45 - Clicking settings ellipses button...
19:48:16 [TestNG-test-Yt Master Tests-2] INFO  verifyingSideMenuCollapsedLangAsInSettingsLingua_19-47-45 - [verifyingSideMenuCollapsedLangAsInSettingsLingua_19-47-45] Trying to find element: By.xpath: //ytd-topbar-menu-button-renderer[@class='style-scope ytd-masthead style-default']
19:48:16 [TestNG-test-Yt Master Tests-2] INFO  verifyingSideMenuCollapsedLangAsInSettingsLingua_19-47-45 - [verifyingSideMenuCollapsedLangAsInSettingsLingua_19-47-45] Element found and ready (attempt 1): By.xpath: //ytd-topbar-menu-button-renderer[@class='style-scope ytd-masthead style-default']
19:48:16 [TestNG-test-Yt Master Tests-2] INFO  verifyingSideMenuCollapsedLangAsInSettingsLingua_19-47-45 - getLangAttribute() - locating <html> and reading lang property
19:48:16 [TestNG-test-Yt Master Tests-2] INFO  verifyingSideMenuCollapsedLangAsInSettingsLingua_19-47-45 - Language attribute read: az-Latn-AZ
19:48:16 [TestNG-test-Yt Master Tests-2] INFO  verifyingSideMenuCollapsedLangAsInSettingsLingua_19-47-45 - Fetching the side menu in collapsed view
19:48:16 [TestNG-test-Yt Master Tests-2] INFO  verifyingSideMenuCollapsedLangAsInSettingsLingua_19-47-45 - [verifyingSideMenuCollapsedLangAsInSettingsLingua_19-47-45] Finding elements list: By.xpath: //ytd-mini-guide-renderer[@class='style-scope ytd-app']//ytd-mini-guide-entry-renderer
19:48:16 [TestNG-test-Yt Master Tests-2] INFO  verifyingSideMenuCollapsedLangAsInSettingsLingua_19-47-45 - [verifyingSideMenuCollapsedLangAsInSettingsLingua_19-47-45] Found 4 ready elements (attempt 1): By.xpath: //ytd-mini-guide-renderer[@class='style-scope ytd-app']//ytd-mini-guide-entry-renderer
19:48:17 [TestNG-test-Yt Master Tests-2] INFO  verifyingSideMenuCollapsedLangAsInSettingsLingua_19-47-45 - 
========== LANGUAGE DETECTION ==========
Detected Language : TURKISH
Input Text        : Ev Shorts Abunəliklər Siz
========================================
19:48:17 [TestNG-test-Yt Master Tests-2] INFO  verifyingSideMenuCollapsedLangAsInSettingsLingua_19-47-45 - text sent to lingua is       Ev Shorts Abunəliklər Siz
19:48:17 [TestNG-test-Yt Master Tests-2] INFO  verifyingSideMenuCollapsedLangAsInSettingsLingua_19-47-45 - getLangAttribute() - locating <html> and reading lang property
19:48:17 [TestNG-test-Yt Master Tests-2] INFO  verifyingSideMenuCollapsedLangAsInSettingsLingua_19-47-45 - Language attribute read: az-Latn-AZ
19:48:17 [TestNG-test-Yt Master Tests-2] INFO  verifyingSideMenuCollapsedLangAsInSettingsLingua_19-47-45 - Clicking settings ellipses button...
19:48:17 [TestNG-test-Yt Master Tests-2] INFO  verifyingSideMenuCollapsedLangAsInSettingsLingua_19-47-45 - [verifyingSideMenuCollapsedLangAsInSettingsLingua_19-47-45] Trying to find element: By.xpath: //ytd-topbar-menu-button-renderer[@class='style-scope ytd-masthead style-default']
19:48:17 [TestNG-test-Yt Master Tests-2] INFO  verifyingSideMenuCollapsedLangAsInSettingsLingua_19-47-45 - [verifyingSideMenuCollapsedLangAsInSettingsLingua_19-47-45] Element found and ready (attempt 1): By.xpath: //ytd-topbar-menu-button-renderer[@class='style-scope ytd-masthead style-default']
19:48:17 [TestNG-test-Yt Master Tests-2] INFO  verifyingSideMenuCollapsedLangAsInSettingsLingua_19-47-45 - Clicking language dropdown...
19:48:17 [TestNG-test-Yt Master Tests-2] INFO  verifyingSideMenuCollapsedLangAsInSettingsLingua_19-47-45 - [verifyingSideMenuCollapsedLangAsInSettingsLingua_19-47-45] Trying to find element: By.xpath: (//div[@id='content-icon'])[2]
19:48:18 [TestNG-test-Yt Master Tests-2] INFO  verifyingSideMenuCollapsedLangAsInSettingsLingua_19-47-45 - [verifyingSideMenuCollapsedLangAsInSettingsLingua_19-47-45] Element found and ready (attempt 1): By.xpath: (//div[@id='content-icon'])[2]
19:48:18 [TestNG-test-Yt Master Tests-2] INFO  verifyingSideMenuCollapsedLangAsInSettingsLingua_19-47-45 - Looking for language element with name: Bahasa Indonesia
19:48:18 [TestNG-test-Yt Master Tests-2] INFO  verifyingSideMenuCollapsedLangAsInSettingsLingua_19-47-45 - [verifyingSideMenuCollapsedLangAsInSettingsLingua_19-47-45] Trying to find element: By.xpath: //yt-multi-page-menu-section-renderer[@class='style-scope ytd-multi-page-menu-renderer']//yt-formatted-string[@id='label' and text()='Bahasa Indonesia']
19:48:18 [TestNG-test-Yt Master Tests-2] INFO  verifyingSideMenuCollapsedLangAsInSettingsLingua_19-47-45 - [verifyingSideMenuCollapsedLangAsInSettingsLingua_19-47-45] Element found and ready (attempt 1): By.xpath: //yt-multi-page-menu-section-renderer[@class='style-scope ytd-multi-page-menu-renderer']//yt-formatted-string[@id='label' and text()='Bahasa Indonesia']
19:48:19 [TestNG-test-Yt Master Tests-2] INFO  verifyingSideMenuCollapsedLangAsInSettingsLingua_19-47-45 - [verifyingSideMenuCollapsedLangAsInSettingsLingua_19-47-45] Trying to find element: By.xpath: //yt-multi-page-menu-section-renderer[@class='style-scope ytd-multi-page-menu-renderer']//yt-formatted-string[@id='label' and text()='Bahasa Indonesia']
19:48:19 [TestNG-test-Yt Master Tests-2] INFO  verifyingSideMenuCollapsedLangAsInSettingsLingua_19-47-45 - [verifyingSideMenuCollapsedLangAsInSettingsLingua_19-47-45] Element found and ready (attempt 1): By.xpath: //yt-multi-page-menu-section-renderer[@class='style-scope ytd-multi-page-menu-renderer']//yt-formatted-string[@id='label' and text()='Bahasa Indonesia']
19:48:20 [TestNG-test-Yt Master Tests-2] INFO  verifyingSideMenuCollapsedLangAsInSettingsLingua_19-47-45 - Clicking settings ellipses button...
19:48:20 [TestNG-test-Yt Master Tests-2] INFO  verifyingSideMenuCollapsedLangAsInSettingsLingua_19-47-45 - [verifyingSideMenuCollapsedLangAsInSettingsLingua_19-47-45] Trying to find element: By.xpath: //ytd-topbar-menu-button-renderer[@class='style-scope ytd-masthead style-default']
19:48:20 [TestNG-test-Yt Master Tests-2] INFO  verifyingSideMenuCollapsedLangAsInSettingsLingua_19-47-45 - [verifyingSideMenuCollapsedLangAsInSettingsLingua_19-47-45] Element found and ready (attempt 1): By.xpath: //ytd-topbar-menu-button-renderer[@class='style-scope ytd-masthead style-default']
19:48:20 [TestNG-test-Yt Master Tests-2] INFO  verifyingSideMenuCollapsedLangAsInSettingsLingua_19-47-45 - [verifyingSideMenuCollapsedLangAsInSettingsLingua_19-47-45] Waiting until element is visible in viewport
19:48:21 [TestNG-test-Yt Master Tests-2] INFO  verifyingSideMenuCollapsedLangAsInSettingsLingua_19-47-45 - Clicking settings ellipses button...
19:48:21 [TestNG-test-Yt Master Tests-2] INFO  verifyingSideMenuCollapsedLangAsInSettingsLingua_19-47-45 - [verifyingSideMenuCollapsedLangAsInSettingsLingua_19-47-45] Trying to find element: By.xpath: //ytd-topbar-menu-button-renderer[@class='style-scope ytd-masthead style-default']
19:48:21 [TestNG-test-Yt Master Tests-2] INFO  verifyingSideMenuCollapsedLangAsInSettingsLingua_19-47-45 - [verifyingSideMenuCollapsedLangAsInSettingsLingua_19-47-45] Element found and ready (attempt 1): By.xpath: //ytd-topbar-menu-button-renderer[@class='style-scope ytd-masthead style-default']
19:48:21 [TestNG-test-Yt Master Tests-2] INFO  verifyingSideMenuCollapsedLangAsInSettingsLingua_19-47-45 - getLangAttribute() - locating <html> and reading lang property
19:48:21 [TestNG-test-Yt Master Tests-2] INFO  verifyingSideMenuCollapsedLangAsInSettingsLingua_19-47-45 - Language attribute read: id-ID
19:48:21 [TestNG-test-Yt Master Tests-2] INFO  verifyingSideMenuCollapsedLangAsInSettingsLingua_19-47-45 - Fetching the side menu in collapsed view
19:48:21 [TestNG-test-Yt Master Tests-2] INFO  verifyingSideMenuCollapsedLangAsInSettingsLingua_19-47-45 - [verifyingSideMenuCollapsedLangAsInSettingsLingua_19-47-45] Finding elements list: By.xpath: //ytd-mini-guide-renderer[@class='style-scope ytd-app']//ytd-mini-guide-entry-renderer
19:48:21 [TestNG-test-Yt Master Tests-2] INFO  verifyingSideMenuCollapsedLangAsInSettingsLingua_19-47-45 - [verifyingSideMenuCollapsedLangAsInSettingsLingua_19-47-45] Found 4 ready elements (attempt 1): By.xpath: //ytd-mini-guide-renderer[@class='style-scope ytd-app']//ytd-mini-guide-entry-renderer
19:48:22 [TestNG-test-Yt Master Tests-2] INFO  verifyingSideMenuCollapsedLangAsInSettingsLingua_19-47-45 - 
========== LANGUAGE DETECTION ==========
Detected Language : ENGLISH
Input Text        : Beranda Shorts Subscription Anda
========================================
19:48:22 [TestNG-test-Yt Master Tests-2] INFO  verifyingSideMenuCollapsedLangAsInSettingsLingua_19-47-45 - text sent to lingua is       Beranda Shorts Subscription Anda
19:48:22 [TestNG-test-Yt Master Tests-2] INFO  verifyingSideMenuCollapsedLangAsInSettingsLingua_19-47-45 - getLangAttribute() - locating <html> and reading lang property
19:48:22 [TestNG-test-Yt Master Tests-2] INFO  verifyingSideMenuCollapsedLangAsInSettingsLingua_19-47-45 - Language attribute read: id-ID
19:48:22 [TestNG-test-Yt Master Tests-2] INFO  verifyingSideMenuCollapsedLangAsInSettingsLingua_19-47-45 - Clicking settings ellipses button...
19:48:22 [TestNG-test-Yt Master Tests-2] INFO  verifyingSideMenuCollapsedLangAsInSettingsLingua_19-47-45 - [verifyingSideMenuCollapsedLangAsInSettingsLingua_19-47-45] Trying to find element: By.xpath: //ytd-topbar-menu-button-renderer[@class='style-scope ytd-masthead style-default']
19:48:22 [TestNG-test-Yt Master Tests-2] INFO  verifyingSideMenuCollapsedLangAsInSettingsLingua_19-47-45 - [verifyingSideMenuCollapsedLangAsInSettingsLingua_19-47-45] Element found and ready (attempt 1): By.xpath: //ytd-topbar-menu-button-renderer[@class='style-scope ytd-masthead style-default']
19:48:22 [TestNG-test-Yt Master Tests-2] INFO  verifyingSideMenuCollapsedLangAsInSettingsLingua_19-47-45 - Clicking language dropdown...
19:48:22 [TestNG-test-Yt Master Tests-2] INFO  verifyingSideMenuCollapsedLangAsInSettingsLingua_19-47-45 - [verifyingSideMenuCollapsedLangAsInSettingsLingua_19-47-45] Trying to find element: By.xpath: (//div[@id='content-icon'])[2]
19:48:23 [TestNG-test-Yt Master Tests-2] INFO  verifyingSideMenuCollapsedLangAsInSettingsLingua_19-47-45 - [verifyingSideMenuCollapsedLangAsInSettingsLingua_19-47-45] Element found and ready (attempt 1): By.xpath: (//div[@id='content-icon'])[2]
19:48:23 [TestNG-test-Yt Master Tests-2] INFO  verifyingSideMenuCollapsedLangAsInSettingsLingua_19-47-45 - Looking for language element with name: Bosanski
19:48:23 [TestNG-test-Yt Master Tests-2] INFO  verifyingSideMenuCollapsedLangAsInSettingsLingua_19-47-45 - [verifyingSideMenuCollapsedLangAsInSettingsLingua_19-47-45] Trying to find element: By.xpath: //yt-multi-page-menu-section-renderer[@class='style-scope ytd-multi-page-menu-renderer']//yt-formatted-string[@id='label' and text()='Bosanski']
19:48:24 [TestNG-test-Yt Master Tests-2] INFO  verifyingSideMenuCollapsedLangAsInSettingsLingua_19-47-45 - [verifyingSideMenuCollapsedLangAsInSettingsLingua_19-47-45] Element found and ready (attempt 1): By.xpath: //yt-multi-page-menu-section-renderer[@class='style-scope ytd-multi-page-menu-renderer']//yt-formatted-string[@id='label' and text()='Bosanski']
19:48:24 [TestNG-test-Yt Master Tests-2] INFO  verifyingSideMenuCollapsedLangAsInSettingsLingua_19-47-45 - [verifyingSideMenuCollapsedLangAsInSettingsLingua_19-47-45] Trying to find element: By.xpath: //yt-multi-page-menu-section-renderer[@class='style-scope ytd-multi-page-menu-renderer']//yt-formatted-string[@id='label' and text()='Bosanski']
19:48:24 [TestNG-test-Yt Master Tests-2] INFO  verifyingSideMenuCollapsedLangAsInSettingsLingua_19-47-45 - [verifyingSideMenuCollapsedLangAsInSettingsLingua_19-47-45] Element found and ready (attempt 1): By.xpath: //yt-multi-page-menu-section-renderer[@class='style-scope ytd-multi-page-menu-renderer']//yt-formatted-string[@id='label' and text()='Bosanski']
19:48:26 [TestNG-test-Yt Master Tests-2] INFO  verifyingSideMenuCollapsedLangAsInSettingsLingua_19-47-45 - Clicking settings ellipses button...
19:48:26 [TestNG-test-Yt Master Tests-2] INFO  verifyingSideMenuCollapsedLangAsInSettingsLingua_19-47-45 - [verifyingSideMenuCollapsedLangAsInSettingsLingua_19-47-45] Trying to find element: By.xpath: //ytd-topbar-menu-button-renderer[@class='style-scope ytd-masthead style-default']
19:48:27 [TestNG-test-Yt Master Tests-2] INFO  verifyingSideMenuCollapsedLangAsInSettingsLingua_19-47-45 - [verifyingSideMenuCollapsedLangAsInSettingsLingua_19-47-45] Element found and ready (attempt 1): By.xpath: //ytd-topbar-menu-button-renderer[@class='style-scope ytd-masthead style-default']
19:48:27 [TestNG-test-Yt Master Tests-2] INFO  verifyingSideMenuCollapsedLangAsInSettingsLingua_19-47-45 - [verifyingSideMenuCollapsedLangAsInSettingsLingua_19-47-45] Waiting until element is visible in viewport
19:48:27 [TestNG-test-Yt Master Tests-2] INFO  verifyingSideMenuCollapsedLangAsInSettingsLingua_19-47-45 - Clicking settings ellipses button...
19:48:27 [TestNG-test-Yt Master Tests-2] INFO  verifyingSideMenuCollapsedLangAsInSettingsLingua_19-47-45 - [verifyingSideMenuCollapsedLangAsInSettingsLingua_19-47-45] Trying to find element: By.xpath: //ytd-topbar-menu-button-renderer[@class='style-scope ytd-masthead style-default']
19:48:27 [TestNG-test-Yt Master Tests-2] INFO  verifyingSideMenuCollapsedLangAsInSettingsLingua_19-47-45 - [verifyingSideMenuCollapsedLangAsInSettingsLingua_19-47-45] Element found and ready (attempt 1): By.xpath: //ytd-topbar-menu-button-renderer[@class='style-scope ytd-masthead style-default']
19:48:28 [TestNG-test-Yt Master Tests-2] INFO  verifyingSideMenuCollapsedLangAsInSettingsLingua_19-47-45 - getLangAttribute() - locating <html> and reading lang property
19:48:28 [TestNG-test-Yt Master Tests-2] INFO  verifyingSideMenuCollapsedLangAsInSettingsLingua_19-47-45 - Language attribute read: bs-Latn-BA
19:48:28 [TestNG-test-Yt Master Tests-2] INFO  verifyingSideMenuCollapsedLangAsInSettingsLingua_19-47-45 - Fetching the side menu in collapsed view
19:48:28 [TestNG-test-Yt Master Tests-2] INFO  verifyingSideMenuCollapsedLangAsInSettingsLingua_19-47-45 - [verifyingSideMenuCollapsedLangAsInSettingsLingua_19-47-45] Finding elements list: By.xpath: //ytd-mini-guide-renderer[@class='style-scope ytd-app']//ytd-mini-guide-entry-renderer
19:48:28 [TestNG-test-Yt Master Tests-2] INFO  verifyingSideMenuCollapsedLangAsInSettingsLingua_19-47-45 - [verifyingSideMenuCollapsedLangAsInSettingsLingua_19-47-45] Found 4 ready elements (attempt 1): By.xpath: //ytd-mini-guide-renderer[@class='style-scope ytd-app']//ytd-mini-guide-entry-renderer
19:48:28 [TestNG-test-Yt Master Tests-2] INFO  verifyingSideMenuCollapsedLangAsInSettingsLingua_19-47-45 - 
========== LANGUAGE DETECTION ==========
Detected Language : BOSNIAN
Input Text        : Početna stranica Shorts Pretplate Vi
========================================
19:48:28 [TestNG-test-Yt Master Tests-2] INFO  verifyingSideMenuCollapsedLangAsInSettingsLingua_19-47-45 - text sent to lingua is       Početna stranica Shorts Pretplate Vi
19:48:28 [TestNG-test-Yt Master Tests-2] INFO  verifyingSideMenuCollapsedLangAsInSettingsLingua_19-47-45 - getLangAttribute() - locating <html> and reading lang property
19:48:28 [TestNG-test-Yt Master Tests-2] INFO  verifyingSideMenuCollapsedLangAsInSettingsLingua_19-47-45 - Language attribute read: bs-Latn-BA
19:48:28 [TestNG-test-Yt Master Tests-2] INFO  verifyingSideMenuCollapsedLangAsInSettingsLingua_19-47-45 - Clicking settings ellipses button...
19:48:28 [TestNG-test-Yt Master Tests-2] INFO  verifyingSideMenuCollapsedLangAsInSettingsLingua_19-47-45 - [verifyingSideMenuCollapsedLangAsInSettingsLingua_19-47-45] Trying to find element: By.xpath: //ytd-topbar-menu-button-renderer[@class='style-scope ytd-masthead style-default']
19:48:28 [TestNG-test-Yt Master Tests-2] INFO  verifyingSideMenuCollapsedLangAsInSettingsLingua_19-47-45 - [verifyingSideMenuCollapsedLangAsInSettingsLingua_19-47-45] Element found and ready (attempt 1): By.xpath: //ytd-topbar-menu-button-renderer[@class='style-scope ytd-masthead style-default']
19:48:28 [TestNG-test-Yt Master Tests-2] INFO  verifyingSideMenuCollapsedLangAsInSettingsLingua_19-47-45 - Clicking language dropdown...
19:48:28 [TestNG-test-Yt Master Tests-2] INFO  verifyingSideMenuCollapsedLangAsInSettingsLingua_19-47-45 - [verifyingSideMenuCollapsedLangAsInSettingsLingua_19-47-45] Trying to find element: By.xpath: (//div[@id='content-icon'])[2]
19:48:29 [TestNG-test-Yt Master Tests-2] INFO  verifyingSideMenuCollapsedLangAsInSettingsLingua_19-47-45 - [verifyingSideMenuCollapsedLangAsInSettingsLingua_19-47-45] Element found and ready (attempt 1): By.xpath: (//div[@id='content-icon'])[2]
19:48:29 [TestNG-test-Yt Master Tests-2] INFO  verifyingSideMenuCollapsedLangAsInSettingsLingua_19-47-45 - Looking for language element with name: Català
19:48:29 [TestNG-test-Yt Master Tests-2] INFO  verifyingSideMenuCollapsedLangAsInSettingsLingua_19-47-45 - [verifyingSideMenuCollapsedLangAsInSettingsLingua_19-47-45] Trying to find element: By.xpath: //yt-multi-page-menu-section-renderer[@class='style-scope ytd-multi-page-menu-renderer']//yt-formatted-string[@id='label' and text()='Català']
19:48:29 [TestNG-test-Yt Master Tests-2] INFO  verifyingSideMenuCollapsedLangAsInSettingsLingua_19-47-45 - [verifyingSideMenuCollapsedLangAsInSettingsLingua_19-47-45] Element found and ready (attempt 1): By.xpath: //yt-multi-page-menu-section-renderer[@class='style-scope ytd-multi-page-menu-renderer']//yt-formatted-string[@id='label' and text()='Català']
19:48:29 [TestNG-test-Yt Master Tests-2] INFO  verifyingSideMenuCollapsedLangAsInSettingsLingua_19-47-45 - [verifyingSideMenuCollapsedLangAsInSettingsLingua_19-47-45] Trying to find element: By.xpath: //yt-multi-page-menu-section-renderer[@class='style-scope ytd-multi-page-menu-renderer']//yt-formatted-string[@id='label' and text()='Català']
19:48:29 [TestNG-test-Yt Master Tests-2] INFO  verifyingSideMenuCollapsedLangAsInSettingsLingua_19-47-45 - [verifyingSideMenuCollapsedLangAsInSettingsLingua_19-47-45] Element found and ready (attempt 1): By.xpath: //yt-multi-page-menu-section-renderer[@class='style-scope ytd-multi-page-menu-renderer']//yt-formatted-string[@id='label' and text()='Català']
19:48:31 [TestNG-test-Yt Master Tests-2] INFO  verifyingSideMenuCollapsedLangAsInSettingsLingua_19-47-45 - Clicking settings ellipses button...
19:48:31 [TestNG-test-Yt Master Tests-2] INFO  verifyingSideMenuCollapsedLangAsInSettingsLingua_19-47-45 - [verifyingSideMenuCollapsedLangAsInSettingsLingua_19-47-45] Trying to find element: By.xpath: //ytd-topbar-menu-button-renderer[@class='style-scope ytd-masthead style-default']
19:48:31 [TestNG-test-Yt Master Tests-2] INFO  verifyingSideMenuCollapsedLangAsInSettingsLingua_19-47-45 - [verifyingSideMenuCollapsedLangAsInSettingsLingua_19-47-45] Element found and ready (attempt 1): By.xpath: //ytd-topbar-menu-button-renderer[@class='style-scope ytd-masthead style-default']
19:48:31 [TestNG-test-Yt Master Tests-2] INFO  verifyingSideMenuCollapsedLangAsInSettingsLingua_19-47-45 - [verifyingSideMenuCollapsedLangAsInSettingsLingua_19-47-45] Waiting until element is visible in viewport
19:48:32 [TestNG-test-Yt Master Tests-2] INFO  verifyingSideMenuCollapsedLangAsInSettingsLingua_19-47-45 - Clicking settings ellipses button...
19:48:32 [TestNG-test-Yt Master Tests-2] INFO  verifyingSideMenuCollapsedLangAsInSettingsLingua_19-47-45 - [verifyingSideMenuCollapsedLangAsInSettingsLingua_19-47-45] Trying to find element: By.xpath: //ytd-topbar-menu-button-renderer[@class='style-scope ytd-masthead style-default']
19:48:32 [TestNG-test-Yt Master Tests-2] INFO  verifyingSideMenuCollapsedLangAsInSettingsLingua_19-47-45 - [verifyingSideMenuCollapsedLangAsInSettingsLingua_19-47-45] Element found and ready (attempt 1): By.xpath: //ytd-topbar-menu-button-renderer[@class='style-scope ytd-masthead style-default']
19:48:32 [TestNG-test-Yt Master Tests-2] INFO  verifyingSideMenuCollapsedLangAsInSettingsLingua_19-47-45 - getLangAttribute() - locating <html> and reading lang property
19:48:32 [TestNG-test-Yt Master Tests-2] INFO  verifyingSideMenuCollapsedLangAsInSettingsLingua_19-47-45 - Language attribute read: ca-ES
19:48:32 [TestNG-test-Yt Master Tests-2] INFO  verifyingSideMenuCollapsedLangAsInSettingsLingua_19-47-45 - Fetching the side menu in collapsed view
19:48:32 [TestNG-test-Yt Master Tests-2] INFO  verifyingSideMenuCollapsedLangAsInSettingsLingua_19-47-45 - [verifyingSideMenuCollapsedLangAsInSettingsLingua_19-47-45] Finding elements list: By.xpath: //ytd-mini-guide-renderer[@class='style-scope ytd-app']//ytd-mini-guide-entry-renderer
19:48:32 [TestNG-test-Yt Master Tests-2] INFO  verifyingSideMenuCollapsedLangAsInSettingsLingua_19-47-45 - [verifyingSideMenuCollapsedLangAsInSettingsLingua_19-47-45] Found 4 ready elements (attempt 1): By.xpath: //ytd-mini-guide-renderer[@class='style-scope ytd-app']//ytd-mini-guide-entry-renderer
19:48:33 [TestNG-test-Yt Master Tests-2] INFO  verifyingSideMenuCollapsedLangAsInSettingsLingua_19-47-45 - 
========== LANGUAGE DETECTION ==========
Detected Language : CATALAN
Input Text        : Inici YouTube Shorts Subscripcions Tu
========================================
19:48:33 [TestNG-test-Yt Master Tests-2] INFO  verifyingSideMenuCollapsedLangAsInSettingsLingua_19-47-45 - text sent to lingua is       Inici YouTube Shorts Subscripcions Tu
19:48:33 [TestNG-test-Yt Master Tests-2] INFO  verifyingSideMenuCollapsedLangAsInSettingsLingua_19-47-45 - getLangAttribute() - locating <html> and reading lang property
19:48:33 [TestNG-test-Yt Master Tests-2] INFO  verifyingSideMenuCollapsedLangAsInSettingsLingua_19-47-45 - Language attribute read: ca-ES
19:48:33 [TestNG-test-Yt Master Tests-2] INFO  verifyingSideMenuCollapsedLangAsInSettingsLingua_19-47-45 - Clicking settings ellipses button...
19:48:33 [TestNG-test-Yt Master Tests-2] INFO  verifyingSideMenuCollapsedLangAsInSettingsLingua_19-47-45 - [verifyingSideMenuCollapsedLangAsInSettingsLingua_19-47-45] Trying to find element: By.xpath: //ytd-topbar-menu-button-renderer[@class='style-scope ytd-masthead style-default']
19:48:33 [TestNG-test-Yt Master Tests-2] INFO  verifyingSideMenuCollapsedLangAsInSettingsLingua_19-47-45 - [verifyingSideMenuCollapsedLangAsInSettingsLingua_19-47-45] Element found and ready (attempt 1): By.xpath: //ytd-topbar-menu-button-renderer[@class='style-scope ytd-masthead style-default']
19:48:33 [TestNG-test-Yt Master Tests-2] INFO  verifyingSideMenuCollapsedLangAsInSettingsLingua_19-47-45 - Clicking language dropdown...
19:48:33 [TestNG-test-Yt Master Tests-2] INFO  verifyingSideMenuCollapsedLangAsInSettingsLingua_19-47-45 - [verifyingSideMenuCollapsedLangAsInSettingsLingua_19-47-45] Trying to find element: By.xpath: (//div[@id='content-icon'])[2]
19:48:34 [TestNG-test-Yt Master Tests-2] INFO  verifyingSideMenuCollapsedLangAsInSettingsLingua_19-47-45 - [verifyingSideMenuCollapsedLangAsInSettingsLingua_19-47-45] Element found and ready (attempt 1): By.xpath: (//div[@id='content-icon'])[2]
19:48:35 [TestNG-test-Yt Master Tests-2] INFO  verifyingSideMenuCollapsedLangAsInSettingsLingua_19-47-45 - Looking for language element with name: Dansk
19:48:35 [TestNG-test-Yt Master Tests-2] INFO  verifyingSideMenuCollapsedLangAsInSettingsLingua_19-47-45 - [verifyingSideMenuCollapsedLangAsInSettingsLingua_19-47-45] Trying to find element: By.xpath: //yt-multi-page-menu-section-renderer[@class='style-scope ytd-multi-page-menu-renderer']//yt-formatted-string[@id='label' and text()='Dansk']
19:48:35 [TestNG-test-Yt Master Tests-2] INFO  verifyingSideMenuCollapsedLangAsInSettingsLingua_19-47-45 - [verifyingSideMenuCollapsedLangAsInSettingsLingua_19-47-45] Element found and ready (attempt 1): By.xpath: //yt-multi-page-menu-section-renderer[@class='style-scope ytd-multi-page-menu-renderer']//yt-formatted-string[@id='label' and text()='Dansk']
19:48:35 [TestNG-test-Yt Master Tests-2] INFO  verifyingSideMenuCollapsedLangAsInSettingsLingua_19-47-45 - [verifyingSideMenuCollapsedLangAsInSettingsLingua_19-47-45] Trying to find element: By.xpath: //yt-multi-page-menu-section-renderer[@class='style-scope ytd-multi-page-menu-renderer']//yt-formatted-string[@id='label' and text()='Dansk']
19:48:35 [TestNG-test-Yt Master Tests-2] INFO  verifyingSideMenuCollapsedLangAsInSettingsLingua_19-47-45 - [verifyingSideMenuCollapsedLangAsInSettingsLingua_19-47-45] Element found and ready (attempt 1): By.xpath: //yt-multi-page-menu-section-renderer[@class='style-scope ytd-multi-page-menu-renderer']//yt-formatted-string[@id='label' and text()='Dansk']
19:48:37 [TestNG-test-Yt Master Tests-2] INFO  verifyingSideMenuCollapsedLangAsInSettingsLingua_19-47-45 - Clicking settings ellipses button...
19:48:37 [TestNG-test-Yt Master Tests-2] INFO  verifyingSideMenuCollapsedLangAsInSettingsLingua_19-47-45 - [verifyingSideMenuCollapsedLangAsInSettingsLingua_19-47-45] Trying to find element: By.xpath: //ytd-topbar-menu-button-renderer[@class='style-scope ytd-masthead style-default']
19:48:37 [TestNG-test-Yt Master Tests-2] INFO  verifyingSideMenuCollapsedLangAsInSettingsLingua_19-47-45 - [verifyingSideMenuCollapsedLangAsInSettingsLingua_19-47-45] Element found and ready (attempt 1): By.xpath: //ytd-topbar-menu-button-renderer[@class='style-scope ytd-masthead style-default']
19:48:38 [TestNG-test-Yt Master Tests-2] INFO  verifyingSideMenuCollapsedLangAsInSettingsLingua_19-47-45 - [verifyingSideMenuCollapsedLangAsInSettingsLingua_19-47-45] Waiting until element is visible in viewport
19:48:38 [TestNG-test-Yt Master Tests-2] INFO  verifyingSideMenuCollapsedLangAsInSettingsLingua_19-47-45 - Clicking settings ellipses button...
19:48:38 [TestNG-test-Yt Master Tests-2] INFO  verifyingSideMenuCollapsedLangAsInSettingsLingua_19-47-45 - [verifyingSideMenuCollapsedLangAsInSettingsLingua_19-47-45] Trying to find element: By.xpath: //ytd-topbar-menu-button-renderer[@class='style-scope ytd-masthead style-default']
19:48:39 [TestNG-test-Yt Master Tests-2] INFO  verifyingSideMenuCollapsedLangAsInSettingsLingua_19-47-45 - [verifyingSideMenuCollapsedLangAsInSettingsLingua_19-47-45] Element found and ready (attempt 1): By.xpath: //ytd-topbar-menu-button-renderer[@class='style-scope ytd-masthead style-default']
19:48:39 [TestNG-test-Yt Master Tests-2] INFO  verifyingSideMenuCollapsedLangAsInSettingsLingua_19-47-45 - getLangAttribute() - locating <html> and reading lang property
19:48:39 [TestNG-test-Yt Master Tests-2] INFO  verifyingSideMenuCollapsedLangAsInSettingsLingua_19-47-45 - Language attribute read: da-DK
19:48:39 [TestNG-test-Yt Master Tests-2] INFO  verifyingSideMenuCollapsedLangAsInSettingsLingua_19-47-45 - Fetching the side menu in collapsed view
19:48:39 [TestNG-test-Yt Master Tests-2] INFO  verifyingSideMenuCollapsedLangAsInSettingsLingua_19-47-45 - [verifyingSideMenuCollapsedLangAsInSettingsLingua_19-47-45] Finding elements list: By.xpath: //ytd-mini-guide-renderer[@class='style-scope ytd-app']//ytd-mini-guide-entry-renderer
19:48:39 [TestNG-test-Yt Master Tests-2] INFO  verifyingSideMenuCollapsedLangAsInSettingsLingua_19-47-45 - [verifyingSideMenuCollapsedLangAsInSettingsLingua_19-47-45] Found 4 ready elements (attempt 1): By.xpath: //ytd-mini-guide-renderer[@class='style-scope ytd-app']//ytd-mini-guide-entry-renderer
19:48:39 [TestNG-test-Yt Master Tests-2] INFO  verifyingSideMenuCollapsedLangAsInSettingsLingua_19-47-45 - 
========== LANGUAGE DETECTION ==========
Detected Language : DANISH
Input Text        : Start Shorts Abonnementer Dig
========================================
19:48:39 [TestNG-test-Yt Master Tests-2] INFO  verifyingSideMenuCollapsedLangAsInSettingsLingua_19-47-45 - text sent to lingua is       Start Shorts Abonnementer Dig
19:48:39 [TestNG-test-Yt Master Tests-2] INFO  verifyingSideMenuCollapsedLangAsInSettingsLingua_19-47-45 - getLangAttribute() - locating <html> and reading lang property
19:48:39 [TestNG-test-Yt Master Tests-2] INFO  verifyingSideMenuCollapsedLangAsInSettingsLingua_19-47-45 - Language attribute read: da-DK
19:48:39 [TestNG-test-Yt Master Tests-2] INFO  verifyingSideMenuCollapsedLangAsInSettingsLingua_19-47-45 - Clicking settings ellipses button...
19:48:40 [TestNG-test-Yt Master Tests-2] INFO  verifyingSideMenuCollapsedLangAsInSettingsLingua_19-47-45 - [verifyingSideMenuCollapsedLangAsInSettingsLingua_19-47-45] Trying to find element: By.xpath: //ytd-topbar-menu-button-renderer[@class='style-scope ytd-masthead style-default']
19:48:40 [TestNG-test-Yt Master Tests-2] INFO  verifyingSideMenuCollapsedLangAsInSettingsLingua_19-47-45 - [verifyingSideMenuCollapsedLangAsInSettingsLingua_19-47-45] Element found and ready (attempt 1): By.xpath: //ytd-topbar-menu-button-renderer[@class='style-scope ytd-masthead style-default']
19:48:40 [TestNG-test-Yt Master Tests-2] INFO  verifyingSideMenuCollapsedLangAsInSettingsLingua_19-47-45 - Clicking language dropdown...
19:48:40 [TestNG-test-Yt Master Tests-2] INFO  verifyingSideMenuCollapsedLangAsInSettingsLingua_19-47-45 - [verifyingSideMenuCollapsedLangAsInSettingsLingua_19-47-45] Trying to find element: By.xpath: (//div[@id='content-icon'])[2]
19:48:40 [TestNG-test-Yt Master Tests-2] INFO  verifyingSideMenuCollapsedLangAsInSettingsLingua_19-47-45 - [verifyingSideMenuCollapsedLangAsInSettingsLingua_19-47-45] Element found and ready (attempt 1): By.xpath: (//div[@id='content-icon'])[2]
19:48:41 [TestNG-test-Yt Master Tests-2] INFO  verifyingSideMenuCollapsedLangAsInSettingsLingua_19-47-45 - Looking for language element with name: Deutsch
19:48:41 [TestNG-test-Yt Master Tests-2] INFO  verifyingSideMenuCollapsedLangAsInSettingsLingua_19-47-45 - [verifyingSideMenuCollapsedLangAsInSettingsLingua_19-47-45] Trying to find element: By.xpath: //yt-multi-page-menu-section-renderer[@class='style-scope ytd-multi-page-menu-renderer']//yt-formatted-string[@id='label' and text()='Deutsch']
19:48:41 [TestNG-test-Yt Master Tests-2] INFO  verifyingSideMenuCollapsedLangAsInSettingsLingua_19-47-45 - [verifyingSideMenuCollapsedLangAsInSettingsLingua_19-47-45] Element found and ready (attempt 1): By.xpath: //yt-multi-page-menu-section-renderer[@class='style-scope ytd-multi-page-menu-renderer']//yt-formatted-string[@id='label' and text()='Deutsch']
19:48:41 [TestNG-test-Yt Master Tests-2] INFO  verifyingSideMenuCollapsedLangAsInSettingsLingua_19-47-45 - [verifyingSideMenuCollapsedLangAsInSettingsLingua_19-47-45] Trying to find element: By.xpath: //yt-multi-page-menu-section-renderer[@class='style-scope ytd-multi-page-menu-renderer']//yt-formatted-string[@id='label' and text()='Deutsch']
19:48:41 [TestNG-test-Yt Master Tests-2] INFO  verifyingSideMenuCollapsedLangAsInSettingsLingua_19-47-45 - [verifyingSideMenuCollapsedLangAsInSettingsLingua_19-47-45] Element found and ready (attempt 1): By.xpath: //yt-multi-page-menu-section-renderer[@class='style-scope ytd-multi-page-menu-renderer']//yt-formatted-string[@id='label' and text()='Deutsch']
19:48:43 [TestNG-test-Yt Master Tests-2] INFO  verifyingSideMenuCollapsedLangAsInSettingsLingua_19-47-45 - Clicking settings ellipses button...
19:48:43 [TestNG-test-Yt Master Tests-2] INFO  verifyingSideMenuCollapsedLangAsInSettingsLingua_19-47-45 - [verifyingSideMenuCollapsedLangAsInSettingsLingua_19-47-45] Trying to find element: By.xpath: //ytd-topbar-menu-button-renderer[@class='style-scope ytd-masthead style-default']
19:48:43 [TestNG-test-Yt Master Tests-2] INFO  verifyingSideMenuCollapsedLangAsInSettingsLingua_19-47-45 - [verifyingSideMenuCollapsedLangAsInSettingsLingua_19-47-45] Element found and ready (attempt 1): By.xpath: //ytd-topbar-menu-button-renderer[@class='style-scope ytd-masthead style-default']
19:48:43 [TestNG-test-Yt Master Tests-2] INFO  verifyingSideMenuCollapsedLangAsInSettingsLingua_19-47-45 - [verifyingSideMenuCollapsedLangAsInSettingsLingua_19-47-45] Waiting until element is visible in viewport
19:48:44 [TestNG-test-Yt Master Tests-2] INFO  verifyingSideMenuCollapsedLangAsInSettingsLingua_19-47-45 - Clicking settings ellipses button...
19:48:44 [TestNG-test-Yt Master Tests-2] INFO  verifyingSideMenuCollapsedLangAsInSettingsLingua_19-47-45 - [verifyingSideMenuCollapsedLangAsInSettingsLingua_19-47-45] Trying to find element: By.xpath: //ytd-topbar-menu-button-renderer[@class='style-scope ytd-masthead style-default']
19:48:44 [TestNG-test-Yt Master Tests-2] INFO  verifyingSideMenuCollapsedLangAsInSettingsLingua_19-47-45 - [verifyingSideMenuCollapsedLangAsInSettingsLingua_19-47-45] Element found and ready (attempt 1): By.xpath: //ytd-topbar-menu-button-renderer[@class='style-scope ytd-masthead style-default']
19:48:44 [TestNG-test-Yt Master Tests-2] INFO  verifyingSideMenuCollapsedLangAsInSettingsLingua_19-47-45 - getLangAttribute() - locating <html> and reading lang property
19:48:44 [TestNG-test-Yt Master Tests-2] INFO  verifyingSideMenuCollapsedLangAsInSettingsLingua_19-47-45 - Language attribute read: de-DE
19:48:44 [TestNG-test-Yt Master Tests-2] INFO  verifyingSideMenuCollapsedLangAsInSettingsLingua_19-47-45 - Fetching the side menu in collapsed view
19:48:44 [TestNG-test-Yt Master Tests-2] INFO  verifyingSideMenuCollapsedLangAsInSettingsLingua_19-47-45 - [verifyingSideMenuCollapsedLangAsInSettingsLingua_19-47-45] Finding elements list: By.xpath: //ytd-mini-guide-renderer[@class='style-scope ytd-app']//ytd-mini-guide-entry-renderer
19:48:45 [TestNG-test-Yt Master Tests-2] INFO  verifyingSideMenuCollapsedLangAsInSettingsLingua_19-47-45 - [verifyingSideMenuCollapsedLangAsInSettingsLingua_19-47-45] Found 4 ready elements (attempt 1): By.xpath: //ytd-mini-guide-renderer[@class='style-scope ytd-app']//ytd-mini-guide-entry-renderer
19:48:45 [TestNG-test-Yt Master Tests-2] INFO  verifyingSideMenuCollapsedLangAsInSettingsLingua_19-47-45 - 
========== LANGUAGE DETECTION ==========
Detected Language : GERMAN
Input Text        : Startseite Shorts Abos Mein YouTube
========================================
19:48:45 [TestNG-test-Yt Master Tests-2] INFO  verifyingSideMenuCollapsedLangAsInSettingsLingua_19-47-45 - text sent to lingua is       Startseite Shorts Abos Mein YouTube
19:48:45 [TestNG-test-Yt Master Tests-2] INFO  verifyingSideMenuCollapsedLangAsInSettingsLingua_19-47-45 - getLangAttribute() - locating <html> and reading lang property
19:48:45 [TestNG-test-Yt Master Tests-2] INFO  verifyingSideMenuCollapsedLangAsInSettingsLingua_19-47-45 - Language attribute read: de-DE
19:48:45 [TestNG-test-Yt Master Tests-2] INFO  verifyingSideMenuCollapsedLangAsInSettingsLingua_19-47-45 - Clicking settings ellipses button...
19:48:45 [TestNG-test-Yt Master Tests-2] INFO  verifyingSideMenuCollapsedLangAsInSettingsLingua_19-47-45 - [verifyingSideMenuCollapsedLangAsInSettingsLingua_19-47-45] Trying to find element: By.xpath: //ytd-topbar-menu-button-renderer[@class='style-scope ytd-masthead style-default']
19:48:45 [TestNG-test-Yt Master Tests-2] INFO  verifyingSideMenuCollapsedLangAsInSettingsLingua_19-47-45 - [verifyingSideMenuCollapsedLangAsInSettingsLingua_19-47-45] Element found and ready (attempt 1): By.xpath: //ytd-topbar-menu-button-renderer[@class='style-scope ytd-masthead style-default']
19:48:45 [TestNG-test-Yt Master Tests-2] INFO  verifyingSideMenuCollapsedLangAsInSettingsLingua_19-47-45 - Clicking language dropdown...
19:48:45 [TestNG-test-Yt Master Tests-2] INFO  verifyingSideMenuCollapsedLangAsInSettingsLingua_19-47-45 - [verifyingSideMenuCollapsedLangAsInSettingsLingua_19-47-45] Trying to find element: By.xpath: (//div[@id='content-icon'])[2]
19:48:46 [TestNG-test-Yt Master Tests-2] INFO  verifyingSideMenuCollapsedLangAsInSettingsLingua_19-47-45 - [verifyingSideMenuCollapsedLangAsInSettingsLingua_19-47-45] Element found and ready (attempt 1): By.xpath: (//div[@id='content-icon'])[2]
19:48:46 [TestNG-test-Yt Master Tests-2] INFO  verifyingSideMenuCollapsedLangAsInSettingsLingua_19-47-45 - Looking for language element with name: Eesti
19:48:46 [TestNG-test-Yt Master Tests-2] INFO  verifyingSideMenuCollapsedLangAsInSettingsLingua_19-47-45 - [verifyingSideMenuCollapsedLangAsInSettingsLingua_19-47-45] Trying to find element: By.xpath: //yt-multi-page-menu-section-renderer[@class='style-scope ytd-multi-page-menu-renderer']//yt-formatted-string[@id='label' and text()='Eesti']
19:48:46 [TestNG-test-Yt Master Tests-2] INFO  verifyingSideMenuCollapsedLangAsInSettingsLingua_19-47-45 - [verifyingSideMenuCollapsedLangAsInSettingsLingua_19-47-45] Element found and ready (attempt 1): By.xpath: //yt-multi-page-menu-section-renderer[@class='style-scope ytd-multi-page-menu-renderer']//yt-formatted-string[@id='label' and text()='Eesti']
19:48:46 [TestNG-test-Yt Master Tests-2] INFO  verifyingSideMenuCollapsedLangAsInSettingsLingua_19-47-45 - [verifyingSideMenuCollapsedLangAsInSettingsLingua_19-47-45] Trying to find element: By.xpath: //yt-multi-page-menu-section-renderer[@class='style-scope ytd-multi-page-menu-renderer']//yt-formatted-string[@id='label' and text()='Eesti']
19:48:47 [TestNG-test-Yt Master Tests-2] INFO  verifyingSideMenuCollapsedLangAsInSettingsLingua_19-47-45 - [verifyingSideMenuCollapsedLangAsInSettingsLingua_19-47-45] Element found and ready (attempt 1): By.xpath: //yt-multi-page-menu-section-renderer[@class='style-scope ytd-multi-page-menu-renderer']//yt-formatted-string[@id='label' and text()='Eesti']
19:48:50 [TestNG-test-Yt Master Tests-2] INFO  verifyingSideMenuCollapsedLangAsInSettingsLingua_19-47-45 - Clicking settings ellipses button...
19:48:50 [TestNG-test-Yt Master Tests-2] INFO  verifyingSideMenuCollapsedLangAsInSettingsLingua_19-47-45 - [verifyingSideMenuCollapsedLangAsInSettingsLingua_19-47-45] Trying to find element: By.xpath: //ytd-topbar-menu-button-renderer[@class='style-scope ytd-masthead style-default']
19:48:51 [TestNG-test-Yt Master Tests-2] INFO  verifyingSideMenuCollapsedLangAsInSettingsLingua_19-47-45 - [verifyingSideMenuCollapsedLangAsInSettingsLingua_19-47-45] Element found and ready (attempt 1): By.xpath: //ytd-topbar-menu-button-renderer[@class='style-scope ytd-masthead style-default']
19:48:51 [TestNG-test-Yt Master Tests-2] INFO  verifyingSideMenuCollapsedLangAsInSettingsLingua_19-47-45 - [verifyingSideMenuCollapsedLangAsInSettingsLingua_19-47-45] Waiting until element is visible in viewport
19:48:52 [TestNG-test-Yt Master Tests-2] INFO  verifyingSideMenuCollapsedLangAsInSettingsLingua_19-47-45 - Clicking settings ellipses button...
19:48:52 [TestNG-test-Yt Master Tests-2] INFO  verifyingSideMenuCollapsedLangAsInSettingsLingua_19-47-45 - [verifyingSideMenuCollapsedLangAsInSettingsLingua_19-47-45] Trying to find element: By.xpath: //ytd-topbar-menu-button-renderer[@class='style-scope ytd-masthead style-default']
19:48:52 [TestNG-test-Yt Master Tests-2] INFO  verifyingSideMenuCollapsedLangAsInSettingsLingua_19-47-45 - [verifyingSideMenuCollapsedLangAsInSettingsLingua_19-47-45] Element found and ready (attempt 1): By.xpath: //ytd-topbar-menu-button-renderer[@class='style-scope ytd-masthead style-default']
19:48:52 [TestNG-test-Yt Master Tests-2] INFO  verifyingSideMenuCollapsedLangAsInSettingsLingua_19-47-45 - getLangAttribute() - locating <html> and reading lang property
19:48:52 [TestNG-test-Yt Master Tests-2] INFO  verifyingSideMenuCollapsedLangAsInSettingsLingua_19-47-45 - Language attribute read: et-EE
19:48:52 [TestNG-test-Yt Master Tests-2] INFO  verifyingSideMenuCollapsedLangAsInSettingsLingua_19-47-45 - Fetching the side menu in collapsed view
19:48:52 [TestNG-test-Yt Master Tests-2] INFO  verifyingSideMenuCollapsedLangAsInSettingsLingua_19-47-45 - [verifyingSideMenuCollapsedLangAsInSettingsLingua_19-47-45] Finding elements list: By.xpath: //ytd-mini-guide-renderer[@class='style-scope ytd-app']//ytd-mini-guide-entry-renderer
19:48:53 [TestNG-test-Yt Master Tests-2] INFO  verifyingSideMenuCollapsedLangAsInSettingsLingua_19-47-45 - [verifyingSideMenuCollapsedLangAsInSettingsLingua_19-47-45] Found 4 ready elements (attempt 1): By.xpath: //ytd-mini-guide-renderer[@class='style-scope ytd-app']//ytd-mini-guide-entry-renderer
19:48:53 [TestNG-test-Yt Master Tests-2] INFO  verifyingSideMenuCollapsedLangAsInSettingsLingua_19-47-45 - 
========== LANGUAGE DETECTION ==========
Detected Language : ESTONIAN
Input Text        : Avaleht Shorts Tellimused Teie
========================================
19:48:53 [TestNG-test-Yt Master Tests-2] INFO  verifyingSideMenuCollapsedLangAsInSettingsLingua_19-47-45 - text sent to lingua is       Avaleht Shorts Tellimused Teie
19:48:53 [TestNG-test-Yt Master Tests-2] INFO  verifyingSideMenuCollapsedLangAsInSettingsLingua_19-47-45 - getLangAttribute() - locating <html> and reading lang property
19:48:53 [TestNG-test-Yt Master Tests-2] INFO  verifyingSideMenuCollapsedLangAsInSettingsLingua_19-47-45 - Language attribute read: et-EE
19:48:53 [TestNG-test-Yt Master Tests-2] INFO  verifyingSideMenuCollapsedLangAsInSettingsLingua_19-47-45 - Clicking settings ellipses button...
19:48:53 [TestNG-test-Yt Master Tests-2] INFO  verifyingSideMenuCollapsedLangAsInSettingsLingua_19-47-45 - [verifyingSideMenuCollapsedLangAsInSettingsLingua_19-47-45] Trying to find element: By.xpath: //ytd-topbar-menu-button-renderer[@class='style-scope ytd-masthead style-default']
19:48:53 [TestNG-test-Yt Master Tests-2] INFO  verifyingSideMenuCollapsedLangAsInSettingsLingua_19-47-45 - [verifyingSideMenuCollapsedLangAsInSettingsLingua_19-47-45] Element found and ready (attempt 1): By.xpath: //ytd-topbar-menu-button-renderer[@class='style-scope ytd-masthead style-default']
19:48:53 [TestNG-test-Yt Master Tests-2] INFO  verifyingSideMenuCollapsedLangAsInSettingsLingua_19-47-45 - Clicking language dropdown...
19:48:53 [TestNG-test-Yt Master Tests-2] INFO  verifyingSideMenuCollapsedLangAsInSettingsLingua_19-47-45 - [verifyingSideMenuCollapsedLangAsInSettingsLingua_19-47-45] Trying to find element: By.xpath: (//div[@id='content-icon'])[2]
19:48:54 [TestNG-test-Yt Master Tests-2] INFO  verifyingSideMenuCollapsedLangAsInSettingsLingua_19-47-45 - [verifyingSideMenuCollapsedLangAsInSettingsLingua_19-47-45] Element found and ready (attempt 1): By.xpath: (//div[@id='content-icon'])[2]
19:48:55 [TestNG-test-Yt Master Tests-2] INFO  verifyingSideMenuCollapsedLangAsInSettingsLingua_19-47-45 - Looking for language element with name: English (India)
19:48:55 [TestNG-test-Yt Master Tests-2] INFO  verifyingSideMenuCollapsedLangAsInSettingsLingua_19-47-45 - [verifyingSideMenuCollapsedLangAsInSettingsLingua_19-47-45] Trying to find element: By.xpath: //yt-multi-page-menu-section-renderer[@class='style-scope ytd-multi-page-menu-renderer']//yt-formatted-string[@id='label' and text()='English (India)']
19:48:55 [TestNG-test-Yt Master Tests-2] INFO  verifyingSideMenuCollapsedLangAsInSettingsLingua_19-47-45 - [verifyingSideMenuCollapsedLangAsInSettingsLingua_19-47-45] Element found and ready (attempt 1): By.xpath: //yt-multi-page-menu-section-renderer[@class='style-scope ytd-multi-page-menu-renderer']//yt-formatted-string[@id='label' and text()='English (India)']
19:48:55 [TestNG-test-Yt Master Tests-2] INFO  verifyingSideMenuCollapsedLangAsInSettingsLingua_19-47-45 - [verifyingSideMenuCollapsedLangAsInSettingsLingua_19-47-45] Trying to find element: By.xpath: //yt-multi-page-menu-section-renderer[@class='style-scope ytd-multi-page-menu-renderer']//yt-formatted-string[@id='label' and text()='English (India)']
19:48:55 [TestNG-test-Yt Master Tests-2] INFO  verifyingSideMenuCollapsedLangAsInSettingsLingua_19-47-45 - [verifyingSideMenuCollapsedLangAsInSettingsLingua_19-47-45] Element found and ready (attempt 1): By.xpath: //yt-multi-page-menu-section-renderer[@class='style-scope ytd-multi-page-menu-renderer']//yt-formatted-string[@id='label' and text()='English (India)']
19:48:56 [TestNG-test-Yt Master Tests-2] INFO  verifyingSideMenuCollapsedLangAsInSettingsLingua_19-47-45 - Clicking settings ellipses button...
19:48:57 [TestNG-test-Yt Master Tests-2] INFO  verifyingSideMenuCollapsedLangAsInSettingsLingua_19-47-45 - [verifyingSideMenuCollapsedLangAsInSettingsLingua_19-47-45] Trying to find element: By.xpath: //ytd-topbar-menu-button-renderer[@class='style-scope ytd-masthead style-default']
19:48:57 [TestNG-test-Yt Master Tests-2] INFO  verifyingSideMenuCollapsedLangAsInSettingsLingua_19-47-45 - [verifyingSideMenuCollapsedLangAsInSettingsLingua_19-47-45] Element found and ready (attempt 1): By.xpath: //ytd-topbar-menu-button-renderer[@class='style-scope ytd-masthead style-default']
19:48:57 [TestNG-test-Yt Master Tests-2] INFO  verifyingSideMenuCollapsedLangAsInSettingsLingua_19-47-45 - [verifyingSideMenuCollapsedLangAsInSettingsLingua_19-47-45] Waiting until element is visible in viewport
19:48:58 [TestNG-test-Yt Master Tests-2] INFO  verifyingSideMenuCollapsedLangAsInSettingsLingua_19-47-45 - Clicking settings ellipses button...
19:48:58 [TestNG-test-Yt Master Tests-2] INFO  verifyingSideMenuCollapsedLangAsInSettingsLingua_19-47-45 - [verifyingSideMenuCollapsedLangAsInSettingsLingua_19-47-45] Trying to find element: By.xpath: //ytd-topbar-menu-button-renderer[@class='style-scope ytd-masthead style-default']
19:48:58 [TestNG-test-Yt Master Tests-2] INFO  verifyingSideMenuCollapsedLangAsInSettingsLingua_19-47-45 - [verifyingSideMenuCollapsedLangAsInSettingsLingua_19-47-45] Element found and ready (attempt 1): By.xpath: //ytd-topbar-menu-button-renderer[@class='style-scope ytd-masthead style-default']
19:48:58 [TestNG-test-Yt Master Tests-2] INFO  verifyingSideMenuCollapsedLangAsInSettingsLingua_19-47-45 - getLangAttribute() - locating <html> and reading lang property
19:48:58 [TestNG-test-Yt Master Tests-2] INFO  verifyingSideMenuCollapsedLangAsInSettingsLingua_19-47-45 - Language attribute read: en-IN
19:48:58 [TestNG-test-Yt Master Tests-2] INFO  verifyingSideMenuCollapsedLangAsInSettingsLingua_19-47-45 - Fetching the side menu in collapsed view
19:48:58 [TestNG-test-Yt Master Tests-2] INFO  verifyingSideMenuCollapsedLangAsInSettingsLingua_19-47-45 - [verifyingSideMenuCollapsedLangAsInSettingsLingua_19-47-45] Finding elements list: By.xpath: //ytd-mini-guide-renderer[@class='style-scope ytd-app']//ytd-mini-guide-entry-renderer
19:48:58 [TestNG-test-Yt Master Tests-2] INFO  verifyingSideMenuCollapsedLangAsInSettingsLingua_19-47-45 - [verifyingSideMenuCollapsedLangAsInSettingsLingua_19-47-45] Found 4 ready elements (attempt 1): By.xpath: //ytd-mini-guide-renderer[@class='style-scope ytd-app']//ytd-mini-guide-entry-renderer
19:48:59 [TestNG-test-Yt Master Tests-2] INFO  verifyingSideMenuCollapsedLangAsInSettingsLingua_19-47-45 - 
========== LANGUAGE DETECTION ==========
Detected Language : ENGLISH
Input Text        : Home Shorts Subscriptions You
========================================
19:48:59 [TestNG-test-Yt Master Tests-2] INFO  verifyingSideMenuCollapsedLangAsInSettingsLingua_19-47-45 - text sent to lingua is       Home Shorts Subscriptions You
19:48:59 [TestNG-test-Yt Master Tests-2] INFO  verifyingSideMenuCollapsedLangAsInSettingsLingua_19-47-45 - getLangAttribute() - locating <html> and reading lang property
19:48:59 [TestNG-test-Yt Master Tests-2] INFO  verifyingSideMenuCollapsedLangAsInSettingsLingua_19-47-45 - Language attribute read: en-IN
19:48:59 [TestNG-test-Yt Master Tests-2] INFO  verifyingSideMenuCollapsedLangAsInSettingsLingua_19-47-45 - Clicking settings ellipses button...
19:48:59 [TestNG-test-Yt Master Tests-2] INFO  verifyingSideMenuCollapsedLangAsInSettingsLingua_19-47-45 - [verifyingSideMenuCollapsedLangAsInSettingsLingua_19-47-45] Trying to find element: By.xpath: //ytd-topbar-menu-button-renderer[@class='style-scope ytd-masthead style-default']
19:48:59 [TestNG-test-Yt Master Tests-2] INFO  verifyingSideMenuCollapsedLangAsInSettingsLingua_19-47-45 - [verifyingSideMenuCollapsedLangAsInSettingsLingua_19-47-45] Element found and ready (attempt 1): By.xpath: //ytd-topbar-menu-button-renderer[@class='style-scope ytd-masthead style-default']
19:48:59 [TestNG-test-Yt Master Tests-2] INFO  verifyingSideMenuCollapsedLangAsInSettingsLingua_19-47-45 - Clicking language dropdown...
19:48:59 [TestNG-test-Yt Master Tests-2] INFO  verifyingSideMenuCollapsedLangAsInSettingsLingua_19-47-45 - [verifyingSideMenuCollapsedLangAsInSettingsLingua_19-47-45] Trying to find element: By.xpath: (//div[@id='content-icon'])[2]
19:48:59 [TestNG-test-Yt Master Tests-2] INFO  verifyingSideMenuCollapsedLangAsInSettingsLingua_19-47-45 - [verifyingSideMenuCollapsedLangAsInSettingsLingua_19-47-45] Element found and ready (attempt 1): By.xpath: (//div[@id='content-icon'])[2]
19:49:00 [TestNG-test-Yt Master Tests-2] INFO  verifyingSideMenuCollapsedLangAsInSettingsLingua_19-47-45 - Looking for language element with name: English (UK)
19:49:00 [TestNG-test-Yt Master Tests-2] INFO  verifyingSideMenuCollapsedLangAsInSettingsLingua_19-47-45 - [verifyingSideMenuCollapsedLangAsInSettingsLingua_19-47-45] Trying to find element: By.xpath: //yt-multi-page-menu-section-renderer[@class='style-scope ytd-multi-page-menu-renderer']//yt-formatted-string[@id='label' and text()='English (UK)']
19:49:00 [TestNG-test-Yt Master Tests-2] INFO  verifyingSideMenuCollapsedLangAsInSettingsLingua_19-47-45 - [verifyingSideMenuCollapsedLangAsInSettingsLingua_19-47-45] Element found and ready (attempt 1): By.xpath: //yt-multi-page-menu-section-renderer[@class='style-scope ytd-multi-page-menu-renderer']//yt-formatted-string[@id='label' and text()='English (UK)']
19:49:00 [TestNG-test-Yt Master Tests-2] INFO  verifyingSideMenuCollapsedLangAsInSettingsLingua_19-47-45 - [verifyingSideMenuCollapsedLangAsInSettingsLingua_19-47-45] Trying to find element: By.xpath: //yt-multi-page-menu-section-renderer[@class='style-scope ytd-multi-page-menu-renderer']//yt-formatted-string[@id='label' and text()='English (UK)']
19:49:00 [TestNG-test-Yt Master Tests-2] INFO  verifyingSideMenuCollapsedLangAsInSettingsLingua_19-47-45 - [verifyingSideMenuCollapsedLangAsInSettingsLingua_19-47-45] Element found and ready (attempt 1): By.xpath: //yt-multi-page-menu-section-renderer[@class='style-scope ytd-multi-page-menu-renderer']//yt-formatted-string[@id='label' and text()='English (UK)']
19:49:02 [TestNG-test-Yt Master Tests-2] INFO  verifyingSideMenuCollapsedLangAsInSettingsLingua_19-47-45 - Clicking settings ellipses button...
19:49:02 [TestNG-test-Yt Master Tests-2] INFO  verifyingSideMenuCollapsedLangAsInSettingsLingua_19-47-45 - [verifyingSideMenuCollapsedLangAsInSettingsLingua_19-47-45] Trying to find element: By.xpath: //ytd-topbar-menu-button-renderer[@class='style-scope ytd-masthead style-default']
19:49:02 [TestNG-test-Yt Master Tests-2] INFO  verifyingSideMenuCollapsedLangAsInSettingsLingua_19-47-45 - [verifyingSideMenuCollapsedLangAsInSettingsLingua_19-47-45] Element found and ready (attempt 1): By.xpath: //ytd-topbar-menu-button-renderer[@class='style-scope ytd-masthead style-default']
19:49:02 [TestNG-test-Yt Master Tests-2] INFO  verifyingSideMenuCollapsedLangAsInSettingsLingua_19-47-45 - [verifyingSideMenuCollapsedLangAsInSettingsLingua_19-47-45] Waiting until element is visible in viewport
19:49:03 [TestNG-test-Yt Master Tests-2] INFO  verifyingSideMenuCollapsedLangAsInSettingsLingua_19-47-45 - Clicking settings ellipses button...
19:49:03 [TestNG-test-Yt Master Tests-2] INFO  verifyingSideMenuCollapsedLangAsInSettingsLingua_19-47-45 - [verifyingSideMenuCollapsedLangAsInSettingsLingua_19-47-45] Trying to find element: By.xpath: //ytd-topbar-menu-button-renderer[@class='style-scope ytd-masthead style-default']
19:49:03 [TestNG-test-Yt Master Tests-2] INFO  verifyingSideMenuCollapsedLangAsInSettingsLingua_19-47-45 - [verifyingSideMenuCollapsedLangAsInSettingsLingua_19-47-45] Element found and ready (attempt 1): By.xpath: //ytd-topbar-menu-button-renderer[@class='style-scope ytd-masthead style-default']
19:49:04 [TestNG-test-Yt Master Tests-2] INFO  verifyingSideMenuCollapsedLangAsInSettingsLingua_19-47-45 - getLangAttribute() - locating <html> and reading lang property
19:49:04 [TestNG-test-Yt Master Tests-2] INFO  verifyingSideMenuCollapsedLangAsInSettingsLingua_19-47-45 - Language attribute read: en-GB
19:49:04 [TestNG-test-Yt Master Tests-2] INFO  verifyingSideMenuCollapsedLangAsInSettingsLingua_19-47-45 - Fetching the side menu in collapsed view
19:49:04 [TestNG-test-Yt Master Tests-2] INFO  verifyingSideMenuCollapsedLangAsInSettingsLingua_19-47-45 - [verifyingSideMenuCollapsedLangAsInSettingsLingua_19-47-45] Finding elements list: By.xpath: //ytd-mini-guide-renderer[@class='style-scope ytd-app']//ytd-mini-guide-entry-renderer
19:49:05 [TestNG-test-Yt Master Tests-2] INFO  verifyingSideMenuCollapsedLangAsInSettingsLingua_19-47-45 - [verifyingSideMenuCollapsedLangAsInSettingsLingua_19-47-45] Found 4 ready elements (attempt 1): By.xpath: //ytd-mini-guide-renderer[@class='style-scope ytd-app']//ytd-mini-guide-entry-renderer
19:49:05 [TestNG-test-Yt Master Tests-2] INFO  verifyingSideMenuCollapsedLangAsInSettingsLingua_19-47-45 - 
========== LANGUAGE DETECTION ==========
Detected Language : ENGLISH
Input Text        : Home Shorts Subscriptions You
========================================
19:49:05 [TestNG-test-Yt Master Tests-2] INFO  verifyingSideMenuCollapsedLangAsInSettingsLingua_19-47-45 - text sent to lingua is       Home Shorts Subscriptions You
19:49:05 [TestNG-test-Yt Master Tests-2] INFO  verifyingSideMenuCollapsedLangAsInSettingsLingua_19-47-45 - getLangAttribute() - locating <html> and reading lang property
19:49:05 [TestNG-test-Yt Master Tests-2] INFO  verifyingSideMenuCollapsedLangAsInSettingsLingua_19-47-45 - Language attribute read: en-GB
19:49:05 [TestNG-test-Yt Master Tests-2] INFO  verifyingSideMenuCollapsedLangAsInSettingsLingua_19-47-45 - Clicking settings ellipses button...
19:49:05 [TestNG-test-Yt Master Tests-2] INFO  verifyingSideMenuCollapsedLangAsInSettingsLingua_19-47-45 - [verifyingSideMenuCollapsedLangAsInSettingsLingua_19-47-45] Trying to find element: By.xpath: //ytd-topbar-menu-button-renderer[@class='style-scope ytd-masthead style-default']
19:49:05 [TestNG-test-Yt Master Tests-2] INFO  verifyingSideMenuCollapsedLangAsInSettingsLingua_19-47-45 - [verifyingSideMenuCollapsedLangAsInSettingsLingua_19-47-45] Element found and ready (attempt 1): By.xpath: //ytd-topbar-menu-button-renderer[@class='style-scope ytd-masthead style-default']
19:49:05 [TestNG-test-Yt Master Tests-2] INFO  verifyingSideMenuCollapsedLangAsInSettingsLingua_19-47-45 - Clicking language dropdown...
19:49:05 [TestNG-test-Yt Master Tests-2] INFO  verifyingSideMenuCollapsedLangAsInSettingsLingua_19-47-45 - [verifyingSideMenuCollapsedLangAsInSettingsLingua_19-47-45] Trying to find element: By.xpath: (//div[@id='content-icon'])[2]
19:49:06 [TestNG-test-Yt Master Tests-2] INFO  verifyingSideMenuCollapsedLangAsInSettingsLingua_19-47-45 - [verifyingSideMenuCollapsedLangAsInSettingsLingua_19-47-45] Element found and ready (attempt 1): By.xpath: (//div[@id='content-icon'])[2]
19:49:07 [TestNG-test-Yt Master Tests-2] INFO  verifyingSideMenuCollapsedLangAsInSettingsLingua_19-47-45 - Looking for language element with name: English (US)
19:49:07 [TestNG-test-Yt Master Tests-2] INFO  verifyingSideMenuCollapsedLangAsInSettingsLingua_19-47-45 - [verifyingSideMenuCollapsedLangAsInSettingsLingua_19-47-45] Trying to find element: By.xpath: //yt-multi-page-menu-section-renderer[@class='style-scope ytd-multi-page-menu-renderer']//yt-formatted-string[@id='label' and text()='English (US)']
19:49:07 [TestNG-test-Yt Master Tests-2] INFO  verifyingSideMenuCollapsedLangAsInSettingsLingua_19-47-45 - [verifyingSideMenuCollapsedLangAsInSettingsLingua_19-47-45] Element found and ready (attempt 1): By.xpath: //yt-multi-page-menu-section-renderer[@class='style-scope ytd-multi-page-menu-renderer']//yt-formatted-string[@id='label' and text()='English (US)']
19:49:07 [TestNG-test-Yt Master Tests-2] INFO  verifyingSideMenuCollapsedLangAsInSettingsLingua_19-47-45 - [verifyingSideMenuCollapsedLangAsInSettingsLingua_19-47-45] Trying to find element: By.xpath: //yt-multi-page-menu-section-renderer[@class='style-scope ytd-multi-page-menu-renderer']//yt-formatted-string[@id='label' and text()='English (US)']
19:49:07 [TestNG-test-Yt Master Tests-2] INFO  verifyingSideMenuCollapsedLangAsInSettingsLingua_19-47-45 - [verifyingSideMenuCollapsedLangAsInSettingsLingua_19-47-45] Element found and ready (attempt 1): By.xpath: //yt-multi-page-menu-section-renderer[@class='style-scope ytd-multi-page-menu-renderer']//yt-formatted-string[@id='label' and text()='English (US)']
19:49:09 [TestNG-test-Yt Master Tests-2] INFO  verifyingSideMenuCollapsedLangAsInSettingsLingua_19-47-45 - Clicking settings ellipses button...
19:49:09 [TestNG-test-Yt Master Tests-2] INFO  verifyingSideMenuCollapsedLangAsInSettingsLingua_19-47-45 - [verifyingSideMenuCollapsedLangAsInSettingsLingua_19-47-45] Trying to find element: By.xpath: //ytd-topbar-menu-button-renderer[@class='style-scope ytd-masthead style-default']
19:49:09 [TestNG-test-Yt Master Tests-2] INFO  verifyingSideMenuCollapsedLangAsInSettingsLingua_19-47-45 - [verifyingSideMenuCollapsedLangAsInSettingsLingua_19-47-45] Element found and ready (attempt 1): By.xpath: //ytd-topbar-menu-button-renderer[@class='style-scope ytd-masthead style-default']
19:49:09 [TestNG-test-Yt Master Tests-2] INFO  verifyingSideMenuCollapsedLangAsInSettingsLingua_19-47-45 - [verifyingSideMenuCollapsedLangAsInSettingsLingua_19-47-45] Waiting until element is visible in viewport
19:49:10 [TestNG-test-Yt Master Tests-2] INFO  verifyingSideMenuCollapsedLangAsInSettingsLingua_19-47-45 - Clicking settings ellipses button...
19:49:10 [TestNG-test-Yt Master Tests-2] INFO  verifyingSideMenuCollapsedLangAsInSettingsLingua_19-47-45 - [verifyingSideMenuCollapsedLangAsInSettingsLingua_19-47-45] Trying to find element: By.xpath: //ytd-topbar-menu-button-renderer[@class='style-scope ytd-masthead style-default']
19:49:10 [TestNG-test-Yt Master Tests-2] INFO  verifyingSideMenuCollapsedLangAsInSettingsLingua_19-47-45 - [verifyingSideMenuCollapsedLangAsInSettingsLingua_19-47-45] Element found and ready (attempt 1): By.xpath: //ytd-topbar-menu-button-renderer[@class='style-scope ytd-masthead style-default']
19:49:10 [TestNG-test-Yt Master Tests-2] INFO  verifyingSideMenuCollapsedLangAsInSettingsLingua_19-47-45 - getLangAttribute() - locating <html> and reading lang property
19:49:10 [TestNG-test-Yt Master Tests-2] INFO  verifyingSideMenuCollapsedLangAsInSettingsLingua_19-47-45 - Language attribute read: en
19:49:10 [TestNG-test-Yt Master Tests-2] INFO  verifyingSideMenuCollapsedLangAsInSettingsLingua_19-47-45 - Fetching the side menu in collapsed view
19:49:10 [TestNG-test-Yt Master Tests-2] INFO  verifyingSideMenuCollapsedLangAsInSettingsLingua_19-47-45 - [verifyingSideMenuCollapsedLangAsInSettingsLingua_19-47-45] Finding elements list: By.xpath: //ytd-mini-guide-renderer[@class='style-scope ytd-app']//ytd-mini-guide-entry-renderer
19:49:10 [TestNG-test-Yt Master Tests-2] INFO  verifyingSideMenuCollapsedLangAsInSettingsLingua_19-47-45 - [verifyingSideMenuCollapsedLangAsInSettingsLingua_19-47-45] Found 4 ready elements (attempt 1): By.xpath: //ytd-mini-guide-renderer[@class='style-scope ytd-app']//ytd-mini-guide-entry-renderer
19:49:10 [TestNG-test-Yt Master Tests-2] INFO  verifyingSideMenuCollapsedLangAsInSettingsLingua_19-47-45 - 
========== LANGUAGE DETECTION ==========
Detected Language : ENGLISH
Input Text        : Home Shorts Subscriptions You
========================================
19:49:10 [TestNG-test-Yt Master Tests-2] INFO  verifyingSideMenuCollapsedLangAsInSettingsLingua_19-47-45 - text sent to lingua is       Home Shorts Subscriptions You
19:49:10 [TestNG-test-Yt Master Tests-2] INFO  verifyingSideMenuCollapsedLangAsInSettingsLingua_19-47-45 - getLangAttribute() - locating <html> and reading lang property
19:49:10 [TestNG-test-Yt Master Tests-2] INFO  verifyingSideMenuCollapsedLangAsInSettingsLingua_19-47-45 - Language attribute read: en
19:49:10 [TestNG-test-Yt Master Tests-2] INFO  verifyingSideMenuCollapsedLangAsInSettingsLingua_19-47-45 - Clicking settings ellipses button...
19:49:11 [TestNG-test-Yt Master Tests-2] INFO  verifyingSideMenuCollapsedLangAsInSettingsLingua_19-47-45 - [verifyingSideMenuCollapsedLangAsInSettingsLingua_19-47-45] Trying to find element: By.xpath: //ytd-topbar-menu-button-renderer[@class='style-scope ytd-masthead style-default']
19:49:11 [TestNG-test-Yt Master Tests-2] INFO  verifyingSideMenuCollapsedLangAsInSettingsLingua_19-47-45 - [verifyingSideMenuCollapsedLangAsInSettingsLingua_19-47-45] Element found and ready (attempt 1): By.xpath: //ytd-topbar-menu-button-renderer[@class='style-scope ytd-masthead style-default']
19:49:11 [TestNG-test-Yt Master Tests-2] INFO  verifyingSideMenuCollapsedLangAsInSettingsLingua_19-47-45 - Clicking language dropdown...
19:49:11 [TestNG-test-Yt Master Tests-2] INFO  verifyingSideMenuCollapsedLangAsInSettingsLingua_19-47-45 - [verifyingSideMenuCollapsedLangAsInSettingsLingua_19-47-45] Trying to find element: By.xpath: (//div[@id='content-icon'])[2]
19:49:11 [TestNG-test-Yt Master Tests-2] INFO  verifyingSideMenuCollapsedLangAsInSettingsLingua_19-47-45 - [verifyingSideMenuCollapsedLangAsInSettingsLingua_19-47-45] Element found and ready (attempt 1): By.xpath: (//div[@id='content-icon'])[2]
19:49:12 [TestNG-test-Yt Master Tests-2] INFO  verifyingSideMenuCollapsedLangAsInSettingsLingua_19-47-45 - Looking for language element with name: Español (España)
19:49:12 [TestNG-test-Yt Master Tests-2] INFO  verifyingSideMenuCollapsedLangAsInSettingsLingua_19-47-45 - [verifyingSideMenuCollapsedLangAsInSettingsLingua_19-47-45] Trying to find element: By.xpath: //yt-multi-page-menu-section-renderer[@class='style-scope ytd-multi-page-menu-renderer']//yt-formatted-string[@id='label' and text()='Español (España)']
19:49:12 [TestNG-test-Yt Master Tests-2] INFO  verifyingSideMenuCollapsedLangAsInSettingsLingua_19-47-45 - [verifyingSideMenuCollapsedLangAsInSettingsLingua_19-47-45] Element found and ready (attempt 1): By.xpath: //yt-multi-page-menu-section-renderer[@class='style-scope ytd-multi-page-menu-renderer']//yt-formatted-string[@id='label' and text()='Español (España)']
19:49:12 [TestNG-test-Yt Master Tests-2] INFO  verifyingSideMenuCollapsedLangAsInSettingsLingua_19-47-45 - [verifyingSideMenuCollapsedLangAsInSettingsLingua_19-47-45] Trying to find element: By.xpath: //yt-multi-page-menu-section-renderer[@class='style-scope ytd-multi-page-menu-renderer']//yt-formatted-string[@id='label' and text()='Español (España)']
19:49:12 [TestNG-test-Yt Master Tests-2] INFO  verifyingSideMenuCollapsedLangAsInSettingsLingua_19-47-45 - [verifyingSideMenuCollapsedLangAsInSettingsLingua_19-47-45] Element found and ready (attempt 1): By.xpath: //yt-multi-page-menu-section-renderer[@class='style-scope ytd-multi-page-menu-renderer']//yt-formatted-string[@id='label' and text()='Español (España)']
19:49:13 [TestNG-test-Yt Master Tests-2] INFO  verifyingSideMenuCollapsedLangAsInSettingsLingua_19-47-45 - Clicking settings ellipses button...
19:49:13 [TestNG-test-Yt Master Tests-2] INFO  verifyingSideMenuCollapsedLangAsInSettingsLingua_19-47-45 - [verifyingSideMenuCollapsedLangAsInSettingsLingua_19-47-45] Trying to find element: By.xpath: //ytd-topbar-menu-button-renderer[@class='style-scope ytd-masthead style-default']
19:49:14 [TestNG-test-Yt Master Tests-2] INFO  verifyingSideMenuCollapsedLangAsInSettingsLingua_19-47-45 - [verifyingSideMenuCollapsedLangAsInSettingsLingua_19-47-45] Element found and ready (attempt 1): By.xpath: //ytd-topbar-menu-button-renderer[@class='style-scope ytd-masthead style-default']
19:49:14 [TestNG-test-Yt Master Tests-2] INFO  verifyingSideMenuCollapsedLangAsInSettingsLingua_19-47-45 - [verifyingSideMenuCollapsedLangAsInSettingsLingua_19-47-45] Waiting until element is visible in viewport
19:49:15 [TestNG-test-Yt Master Tests-2] INFO  verifyingSideMenuCollapsedLangAsInSettingsLingua_19-47-45 - Clicking settings ellipses button...
19:49:15 [TestNG-test-Yt Master Tests-2] INFO  verifyingSideMenuCollapsedLangAsInSettingsLingua_19-47-45 - [verifyingSideMenuCollapsedLangAsInSettingsLingua_19-47-45] Trying to find element: By.xpath: //ytd-topbar-menu-button-renderer[@class='style-scope ytd-masthead style-default']
19:49:15 [TestNG-test-Yt Master Tests-2] INFO  verifyingSideMenuCollapsedLangAsInSettingsLingua_19-47-45 - [verifyingSideMenuCollapsedLangAsInSettingsLingua_19-47-45] Element found and ready (attempt 1): By.xpath: //ytd-topbar-menu-button-renderer[@class='style-scope ytd-masthead style-default']
19:49:15 [TestNG-test-Yt Master Tests-2] INFO  verifyingSideMenuCollapsedLangAsInSettingsLingua_19-47-45 - getLangAttribute() - locating <html> and reading lang property
19:49:15 [TestNG-test-Yt Master Tests-2] INFO  verifyingSideMenuCollapsedLangAsInSettingsLingua_19-47-45 - Language attribute read: es-ES
19:49:15 [TestNG-test-Yt Master Tests-2] INFO  verifyingSideMenuCollapsedLangAsInSettingsLingua_19-47-45 - Fetching the side menu in collapsed view
19:49:15 [TestNG-test-Yt Master Tests-2] INFO  verifyingSideMenuCollapsedLangAsInSettingsLingua_19-47-45 - [verifyingSideMenuCollapsedLangAsInSettingsLingua_19-47-45] Finding elements list: By.xpath: //ytd-mini-guide-renderer[@class='style-scope ytd-app']//ytd-mini-guide-entry-renderer
19:49:15 [TestNG-test-Yt Master Tests-2] INFO  verifyingSideMenuCollapsedLangAsInSettingsLingua_19-47-45 - [verifyingSideMenuCollapsedLangAsInSettingsLingua_19-47-45] Found 4 ready elements (attempt 1): By.xpath: //ytd-mini-guide-renderer[@class='style-scope ytd-app']//ytd-mini-guide-entry-renderer
19:49:15 [TestNG-test-Yt Master Tests-2] INFO  verifyingSideMenuCollapsedLangAsInSettingsLingua_19-47-45 - 
========== LANGUAGE DETECTION ==========
Detected Language : SPANISH
Input Text        : Inicio Shorts Suscripciones Tú
========================================
19:49:15 [TestNG-test-Yt Master Tests-2] INFO  verifyingSideMenuCollapsedLangAsInSettingsLingua_19-47-45 - text sent to lingua is       Inicio Shorts Suscripciones Tú
19:49:15 [TestNG-test-Yt Master Tests-2] INFO  verifyingSideMenuCollapsedLangAsInSettingsLingua_19-47-45 - getLangAttribute() - locating <html> and reading lang property
19:49:15 [TestNG-test-Yt Master Tests-2] INFO  verifyingSideMenuCollapsedLangAsInSettingsLingua_19-47-45 - Language attribute read: es-ES
19:49:15 [TestNG-test-Yt Master Tests-2] INFO  verifyingSideMenuCollapsedLangAsInSettingsLingua_19-47-45 - Clicking settings ellipses button...
19:49:15 [TestNG-test-Yt Master Tests-2] INFO  verifyingSideMenuCollapsedLangAsInSettingsLingua_19-47-45 - [verifyingSideMenuCollapsedLangAsInSettingsLingua_19-47-45] Trying to find element: By.xpath: //ytd-topbar-menu-button-renderer[@class='style-scope ytd-masthead style-default']
19:49:15 [TestNG-test-Yt Master Tests-2] INFO  verifyingSideMenuCollapsedLangAsInSettingsLingua_19-47-45 - [verifyingSideMenuCollapsedLangAsInSettingsLingua_19-47-45] Element found and ready (attempt 1): By.xpath: //ytd-topbar-menu-button-renderer[@class='style-scope ytd-masthead style-default']
19:49:15 [TestNG-test-Yt Master Tests-2] INFO  verifyingSideMenuCollapsedLangAsInSettingsLingua_19-47-45 - Clicking language dropdown...
19:49:15 [TestNG-test-Yt Master Tests-2] INFO  verifyingSideMenuCollapsedLangAsInSettingsLingua_19-47-45 - [verifyingSideMenuCollapsedLangAsInSettingsLingua_19-47-45] Trying to find element: By.xpath: (//div[@id='content-icon'])[2]
19:49:16 [TestNG-test-Yt Master Tests-2] INFO  verifyingSideMenuCollapsedLangAsInSettingsLingua_19-47-45 - [verifyingSideMenuCollapsedLangAsInSettingsLingua_19-47-45] Element found and ready (attempt 1): By.xpath: (//div[@id='content-icon'])[2]
19:49:17 [TestNG-test-Yt Master Tests-2] INFO  verifyingSideMenuCollapsedLangAsInSettingsLingua_19-47-45 - Looking for language element with name: Español (Latinoamérica)
19:49:17 [TestNG-test-Yt Master Tests-2] INFO  verifyingSideMenuCollapsedLangAsInSettingsLingua_19-47-45 - [verifyingSideMenuCollapsedLangAsInSettingsLingua_19-47-45] Trying to find element: By.xpath: //yt-multi-page-menu-section-renderer[@class='style-scope ytd-multi-page-menu-renderer']//yt-formatted-string[@id='label' and text()='Español (Latinoamérica)']
19:49:17 [TestNG-test-Yt Master Tests-2] INFO  verifyingSideMenuCollapsedLangAsInSettingsLingua_19-47-45 - [verifyingSideMenuCollapsedLangAsInSettingsLingua_19-47-45] Element found and ready (attempt 1): By.xpath: //yt-multi-page-menu-section-renderer[@class='style-scope ytd-multi-page-menu-renderer']//yt-formatted-string[@id='label' and text()='Español (Latinoamérica)']
19:49:17 [TestNG-test-Yt Master Tests-2] INFO  verifyingSideMenuCollapsedLangAsInSettingsLingua_19-47-45 - [verifyingSideMenuCollapsedLangAsInSettingsLingua_19-47-45] Trying to find element: By.xpath: //yt-multi-page-menu-section-renderer[@class='style-scope ytd-multi-page-menu-renderer']//yt-formatted-string[@id='label' and text()='Español (Latinoamérica)']
19:49:17 [TestNG-test-Yt Master Tests-2] INFO  verifyingSideMenuCollapsedLangAsInSettingsLingua_19-47-45 - [verifyingSideMenuCollapsedLangAsInSettingsLingua_19-47-45] Element found and ready (attempt 1): By.xpath: //yt-multi-page-menu-section-renderer[@class='style-scope ytd-multi-page-menu-renderer']//yt-formatted-string[@id='label' and text()='Español (Latinoamérica)']
19:49:19 [TestNG-test-Yt Master Tests-2] INFO  verifyingSideMenuCollapsedLangAsInSettingsLingua_19-47-45 - Clicking settings ellipses button...
19:49:19 [TestNG-test-Yt Master Tests-2] INFO  verifyingSideMenuCollapsedLangAsInSettingsLingua_19-47-45 - [verifyingSideMenuCollapsedLangAsInSettingsLingua_19-47-45] Trying to find element: By.xpath: //ytd-topbar-menu-button-renderer[@class='style-scope ytd-masthead style-default']
19:49:20 [TestNG-test-Yt Master Tests-2] INFO  verifyingSideMenuCollapsedLangAsInSettingsLingua_19-47-45 - [verifyingSideMenuCollapsedLangAsInSettingsLingua_19-47-45] Element found and ready (attempt 1): By.xpath: //ytd-topbar-menu-button-renderer[@class='style-scope ytd-masthead style-default']
19:49:20 [TestNG-test-Yt Master Tests-2] INFO  verifyingSideMenuCollapsedLangAsInSettingsLingua_19-47-45 - [verifyingSideMenuCollapsedLangAsInSettingsLingua_19-47-45] Waiting until element is visible in viewport
19:49:21 [TestNG-test-Yt Master Tests-2] INFO  verifyingSideMenuCollapsedLangAsInSettingsLingua_19-47-45 - Clicking settings ellipses button...
19:49:21 [TestNG-test-Yt Master Tests-2] INFO  verifyingSideMenuCollapsedLangAsInSettingsLingua_19-47-45 - [verifyingSideMenuCollapsedLangAsInSettingsLingua_19-47-45] Trying to find element: By.xpath: //ytd-topbar-menu-button-renderer[@class='style-scope ytd-masthead style-default']
19:49:21 [TestNG-test-Yt Master Tests-2] INFO  verifyingSideMenuCollapsedLangAsInSettingsLingua_19-47-45 - [verifyingSideMenuCollapsedLangAsInSettingsLingua_19-47-45] Element found and ready (attempt 1): By.xpath: //ytd-topbar-menu-button-renderer[@class='style-scope ytd-masthead style-default']
19:49:21 [TestNG-test-Yt Master Tests-2] INFO  verifyingSideMenuCollapsedLangAsInSettingsLingua_19-47-45 - getLangAttribute() - locating <html> and reading lang property
19:49:21 [TestNG-test-Yt Master Tests-2] INFO  verifyingSideMenuCollapsedLangAsInSettingsLingua_19-47-45 - Language attribute read: es-419
19:49:21 [TestNG-test-Yt Master Tests-2] INFO  verifyingSideMenuCollapsedLangAsInSettingsLingua_19-47-45 - Fetching the side menu in collapsed view
19:49:21 [TestNG-test-Yt Master Tests-2] INFO  verifyingSideMenuCollapsedLangAsInSettingsLingua_19-47-45 - [verifyingSideMenuCollapsedLangAsInSettingsLingua_19-47-45] Finding elements list: By.xpath: //ytd-mini-guide-renderer[@class='style-scope ytd-app']//ytd-mini-guide-entry-renderer
19:49:21 [TestNG-test-Yt Master Tests-2] INFO  verifyingSideMenuCollapsedLangAsInSettingsLingua_19-47-45 - [verifyingSideMenuCollapsedLangAsInSettingsLingua_19-47-45] Found 4 ready elements (attempt 1): By.xpath: //ytd-mini-guide-renderer[@class='style-scope ytd-app']//ytd-mini-guide-entry-renderer
19:49:21 [TestNG-test-Yt Master Tests-2] INFO  verifyingSideMenuCollapsedLangAsInSettingsLingua_19-47-45 - 
========== LANGUAGE DETECTION ==========
Detected Language : SPANISH
Input Text        : Principal Shorts Suscripciones Tú
========================================
19:49:21 [TestNG-test-Yt Master Tests-2] INFO  verifyingSideMenuCollapsedLangAsInSettingsLingua_19-47-45 - text sent to lingua is       Principal Shorts Suscripciones Tú
19:49:21 [TestNG-test-Yt Master Tests-2] INFO  verifyingSideMenuCollapsedLangAsInSettingsLingua_19-47-45 - getLangAttribute() - locating <html> and reading lang property
19:49:21 [TestNG-test-Yt Master Tests-2] INFO  verifyingSideMenuCollapsedLangAsInSettingsLingua_19-47-45 - Language attribute read: es-419
19:49:21 [TestNG-test-Yt Master Tests-2] INFO  verifyingSideMenuCollapsedLangAsInSettingsLingua_19-47-45 - Clicking settings ellipses button...
19:49:22 [TestNG-test-Yt Master Tests-2] INFO  verifyingSideMenuCollapsedLangAsInSettingsLingua_19-47-45 - [verifyingSideMenuCollapsedLangAsInSettingsLingua_19-47-45] Trying to find element: By.xpath: //ytd-topbar-menu-button-renderer[@class='style-scope ytd-masthead style-default']
19:49:22 [TestNG-test-Yt Master Tests-2] INFO  verifyingSideMenuCollapsedLangAsInSettingsLingua_19-47-45 - [verifyingSideMenuCollapsedLangAsInSettingsLingua_19-47-45] Element found and ready (attempt 1): By.xpath: //ytd-topbar-menu-button-renderer[@class='style-scope ytd-masthead style-default']
19:49:22 [TestNG-test-Yt Master Tests-2] INFO  verifyingSideMenuCollapsedLangAsInSettingsLingua_19-47-45 - Clicking language dropdown...
19:49:22 [TestNG-test-Yt Master Tests-2] INFO  verifyingSideMenuCollapsedLangAsInSettingsLingua_19-47-45 - [verifyingSideMenuCollapsedLangAsInSettingsLingua_19-47-45] Trying to find element: By.xpath: (//div[@id='content-icon'])[2]
19:49:22 [TestNG-test-Yt Master Tests-2] INFO  verifyingSideMenuCollapsedLangAsInSettingsLingua_19-47-45 - [verifyingSideMenuCollapsedLangAsInSettingsLingua_19-47-45] Element found and ready (attempt 1): By.xpath: (//div[@id='content-icon'])[2]
19:49:23 [TestNG-test-Yt Master Tests-2] INFO  verifyingSideMenuCollapsedLangAsInSettingsLingua_19-47-45 - Looking for language element with name: Español (US)
19:49:23 [TestNG-test-Yt Master Tests-2] INFO  verifyingSideMenuCollapsedLangAsInSettingsLingua_19-47-45 - [verifyingSideMenuCollapsedLangAsInSettingsLingua_19-47-45] Trying to find element: By.xpath: //yt-multi-page-menu-section-renderer[@class='style-scope ytd-multi-page-menu-renderer']//yt-formatted-string[@id='label' and text()='Español (US)']
19:49:23 [TestNG-test-Yt Master Tests-2] INFO  verifyingSideMenuCollapsedLangAsInSettingsLingua_19-47-45 - [verifyingSideMenuCollapsedLangAsInSettingsLingua_19-47-45] Element found and ready (attempt 1): By.xpath: //yt-multi-page-menu-section-renderer[@class='style-scope ytd-multi-page-menu-renderer']//yt-formatted-string[@id='label' and text()='Español (US)']
19:49:23 [TestNG-test-Yt Master Tests-2] INFO  verifyingSideMenuCollapsedLangAsInSettingsLingua_19-47-45 - [verifyingSideMenuCollapsedLangAsInSettingsLingua_19-47-45] Trying to find element: By.xpath: //yt-multi-page-menu-section-renderer[@class='style-scope ytd-multi-page-menu-renderer']//yt-formatted-string[@id='label' and text()='Español (US)']
19:49:23 [TestNG-test-Yt Master Tests-2] INFO  verifyingSideMenuCollapsedLangAsInSettingsLingua_19-47-45 - [verifyingSideMenuCollapsedLangAsInSettingsLingua_19-47-45] Element found and ready (attempt 1): By.xpath: //yt-multi-page-menu-section-renderer[@class='style-scope ytd-multi-page-menu-renderer']//yt-formatted-string[@id='label' and text()='Español (US)']
19:49:24 [TestNG-test-Yt Master Tests-2] INFO  verifyingSideMenuCollapsedLangAsInSettingsLingua_19-47-45 - Clicking settings ellipses button...
19:49:24 [TestNG-test-Yt Master Tests-2] INFO  verifyingSideMenuCollapsedLangAsInSettingsLingua_19-47-45 - [verifyingSideMenuCollapsedLangAsInSettingsLingua_19-47-45] Trying to find element: By.xpath: //ytd-topbar-menu-button-renderer[@class='style-scope ytd-masthead style-default']
19:49:25 [TestNG-test-Yt Master Tests-2] INFO  verifyingSideMenuCollapsedLangAsInSettingsLingua_19-47-45 - [verifyingSideMenuCollapsedLangAsInSettingsLingua_19-47-45] Element found and ready (attempt 1): By.xpath: //ytd-topbar-menu-button-renderer[@class='style-scope ytd-masthead style-default']
19:49:25 [TestNG-test-Yt Master Tests-2] INFO  verifyingSideMenuCollapsedLangAsInSettingsLingua_19-47-45 - [verifyingSideMenuCollapsedLangAsInSettingsLingua_19-47-45] Waiting until element is visible in viewport
19:49:26 [TestNG-test-Yt Master Tests-2] INFO  verifyingSideMenuCollapsedLangAsInSettingsLingua_19-47-45 - Clicking settings ellipses button...
19:49:26 [TestNG-test-Yt Master Tests-2] INFO  verifyingSideMenuCollapsedLangAsInSettingsLingua_19-47-45 - [verifyingSideMenuCollapsedLangAsInSettingsLingua_19-47-45] Trying to find element: By.xpath: //ytd-topbar-menu-button-renderer[@class='style-scope ytd-masthead style-default']
19:49:26 [TestNG-test-Yt Master Tests-2] INFO  verifyingSideMenuCollapsedLangAsInSettingsLingua_19-47-45 - [verifyingSideMenuCollapsedLangAsInSettingsLingua_19-47-45] Element found and ready (attempt 1): By.xpath: //ytd-topbar-menu-button-renderer[@class='style-scope ytd-masthead style-default']
19:49:26 [TestNG-test-Yt Master Tests-2] INFO  verifyingSideMenuCollapsedLangAsInSettingsLingua_19-47-45 - getLangAttribute() - locating <html> and reading lang property
19:49:26 [TestNG-test-Yt Master Tests-2] INFO  verifyingSideMenuCollapsedLangAsInSettingsLingua_19-47-45 - Language attribute read: es-US
19:49:26 [TestNG-test-Yt Master Tests-2] INFO  verifyingSideMenuCollapsedLangAsInSettingsLingua_19-47-45 - Fetching the side menu in collapsed view
19:49:26 [TestNG-test-Yt Master Tests-2] INFO  verifyingSideMenuCollapsedLangAsInSettingsLingua_19-47-45 - [verifyingSideMenuCollapsedLangAsInSettingsLingua_19-47-45] Finding elements list: By.xpath: //ytd-mini-guide-renderer[@class='style-scope ytd-app']//ytd-mini-guide-entry-renderer
19:49:26 [TestNG-test-Yt Master Tests-2] INFO  verifyingSideMenuCollapsedLangAsInSettingsLingua_19-47-45 - [verifyingSideMenuCollapsedLangAsInSettingsLingua_19-47-45] Found 4 ready elements (attempt 1): By.xpath: //ytd-mini-guide-renderer[@class='style-scope ytd-app']//ytd-mini-guide-entry-renderer
19:49:27 [TestNG-test-Yt Master Tests-2] INFO  verifyingSideMenuCollapsedLangAsInSettingsLingua_19-47-45 - 
========== LANGUAGE DETECTION ==========
Detected Language : SPANISH
Input Text        : Principal Shorts Suscripciones Tú
========================================
19:49:27 [TestNG-test-Yt Master Tests-2] INFO  verifyingSideMenuCollapsedLangAsInSettingsLingua_19-47-45 - text sent to lingua is       Principal Shorts Suscripciones Tú
19:49:27 [TestNG-test-Yt Master Tests-2] INFO  verifyingSideMenuCollapsedLangAsInSettingsLingua_19-47-45 - getLangAttribute() - locating <html> and reading lang property
19:49:27 [TestNG-test-Yt Master Tests-2] INFO  verifyingSideMenuCollapsedLangAsInSettingsLingua_19-47-45 - Language attribute read: es-US
19:49:27 [TestNG-test-Yt Master Tests-2] INFO  verifyingSideMenuCollapsedLangAsInSettingsLingua_19-47-45 - Clicking settings ellipses button...
19:49:27 [TestNG-test-Yt Master Tests-2] INFO  verifyingSideMenuCollapsedLangAsInSettingsLingua_19-47-45 - [verifyingSideMenuCollapsedLangAsInSettingsLingua_19-47-45] Trying to find element: By.xpath: //ytd-topbar-menu-button-renderer[@class='style-scope ytd-masthead style-default']
19:49:27 [TestNG-test-Yt Master Tests-2] INFO  verifyingSideMenuCollapsedLangAsInSettingsLingua_19-47-45 - [verifyingSideMenuCollapsedLangAsInSettingsLingua_19-47-45] Element found and ready (attempt 1): By.xpath: //ytd-topbar-menu-button-renderer[@class='style-scope ytd-masthead style-default']
19:49:27 [TestNG-test-Yt Master Tests-2] INFO  verifyingSideMenuCollapsedLangAsInSettingsLingua_19-47-45 - Clicking language dropdown...
19:49:27 [TestNG-test-Yt Master Tests-2] INFO  verifyingSideMenuCollapsedLangAsInSettingsLingua_19-47-45 - [verifyingSideMenuCollapsedLangAsInSettingsLingua_19-47-45] Trying to find element: By.xpath: (//div[@id='content-icon'])[2]
19:49:28 [TestNG-test-Yt Master Tests-2] INFO  verifyingSideMenuCollapsedLangAsInSettingsLingua_19-47-45 - [verifyingSideMenuCollapsedLangAsInSettingsLingua_19-47-45] Element found and ready (attempt 1): By.xpath: (//div[@id='content-icon'])[2]
19:49:28 [TestNG-test-Yt Master Tests-2] INFO  verifyingSideMenuCollapsedLangAsInSettingsLingua_19-47-45 - Looking for language element with name: Euskara
19:49:28 [TestNG-test-Yt Master Tests-2] INFO  verifyingSideMenuCollapsedLangAsInSettingsLingua_19-47-45 - [verifyingSideMenuCollapsedLangAsInSettingsLingua_19-47-45] Trying to find element: By.xpath: //yt-multi-page-menu-section-renderer[@class='style-scope ytd-multi-page-menu-renderer']//yt-formatted-string[@id='label' and text()='Euskara']
19:49:28 [TestNG-test-Yt Master Tests-2] INFO  verifyingSideMenuCollapsedLangAsInSettingsLingua_19-47-45 - [verifyingSideMenuCollapsedLangAsInSettingsLingua_19-47-45] Element found and ready (attempt 1): By.xpath: //yt-multi-page-menu-section-renderer[@class='style-scope ytd-multi-page-menu-renderer']//yt-formatted-string[@id='label' and text()='Euskara']
19:49:28 [TestNG-test-Yt Master Tests-2] INFO  verifyingSideMenuCollapsedLangAsInSettingsLingua_19-47-45 - [verifyingSideMenuCollapsedLangAsInSettingsLingua_19-47-45] Trying to find element: By.xpath: //yt-multi-page-menu-section-renderer[@class='style-scope ytd-multi-page-menu-renderer']//yt-formatted-string[@id='label' and text()='Euskara']
19:49:28 [TestNG-test-Yt Master Tests-2] INFO  verifyingSideMenuCollapsedLangAsInSettingsLingua_19-47-45 - [verifyingSideMenuCollapsedLangAsInSettingsLingua_19-47-45] Element found and ready (attempt 1): By.xpath: //yt-multi-page-menu-section-renderer[@class='style-scope ytd-multi-page-menu-renderer']//yt-formatted-string[@id='label' and text()='Euskara']
19:49:31 [TestNG-test-Yt Master Tests-2] INFO  verifyingSideMenuCollapsedLangAsInSettingsLingua_19-47-45 - Clicking settings ellipses button...
19:49:31 [TestNG-test-Yt Master Tests-2] INFO  verifyingSideMenuCollapsedLangAsInSettingsLingua_19-47-45 - [verifyingSideMenuCollapsedLangAsInSettingsLingua_19-47-45] Trying to find element: By.xpath: //ytd-topbar-menu-button-renderer[@class='style-scope ytd-masthead style-default']
19:49:31 [TestNG-test-Yt Master Tests-2] INFO  verifyingSideMenuCollapsedLangAsInSettingsLingua_19-47-45 - [verifyingSideMenuCollapsedLangAsInSettingsLingua_19-47-45] Element found and ready (attempt 1): By.xpath: //ytd-topbar-menu-button-renderer[@class='style-scope ytd-masthead style-default']
19:49:31 [TestNG-test-Yt Master Tests-2] INFO  verifyingSideMenuCollapsedLangAsInSettingsLingua_19-47-45 - [verifyingSideMenuCollapsedLangAsInSettingsLingua_19-47-45] Waiting until element is visible in viewport
19:49:33 [TestNG-test-Yt Master Tests-2] INFO  verifyingSideMenuCollapsedLangAsInSettingsLingua_19-47-45 - Clicking settings ellipses button...
19:49:33 [TestNG-test-Yt Master Tests-2] INFO  verifyingSideMenuCollapsedLangAsInSettingsLingua_19-47-45 - [verifyingSideMenuCollapsedLangAsInSettingsLingua_19-47-45] Trying to find element: By.xpath: //ytd-topbar-menu-button-renderer[@class='style-scope ytd-masthead style-default']
19:49:33 [TestNG-test-Yt Master Tests-2] INFO  verifyingSideMenuCollapsedLangAsInSettingsLingua_19-47-45 - [verifyingSideMenuCollapsedLangAsInSettingsLingua_19-47-45] Element found and ready (attempt 1): By.xpath: //ytd-topbar-menu-button-renderer[@class='style-scope ytd-masthead style-default']
19:49:33 [TestNG-test-Yt Master Tests-2] INFO  verifyingSideMenuCollapsedLangAsInSettingsLingua_19-47-45 - getLangAttribute() - locating <html> and reading lang property
19:49:33 [TestNG-test-Yt Master Tests-2] INFO  verifyingSideMenuCollapsedLangAsInSettingsLingua_19-47-45 - Language attribute read: eu-ES
19:49:33 [TestNG-test-Yt Master Tests-2] INFO  verifyingSideMenuCollapsedLangAsInSettingsLingua_19-47-45 - Fetching the side menu in collapsed view
19:49:33 [TestNG-test-Yt Master Tests-2] INFO  verifyingSideMenuCollapsedLangAsInSettingsLingua_19-47-45 - [verifyingSideMenuCollapsedLangAsInSettingsLingua_19-47-45] Finding elements list: By.xpath: //ytd-mini-guide-renderer[@class='style-scope ytd-app']//ytd-mini-guide-entry-renderer
19:49:33 [TestNG-test-Yt Master Tests-2] INFO  verifyingSideMenuCollapsedLangAsInSettingsLingua_19-47-45 - [verifyingSideMenuCollapsedLangAsInSettingsLingua_19-47-45] Found 4 ready elements (attempt 1): By.xpath: //ytd-mini-guide-renderer[@class='style-scope ytd-app']//ytd-mini-guide-entry-renderer
19:49:34 [TestNG-test-Yt Master Tests-2] INFO  verifyingSideMenuCollapsedLangAsInSettingsLingua_19-47-45 - 
========== LANGUAGE DETECTION ==========
Detected Language : BASQUE
Input Text        : Orri nagusia Shorts Harpidetzak Zu
========================================
19:49:34 [TestNG-test-Yt Master Tests-2] INFO  verifyingSideMenuCollapsedLangAsInSettingsLingua_19-47-45 - text sent to lingua is       Orri nagusia Shorts Harpidetzak Zu
19:49:34 [TestNG-test-Yt Master Tests-2] INFO  verifyingSideMenuCollapsedLangAsInSettingsLingua_19-47-45 - getLangAttribute() - locating <html> and reading lang property
19:49:34 [TestNG-test-Yt Master Tests-2] INFO  verifyingSideMenuCollapsedLangAsInSettingsLingua_19-47-45 - Language attribute read: eu-ES
19:49:34 [TestNG-test-Yt Master Tests-2] INFO  verifyingSideMenuCollapsedLangAsInSettingsLingua_19-47-45 - Clicking settings ellipses button...
19:49:34 [TestNG-test-Yt Master Tests-2] INFO  verifyingSideMenuCollapsedLangAsInSettingsLingua_19-47-45 - [verifyingSideMenuCollapsedLangAsInSettingsLingua_19-47-45] Trying to find element: By.xpath: //ytd-topbar-menu-button-renderer[@class='style-scope ytd-masthead style-default']
19:49:34 [TestNG-test-Yt Master Tests-2] INFO  verifyingSideMenuCollapsedLangAsInSettingsLingua_19-47-45 - [verifyingSideMenuCollapsedLangAsInSettingsLingua_19-47-45] Element found and ready (attempt 1): By.xpath: //ytd-topbar-menu-button-renderer[@class='style-scope ytd-masthead style-default']
19:49:34 [TestNG-test-Yt Master Tests-2] INFO  verifyingSideMenuCollapsedLangAsInSettingsLingua_19-47-45 - Clicking language dropdown...
19:49:34 [TestNG-test-Yt Master Tests-2] INFO  verifyingSideMenuCollapsedLangAsInSettingsLingua_19-47-45 - [verifyingSideMenuCollapsedLangAsInSettingsLingua_19-47-45] Trying to find element: By.xpath: (//div[@id='content-icon'])[2]
19:49:35 [TestNG-test-Yt Master Tests-2] INFO  verifyingSideMenuCollapsedLangAsInSettingsLingua_19-47-45 - [verifyingSideMenuCollapsedLangAsInSettingsLingua_19-47-45] Element found and ready (attempt 1): By.xpath: (//div[@id='content-icon'])[2]
19:49:35 [TestNG-test-Yt Master Tests-2] INFO  verifyingSideMenuCollapsedLangAsInSettingsLingua_19-47-45 - Looking for language element with name: Français
19:49:35 [TestNG-test-Yt Master Tests-2] INFO  verifyingSideMenuCollapsedLangAsInSettingsLingua_19-47-45 - [verifyingSideMenuCollapsedLangAsInSettingsLingua_19-47-45] Trying to find element: By.xpath: //yt-multi-page-menu-section-renderer[@class='style-scope ytd-multi-page-menu-renderer']//yt-formatted-string[@id='label' and text()='Français']
19:49:35 [TestNG-test-Yt Master Tests-2] INFO  verifyingSideMenuCollapsedLangAsInSettingsLingua_19-47-45 - [verifyingSideMenuCollapsedLangAsInSettingsLingua_19-47-45] Element found and ready (attempt 1): By.xpath: //yt-multi-page-menu-section-renderer[@class='style-scope ytd-multi-page-menu-renderer']//yt-formatted-string[@id='label' and text()='Français']
19:49:35 [TestNG-test-Yt Master Tests-2] INFO  verifyingSideMenuCollapsedLangAsInSettingsLingua_19-47-45 - [verifyingSideMenuCollapsedLangAsInSettingsLingua_19-47-45] Trying to find element: By.xpath: //yt-multi-page-menu-section-renderer[@class='style-scope ytd-multi-page-menu-renderer']//yt-formatted-string[@id='label' and text()='Français']
19:49:36 [TestNG-test-Yt Master Tests-2] INFO  verifyingSideMenuCollapsedLangAsInSettingsLingua_19-47-45 - [verifyingSideMenuCollapsedLangAsInSettingsLingua_19-47-45] Element found and ready (attempt 1): By.xpath: //yt-multi-page-menu-section-renderer[@class='style-scope ytd-multi-page-menu-renderer']//yt-formatted-string[@id='label' and text()='Français']
19:49:37 [TestNG-test-Yt Master Tests-2] INFO  verifyingSideMenuCollapsedLangAsInSettingsLingua_19-47-45 - Clicking settings ellipses button...
19:49:37 [TestNG-test-Yt Master Tests-2] INFO  verifyingSideMenuCollapsedLangAsInSettingsLingua_19-47-45 - [verifyingSideMenuCollapsedLangAsInSettingsLingua_19-47-45] Trying to find element: By.xpath: //ytd-topbar-menu-button-renderer[@class='style-scope ytd-masthead style-default']
19:49:37 [TestNG-test-Yt Master Tests-2] INFO  verifyingSideMenuCollapsedLangAsInSettingsLingua_19-47-45 - [verifyingSideMenuCollapsedLangAsInSettingsLingua_19-47-45] Element found and ready (attempt 1): By.xpath: //ytd-topbar-menu-button-renderer[@class='style-scope ytd-masthead style-default']
19:49:37 [TestNG-test-Yt Master Tests-2] INFO  verifyingSideMenuCollapsedLangAsInSettingsLingua_19-47-45 - [verifyingSideMenuCollapsedLangAsInSettingsLingua_19-47-45] Waiting until element is visible in viewport
19:49:38 [TestNG-test-Yt Master Tests-2] INFO  verifyingSideMenuCollapsedLangAsInSettingsLingua_19-47-45 - Clicking settings ellipses button...
19:49:38 [TestNG-test-Yt Master Tests-2] INFO  verifyingSideMenuCollapsedLangAsInSettingsLingua_19-47-45 - [verifyingSideMenuCollapsedLangAsInSettingsLingua_19-47-45] Trying to find element: By.xpath: //ytd-topbar-menu-button-renderer[@class='style-scope ytd-masthead style-default']
19:49:38 [TestNG-test-Yt Master Tests-2] INFO  verifyingSideMenuCollapsedLangAsInSettingsLingua_19-47-45 - [verifyingSideMenuCollapsedLangAsInSettingsLingua_19-47-45] Element found and ready (attempt 1): By.xpath: //ytd-topbar-menu-button-renderer[@class='style-scope ytd-masthead style-default']
19:49:39 [TestNG-test-Yt Master Tests-2] INFO  verifyingSideMenuCollapsedLangAsInSettingsLingua_19-47-45 - getLangAttribute() - locating <html> and reading lang property
19:49:39 [TestNG-test-Yt Master Tests-2] INFO  verifyingSideMenuCollapsedLangAsInSettingsLingua_19-47-45 - Language attribute read: fr-FR
19:49:39 [TestNG-test-Yt Master Tests-2] INFO  verifyingSideMenuCollapsedLangAsInSettingsLingua_19-47-45 - Fetching the side menu in collapsed view
19:49:39 [TestNG-test-Yt Master Tests-2] INFO  verifyingSideMenuCollapsedLangAsInSettingsLingua_19-47-45 - [verifyingSideMenuCollapsedLangAsInSettingsLingua_19-47-45] Finding elements list: By.xpath: //ytd-mini-guide-renderer[@class='style-scope ytd-app']//ytd-mini-guide-entry-renderer
19:49:39 [TestNG-test-Yt Master Tests-2] INFO  verifyingSideMenuCollapsedLangAsInSettingsLingua_19-47-45 - [verifyingSideMenuCollapsedLangAsInSettingsLingua_19-47-45] Found 4 ready elements (attempt 1): By.xpath: //ytd-mini-guide-renderer[@class='style-scope ytd-app']//ytd-mini-guide-entry-renderer
19:49:39 [TestNG-test-Yt Master Tests-2] INFO  verifyingSideMenuCollapsedLangAsInSettingsLingua_19-47-45 - 
========== LANGUAGE DETECTION ==========
Detected Language : FRENCH
Input Text        : Accueil Shorts Abonnements Vous
========================================
19:49:39 [TestNG-test-Yt Master Tests-2] INFO  verifyingSideMenuCollapsedLangAsInSettingsLingua_19-47-45 - text sent to lingua is       Accueil Shorts Abonnements Vous
19:49:39 [TestNG-test-Yt Master Tests-2] INFO  verifyingSideMenuCollapsedLangAsInSettingsLingua_19-47-45 - getLangAttribute() - locating <html> and reading lang property
19:49:39 [TestNG-test-Yt Master Tests-2] INFO  verifyingSideMenuCollapsedLangAsInSettingsLingua_19-47-45 - Language attribute read: fr-FR
19:49:39 [TestNG-test-Yt Master Tests-2] INFO  verifyingSideMenuCollapsedLangAsInSettingsLingua_19-47-45 - Clicking settings ellipses button...
19:49:39 [TestNG-test-Yt Master Tests-2] INFO  verifyingSideMenuCollapsedLangAsInSettingsLingua_19-47-45 - [verifyingSideMenuCollapsedLangAsInSettingsLingua_19-47-45] Trying to find element: By.xpath: //ytd-topbar-menu-button-renderer[@class='style-scope ytd-masthead style-default']
19:49:39 [TestNG-test-Yt Master Tests-2] INFO  verifyingSideMenuCollapsedLangAsInSettingsLingua_19-47-45 - [verifyingSideMenuCollapsedLangAsInSettingsLingua_19-47-45] Element found and ready (attempt 1): By.xpath: //ytd-topbar-menu-button-renderer[@class='style-scope ytd-masthead style-default']
19:49:39 [TestNG-test-Yt Master Tests-2] INFO  verifyingSideMenuCollapsedLangAsInSettingsLingua_19-47-45 - Clicking language dropdown...
19:49:39 [TestNG-test-Yt Master Tests-2] INFO  verifyingSideMenuCollapsedLangAsInSettingsLingua_19-47-45 - [verifyingSideMenuCollapsedLangAsInSettingsLingua_19-47-45] Trying to find element: By.xpath: (//div[@id='content-icon'])[2]
19:49:40 [TestNG-test-Yt Master Tests-2] INFO  verifyingSideMenuCollapsedLangAsInSettingsLingua_19-47-45 - [verifyingSideMenuCollapsedLangAsInSettingsLingua_19-47-45] Element found and ready (attempt 1): By.xpath: (//div[@id='content-icon'])[2]
19:49:41 [TestNG-test-Yt Master Tests-2] INFO  verifyingSideMenuCollapsedLangAsInSettingsLingua_19-47-45 - Looking for language element with name: Français (Canada)
19:49:41 [TestNG-test-Yt Master Tests-2] INFO  verifyingSideMenuCollapsedLangAsInSettingsLingua_19-47-45 - [verifyingSideMenuCollapsedLangAsInSettingsLingua_19-47-45] Trying to find element: By.xpath: //yt-multi-page-menu-section-renderer[@class='style-scope ytd-multi-page-menu-renderer']//yt-formatted-string[@id='label' and text()='Français (Canada)']
19:49:41 [TestNG-test-Yt Master Tests-2] INFO  verifyingSideMenuCollapsedLangAsInSettingsLingua_19-47-45 - [verifyingSideMenuCollapsedLangAsInSettingsLingua_19-47-45] Element found and ready (attempt 1): By.xpath: //yt-multi-page-menu-section-renderer[@class='style-scope ytd-multi-page-menu-renderer']//yt-formatted-string[@id='label' and text()='Français (Canada)']
19:49:41 [TestNG-test-Yt Master Tests-2] INFO  verifyingSideMenuCollapsedLangAsInSettingsLingua_19-47-45 - [verifyingSideMenuCollapsedLangAsInSettingsLingua_19-47-45] Trying to find element: By.xpath: //yt-multi-page-menu-section-renderer[@class='style-scope ytd-multi-page-menu-renderer']//yt-formatted-string[@id='label' and text()='Français (Canada)']
19:49:41 [TestNG-test-Yt Master Tests-2] INFO  verifyingSideMenuCollapsedLangAsInSettingsLingua_19-47-45 - [verifyingSideMenuCollapsedLangAsInSettingsLingua_19-47-45] Element found and ready (attempt 1): By.xpath: //yt-multi-page-menu-section-renderer[@class='style-scope ytd-multi-page-menu-renderer']//yt-formatted-string[@id='label' and text()='Français (Canada)']
19:49:43 [TestNG-test-Yt Master Tests-2] INFO  verifyingSideMenuCollapsedLangAsInSettingsLingua_19-47-45 - Clicking settings ellipses button...
19:49:43 [TestNG-test-Yt Master Tests-2] INFO  verifyingSideMenuCollapsedLangAsInSettingsLingua_19-47-45 - [verifyingSideMenuCollapsedLangAsInSettingsLingua_19-47-45] Trying to find element: By.xpath: //ytd-topbar-menu-button-renderer[@class='style-scope ytd-masthead style-default']
19:49:44 [TestNG-test-Yt Master Tests-2] INFO  verifyingSideMenuCollapsedLangAsInSettingsLingua_19-47-45 - [verifyingSideMenuCollapsedLangAsInSettingsLingua_19-47-45] Element found and ready (attempt 1): By.xpath: //ytd-topbar-menu-button-renderer[@class='style-scope ytd-masthead style-default']
19:49:44 [TestNG-test-Yt Master Tests-2] INFO  verifyingSideMenuCollapsedLangAsInSettingsLingua_19-47-45 - [verifyingSideMenuCollapsedLangAsInSettingsLingua_19-47-45] Waiting until element is visible in viewport
19:49:45 [TestNG-test-Yt Master Tests-2] INFO  verifyingSideMenuCollapsedLangAsInSettingsLingua_19-47-45 - Clicking settings ellipses button...
19:49:45 [TestNG-test-Yt Master Tests-2] INFO  verifyingSideMenuCollapsedLangAsInSettingsLingua_19-47-45 - [verifyingSideMenuCollapsedLangAsInSettingsLingua_19-47-45] Trying to find element: By.xpath: //ytd-topbar-menu-button-renderer[@class='style-scope ytd-masthead style-default']
19:49:45 [TestNG-test-Yt Master Tests-2] INFO  verifyingSideMenuCollapsedLangAsInSettingsLingua_19-47-45 - [verifyingSideMenuCollapsedLangAsInSettingsLingua_19-47-45] Element found and ready (attempt 1): By.xpath: //ytd-topbar-menu-button-renderer[@class='style-scope ytd-masthead style-default']
19:49:45 [TestNG-test-Yt Master Tests-2] INFO  verifyingSideMenuCollapsedLangAsInSettingsLingua_19-47-45 - getLangAttribute() - locating <html> and reading lang property
19:49:45 [TestNG-test-Yt Master Tests-2] INFO  verifyingSideMenuCollapsedLangAsInSettingsLingua_19-47-45 - Language attribute read: fr-CA
19:49:45 [TestNG-test-Yt Master Tests-2] INFO  verifyingSideMenuCollapsedLangAsInSettingsLingua_19-47-45 - Fetching the side menu in collapsed view
19:49:45 [TestNG-test-Yt Master Tests-2] INFO  verifyingSideMenuCollapsedLangAsInSettingsLingua_19-47-45 - [verifyingSideMenuCollapsedLangAsInSettingsLingua_19-47-45] Finding elements list: By.xpath: //ytd-mini-guide-renderer[@class='style-scope ytd-app']//ytd-mini-guide-entry-renderer
19:49:46 [TestNG-test-Yt Master Tests-2] INFO  verifyingSideMenuCollapsedLangAsInSettingsLingua_19-47-45 - [verifyingSideMenuCollapsedLangAsInSettingsLingua_19-47-45] Found 4 ready elements (attempt 1): By.xpath: //ytd-mini-guide-renderer[@class='style-scope ytd-app']//ytd-mini-guide-entry-renderer
19:49:46 [TestNG-test-Yt Master Tests-2] INFO  verifyingSideMenuCollapsedLangAsInSettingsLingua_19-47-45 - 
========== LANGUAGE DETECTION ==========
Detected Language : FRENCH
Input Text        : Accueil Shorts Abonnements Vous
========================================
19:49:46 [TestNG-test-Yt Master Tests-2] INFO  verifyingSideMenuCollapsedLangAsInSettingsLingua_19-47-45 - text sent to lingua is       Accueil Shorts Abonnements Vous
19:49:46 [TestNG-test-Yt Master Tests-2] INFO  verifyingSideMenuCollapsedLangAsInSettingsLingua_19-47-45 - getLangAttribute() - locating <html> and reading lang property
19:49:46 [TestNG-test-Yt Master Tests-2] INFO  verifyingSideMenuCollapsedLangAsInSettingsLingua_19-47-45 - Language attribute read: fr-CA
19:49:46 [TestNG-test-Yt Master Tests-2] INFO  verifyingSideMenuCollapsedLangAsInSettingsLingua_19-47-45 - Clicking settings ellipses button...
19:49:46 [TestNG-test-Yt Master Tests-2] INFO  verifyingSideMenuCollapsedLangAsInSettingsLingua_19-47-45 - [verifyingSideMenuCollapsedLangAsInSettingsLingua_19-47-45] Trying to find element: By.xpath: //ytd-topbar-menu-button-renderer[@class='style-scope ytd-masthead style-default']
19:49:46 [TestNG-test-Yt Master Tests-2] INFO  verifyingSideMenuCollapsedLangAsInSettingsLingua_19-47-45 - [verifyingSideMenuCollapsedLangAsInSettingsLingua_19-47-45] Element found and ready (attempt 1): By.xpath: //ytd-topbar-menu-button-renderer[@class='style-scope ytd-masthead style-default']
19:49:46 [TestNG-test-Yt Master Tests-2] INFO  verifyingSideMenuCollapsedLangAsInSettingsLingua_19-47-45 - Clicking language dropdown...
19:49:46 [TestNG-test-Yt Master Tests-2] INFO  verifyingSideMenuCollapsedLangAsInSettingsLingua_19-47-45 - [verifyingSideMenuCollapsedLangAsInSettingsLingua_19-47-45] Trying to find element: By.xpath: (//div[@id='content-icon'])[2]
19:49:47 [TestNG-test-Yt Master Tests-2] INFO  verifyingSideMenuCollapsedLangAsInSettingsLingua_19-47-45 - [verifyingSideMenuCollapsedLangAsInSettingsLingua_19-47-45] Element found and ready (attempt 1): By.xpath: (//div[@id='content-icon'])[2]
19:49:47 [TestNG-test-Yt Master Tests-2] INFO  verifyingSideMenuCollapsedLangAsInSettingsLingua_19-47-45 - Looking for language element with name: Hrvatski
19:49:47 [TestNG-test-Yt Master Tests-2] INFO  verifyingSideMenuCollapsedLangAsInSettingsLingua_19-47-45 - [verifyingSideMenuCollapsedLangAsInSettingsLingua_19-47-45] Trying to find element: By.xpath: //yt-multi-page-menu-section-renderer[@class='style-scope ytd-multi-page-menu-renderer']//yt-formatted-string[@id='label' and text()='Hrvatski']
19:49:48 [TestNG-test-Yt Master Tests-2] INFO  verifyingSideMenuCollapsedLangAsInSettingsLingua_19-47-45 - [verifyingSideMenuCollapsedLangAsInSettingsLingua_19-47-45] Element found and ready (attempt 1): By.xpath: //yt-multi-page-menu-section-renderer[@class='style-scope ytd-multi-page-menu-renderer']//yt-formatted-string[@id='label' and text()='Hrvatski']
19:49:48 [TestNG-test-Yt Master Tests-2] INFO  verifyingSideMenuCollapsedLangAsInSettingsLingua_19-47-45 - [verifyingSideMenuCollapsedLangAsInSettingsLingua_19-47-45] Trying to find element: By.xpath: //yt-multi-page-menu-section-renderer[@class='style-scope ytd-multi-page-menu-renderer']//yt-formatted-string[@id='label' and text()='Hrvatski']
19:49:48 [TestNG-test-Yt Master Tests-2] INFO  verifyingSideMenuCollapsedLangAsInSettingsLingua_19-47-45 - [verifyingSideMenuCollapsedLangAsInSettingsLingua_19-47-45] Element found and ready (attempt 1): By.xpath: //yt-multi-page-menu-section-renderer[@class='style-scope ytd-multi-page-menu-renderer']//yt-formatted-string[@id='label' and text()='Hrvatski']
19:49:50 [TestNG-test-Yt Master Tests-2] INFO  verifyingSideMenuCollapsedLangAsInSettingsLingua_19-47-45 - Clicking settings ellipses button...
19:49:50 [TestNG-test-Yt Master Tests-2] INFO  verifyingSideMenuCollapsedLangAsInSettingsLingua_19-47-45 - [verifyingSideMenuCollapsedLangAsInSettingsLingua_19-47-45] Trying to find element: By.xpath: //ytd-topbar-menu-button-renderer[@class='style-scope ytd-masthead style-default']
19:49:50 [TestNG-test-Yt Master Tests-2] INFO  verifyingSideMenuCollapsedLangAsInSettingsLingua_19-47-45 - [verifyingSideMenuCollapsedLangAsInSettingsLingua_19-47-45] Element found and ready (attempt 1): By.xpath: //ytd-topbar-menu-button-renderer[@class='style-scope ytd-masthead style-default']
19:49:50 [TestNG-test-Yt Master Tests-2] INFO  verifyingSideMenuCollapsedLangAsInSettingsLingua_19-47-45 - [verifyingSideMenuCollapsedLangAsInSettingsLingua_19-47-45] Waiting until element is visible in viewport
19:49:51 [TestNG-test-Yt Master Tests-2] INFO  verifyingSideMenuCollapsedLangAsInSettingsLingua_19-47-45 - Clicking settings ellipses button...
19:49:51 [TestNG-test-Yt Master Tests-2] INFO  verifyingSideMenuCollapsedLangAsInSettingsLingua_19-47-45 - [verifyingSideMenuCollapsedLangAsInSettingsLingua_19-47-45] Trying to find element: By.xpath: //ytd-topbar-menu-button-renderer[@class='style-scope ytd-masthead style-default']
19:49:51 [TestNG-test-Yt Master Tests-2] INFO  verifyingSideMenuCollapsedLangAsInSettingsLingua_19-47-45 - [verifyingSideMenuCollapsedLangAsInSettingsLingua_19-47-45] Element found and ready (attempt 1): By.xpath: //ytd-topbar-menu-button-renderer[@class='style-scope ytd-masthead style-default']
19:49:51 [TestNG-test-Yt Master Tests-2] INFO  verifyingSideMenuCollapsedLangAsInSettingsLingua_19-47-45 - getLangAttribute() - locating <html> and reading lang property
19:49:51 [TestNG-test-Yt Master Tests-2] INFO  verifyingSideMenuCollapsedLangAsInSettingsLingua_19-47-45 - Language attribute read: hr-HR
19:49:51 [TestNG-test-Yt Master Tests-2] INFO  verifyingSideMenuCollapsedLangAsInSettingsLingua_19-47-45 - Fetching the side menu in collapsed view
19:49:51 [TestNG-test-Yt Master Tests-2] INFO  verifyingSideMenuCollapsedLangAsInSettingsLingua_19-47-45 - [verifyingSideMenuCollapsedLangAsInSettingsLingua_19-47-45] Finding elements list: By.xpath: //ytd-mini-guide-renderer[@class='style-scope ytd-app']//ytd-mini-guide-entry-renderer
19:49:52 [TestNG-test-Yt Master Tests-2] INFO  verifyingSideMenuCollapsedLangAsInSettingsLingua_19-47-45 - [verifyingSideMenuCollapsedLangAsInSettingsLingua_19-47-45] Found 4 ready elements (attempt 1): By.xpath: //ytd-mini-guide-renderer[@class='style-scope ytd-app']//ytd-mini-guide-entry-renderer
19:49:52 [TestNG-test-Yt Master Tests-2] INFO  verifyingSideMenuCollapsedLangAsInSettingsLingua_19-47-45 - 
========== LANGUAGE DETECTION ==========
Detected Language : BOSNIAN
Input Text        : Početna Shorts Pretplate Moje
========================================
19:49:52 [TestNG-test-Yt Master Tests-2] INFO  verifyingSideMenuCollapsedLangAsInSettingsLingua_19-47-45 - text sent to lingua is       Početna Shorts Pretplate Moje
19:49:52 [TestNG-test-Yt Master Tests-2] INFO  verifyingSideMenuCollapsedLangAsInSettingsLingua_19-47-45 - getLangAttribute() - locating <html> and reading lang property
19:49:52 [TestNG-test-Yt Master Tests-2] INFO  verifyingSideMenuCollapsedLangAsInSettingsLingua_19-47-45 - Language attribute read: hr-HR
19:49:52 [TestNG-test-Yt Master Tests-2] INFO  verifyingSideMenuCollapsedLangAsInSettingsLingua_19-47-45 - Clicking settings ellipses button...
19:49:52 [TestNG-test-Yt Master Tests-2] INFO  verifyingSideMenuCollapsedLangAsInSettingsLingua_19-47-45 - [verifyingSideMenuCollapsedLangAsInSettingsLingua_19-47-45] Trying to find element: By.xpath: //ytd-topbar-menu-button-renderer[@class='style-scope ytd-masthead style-default']
19:49:52 [TestNG-test-Yt Master Tests-2] INFO  verifyingSideMenuCollapsedLangAsInSettingsLingua_19-47-45 - [verifyingSideMenuCollapsedLangAsInSettingsLingua_19-47-45] Element found and ready (attempt 1): By.xpath: //ytd-topbar-menu-button-renderer[@class='style-scope ytd-masthead style-default']
19:49:52 [TestNG-test-Yt Master Tests-2] INFO  verifyingSideMenuCollapsedLangAsInSettingsLingua_19-47-45 - Clicking language dropdown...
19:49:52 [TestNG-test-Yt Master Tests-2] INFO  verifyingSideMenuCollapsedLangAsInSettingsLingua_19-47-45 - [verifyingSideMenuCollapsedLangAsInSettingsLingua_19-47-45] Trying to find element: By.xpath: (//div[@id='content-icon'])[2]
19:49:53 [TestNG-test-Yt Master Tests-2] INFO  verifyingSideMenuCollapsedLangAsInSettingsLingua_19-47-45 - [verifyingSideMenuCollapsedLangAsInSettingsLingua_19-47-45] Element found and ready (attempt 1): By.xpath: (//div[@id='content-icon'])[2]
19:49:54 [TestNG-test-Yt Master Tests-2] INFO  verifyingSideMenuCollapsedLangAsInSettingsLingua_19-47-45 - Looking for language element with name: Íslenska
19:49:54 [TestNG-test-Yt Master Tests-2] INFO  verifyingSideMenuCollapsedLangAsInSettingsLingua_19-47-45 - [verifyingSideMenuCollapsedLangAsInSettingsLingua_19-47-45] Trying to find element: By.xpath: //yt-multi-page-menu-section-renderer[@class='style-scope ytd-multi-page-menu-renderer']//yt-formatted-string[@id='label' and text()='Íslenska']
19:49:54 [TestNG-test-Yt Master Tests-2] INFO  verifyingSideMenuCollapsedLangAsInSettingsLingua_19-47-45 - [verifyingSideMenuCollapsedLangAsInSettingsLingua_19-47-45] Element found and ready (attempt 1): By.xpath: //yt-multi-page-menu-section-renderer[@class='style-scope ytd-multi-page-menu-renderer']//yt-formatted-string[@id='label' and text()='Íslenska']
19:49:54 [TestNG-test-Yt Master Tests-2] INFO  verifyingSideMenuCollapsedLangAsInSettingsLingua_19-47-45 - [verifyingSideMenuCollapsedLangAsInSettingsLingua_19-47-45] Trying to find element: By.xpath: //yt-multi-page-menu-section-renderer[@class='style-scope ytd-multi-page-menu-renderer']//yt-formatted-string[@id='label' and text()='Íslenska']
19:49:54 [TestNG-test-Yt Master Tests-2] INFO  verifyingSideMenuCollapsedLangAsInSettingsLingua_19-47-45 - [verifyingSideMenuCollapsedLangAsInSettingsLingua_19-47-45] Element found and ready (attempt 1): By.xpath: //yt-multi-page-menu-section-renderer[@class='style-scope ytd-multi-page-menu-renderer']//yt-formatted-string[@id='label' and text()='Íslenska']
19:49:57 [TestNG-test-Yt Master Tests-2] INFO  verifyingSideMenuCollapsedLangAsInSettingsLingua_19-47-45 - Clicking settings ellipses button...
19:49:57 [TestNG-test-Yt Master Tests-2] INFO  verifyingSideMenuCollapsedLangAsInSettingsLingua_19-47-45 - [verifyingSideMenuCollapsedLangAsInSettingsLingua_19-47-45] Trying to find element: By.xpath: //ytd-topbar-menu-button-renderer[@class='style-scope ytd-masthead style-default']
19:49:58 [TestNG-test-Yt Master Tests-2] INFO  verifyingSideMenuCollapsedLangAsInSettingsLingua_19-47-45 - [verifyingSideMenuCollapsedLangAsInSettingsLingua_19-47-45] Element found and ready (attempt 1): By.xpath: //ytd-topbar-menu-button-renderer[@class='style-scope ytd-masthead style-default']
19:49:58 [TestNG-test-Yt Master Tests-2] INFO  verifyingSideMenuCollapsedLangAsInSettingsLingua_19-47-45 - [verifyingSideMenuCollapsedLangAsInSettingsLingua_19-47-45] Waiting until element is visible in viewport
19:49:59 [TestNG-test-Yt Master Tests-2] INFO  verifyingSideMenuCollapsedLangAsInSettingsLingua_19-47-45 - Clicking settings ellipses button...
19:49:59 [TestNG-test-Yt Master Tests-2] INFO  verifyingSideMenuCollapsedLangAsInSettingsLingua_19-47-45 - [verifyingSideMenuCollapsedLangAsInSettingsLingua_19-47-45] Trying to find element: By.xpath: //ytd-topbar-menu-button-renderer[@class='style-scope ytd-masthead style-default']
19:49:59 [TestNG-test-Yt Master Tests-2] INFO  verifyingSideMenuCollapsedLangAsInSettingsLingua_19-47-45 - [verifyingSideMenuCollapsedLangAsInSettingsLingua_19-47-45] Element found and ready (attempt 1): By.xpath: //ytd-topbar-menu-button-renderer[@class='style-scope ytd-masthead style-default']
19:49:59 [TestNG-test-Yt Master Tests-2] INFO  verifyingSideMenuCollapsedLangAsInSettingsLingua_19-47-45 - getLangAttribute() - locating <html> and reading lang property
19:49:59 [TestNG-test-Yt Master Tests-2] INFO  verifyingSideMenuCollapsedLangAsInSettingsLingua_19-47-45 - Language attribute read: is-IS
19:49:59 [TestNG-test-Yt Master Tests-2] INFO  verifyingSideMenuCollapsedLangAsInSettingsLingua_19-47-45 - Fetching the side menu in collapsed view
19:49:59 [TestNG-test-Yt Master Tests-2] INFO  verifyingSideMenuCollapsedLangAsInSettingsLingua_19-47-45 - [verifyingSideMenuCollapsedLangAsInSettingsLingua_19-47-45] Finding elements list: By.xpath: //ytd-mini-guide-renderer[@class='style-scope ytd-app']//ytd-mini-guide-entry-renderer
19:50:00 [TestNG-test-Yt Master Tests-2] INFO  verifyingSideMenuCollapsedLangAsInSettingsLingua_19-47-45 - [verifyingSideMenuCollapsedLangAsInSettingsLingua_19-47-45] Found 4 ready elements (attempt 1): By.xpath: //ytd-mini-guide-renderer[@class='style-scope ytd-app']//ytd-mini-guide-entry-renderer
19:50:00 [TestNG-test-Yt Master Tests-2] INFO  verifyingSideMenuCollapsedLangAsInSettingsLingua_19-47-45 - 
========== LANGUAGE DETECTION ==========
Detected Language : ICELANDIC
Input Text        : Heim Shorts Áskriftir Þú
========================================
19:50:00 [TestNG-test-Yt Master Tests-2] INFO  verifyingSideMenuCollapsedLangAsInSettingsLingua_19-47-45 - text sent to lingua is       Heim Shorts Áskriftir Þú
19:50:00 [TestNG-test-Yt Master Tests-2] INFO  verifyingSideMenuCollapsedLangAsInSettingsLingua_19-47-45 - getLangAttribute() - locating <html> and reading lang property
19:50:00 [TestNG-test-Yt Master Tests-2] INFO  verifyingSideMenuCollapsedLangAsInSettingsLingua_19-47-45 - Language attribute read: is-IS
19:50:00 [TestNG-test-Yt Master Tests-2] INFO  verifyingSideMenuCollapsedLangAsInSettingsLingua_19-47-45 - Clicking settings ellipses button...
19:50:00 [TestNG-test-Yt Master Tests-2] INFO  verifyingSideMenuCollapsedLangAsInSettingsLingua_19-47-45 - [verifyingSideMenuCollapsedLangAsInSettingsLingua_19-47-45] Trying to find element: By.xpath: //ytd-topbar-menu-button-renderer[@class='style-scope ytd-masthead style-default']
19:50:00 [TestNG-test-Yt Master Tests-2] INFO  verifyingSideMenuCollapsedLangAsInSettingsLingua_19-47-45 - [verifyingSideMenuCollapsedLangAsInSettingsLingua_19-47-45] Element found and ready (attempt 1): By.xpath: //ytd-topbar-menu-button-renderer[@class='style-scope ytd-masthead style-default']
19:50:00 [TestNG-test-Yt Master Tests-2] INFO  verifyingSideMenuCollapsedLangAsInSettingsLingua_19-47-45 - Clicking language dropdown...
19:50:00 [TestNG-test-Yt Master Tests-2] INFO  verifyingSideMenuCollapsedLangAsInSettingsLingua_19-47-45 - [verifyingSideMenuCollapsedLangAsInSettingsLingua_19-47-45] Trying to find element: By.xpath: (//div[@id='content-icon'])[2]
19:50:01 [TestNG-test-Yt Master Tests-2] INFO  verifyingSideMenuCollapsedLangAsInSettingsLingua_19-47-45 - [verifyingSideMenuCollapsedLangAsInSettingsLingua_19-47-45] Element found and ready (attempt 1): By.xpath: (//div[@id='content-icon'])[2]
19:50:01 [TestNG-test-Yt Master Tests-2] INFO  verifyingSideMenuCollapsedLangAsInSettingsLingua_19-47-45 - Looking for language element with name: Italiano
19:50:01 [TestNG-test-Yt Master Tests-2] INFO  verifyingSideMenuCollapsedLangAsInSettingsLingua_19-47-45 - [verifyingSideMenuCollapsedLangAsInSettingsLingua_19-47-45] Trying to find element: By.xpath: //yt-multi-page-menu-section-renderer[@class='style-scope ytd-multi-page-menu-renderer']//yt-formatted-string[@id='label' and text()='Italiano']
19:50:01 [TestNG-test-Yt Master Tests-2] INFO  verifyingSideMenuCollapsedLangAsInSettingsLingua_19-47-45 - [verifyingSideMenuCollapsedLangAsInSettingsLingua_19-47-45] Element found and ready (attempt 1): By.xpath: //yt-multi-page-menu-section-renderer[@class='style-scope ytd-multi-page-menu-renderer']//yt-formatted-string[@id='label' and text()='Italiano']
19:50:01 [TestNG-test-Yt Master Tests-2] INFO  verifyingSideMenuCollapsedLangAsInSettingsLingua_19-47-45 - [verifyingSideMenuCollapsedLangAsInSettingsLingua_19-47-45] Trying to find element: By.xpath: //yt-multi-page-menu-section-renderer[@class='style-scope ytd-multi-page-menu-renderer']//yt-formatted-string[@id='label' and text()='Italiano']
19:50:01 [TestNG-test-Yt Master Tests-2] INFO  verifyingSideMenuCollapsedLangAsInSettingsLingua_19-47-45 - [verifyingSideMenuCollapsedLangAsInSettingsLingua_19-47-45] Element found and ready (attempt 1): By.xpath: //yt-multi-page-menu-section-renderer[@class='style-scope ytd-multi-page-menu-renderer']//yt-formatted-string[@id='label' and text()='Italiano']
19:50:03 [TestNG-test-Yt Master Tests-2] INFO  verifyingSideMenuCollapsedLangAsInSettingsLingua_19-47-45 - Clicking settings ellipses button...
19:50:03 [TestNG-test-Yt Master Tests-2] INFO  verifyingSideMenuCollapsedLangAsInSettingsLingua_19-47-45 - [verifyingSideMenuCollapsedLangAsInSettingsLingua_19-47-45] Trying to find element: By.xpath: //ytd-topbar-menu-button-renderer[@class='style-scope ytd-masthead style-default']
19:50:03 [TestNG-test-Yt Master Tests-2] INFO  verifyingSideMenuCollapsedLangAsInSettingsLingua_19-47-45 - [verifyingSideMenuCollapsedLangAsInSettingsLingua_19-47-45] Element found and ready (attempt 1): By.xpath: //ytd-topbar-menu-button-renderer[@class='style-scope ytd-masthead style-default']
19:50:05 [TestNG-test-Yt Master Tests-2] INFO  verifyingSideMenuCollapsedLangAsInSettingsLingua_19-47-45 - [verifyingSideMenuCollapsedLangAsInSettingsLingua_19-47-45] Waiting until element is visible in viewport
19:50:05 [TestNG-test-Yt Master Tests-2] INFO  verifyingSideMenuCollapsedLangAsInSettingsLingua_19-47-45 - Clicking settings ellipses button...
19:50:05 [TestNG-test-Yt Master Tests-2] INFO  verifyingSideMenuCollapsedLangAsInSettingsLingua_19-47-45 - [verifyingSideMenuCollapsedLangAsInSettingsLingua_19-47-45] Trying to find element: By.xpath: //ytd-topbar-menu-button-renderer[@class='style-scope ytd-masthead style-default']
19:50:06 [TestNG-test-Yt Master Tests-2] INFO  verifyingSideMenuCollapsedLangAsInSettingsLingua_19-47-45 - [verifyingSideMenuCollapsedLangAsInSettingsLingua_19-47-45] Element found and ready (attempt 1): By.xpath: //ytd-topbar-menu-button-renderer[@class='style-scope ytd-masthead style-default']
19:50:06 [TestNG-test-Yt Master Tests-2] INFO  verifyingSideMenuCollapsedLangAsInSettingsLingua_19-47-45 - getLangAttribute() - locating <html> and reading lang property
19:50:06 [TestNG-test-Yt Master Tests-2] INFO  verifyingSideMenuCollapsedLangAsInSettingsLingua_19-47-45 - Language attribute read: it-IT
19:50:06 [TestNG-test-Yt Master Tests-2] INFO  verifyingSideMenuCollapsedLangAsInSettingsLingua_19-47-45 - Fetching the side menu in collapsed view
19:50:06 [TestNG-test-Yt Master Tests-2] INFO  verifyingSideMenuCollapsedLangAsInSettingsLingua_19-47-45 - [verifyingSideMenuCollapsedLangAsInSettingsLingua_19-47-45] Finding elements list: By.xpath: //ytd-mini-guide-renderer[@class='style-scope ytd-app']//ytd-mini-guide-entry-renderer
19:50:06 [TestNG-test-Yt Master Tests-2] INFO  verifyingSideMenuCollapsedLangAsInSettingsLingua_19-47-45 - [verifyingSideMenuCollapsedLangAsInSettingsLingua_19-47-45] Found 4 ready elements (attempt 1): By.xpath: //ytd-mini-guide-renderer[@class='style-scope ytd-app']//ytd-mini-guide-entry-renderer
19:50:07 [TestNG-test-Yt Master Tests-2] INFO  verifyingSideMenuCollapsedLangAsInSettingsLingua_19-47-45 - 
========== LANGUAGE DETECTION ==========
Detected Language : ITALIAN
Input Text        : Home Shorts Iscrizioni Tu
========================================
19:50:07 [TestNG-test-Yt Master Tests-2] INFO  verifyingSideMenuCollapsedLangAsInSettingsLingua_19-47-45 - text sent to lingua is       Home Shorts Iscrizioni Tu
19:50:07 [TestNG-test-Yt Master Tests-2] INFO  verifyingSideMenuCollapsedLangAsInSettingsLingua_19-47-45 - getLangAttribute() - locating <html> and reading lang property
19:50:07 [TestNG-test-Yt Master Tests-2] INFO  verifyingSideMenuCollapsedLangAsInSettingsLingua_19-47-45 - Language attribute read: it-IT
19:50:07 [TestNG-test-Yt Master Tests-2] INFO  verifyingSideMenuCollapsedLangAsInSettingsLingua_19-47-45 - Clicking settings ellipses button...
19:50:07 [TestNG-test-Yt Master Tests-2] INFO  verifyingSideMenuCollapsedLangAsInSettingsLingua_19-47-45 - [verifyingSideMenuCollapsedLangAsInSettingsLingua_19-47-45] Trying to find element: By.xpath: //ytd-topbar-menu-button-renderer[@class='style-scope ytd-masthead style-default']
19:50:07 [TestNG-test-Yt Master Tests-2] INFO  verifyingSideMenuCollapsedLangAsInSettingsLingua_19-47-45 - [verifyingSideMenuCollapsedLangAsInSettingsLingua_19-47-45] Element found and ready (attempt 1): By.xpath: //ytd-topbar-menu-button-renderer[@class='style-scope ytd-masthead style-default']
19:50:07 [TestNG-test-Yt Master Tests-2] INFO  verifyingSideMenuCollapsedLangAsInSettingsLingua_19-47-45 - Clicking language dropdown...
19:50:07 [TestNG-test-Yt Master Tests-2] INFO  verifyingSideMenuCollapsedLangAsInSettingsLingua_19-47-45 - [verifyingSideMenuCollapsedLangAsInSettingsLingua_19-47-45] Trying to find element: By.xpath: (//div[@id='content-icon'])[2]
19:50:07 [TestNG-test-Yt Master Tests-2] INFO  verifyingSideMenuCollapsedLangAsInSettingsLingua_19-47-45 - [verifyingSideMenuCollapsedLangAsInSettingsLingua_19-47-45] Element found and ready (attempt 1): By.xpath: (//div[@id='content-icon'])[2]
19:50:08 [TestNG-test-Yt Master Tests-2] INFO  verifyingSideMenuCollapsedLangAsInSettingsLingua_19-47-45 - Looking for language element with name: Latviešu valoda
19:50:08 [TestNG-test-Yt Master Tests-2] INFO  verifyingSideMenuCollapsedLangAsInSettingsLingua_19-47-45 - [verifyingSideMenuCollapsedLangAsInSettingsLingua_19-47-45] Trying to find element: By.xpath: //yt-multi-page-menu-section-renderer[@class='style-scope ytd-multi-page-menu-renderer']//yt-formatted-string[@id='label' and text()='Latviešu valoda']
19:50:08 [TestNG-test-Yt Master Tests-2] INFO  verifyingSideMenuCollapsedLangAsInSettingsLingua_19-47-45 - [verifyingSideMenuCollapsedLangAsInSettingsLingua_19-47-45] Element found and ready (attempt 1): By.xpath: //yt-multi-page-menu-section-renderer[@class='style-scope ytd-multi-page-menu-renderer']//yt-formatted-string[@id='label' and text()='Latviešu valoda']
19:50:08 [TestNG-test-Yt Master Tests-2] INFO  verifyingSideMenuCollapsedLangAsInSettingsLingua_19-47-45 - [verifyingSideMenuCollapsedLangAsInSettingsLingua_19-47-45] Trying to find element: By.xpath: //yt-multi-page-menu-section-renderer[@class='style-scope ytd-multi-page-menu-renderer']//yt-formatted-string[@id='label' and text()='Latviešu valoda']
19:50:08 [TestNG-test-Yt Master Tests-2] INFO  verifyingSideMenuCollapsedLangAsInSettingsLingua_19-47-45 - [verifyingSideMenuCollapsedLangAsInSettingsLingua_19-47-45] Element found and ready (attempt 1): By.xpath: //yt-multi-page-menu-section-renderer[@class='style-scope ytd-multi-page-menu-renderer']//yt-formatted-string[@id='label' and text()='Latviešu valoda']
19:50:10 [TestNG-test-Yt Master Tests-2] INFO  verifyingSideMenuCollapsedLangAsInSettingsLingua_19-47-45 - Clicking settings ellipses button...
19:50:10 [TestNG-test-Yt Master Tests-2] INFO  verifyingSideMenuCollapsedLangAsInSettingsLingua_19-47-45 - [verifyingSideMenuCollapsedLangAsInSettingsLingua_19-47-45] Trying to find element: By.xpath: //ytd-topbar-menu-button-renderer[@class='style-scope ytd-masthead style-default']
19:50:10 [TestNG-test-Yt Master Tests-2] INFO  verifyingSideMenuCollapsedLangAsInSettingsLingua_19-47-45 - [verifyingSideMenuCollapsedLangAsInSettingsLingua_19-47-45] Element found and ready (attempt 1): By.xpath: //ytd-topbar-menu-button-renderer[@class='style-scope ytd-masthead style-default']
19:50:10 [TestNG-test-Yt Master Tests-2] INFO  verifyingSideMenuCollapsedLangAsInSettingsLingua_19-47-45 - [verifyingSideMenuCollapsedLangAsInSettingsLingua_19-47-45] Waiting until element is visible in viewport
19:50:11 [TestNG-test-Yt Master Tests-2] INFO  verifyingSideMenuCollapsedLangAsInSettingsLingua_19-47-45 - Clicking settings ellipses button...
19:50:11 [TestNG-test-Yt Master Tests-2] INFO  verifyingSideMenuCollapsedLangAsInSettingsLingua_19-47-45 - [verifyingSideMenuCollapsedLangAsInSettingsLingua_19-47-45] Trying to find element: By.xpath: //ytd-topbar-menu-button-renderer[@class='style-scope ytd-masthead style-default']
19:50:11 [TestNG-test-Yt Master Tests-2] INFO  verifyingSideMenuCollapsedLangAsInSettingsLingua_19-47-45 - [verifyingSideMenuCollapsedLangAsInSettingsLingua_19-47-45] Element found and ready (attempt 1): By.xpath: //ytd-topbar-menu-button-renderer[@class='style-scope ytd-masthead style-default']
19:50:11 [TestNG-test-Yt Master Tests-2] INFO  verifyingSideMenuCollapsedLangAsInSettingsLingua_19-47-45 - getLangAttribute() - locating <html> and reading lang property
19:50:11 [TestNG-test-Yt Master Tests-2] INFO  verifyingSideMenuCollapsedLangAsInSettingsLingua_19-47-45 - Language attribute read: lv-LV
19:50:11 [TestNG-test-Yt Master Tests-2] INFO  verifyingSideMenuCollapsedLangAsInSettingsLingua_19-47-45 - Fetching the side menu in collapsed view
19:50:11 [TestNG-test-Yt Master Tests-2] INFO  verifyingSideMenuCollapsedLangAsInSettingsLingua_19-47-45 - [verifyingSideMenuCollapsedLangAsInSettingsLingua_19-47-45] Finding elements list: By.xpath: //ytd-mini-guide-renderer[@class='style-scope ytd-app']//ytd-mini-guide-entry-renderer
19:50:12 [TestNG-test-Yt Master Tests-2] INFO  verifyingSideMenuCollapsedLangAsInSettingsLingua_19-47-45 - [verifyingSideMenuCollapsedLangAsInSettingsLingua_19-47-45] Found 4 ready elements (attempt 1): By.xpath: //ytd-mini-guide-renderer[@class='style-scope ytd-app']//ytd-mini-guide-entry-renderer
19:50:12 [TestNG-test-Yt Master Tests-2] INFO  verifyingSideMenuCollapsedLangAsInSettingsLingua_19-47-45 - 
========== LANGUAGE DETECTION ==========
Detected Language : LATVIAN
Input Text        : Sākums Shorts Abonementi Jūs
========================================
19:50:12 [TestNG-test-Yt Master Tests-2] INFO  verifyingSideMenuCollapsedLangAsInSettingsLingua_19-47-45 - text sent to lingua is       Sākums Shorts Abonementi Jūs
19:50:12 [TestNG-test-Yt Master Tests-2] INFO  verifyingSideMenuCollapsedLangAsInSettingsLingua_19-47-45 - getLangAttribute() - locating <html> and reading lang property
19:50:12 [TestNG-test-Yt Master Tests-2] INFO  verifyingSideMenuCollapsedLangAsInSettingsLingua_19-47-45 - Language attribute read: lv-LV
19:50:12 [TestNG-test-Yt Master Tests-2] INFO  verifyingSideMenuCollapsedLangAsInSettingsLingua_19-47-45 - Clicking settings ellipses button...
19:50:12 [TestNG-test-Yt Master Tests-2] INFO  verifyingSideMenuCollapsedLangAsInSettingsLingua_19-47-45 - [verifyingSideMenuCollapsedLangAsInSettingsLingua_19-47-45] Trying to find element: By.xpath: //ytd-topbar-menu-button-renderer[@class='style-scope ytd-masthead style-default']
19:50:12 [TestNG-test-Yt Master Tests-2] INFO  verifyingSideMenuCollapsedLangAsInSettingsLingua_19-47-45 - [verifyingSideMenuCollapsedLangAsInSettingsLingua_19-47-45] Element found and ready (attempt 1): By.xpath: //ytd-topbar-menu-button-renderer[@class='style-scope ytd-masthead style-default']
19:50:12 [TestNG-test-Yt Master Tests-2] INFO  verifyingSideMenuCollapsedLangAsInSettingsLingua_19-47-45 - Clicking language dropdown...
19:50:12 [TestNG-test-Yt Master Tests-2] INFO  verifyingSideMenuCollapsedLangAsInSettingsLingua_19-47-45 - [verifyingSideMenuCollapsedLangAsInSettingsLingua_19-47-45] Trying to find element: By.xpath: (//div[@id='content-icon'])[2]
19:50:13 [TestNG-test-Yt Master Tests-2] INFO  verifyingSideMenuCollapsedLangAsInSettingsLingua_19-47-45 - [verifyingSideMenuCollapsedLangAsInSettingsLingua_19-47-45] Element found and ready (attempt 1): By.xpath: (//div[@id='content-icon'])[2]
19:50:14 [TestNG-test-Yt Master Tests-2] INFO  verifyingSideMenuCollapsedLangAsInSettingsLingua_19-47-45 - Looking for language element with name: Lietuvių
19:50:14 [TestNG-test-Yt Master Tests-2] INFO  verifyingSideMenuCollapsedLangAsInSettingsLingua_19-47-45 - [verifyingSideMenuCollapsedLangAsInSettingsLingua_19-47-45] Trying to find element: By.xpath: //yt-multi-page-menu-section-renderer[@class='style-scope ytd-multi-page-menu-renderer']//yt-formatted-string[@id='label' and text()='Lietuvių']
19:50:14 [TestNG-test-Yt Master Tests-2] INFO  verifyingSideMenuCollapsedLangAsInSettingsLingua_19-47-45 - [verifyingSideMenuCollapsedLangAsInSettingsLingua_19-47-45] Element found and ready (attempt 1): By.xpath: //yt-multi-page-menu-section-renderer[@class='style-scope ytd-multi-page-menu-renderer']//yt-formatted-string[@id='label' and text()='Lietuvių']
19:50:14 [TestNG-test-Yt Master Tests-2] INFO  verifyingSideMenuCollapsedLangAsInSettingsLingua_19-47-45 - [verifyingSideMenuCollapsedLangAsInSettingsLingua_19-47-45] Trying to find element: By.xpath: //yt-multi-page-menu-section-renderer[@class='style-scope ytd-multi-page-menu-renderer']//yt-formatted-string[@id='label' and text()='Lietuvių']
19:50:14 [TestNG-test-Yt Master Tests-2] INFO  verifyingSideMenuCollapsedLangAsInSettingsLingua_19-47-45 - [verifyingSideMenuCollapsedLangAsInSettingsLingua_19-47-45] Element found and ready (attempt 1): By.xpath: //yt-multi-page-menu-section-renderer[@class='style-scope ytd-multi-page-menu-renderer']//yt-formatted-string[@id='label' and text()='Lietuvių']
19:50:15 [TestNG-test-Yt Master Tests-2] INFO  verifyingSideMenuCollapsedLangAsInSettingsLingua_19-47-45 - Clicking settings ellipses button...
19:50:15 [TestNG-test-Yt Master Tests-2] INFO  verifyingSideMenuCollapsedLangAsInSettingsLingua_19-47-45 - [verifyingSideMenuCollapsedLangAsInSettingsLingua_19-47-45] Trying to find element: By.xpath: //ytd-topbar-menu-button-renderer[@class='style-scope ytd-masthead style-default']
19:50:15 [TestNG-test-Yt Master Tests-2] INFO  verifyingSideMenuCollapsedLangAsInSettingsLingua_19-47-45 - [verifyingSideMenuCollapsedLangAsInSettingsLingua_19-47-45] Element found and ready (attempt 1): By.xpath: //ytd-topbar-menu-button-renderer[@class='style-scope ytd-masthead style-default']
19:50:16 [TestNG-test-Yt Master Tests-2] INFO  verifyingSideMenuCollapsedLangAsInSettingsLingua_19-47-45 - [verifyingSideMenuCollapsedLangAsInSettingsLingua_19-47-45] Waiting until element is visible in viewport
19:50:16 [TestNG-test-Yt Master Tests-2] INFO  verifyingSideMenuCollapsedLangAsInSettingsLingua_19-47-45 - Clicking settings ellipses button...
19:50:16 [TestNG-test-Yt Master Tests-2] INFO  verifyingSideMenuCollapsedLangAsInSettingsLingua_19-47-45 - [verifyingSideMenuCollapsedLangAsInSettingsLingua_19-47-45] Trying to find element: By.xpath: //ytd-topbar-menu-button-renderer[@class='style-scope ytd-masthead style-default']
19:50:17 [TestNG-test-Yt Master Tests-2] INFO  verifyingSideMenuCollapsedLangAsInSettingsLingua_19-47-45 - [verifyingSideMenuCollapsedLangAsInSettingsLingua_19-47-45] Element found and ready (attempt 1): By.xpath: //ytd-topbar-menu-button-renderer[@class='style-scope ytd-masthead style-default']
19:50:17 [TestNG-test-Yt Master Tests-2] INFO  verifyingSideMenuCollapsedLangAsInSettingsLingua_19-47-45 - getLangAttribute() - locating <html> and reading lang property
19:50:17 [TestNG-test-Yt Master Tests-2] INFO  verifyingSideMenuCollapsedLangAsInSettingsLingua_19-47-45 - Language attribute read: lt-LT
19:50:17 [TestNG-test-Yt Master Tests-2] INFO  verifyingSideMenuCollapsedLangAsInSettingsLingua_19-47-45 - Fetching the side menu in collapsed view
19:50:17 [TestNG-test-Yt Master Tests-2] INFO  verifyingSideMenuCollapsedLangAsInSettingsLingua_19-47-45 - [verifyingSideMenuCollapsedLangAsInSettingsLingua_19-47-45] Finding elements list: By.xpath: //ytd-mini-guide-renderer[@class='style-scope ytd-app']//ytd-mini-guide-entry-renderer
19:50:17 [TestNG-test-Yt Master Tests-2] INFO  verifyingSideMenuCollapsedLangAsInSettingsLingua_19-47-45 - [verifyingSideMenuCollapsedLangAsInSettingsLingua_19-47-45] Found 4 ready elements (attempt 1): By.xpath: //ytd-mini-guide-renderer[@class='style-scope ytd-app']//ytd-mini-guide-entry-renderer
19:50:18 [TestNG-test-Yt Master Tests-2] INFO  verifyingSideMenuCollapsedLangAsInSettingsLingua_19-47-45 - 
========== LANGUAGE DETECTION ==========
Detected Language : LITHUANIAN
Input Text        : Pagrindinis Shorts Prenumeratos Jūs
========================================
19:50:18 [TestNG-test-Yt Master Tests-2] INFO  verifyingSideMenuCollapsedLangAsInSettingsLingua_19-47-45 - text sent to lingua is       Pagrindinis Shorts Prenumeratos Jūs
19:50:18 [TestNG-test-Yt Master Tests-2] INFO  verifyingSideMenuCollapsedLangAsInSettingsLingua_19-47-45 - getLangAttribute() - locating <html> and reading lang property
19:50:18 [TestNG-test-Yt Master Tests-2] INFO  verifyingSideMenuCollapsedLangAsInSettingsLingua_19-47-45 - Language attribute read: lt-LT
19:50:18 [TestNG-test-Yt Master Tests-2] INFO  verifyingSideMenuCollapsedLangAsInSettingsLingua_19-47-45 - Clicking settings ellipses button...
19:50:18 [TestNG-test-Yt Master Tests-2] INFO  verifyingSideMenuCollapsedLangAsInSettingsLingua_19-47-45 - [verifyingSideMenuCollapsedLangAsInSettingsLingua_19-47-45] Trying to find element: By.xpath: //ytd-topbar-menu-button-renderer[@class='style-scope ytd-masthead style-default']
19:50:18 [TestNG-test-Yt Master Tests-2] INFO  verifyingSideMenuCollapsedLangAsInSettingsLingua_19-47-45 - [verifyingSideMenuCollapsedLangAsInSettingsLingua_19-47-45] Element found and ready (attempt 1): By.xpath: //ytd-topbar-menu-button-renderer[@class='style-scope ytd-masthead style-default']
19:50:18 [TestNG-test-Yt Master Tests-2] INFO  verifyingSideMenuCollapsedLangAsInSettingsLingua_19-47-45 - Clicking language dropdown...
19:50:18 [TestNG-test-Yt Master Tests-2] INFO  verifyingSideMenuCollapsedLangAsInSettingsLingua_19-47-45 - [verifyingSideMenuCollapsedLangAsInSettingsLingua_19-47-45] Trying to find element: By.xpath: (//div[@id='content-icon'])[2]
19:50:19 [TestNG-test-Yt Master Tests-2] INFO  verifyingSideMenuCollapsedLangAsInSettingsLingua_19-47-45 - [verifyingSideMenuCollapsedLangAsInSettingsLingua_19-47-45] Element found and ready (attempt 1): By.xpath: (//div[@id='content-icon'])[2]
19:50:19 [TestNG-test-Yt Master Tests-2] INFO  verifyingSideMenuCollapsedLangAsInSettingsLingua_19-47-45 - Looking for language element with name: Magyar
19:50:19 [TestNG-test-Yt Master Tests-2] INFO  verifyingSideMenuCollapsedLangAsInSettingsLingua_19-47-45 - [verifyingSideMenuCollapsedLangAsInSettingsLingua_19-47-45] Trying to find element: By.xpath: //yt-multi-page-menu-section-renderer[@class='style-scope ytd-multi-page-menu-renderer']//yt-formatted-string[@id='label' and text()='Magyar']
19:50:19 [TestNG-test-Yt Master Tests-2] INFO  verifyingSideMenuCollapsedLangAsInSettingsLingua_19-47-45 - [verifyingSideMenuCollapsedLangAsInSettingsLingua_19-47-45] Element found and ready (attempt 1): By.xpath: //yt-multi-page-menu-section-renderer[@class='style-scope ytd-multi-page-menu-renderer']//yt-formatted-string[@id='label' and text()='Magyar']
19:50:19 [TestNG-test-Yt Master Tests-2] INFO  verifyingSideMenuCollapsedLangAsInSettingsLingua_19-47-45 - [verifyingSideMenuCollapsedLangAsInSettingsLingua_19-47-45] Trying to find element: By.xpath: //yt-multi-page-menu-section-renderer[@class='style-scope ytd-multi-page-menu-renderer']//yt-formatted-string[@id='label' and text()='Magyar']
19:50:20 [TestNG-test-Yt Master Tests-2] INFO  verifyingSideMenuCollapsedLangAsInSettingsLingua_19-47-45 - [verifyingSideMenuCollapsedLangAsInSettingsLingua_19-47-45] Element found and ready (attempt 1): By.xpath: //yt-multi-page-menu-section-renderer[@class='style-scope ytd-multi-page-menu-renderer']//yt-formatted-string[@id='label' and text()='Magyar']
19:50:21 [TestNG-test-Yt Master Tests-2] INFO  verifyingSideMenuCollapsedLangAsInSettingsLingua_19-47-45 - Clicking settings ellipses button...
19:50:22 [TestNG-test-Yt Master Tests-2] INFO  verifyingSideMenuCollapsedLangAsInSettingsLingua_19-47-45 - [verifyingSideMenuCollapsedLangAsInSettingsLingua_19-47-45] Trying to find element: By.xpath: //ytd-topbar-menu-button-renderer[@class='style-scope ytd-masthead style-default']
19:50:22 [TestNG-test-Yt Master Tests-2] INFO  verifyingSideMenuCollapsedLangAsInSettingsLingua_19-47-45 - [verifyingSideMenuCollapsedLangAsInSettingsLingua_19-47-45] Element found and ready (attempt 1): By.xpath: //ytd-topbar-menu-button-renderer[@class='style-scope ytd-masthead style-default']
19:50:22 [TestNG-test-Yt Master Tests-2] INFO  verifyingSideMenuCollapsedLangAsInSettingsLingua_19-47-45 - [verifyingSideMenuCollapsedLangAsInSettingsLingua_19-47-45] Waiting until element is visible in viewport
19:50:23 [TestNG-test-Yt Master Tests-2] INFO  verifyingSideMenuCollapsedLangAsInSettingsLingua_19-47-45 - Clicking settings ellipses button...
19:50:23 [TestNG-test-Yt Master Tests-2] INFO  verifyingSideMenuCollapsedLangAsInSettingsLingua_19-47-45 - [verifyingSideMenuCollapsedLangAsInSettingsLingua_19-47-45] Trying to find element: By.xpath: //ytd-topbar-menu-button-renderer[@class='style-scope ytd-masthead style-default']
19:50:24 [TestNG-test-Yt Master Tests-2] INFO  verifyingSideMenuCollapsedLangAsInSettingsLingua_19-47-45 - [verifyingSideMenuCollapsedLangAsInSettingsLingua_19-47-45] Element found and ready (attempt 1): By.xpath: //ytd-topbar-menu-button-renderer[@class='style-scope ytd-masthead style-default']
19:50:24 [TestNG-test-Yt Master Tests-2] INFO  verifyingSideMenuCollapsedLangAsInSettingsLingua_19-47-45 - getLangAttribute() - locating <html> and reading lang property
19:50:24 [TestNG-test-Yt Master Tests-2] INFO  verifyingSideMenuCollapsedLangAsInSettingsLingua_19-47-45 - Language attribute read: hu-HU
19:50:24 [TestNG-test-Yt Master Tests-2] INFO  verifyingSideMenuCollapsedLangAsInSettingsLingua_19-47-45 - Fetching the side menu in collapsed view
19:50:24 [TestNG-test-Yt Master Tests-2] INFO  verifyingSideMenuCollapsedLangAsInSettingsLingua_19-47-45 - [verifyingSideMenuCollapsedLangAsInSettingsLingua_19-47-45] Finding elements list: By.xpath: //ytd-mini-guide-renderer[@class='style-scope ytd-app']//ytd-mini-guide-entry-renderer
19:50:24 [TestNG-test-Yt Master Tests-2] INFO  verifyingSideMenuCollapsedLangAsInSettingsLingua_19-47-45 - [verifyingSideMenuCollapsedLangAsInSettingsLingua_19-47-45] Found 4 ready elements (attempt 1): By.xpath: //ytd-mini-guide-renderer[@class='style-scope ytd-app']//ytd-mini-guide-entry-renderer
19:50:24 [TestNG-test-Yt Master Tests-2] INFO  verifyingSideMenuCollapsedLangAsInSettingsLingua_19-47-45 - 
========== LANGUAGE DETECTION ==========
Detected Language : HUNGARIAN
Input Text        : Kezdőlap Shorts Feliratkozások Te
========================================
19:50:24 [TestNG-test-Yt Master Tests-2] INFO  verifyingSideMenuCollapsedLangAsInSettingsLingua_19-47-45 - text sent to lingua is       Kezdőlap Shorts Feliratkozások Te
19:50:24 [TestNG-test-Yt Master Tests-2] INFO  verifyingSideMenuCollapsedLangAsInSettingsLingua_19-47-45 - getLangAttribute() - locating <html> and reading lang property
19:50:24 [TestNG-test-Yt Master Tests-2] INFO  verifyingSideMenuCollapsedLangAsInSettingsLingua_19-47-45 - Language attribute read: hu-HU
19:50:24 [TestNG-test-Yt Master Tests-2] INFO  verifyingSideMenuCollapsedLangAsInSettingsLingua_19-47-45 - Clicking settings ellipses button...
19:50:24 [TestNG-test-Yt Master Tests-2] INFO  verifyingSideMenuCollapsedLangAsInSettingsLingua_19-47-45 - [verifyingSideMenuCollapsedLangAsInSettingsLingua_19-47-45] Trying to find element: By.xpath: //ytd-topbar-menu-button-renderer[@class='style-scope ytd-masthead style-default']
19:50:24 [TestNG-test-Yt Master Tests-2] INFO  verifyingSideMenuCollapsedLangAsInSettingsLingua_19-47-45 - [verifyingSideMenuCollapsedLangAsInSettingsLingua_19-47-45] Element found and ready (attempt 1): By.xpath: //ytd-topbar-menu-button-renderer[@class='style-scope ytd-masthead style-default']
19:50:24 [TestNG-test-Yt Master Tests-2] INFO  verifyingSideMenuCollapsedLangAsInSettingsLingua_19-47-45 - Clicking language dropdown...
19:50:24 [TestNG-test-Yt Master Tests-2] INFO  verifyingSideMenuCollapsedLangAsInSettingsLingua_19-47-45 - [verifyingSideMenuCollapsedLangAsInSettingsLingua_19-47-45] Trying to find element: By.xpath: (//div[@id='content-icon'])[2]
19:50:25 [TestNG-test-Yt Master Tests-2] INFO  verifyingSideMenuCollapsedLangAsInSettingsLingua_19-47-45 - [verifyingSideMenuCollapsedLangAsInSettingsLingua_19-47-45] Element found and ready (attempt 1): By.xpath: (//div[@id='content-icon'])[2]
19:50:25 [TestNG-test-Yt Master Tests-2] INFO  verifyingSideMenuCollapsedLangAsInSettingsLingua_19-47-45 - Looking for language element with name: Nederlands
19:50:25 [TestNG-test-Yt Master Tests-2] INFO  verifyingSideMenuCollapsedLangAsInSettingsLingua_19-47-45 - [verifyingSideMenuCollapsedLangAsInSettingsLingua_19-47-45] Trying to find element: By.xpath: //yt-multi-page-menu-section-renderer[@class='style-scope ytd-multi-page-menu-renderer']//yt-formatted-string[@id='label' and text()='Nederlands']
19:50:26 [TestNG-test-Yt Master Tests-2] INFO  verifyingSideMenuCollapsedLangAsInSettingsLingua_19-47-45 - [verifyingSideMenuCollapsedLangAsInSettingsLingua_19-47-45] Element found and ready (attempt 1): By.xpath: //yt-multi-page-menu-section-renderer[@class='style-scope ytd-multi-page-menu-renderer']//yt-formatted-string[@id='label' and text()='Nederlands']
19:50:26 [TestNG-test-Yt Master Tests-2] INFO  verifyingSideMenuCollapsedLangAsInSettingsLingua_19-47-45 - [verifyingSideMenuCollapsedLangAsInSettingsLingua_19-47-45] Trying to find element: By.xpath: //yt-multi-page-menu-section-renderer[@class='style-scope ytd-multi-page-menu-renderer']//yt-formatted-string[@id='label' and text()='Nederlands']
19:50:26 [TestNG-test-Yt Master Tests-2] INFO  verifyingSideMenuCollapsedLangAsInSettingsLingua_19-47-45 - [verifyingSideMenuCollapsedLangAsInSettingsLingua_19-47-45] Element found and ready (attempt 1): By.xpath: //yt-multi-page-menu-section-renderer[@class='style-scope ytd-multi-page-menu-renderer']//yt-formatted-string[@id='label' and text()='Nederlands']
19:50:27 [TestNG-test-Yt Master Tests-2] INFO  verifyingSideMenuCollapsedLangAsInSettingsLingua_19-47-45 - Clicking settings ellipses button...
19:50:27 [TestNG-test-Yt Master Tests-2] INFO  verifyingSideMenuCollapsedLangAsInSettingsLingua_19-47-45 - [verifyingSideMenuCollapsedLangAsInSettingsLingua_19-47-45] Trying to find element: By.xpath: //ytd-topbar-menu-button-renderer[@class='style-scope ytd-masthead style-default']
19:50:27 [TestNG-test-Yt Master Tests-2] INFO  verifyingSideMenuCollapsedLangAsInSettingsLingua_19-47-45 - [verifyingSideMenuCollapsedLangAsInSettingsLingua_19-47-45] Element found and ready (attempt 1): By.xpath: //ytd-topbar-menu-button-renderer[@class='style-scope ytd-masthead style-default']
19:50:28 [TestNG-test-Yt Master Tests-2] INFO  verifyingSideMenuCollapsedLangAsInSettingsLingua_19-47-45 - [verifyingSideMenuCollapsedLangAsInSettingsLingua_19-47-45] Waiting until element is visible in viewport
19:50:29 [TestNG-test-Yt Master Tests-2] INFO  verifyingSideMenuCollapsedLangAsInSettingsLingua_19-47-45 - Clicking settings ellipses button...
19:50:29 [TestNG-test-Yt Master Tests-2] INFO  verifyingSideMenuCollapsedLangAsInSettingsLingua_19-47-45 - [verifyingSideMenuCollapsedLangAsInSettingsLingua_19-47-45] Trying to find element: By.xpath: //ytd-topbar-menu-button-renderer[@class='style-scope ytd-masthead style-default']
19:50:29 [TestNG-test-Yt Master Tests-2] INFO  verifyingSideMenuCollapsedLangAsInSettingsLingua_19-47-45 - [verifyingSideMenuCollapsedLangAsInSettingsLingua_19-47-45] Element found and ready (attempt 1): By.xpath: //ytd-topbar-menu-button-renderer[@class='style-scope ytd-masthead style-default']
19:50:29 [TestNG-test-Yt Master Tests-2] INFO  verifyingSideMenuCollapsedLangAsInSettingsLingua_19-47-45 - getLangAttribute() - locating <html> and reading lang property
19:50:29 [TestNG-test-Yt Master Tests-2] INFO  verifyingSideMenuCollapsedLangAsInSettingsLingua_19-47-45 - Language attribute read: nl-NL
19:50:29 [TestNG-test-Yt Master Tests-2] INFO  verifyingSideMenuCollapsedLangAsInSettingsLingua_19-47-45 - Fetching the side menu in collapsed view
19:50:29 [TestNG-test-Yt Master Tests-2] INFO  verifyingSideMenuCollapsedLangAsInSettingsLingua_19-47-45 - [verifyingSideMenuCollapsedLangAsInSettingsLingua_19-47-45] Finding elements list: By.xpath: //ytd-mini-guide-renderer[@class='style-scope ytd-app']//ytd-mini-guide-entry-renderer
19:50:29 [TestNG-test-Yt Master Tests-2] INFO  verifyingSideMenuCollapsedLangAsInSettingsLingua_19-47-45 - [verifyingSideMenuCollapsedLangAsInSettingsLingua_19-47-45] Found 4 ready elements (attempt 1): By.xpath: //ytd-mini-guide-renderer[@class='style-scope ytd-app']//ytd-mini-guide-entry-renderer
19:50:29 [TestNG-test-Yt Master Tests-2] INFO  verifyingSideMenuCollapsedLangAsInSettingsLingua_19-47-45 - 
========== LANGUAGE DETECTION ==========
Detected Language : DUTCH
Input Text        : Home Shorts Abonnementen Jij
========================================
19:50:29 [TestNG-test-Yt Master Tests-2] INFO  verifyingSideMenuCollapsedLangAsInSettingsLingua_19-47-45 - text sent to lingua is       Home Shorts Abonnementen Jij
19:50:29 [TestNG-test-Yt Master Tests-2] INFO  verifyingSideMenuCollapsedLangAsInSettingsLingua_19-47-45 - getLangAttribute() - locating <html> and reading lang property
19:50:29 [TestNG-test-Yt Master Tests-2] INFO  verifyingSideMenuCollapsedLangAsInSettingsLingua_19-47-45 - Language attribute read: nl-NL
19:50:29 [TestNG-test-Yt Master Tests-2] INFO  verifyingSideMenuCollapsedLangAsInSettingsLingua_19-47-45 - Clicking settings ellipses button...
19:50:29 [TestNG-test-Yt Master Tests-2] INFO  verifyingSideMenuCollapsedLangAsInSettingsLingua_19-47-45 - [verifyingSideMenuCollapsedLangAsInSettingsLingua_19-47-45] Trying to find element: By.xpath: //ytd-topbar-menu-button-renderer[@class='style-scope ytd-masthead style-default']
19:50:30 [TestNG-test-Yt Master Tests-2] INFO  verifyingSideMenuCollapsedLangAsInSettingsLingua_19-47-45 - [verifyingSideMenuCollapsedLangAsInSettingsLingua_19-47-45] Element found and ready (attempt 1): By.xpath: //ytd-topbar-menu-button-renderer[@class='style-scope ytd-masthead style-default']
19:50:30 [TestNG-test-Yt Master Tests-2] INFO  verifyingSideMenuCollapsedLangAsInSettingsLingua_19-47-45 - Clicking language dropdown...
19:50:30 [TestNG-test-Yt Master Tests-2] INFO  verifyingSideMenuCollapsedLangAsInSettingsLingua_19-47-45 - [verifyingSideMenuCollapsedLangAsInSettingsLingua_19-47-45] Trying to find element: By.xpath: (//div[@id='content-icon'])[2]
19:50:30 [TestNG-test-Yt Master Tests-2] INFO  verifyingSideMenuCollapsedLangAsInSettingsLingua_19-47-45 - [verifyingSideMenuCollapsedLangAsInSettingsLingua_19-47-45] Element found and ready (attempt 1): By.xpath: (//div[@id='content-icon'])[2]
19:50:31 [TestNG-test-Yt Master Tests-2] INFO  verifyingSideMenuCollapsedLangAsInSettingsLingua_19-47-45 - Looking for language element with name: Polski
19:50:31 [TestNG-test-Yt Master Tests-2] INFO  verifyingSideMenuCollapsedLangAsInSettingsLingua_19-47-45 - [verifyingSideMenuCollapsedLangAsInSettingsLingua_19-47-45] Trying to find element: By.xpath: //yt-multi-page-menu-section-renderer[@class='style-scope ytd-multi-page-menu-renderer']//yt-formatted-string[@id='label' and text()='Polski']
19:50:31 [TestNG-test-Yt Master Tests-2] INFO  verifyingSideMenuCollapsedLangAsInSettingsLingua_19-47-45 - [verifyingSideMenuCollapsedLangAsInSettingsLingua_19-47-45] Element found and ready (attempt 1): By.xpath: //yt-multi-page-menu-section-renderer[@class='style-scope ytd-multi-page-menu-renderer']//yt-formatted-string[@id='label' and text()='Polski']
19:50:31 [TestNG-test-Yt Master Tests-2] INFO  verifyingSideMenuCollapsedLangAsInSettingsLingua_19-47-45 - [verifyingSideMenuCollapsedLangAsInSettingsLingua_19-47-45] Trying to find element: By.xpath: //yt-multi-page-menu-section-renderer[@class='style-scope ytd-multi-page-menu-renderer']//yt-formatted-string[@id='label' and text()='Polski']
19:50:32 [TestNG-test-Yt Master Tests-2] INFO  verifyingSideMenuCollapsedLangAsInSettingsLingua_19-47-45 - [verifyingSideMenuCollapsedLangAsInSettingsLingua_19-47-45] Element found and ready (attempt 1): By.xpath: //yt-multi-page-menu-section-renderer[@class='style-scope ytd-multi-page-menu-renderer']//yt-formatted-string[@id='label' and text()='Polski']
19:50:33 [TestNG-test-Yt Master Tests-2] INFO  verifyingSideMenuCollapsedLangAsInSettingsLingua_19-47-45 - Clicking settings ellipses button...
19:50:34 [TestNG-test-Yt Master Tests-2] INFO  verifyingSideMenuCollapsedLangAsInSettingsLingua_19-47-45 - [verifyingSideMenuCollapsedLangAsInSettingsLingua_19-47-45] Trying to find element: By.xpath: //ytd-topbar-menu-button-renderer[@class='style-scope ytd-masthead style-default']
19:50:34 [TestNG-test-Yt Master Tests-2] INFO  verifyingSideMenuCollapsedLangAsInSettingsLingua_19-47-45 - [verifyingSideMenuCollapsedLangAsInSettingsLingua_19-47-45] Element found and ready (attempt 1): By.xpath: //ytd-topbar-menu-button-renderer[@class='style-scope ytd-masthead style-default']
19:50:34 [TestNG-test-Yt Master Tests-2] INFO  verifyingSideMenuCollapsedLangAsInSettingsLingua_19-47-45 - [verifyingSideMenuCollapsedLangAsInSettingsLingua_19-47-45] Waiting until element is visible in viewport
19:50:36 [TestNG-test-Yt Master Tests-2] INFO  verifyingSideMenuCollapsedLangAsInSettingsLingua_19-47-45 - Clicking settings ellipses button...
19:50:36 [TestNG-test-Yt Master Tests-2] INFO  verifyingSideMenuCollapsedLangAsInSettingsLingua_19-47-45 - [verifyingSideMenuCollapsedLangAsInSettingsLingua_19-47-45] Trying to find element: By.xpath: //ytd-topbar-menu-button-renderer[@class='style-scope ytd-masthead style-default']
19:50:36 [TestNG-test-Yt Master Tests-2] INFO  verifyingSideMenuCollapsedLangAsInSettingsLingua_19-47-45 - [verifyingSideMenuCollapsedLangAsInSettingsLingua_19-47-45] Element found and ready (attempt 1): By.xpath: //ytd-topbar-menu-button-renderer[@class='style-scope ytd-masthead style-default']
19:50:36 [TestNG-test-Yt Master Tests-2] INFO  verifyingSideMenuCollapsedLangAsInSettingsLingua_19-47-45 - getLangAttribute() - locating <html> and reading lang property
19:50:36 [TestNG-test-Yt Master Tests-2] INFO  verifyingSideMenuCollapsedLangAsInSettingsLingua_19-47-45 - Language attribute read: pl-PL
19:50:36 [TestNG-test-Yt Master Tests-2] INFO  verifyingSideMenuCollapsedLangAsInSettingsLingua_19-47-45 - Fetching the side menu in collapsed view
19:50:36 [TestNG-test-Yt Master Tests-2] INFO  verifyingSideMenuCollapsedLangAsInSettingsLingua_19-47-45 - [verifyingSideMenuCollapsedLangAsInSettingsLingua_19-47-45] Finding elements list: By.xpath: //ytd-mini-guide-renderer[@class='style-scope ytd-app']//ytd-mini-guide-entry-renderer
19:50:36 [TestNG-test-Yt Master Tests-2] INFO  verifyingSideMenuCollapsedLangAsInSettingsLingua_19-47-45 - [verifyingSideMenuCollapsedLangAsInSettingsLingua_19-47-45] Found 4 ready elements (attempt 1): By.xpath: //ytd-mini-guide-renderer[@class='style-scope ytd-app']//ytd-mini-guide-entry-renderer
19:50:36 [TestNG-test-Yt Master Tests-2] INFO  verifyingSideMenuCollapsedLangAsInSettingsLingua_19-47-45 - 
========== LANGUAGE DETECTION ==========
Detected Language : POLISH
Input Text        : Główna Shorts Subskrypcje Ty
========================================
19:50:36 [TestNG-test-Yt Master Tests-2] INFO  verifyingSideMenuCollapsedLangAsInSettingsLingua_19-47-45 - text sent to lingua is       Główna Shorts Subskrypcje Ty
19:50:36 [TestNG-test-Yt Master Tests-2] INFO  verifyingSideMenuCollapsedLangAsInSettingsLingua_19-47-45 - getLangAttribute() - locating <html> and reading lang property
19:50:36 [TestNG-test-Yt Master Tests-2] INFO  verifyingSideMenuCollapsedLangAsInSettingsLingua_19-47-45 - Language attribute read: pl-PL
19:50:36 [TestNG-test-Yt Master Tests-2] INFO  verifyingSideMenuCollapsedLangAsInSettingsLingua_19-47-45 - Clicking settings ellipses button...
19:50:36 [TestNG-test-Yt Master Tests-2] INFO  verifyingSideMenuCollapsedLangAsInSettingsLingua_19-47-45 - [verifyingSideMenuCollapsedLangAsInSettingsLingua_19-47-45] Trying to find element: By.xpath: //ytd-topbar-menu-button-renderer[@class='style-scope ytd-masthead style-default']
19:50:36 [TestNG-test-Yt Master Tests-2] INFO  verifyingSideMenuCollapsedLangAsInSettingsLingua_19-47-45 - [verifyingSideMenuCollapsedLangAsInSettingsLingua_19-47-45] Element found and ready (attempt 1): By.xpath: //ytd-topbar-menu-button-renderer[@class='style-scope ytd-masthead style-default']
19:50:37 [TestNG-test-Yt Master Tests-2] INFO  verifyingSideMenuCollapsedLangAsInSettingsLingua_19-47-45 - Clicking language dropdown...
19:50:37 [TestNG-test-Yt Master Tests-2] INFO  verifyingSideMenuCollapsedLangAsInSettingsLingua_19-47-45 - [verifyingSideMenuCollapsedLangAsInSettingsLingua_19-47-45] Trying to find element: By.xpath: (//div[@id='content-icon'])[2]
19:50:37 [TestNG-test-Yt Master Tests-2] INFO  verifyingSideMenuCollapsedLangAsInSettingsLingua_19-47-45 - [verifyingSideMenuCollapsedLangAsInSettingsLingua_19-47-45] Element found and ready (attempt 1): By.xpath: (//div[@id='content-icon'])[2]
19:50:38 [TestNG-test-Yt Master Tests-2] INFO  verifyingSideMenuCollapsedLangAsInSettingsLingua_19-47-45 - Looking for language element with name: Português
19:50:38 [TestNG-test-Yt Master Tests-2] INFO  verifyingSideMenuCollapsedLangAsInSettingsLingua_19-47-45 - [verifyingSideMenuCollapsedLangAsInSettingsLingua_19-47-45] Trying to find element: By.xpath: //yt-multi-page-menu-section-renderer[@class='style-scope ytd-multi-page-menu-renderer']//yt-formatted-string[@id='label' and text()='Português']
19:50:38 [TestNG-test-Yt Master Tests-2] INFO  verifyingSideMenuCollapsedLangAsInSettingsLingua_19-47-45 - [verifyingSideMenuCollapsedLangAsInSettingsLingua_19-47-45] Element found and ready (attempt 1): By.xpath: //yt-multi-page-menu-section-renderer[@class='style-scope ytd-multi-page-menu-renderer']//yt-formatted-string[@id='label' and text()='Português']
19:50:38 [TestNG-test-Yt Master Tests-2] INFO  verifyingSideMenuCollapsedLangAsInSettingsLingua_19-47-45 - [verifyingSideMenuCollapsedLangAsInSettingsLingua_19-47-45] Trying to find element: By.xpath: //yt-multi-page-menu-section-renderer[@class='style-scope ytd-multi-page-menu-renderer']//yt-formatted-string[@id='label' and text()='Português']
19:50:38 [TestNG-test-Yt Master Tests-2] INFO  verifyingSideMenuCollapsedLangAsInSettingsLingua_19-47-45 - [verifyingSideMenuCollapsedLangAsInSettingsLingua_19-47-45] Element found and ready (attempt 1): By.xpath: //yt-multi-page-menu-section-renderer[@class='style-scope ytd-multi-page-menu-renderer']//yt-formatted-string[@id='label' and text()='Português']
19:50:39 [TestNG-test-Yt Master Tests-2] INFO  verifyingSideMenuCollapsedLangAsInSettingsLingua_19-47-45 - Clicking settings ellipses button...
19:50:40 [TestNG-test-Yt Master Tests-2] INFO  verifyingSideMenuCollapsedLangAsInSettingsLingua_19-47-45 - [verifyingSideMenuCollapsedLangAsInSettingsLingua_19-47-45] Trying to find element: By.xpath: //ytd-topbar-menu-button-renderer[@class='style-scope ytd-masthead style-default']
19:50:40 [TestNG-test-Yt Master Tests-2] INFO  verifyingSideMenuCollapsedLangAsInSettingsLingua_19-47-45 - [verifyingSideMenuCollapsedLangAsInSettingsLingua_19-47-45] Element found and ready (attempt 1): By.xpath: //ytd-topbar-menu-button-renderer[@class='style-scope ytd-masthead style-default']
19:50:40 [TestNG-test-Yt Master Tests-2] INFO  verifyingSideMenuCollapsedLangAsInSettingsLingua_19-47-45 - [verifyingSideMenuCollapsedLangAsInSettingsLingua_19-47-45] Waiting until element is visible in viewport
19:50:41 [TestNG-test-Yt Master Tests-2] INFO  verifyingSideMenuCollapsedLangAsInSettingsLingua_19-47-45 - Clicking settings ellipses button...
19:50:41 [TestNG-test-Yt Master Tests-2] INFO  verifyingSideMenuCollapsedLangAsInSettingsLingua_19-47-45 - [verifyingSideMenuCollapsedLangAsInSettingsLingua_19-47-45] Trying to find element: By.xpath: //ytd-topbar-menu-button-renderer[@class='style-scope ytd-masthead style-default']
19:50:41 [TestNG-test-Yt Master Tests-2] INFO  verifyingSideMenuCollapsedLangAsInSettingsLingua_19-47-45 - [verifyingSideMenuCollapsedLangAsInSettingsLingua_19-47-45] Element found and ready (attempt 1): By.xpath: //ytd-topbar-menu-button-renderer[@class='style-scope ytd-masthead style-default']
19:50:41 [TestNG-test-Yt Master Tests-2] INFO  verifyingSideMenuCollapsedLangAsInSettingsLingua_19-47-45 - getLangAttribute() - locating <html> and reading lang property
19:50:41 [TestNG-test-Yt Master Tests-2] INFO  verifyingSideMenuCollapsedLangAsInSettingsLingua_19-47-45 - Language attribute read: pt-PT
19:50:41 [TestNG-test-Yt Master Tests-2] INFO  verifyingSideMenuCollapsedLangAsInSettingsLingua_19-47-45 - Fetching the side menu in collapsed view
19:50:41 [TestNG-test-Yt Master Tests-2] INFO  verifyingSideMenuCollapsedLangAsInSettingsLingua_19-47-45 - [verifyingSideMenuCollapsedLangAsInSettingsLingua_19-47-45] Finding elements list: By.xpath: //ytd-mini-guide-renderer[@class='style-scope ytd-app']//ytd-mini-guide-entry-renderer
19:50:41 [TestNG-test-Yt Master Tests-2] INFO  verifyingSideMenuCollapsedLangAsInSettingsLingua_19-47-45 - [verifyingSideMenuCollapsedLangAsInSettingsLingua_19-47-45] Found 4 ready elements (attempt 1): By.xpath: //ytd-mini-guide-renderer[@class='style-scope ytd-app']//ytd-mini-guide-entry-renderer
19:50:42 [TestNG-test-Yt Master Tests-2] INFO  verifyingSideMenuCollapsedLangAsInSettingsLingua_19-47-45 - 
========== LANGUAGE DETECTION ==========
Detected Language : PORTUGUESE
Input Text        : Início Shorts Subscrições Eu
========================================
19:50:42 [TestNG-test-Yt Master Tests-2] INFO  verifyingSideMenuCollapsedLangAsInSettingsLingua_19-47-45 - text sent to lingua is       Início Shorts Subscrições Eu
19:50:42 [TestNG-test-Yt Master Tests-2] INFO  verifyingSideMenuCollapsedLangAsInSettingsLingua_19-47-45 - getLangAttribute() - locating <html> and reading lang property
19:50:42 [TestNG-test-Yt Master Tests-2] INFO  verifyingSideMenuCollapsedLangAsInSettingsLingua_19-47-45 - Language attribute read: pt-PT
19:50:42 [TestNG-test-Yt Master Tests-2] INFO  verifyingSideMenuCollapsedLangAsInSettingsLingua_19-47-45 - Clicking settings ellipses button...
19:50:42 [TestNG-test-Yt Master Tests-2] INFO  verifyingSideMenuCollapsedLangAsInSettingsLingua_19-47-45 - [verifyingSideMenuCollapsedLangAsInSettingsLingua_19-47-45] Trying to find element: By.xpath: //ytd-topbar-menu-button-renderer[@class='style-scope ytd-masthead style-default']
19:50:42 [TestNG-test-Yt Master Tests-2] INFO  verifyingSideMenuCollapsedLangAsInSettingsLingua_19-47-45 - [verifyingSideMenuCollapsedLangAsInSettingsLingua_19-47-45] Element found and ready (attempt 1): By.xpath: //ytd-topbar-menu-button-renderer[@class='style-scope ytd-masthead style-default']
19:50:42 [TestNG-test-Yt Master Tests-2] INFO  verifyingSideMenuCollapsedLangAsInSettingsLingua_19-47-45 - Clicking language dropdown...
19:50:42 [TestNG-test-Yt Master Tests-2] INFO  verifyingSideMenuCollapsedLangAsInSettingsLingua_19-47-45 - [verifyingSideMenuCollapsedLangAsInSettingsLingua_19-47-45] Trying to find element: By.xpath: (//div[@id='content-icon'])[2]
19:50:43 [TestNG-test-Yt Master Tests-2] INFO  verifyingSideMenuCollapsedLangAsInSettingsLingua_19-47-45 - [verifyingSideMenuCollapsedLangAsInSettingsLingua_19-47-45] Element found and ready (attempt 1): By.xpath: (//div[@id='content-icon'])[2]
19:50:44 [TestNG-test-Yt Master Tests-2] INFO  verifyingSideMenuCollapsedLangAsInSettingsLingua_19-47-45 - Looking for language element with name: Português (Brasil)
19:50:44 [TestNG-test-Yt Master Tests-2] INFO  verifyingSideMenuCollapsedLangAsInSettingsLingua_19-47-45 - [verifyingSideMenuCollapsedLangAsInSettingsLingua_19-47-45] Trying to find element: By.xpath: //yt-multi-page-menu-section-renderer[@class='style-scope ytd-multi-page-menu-renderer']//yt-formatted-string[@id='label' and text()='Português (Brasil)']
19:50:44 [TestNG-test-Yt Master Tests-2] INFO  verifyingSideMenuCollapsedLangAsInSettingsLingua_19-47-45 - [verifyingSideMenuCollapsedLangAsInSettingsLingua_19-47-45] Element found and ready (attempt 1): By.xpath: //yt-multi-page-menu-section-renderer[@class='style-scope ytd-multi-page-menu-renderer']//yt-formatted-string[@id='label' and text()='Português (Brasil)']
19:50:44 [TestNG-test-Yt Master Tests-2] INFO  verifyingSideMenuCollapsedLangAsInSettingsLingua_19-47-45 - [verifyingSideMenuCollapsedLangAsInSettingsLingua_19-47-45] Trying to find element: By.xpath: //yt-multi-page-menu-section-renderer[@class='style-scope ytd-multi-page-menu-renderer']//yt-formatted-string[@id='label' and text()='Português (Brasil)']
19:50:45 [TestNG-test-Yt Master Tests-2] INFO  verifyingSideMenuCollapsedLangAsInSettingsLingua_19-47-45 - [verifyingSideMenuCollapsedLangAsInSettingsLingua_19-47-45] Element found and ready (attempt 1): By.xpath: //yt-multi-page-menu-section-renderer[@class='style-scope ytd-multi-page-menu-renderer']//yt-formatted-string[@id='label' and text()='Português (Brasil)']
19:50:46 [TestNG-test-Yt Master Tests-2] INFO  verifyingSideMenuCollapsedLangAsInSettingsLingua_19-47-45 - Clicking settings ellipses button...
19:50:46 [TestNG-test-Yt Master Tests-2] INFO  verifyingSideMenuCollapsedLangAsInSettingsLingua_19-47-45 - [verifyingSideMenuCollapsedLangAsInSettingsLingua_19-47-45] Trying to find element: By.xpath: //ytd-topbar-menu-button-renderer[@class='style-scope ytd-masthead style-default']
19:50:46 [TestNG-test-Yt Master Tests-2] INFO  verifyingSideMenuCollapsedLangAsInSettingsLingua_19-47-45 - [verifyingSideMenuCollapsedLangAsInSettingsLingua_19-47-45] Element found and ready (attempt 1): By.xpath: //ytd-topbar-menu-button-renderer[@class='style-scope ytd-masthead style-default']
19:50:47 [TestNG-test-Yt Master Tests-2] INFO  verifyingSideMenuCollapsedLangAsInSettingsLingua_19-47-45 - [verifyingSideMenuCollapsedLangAsInSettingsLingua_19-47-45] Waiting until element is visible in viewport
19:50:48 [TestNG-test-Yt Master Tests-2] INFO  verifyingSideMenuCollapsedLangAsInSettingsLingua_19-47-45 - Clicking settings ellipses button...
19:50:48 [TestNG-test-Yt Master Tests-2] INFO  verifyingSideMenuCollapsedLangAsInSettingsLingua_19-47-45 - [verifyingSideMenuCollapsedLangAsInSettingsLingua_19-47-45] Trying to find element: By.xpath: //ytd-topbar-menu-button-renderer[@class='style-scope ytd-masthead style-default']
19:50:48 [TestNG-test-Yt Master Tests-2] INFO  verifyingSideMenuCollapsedLangAsInSettingsLingua_19-47-45 - [verifyingSideMenuCollapsedLangAsInSettingsLingua_19-47-45] Element found and ready (attempt 1): By.xpath: //ytd-topbar-menu-button-renderer[@class='style-scope ytd-masthead style-default']
19:50:48 [TestNG-test-Yt Master Tests-2] INFO  verifyingSideMenuCollapsedLangAsInSettingsLingua_19-47-45 - getLangAttribute() - locating <html> and reading lang property
19:50:48 [TestNG-test-Yt Master Tests-2] INFO  verifyingSideMenuCollapsedLangAsInSettingsLingua_19-47-45 - Language attribute read: pt-BR
19:50:48 [TestNG-test-Yt Master Tests-2] INFO  verifyingSideMenuCollapsedLangAsInSettingsLingua_19-47-45 - Fetching the side menu in collapsed view
19:50:48 [TestNG-test-Yt Master Tests-2] INFO  verifyingSideMenuCollapsedLangAsInSettingsLingua_19-47-45 - [verifyingSideMenuCollapsedLangAsInSettingsLingua_19-47-45] Finding elements list: By.xpath: //ytd-mini-guide-renderer[@class='style-scope ytd-app']//ytd-mini-guide-entry-renderer
19:50:48 [TestNG-test-Yt Master Tests-2] INFO  verifyingSideMenuCollapsedLangAsInSettingsLingua_19-47-45 - [verifyingSideMenuCollapsedLangAsInSettingsLingua_19-47-45] Found 4 ready elements (attempt 1): By.xpath: //ytd-mini-guide-renderer[@class='style-scope ytd-app']//ytd-mini-guide-entry-renderer
19:50:48 [TestNG-test-Yt Master Tests-2] INFO  verifyingSideMenuCollapsedLangAsInSettingsLingua_19-47-45 - 
========== LANGUAGE DETECTION ==========
Detected Language : PORTUGUESE
Input Text        : Início Shorts Inscrições Você
========================================
19:50:48 [TestNG-test-Yt Master Tests-2] INFO  verifyingSideMenuCollapsedLangAsInSettingsLingua_19-47-45 - text sent to lingua is       Início Shorts Inscrições Você
19:50:48 [TestNG-test-Yt Master Tests-2] INFO  verifyingSideMenuCollapsedLangAsInSettingsLingua_19-47-45 - getLangAttribute() - locating <html> and reading lang property
19:50:48 [TestNG-test-Yt Master Tests-2] INFO  verifyingSideMenuCollapsedLangAsInSettingsLingua_19-47-45 - Language attribute read: pt-BR
19:50:48 [TestNG-test-Yt Master Tests-2] INFO  verifyingSideMenuCollapsedLangAsInSettingsLingua_19-47-45 - Clicking settings ellipses button...
19:50:48 [TestNG-test-Yt Master Tests-2] INFO  verifyingSideMenuCollapsedLangAsInSettingsLingua_19-47-45 - [verifyingSideMenuCollapsedLangAsInSettingsLingua_19-47-45] Trying to find element: By.xpath: //ytd-topbar-menu-button-renderer[@class='style-scope ytd-masthead style-default']
19:50:48 [TestNG-test-Yt Master Tests-2] INFO  verifyingSideMenuCollapsedLangAsInSettingsLingua_19-47-45 - [verifyingSideMenuCollapsedLangAsInSettingsLingua_19-47-45] Element found and ready (attempt 1): By.xpath: //ytd-topbar-menu-button-renderer[@class='style-scope ytd-masthead style-default']
19:50:48 [TestNG-test-Yt Master Tests-2] INFO  verifyingSideMenuCollapsedLangAsInSettingsLingua_19-47-45 - Clicking language dropdown...
19:50:48 [TestNG-test-Yt Master Tests-2] INFO  verifyingSideMenuCollapsedLangAsInSettingsLingua_19-47-45 - [verifyingSideMenuCollapsedLangAsInSettingsLingua_19-47-45] Trying to find element: By.xpath: (//div[@id='content-icon'])[2]
19:50:49 [TestNG-test-Yt Master Tests-2] INFO  verifyingSideMenuCollapsedLangAsInSettingsLingua_19-47-45 - [verifyingSideMenuCollapsedLangAsInSettingsLingua_19-47-45] Element found and ready (attempt 1): By.xpath: (//div[@id='content-icon'])[2]
19:50:50 [TestNG-test-Yt Master Tests-2] INFO  verifyingSideMenuCollapsedLangAsInSettingsLingua_19-47-45 - Looking for language element with name: Shqip
19:50:50 [TestNG-test-Yt Master Tests-2] INFO  verifyingSideMenuCollapsedLangAsInSettingsLingua_19-47-45 - [verifyingSideMenuCollapsedLangAsInSettingsLingua_19-47-45] Trying to find element: By.xpath: //yt-multi-page-menu-section-renderer[@class='style-scope ytd-multi-page-menu-renderer']//yt-formatted-string[@id='label' and text()='Shqip']
19:50:50 [TestNG-test-Yt Master Tests-2] INFO  verifyingSideMenuCollapsedLangAsInSettingsLingua_19-47-45 - [verifyingSideMenuCollapsedLangAsInSettingsLingua_19-47-45] Element found and ready (attempt 1): By.xpath: //yt-multi-page-menu-section-renderer[@class='style-scope ytd-multi-page-menu-renderer']//yt-formatted-string[@id='label' and text()='Shqip']
19:50:50 [TestNG-test-Yt Master Tests-2] INFO  verifyingSideMenuCollapsedLangAsInSettingsLingua_19-47-45 - [verifyingSideMenuCollapsedLangAsInSettingsLingua_19-47-45] Trying to find element: By.xpath: //yt-multi-page-menu-section-renderer[@class='style-scope ytd-multi-page-menu-renderer']//yt-formatted-string[@id='label' and text()='Shqip']
19:50:50 [TestNG-test-Yt Master Tests-2] INFO  verifyingSideMenuCollapsedLangAsInSettingsLingua_19-47-45 - [verifyingSideMenuCollapsedLangAsInSettingsLingua_19-47-45] Element found and ready (attempt 1): By.xpath: //yt-multi-page-menu-section-renderer[@class='style-scope ytd-multi-page-menu-renderer']//yt-formatted-string[@id='label' and text()='Shqip']
19:50:51 [TestNG-test-Yt Master Tests-2] INFO  verifyingSideMenuCollapsedLangAsInSettingsLingua_19-47-45 - Clicking settings ellipses button...
19:50:51 [TestNG-test-Yt Master Tests-2] INFO  verifyingSideMenuCollapsedLangAsInSettingsLingua_19-47-45 - [verifyingSideMenuCollapsedLangAsInSettingsLingua_19-47-45] Trying to find element: By.xpath: //ytd-topbar-menu-button-renderer[@class='style-scope ytd-masthead style-default']
19:50:52 [TestNG-test-Yt Master Tests-2] INFO  verifyingSideMenuCollapsedLangAsInSettingsLingua_19-47-45 - [verifyingSideMenuCollapsedLangAsInSettingsLingua_19-47-45] Element found and ready (attempt 1): By.xpath: //ytd-topbar-menu-button-renderer[@class='style-scope ytd-masthead style-default']
19:50:52 [TestNG-test-Yt Master Tests-2] INFO  verifyingSideMenuCollapsedLangAsInSettingsLingua_19-47-45 - [verifyingSideMenuCollapsedLangAsInSettingsLingua_19-47-45] Waiting until element is visible in viewport
19:50:53 [TestNG-test-Yt Master Tests-2] INFO  verifyingSideMenuCollapsedLangAsInSettingsLingua_19-47-45 - Clicking settings ellipses button...
19:50:53 [TestNG-test-Yt Master Tests-2] INFO  verifyingSideMenuCollapsedLangAsInSettingsLingua_19-47-45 - [verifyingSideMenuCollapsedLangAsInSettingsLingua_19-47-45] Trying to find element: By.xpath: //ytd-topbar-menu-button-renderer[@class='style-scope ytd-masthead style-default']
19:50:53 [TestNG-test-Yt Master Tests-2] INFO  verifyingSideMenuCollapsedLangAsInSettingsLingua_19-47-45 - [verifyingSideMenuCollapsedLangAsInSettingsLingua_19-47-45] Element found and ready (attempt 1): By.xpath: //ytd-topbar-menu-button-renderer[@class='style-scope ytd-masthead style-default']
19:50:53 [TestNG-test-Yt Master Tests-2] INFO  verifyingSideMenuCollapsedLangAsInSettingsLingua_19-47-45 - getLangAttribute() - locating <html> and reading lang property
19:50:53 [TestNG-test-Yt Master Tests-2] INFO  verifyingSideMenuCollapsedLangAsInSettingsLingua_19-47-45 - Language attribute read: sq-AL
19:50:53 [TestNG-test-Yt Master Tests-2] INFO  verifyingSideMenuCollapsedLangAsInSettingsLingua_19-47-45 - Fetching the side menu in collapsed view
19:50:53 [TestNG-test-Yt Master Tests-2] INFO  verifyingSideMenuCollapsedLangAsInSettingsLingua_19-47-45 - [verifyingSideMenuCollapsedLangAsInSettingsLingua_19-47-45] Finding elements list: By.xpath: //ytd-mini-guide-renderer[@class='style-scope ytd-app']//ytd-mini-guide-entry-renderer
19:50:53 [TestNG-test-Yt Master Tests-2] INFO  verifyingSideMenuCollapsedLangAsInSettingsLingua_19-47-45 - [verifyingSideMenuCollapsedLangAsInSettingsLingua_19-47-45] Found 4 ready elements (attempt 1): By.xpath: //ytd-mini-guide-renderer[@class='style-scope ytd-app']//ytd-mini-guide-entry-renderer
19:50:54 [TestNG-test-Yt Master Tests-2] INFO  verifyingSideMenuCollapsedLangAsInSettingsLingua_19-47-45 - 
========== LANGUAGE DETECTION ==========
Detected Language : ALBANIAN
Input Text        : Faqja e parë Shorts Abonimet Ti
========================================
19:50:54 [TestNG-test-Yt Master Tests-2] INFO  verifyingSideMenuCollapsedLangAsInSettingsLingua_19-47-45 - text sent to lingua is       Faqja e parë Shorts Abonimet Ti
19:50:54 [TestNG-test-Yt Master Tests-2] INFO  verifyingSideMenuCollapsedLangAsInSettingsLingua_19-47-45 - getLangAttribute() - locating <html> and reading lang property
19:50:54 [TestNG-test-Yt Master Tests-2] INFO  verifyingSideMenuCollapsedLangAsInSettingsLingua_19-47-45 - Language attribute read: sq-AL
19:50:54 [TestNG-test-Yt Master Tests-2] INFO  verifyingSideMenuCollapsedLangAsInSettingsLingua_19-47-45 - Clicking settings ellipses button...
19:50:54 [TestNG-test-Yt Master Tests-2] INFO  verifyingSideMenuCollapsedLangAsInSettingsLingua_19-47-45 - [verifyingSideMenuCollapsedLangAsInSettingsLingua_19-47-45] Trying to find element: By.xpath: //ytd-topbar-menu-button-renderer[@class='style-scope ytd-masthead style-default']
19:50:54 [TestNG-test-Yt Master Tests-2] INFO  verifyingSideMenuCollapsedLangAsInSettingsLingua_19-47-45 - [verifyingSideMenuCollapsedLangAsInSettingsLingua_19-47-45] Element found and ready (attempt 1): By.xpath: //ytd-topbar-menu-button-renderer[@class='style-scope ytd-masthead style-default']
19:50:54 [TestNG-test-Yt Master Tests-2] INFO  verifyingSideMenuCollapsedLangAsInSettingsLingua_19-47-45 - Clicking language dropdown...
19:50:54 [TestNG-test-Yt Master Tests-2] INFO  verifyingSideMenuCollapsedLangAsInSettingsLingua_19-47-45 - [verifyingSideMenuCollapsedLangAsInSettingsLingua_19-47-45] Trying to find element: By.xpath: (//div[@id='content-icon'])[2]
19:50:55 [TestNG-test-Yt Master Tests-2] INFO  verifyingSideMenuCollapsedLangAsInSettingsLingua_19-47-45 - [verifyingSideMenuCollapsedLangAsInSettingsLingua_19-47-45] Element found and ready (attempt 1): By.xpath: (//div[@id='content-icon'])[2]
19:50:55 [TestNG-test-Yt Master Tests-2] INFO  verifyingSideMenuCollapsedLangAsInSettingsLingua_19-47-45 - Looking for language element with name: Slovenščina
19:50:55 [TestNG-test-Yt Master Tests-2] INFO  verifyingSideMenuCollapsedLangAsInSettingsLingua_19-47-45 - [verifyingSideMenuCollapsedLangAsInSettingsLingua_19-47-45] Trying to find element: By.xpath: //yt-multi-page-menu-section-renderer[@class='style-scope ytd-multi-page-menu-renderer']//yt-formatted-string[@id='label' and text()='Slovenščina']
19:50:55 [TestNG-test-Yt Master Tests-2] INFO  verifyingSideMenuCollapsedLangAsInSettingsLingua_19-47-45 - [verifyingSideMenuCollapsedLangAsInSettingsLingua_19-47-45] Element found and ready (attempt 1): By.xpath: //yt-multi-page-menu-section-renderer[@class='style-scope ytd-multi-page-menu-renderer']//yt-formatted-string[@id='label' and text()='Slovenščina']
19:50:55 [TestNG-test-Yt Master Tests-2] INFO  verifyingSideMenuCollapsedLangAsInSettingsLingua_19-47-45 - [verifyingSideMenuCollapsedLangAsInSettingsLingua_19-47-45] Trying to find element: By.xpath: //yt-multi-page-menu-section-renderer[@class='style-scope ytd-multi-page-menu-renderer']//yt-formatted-string[@id='label' and text()='Slovenščina']
19:50:56 [TestNG-test-Yt Master Tests-2] INFO  verifyingSideMenuCollapsedLangAsInSettingsLingua_19-47-45 - [verifyingSideMenuCollapsedLangAsInSettingsLingua_19-47-45] Element found and ready (attempt 1): By.xpath: //yt-multi-page-menu-section-renderer[@class='style-scope ytd-multi-page-menu-renderer']//yt-formatted-string[@id='label' and text()='Slovenščina']
19:50:58 [TestNG-test-Yt Master Tests-2] INFO  verifyingSideMenuCollapsedLangAsInSettingsLingua_19-47-45 - Clicking settings ellipses button...
19:50:58 [TestNG-test-Yt Master Tests-2] INFO  verifyingSideMenuCollapsedLangAsInSettingsLingua_19-47-45 - [verifyingSideMenuCollapsedLangAsInSettingsLingua_19-47-45] Trying to find element: By.xpath: //ytd-topbar-menu-button-renderer[@class='style-scope ytd-masthead style-default']
19:50:58 [TestNG-test-Yt Master Tests-2] INFO  verifyingSideMenuCollapsedLangAsInSettingsLingua_19-47-45 - [verifyingSideMenuCollapsedLangAsInSettingsLingua_19-47-45] Element found and ready (attempt 1): By.xpath: //ytd-topbar-menu-button-renderer[@class='style-scope ytd-masthead style-default']
19:50:58 [TestNG-test-Yt Master Tests-2] INFO  verifyingSideMenuCollapsedLangAsInSettingsLingua_19-47-45 - [verifyingSideMenuCollapsedLangAsInSettingsLingua_19-47-45] Waiting until element is visible in viewport
19:50:59 [TestNG-test-Yt Master Tests-2] INFO  verifyingSideMenuCollapsedLangAsInSettingsLingua_19-47-45 - Clicking settings ellipses button...
19:50:59 [TestNG-test-Yt Master Tests-2] INFO  verifyingSideMenuCollapsedLangAsInSettingsLingua_19-47-45 - [verifyingSideMenuCollapsedLangAsInSettingsLingua_19-47-45] Trying to find element: By.xpath: //ytd-topbar-menu-button-renderer[@class='style-scope ytd-masthead style-default']
19:50:59 [TestNG-test-Yt Master Tests-2] INFO  verifyingSideMenuCollapsedLangAsInSettingsLingua_19-47-45 - [verifyingSideMenuCollapsedLangAsInSettingsLingua_19-47-45] Element found and ready (attempt 1): By.xpath: //ytd-topbar-menu-button-renderer[@class='style-scope ytd-masthead style-default']
19:51:00 [TestNG-test-Yt Master Tests-2] INFO  verifyingSideMenuCollapsedLangAsInSettingsLingua_19-47-45 - getLangAttribute() - locating <html> and reading lang property
19:51:00 [TestNG-test-Yt Master Tests-2] INFO  verifyingSideMenuCollapsedLangAsInSettingsLingua_19-47-45 - Language attribute read: sl-SI
19:51:00 [TestNG-test-Yt Master Tests-2] INFO  verifyingSideMenuCollapsedLangAsInSettingsLingua_19-47-45 - Fetching the side menu in collapsed view
19:51:00 [TestNG-test-Yt Master Tests-2] INFO  verifyingSideMenuCollapsedLangAsInSettingsLingua_19-47-45 - [verifyingSideMenuCollapsedLangAsInSettingsLingua_19-47-45] Finding elements list: By.xpath: //ytd-mini-guide-renderer[@class='style-scope ytd-app']//ytd-mini-guide-entry-renderer
19:51:00 [TestNG-test-Yt Master Tests-2] INFO  verifyingSideMenuCollapsedLangAsInSettingsLingua_19-47-45 - [verifyingSideMenuCollapsedLangAsInSettingsLingua_19-47-45] Found 4 ready elements (attempt 1): By.xpath: //ytd-mini-guide-renderer[@class='style-scope ytd-app']//ytd-mini-guide-entry-renderer
19:51:00 [TestNG-test-Yt Master Tests-2] INFO  verifyingSideMenuCollapsedLangAsInSettingsLingua_19-47-45 - 
========== LANGUAGE DETECTION ==========
Detected Language : SLOVENE
Input Text        : Domača stran Kratki videoposnetki Naročnine Vi
========================================
19:51:00 [TestNG-test-Yt Master Tests-2] INFO  verifyingSideMenuCollapsedLangAsInSettingsLingua_19-47-45 - text sent to lingua is       Domača stran Kratki videoposnetki Naročnine Vi
19:51:00 [TestNG-test-Yt Master Tests-2] INFO  verifyingSideMenuCollapsedLangAsInSettingsLingua_19-47-45 - getLangAttribute() - locating <html> and reading lang property
19:51:00 [TestNG-test-Yt Master Tests-2] INFO  verifyingSideMenuCollapsedLangAsInSettingsLingua_19-47-45 - Language attribute read: sl-SI
19:51:00 [TestNG-test-Yt Master Tests-2] INFO  verifyingSideMenuCollapsedLangAsInSettingsLingua_19-47-45 - Clicking settings ellipses button...
19:51:00 [TestNG-test-Yt Master Tests-2] INFO  verifyingSideMenuCollapsedLangAsInSettingsLingua_19-47-45 - [verifyingSideMenuCollapsedLangAsInSettingsLingua_19-47-45] Trying to find element: By.xpath: //ytd-topbar-menu-button-renderer[@class='style-scope ytd-masthead style-default']
19:51:00 [TestNG-test-Yt Master Tests-2] INFO  verifyingSideMenuCollapsedLangAsInSettingsLingua_19-47-45 - [verifyingSideMenuCollapsedLangAsInSettingsLingua_19-47-45] Element found and ready (attempt 1): By.xpath: //ytd-topbar-menu-button-renderer[@class='style-scope ytd-masthead style-default']
19:51:01 [TestNG-test-Yt Master Tests-2] INFO  verifyingSideMenuCollapsedLangAsInSettingsLingua_19-47-45 - Clicking language dropdown...
19:51:01 [TestNG-test-Yt Master Tests-2] INFO  verifyingSideMenuCollapsedLangAsInSettingsLingua_19-47-45 - [verifyingSideMenuCollapsedLangAsInSettingsLingua_19-47-45] Trying to find element: By.xpath: (//div[@id='content-icon'])[2]
19:51:01 [TestNG-test-Yt Master Tests-2] INFO  verifyingSideMenuCollapsedLangAsInSettingsLingua_19-47-45 - [verifyingSideMenuCollapsedLangAsInSettingsLingua_19-47-45] Element found and ready (attempt 1): By.xpath: (//div[@id='content-icon'])[2]
19:51:02 [TestNG-test-Yt Master Tests-2] INFO  verifyingSideMenuCollapsedLangAsInSettingsLingua_19-47-45 - Looking for language element with name: Suomi
19:51:02 [TestNG-test-Yt Master Tests-2] INFO  verifyingSideMenuCollapsedLangAsInSettingsLingua_19-47-45 - [verifyingSideMenuCollapsedLangAsInSettingsLingua_19-47-45] Trying to find element: By.xpath: //yt-multi-page-menu-section-renderer[@class='style-scope ytd-multi-page-menu-renderer']//yt-formatted-string[@id='label' and text()='Suomi']
19:51:02 [TestNG-test-Yt Master Tests-2] INFO  verifyingSideMenuCollapsedLangAsInSettingsLingua_19-47-45 - [verifyingSideMenuCollapsedLangAsInSettingsLingua_19-47-45] Element found and ready (attempt 1): By.xpath: //yt-multi-page-menu-section-renderer[@class='style-scope ytd-multi-page-menu-renderer']//yt-formatted-string[@id='label' and text()='Suomi']
19:51:02 [TestNG-test-Yt Master Tests-2] INFO  verifyingSideMenuCollapsedLangAsInSettingsLingua_19-47-45 - [verifyingSideMenuCollapsedLangAsInSettingsLingua_19-47-45] Trying to find element: By.xpath: //yt-multi-page-menu-section-renderer[@class='style-scope ytd-multi-page-menu-renderer']//yt-formatted-string[@id='label' and text()='Suomi']
19:51:02 [TestNG-test-Yt Master Tests-2] INFO  verifyingSideMenuCollapsedLangAsInSettingsLingua_19-47-45 - [verifyingSideMenuCollapsedLangAsInSettingsLingua_19-47-45] Element found and ready (attempt 1): By.xpath: //yt-multi-page-menu-section-renderer[@class='style-scope ytd-multi-page-menu-renderer']//yt-formatted-string[@id='label' and text()='Suomi']
19:51:03 [TestNG-test-Yt Master Tests-2] INFO  verifyingSideMenuCollapsedLangAsInSettingsLingua_19-47-45 - Clicking settings ellipses button...
19:51:03 [TestNG-test-Yt Master Tests-2] INFO  verifyingSideMenuCollapsedLangAsInSettingsLingua_19-47-45 - [verifyingSideMenuCollapsedLangAsInSettingsLingua_19-47-45] Trying to find element: By.xpath: //ytd-topbar-menu-button-renderer[@class='style-scope ytd-masthead style-default']
19:51:04 [TestNG-test-Yt Master Tests-2] INFO  verifyingSideMenuCollapsedLangAsInSettingsLingua_19-47-45 - [verifyingSideMenuCollapsedLangAsInSettingsLingua_19-47-45] Element found and ready (attempt 1): By.xpath: //ytd-topbar-menu-button-renderer[@class='style-scope ytd-masthead style-default']
19:51:04 [TestNG-test-Yt Master Tests-2] INFO  verifyingSideMenuCollapsedLangAsInSettingsLingua_19-47-45 - [verifyingSideMenuCollapsedLangAsInSettingsLingua_19-47-45] Waiting until element is visible in viewport
19:51:05 [TestNG-test-Yt Master Tests-2] INFO  verifyingSideMenuCollapsedLangAsInSettingsLingua_19-47-45 - Clicking settings ellipses button...
19:51:05 [TestNG-test-Yt Master Tests-2] INFO  verifyingSideMenuCollapsedLangAsInSettingsLingua_19-47-45 - [verifyingSideMenuCollapsedLangAsInSettingsLingua_19-47-45] Trying to find element: By.xpath: //ytd-topbar-menu-button-renderer[@class='style-scope ytd-masthead style-default']
19:51:05 [TestNG-test-Yt Master Tests-2] INFO  verifyingSideMenuCollapsedLangAsInSettingsLingua_19-47-45 - [verifyingSideMenuCollapsedLangAsInSettingsLingua_19-47-45] Element found and ready (attempt 1): By.xpath: //ytd-topbar-menu-button-renderer[@class='style-scope ytd-masthead style-default']
19:51:05 [TestNG-test-Yt Master Tests-2] INFO  verifyingSideMenuCollapsedLangAsInSettingsLingua_19-47-45 - getLangAttribute() - locating <html> and reading lang property
19:51:05 [TestNG-test-Yt Master Tests-2] INFO  verifyingSideMenuCollapsedLangAsInSettingsLingua_19-47-45 - Language attribute read: fi-FI
19:51:05 [TestNG-test-Yt Master Tests-2] INFO  verifyingSideMenuCollapsedLangAsInSettingsLingua_19-47-45 - Fetching the side menu in collapsed view
19:51:05 [TestNG-test-Yt Master Tests-2] INFO  verifyingSideMenuCollapsedLangAsInSettingsLingua_19-47-45 - [verifyingSideMenuCollapsedLangAsInSettingsLingua_19-47-45] Finding elements list: By.xpath: //ytd-mini-guide-renderer[@class='style-scope ytd-app']//ytd-mini-guide-entry-renderer
19:51:05 [TestNG-test-Yt Master Tests-2] INFO  verifyingSideMenuCollapsedLangAsInSettingsLingua_19-47-45 - [verifyingSideMenuCollapsedLangAsInSettingsLingua_19-47-45] Found 4 ready elements (attempt 1): By.xpath: //ytd-mini-guide-renderer[@class='style-scope ytd-app']//ytd-mini-guide-entry-renderer
19:51:05 [TestNG-test-Yt Master Tests-2] INFO  verifyingSideMenuCollapsedLangAsInSettingsLingua_19-47-45 - 
========== LANGUAGE DETECTION ==========
Detected Language : FINNISH
Input Text        : Koti Shorts Tilaukset Sinä
========================================
19:51:05 [TestNG-test-Yt Master Tests-2] INFO  verifyingSideMenuCollapsedLangAsInSettingsLingua_19-47-45 - text sent to lingua is       Koti Shorts Tilaukset Sinä
19:51:05 [TestNG-test-Yt Master Tests-2] INFO  verifyingSideMenuCollapsedLangAsInSettingsLingua_19-47-45 - getLangAttribute() - locating <html> and reading lang property
19:51:05 [TestNG-test-Yt Master Tests-2] INFO  verifyingSideMenuCollapsedLangAsInSettingsLingua_19-47-45 - Language attribute read: fi-FI
19:51:05 [TestNG-test-Yt Master Tests-2] INFO  verifyingSideMenuCollapsedLangAsInSettingsLingua_19-47-45 - Clicking settings ellipses button...
19:51:05 [TestNG-test-Yt Master Tests-2] INFO  verifyingSideMenuCollapsedLangAsInSettingsLingua_19-47-45 - [verifyingSideMenuCollapsedLangAsInSettingsLingua_19-47-45] Trying to find element: By.xpath: //ytd-topbar-menu-button-renderer[@class='style-scope ytd-masthead style-default']
19:51:05 [TestNG-test-Yt Master Tests-2] INFO  verifyingSideMenuCollapsedLangAsInSettingsLingua_19-47-45 - [verifyingSideMenuCollapsedLangAsInSettingsLingua_19-47-45] Element found and ready (attempt 1): By.xpath: //ytd-topbar-menu-button-renderer[@class='style-scope ytd-masthead style-default']
19:51:06 [TestNG-test-Yt Master Tests-2] INFO  verifyingSideMenuCollapsedLangAsInSettingsLingua_19-47-45 - Clicking language dropdown...
19:51:06 [TestNG-test-Yt Master Tests-2] INFO  verifyingSideMenuCollapsedLangAsInSettingsLingua_19-47-45 - [verifyingSideMenuCollapsedLangAsInSettingsLingua_19-47-45] Trying to find element: By.xpath: (//div[@id='content-icon'])[2]
19:51:06 [TestNG-test-Yt Master Tests-2] INFO  verifyingSideMenuCollapsedLangAsInSettingsLingua_19-47-45 - [verifyingSideMenuCollapsedLangAsInSettingsLingua_19-47-45] Element found and ready (attempt 1): By.xpath: (//div[@id='content-icon'])[2]
19:51:07 [TestNG-test-Yt Master Tests-2] INFO  verifyingSideMenuCollapsedLangAsInSettingsLingua_19-47-45 - Looking for language element with name: Svenska
19:51:07 [TestNG-test-Yt Master Tests-2] INFO  verifyingSideMenuCollapsedLangAsInSettingsLingua_19-47-45 - [verifyingSideMenuCollapsedLangAsInSettingsLingua_19-47-45] Trying to find element: By.xpath: //yt-multi-page-menu-section-renderer[@class='style-scope ytd-multi-page-menu-renderer']//yt-formatted-string[@id='label' and text()='Svenska']
19:51:07 [TestNG-test-Yt Master Tests-2] INFO  verifyingSideMenuCollapsedLangAsInSettingsLingua_19-47-45 - [verifyingSideMenuCollapsedLangAsInSettingsLingua_19-47-45] Element found and ready (attempt 1): By.xpath: //yt-multi-page-menu-section-renderer[@class='style-scope ytd-multi-page-menu-renderer']//yt-formatted-string[@id='label' and text()='Svenska']
19:51:07 [TestNG-test-Yt Master Tests-2] INFO  verifyingSideMenuCollapsedLangAsInSettingsLingua_19-47-45 - [verifyingSideMenuCollapsedLangAsInSettingsLingua_19-47-45] Trying to find element: By.xpath: //yt-multi-page-menu-section-renderer[@class='style-scope ytd-multi-page-menu-renderer']//yt-formatted-string[@id='label' and text()='Svenska']
19:51:07 [TestNG-test-Yt Master Tests-2] INFO  verifyingSideMenuCollapsedLangAsInSettingsLingua_19-47-45 - [verifyingSideMenuCollapsedLangAsInSettingsLingua_19-47-45] Element found and ready (attempt 1): By.xpath: //yt-multi-page-menu-section-renderer[@class='style-scope ytd-multi-page-menu-renderer']//yt-formatted-string[@id='label' and text()='Svenska']
19:51:11 [TestNG-test-Yt Master Tests-2] INFO  verifyingSideMenuCollapsedLangAsInSettingsLingua_19-47-45 - Clicking settings ellipses button...
19:51:11 [TestNG-test-Yt Master Tests-2] INFO  verifyingSideMenuCollapsedLangAsInSettingsLingua_19-47-45 - [verifyingSideMenuCollapsedLangAsInSettingsLingua_19-47-45] Trying to find element: By.xpath: //ytd-topbar-menu-button-renderer[@class='style-scope ytd-masthead style-default']
19:51:11 [TestNG-test-Yt Master Tests-2] INFO  verifyingSideMenuCollapsedLangAsInSettingsLingua_19-47-45 - [verifyingSideMenuCollapsedLangAsInSettingsLingua_19-47-45] Element found and ready (attempt 1): By.xpath: //ytd-topbar-menu-button-renderer[@class='style-scope ytd-masthead style-default']
19:51:11 [TestNG-test-Yt Master Tests-2] INFO  verifyingSideMenuCollapsedLangAsInSettingsLingua_19-47-45 - [verifyingSideMenuCollapsedLangAsInSettingsLingua_19-47-45] Waiting until element is visible in viewport
19:51:12 [TestNG-test-Yt Master Tests-2] INFO  verifyingSideMenuCollapsedLangAsInSettingsLingua_19-47-45 - Clicking settings ellipses button...
19:51:12 [TestNG-test-Yt Master Tests-2] INFO  verifyingSideMenuCollapsedLangAsInSettingsLingua_19-47-45 - [verifyingSideMenuCollapsedLangAsInSettingsLingua_19-47-45] Trying to find element: By.xpath: //ytd-topbar-menu-button-renderer[@class='style-scope ytd-masthead style-default']
19:51:12 [TestNG-test-Yt Master Tests-2] INFO  verifyingSideMenuCollapsedLangAsInSettingsLingua_19-47-45 - [verifyingSideMenuCollapsedLangAsInSettingsLingua_19-47-45] Element found and ready (attempt 1): By.xpath: //ytd-topbar-menu-button-renderer[@class='style-scope ytd-masthead style-default']
19:51:12 [TestNG-test-Yt Master Tests-2] INFO  verifyingSideMenuCollapsedLangAsInSettingsLingua_19-47-45 - getLangAttribute() - locating <html> and reading lang property
19:51:12 [TestNG-test-Yt Master Tests-2] INFO  verifyingSideMenuCollapsedLangAsInSettingsLingua_19-47-45 - Language attribute read: sv-SE
19:51:12 [TestNG-test-Yt Master Tests-2] INFO  verifyingSideMenuCollapsedLangAsInSettingsLingua_19-47-45 - Fetching the side menu in collapsed view
19:51:12 [TestNG-test-Yt Master Tests-2] INFO  verifyingSideMenuCollapsedLangAsInSettingsLingua_19-47-45 - [verifyingSideMenuCollapsedLangAsInSettingsLingua_19-47-45] Finding elements list: By.xpath: //ytd-mini-guide-renderer[@class='style-scope ytd-app']//ytd-mini-guide-entry-renderer
19:51:12 [TestNG-test-Yt Master Tests-2] INFO  verifyingSideMenuCollapsedLangAsInSettingsLingua_19-47-45 - [verifyingSideMenuCollapsedLangAsInSettingsLingua_19-47-45] Found 4 ready elements (attempt 1): By.xpath: //ytd-mini-guide-renderer[@class='style-scope ytd-app']//ytd-mini-guide-entry-renderer
19:51:12 [TestNG-test-Yt Master Tests-2] INFO  verifyingSideMenuCollapsedLangAsInSettingsLingua_19-47-45 - 
========== LANGUAGE DETECTION ==========
Detected Language : SWEDISH
Input Text        : Hem Shorts Prenumerationer Ditt YouTube
========================================
19:51:12 [TestNG-test-Yt Master Tests-2] INFO  verifyingSideMenuCollapsedLangAsInSettingsLingua_19-47-45 - text sent to lingua is       Hem Shorts Prenumerationer Ditt YouTube
19:51:12 [TestNG-test-Yt Master Tests-2] INFO  verifyingSideMenuCollapsedLangAsInSettingsLingua_19-47-45 - getLangAttribute() - locating <html> and reading lang property
19:51:12 [TestNG-test-Yt Master Tests-2] INFO  verifyingSideMenuCollapsedLangAsInSettingsLingua_19-47-45 - Language attribute read: sv-SE
19:51:12 [TestNG-test-Yt Master Tests-2] INFO  verifyingSideMenuCollapsedLangAsInSettingsLingua_19-47-45 - Clicking settings ellipses button...
19:51:12 [TestNG-test-Yt Master Tests-2] INFO  verifyingSideMenuCollapsedLangAsInSettingsLingua_19-47-45 - [verifyingSideMenuCollapsedLangAsInSettingsLingua_19-47-45] Trying to find element: By.xpath: //ytd-topbar-menu-button-renderer[@class='style-scope ytd-masthead style-default']
19:51:12 [TestNG-test-Yt Master Tests-2] INFO  verifyingSideMenuCollapsedLangAsInSettingsLingua_19-47-45 - [verifyingSideMenuCollapsedLangAsInSettingsLingua_19-47-45] Element found and ready (attempt 1): By.xpath: //ytd-topbar-menu-button-renderer[@class='style-scope ytd-masthead style-default']
19:51:13 [TestNG-test-Yt Master Tests-2] INFO  verifyingSideMenuCollapsedLangAsInSettingsLingua_19-47-45 - Clicking language dropdown...
19:51:13 [TestNG-test-Yt Master Tests-2] INFO  verifyingSideMenuCollapsedLangAsInSettingsLingua_19-47-45 - [verifyingSideMenuCollapsedLangAsInSettingsLingua_19-47-45] Trying to find element: By.xpath: (//div[@id='content-icon'])[2]
19:51:13 [TestNG-test-Yt Master Tests-2] INFO  verifyingSideMenuCollapsedLangAsInSettingsLingua_19-47-45 - [verifyingSideMenuCollapsedLangAsInSettingsLingua_19-47-45] Element found and ready (attempt 1): By.xpath: (//div[@id='content-icon'])[2]
19:51:14 [TestNG-test-Yt Master Tests-2] INFO  verifyingSideMenuCollapsedLangAsInSettingsLingua_19-47-45 - Looking for language element with name: Tiếng Việt
19:51:14 [TestNG-test-Yt Master Tests-2] INFO  verifyingSideMenuCollapsedLangAsInSettingsLingua_19-47-45 - [verifyingSideMenuCollapsedLangAsInSettingsLingua_19-47-45] Trying to find element: By.xpath: //yt-multi-page-menu-section-renderer[@class='style-scope ytd-multi-page-menu-renderer']//yt-formatted-string[@id='label' and text()='Tiếng Việt']
19:51:14 [TestNG-test-Yt Master Tests-2] INFO  verifyingSideMenuCollapsedLangAsInSettingsLingua_19-47-45 - [verifyingSideMenuCollapsedLangAsInSettingsLingua_19-47-45] Element found and ready (attempt 1): By.xpath: //yt-multi-page-menu-section-renderer[@class='style-scope ytd-multi-page-menu-renderer']//yt-formatted-string[@id='label' and text()='Tiếng Việt']
19:51:14 [TestNG-test-Yt Master Tests-2] INFO  verifyingSideMenuCollapsedLangAsInSettingsLingua_19-47-45 - [verifyingSideMenuCollapsedLangAsInSettingsLingua_19-47-45] Trying to find element: By.xpath: //yt-multi-page-menu-section-renderer[@class='style-scope ytd-multi-page-menu-renderer']//yt-formatted-string[@id='label' and text()='Tiếng Việt']
19:51:14 [TestNG-test-Yt Master Tests-2] INFO  verifyingSideMenuCollapsedLangAsInSettingsLingua_19-47-45 - [verifyingSideMenuCollapsedLangAsInSettingsLingua_19-47-45] Element found and ready (attempt 1): By.xpath: //yt-multi-page-menu-section-renderer[@class='style-scope ytd-multi-page-menu-renderer']//yt-formatted-string[@id='label' and text()='Tiếng Việt']
19:51:15 [TestNG-test-Yt Master Tests-2] INFO  verifyingSideMenuCollapsedLangAsInSettingsLingua_19-47-45 - Clicking settings ellipses button...
19:51:16 [TestNG-test-Yt Master Tests-2] INFO  verifyingSideMenuCollapsedLangAsInSettingsLingua_19-47-45 - [verifyingSideMenuCollapsedLangAsInSettingsLingua_19-47-45] Trying to find element: By.xpath: //ytd-topbar-menu-button-renderer[@class='style-scope ytd-masthead style-default']
19:51:16 [TestNG-test-Yt Master Tests-2] INFO  verifyingSideMenuCollapsedLangAsInSettingsLingua_19-47-45 - [verifyingSideMenuCollapsedLangAsInSettingsLingua_19-47-45] Element found and ready (attempt 1): By.xpath: //ytd-topbar-menu-button-renderer[@class='style-scope ytd-masthead style-default']
19:51:17 [TestNG-test-Yt Master Tests-2] INFO  verifyingSideMenuCollapsedLangAsInSettingsLingua_19-47-45 - [verifyingSideMenuCollapsedLangAsInSettingsLingua_19-47-45] Waiting until element is visible in viewport
19:51:17 [TestNG-test-Yt Master Tests-2] INFO  verifyingSideMenuCollapsedLangAsInSettingsLingua_19-47-45 - Clicking settings ellipses button...
19:51:17 [TestNG-test-Yt Master Tests-2] INFO  verifyingSideMenuCollapsedLangAsInSettingsLingua_19-47-45 - [verifyingSideMenuCollapsedLangAsInSettingsLingua_19-47-45] Trying to find element: By.xpath: //ytd-topbar-menu-button-renderer[@class='style-scope ytd-masthead style-default']
19:51:17 [TestNG-test-Yt Master Tests-2] INFO  verifyingSideMenuCollapsedLangAsInSettingsLingua_19-47-45 - [verifyingSideMenuCollapsedLangAsInSettingsLingua_19-47-45] Element found and ready (attempt 1): By.xpath: //ytd-topbar-menu-button-renderer[@class='style-scope ytd-masthead style-default']
19:51:17 [TestNG-test-Yt Master Tests-2] INFO  verifyingSideMenuCollapsedLangAsInSettingsLingua_19-47-45 - getLangAttribute() - locating <html> and reading lang property
19:51:18 [TestNG-test-Yt Master Tests-2] INFO  verifyingSideMenuCollapsedLangAsInSettingsLingua_19-47-45 - Language attribute read: vi-VN
19:51:18 [TestNG-test-Yt Master Tests-2] INFO  verifyingSideMenuCollapsedLangAsInSettingsLingua_19-47-45 - Fetching the side menu in collapsed view
19:51:18 [TestNG-test-Yt Master Tests-2] INFO  verifyingSideMenuCollapsedLangAsInSettingsLingua_19-47-45 - [verifyingSideMenuCollapsedLangAsInSettingsLingua_19-47-45] Finding elements list: By.xpath: //ytd-mini-guide-renderer[@class='style-scope ytd-app']//ytd-mini-guide-entry-renderer
19:51:18 [TestNG-test-Yt Master Tests-2] INFO  verifyingSideMenuCollapsedLangAsInSettingsLingua_19-47-45 - [verifyingSideMenuCollapsedLangAsInSettingsLingua_19-47-45] Found 4 ready elements (attempt 1): By.xpath: //ytd-mini-guide-renderer[@class='style-scope ytd-app']//ytd-mini-guide-entry-renderer
19:51:18 [TestNG-test-Yt Master Tests-2] INFO  verifyingSideMenuCollapsedLangAsInSettingsLingua_19-47-45 - 
========== LANGUAGE DETECTION ==========
Detected Language : VIETNAMESE
Input Text        : Trang chủ Shorts Kênh đăng ký Bạn
========================================
19:51:18 [TestNG-test-Yt Master Tests-2] INFO  verifyingSideMenuCollapsedLangAsInSettingsLingua_19-47-45 - text sent to lingua is       Trang chủ Shorts Kênh đăng ký Bạn
19:51:18 [TestNG-test-Yt Master Tests-2] INFO  verifyingSideMenuCollapsedLangAsInSettingsLingua_19-47-45 - getLangAttribute() - locating <html> and reading lang property
19:51:18 [TestNG-test-Yt Master Tests-2] INFO  verifyingSideMenuCollapsedLangAsInSettingsLingua_19-47-45 - Language attribute read: vi-VN
19:51:18 [TestNG-test-Yt Master Tests-2] INFO  verifyingSideMenuCollapsedLangAsInSettingsLingua_19-47-45 - Clicking settings ellipses button...
19:51:18 [TestNG-test-Yt Master Tests-2] INFO  verifyingSideMenuCollapsedLangAsInSettingsLingua_19-47-45 - [verifyingSideMenuCollapsedLangAsInSettingsLingua_19-47-45] Trying to find element: By.xpath: //ytd-topbar-menu-button-renderer[@class='style-scope ytd-masthead style-default']
19:51:18 [TestNG-test-Yt Master Tests-2] INFO  verifyingSideMenuCollapsedLangAsInSettingsLingua_19-47-45 - [verifyingSideMenuCollapsedLangAsInSettingsLingua_19-47-45] Element found and ready (attempt 1): By.xpath: //ytd-topbar-menu-button-renderer[@class='style-scope ytd-masthead style-default']
19:51:18 [TestNG-test-Yt Master Tests-2] INFO  verifyingSideMenuCollapsedLangAsInSettingsLingua_19-47-45 - Clicking language dropdown...
19:51:18 [TestNG-test-Yt Master Tests-2] INFO  verifyingSideMenuCollapsedLangAsInSettingsLingua_19-47-45 - [verifyingSideMenuCollapsedLangAsInSettingsLingua_19-47-45] Trying to find element: By.xpath: (//div[@id='content-icon'])[2]
19:51:19 [TestNG-test-Yt Master Tests-2] INFO  verifyingSideMenuCollapsedLangAsInSettingsLingua_19-47-45 - [verifyingSideMenuCollapsedLangAsInSettingsLingua_19-47-45] Element found and ready (attempt 1): By.xpath: (//div[@id='content-icon'])[2]
19:51:19 [TestNG-test-Yt Master Tests-2] INFO  verifyingSideMenuCollapsedLangAsInSettingsLingua_19-47-45 - Looking for language element with name: Türkçe
19:51:19 [TestNG-test-Yt Master Tests-2] INFO  verifyingSideMenuCollapsedLangAsInSettingsLingua_19-47-45 - [verifyingSideMenuCollapsedLangAsInSettingsLingua_19-47-45] Trying to find element: By.xpath: //yt-multi-page-menu-section-renderer[@class='style-scope ytd-multi-page-menu-renderer']//yt-formatted-string[@id='label' and text()='Türkçe']
19:51:20 [TestNG-test-Yt Master Tests-2] INFO  verifyingSideMenuCollapsedLangAsInSettingsLingua_19-47-45 - [verifyingSideMenuCollapsedLangAsInSettingsLingua_19-47-45] Element found and ready (attempt 1): By.xpath: //yt-multi-page-menu-section-renderer[@class='style-scope ytd-multi-page-menu-renderer']//yt-formatted-string[@id='label' and text()='Türkçe']
19:51:20 [TestNG-test-Yt Master Tests-2] INFO  verifyingSideMenuCollapsedLangAsInSettingsLingua_19-47-45 - [verifyingSideMenuCollapsedLangAsInSettingsLingua_19-47-45] Trying to find element: By.xpath: //yt-multi-page-menu-section-renderer[@class='style-scope ytd-multi-page-menu-renderer']//yt-formatted-string[@id='label' and text()='Türkçe']
19:51:20 [TestNG-test-Yt Master Tests-2] INFO  verifyingSideMenuCollapsedLangAsInSettingsLingua_19-47-45 - [verifyingSideMenuCollapsedLangAsInSettingsLingua_19-47-45] Element found and ready (attempt 1): By.xpath: //yt-multi-page-menu-section-renderer[@class='style-scope ytd-multi-page-menu-renderer']//yt-formatted-string[@id='label' and text()='Türkçe']
19:51:22 [TestNG-test-Yt Master Tests-2] INFO  verifyingSideMenuCollapsedLangAsInSettingsLingua_19-47-45 - Clicking settings ellipses button...
19:51:22 [TestNG-test-Yt Master Tests-2] INFO  verifyingSideMenuCollapsedLangAsInSettingsLingua_19-47-45 - [verifyingSideMenuCollapsedLangAsInSettingsLingua_19-47-45] Trying to find element: By.xpath: //ytd-topbar-menu-button-renderer[@class='style-scope ytd-masthead style-default']
19:51:22 [TestNG-test-Yt Master Tests-2] INFO  verifyingSideMenuCollapsedLangAsInSettingsLingua_19-47-45 - [verifyingSideMenuCollapsedLangAsInSettingsLingua_19-47-45] Element found and ready (attempt 1): By.xpath: //ytd-topbar-menu-button-renderer[@class='style-scope ytd-masthead style-default']
19:51:23 [TestNG-test-Yt Master Tests-2] INFO  verifyingSideMenuCollapsedLangAsInSettingsLingua_19-47-45 - [verifyingSideMenuCollapsedLangAsInSettingsLingua_19-47-45] Waiting until element is visible in viewport
19:51:24 [TestNG-test-Yt Master Tests-2] INFO  verifyingSideMenuCollapsedLangAsInSettingsLingua_19-47-45 - Clicking settings ellipses button...
19:51:24 [TestNG-test-Yt Master Tests-2] INFO  verifyingSideMenuCollapsedLangAsInSettingsLingua_19-47-45 - [verifyingSideMenuCollapsedLangAsInSettingsLingua_19-47-45] Trying to find element: By.xpath: //ytd-topbar-menu-button-renderer[@class='style-scope ytd-masthead style-default']
19:51:24 [TestNG-test-Yt Master Tests-2] INFO  verifyingSideMenuCollapsedLangAsInSettingsLingua_19-47-45 - [verifyingSideMenuCollapsedLangAsInSettingsLingua_19-47-45] Element found and ready (attempt 1): By.xpath: //ytd-topbar-menu-button-renderer[@class='style-scope ytd-masthead style-default']
19:51:24 [TestNG-test-Yt Master Tests-2] INFO  verifyingSideMenuCollapsedLangAsInSettingsLingua_19-47-45 - getLangAttribute() - locating <html> and reading lang property
19:51:24 [TestNG-test-Yt Master Tests-2] INFO  verifyingSideMenuCollapsedLangAsInSettingsLingua_19-47-45 - Language attribute read: tr-TR
19:51:24 [TestNG-test-Yt Master Tests-2] INFO  verifyingSideMenuCollapsedLangAsInSettingsLingua_19-47-45 - Fetching the side menu in collapsed view
19:51:24 [TestNG-test-Yt Master Tests-2] INFO  verifyingSideMenuCollapsedLangAsInSettingsLingua_19-47-45 - [verifyingSideMenuCollapsedLangAsInSettingsLingua_19-47-45] Finding elements list: By.xpath: //ytd-mini-guide-renderer[@class='style-scope ytd-app']//ytd-mini-guide-entry-renderer
19:51:25 [TestNG-test-Yt Master Tests-2] INFO  verifyingSideMenuCollapsedLangAsInSettingsLingua_19-47-45 - [verifyingSideMenuCollapsedLangAsInSettingsLingua_19-47-45] Found 4 ready elements (attempt 1): By.xpath: //ytd-mini-guide-renderer[@class='style-scope ytd-app']//ytd-mini-guide-entry-renderer
19:51:25 [TestNG-test-Yt Master Tests-2] INFO  verifyingSideMenuCollapsedLangAsInSettingsLingua_19-47-45 - 
========== LANGUAGE DETECTION ==========
Detected Language : TURKISH
Input Text        : Ana Sayfa Shorts Abonelikler Siz
========================================
19:51:25 [TestNG-test-Yt Master Tests-2] INFO  verifyingSideMenuCollapsedLangAsInSettingsLingua_19-47-45 - text sent to lingua is       Ana Sayfa Shorts Abonelikler Siz
19:51:25 [TestNG-test-Yt Master Tests-2] INFO  verifyingSideMenuCollapsedLangAsInSettingsLingua_19-47-45 - getLangAttribute() - locating <html> and reading lang property
19:51:25 [TestNG-test-Yt Master Tests-2] INFO  verifyingSideMenuCollapsedLangAsInSettingsLingua_19-47-45 - Language attribute read: tr-TR
19:51:25 [TestNG-test-Yt Master Tests-2] INFO  verifyingSideMenuCollapsedLangAsInSettingsLingua_19-47-45 - Clicking settings ellipses button...
19:51:25 [TestNG-test-Yt Master Tests-2] INFO  verifyingSideMenuCollapsedLangAsInSettingsLingua_19-47-45 - [verifyingSideMenuCollapsedLangAsInSettingsLingua_19-47-45] Trying to find element: By.xpath: //ytd-topbar-menu-button-renderer[@class='style-scope ytd-masthead style-default']
19:51:25 [TestNG-test-Yt Master Tests-2] INFO  verifyingSideMenuCollapsedLangAsInSettingsLingua_19-47-45 - [verifyingSideMenuCollapsedLangAsInSettingsLingua_19-47-45] Element found and ready (attempt 1): By.xpath: //ytd-topbar-menu-button-renderer[@class='style-scope ytd-masthead style-default']
19:51:25 [TestNG-test-Yt Master Tests-2] INFO  verifyingSideMenuCollapsedLangAsInSettingsLingua_19-47-45 - Clicking language dropdown...
19:51:25 [TestNG-test-Yt Master Tests-2] INFO  verifyingSideMenuCollapsedLangAsInSettingsLingua_19-47-45 - [verifyingSideMenuCollapsedLangAsInSettingsLingua_19-47-45] Trying to find element: By.xpath: (//div[@id='content-icon'])[2]
19:51:26 [TestNG-test-Yt Master Tests-2] INFO  verifyingSideMenuCollapsedLangAsInSettingsLingua_19-47-45 - [verifyingSideMenuCollapsedLangAsInSettingsLingua_19-47-45] Element found and ready (attempt 1): By.xpath: (//div[@id='content-icon'])[2]
19:51:27 [TestNG-test-Yt Master Tests-2] INFO  verifyingSideMenuCollapsedLangAsInSettingsLingua_19-47-45 - Looking for language element with name: Беларуская
19:51:27 [TestNG-test-Yt Master Tests-2] INFO  verifyingSideMenuCollapsedLangAsInSettingsLingua_19-47-45 - [verifyingSideMenuCollapsedLangAsInSettingsLingua_19-47-45] Trying to find element: By.xpath: //yt-multi-page-menu-section-renderer[@class='style-scope ytd-multi-page-menu-renderer']//yt-formatted-string[@id='label' and text()='Беларуская']
19:51:27 [TestNG-test-Yt Master Tests-2] INFO  verifyingSideMenuCollapsedLangAsInSettingsLingua_19-47-45 - [verifyingSideMenuCollapsedLangAsInSettingsLingua_19-47-45] Element found and ready (attempt 1): By.xpath: //yt-multi-page-menu-section-renderer[@class='style-scope ytd-multi-page-menu-renderer']//yt-formatted-string[@id='label' and text()='Беларуская']
19:51:27 [TestNG-test-Yt Master Tests-2] INFO  verifyingSideMenuCollapsedLangAsInSettingsLingua_19-47-45 - [verifyingSideMenuCollapsedLangAsInSettingsLingua_19-47-45] Trying to find element: By.xpath: //yt-multi-page-menu-section-renderer[@class='style-scope ytd-multi-page-menu-renderer']//yt-formatted-string[@id='label' and text()='Беларуская']
19:51:27 [TestNG-test-Yt Master Tests-2] INFO  verifyingSideMenuCollapsedLangAsInSettingsLingua_19-47-45 - [verifyingSideMenuCollapsedLangAsInSettingsLingua_19-47-45] Element found and ready (attempt 1): By.xpath: //yt-multi-page-menu-section-renderer[@class='style-scope ytd-multi-page-menu-renderer']//yt-formatted-string[@id='label' and text()='Беларуская']
19:51:28 [TestNG-test-Yt Master Tests-2] INFO  verifyingSideMenuCollapsedLangAsInSettingsLingua_19-47-45 - Clicking settings ellipses button...
19:51:28 [TestNG-test-Yt Master Tests-2] INFO  verifyingSideMenuCollapsedLangAsInSettingsLingua_19-47-45 - [verifyingSideMenuCollapsedLangAsInSettingsLingua_19-47-45] Trying to find element: By.xpath: //ytd-topbar-menu-button-renderer[@class='style-scope ytd-masthead style-default']
19:51:28 [TestNG-test-Yt Master Tests-2] INFO  verifyingSideMenuCollapsedLangAsInSettingsLingua_19-47-45 - [verifyingSideMenuCollapsedLangAsInSettingsLingua_19-47-45] Element found and ready (attempt 1): By.xpath: //ytd-topbar-menu-button-renderer[@class='style-scope ytd-masthead style-default']
19:51:29 [TestNG-test-Yt Master Tests-2] INFO  verifyingSideMenuCollapsedLangAsInSettingsLingua_19-47-45 - [verifyingSideMenuCollapsedLangAsInSettingsLingua_19-47-45] Waiting until element is visible in viewport
19:51:29 [TestNG-test-Yt Master Tests-2] INFO  verifyingSideMenuCollapsedLangAsInSettingsLingua_19-47-45 - Clicking settings ellipses button...
19:51:29 [TestNG-test-Yt Master Tests-2] INFO  verifyingSideMenuCollapsedLangAsInSettingsLingua_19-47-45 - [verifyingSideMenuCollapsedLangAsInSettingsLingua_19-47-45] Trying to find element: By.xpath: //ytd-topbar-menu-button-renderer[@class='style-scope ytd-masthead style-default']
19:51:30 [TestNG-test-Yt Master Tests-2] INFO  verifyingSideMenuCollapsedLangAsInSettingsLingua_19-47-45 - [verifyingSideMenuCollapsedLangAsInSettingsLingua_19-47-45] Element found and ready (attempt 1): By.xpath: //ytd-topbar-menu-button-renderer[@class='style-scope ytd-masthead style-default']
19:51:30 [TestNG-test-Yt Master Tests-2] INFO  verifyingSideMenuCollapsedLangAsInSettingsLingua_19-47-45 - getLangAttribute() - locating <html> and reading lang property
19:51:30 [TestNG-test-Yt Master Tests-2] INFO  verifyingSideMenuCollapsedLangAsInSettingsLingua_19-47-45 - Language attribute read: be-BY
19:51:30 [TestNG-test-Yt Master Tests-2] INFO  verifyingSideMenuCollapsedLangAsInSettingsLingua_19-47-45 - Fetching the side menu in collapsed view
19:51:30 [TestNG-test-Yt Master Tests-2] INFO  verifyingSideMenuCollapsedLangAsInSettingsLingua_19-47-45 - [verifyingSideMenuCollapsedLangAsInSettingsLingua_19-47-45] Finding elements list: By.xpath: //ytd-mini-guide-renderer[@class='style-scope ytd-app']//ytd-mini-guide-entry-renderer
19:51:30 [TestNG-test-Yt Master Tests-2] INFO  verifyingSideMenuCollapsedLangAsInSettingsLingua_19-47-45 - [verifyingSideMenuCollapsedLangAsInSettingsLingua_19-47-45] Found 4 ready elements (attempt 1): By.xpath: //ytd-mini-guide-renderer[@class='style-scope ytd-app']//ytd-mini-guide-entry-renderer
19:51:31 [TestNG-test-Yt Master Tests-2] INFO  verifyingSideMenuCollapsedLangAsInSettingsLingua_19-47-45 - 
========== LANGUAGE DETECTION ==========
Detected Language : BELARUSIAN
Input Text        : Галоўная старонка Shorts Падпіскі Вы
========================================
19:51:31 [TestNG-test-Yt Master Tests-2] INFO  verifyingSideMenuCollapsedLangAsInSettingsLingua_19-47-45 - text sent to lingua is       Галоўная старонка Shorts Падпіскі Вы
19:51:31 [TestNG-test-Yt Master Tests-2] INFO  verifyingSideMenuCollapsedLangAsInSettingsLingua_19-47-45 - getLangAttribute() - locating <html> and reading lang property
19:51:31 [TestNG-test-Yt Master Tests-2] INFO  verifyingSideMenuCollapsedLangAsInSettingsLingua_19-47-45 - Language attribute read: be-BY
19:51:31 [TestNG-test-Yt Master Tests-2] INFO  verifyingSideMenuCollapsedLangAsInSettingsLingua_19-47-45 - Clicking settings ellipses button...
19:51:31 [TestNG-test-Yt Master Tests-2] INFO  verifyingSideMenuCollapsedLangAsInSettingsLingua_19-47-45 - [verifyingSideMenuCollapsedLangAsInSettingsLingua_19-47-45] Trying to find element: By.xpath: //ytd-topbar-menu-button-renderer[@class='style-scope ytd-masthead style-default']
19:51:31 [TestNG-test-Yt Master Tests-2] INFO  verifyingSideMenuCollapsedLangAsInSettingsLingua_19-47-45 - [verifyingSideMenuCollapsedLangAsInSettingsLingua_19-47-45] Element found and ready (attempt 1): By.xpath: //ytd-topbar-menu-button-renderer[@class='style-scope ytd-masthead style-default']
19:51:31 [TestNG-test-Yt Master Tests-2] INFO  verifyingSideMenuCollapsedLangAsInSettingsLingua_19-47-45 - Clicking language dropdown...
19:51:31 [TestNG-test-Yt Master Tests-2] INFO  verifyingSideMenuCollapsedLangAsInSettingsLingua_19-47-45 - [verifyingSideMenuCollapsedLangAsInSettingsLingua_19-47-45] Trying to find element: By.xpath: (//div[@id='content-icon'])[2]
19:51:32 [TestNG-test-Yt Master Tests-2] INFO  verifyingSideMenuCollapsedLangAsInSettingsLingua_19-47-45 - [verifyingSideMenuCollapsedLangAsInSettingsLingua_19-47-45] Element found and ready (attempt 1): By.xpath: (//div[@id='content-icon'])[2]
19:51:33 [TestNG-test-Yt Master Tests-2] INFO  verifyingSideMenuCollapsedLangAsInSettingsLingua_19-47-45 - Looking for language element with name: Български
19:51:33 [TestNG-test-Yt Master Tests-2] INFO  verifyingSideMenuCollapsedLangAsInSettingsLingua_19-47-45 - [verifyingSideMenuCollapsedLangAsInSettingsLingua_19-47-45] Trying to find element: By.xpath: //yt-multi-page-menu-section-renderer[@class='style-scope ytd-multi-page-menu-renderer']//yt-formatted-string[@id='label' and text()='Български']
19:51:33 [TestNG-test-Yt Master Tests-2] INFO  verifyingSideMenuCollapsedLangAsInSettingsLingua_19-47-45 - [verifyingSideMenuCollapsedLangAsInSettingsLingua_19-47-45] Element found and ready (attempt 1): By.xpath: //yt-multi-page-menu-section-renderer[@class='style-scope ytd-multi-page-menu-renderer']//yt-formatted-string[@id='label' and text()='Български']
19:51:33 [TestNG-test-Yt Master Tests-2] INFO  verifyingSideMenuCollapsedLangAsInSettingsLingua_19-47-45 - [verifyingSideMenuCollapsedLangAsInSettingsLingua_19-47-45] Trying to find element: By.xpath: //yt-multi-page-menu-section-renderer[@class='style-scope ytd-multi-page-menu-renderer']//yt-formatted-string[@id='label' and text()='Български']
19:51:34 [TestNG-test-Yt Master Tests-2] INFO  verifyingSideMenuCollapsedLangAsInSettingsLingua_19-47-45 - [verifyingSideMenuCollapsedLangAsInSettingsLingua_19-47-45] Element found and ready (attempt 1): By.xpath: //yt-multi-page-menu-section-renderer[@class='style-scope ytd-multi-page-menu-renderer']//yt-formatted-string[@id='label' and text()='Български']
19:51:35 [TestNG-test-Yt Master Tests-2] INFO  verifyingSideMenuCollapsedLangAsInSettingsLingua_19-47-45 - Clicking settings ellipses button...
19:51:35 [TestNG-test-Yt Master Tests-2] INFO  verifyingSideMenuCollapsedLangAsInSettingsLingua_19-47-45 - [verifyingSideMenuCollapsedLangAsInSettingsLingua_19-47-45] Trying to find element: By.xpath: //ytd-topbar-menu-button-renderer[@class='style-scope ytd-masthead style-default']
19:51:36 [TestNG-test-Yt Master Tests-2] INFO  verifyingSideMenuCollapsedLangAsInSettingsLingua_19-47-45 - [verifyingSideMenuCollapsedLangAsInSettingsLingua_19-47-45] Element found and ready (attempt 1): By.xpath: //ytd-topbar-menu-button-renderer[@class='style-scope ytd-masthead style-default']
19:51:36 [TestNG-test-Yt Master Tests-2] INFO  verifyingSideMenuCollapsedLangAsInSettingsLingua_19-47-45 - [verifyingSideMenuCollapsedLangAsInSettingsLingua_19-47-45] Waiting until element is visible in viewport
19:51:37 [TestNG-test-Yt Master Tests-2] INFO  verifyingSideMenuCollapsedLangAsInSettingsLingua_19-47-45 - Clicking settings ellipses button...
19:51:37 [TestNG-test-Yt Master Tests-2] INFO  verifyingSideMenuCollapsedLangAsInSettingsLingua_19-47-45 - [verifyingSideMenuCollapsedLangAsInSettingsLingua_19-47-45] Trying to find element: By.xpath: //ytd-topbar-menu-button-renderer[@class='style-scope ytd-masthead style-default']
19:51:37 [TestNG-test-Yt Master Tests-2] INFO  verifyingSideMenuCollapsedLangAsInSettingsLingua_19-47-45 - [verifyingSideMenuCollapsedLangAsInSettingsLingua_19-47-45] Element found and ready (attempt 1): By.xpath: //ytd-topbar-menu-button-renderer[@class='style-scope ytd-masthead style-default']
19:51:38 [TestNG-test-Yt Master Tests-2] INFO  verifyingSideMenuCollapsedLangAsInSettingsLingua_19-47-45 - getLangAttribute() - locating <html> and reading lang property
19:51:38 [TestNG-test-Yt Master Tests-2] INFO  verifyingSideMenuCollapsedLangAsInSettingsLingua_19-47-45 - Language attribute read: bg-BG
19:51:38 [TestNG-test-Yt Master Tests-2] INFO  verifyingSideMenuCollapsedLangAsInSettingsLingua_19-47-45 - Fetching the side menu in collapsed view
19:51:38 [TestNG-test-Yt Master Tests-2] INFO  verifyingSideMenuCollapsedLangAsInSettingsLingua_19-47-45 - [verifyingSideMenuCollapsedLangAsInSettingsLingua_19-47-45] Finding elements list: By.xpath: //ytd-mini-guide-renderer[@class='style-scope ytd-app']//ytd-mini-guide-entry-renderer
19:51:38 [TestNG-test-Yt Master Tests-2] INFO  verifyingSideMenuCollapsedLangAsInSettingsLingua_19-47-45 - [verifyingSideMenuCollapsedLangAsInSettingsLingua_19-47-45] Found 4 ready elements (attempt 1): By.xpath: //ytd-mini-guide-renderer[@class='style-scope ytd-app']//ytd-mini-guide-entry-renderer
19:51:38 [TestNG-test-Yt Master Tests-2] INFO  verifyingSideMenuCollapsedLangAsInSettingsLingua_19-47-45 - 
========== LANGUAGE DETECTION ==========
Detected Language : BULGARIAN
Input Text        : Начало Shorts Абонаменти Вие
========================================
19:51:38 [TestNG-test-Yt Master Tests-2] INFO  verifyingSideMenuCollapsedLangAsInSettingsLingua_19-47-45 - text sent to lingua is       Начало Shorts Абонаменти Вие
19:51:38 [TestNG-test-Yt Master Tests-2] INFO  verifyingSideMenuCollapsedLangAsInSettingsLingua_19-47-45 - getLangAttribute() - locating <html> and reading lang property
19:51:38 [TestNG-test-Yt Master Tests-2] INFO  verifyingSideMenuCollapsedLangAsInSettingsLingua_19-47-45 - Language attribute read: bg-BG
19:51:38 [TestNG-test-Yt Master Tests-2] INFO  verifyingSideMenuCollapsedLangAsInSettingsLingua_19-47-45 - Clicking settings ellipses button...
19:51:38 [TestNG-test-Yt Master Tests-2] INFO  verifyingSideMenuCollapsedLangAsInSettingsLingua_19-47-45 - [verifyingSideMenuCollapsedLangAsInSettingsLingua_19-47-45] Trying to find element: By.xpath: //ytd-topbar-menu-button-renderer[@class='style-scope ytd-masthead style-default']
19:51:39 [TestNG-test-Yt Master Tests-2] INFO  verifyingSideMenuCollapsedLangAsInSettingsLingua_19-47-45 - [verifyingSideMenuCollapsedLangAsInSettingsLingua_19-47-45] Element found and ready (attempt 1): By.xpath: //ytd-topbar-menu-button-renderer[@class='style-scope ytd-masthead style-default']
19:51:39 [TestNG-test-Yt Master Tests-2] INFO  verifyingSideMenuCollapsedLangAsInSettingsLingua_19-47-45 - Clicking language dropdown...
19:51:39 [TestNG-test-Yt Master Tests-2] INFO  verifyingSideMenuCollapsedLangAsInSettingsLingua_19-47-45 - [verifyingSideMenuCollapsedLangAsInSettingsLingua_19-47-45] Trying to find element: By.xpath: (//div[@id='content-icon'])[2]
19:51:39 [TestNG-test-Yt Master Tests-2] INFO  verifyingSideMenuCollapsedLangAsInSettingsLingua_19-47-45 - [verifyingSideMenuCollapsedLangAsInSettingsLingua_19-47-45] Element found and ready (attempt 1): By.xpath: (//div[@id='content-icon'])[2]
19:51:40 [TestNG-test-Yt Master Tests-2] INFO  verifyingSideMenuCollapsedLangAsInSettingsLingua_19-47-45 - Looking for language element with name: Русский
19:51:40 [TestNG-test-Yt Master Tests-2] INFO  verifyingSideMenuCollapsedLangAsInSettingsLingua_19-47-45 - [verifyingSideMenuCollapsedLangAsInSettingsLingua_19-47-45] Trying to find element: By.xpath: //yt-multi-page-menu-section-renderer[@class='style-scope ytd-multi-page-menu-renderer']//yt-formatted-string[@id='label' and text()='Русский']
19:51:40 [TestNG-test-Yt Master Tests-2] INFO  verifyingSideMenuCollapsedLangAsInSettingsLingua_19-47-45 - [verifyingSideMenuCollapsedLangAsInSettingsLingua_19-47-45] Element found and ready (attempt 1): By.xpath: //yt-multi-page-menu-section-renderer[@class='style-scope ytd-multi-page-menu-renderer']//yt-formatted-string[@id='label' and text()='Русский']
19:51:40 [TestNG-test-Yt Master Tests-2] INFO  verifyingSideMenuCollapsedLangAsInSettingsLingua_19-47-45 - [verifyingSideMenuCollapsedLangAsInSettingsLingua_19-47-45] Trying to find element: By.xpath: //yt-multi-page-menu-section-renderer[@class='style-scope ytd-multi-page-menu-renderer']//yt-formatted-string[@id='label' and text()='Русский']
19:51:40 [TestNG-test-Yt Master Tests-2] INFO  verifyingSideMenuCollapsedLangAsInSettingsLingua_19-47-45 - [verifyingSideMenuCollapsedLangAsInSettingsLingua_19-47-45] Element found and ready (attempt 1): By.xpath: //yt-multi-page-menu-section-renderer[@class='style-scope ytd-multi-page-menu-renderer']//yt-formatted-string[@id='label' and text()='Русский']
19:51:41 [TestNG-test-Yt Master Tests-2] INFO  verifyingSideMenuCollapsedLangAsInSettingsLingua_19-47-45 - Clicking settings ellipses button...
19:51:42 [TestNG-test-Yt Master Tests-2] INFO  verifyingSideMenuCollapsedLangAsInSettingsLingua_19-47-45 - [verifyingSideMenuCollapsedLangAsInSettingsLingua_19-47-45] Trying to find element: By.xpath: //ytd-topbar-menu-button-renderer[@class='style-scope ytd-masthead style-default']
19:51:42 [TestNG-test-Yt Master Tests-2] INFO  verifyingSideMenuCollapsedLangAsInSettingsLingua_19-47-45 - [verifyingSideMenuCollapsedLangAsInSettingsLingua_19-47-45] Element found and ready (attempt 1): By.xpath: //ytd-topbar-menu-button-renderer[@class='style-scope ytd-masthead style-default']
19:51:42 [TestNG-test-Yt Master Tests-2] INFO  verifyingSideMenuCollapsedLangAsInSettingsLingua_19-47-45 - [verifyingSideMenuCollapsedLangAsInSettingsLingua_19-47-45] Waiting until element is visible in viewport
19:51:43 [TestNG-test-Yt Master Tests-2] INFO  verifyingSideMenuCollapsedLangAsInSettingsLingua_19-47-45 - Clicking settings ellipses button...
19:51:43 [TestNG-test-Yt Master Tests-2] INFO  verifyingSideMenuCollapsedLangAsInSettingsLingua_19-47-45 - [verifyingSideMenuCollapsedLangAsInSettingsLingua_19-47-45] Trying to find element: By.xpath: //ytd-topbar-menu-button-renderer[@class='style-scope ytd-masthead style-default']
19:51:43 [TestNG-test-Yt Master Tests-2] INFO  verifyingSideMenuCollapsedLangAsInSettingsLingua_19-47-45 - [verifyingSideMenuCollapsedLangAsInSettingsLingua_19-47-45] Element found and ready (attempt 1): By.xpath: //ytd-topbar-menu-button-renderer[@class='style-scope ytd-masthead style-default']
19:51:43 [TestNG-test-Yt Master Tests-2] INFO  verifyingSideMenuCollapsedLangAsInSettingsLingua_19-47-45 - getLangAttribute() - locating <html> and reading lang property
19:51:43 [TestNG-test-Yt Master Tests-2] INFO  verifyingSideMenuCollapsedLangAsInSettingsLingua_19-47-45 - Language attribute read: ru-RU
19:51:43 [TestNG-test-Yt Master Tests-2] INFO  verifyingSideMenuCollapsedLangAsInSettingsLingua_19-47-45 - Fetching the side menu in collapsed view
19:51:43 [TestNG-test-Yt Master Tests-2] INFO  verifyingSideMenuCollapsedLangAsInSettingsLingua_19-47-45 - [verifyingSideMenuCollapsedLangAsInSettingsLingua_19-47-45] Finding elements list: By.xpath: //ytd-mini-guide-renderer[@class='style-scope ytd-app']//ytd-mini-guide-entry-renderer
19:51:43 [TestNG-test-Yt Master Tests-2] INFO  verifyingSideMenuCollapsedLangAsInSettingsLingua_19-47-45 - [verifyingSideMenuCollapsedLangAsInSettingsLingua_19-47-45] Found 4 ready elements (attempt 1): By.xpath: //ytd-mini-guide-renderer[@class='style-scope ytd-app']//ytd-mini-guide-entry-renderer
19:51:43 [TestNG-test-Yt Master Tests-2] INFO  verifyingSideMenuCollapsedLangAsInSettingsLingua_19-47-45 - 
========== LANGUAGE DETECTION ==========
Detected Language : RUSSIAN
Input Text        : Главная Shorts Подписки Вы
========================================
19:51:43 [TestNG-test-Yt Master Tests-2] INFO  verifyingSideMenuCollapsedLangAsInSettingsLingua_19-47-45 - text sent to lingua is       Главная Shorts Подписки Вы
19:51:43 [TestNG-test-Yt Master Tests-2] INFO  verifyingSideMenuCollapsedLangAsInSettingsLingua_19-47-45 - getLangAttribute() - locating <html> and reading lang property
19:51:43 [TestNG-test-Yt Master Tests-2] INFO  verifyingSideMenuCollapsedLangAsInSettingsLingua_19-47-45 - Language attribute read: ru-RU
19:51:43 [TestNG-test-Yt Master Tests-2] INFO  verifyingSideMenuCollapsedLangAsInSettingsLingua_19-47-45 - Clicking settings ellipses button...
19:51:43 [TestNG-test-Yt Master Tests-2] INFO  verifyingSideMenuCollapsedLangAsInSettingsLingua_19-47-45 - [verifyingSideMenuCollapsedLangAsInSettingsLingua_19-47-45] Trying to find element: By.xpath: //ytd-topbar-menu-button-renderer[@class='style-scope ytd-masthead style-default']
19:51:43 [TestNG-test-Yt Master Tests-2] INFO  verifyingSideMenuCollapsedLangAsInSettingsLingua_19-47-45 - [verifyingSideMenuCollapsedLangAsInSettingsLingua_19-47-45] Element found and ready (attempt 1): By.xpath: //ytd-topbar-menu-button-renderer[@class='style-scope ytd-masthead style-default']
19:51:43 [TestNG-test-Yt Master Tests-2] INFO  verifyingSideMenuCollapsedLangAsInSettingsLingua_19-47-45 - Clicking language dropdown...
19:51:43 [TestNG-test-Yt Master Tests-2] INFO  verifyingSideMenuCollapsedLangAsInSettingsLingua_19-47-45 - [verifyingSideMenuCollapsedLangAsInSettingsLingua_19-47-45] Trying to find element: By.xpath: (//div[@id='content-icon'])[2]
19:51:44 [TestNG-test-Yt Master Tests-2] INFO  verifyingSideMenuCollapsedLangAsInSettingsLingua_19-47-45 - [verifyingSideMenuCollapsedLangAsInSettingsLingua_19-47-45] Element found and ready (attempt 1): By.xpath: (//div[@id='content-icon'])[2]
19:51:45 [TestNG-test-Yt Master Tests-2] INFO  verifyingSideMenuCollapsedLangAsInSettingsLingua_19-47-45 - Looking for language element with name: Українська
19:51:45 [TestNG-test-Yt Master Tests-2] INFO  verifyingSideMenuCollapsedLangAsInSettingsLingua_19-47-45 - [verifyingSideMenuCollapsedLangAsInSettingsLingua_19-47-45] Trying to find element: By.xpath: //yt-multi-page-menu-section-renderer[@class='style-scope ytd-multi-page-menu-renderer']//yt-formatted-string[@id='label' and text()='Українська']
19:51:46 [TestNG-test-Yt Master Tests-2] INFO  verifyingSideMenuCollapsedLangAsInSettingsLingua_19-47-45 - [verifyingSideMenuCollapsedLangAsInSettingsLingua_19-47-45] Element found and ready (attempt 1): By.xpath: //yt-multi-page-menu-section-renderer[@class='style-scope ytd-multi-page-menu-renderer']//yt-formatted-string[@id='label' and text()='Українська']
19:51:46 [TestNG-test-Yt Master Tests-2] INFO  verifyingSideMenuCollapsedLangAsInSettingsLingua_19-47-45 - [verifyingSideMenuCollapsedLangAsInSettingsLingua_19-47-45] Trying to find element: By.xpath: //yt-multi-page-menu-section-renderer[@class='style-scope ytd-multi-page-menu-renderer']//yt-formatted-string[@id='label' and text()='Українська']
19:51:46 [TestNG-test-Yt Master Tests-2] INFO  verifyingSideMenuCollapsedLangAsInSettingsLingua_19-47-45 - [verifyingSideMenuCollapsedLangAsInSettingsLingua_19-47-45] Element found and ready (attempt 1): By.xpath: //yt-multi-page-menu-section-renderer[@class='style-scope ytd-multi-page-menu-renderer']//yt-formatted-string[@id='label' and text()='Українська']
19:51:48 [TestNG-test-Yt Master Tests-2] INFO  verifyingSideMenuCollapsedLangAsInSettingsLingua_19-47-45 - Clicking settings ellipses button...
19:51:48 [TestNG-test-Yt Master Tests-2] INFO  verifyingSideMenuCollapsedLangAsInSettingsLingua_19-47-45 - [verifyingSideMenuCollapsedLangAsInSettingsLingua_19-47-45] Trying to find element: By.xpath: //ytd-topbar-menu-button-renderer[@class='style-scope ytd-masthead style-default']
19:51:49 [TestNG-test-Yt Master Tests-2] INFO  verifyingSideMenuCollapsedLangAsInSettingsLingua_19-47-45 - [verifyingSideMenuCollapsedLangAsInSettingsLingua_19-47-45] Element found and ready (attempt 1): By.xpath: //ytd-topbar-menu-button-renderer[@class='style-scope ytd-masthead style-default']
19:51:49 [TestNG-test-Yt Master Tests-2] INFO  verifyingSideMenuCollapsedLangAsInSettingsLingua_19-47-45 - [verifyingSideMenuCollapsedLangAsInSettingsLingua_19-47-45] Waiting until element is visible in viewport
19:51:50 [TestNG-test-Yt Master Tests-2] INFO  verifyingSideMenuCollapsedLangAsInSettingsLingua_19-47-45 - Clicking settings ellipses button...
19:51:50 [TestNG-test-Yt Master Tests-2] INFO  verifyingSideMenuCollapsedLangAsInSettingsLingua_19-47-45 - [verifyingSideMenuCollapsedLangAsInSettingsLingua_19-47-45] Trying to find element: By.xpath: //ytd-topbar-menu-button-renderer[@class='style-scope ytd-masthead style-default']
19:51:50 [TestNG-test-Yt Master Tests-2] INFO  verifyingSideMenuCollapsedLangAsInSettingsLingua_19-47-45 - [verifyingSideMenuCollapsedLangAsInSettingsLingua_19-47-45] Element found and ready (attempt 1): By.xpath: //ytd-topbar-menu-button-renderer[@class='style-scope ytd-masthead style-default']
19:51:50 [TestNG-test-Yt Master Tests-2] INFO  verifyingSideMenuCollapsedLangAsInSettingsLingua_19-47-45 - getLangAttribute() - locating <html> and reading lang property
19:51:50 [TestNG-test-Yt Master Tests-2] INFO  verifyingSideMenuCollapsedLangAsInSettingsLingua_19-47-45 - Language attribute read: uk-UA
19:51:50 [TestNG-test-Yt Master Tests-2] INFO  verifyingSideMenuCollapsedLangAsInSettingsLingua_19-47-45 - Fetching the side menu in collapsed view
19:51:50 [TestNG-test-Yt Master Tests-2] INFO  verifyingSideMenuCollapsedLangAsInSettingsLingua_19-47-45 - [verifyingSideMenuCollapsedLangAsInSettingsLingua_19-47-45] Finding elements list: By.xpath: //ytd-mini-guide-renderer[@class='style-scope ytd-app']//ytd-mini-guide-entry-renderer
19:51:50 [TestNG-test-Yt Master Tests-2] INFO  verifyingSideMenuCollapsedLangAsInSettingsLingua_19-47-45 - [verifyingSideMenuCollapsedLangAsInSettingsLingua_19-47-45] Found 4 ready elements (attempt 1): By.xpath: //ytd-mini-guide-renderer[@class='style-scope ytd-app']//ytd-mini-guide-entry-renderer
19:51:50 [TestNG-test-Yt Master Tests-2] INFO  verifyingSideMenuCollapsedLangAsInSettingsLingua_19-47-45 - 
========== LANGUAGE DETECTION ==========
Detected Language : UKRAINIAN
Input Text        : Головна YouTube Shorts Підписки Ви
========================================
19:51:50 [TestNG-test-Yt Master Tests-2] INFO  verifyingSideMenuCollapsedLangAsInSettingsLingua_19-47-45 - text sent to lingua is       Головна YouTube Shorts Підписки Ви
19:51:50 [TestNG-test-Yt Master Tests-2] INFO  verifyingSideMenuCollapsedLangAsInSettingsLingua_19-47-45 - getLangAttribute() - locating <html> and reading lang property
19:51:51 [TestNG-test-Yt Master Tests-2] INFO  verifyingSideMenuCollapsedLangAsInSettingsLingua_19-47-45 - Language attribute read: uk-UA
19:51:51 [TestNG-test-Yt Master Tests-2] INFO  verifyingSideMenuCollapsedLangAsInSettingsLingua_19-47-45 - Clicking settings ellipses button...
19:51:51 [TestNG-test-Yt Master Tests-2] INFO  verifyingSideMenuCollapsedLangAsInSettingsLingua_19-47-45 - [verifyingSideMenuCollapsedLangAsInSettingsLingua_19-47-45] Trying to find element: By.xpath: //ytd-topbar-menu-button-renderer[@class='style-scope ytd-masthead style-default']
19:51:51 [TestNG-test-Yt Master Tests-2] INFO  verifyingSideMenuCollapsedLangAsInSettingsLingua_19-47-45 - [verifyingSideMenuCollapsedLangAsInSettingsLingua_19-47-45] Element found and ready (attempt 1): By.xpath: //ytd-topbar-menu-button-renderer[@class='style-scope ytd-masthead style-default']
19:51:51 [TestNG-test-Yt Master Tests-2] INFO  verifyingSideMenuCollapsedLangAsInSettingsLingua_19-47-45 - Clicking language dropdown...
19:51:51 [TestNG-test-Yt Master Tests-2] INFO  verifyingSideMenuCollapsedLangAsInSettingsLingua_19-47-45 - [verifyingSideMenuCollapsedLangAsInSettingsLingua_19-47-45] Trying to find element: By.xpath: (//div[@id='content-icon'])[2]
19:51:51 [TestNG-test-Yt Master Tests-2] INFO  verifyingSideMenuCollapsedLangAsInSettingsLingua_19-47-45 - [verifyingSideMenuCollapsedLangAsInSettingsLingua_19-47-45] Element found and ready (attempt 1): By.xpath: (//div[@id='content-icon'])[2]
19:51:52 [TestNG-test-Yt Master Tests-2] INFO  verifyingSideMenuCollapsedLangAsInSettingsLingua_19-47-45 - Looking for language element with name: Ελληνικά
19:51:52 [TestNG-test-Yt Master Tests-2] INFO  verifyingSideMenuCollapsedLangAsInSettingsLingua_19-47-45 - [verifyingSideMenuCollapsedLangAsInSettingsLingua_19-47-45] Trying to find element: By.xpath: //yt-multi-page-menu-section-renderer[@class='style-scope ytd-multi-page-menu-renderer']//yt-formatted-string[@id='label' and text()='Ελληνικά']
19:51:52 [TestNG-test-Yt Master Tests-2] INFO  verifyingSideMenuCollapsedLangAsInSettingsLingua_19-47-45 - [verifyingSideMenuCollapsedLangAsInSettingsLingua_19-47-45] Element found and ready (attempt 1): By.xpath: //yt-multi-page-menu-section-renderer[@class='style-scope ytd-multi-page-menu-renderer']//yt-formatted-string[@id='label' and text()='Ελληνικά']
19:51:52 [TestNG-test-Yt Master Tests-2] INFO  verifyingSideMenuCollapsedLangAsInSettingsLingua_19-47-45 - [verifyingSideMenuCollapsedLangAsInSettingsLingua_19-47-45] Trying to find element: By.xpath: //yt-multi-page-menu-section-renderer[@class='style-scope ytd-multi-page-menu-renderer']//yt-formatted-string[@id='label' and text()='Ελληνικά']
19:51:52 [TestNG-test-Yt Master Tests-2] INFO  verifyingSideMenuCollapsedLangAsInSettingsLingua_19-47-45 - [verifyingSideMenuCollapsedLangAsInSettingsLingua_19-47-45] Element found and ready (attempt 1): By.xpath: //yt-multi-page-menu-section-renderer[@class='style-scope ytd-multi-page-menu-renderer']//yt-formatted-string[@id='label' and text()='Ελληνικά']
19:51:55 [TestNG-test-Yt Master Tests-2] INFO  verifyingSideMenuCollapsedLangAsInSettingsLingua_19-47-45 - Clicking settings ellipses button...
19:51:55 [TestNG-test-Yt Master Tests-2] INFO  verifyingSideMenuCollapsedLangAsInSettingsLingua_19-47-45 - [verifyingSideMenuCollapsedLangAsInSettingsLingua_19-47-45] Trying to find element: By.xpath: //ytd-topbar-menu-button-renderer[@class='style-scope ytd-masthead style-default']
19:51:55 [TestNG-test-Yt Master Tests-2] INFO  verifyingSideMenuCollapsedLangAsInSettingsLingua_19-47-45 - [verifyingSideMenuCollapsedLangAsInSettingsLingua_19-47-45] Element found and ready (attempt 1): By.xpath: //ytd-topbar-menu-button-renderer[@class='style-scope ytd-masthead style-default']
19:51:55 [TestNG-test-Yt Master Tests-2] INFO  verifyingSideMenuCollapsedLangAsInSettingsLingua_19-47-45 - [verifyingSideMenuCollapsedLangAsInSettingsLingua_19-47-45] Waiting until element is visible in viewport
19:51:56 [TestNG-test-Yt Master Tests-2] INFO  verifyingSideMenuCollapsedLangAsInSettingsLingua_19-47-45 - Clicking settings ellipses button...
19:51:56 [TestNG-test-Yt Master Tests-2] INFO  verifyingSideMenuCollapsedLangAsInSettingsLingua_19-47-45 - [verifyingSideMenuCollapsedLangAsInSettingsLingua_19-47-45] Trying to find element: By.xpath: //ytd-topbar-menu-button-renderer[@class='style-scope ytd-masthead style-default']
19:51:56 [TestNG-test-Yt Master Tests-2] INFO  verifyingSideMenuCollapsedLangAsInSettingsLingua_19-47-45 - [verifyingSideMenuCollapsedLangAsInSettingsLingua_19-47-45] Element found and ready (attempt 1): By.xpath: //ytd-topbar-menu-button-renderer[@class='style-scope ytd-masthead style-default']
19:51:56 [TestNG-test-Yt Master Tests-2] INFO  verifyingSideMenuCollapsedLangAsInSettingsLingua_19-47-45 - getLangAttribute() - locating <html> and reading lang property
19:51:56 [TestNG-test-Yt Master Tests-2] INFO  verifyingSideMenuCollapsedLangAsInSettingsLingua_19-47-45 - Language attribute read: el-GR
19:51:56 [TestNG-test-Yt Master Tests-2] INFO  verifyingSideMenuCollapsedLangAsInSettingsLingua_19-47-45 - Fetching the side menu in collapsed view
19:51:56 [TestNG-test-Yt Master Tests-2] INFO  verifyingSideMenuCollapsedLangAsInSettingsLingua_19-47-45 - [verifyingSideMenuCollapsedLangAsInSettingsLingua_19-47-45] Finding elements list: By.xpath: //ytd-mini-guide-renderer[@class='style-scope ytd-app']//ytd-mini-guide-entry-renderer
19:51:56 [TestNG-test-Yt Master Tests-2] INFO  verifyingSideMenuCollapsedLangAsInSettingsLingua_19-47-45 - [verifyingSideMenuCollapsedLangAsInSettingsLingua_19-47-45] Found 4 ready elements (attempt 1): By.xpath: //ytd-mini-guide-renderer[@class='style-scope ytd-app']//ytd-mini-guide-entry-renderer
19:51:56 [TestNG-test-Yt Master Tests-2] INFO  verifyingSideMenuCollapsedLangAsInSettingsLingua_19-47-45 - 
========== LANGUAGE DETECTION ==========
Detected Language : GREEK
Input Text        : Αρχική Shorts Εγγραφές Εσείς
========================================
19:51:56 [TestNG-test-Yt Master Tests-2] INFO  verifyingSideMenuCollapsedLangAsInSettingsLingua_19-47-45 - text sent to lingua is       Αρχική Shorts Εγγραφές Εσείς
19:51:56 [TestNG-test-Yt Master Tests-2] INFO  verifyingSideMenuCollapsedLangAsInSettingsLingua_19-47-45 - getLangAttribute() - locating <html> and reading lang property
19:51:56 [TestNG-test-Yt Master Tests-2] INFO  verifyingSideMenuCollapsedLangAsInSettingsLingua_19-47-45 - Language attribute read: el-GR
19:51:56 [TestNG-test-Yt Master Tests-2] INFO  verifyingSideMenuCollapsedLangAsInSettingsLingua_19-47-45 - Clicking settings ellipses button...
19:51:57 [TestNG-test-Yt Master Tests-2] INFO  verifyingSideMenuCollapsedLangAsInSettingsLingua_19-47-45 - [verifyingSideMenuCollapsedLangAsInSettingsLingua_19-47-45] Trying to find element: By.xpath: //ytd-topbar-menu-button-renderer[@class='style-scope ytd-masthead style-default']
19:51:57 [TestNG-test-Yt Master Tests-2] INFO  verifyingSideMenuCollapsedLangAsInSettingsLingua_19-47-45 - [verifyingSideMenuCollapsedLangAsInSettingsLingua_19-47-45] Element found and ready (attempt 1): By.xpath: //ytd-topbar-menu-button-renderer[@class='style-scope ytd-masthead style-default']
19:51:57 [TestNG-test-Yt Master Tests-2] INFO  verifyingSideMenuCollapsedLangAsInSettingsLingua_19-47-45 - Clicking language dropdown...
19:51:57 [TestNG-test-Yt Master Tests-2] INFO  verifyingSideMenuCollapsedLangAsInSettingsLingua_19-47-45 - [verifyingSideMenuCollapsedLangAsInSettingsLingua_19-47-45] Trying to find element: By.xpath: (//div[@id='content-icon'])[2]
19:51:57 [TestNG-test-Yt Master Tests-2] INFO  verifyingSideMenuCollapsedLangAsInSettingsLingua_19-47-45 - [verifyingSideMenuCollapsedLangAsInSettingsLingua_19-47-45] Element found and ready (attempt 1): By.xpath: (//div[@id='content-icon'])[2]
19:51:58 [TestNG-test-Yt Master Tests-2] INFO  verifyingSideMenuCollapsedLangAsInSettingsLingua_19-47-45 - Looking for language element with name: Հայերեն
19:51:58 [TestNG-test-Yt Master Tests-2] INFO  verifyingSideMenuCollapsedLangAsInSettingsLingua_19-47-45 - [verifyingSideMenuCollapsedLangAsInSettingsLingua_19-47-45] Trying to find element: By.xpath: //yt-multi-page-menu-section-renderer[@class='style-scope ytd-multi-page-menu-renderer']//yt-formatted-string[@id='label' and text()='Հայերեն']
19:51:59 [TestNG-test-Yt Master Tests-2] INFO  verifyingSideMenuCollapsedLangAsInSettingsLingua_19-47-45 - [verifyingSideMenuCollapsedLangAsInSettingsLingua_19-47-45] Element found and ready (attempt 1): By.xpath: //yt-multi-page-menu-section-renderer[@class='style-scope ytd-multi-page-menu-renderer']//yt-formatted-string[@id='label' and text()='Հայերեն']
19:51:59 [TestNG-test-Yt Master Tests-2] INFO  verifyingSideMenuCollapsedLangAsInSettingsLingua_19-47-45 - [verifyingSideMenuCollapsedLangAsInSettingsLingua_19-47-45] Trying to find element: By.xpath: //yt-multi-page-menu-section-renderer[@class='style-scope ytd-multi-page-menu-renderer']//yt-formatted-string[@id='label' and text()='Հայերեն']
19:51:59 [TestNG-test-Yt Master Tests-2] INFO  verifyingSideMenuCollapsedLangAsInSettingsLingua_19-47-45 - [verifyingSideMenuCollapsedLangAsInSettingsLingua_19-47-45] Element found and ready (attempt 1): By.xpath: //yt-multi-page-menu-section-renderer[@class='style-scope ytd-multi-page-menu-renderer']//yt-formatted-string[@id='label' and text()='Հայերեն']
19:52:00 [TestNG-test-Yt Master Tests-2] INFO  verifyingSideMenuCollapsedLangAsInSettingsLingua_19-47-45 - Clicking settings ellipses button...
19:52:01 [TestNG-test-Yt Master Tests-2] INFO  verifyingSideMenuCollapsedLangAsInSettingsLingua_19-47-45 - [verifyingSideMenuCollapsedLangAsInSettingsLingua_19-47-45] Trying to find element: By.xpath: //ytd-topbar-menu-button-renderer[@class='style-scope ytd-masthead style-default']
19:52:01 [TestNG-test-Yt Master Tests-2] INFO  verifyingSideMenuCollapsedLangAsInSettingsLingua_19-47-45 - [verifyingSideMenuCollapsedLangAsInSettingsLingua_19-47-45] Element found and ready (attempt 1): By.xpath: //ytd-topbar-menu-button-renderer[@class='style-scope ytd-masthead style-default']
19:52:01 [TestNG-test-Yt Master Tests-2] INFO  verifyingSideMenuCollapsedLangAsInSettingsLingua_19-47-45 - [verifyingSideMenuCollapsedLangAsInSettingsLingua_19-47-45] Waiting until element is visible in viewport
19:52:03 [TestNG-test-Yt Master Tests-2] INFO  verifyingSideMenuCollapsedLangAsInSettingsLingua_19-47-45 - Clicking settings ellipses button...
19:52:03 [TestNG-test-Yt Master Tests-2] INFO  verifyingSideMenuCollapsedLangAsInSettingsLingua_19-47-45 - [verifyingSideMenuCollapsedLangAsInSettingsLingua_19-47-45] Trying to find element: By.xpath: //ytd-topbar-menu-button-renderer[@class='style-scope ytd-masthead style-default']
19:52:03 [TestNG-test-Yt Master Tests-2] INFO  verifyingSideMenuCollapsedLangAsInSettingsLingua_19-47-45 - [verifyingSideMenuCollapsedLangAsInSettingsLingua_19-47-45] Element found and ready (attempt 1): By.xpath: //ytd-topbar-menu-button-renderer[@class='style-scope ytd-masthead style-default']
19:52:03 [TestNG-test-Yt Master Tests-2] INFO  verifyingSideMenuCollapsedLangAsInSettingsLingua_19-47-45 - getLangAttribute() - locating <html> and reading lang property
19:52:03 [TestNG-test-Yt Master Tests-2] INFO  verifyingSideMenuCollapsedLangAsInSettingsLingua_19-47-45 - Language attribute read: hy-AM
19:52:03 [TestNG-test-Yt Master Tests-2] INFO  verifyingSideMenuCollapsedLangAsInSettingsLingua_19-47-45 - Fetching the side menu in collapsed view
19:52:03 [TestNG-test-Yt Master Tests-2] INFO  verifyingSideMenuCollapsedLangAsInSettingsLingua_19-47-45 - [verifyingSideMenuCollapsedLangAsInSettingsLingua_19-47-45] Finding elements list: By.xpath: //ytd-mini-guide-renderer[@class='style-scope ytd-app']//ytd-mini-guide-entry-renderer
19:52:03 [TestNG-test-Yt Master Tests-2] INFO  verifyingSideMenuCollapsedLangAsInSettingsLingua_19-47-45 - [verifyingSideMenuCollapsedLangAsInSettingsLingua_19-47-45] Found 4 ready elements (attempt 1): By.xpath: //ytd-mini-guide-renderer[@class='style-scope ytd-app']//ytd-mini-guide-entry-renderer
19:52:03 [TestNG-test-Yt Master Tests-2] INFO  verifyingSideMenuCollapsedLangAsInSettingsLingua_19-47-45 - 
========== LANGUAGE DETECTION ==========
Detected Language : ARMENIAN
Input Text        : Սկիզբ Shorts Հետևում եմ Դուք
========================================
19:52:03 [TestNG-test-Yt Master Tests-2] INFO  verifyingSideMenuCollapsedLangAsInSettingsLingua_19-47-45 - text sent to lingua is       Սկիզբ Shorts Հետևում եմ Դուք
19:52:03 [TestNG-test-Yt Master Tests-2] INFO  verifyingSideMenuCollapsedLangAsInSettingsLingua_19-47-45 - getLangAttribute() - locating <html> and reading lang property
19:52:04 [TestNG-test-Yt Master Tests-2] INFO  verifyingSideMenuCollapsedLangAsInSettingsLingua_19-47-45 - Language attribute read: hy-AM
19:52:04 [TestNG-test-Yt Master Tests-2] INFO  verifyingSideMenuCollapsedLangAsInSettingsLingua_19-47-45 - Clicking settings ellipses button...
19:52:04 [TestNG-test-Yt Master Tests-2] INFO  verifyingSideMenuCollapsedLangAsInSettingsLingua_19-47-45 - [verifyingSideMenuCollapsedLangAsInSettingsLingua_19-47-45] Trying to find element: By.xpath: //ytd-topbar-menu-button-renderer[@class='style-scope ytd-masthead style-default']
19:52:04 [TestNG-test-Yt Master Tests-2] INFO  verifyingSideMenuCollapsedLangAsInSettingsLingua_19-47-45 - [verifyingSideMenuCollapsedLangAsInSettingsLingua_19-47-45] Element found and ready (attempt 1): By.xpath: //ytd-topbar-menu-button-renderer[@class='style-scope ytd-masthead style-default']
19:52:04 [TestNG-test-Yt Master Tests-2] INFO  verifyingSideMenuCollapsedLangAsInSettingsLingua_19-47-45 - Clicking language dropdown...
19:52:04 [TestNG-test-Yt Master Tests-2] INFO  verifyingSideMenuCollapsedLangAsInSettingsLingua_19-47-45 - [verifyingSideMenuCollapsedLangAsInSettingsLingua_19-47-45] Trying to find element: By.xpath: (//div[@id='content-icon'])[2]
19:52:04 [TestNG-test-Yt Master Tests-2] INFO  verifyingSideMenuCollapsedLangAsInSettingsLingua_19-47-45 - [verifyingSideMenuCollapsedLangAsInSettingsLingua_19-47-45] Element found and ready (attempt 1): By.xpath: (//div[@id='content-icon'])[2]
19:52:05 [TestNG-test-Yt Master Tests-2] INFO  verifyingSideMenuCollapsedLangAsInSettingsLingua_19-47-45 - Looking for language element with name: עברית
19:52:05 [TestNG-test-Yt Master Tests-2] INFO  verifyingSideMenuCollapsedLangAsInSettingsLingua_19-47-45 - [verifyingSideMenuCollapsedLangAsInSettingsLingua_19-47-45] Trying to find element: By.xpath: //yt-multi-page-menu-section-renderer[@class='style-scope ytd-multi-page-menu-renderer']//yt-formatted-string[@id='label' and text()='עברית']
19:52:05 [TestNG-test-Yt Master Tests-2] INFO  verifyingSideMenuCollapsedLangAsInSettingsLingua_19-47-45 - [verifyingSideMenuCollapsedLangAsInSettingsLingua_19-47-45] Element found and ready (attempt 1): By.xpath: //yt-multi-page-menu-section-renderer[@class='style-scope ytd-multi-page-menu-renderer']//yt-formatted-string[@id='label' and text()='עברית']
19:52:05 [TestNG-test-Yt Master Tests-2] INFO  verifyingSideMenuCollapsedLangAsInSettingsLingua_19-47-45 - [verifyingSideMenuCollapsedLangAsInSettingsLingua_19-47-45] Trying to find element: By.xpath: //yt-multi-page-menu-section-renderer[@class='style-scope ytd-multi-page-menu-renderer']//yt-formatted-string[@id='label' and text()='עברית']
19:52:05 [TestNG-test-Yt Master Tests-2] INFO  verifyingSideMenuCollapsedLangAsInSettingsLingua_19-47-45 - [verifyingSideMenuCollapsedLangAsInSettingsLingua_19-47-45] Element found and ready (attempt 1): By.xpath: //yt-multi-page-menu-section-renderer[@class='style-scope ytd-multi-page-menu-renderer']//yt-formatted-string[@id='label' and text()='עברית']
19:52:07 [TestNG-test-Yt Master Tests-2] INFO  verifyingSideMenuCollapsedLangAsInSettingsLingua_19-47-45 - Clicking settings ellipses button...
19:52:07 [TestNG-test-Yt Master Tests-2] INFO  verifyingSideMenuCollapsedLangAsInSettingsLingua_19-47-45 - [verifyingSideMenuCollapsedLangAsInSettingsLingua_19-47-45] Trying to find element: By.xpath: //ytd-topbar-menu-button-renderer[@class='style-scope ytd-masthead style-default']
19:52:07 [TestNG-test-Yt Master Tests-2] INFO  verifyingSideMenuCollapsedLangAsInSettingsLingua_19-47-45 - [verifyingSideMenuCollapsedLangAsInSettingsLingua_19-47-45] Element found and ready (attempt 1): By.xpath: //ytd-topbar-menu-button-renderer[@class='style-scope ytd-masthead style-default']
19:52:07 [TestNG-test-Yt Master Tests-2] INFO  verifyingSideMenuCollapsedLangAsInSettingsLingua_19-47-45 - [verifyingSideMenuCollapsedLangAsInSettingsLingua_19-47-45] Waiting until element is visible in viewport
19:52:08 [TestNG-test-Yt Master Tests-2] INFO  verifyingSideMenuCollapsedLangAsInSettingsLingua_19-47-45 - Clicking settings ellipses button...
19:52:08 [TestNG-test-Yt Master Tests-2] INFO  verifyingSideMenuCollapsedLangAsInSettingsLingua_19-47-45 - [verifyingSideMenuCollapsedLangAsInSettingsLingua_19-47-45] Trying to find element: By.xpath: //ytd-topbar-menu-button-renderer[@class='style-scope ytd-masthead style-default']
19:52:08 [TestNG-test-Yt Master Tests-2] INFO  verifyingSideMenuCollapsedLangAsInSettingsLingua_19-47-45 - [verifyingSideMenuCollapsedLangAsInSettingsLingua_19-47-45] Element found and ready (attempt 1): By.xpath: //ytd-topbar-menu-button-renderer[@class='style-scope ytd-masthead style-default']
19:52:08 [TestNG-test-Yt Master Tests-2] INFO  verifyingSideMenuCollapsedLangAsInSettingsLingua_19-47-45 - getLangAttribute() - locating <html> and reading lang property
19:52:08 [TestNG-test-Yt Master Tests-2] INFO  verifyingSideMenuCollapsedLangAsInSettingsLingua_19-47-45 - Language attribute read: he-IL
19:52:08 [TestNG-test-Yt Master Tests-2] INFO  verifyingSideMenuCollapsedLangAsInSettingsLingua_19-47-45 - Fetching the side menu in collapsed view
19:52:08 [TestNG-test-Yt Master Tests-2] INFO  verifyingSideMenuCollapsedLangAsInSettingsLingua_19-47-45 - [verifyingSideMenuCollapsedLangAsInSettingsLingua_19-47-45] Finding elements list: By.xpath: //ytd-mini-guide-renderer[@class='style-scope ytd-app']//ytd-mini-guide-entry-renderer
19:52:09 [TestNG-test-Yt Master Tests-2] INFO  verifyingSideMenuCollapsedLangAsInSettingsLingua_19-47-45 - [verifyingSideMenuCollapsedLangAsInSettingsLingua_19-47-45] Found 4 ready elements (attempt 1): By.xpath: //ytd-mini-guide-renderer[@class='style-scope ytd-app']//ytd-mini-guide-entry-renderer
19:52:09 [TestNG-test-Yt Master Tests-2] INFO  verifyingSideMenuCollapsedLangAsInSettingsLingua_19-47-45 - 
========== LANGUAGE DETECTION ==========
Detected Language : HEBREW
Input Text        : דף הבית Shorts מינויים הדף שלי
========================================
19:52:09 [TestNG-test-Yt Master Tests-2] INFO  verifyingSideMenuCollapsedLangAsInSettingsLingua_19-47-45 - text sent to lingua is       דף הבית Shorts מינויים הדף שלי
19:52:09 [TestNG-test-Yt Master Tests-2] INFO  verifyingSideMenuCollapsedLangAsInSettingsLingua_19-47-45 - getLangAttribute() - locating <html> and reading lang property
19:52:09 [TestNG-test-Yt Master Tests-2] INFO  verifyingSideMenuCollapsedLangAsInSettingsLingua_19-47-45 - Language attribute read: he-IL
19:52:09 [TestNG-test-Yt Master Tests-2] INFO  verifyingSideMenuCollapsedLangAsInSettingsLingua_19-47-45 - Clicking settings ellipses button...
19:52:09 [TestNG-test-Yt Master Tests-2] INFO  verifyingSideMenuCollapsedLangAsInSettingsLingua_19-47-45 - [verifyingSideMenuCollapsedLangAsInSettingsLingua_19-47-45] Trying to find element: By.xpath: //ytd-topbar-menu-button-renderer[@class='style-scope ytd-masthead style-default']
19:52:09 [TestNG-test-Yt Master Tests-2] INFO  verifyingSideMenuCollapsedLangAsInSettingsLingua_19-47-45 - [verifyingSideMenuCollapsedLangAsInSettingsLingua_19-47-45] Element found and ready (attempt 1): By.xpath: //ytd-topbar-menu-button-renderer[@class='style-scope ytd-masthead style-default']
19:52:09 [TestNG-test-Yt Master Tests-2] INFO  verifyingSideMenuCollapsedLangAsInSettingsLingua_19-47-45 - Clicking language dropdown...
19:52:09 [TestNG-test-Yt Master Tests-2] INFO  verifyingSideMenuCollapsedLangAsInSettingsLingua_19-47-45 - [verifyingSideMenuCollapsedLangAsInSettingsLingua_19-47-45] Trying to find element: By.xpath: (//div[@id='content-icon'])[2]
19:52:10 [TestNG-test-Yt Master Tests-2] INFO  verifyingSideMenuCollapsedLangAsInSettingsLingua_19-47-45 - [verifyingSideMenuCollapsedLangAsInSettingsLingua_19-47-45] Element found and ready (attempt 1): By.xpath: (//div[@id='content-icon'])[2]
19:52:10 [TestNG-test-Yt Master Tests-2] INFO  verifyingSideMenuCollapsedLangAsInSettingsLingua_19-47-45 - Looking for language element with name: العربية
19:52:10 [TestNG-test-Yt Master Tests-2] INFO  verifyingSideMenuCollapsedLangAsInSettingsLingua_19-47-45 - [verifyingSideMenuCollapsedLangAsInSettingsLingua_19-47-45] Trying to find element: By.xpath: //yt-multi-page-menu-section-renderer[@class='style-scope ytd-multi-page-menu-renderer']//yt-formatted-string[@id='label' and text()='العربية']
19:52:11 [TestNG-test-Yt Master Tests-2] INFO  verifyingSideMenuCollapsedLangAsInSettingsLingua_19-47-45 - [verifyingSideMenuCollapsedLangAsInSettingsLingua_19-47-45] Element found and ready (attempt 1): By.xpath: //yt-multi-page-menu-section-renderer[@class='style-scope ytd-multi-page-menu-renderer']//yt-formatted-string[@id='label' and text()='العربية']
19:52:11 [TestNG-test-Yt Master Tests-2] INFO  verifyingSideMenuCollapsedLangAsInSettingsLingua_19-47-45 - [verifyingSideMenuCollapsedLangAsInSettingsLingua_19-47-45] Trying to find element: By.xpath: //yt-multi-page-menu-section-renderer[@class='style-scope ytd-multi-page-menu-renderer']//yt-formatted-string[@id='label' and text()='العربية']
19:52:11 [TestNG-test-Yt Master Tests-2] INFO  verifyingSideMenuCollapsedLangAsInSettingsLingua_19-47-45 - [verifyingSideMenuCollapsedLangAsInSettingsLingua_19-47-45] Element found and ready (attempt 1): By.xpath: //yt-multi-page-menu-section-renderer[@class='style-scope ytd-multi-page-menu-renderer']//yt-formatted-string[@id='label' and text()='العربية']
19:52:13 [TestNG-test-Yt Master Tests-2] INFO  verifyingSideMenuCollapsedLangAsInSettingsLingua_19-47-45 - Clicking settings ellipses button...
19:52:13 [TestNG-test-Yt Master Tests-2] INFO  verifyingSideMenuCollapsedLangAsInSettingsLingua_19-47-45 - [verifyingSideMenuCollapsedLangAsInSettingsLingua_19-47-45] Trying to find element: By.xpath: //ytd-topbar-menu-button-renderer[@class='style-scope ytd-masthead style-default']
19:52:13 [TestNG-test-Yt Master Tests-2] INFO  verifyingSideMenuCollapsedLangAsInSettingsLingua_19-47-45 - [verifyingSideMenuCollapsedLangAsInSettingsLingua_19-47-45] Element found and ready (attempt 1): By.xpath: //ytd-topbar-menu-button-renderer[@class='style-scope ytd-masthead style-default']
19:52:13 [TestNG-test-Yt Master Tests-2] INFO  verifyingSideMenuCollapsedLangAsInSettingsLingua_19-47-45 - [verifyingSideMenuCollapsedLangAsInSettingsLingua_19-47-45] Waiting until element is visible in viewport
19:52:15 [TestNG-test-Yt Master Tests-2] INFO  verifyingSideMenuCollapsedLangAsInSettingsLingua_19-47-45 - Clicking settings ellipses button...
19:52:15 [TestNG-test-Yt Master Tests-2] INFO  verifyingSideMenuCollapsedLangAsInSettingsLingua_19-47-45 - [verifyingSideMenuCollapsedLangAsInSettingsLingua_19-47-45] Trying to find element: By.xpath: //ytd-topbar-menu-button-renderer[@class='style-scope ytd-masthead style-default']
19:52:15 [TestNG-test-Yt Master Tests-2] INFO  verifyingSideMenuCollapsedLangAsInSettingsLingua_19-47-45 - [verifyingSideMenuCollapsedLangAsInSettingsLingua_19-47-45] Element found and ready (attempt 1): By.xpath: //ytd-topbar-menu-button-renderer[@class='style-scope ytd-masthead style-default']
19:52:15 [TestNG-test-Yt Master Tests-2] INFO  verifyingSideMenuCollapsedLangAsInSettingsLingua_19-47-45 - getLangAttribute() - locating <html> and reading lang property
19:52:15 [TestNG-test-Yt Master Tests-2] INFO  verifyingSideMenuCollapsedLangAsInSettingsLingua_19-47-45 - Language attribute read: ar
19:52:15 [TestNG-test-Yt Master Tests-2] INFO  verifyingSideMenuCollapsedLangAsInSettingsLingua_19-47-45 - Fetching the side menu in collapsed view
19:52:15 [TestNG-test-Yt Master Tests-2] INFO  verifyingSideMenuCollapsedLangAsInSettingsLingua_19-47-45 - [verifyingSideMenuCollapsedLangAsInSettingsLingua_19-47-45] Finding elements list: By.xpath: //ytd-mini-guide-renderer[@class='style-scope ytd-app']//ytd-mini-guide-entry-renderer
19:52:15 [TestNG-test-Yt Master Tests-2] INFO  verifyingSideMenuCollapsedLangAsInSettingsLingua_19-47-45 - [verifyingSideMenuCollapsedLangAsInSettingsLingua_19-47-45] Found 4 ready elements (attempt 1): By.xpath: //ytd-mini-guide-renderer[@class='style-scope ytd-app']//ytd-mini-guide-entry-renderer
19:52:16 [TestNG-test-Yt Master Tests-2] INFO  verifyingSideMenuCollapsedLangAsInSettingsLingua_19-47-45 - 
========== LANGUAGE DETECTION ==========
Detected Language : ARABIC
Input Text        : الصفحة الرئيسية Shorts الاشتراكات أنت
========================================
19:52:16 [TestNG-test-Yt Master Tests-2] INFO  verifyingSideMenuCollapsedLangAsInSettingsLingua_19-47-45 - text sent to lingua is       الصفحة الرئيسية Shorts الاشتراكات أنت
19:52:16 [TestNG-test-Yt Master Tests-2] INFO  verifyingSideMenuCollapsedLangAsInSettingsLingua_19-47-45 - getLangAttribute() - locating <html> and reading lang property
19:52:16 [TestNG-test-Yt Master Tests-2] INFO  verifyingSideMenuCollapsedLangAsInSettingsLingua_19-47-45 - Language attribute read: ar
19:52:16 [TestNG-test-Yt Master Tests-2] INFO  verifyingSideMenuCollapsedLangAsInSettingsLingua_19-47-45 - Clicking settings ellipses button...
19:52:16 [TestNG-test-Yt Master Tests-2] INFO  verifyingSideMenuCollapsedLangAsInSettingsLingua_19-47-45 - [verifyingSideMenuCollapsedLangAsInSettingsLingua_19-47-45] Trying to find element: By.xpath: //ytd-topbar-menu-button-renderer[@class='style-scope ytd-masthead style-default']
19:52:17 [TestNG-test-Yt Master Tests-2] INFO  verifyingSideMenuCollapsedLangAsInSettingsLingua_19-47-45 - [verifyingSideMenuCollapsedLangAsInSettingsLingua_19-47-45] Element found and ready (attempt 1): By.xpath: //ytd-topbar-menu-button-renderer[@class='style-scope ytd-masthead style-default']
19:52:17 [TestNG-test-Yt Master Tests-2] INFO  verifyingSideMenuCollapsedLangAsInSettingsLingua_19-47-45 - Clicking language dropdown...
19:52:17 [TestNG-test-Yt Master Tests-2] INFO  verifyingSideMenuCollapsedLangAsInSettingsLingua_19-47-45 - [verifyingSideMenuCollapsedLangAsInSettingsLingua_19-47-45] Trying to find element: By.xpath: (//div[@id='content-icon'])[2]
19:52:17 [TestNG-test-Yt Master Tests-2] INFO  verifyingSideMenuCollapsedLangAsInSettingsLingua_19-47-45 - [verifyingSideMenuCollapsedLangAsInSettingsLingua_19-47-45] Element found and ready (attempt 1): By.xpath: (//div[@id='content-icon'])[2]
19:52:18 [TestNG-test-Yt Master Tests-2] INFO  verifyingSideMenuCollapsedLangAsInSettingsLingua_19-47-45 - Looking for language element with name: فارسی
19:52:18 [TestNG-test-Yt Master Tests-2] INFO  verifyingSideMenuCollapsedLangAsInSettingsLingua_19-47-45 - [verifyingSideMenuCollapsedLangAsInSettingsLingua_19-47-45] Trying to find element: By.xpath: //yt-multi-page-menu-section-renderer[@class='style-scope ytd-multi-page-menu-renderer']//yt-formatted-string[@id='label' and text()='فارسی']
19:52:18 [TestNG-test-Yt Master Tests-2] INFO  verifyingSideMenuCollapsedLangAsInSettingsLingua_19-47-45 - [verifyingSideMenuCollapsedLangAsInSettingsLingua_19-47-45] Element found and ready (attempt 1): By.xpath: //yt-multi-page-menu-section-renderer[@class='style-scope ytd-multi-page-menu-renderer']//yt-formatted-string[@id='label' and text()='فارسی']
19:52:18 [TestNG-test-Yt Master Tests-2] INFO  verifyingSideMenuCollapsedLangAsInSettingsLingua_19-47-45 - [verifyingSideMenuCollapsedLangAsInSettingsLingua_19-47-45] Trying to find element: By.xpath: //yt-multi-page-menu-section-renderer[@class='style-scope ytd-multi-page-menu-renderer']//yt-formatted-string[@id='label' and text()='فارسی']
19:52:18 [TestNG-test-Yt Master Tests-2] INFO  verifyingSideMenuCollapsedLangAsInSettingsLingua_19-47-45 - [verifyingSideMenuCollapsedLangAsInSettingsLingua_19-47-45] Element found and ready (attempt 1): By.xpath: //yt-multi-page-menu-section-renderer[@class='style-scope ytd-multi-page-menu-renderer']//yt-formatted-string[@id='label' and text()='فارسی']
19:52:19 [TestNG-test-Yt Master Tests-2] INFO  verifyingSideMenuCollapsedLangAsInSettingsLingua_19-47-45 - Clicking settings ellipses button...
19:52:20 [TestNG-test-Yt Master Tests-2] INFO  verifyingSideMenuCollapsedLangAsInSettingsLingua_19-47-45 - [verifyingSideMenuCollapsedLangAsInSettingsLingua_19-47-45] Trying to find element: By.xpath: //ytd-topbar-menu-button-renderer[@class='style-scope ytd-masthead style-default']
19:52:20 [TestNG-test-Yt Master Tests-2] INFO  verifyingSideMenuCollapsedLangAsInSettingsLingua_19-47-45 - [verifyingSideMenuCollapsedLangAsInSettingsLingua_19-47-45] Element found and ready (attempt 1): By.xpath: //ytd-topbar-menu-button-renderer[@class='style-scope ytd-masthead style-default']
19:52:20 [TestNG-test-Yt Master Tests-2] INFO  verifyingSideMenuCollapsedLangAsInSettingsLingua_19-47-45 - [verifyingSideMenuCollapsedLangAsInSettingsLingua_19-47-45] Waiting until element is visible in viewport
19:52:21 [TestNG-test-Yt Master Tests-2] INFO  verifyingSideMenuCollapsedLangAsInSettingsLingua_19-47-45 - Clicking settings ellipses button...
19:52:21 [TestNG-test-Yt Master Tests-2] INFO  verifyingSideMenuCollapsedLangAsInSettingsLingua_19-47-45 - [verifyingSideMenuCollapsedLangAsInSettingsLingua_19-47-45] Trying to find element: By.xpath: //ytd-topbar-menu-button-renderer[@class='style-scope ytd-masthead style-default']
19:52:21 [TestNG-test-Yt Master Tests-2] INFO  verifyingSideMenuCollapsedLangAsInSettingsLingua_19-47-45 - [verifyingSideMenuCollapsedLangAsInSettingsLingua_19-47-45] Element found and ready (attempt 1): By.xpath: //ytd-topbar-menu-button-renderer[@class='style-scope ytd-masthead style-default']
19:52:21 [TestNG-test-Yt Master Tests-2] INFO  verifyingSideMenuCollapsedLangAsInSettingsLingua_19-47-45 - getLangAttribute() - locating <html> and reading lang property
19:52:21 [TestNG-test-Yt Master Tests-2] INFO  verifyingSideMenuCollapsedLangAsInSettingsLingua_19-47-45 - Language attribute read: fa-IR
19:52:21 [TestNG-test-Yt Master Tests-2] INFO  verifyingSideMenuCollapsedLangAsInSettingsLingua_19-47-45 - Fetching the side menu in collapsed view
19:52:21 [TestNG-test-Yt Master Tests-2] INFO  verifyingSideMenuCollapsedLangAsInSettingsLingua_19-47-45 - [verifyingSideMenuCollapsedLangAsInSettingsLingua_19-47-45] Finding elements list: By.xpath: //ytd-mini-guide-renderer[@class='style-scope ytd-app']//ytd-mini-guide-entry-renderer
19:52:21 [TestNG-test-Yt Master Tests-2] INFO  verifyingSideMenuCollapsedLangAsInSettingsLingua_19-47-45 - [verifyingSideMenuCollapsedLangAsInSettingsLingua_19-47-45] Found 4 ready elements (attempt 1): By.xpath: //ytd-mini-guide-renderer[@class='style-scope ytd-app']//ytd-mini-guide-entry-renderer
19:52:21 [TestNG-test-Yt Master Tests-2] INFO  verifyingSideMenuCollapsedLangAsInSettingsLingua_19-47-45 - 
========== LANGUAGE DETECTION ==========
Detected Language : PERSIAN
Input Text        : صفحه اصلی کوته‌ویدیوهای YouTube اشتراک‌ها شما
========================================
19:52:21 [TestNG-test-Yt Master Tests-2] INFO  verifyingSideMenuCollapsedLangAsInSettingsLingua_19-47-45 - text sent to lingua is       صفحه اصلی کوته‌ویدیوهای YouTube اشتراک‌ها شما
19:52:21 [TestNG-test-Yt Master Tests-2] INFO  verifyingSideMenuCollapsedLangAsInSettingsLingua_19-47-45 - getLangAttribute() - locating <html> and reading lang property
19:52:21 [TestNG-test-Yt Master Tests-2] INFO  verifyingSideMenuCollapsedLangAsInSettingsLingua_19-47-45 - Language attribute read: fa-IR
19:52:21 [TestNG-test-Yt Master Tests-2] INFO  verifyingSideMenuCollapsedLangAsInSettingsLingua_19-47-45 - Clicking settings ellipses button...
19:52:21 [TestNG-test-Yt Master Tests-2] INFO  verifyingSideMenuCollapsedLangAsInSettingsLingua_19-47-45 - [verifyingSideMenuCollapsedLangAsInSettingsLingua_19-47-45] Trying to find element: By.xpath: //ytd-topbar-menu-button-renderer[@class='style-scope ytd-masthead style-default']
19:52:21 [TestNG-test-Yt Master Tests-2] INFO  verifyingSideMenuCollapsedLangAsInSettingsLingua_19-47-45 - [verifyingSideMenuCollapsedLangAsInSettingsLingua_19-47-45] Element found and ready (attempt 1): By.xpath: //ytd-topbar-menu-button-renderer[@class='style-scope ytd-masthead style-default']
19:52:22 [TestNG-test-Yt Master Tests-2] INFO  verifyingSideMenuCollapsedLangAsInSettingsLingua_19-47-45 - Clicking language dropdown...
19:52:22 [TestNG-test-Yt Master Tests-2] INFO  verifyingSideMenuCollapsedLangAsInSettingsLingua_19-47-45 - [verifyingSideMenuCollapsedLangAsInSettingsLingua_19-47-45] Trying to find element: By.xpath: (//div[@id='content-icon'])[2]
19:52:22 [TestNG-test-Yt Master Tests-2] INFO  verifyingSideMenuCollapsedLangAsInSettingsLingua_19-47-45 - [verifyingSideMenuCollapsedLangAsInSettingsLingua_19-47-45] Element found and ready (attempt 1): By.xpath: (//div[@id='content-icon'])[2]
19:52:22 [TestNG-test-Yt Master Tests-2] INFO  verifyingSideMenuCollapsedLangAsInSettingsLingua_19-47-45 - Looking for language element with name: हिन्दी
19:52:22 [TestNG-test-Yt Master Tests-2] INFO  verifyingSideMenuCollapsedLangAsInSettingsLingua_19-47-45 - [verifyingSideMenuCollapsedLangAsInSettingsLingua_19-47-45] Trying to find element: By.xpath: //yt-multi-page-menu-section-renderer[@class='style-scope ytd-multi-page-menu-renderer']//yt-formatted-string[@id='label' and text()='हिन्दी']
19:52:23 [TestNG-test-Yt Master Tests-2] INFO  verifyingSideMenuCollapsedLangAsInSettingsLingua_19-47-45 - [verifyingSideMenuCollapsedLangAsInSettingsLingua_19-47-45] Element found and ready (attempt 1): By.xpath: //yt-multi-page-menu-section-renderer[@class='style-scope ytd-multi-page-menu-renderer']//yt-formatted-string[@id='label' and text()='हिन्दी']
19:52:23 [TestNG-test-Yt Master Tests-2] INFO  verifyingSideMenuCollapsedLangAsInSettingsLingua_19-47-45 - [verifyingSideMenuCollapsedLangAsInSettingsLingua_19-47-45] Trying to find element: By.xpath: //yt-multi-page-menu-section-renderer[@class='style-scope ytd-multi-page-menu-renderer']//yt-formatted-string[@id='label' and text()='हिन्दी']
19:52:23 [TestNG-test-Yt Master Tests-2] INFO  verifyingSideMenuCollapsedLangAsInSettingsLingua_19-47-45 - [verifyingSideMenuCollapsedLangAsInSettingsLingua_19-47-45] Element found and ready (attempt 1): By.xpath: //yt-multi-page-menu-section-renderer[@class='style-scope ytd-multi-page-menu-renderer']//yt-formatted-string[@id='label' and text()='हिन्दी']
19:52:27 [TestNG-test-Yt Master Tests-2] INFO  verifyingSideMenuCollapsedLangAsInSettingsLingua_19-47-45 - Clicking settings ellipses button...
19:52:28 [TestNG-test-Yt Master Tests-2] INFO  verifyingSideMenuCollapsedLangAsInSettingsLingua_19-47-45 - [verifyingSideMenuCollapsedLangAsInSettingsLingua_19-47-45] Trying to find element: By.xpath: //ytd-topbar-menu-button-renderer[@class='style-scope ytd-masthead style-default']
19:52:28 [TestNG-test-Yt Master Tests-2] INFO  verifyingSideMenuCollapsedLangAsInSettingsLingua_19-47-45 - [verifyingSideMenuCollapsedLangAsInSettingsLingua_19-47-45] Element found and ready (attempt 1): By.xpath: //ytd-topbar-menu-button-renderer[@class='style-scope ytd-masthead style-default']
19:52:28 [TestNG-test-Yt Master Tests-2] INFO  verifyingSideMenuCollapsedLangAsInSettingsLingua_19-47-45 - [verifyingSideMenuCollapsedLangAsInSettingsLingua_19-47-45] Waiting until element is visible in viewport
19:52:29 [TestNG-test-Yt Master Tests-2] INFO  verifyingSideMenuCollapsedLangAsInSettingsLingua_19-47-45 - Clicking settings ellipses button...
19:52:29 [TestNG-test-Yt Master Tests-2] INFO  verifyingSideMenuCollapsedLangAsInSettingsLingua_19-47-45 - [verifyingSideMenuCollapsedLangAsInSettingsLingua_19-47-45] Trying to find element: By.xpath: //ytd-topbar-menu-button-renderer[@class='style-scope ytd-masthead style-default']
19:52:29 [TestNG-test-Yt Master Tests-2] INFO  verifyingSideMenuCollapsedLangAsInSettingsLingua_19-47-45 - [verifyingSideMenuCollapsedLangAsInSettingsLingua_19-47-45] Element found and ready (attempt 1): By.xpath: //ytd-topbar-menu-button-renderer[@class='style-scope ytd-masthead style-default']
19:52:29 [TestNG-test-Yt Master Tests-2] INFO  verifyingSideMenuCollapsedLangAsInSettingsLingua_19-47-45 - getLangAttribute() - locating <html> and reading lang property
19:52:29 [TestNG-test-Yt Master Tests-2] INFO  verifyingSideMenuCollapsedLangAsInSettingsLingua_19-47-45 - Language attribute read: hi-IN
19:52:29 [TestNG-test-Yt Master Tests-2] INFO  verifyingSideMenuCollapsedLangAsInSettingsLingua_19-47-45 - Fetching the side menu in collapsed view
19:52:29 [TestNG-test-Yt Master Tests-2] INFO  verifyingSideMenuCollapsedLangAsInSettingsLingua_19-47-45 - [verifyingSideMenuCollapsedLangAsInSettingsLingua_19-47-45] Finding elements list: By.xpath: //ytd-mini-guide-renderer[@class='style-scope ytd-app']//ytd-mini-guide-entry-renderer
19:52:29 [TestNG-test-Yt Master Tests-2] INFO  verifyingSideMenuCollapsedLangAsInSettingsLingua_19-47-45 - [verifyingSideMenuCollapsedLangAsInSettingsLingua_19-47-45] Found 4 ready elements (attempt 1): By.xpath: //ytd-mini-guide-renderer[@class='style-scope ytd-app']//ytd-mini-guide-entry-renderer
19:52:29 [TestNG-test-Yt Master Tests-2] INFO  verifyingSideMenuCollapsedLangAsInSettingsLingua_19-47-45 - 
========== LANGUAGE DETECTION ==========
Detected Language : HINDI
Input Text        : होम पेज Shorts सदस्यता आप
========================================
19:52:29 [TestNG-test-Yt Master Tests-2] INFO  verifyingSideMenuCollapsedLangAsInSettingsLingua_19-47-45 - text sent to lingua is       होम पेज Shorts सदस्यता आप
19:52:29 [TestNG-test-Yt Master Tests-2] INFO  verifyingSideMenuCollapsedLangAsInSettingsLingua_19-47-45 - getLangAttribute() - locating <html> and reading lang property
19:52:29 [TestNG-test-Yt Master Tests-2] INFO  verifyingSideMenuCollapsedLangAsInSettingsLingua_19-47-45 - Language attribute read: hi-IN
19:52:29 [TestNG-test-Yt Master Tests-2] INFO  verifyingSideMenuCollapsedLangAsInSettingsLingua_19-47-45 - Clicking settings ellipses button...
19:52:29 [TestNG-test-Yt Master Tests-2] INFO  verifyingSideMenuCollapsedLangAsInSettingsLingua_19-47-45 - [verifyingSideMenuCollapsedLangAsInSettingsLingua_19-47-45] Trying to find element: By.xpath: //ytd-topbar-menu-button-renderer[@class='style-scope ytd-masthead style-default']
19:52:30 [TestNG-test-Yt Master Tests-2] INFO  verifyingSideMenuCollapsedLangAsInSettingsLingua_19-47-45 - [verifyingSideMenuCollapsedLangAsInSettingsLingua_19-47-45] Element found and ready (attempt 1): By.xpath: //ytd-topbar-menu-button-renderer[@class='style-scope ytd-masthead style-default']
19:52:30 [TestNG-test-Yt Master Tests-2] INFO  verifyingSideMenuCollapsedLangAsInSettingsLingua_19-47-45 - Clicking language dropdown...
19:52:30 [TestNG-test-Yt Master Tests-2] INFO  verifyingSideMenuCollapsedLangAsInSettingsLingua_19-47-45 - [verifyingSideMenuCollapsedLangAsInSettingsLingua_19-47-45] Trying to find element: By.xpath: (//div[@id='content-icon'])[2]
19:52:30 [TestNG-test-Yt Master Tests-2] INFO  verifyingSideMenuCollapsedLangAsInSettingsLingua_19-47-45 - [verifyingSideMenuCollapsedLangAsInSettingsLingua_19-47-45] Element found and ready (attempt 1): By.xpath: (//div[@id='content-icon'])[2]
19:52:31 [TestNG-test-Yt Master Tests-2] INFO  verifyingSideMenuCollapsedLangAsInSettingsLingua_19-47-45 - Looking for language element with name: বাংলা
19:52:31 [TestNG-test-Yt Master Tests-2] INFO  verifyingSideMenuCollapsedLangAsInSettingsLingua_19-47-45 - [verifyingSideMenuCollapsedLangAsInSettingsLingua_19-47-45] Trying to find element: By.xpath: //yt-multi-page-menu-section-renderer[@class='style-scope ytd-multi-page-menu-renderer']//yt-formatted-string[@id='label' and text()='বাংলা']
19:52:31 [TestNG-test-Yt Master Tests-2] INFO  verifyingSideMenuCollapsedLangAsInSettingsLingua_19-47-45 - [verifyingSideMenuCollapsedLangAsInSettingsLingua_19-47-45] Element found and ready (attempt 1): By.xpath: //yt-multi-page-menu-section-renderer[@class='style-scope ytd-multi-page-menu-renderer']//yt-formatted-string[@id='label' and text()='বাংলা']
19:52:31 [TestNG-test-Yt Master Tests-2] INFO  verifyingSideMenuCollapsedLangAsInSettingsLingua_19-47-45 - [verifyingSideMenuCollapsedLangAsInSettingsLingua_19-47-45] Trying to find element: By.xpath: //yt-multi-page-menu-section-renderer[@class='style-scope ytd-multi-page-menu-renderer']//yt-formatted-string[@id='label' and text()='বাংলা']
19:52:31 [TestNG-test-Yt Master Tests-2] INFO  verifyingSideMenuCollapsedLangAsInSettingsLingua_19-47-45 - [verifyingSideMenuCollapsedLangAsInSettingsLingua_19-47-45] Element found and ready (attempt 1): By.xpath: //yt-multi-page-menu-section-renderer[@class='style-scope ytd-multi-page-menu-renderer']//yt-formatted-string[@id='label' and text()='বাংলা']
19:52:32 [TestNG-test-Yt Master Tests-2] INFO  verifyingSideMenuCollapsedLangAsInSettingsLingua_19-47-45 - Clicking settings ellipses button...
19:52:33 [TestNG-test-Yt Master Tests-2] INFO  verifyingSideMenuCollapsedLangAsInSettingsLingua_19-47-45 - [verifyingSideMenuCollapsedLangAsInSettingsLingua_19-47-45] Trying to find element: By.xpath: //ytd-topbar-menu-button-renderer[@class='style-scope ytd-masthead style-default']
19:52:33 [TestNG-test-Yt Master Tests-2] INFO  verifyingSideMenuCollapsedLangAsInSettingsLingua_19-47-45 - [verifyingSideMenuCollapsedLangAsInSettingsLingua_19-47-45] Element found and ready (attempt 1): By.xpath: //ytd-topbar-menu-button-renderer[@class='style-scope ytd-masthead style-default']
19:52:33 [TestNG-test-Yt Master Tests-2] INFO  verifyingSideMenuCollapsedLangAsInSettingsLingua_19-47-45 - [verifyingSideMenuCollapsedLangAsInSettingsLingua_19-47-45] Waiting until element is visible in viewport
19:52:34 [TestNG-test-Yt Master Tests-2] INFO  verifyingSideMenuCollapsedLangAsInSettingsLingua_19-47-45 - Clicking settings ellipses button...
19:52:34 [TestNG-test-Yt Master Tests-2] INFO  verifyingSideMenuCollapsedLangAsInSettingsLingua_19-47-45 - [verifyingSideMenuCollapsedLangAsInSettingsLingua_19-47-45] Trying to find element: By.xpath: //ytd-topbar-menu-button-renderer[@class='style-scope ytd-masthead style-default']
19:52:34 [TestNG-test-Yt Master Tests-2] INFO  verifyingSideMenuCollapsedLangAsInSettingsLingua_19-47-45 - [verifyingSideMenuCollapsedLangAsInSettingsLingua_19-47-45] Element found and ready (attempt 1): By.xpath: //ytd-topbar-menu-button-renderer[@class='style-scope ytd-masthead style-default']
19:52:35 [TestNG-test-Yt Master Tests-2] INFO  verifyingSideMenuCollapsedLangAsInSettingsLingua_19-47-45 - getLangAttribute() - locating <html> and reading lang property
19:52:35 [TestNG-test-Yt Master Tests-2] INFO  verifyingSideMenuCollapsedLangAsInSettingsLingua_19-47-45 - Language attribute read: bn-BD
19:52:35 [TestNG-test-Yt Master Tests-2] INFO  verifyingSideMenuCollapsedLangAsInSettingsLingua_19-47-45 - Fetching the side menu in collapsed view
19:52:35 [TestNG-test-Yt Master Tests-2] INFO  verifyingSideMenuCollapsedLangAsInSettingsLingua_19-47-45 - [verifyingSideMenuCollapsedLangAsInSettingsLingua_19-47-45] Finding elements list: By.xpath: //ytd-mini-guide-renderer[@class='style-scope ytd-app']//ytd-mini-guide-entry-renderer
19:52:35 [TestNG-test-Yt Master Tests-2] INFO  verifyingSideMenuCollapsedLangAsInSettingsLingua_19-47-45 - [verifyingSideMenuCollapsedLangAsInSettingsLingua_19-47-45] Found 4 ready elements (attempt 1): By.xpath: //ytd-mini-guide-renderer[@class='style-scope ytd-app']//ytd-mini-guide-entry-renderer
19:52:35 [TestNG-test-Yt Master Tests-2] INFO  verifyingSideMenuCollapsedLangAsInSettingsLingua_19-47-45 - 
========== LANGUAGE DETECTION ==========
Detected Language : BENGALI
Input Text        : হোম Shorts সাবস্ক্রিপশন আপনি
========================================
19:52:35 [TestNG-test-Yt Master Tests-2] INFO  verifyingSideMenuCollapsedLangAsInSettingsLingua_19-47-45 - text sent to lingua is       হোম Shorts সাবস্ক্রিপশন আপনি
19:52:35 [TestNG-test-Yt Master Tests-2] INFO  verifyingSideMenuCollapsedLangAsInSettingsLingua_19-47-45 - getLangAttribute() - locating <html> and reading lang property
19:52:35 [TestNG-test-Yt Master Tests-2] INFO  verifyingSideMenuCollapsedLangAsInSettingsLingua_19-47-45 - Language attribute read: bn-BD
19:52:35 [TestNG-test-Yt Master Tests-2] INFO  verifyingSideMenuCollapsedLangAsInSettingsLingua_19-47-45 - Clicking settings ellipses button...
19:52:35 [TestNG-test-Yt Master Tests-2] INFO  verifyingSideMenuCollapsedLangAsInSettingsLingua_19-47-45 - [verifyingSideMenuCollapsedLangAsInSettingsLingua_19-47-45] Trying to find element: By.xpath: //ytd-topbar-menu-button-renderer[@class='style-scope ytd-masthead style-default']
19:52:35 [TestNG-test-Yt Master Tests-2] INFO  verifyingSideMenuCollapsedLangAsInSettingsLingua_19-47-45 - [verifyingSideMenuCollapsedLangAsInSettingsLingua_19-47-45] Element found and ready (attempt 1): By.xpath: //ytd-topbar-menu-button-renderer[@class='style-scope ytd-masthead style-default']
19:52:35 [TestNG-test-Yt Master Tests-2] INFO  verifyingSideMenuCollapsedLangAsInSettingsLingua_19-47-45 - Clicking language dropdown...
19:52:35 [TestNG-test-Yt Master Tests-2] INFO  verifyingSideMenuCollapsedLangAsInSettingsLingua_19-47-45 - [verifyingSideMenuCollapsedLangAsInSettingsLingua_19-47-45] Trying to find element: By.xpath: (//div[@id='content-icon'])[2]
19:52:36 [TestNG-test-Yt Master Tests-2] INFO  verifyingSideMenuCollapsedLangAsInSettingsLingua_19-47-45 - [verifyingSideMenuCollapsedLangAsInSettingsLingua_19-47-45] Element found and ready (attempt 1): By.xpath: (//div[@id='content-icon'])[2]
19:52:36 [TestNG-test-Yt Master Tests-2] INFO  verifyingSideMenuCollapsedLangAsInSettingsLingua_19-47-45 - Looking for language element with name: ਪੰਜਾਬੀ
19:52:36 [TestNG-test-Yt Master Tests-2] INFO  verifyingSideMenuCollapsedLangAsInSettingsLingua_19-47-45 - [verifyingSideMenuCollapsedLangAsInSettingsLingua_19-47-45] Trying to find element: By.xpath: //yt-multi-page-menu-section-renderer[@class='style-scope ytd-multi-page-menu-renderer']//yt-formatted-string[@id='label' and text()='ਪੰਜਾਬੀ']
19:52:37 [TestNG-test-Yt Master Tests-2] INFO  verifyingSideMenuCollapsedLangAsInSettingsLingua_19-47-45 - [verifyingSideMenuCollapsedLangAsInSettingsLingua_19-47-45] Element found and ready (attempt 1): By.xpath: //yt-multi-page-menu-section-renderer[@class='style-scope ytd-multi-page-menu-renderer']//yt-formatted-string[@id='label' and text()='ਪੰਜਾਬੀ']
19:52:37 [TestNG-test-Yt Master Tests-2] INFO  verifyingSideMenuCollapsedLangAsInSettingsLingua_19-47-45 - [verifyingSideMenuCollapsedLangAsInSettingsLingua_19-47-45] Trying to find element: By.xpath: //yt-multi-page-menu-section-renderer[@class='style-scope ytd-multi-page-menu-renderer']//yt-formatted-string[@id='label' and text()='ਪੰਜਾਬੀ']
19:52:37 [TestNG-test-Yt Master Tests-2] INFO  verifyingSideMenuCollapsedLangAsInSettingsLingua_19-47-45 - [verifyingSideMenuCollapsedLangAsInSettingsLingua_19-47-45] Element found and ready (attempt 1): By.xpath: //yt-multi-page-menu-section-renderer[@class='style-scope ytd-multi-page-menu-renderer']//yt-formatted-string[@id='label' and text()='ਪੰਜਾਬੀ']
19:52:39 [TestNG-test-Yt Master Tests-2] INFO  verifyingSideMenuCollapsedLangAsInSettingsLingua_19-47-45 - Clicking settings ellipses button...
19:52:39 [TestNG-test-Yt Master Tests-2] INFO  verifyingSideMenuCollapsedLangAsInSettingsLingua_19-47-45 - [verifyingSideMenuCollapsedLangAsInSettingsLingua_19-47-45] Trying to find element: By.xpath: //ytd-topbar-menu-button-renderer[@class='style-scope ytd-masthead style-default']
19:52:39 [TestNG-test-Yt Master Tests-2] INFO  verifyingSideMenuCollapsedLangAsInSettingsLingua_19-47-45 - [verifyingSideMenuCollapsedLangAsInSettingsLingua_19-47-45] Element found and ready (attempt 1): By.xpath: //ytd-topbar-menu-button-renderer[@class='style-scope ytd-masthead style-default']
19:52:40 [TestNG-test-Yt Master Tests-2] INFO  verifyingSideMenuCollapsedLangAsInSettingsLingua_19-47-45 - [verifyingSideMenuCollapsedLangAsInSettingsLingua_19-47-45] Waiting until element is visible in viewport
19:52:40 [TestNG-test-Yt Master Tests-2] INFO  verifyingSideMenuCollapsedLangAsInSettingsLingua_19-47-45 - Clicking settings ellipses button...
19:52:40 [TestNG-test-Yt Master Tests-2] INFO  verifyingSideMenuCollapsedLangAsInSettingsLingua_19-47-45 - [verifyingSideMenuCollapsedLangAsInSettingsLingua_19-47-45] Trying to find element: By.xpath: //ytd-topbar-menu-button-renderer[@class='style-scope ytd-masthead style-default']
19:52:40 [TestNG-test-Yt Master Tests-2] INFO  verifyingSideMenuCollapsedLangAsInSettingsLingua_19-47-45 - [verifyingSideMenuCollapsedLangAsInSettingsLingua_19-47-45] Element found and ready (attempt 1): By.xpath: //ytd-topbar-menu-button-renderer[@class='style-scope ytd-masthead style-default']
19:52:41 [TestNG-test-Yt Master Tests-2] INFO  verifyingSideMenuCollapsedLangAsInSettingsLingua_19-47-45 - getLangAttribute() - locating <html> and reading lang property
19:52:41 [TestNG-test-Yt Master Tests-2] INFO  verifyingSideMenuCollapsedLangAsInSettingsLingua_19-47-45 - Language attribute read: pa-Guru-IN
19:52:41 [TestNG-test-Yt Master Tests-2] INFO  verifyingSideMenuCollapsedLangAsInSettingsLingua_19-47-45 - Fetching the side menu in collapsed view
19:52:41 [TestNG-test-Yt Master Tests-2] INFO  verifyingSideMenuCollapsedLangAsInSettingsLingua_19-47-45 - [verifyingSideMenuCollapsedLangAsInSettingsLingua_19-47-45] Finding elements list: By.xpath: //ytd-mini-guide-renderer[@class='style-scope ytd-app']//ytd-mini-guide-entry-renderer
19:52:41 [TestNG-test-Yt Master Tests-2] INFO  verifyingSideMenuCollapsedLangAsInSettingsLingua_19-47-45 - [verifyingSideMenuCollapsedLangAsInSettingsLingua_19-47-45] Found 4 ready elements (attempt 1): By.xpath: //ytd-mini-guide-renderer[@class='style-scope ytd-app']//ytd-mini-guide-entry-renderer
19:52:42 [TestNG-test-Yt Master Tests-2] INFO  verifyingSideMenuCollapsedLangAsInSettingsLingua_19-47-45 - 
========== LANGUAGE DETECTION ==========
Detected Language : PUNJABI
Input Text        : ਹੋਮ Shorts ਸਬਸਕ੍ਰਿਪਸ਼ਨਾਂ ਤੁਸੀਂ
========================================
19:52:42 [TestNG-test-Yt Master Tests-2] INFO  verifyingSideMenuCollapsedLangAsInSettingsLingua_19-47-45 - text sent to lingua is       ਹੋਮ Shorts ਸਬਸਕ੍ਰਿਪਸ਼ਨਾਂ ਤੁਸੀਂ
19:52:42 [TestNG-test-Yt Master Tests-2] INFO  verifyingSideMenuCollapsedLangAsInSettingsLingua_19-47-45 - getLangAttribute() - locating <html> and reading lang property
19:52:42 [TestNG-test-Yt Master Tests-2] INFO  verifyingSideMenuCollapsedLangAsInSettingsLingua_19-47-45 - Language attribute read: pa-Guru-IN
19:52:42 [TestNG-test-Yt Master Tests-2] INFO  verifyingSideMenuCollapsedLangAsInSettingsLingua_19-47-45 - Clicking settings ellipses button...
19:52:42 [TestNG-test-Yt Master Tests-2] INFO  verifyingSideMenuCollapsedLangAsInSettingsLingua_19-47-45 - [verifyingSideMenuCollapsedLangAsInSettingsLingua_19-47-45] Trying to find element: By.xpath: //ytd-topbar-menu-button-renderer[@class='style-scope ytd-masthead style-default']
19:52:42 [TestNG-test-Yt Master Tests-2] INFO  verifyingSideMenuCollapsedLangAsInSettingsLingua_19-47-45 - [verifyingSideMenuCollapsedLangAsInSettingsLingua_19-47-45] Element found and ready (attempt 1): By.xpath: //ytd-topbar-menu-button-renderer[@class='style-scope ytd-masthead style-default']
19:52:42 [TestNG-test-Yt Master Tests-2] INFO  verifyingSideMenuCollapsedLangAsInSettingsLingua_19-47-45 - Clicking language dropdown...
19:52:42 [TestNG-test-Yt Master Tests-2] INFO  verifyingSideMenuCollapsedLangAsInSettingsLingua_19-47-45 - [verifyingSideMenuCollapsedLangAsInSettingsLingua_19-47-45] Trying to find element: By.xpath: (//div[@id='content-icon'])[2]
19:52:43 [TestNG-test-Yt Master Tests-2] INFO  verifyingSideMenuCollapsedLangAsInSettingsLingua_19-47-45 - [verifyingSideMenuCollapsedLangAsInSettingsLingua_19-47-45] Element found and ready (attempt 1): By.xpath: (//div[@id='content-icon'])[2]
19:52:43 [TestNG-test-Yt Master Tests-2] INFO  verifyingSideMenuCollapsedLangAsInSettingsLingua_19-47-45 - Looking for language element with name: ગુજરાતી
19:52:43 [TestNG-test-Yt Master Tests-2] INFO  verifyingSideMenuCollapsedLangAsInSettingsLingua_19-47-45 - [verifyingSideMenuCollapsedLangAsInSettingsLingua_19-47-45] Trying to find element: By.xpath: //yt-multi-page-menu-section-renderer[@class='style-scope ytd-multi-page-menu-renderer']//yt-formatted-string[@id='label' and text()='ગુજરાતી']
19:52:43 [TestNG-test-Yt Master Tests-2] INFO  verifyingSideMenuCollapsedLangAsInSettingsLingua_19-47-45 - [verifyingSideMenuCollapsedLangAsInSettingsLingua_19-47-45] Element found and ready (attempt 1): By.xpath: //yt-multi-page-menu-section-renderer[@class='style-scope ytd-multi-page-menu-renderer']//yt-formatted-string[@id='label' and text()='ગુજરાતી']
19:52:43 [TestNG-test-Yt Master Tests-2] INFO  verifyingSideMenuCollapsedLangAsInSettingsLingua_19-47-45 - [verifyingSideMenuCollapsedLangAsInSettingsLingua_19-47-45] Trying to find element: By.xpath: //yt-multi-page-menu-section-renderer[@class='style-scope ytd-multi-page-menu-renderer']//yt-formatted-string[@id='label' and text()='ગુજરાતી']
19:52:44 [TestNG-test-Yt Master Tests-2] INFO  verifyingSideMenuCollapsedLangAsInSettingsLingua_19-47-45 - [verifyingSideMenuCollapsedLangAsInSettingsLingua_19-47-45] Element found and ready (attempt 1): By.xpath: //yt-multi-page-menu-section-renderer[@class='style-scope ytd-multi-page-menu-renderer']//yt-formatted-string[@id='label' and text()='ગુજરાતી']
19:52:45 [TestNG-test-Yt Master Tests-2] INFO  verifyingSideMenuCollapsedLangAsInSettingsLingua_19-47-45 - Clicking settings ellipses button...
19:52:45 [TestNG-test-Yt Master Tests-2] INFO  verifyingSideMenuCollapsedLangAsInSettingsLingua_19-47-45 - [verifyingSideMenuCollapsedLangAsInSettingsLingua_19-47-45] Trying to find element: By.xpath: //ytd-topbar-menu-button-renderer[@class='style-scope ytd-masthead style-default']
19:52:45 [TestNG-test-Yt Master Tests-2] INFO  verifyingSideMenuCollapsedLangAsInSettingsLingua_19-47-45 - [verifyingSideMenuCollapsedLangAsInSettingsLingua_19-47-45] Element found and ready (attempt 1): By.xpath: //ytd-topbar-menu-button-renderer[@class='style-scope ytd-masthead style-default']
19:52:46 [TestNG-test-Yt Master Tests-2] INFO  verifyingSideMenuCollapsedLangAsInSettingsLingua_19-47-45 - [verifyingSideMenuCollapsedLangAsInSettingsLingua_19-47-45] Waiting until element is visible in viewport
19:52:46 [TestNG-test-Yt Master Tests-2] INFO  verifyingSideMenuCollapsedLangAsInSettingsLingua_19-47-45 - Clicking settings ellipses button...
19:52:46 [TestNG-test-Yt Master Tests-2] INFO  verifyingSideMenuCollapsedLangAsInSettingsLingua_19-47-45 - [verifyingSideMenuCollapsedLangAsInSettingsLingua_19-47-45] Trying to find element: By.xpath: //ytd-topbar-menu-button-renderer[@class='style-scope ytd-masthead style-default']
19:52:46 [TestNG-test-Yt Master Tests-2] INFO  verifyingSideMenuCollapsedLangAsInSettingsLingua_19-47-45 - [verifyingSideMenuCollapsedLangAsInSettingsLingua_19-47-45] Element found and ready (attempt 1): By.xpath: //ytd-topbar-menu-button-renderer[@class='style-scope ytd-masthead style-default']
19:52:46 [TestNG-test-Yt Master Tests-2] INFO  verifyingSideMenuCollapsedLangAsInSettingsLingua_19-47-45 - getLangAttribute() - locating <html> and reading lang property
19:52:46 [TestNG-test-Yt Master Tests-2] INFO  verifyingSideMenuCollapsedLangAsInSettingsLingua_19-47-45 - Language attribute read: gu-IN
19:52:46 [TestNG-test-Yt Master Tests-2] INFO  verifyingSideMenuCollapsedLangAsInSettingsLingua_19-47-45 - Fetching the side menu in collapsed view
19:52:46 [TestNG-test-Yt Master Tests-2] INFO  verifyingSideMenuCollapsedLangAsInSettingsLingua_19-47-45 - [verifyingSideMenuCollapsedLangAsInSettingsLingua_19-47-45] Finding elements list: By.xpath: //ytd-mini-guide-renderer[@class='style-scope ytd-app']//ytd-mini-guide-entry-renderer
19:52:47 [TestNG-test-Yt Master Tests-2] INFO  verifyingSideMenuCollapsedLangAsInSettingsLingua_19-47-45 - [verifyingSideMenuCollapsedLangAsInSettingsLingua_19-47-45] Found 4 ready elements (attempt 1): By.xpath: //ytd-mini-guide-renderer[@class='style-scope ytd-app']//ytd-mini-guide-entry-renderer
19:52:47 [TestNG-test-Yt Master Tests-2] INFO  verifyingSideMenuCollapsedLangAsInSettingsLingua_19-47-45 - 
========== LANGUAGE DETECTION ==========
Detected Language : GUJARATI
Input Text        : હોમ Shorts સબ્સ્ક્રિપ્શન તમે
========================================
19:52:47 [TestNG-test-Yt Master Tests-2] INFO  verifyingSideMenuCollapsedLangAsInSettingsLingua_19-47-45 - text sent to lingua is       હોમ Shorts સબ્સ્ક્રિપ્શન તમે
19:52:47 [TestNG-test-Yt Master Tests-2] INFO  verifyingSideMenuCollapsedLangAsInSettingsLingua_19-47-45 - getLangAttribute() - locating <html> and reading lang property
19:52:47 [TestNG-test-Yt Master Tests-2] INFO  verifyingSideMenuCollapsedLangAsInSettingsLingua_19-47-45 - Language attribute read: gu-IN
19:52:47 [TestNG-test-Yt Master Tests-2] INFO  verifyingSideMenuCollapsedLangAsInSettingsLingua_19-47-45 - Clicking settings ellipses button...
19:52:47 [TestNG-test-Yt Master Tests-2] INFO  verifyingSideMenuCollapsedLangAsInSettingsLingua_19-47-45 - [verifyingSideMenuCollapsedLangAsInSettingsLingua_19-47-45] Trying to find element: By.xpath: //ytd-topbar-menu-button-renderer[@class='style-scope ytd-masthead style-default']
19:52:47 [TestNG-test-Yt Master Tests-2] INFO  verifyingSideMenuCollapsedLangAsInSettingsLingua_19-47-45 - [verifyingSideMenuCollapsedLangAsInSettingsLingua_19-47-45] Element found and ready (attempt 1): By.xpath: //ytd-topbar-menu-button-renderer[@class='style-scope ytd-masthead style-default']
19:52:47 [TestNG-test-Yt Master Tests-2] INFO  verifyingSideMenuCollapsedLangAsInSettingsLingua_19-47-45 - Clicking language dropdown...
19:52:47 [TestNG-test-Yt Master Tests-2] INFO  verifyingSideMenuCollapsedLangAsInSettingsLingua_19-47-45 - [verifyingSideMenuCollapsedLangAsInSettingsLingua_19-47-45] Trying to find element: By.xpath: (//div[@id='content-icon'])[2]
19:52:48 [TestNG-test-Yt Master Tests-2] INFO  verifyingSideMenuCollapsedLangAsInSettingsLingua_19-47-45 - [verifyingSideMenuCollapsedLangAsInSettingsLingua_19-47-45] Element found and ready (attempt 1): By.xpath: (//div[@id='content-icon'])[2]
19:52:49 [TestNG-test-Yt Master Tests-2] INFO  verifyingSideMenuCollapsedLangAsInSettingsLingua_19-47-45 - Looking for language element with name: தமிழ்
19:52:49 [TestNG-test-Yt Master Tests-2] INFO  verifyingSideMenuCollapsedLangAsInSettingsLingua_19-47-45 - [verifyingSideMenuCollapsedLangAsInSettingsLingua_19-47-45] Trying to find element: By.xpath: //yt-multi-page-menu-section-renderer[@class='style-scope ytd-multi-page-menu-renderer']//yt-formatted-string[@id='label' and text()='தமிழ்']
19:52:49 [TestNG-test-Yt Master Tests-2] INFO  verifyingSideMenuCollapsedLangAsInSettingsLingua_19-47-45 - [verifyingSideMenuCollapsedLangAsInSettingsLingua_19-47-45] Element found and ready (attempt 1): By.xpath: //yt-multi-page-menu-section-renderer[@class='style-scope ytd-multi-page-menu-renderer']//yt-formatted-string[@id='label' and text()='தமிழ்']
19:52:49 [TestNG-test-Yt Master Tests-2] INFO  verifyingSideMenuCollapsedLangAsInSettingsLingua_19-47-45 - [verifyingSideMenuCollapsedLangAsInSettingsLingua_19-47-45] Trying to find element: By.xpath: //yt-multi-page-menu-section-renderer[@class='style-scope ytd-multi-page-menu-renderer']//yt-formatted-string[@id='label' and text()='தமிழ்']
19:52:49 [TestNG-test-Yt Master Tests-2] INFO  verifyingSideMenuCollapsedLangAsInSettingsLingua_19-47-45 - [verifyingSideMenuCollapsedLangAsInSettingsLingua_19-47-45] Element found and ready (attempt 1): By.xpath: //yt-multi-page-menu-section-renderer[@class='style-scope ytd-multi-page-menu-renderer']//yt-formatted-string[@id='label' and text()='தமிழ்']
19:52:50 [TestNG-test-Yt Master Tests-2] INFO  verifyingSideMenuCollapsedLangAsInSettingsLingua_19-47-45 - Clicking settings ellipses button...
19:52:51 [TestNG-test-Yt Master Tests-2] INFO  verifyingSideMenuCollapsedLangAsInSettingsLingua_19-47-45 - [verifyingSideMenuCollapsedLangAsInSettingsLingua_19-47-45] Trying to find element: By.xpath: //ytd-topbar-menu-button-renderer[@class='style-scope ytd-masthead style-default']
19:52:51 [TestNG-test-Yt Master Tests-2] INFO  verifyingSideMenuCollapsedLangAsInSettingsLingua_19-47-45 - [verifyingSideMenuCollapsedLangAsInSettingsLingua_19-47-45] Element found and ready (attempt 1): By.xpath: //ytd-topbar-menu-button-renderer[@class='style-scope ytd-masthead style-default']
19:52:52 [TestNG-test-Yt Master Tests-2] INFO  verifyingSideMenuCollapsedLangAsInSettingsLingua_19-47-45 - [verifyingSideMenuCollapsedLangAsInSettingsLingua_19-47-45] Waiting until element is visible in viewport
19:52:52 [TestNG-test-Yt Master Tests-2] INFO  verifyingSideMenuCollapsedLangAsInSettingsLingua_19-47-45 - Clicking settings ellipses button...
19:52:52 [TestNG-test-Yt Master Tests-2] INFO  verifyingSideMenuCollapsedLangAsInSettingsLingua_19-47-45 - [verifyingSideMenuCollapsedLangAsInSettingsLingua_19-47-45] Trying to find element: By.xpath: //ytd-topbar-menu-button-renderer[@class='style-scope ytd-masthead style-default']
19:52:52 [TestNG-test-Yt Master Tests-2] INFO  verifyingSideMenuCollapsedLangAsInSettingsLingua_19-47-45 - [verifyingSideMenuCollapsedLangAsInSettingsLingua_19-47-45] Element found and ready (attempt 1): By.xpath: //ytd-topbar-menu-button-renderer[@class='style-scope ytd-masthead style-default']
19:52:53 [TestNG-test-Yt Master Tests-2] INFO  verifyingSideMenuCollapsedLangAsInSettingsLingua_19-47-45 - getLangAttribute() - locating <html> and reading lang property
19:52:53 [TestNG-test-Yt Master Tests-2] INFO  verifyingSideMenuCollapsedLangAsInSettingsLingua_19-47-45 - Language attribute read: ta-IN
19:52:53 [TestNG-test-Yt Master Tests-2] INFO  verifyingSideMenuCollapsedLangAsInSettingsLingua_19-47-45 - Fetching the side menu in collapsed view
19:52:53 [TestNG-test-Yt Master Tests-2] INFO  verifyingSideMenuCollapsedLangAsInSettingsLingua_19-47-45 - [verifyingSideMenuCollapsedLangAsInSettingsLingua_19-47-45] Finding elements list: By.xpath: //ytd-mini-guide-renderer[@class='style-scope ytd-app']//ytd-mini-guide-entry-renderer
19:52:53 [TestNG-test-Yt Master Tests-2] INFO  verifyingSideMenuCollapsedLangAsInSettingsLingua_19-47-45 - [verifyingSideMenuCollapsedLangAsInSettingsLingua_19-47-45] Found 4 ready elements (attempt 1): By.xpath: //ytd-mini-guide-renderer[@class='style-scope ytd-app']//ytd-mini-guide-entry-renderer
19:52:53 [TestNG-test-Yt Master Tests-2] INFO  verifyingSideMenuCollapsedLangAsInSettingsLingua_19-47-45 - 
========== LANGUAGE DETECTION ==========
Detected Language : TAMIL
Input Text        : முகப்பு Shorts சந்தாக்கள் நீங்கள்
========================================
19:52:53 [TestNG-test-Yt Master Tests-2] INFO  verifyingSideMenuCollapsedLangAsInSettingsLingua_19-47-45 - text sent to lingua is       முகப்பு Shorts சந்தாக்கள் நீங்கள்
19:52:53 [TestNG-test-Yt Master Tests-2] INFO  verifyingSideMenuCollapsedLangAsInSettingsLingua_19-47-45 - getLangAttribute() - locating <html> and reading lang property
19:52:53 [TestNG-test-Yt Master Tests-2] INFO  verifyingSideMenuCollapsedLangAsInSettingsLingua_19-47-45 - Language attribute read: ta-IN
19:52:53 [TestNG-test-Yt Master Tests-2] INFO  verifyingSideMenuCollapsedLangAsInSettingsLingua_19-47-45 - Clicking settings ellipses button...
19:52:53 [TestNG-test-Yt Master Tests-2] INFO  verifyingSideMenuCollapsedLangAsInSettingsLingua_19-47-45 - [verifyingSideMenuCollapsedLangAsInSettingsLingua_19-47-45] Trying to find element: By.xpath: //ytd-topbar-menu-button-renderer[@class='style-scope ytd-masthead style-default']
19:52:54 [TestNG-test-Yt Master Tests-2] INFO  verifyingSideMenuCollapsedLangAsInSettingsLingua_19-47-45 - [verifyingSideMenuCollapsedLangAsInSettingsLingua_19-47-45] Element found and ready (attempt 1): By.xpath: //ytd-topbar-menu-button-renderer[@class='style-scope ytd-masthead style-default']
19:52:54 [TestNG-test-Yt Master Tests-2] INFO  verifyingSideMenuCollapsedLangAsInSettingsLingua_19-47-45 - Clicking language dropdown...
19:52:54 [TestNG-test-Yt Master Tests-2] INFO  verifyingSideMenuCollapsedLangAsInSettingsLingua_19-47-45 - [verifyingSideMenuCollapsedLangAsInSettingsLingua_19-47-45] Trying to find element: By.xpath: (//div[@id='content-icon'])[2]
19:52:54 [TestNG-test-Yt Master Tests-2] INFO  verifyingSideMenuCollapsedLangAsInSettingsLingua_19-47-45 - [verifyingSideMenuCollapsedLangAsInSettingsLingua_19-47-45] Element found and ready (attempt 1): By.xpath: (//div[@id='content-icon'])[2]
19:52:55 [TestNG-test-Yt Master Tests-2] INFO  verifyingSideMenuCollapsedLangAsInSettingsLingua_19-47-45 - Looking for language element with name: తెలుగు
19:52:55 [TestNG-test-Yt Master Tests-2] INFO  verifyingSideMenuCollapsedLangAsInSettingsLingua_19-47-45 - [verifyingSideMenuCollapsedLangAsInSettingsLingua_19-47-45] Trying to find element: By.xpath: //yt-multi-page-menu-section-renderer[@class='style-scope ytd-multi-page-menu-renderer']//yt-formatted-string[@id='label' and text()='తెలుగు']
19:52:55 [TestNG-test-Yt Master Tests-2] INFO  verifyingSideMenuCollapsedLangAsInSettingsLingua_19-47-45 - [verifyingSideMenuCollapsedLangAsInSettingsLingua_19-47-45] Element found and ready (attempt 1): By.xpath: //yt-multi-page-menu-section-renderer[@class='style-scope ytd-multi-page-menu-renderer']//yt-formatted-string[@id='label' and text()='తెలుగు']
19:52:55 [TestNG-test-Yt Master Tests-2] INFO  verifyingSideMenuCollapsedLangAsInSettingsLingua_19-47-45 - [verifyingSideMenuCollapsedLangAsInSettingsLingua_19-47-45] Trying to find element: By.xpath: //yt-multi-page-menu-section-renderer[@class='style-scope ytd-multi-page-menu-renderer']//yt-formatted-string[@id='label' and text()='తెలుగు']
19:52:56 [TestNG-test-Yt Master Tests-2] INFO  verifyingSideMenuCollapsedLangAsInSettingsLingua_19-47-45 - [verifyingSideMenuCollapsedLangAsInSettingsLingua_19-47-45] Element found and ready (attempt 1): By.xpath: //yt-multi-page-menu-section-renderer[@class='style-scope ytd-multi-page-menu-renderer']//yt-formatted-string[@id='label' and text()='తెలుగు']
19:52:57 [TestNG-test-Yt Master Tests-2] INFO  verifyingSideMenuCollapsedLangAsInSettingsLingua_19-47-45 - Clicking settings ellipses button...
19:52:57 [TestNG-test-Yt Master Tests-2] INFO  verifyingSideMenuCollapsedLangAsInSettingsLingua_19-47-45 - [verifyingSideMenuCollapsedLangAsInSettingsLingua_19-47-45] Trying to find element: By.xpath: //ytd-topbar-menu-button-renderer[@class='style-scope ytd-masthead style-default']
19:52:58 [TestNG-test-Yt Master Tests-2] INFO  verifyingSideMenuCollapsedLangAsInSettingsLingua_19-47-45 - [verifyingSideMenuCollapsedLangAsInSettingsLingua_19-47-45] Element found and ready (attempt 1): By.xpath: //ytd-topbar-menu-button-renderer[@class='style-scope ytd-masthead style-default']
19:52:58 [TestNG-test-Yt Master Tests-2] INFO  verifyingSideMenuCollapsedLangAsInSettingsLingua_19-47-45 - [verifyingSideMenuCollapsedLangAsInSettingsLingua_19-47-45] Waiting until element is visible in viewport
19:52:59 [TestNG-test-Yt Master Tests-2] INFO  verifyingSideMenuCollapsedLangAsInSettingsLingua_19-47-45 - Clicking settings ellipses button...
19:52:59 [TestNG-test-Yt Master Tests-2] INFO  verifyingSideMenuCollapsedLangAsInSettingsLingua_19-47-45 - [verifyingSideMenuCollapsedLangAsInSettingsLingua_19-47-45] Trying to find element: By.xpath: //ytd-topbar-menu-button-renderer[@class='style-scope ytd-masthead style-default']
19:52:59 [TestNG-test-Yt Master Tests-2] INFO  verifyingSideMenuCollapsedLangAsInSettingsLingua_19-47-45 - [verifyingSideMenuCollapsedLangAsInSettingsLingua_19-47-45] Element found and ready (attempt 1): By.xpath: //ytd-topbar-menu-button-renderer[@class='style-scope ytd-masthead style-default']
19:52:59 [TestNG-test-Yt Master Tests-2] INFO  verifyingSideMenuCollapsedLangAsInSettingsLingua_19-47-45 - getLangAttribute() - locating <html> and reading lang property
19:52:59 [TestNG-test-Yt Master Tests-2] INFO  verifyingSideMenuCollapsedLangAsInSettingsLingua_19-47-45 - Language attribute read: te-IN
19:52:59 [TestNG-test-Yt Master Tests-2] INFO  verifyingSideMenuCollapsedLangAsInSettingsLingua_19-47-45 - Fetching the side menu in collapsed view
19:52:59 [TestNG-test-Yt Master Tests-2] INFO  verifyingSideMenuCollapsedLangAsInSettingsLingua_19-47-45 - [verifyingSideMenuCollapsedLangAsInSettingsLingua_19-47-45] Finding elements list: By.xpath: //ytd-mini-guide-renderer[@class='style-scope ytd-app']//ytd-mini-guide-entry-renderer
19:52:59 [TestNG-test-Yt Master Tests-2] INFO  verifyingSideMenuCollapsedLangAsInSettingsLingua_19-47-45 - [verifyingSideMenuCollapsedLangAsInSettingsLingua_19-47-45] Found 4 ready elements (attempt 1): By.xpath: //ytd-mini-guide-renderer[@class='style-scope ytd-app']//ytd-mini-guide-entry-renderer
19:52:59 [TestNG-test-Yt Master Tests-2] INFO  verifyingSideMenuCollapsedLangAsInSettingsLingua_19-47-45 - 
========== LANGUAGE DETECTION ==========
Detected Language : TELUGU
Input Text        : మొదటి ట్యాబ్ Shorts సబ్‌స్క్రిప్షన్‌లు ఖాతా
========================================
19:52:59 [TestNG-test-Yt Master Tests-2] INFO  verifyingSideMenuCollapsedLangAsInSettingsLingua_19-47-45 - text sent to lingua is       మొదటి ట్యాబ్ Shorts సబ్‌స్క్రిప్షన్‌లు ఖాతా
19:52:59 [TestNG-test-Yt Master Tests-2] INFO  verifyingSideMenuCollapsedLangAsInSettingsLingua_19-47-45 - getLangAttribute() - locating <html> and reading lang property
19:52:59 [TestNG-test-Yt Master Tests-2] INFO  verifyingSideMenuCollapsedLangAsInSettingsLingua_19-47-45 - Language attribute read: te-IN
19:52:59 [TestNG-test-Yt Master Tests-2] INFO  verifyingSideMenuCollapsedLangAsInSettingsLingua_19-47-45 - Clicking settings ellipses button...
19:52:59 [TestNG-test-Yt Master Tests-2] INFO  verifyingSideMenuCollapsedLangAsInSettingsLingua_19-47-45 - [verifyingSideMenuCollapsedLangAsInSettingsLingua_19-47-45] Trying to find element: By.xpath: //ytd-topbar-menu-button-renderer[@class='style-scope ytd-masthead style-default']
19:52:59 [TestNG-test-Yt Master Tests-2] INFO  verifyingSideMenuCollapsedLangAsInSettingsLingua_19-47-45 - [verifyingSideMenuCollapsedLangAsInSettingsLingua_19-47-45] Element found and ready (attempt 1): By.xpath: //ytd-topbar-menu-button-renderer[@class='style-scope ytd-masthead style-default']
19:52:59 [TestNG-test-Yt Master Tests-2] INFO  verifyingSideMenuCollapsedLangAsInSettingsLingua_19-47-45 - Clicking language dropdown...
19:52:59 [TestNG-test-Yt Master Tests-2] INFO  verifyingSideMenuCollapsedLangAsInSettingsLingua_19-47-45 - [verifyingSideMenuCollapsedLangAsInSettingsLingua_19-47-45] Trying to find element: By.xpath: (//div[@id='content-icon'])[2]
19:53:00 [TestNG-test-Yt Master Tests-2] INFO  verifyingSideMenuCollapsedLangAsInSettingsLingua_19-47-45 - [verifyingSideMenuCollapsedLangAsInSettingsLingua_19-47-45] Element found and ready (attempt 1): By.xpath: (//div[@id='content-icon'])[2]
19:53:00 [TestNG-test-Yt Master Tests-2] INFO  verifyingSideMenuCollapsedLangAsInSettingsLingua_19-47-45 - Looking for language element with name: 中文 (简体)
19:53:00 [TestNG-test-Yt Master Tests-2] INFO  verifyingSideMenuCollapsedLangAsInSettingsLingua_19-47-45 - [verifyingSideMenuCollapsedLangAsInSettingsLingua_19-47-45] Trying to find element: By.xpath: //yt-multi-page-menu-section-renderer[@class='style-scope ytd-multi-page-menu-renderer']//yt-formatted-string[@id='label' and text()='中文 (简体)']
19:53:01 [TestNG-test-Yt Master Tests-2] INFO  verifyingSideMenuCollapsedLangAsInSettingsLingua_19-47-45 - [verifyingSideMenuCollapsedLangAsInSettingsLingua_19-47-45] Element found and ready (attempt 1): By.xpath: //yt-multi-page-menu-section-renderer[@class='style-scope ytd-multi-page-menu-renderer']//yt-formatted-string[@id='label' and text()='中文 (简体)']
19:53:01 [TestNG-test-Yt Master Tests-2] INFO  verifyingSideMenuCollapsedLangAsInSettingsLingua_19-47-45 - [verifyingSideMenuCollapsedLangAsInSettingsLingua_19-47-45] Trying to find element: By.xpath: //yt-multi-page-menu-section-renderer[@class='style-scope ytd-multi-page-menu-renderer']//yt-formatted-string[@id='label' and text()='中文 (简体)']
19:53:01 [TestNG-test-Yt Master Tests-2] INFO  verifyingSideMenuCollapsedLangAsInSettingsLingua_19-47-45 - [verifyingSideMenuCollapsedLangAsInSettingsLingua_19-47-45] Element found and ready (attempt 1): By.xpath: //yt-multi-page-menu-section-renderer[@class='style-scope ytd-multi-page-menu-renderer']//yt-formatted-string[@id='label' and text()='中文 (简体)']
19:53:02 [TestNG-test-Yt Master Tests-2] INFO  verifyingSideMenuCollapsedLangAsInSettingsLingua_19-47-45 - Clicking settings ellipses button...
19:53:02 [TestNG-test-Yt Master Tests-2] INFO  verifyingSideMenuCollapsedLangAsInSettingsLingua_19-47-45 - [verifyingSideMenuCollapsedLangAsInSettingsLingua_19-47-45] Trying to find element: By.xpath: //ytd-topbar-menu-button-renderer[@class='style-scope ytd-masthead style-default']
19:53:03 [TestNG-test-Yt Master Tests-2] INFO  verifyingSideMenuCollapsedLangAsInSettingsLingua_19-47-45 - [verifyingSideMenuCollapsedLangAsInSettingsLingua_19-47-45] Element found and ready (attempt 1): By.xpath: //ytd-topbar-menu-button-renderer[@class='style-scope ytd-masthead style-default']
19:53:03 [TestNG-test-Yt Master Tests-2] INFO  verifyingSideMenuCollapsedLangAsInSettingsLingua_19-47-45 - [verifyingSideMenuCollapsedLangAsInSettingsLingua_19-47-45] Waiting until element is visible in viewport
19:53:04 [TestNG-test-Yt Master Tests-2] INFO  verifyingSideMenuCollapsedLangAsInSettingsLingua_19-47-45 - Clicking settings ellipses button...
19:53:04 [TestNG-test-Yt Master Tests-2] INFO  verifyingSideMenuCollapsedLangAsInSettingsLingua_19-47-45 - [verifyingSideMenuCollapsedLangAsInSettingsLingua_19-47-45] Trying to find element: By.xpath: //ytd-topbar-menu-button-renderer[@class='style-scope ytd-masthead style-default']
19:53:04 [TestNG-test-Yt Master Tests-2] INFO  verifyingSideMenuCollapsedLangAsInSettingsLingua_19-47-45 - [verifyingSideMenuCollapsedLangAsInSettingsLingua_19-47-45] Element found and ready (attempt 1): By.xpath: //ytd-topbar-menu-button-renderer[@class='style-scope ytd-masthead style-default']
19:53:04 [TestNG-test-Yt Master Tests-2] INFO  verifyingSideMenuCollapsedLangAsInSettingsLingua_19-47-45 - getLangAttribute() - locating <html> and reading lang property
19:53:05 [TestNG-test-Yt Master Tests-2] INFO  verifyingSideMenuCollapsedLangAsInSettingsLingua_19-47-45 - Language attribute read: zh-Hans-CN
19:53:05 [TestNG-test-Yt Master Tests-2] INFO  verifyingSideMenuCollapsedLangAsInSettingsLingua_19-47-45 - Fetching the side menu in collapsed view
19:53:05 [TestNG-test-Yt Master Tests-2] INFO  verifyingSideMenuCollapsedLangAsInSettingsLingua_19-47-45 - [verifyingSideMenuCollapsedLangAsInSettingsLingua_19-47-45] Finding elements list: By.xpath: //ytd-mini-guide-renderer[@class='style-scope ytd-app']//ytd-mini-guide-entry-renderer
19:53:05 [TestNG-test-Yt Master Tests-2] INFO  verifyingSideMenuCollapsedLangAsInSettingsLingua_19-47-45 - [verifyingSideMenuCollapsedLangAsInSettingsLingua_19-47-45] Found 4 ready elements (attempt 1): By.xpath: //ytd-mini-guide-renderer[@class='style-scope ytd-app']//ytd-mini-guide-entry-renderer
19:53:05 [TestNG-test-Yt Master Tests-2] INFO  verifyingSideMenuCollapsedLangAsInSettingsLingua_19-47-45 - 
========== LANGUAGE DETECTION ==========
Detected Language : CHINESE
Input Text        : 首页 Shorts 订阅 我
========================================
19:53:05 [TestNG-test-Yt Master Tests-2] INFO  verifyingSideMenuCollapsedLangAsInSettingsLingua_19-47-45 - text sent to lingua is       首页 Shorts 订阅 我
19:53:05 [TestNG-test-Yt Master Tests-2] INFO  verifyingSideMenuCollapsedLangAsInSettingsLingua_19-47-45 - getLangAttribute() - locating <html> and reading lang property
19:53:05 [TestNG-test-Yt Master Tests-2] INFO  verifyingSideMenuCollapsedLangAsInSettingsLingua_19-47-45 - Language attribute read: zh-Hans-CN
19:53:05 [TestNG-test-Yt Master Tests-2] INFO  verifyingSideMenuCollapsedLangAsInSettingsLingua_19-47-45 - Clicking settings ellipses button...
19:53:05 [TestNG-test-Yt Master Tests-2] INFO  verifyingSideMenuCollapsedLangAsInSettingsLingua_19-47-45 - [verifyingSideMenuCollapsedLangAsInSettingsLingua_19-47-45] Trying to find element: By.xpath: //ytd-topbar-menu-button-renderer[@class='style-scope ytd-masthead style-default']
19:53:05 [TestNG-test-Yt Master Tests-2] INFO  verifyingSideMenuCollapsedLangAsInSettingsLingua_19-47-45 - [verifyingSideMenuCollapsedLangAsInSettingsLingua_19-47-45] Element found and ready (attempt 1): By.xpath: //ytd-topbar-menu-button-renderer[@class='style-scope ytd-masthead style-default']
19:53:05 [TestNG-test-Yt Master Tests-2] INFO  verifyingSideMenuCollapsedLangAsInSettingsLingua_19-47-45 - Clicking language dropdown...
19:53:05 [TestNG-test-Yt Master Tests-2] INFO  verifyingSideMenuCollapsedLangAsInSettingsLingua_19-47-45 - [verifyingSideMenuCollapsedLangAsInSettingsLingua_19-47-45] Trying to find element: By.xpath: (//div[@id='content-icon'])[2]
19:53:06 [TestNG-test-Yt Master Tests-2] INFO  verifyingSideMenuCollapsedLangAsInSettingsLingua_19-47-45 - [verifyingSideMenuCollapsedLangAsInSettingsLingua_19-47-45] Element found and ready (attempt 1): By.xpath: (//div[@id='content-icon'])[2]
19:53:07 [TestNG-test-Yt Master Tests-2] INFO  verifyingSideMenuCollapsedLangAsInSettingsLingua_19-47-45 - Looking for language element with name: 中文 (繁體)
19:53:07 [TestNG-test-Yt Master Tests-2] INFO  verifyingSideMenuCollapsedLangAsInSettingsLingua_19-47-45 - [verifyingSideMenuCollapsedLangAsInSettingsLingua_19-47-45] Trying to find element: By.xpath: //yt-multi-page-menu-section-renderer[@class='style-scope ytd-multi-page-menu-renderer']//yt-formatted-string[@id='label' and text()='中文 (繁體)']
19:53:07 [TestNG-test-Yt Master Tests-2] INFO  verifyingSideMenuCollapsedLangAsInSettingsLingua_19-47-45 - [verifyingSideMenuCollapsedLangAsInSettingsLingua_19-47-45] Element found and ready (attempt 1): By.xpath: //yt-multi-page-menu-section-renderer[@class='style-scope ytd-multi-page-menu-renderer']//yt-formatted-string[@id='label' and text()='中文 (繁體)']
19:53:07 [TestNG-test-Yt Master Tests-2] INFO  verifyingSideMenuCollapsedLangAsInSettingsLingua_19-47-45 - [verifyingSideMenuCollapsedLangAsInSettingsLingua_19-47-45] Trying to find element: By.xpath: //yt-multi-page-menu-section-renderer[@class='style-scope ytd-multi-page-menu-renderer']//yt-formatted-string[@id='label' and text()='中文 (繁體)']
19:53:07 [TestNG-test-Yt Master Tests-2] INFO  verifyingSideMenuCollapsedLangAsInSettingsLingua_19-47-45 - [verifyingSideMenuCollapsedLangAsInSettingsLingua_19-47-45] Element found and ready (attempt 1): By.xpath: //yt-multi-page-menu-section-renderer[@class='style-scope ytd-multi-page-menu-renderer']//yt-formatted-string[@id='label' and text()='中文 (繁體)']
19:53:09 [TestNG-test-Yt Master Tests-2] INFO  verifyingSideMenuCollapsedLangAsInSettingsLingua_19-47-45 - Clicking settings ellipses button...
19:53:09 [TestNG-test-Yt Master Tests-2] INFO  verifyingSideMenuCollapsedLangAsInSettingsLingua_19-47-45 - [verifyingSideMenuCollapsedLangAsInSettingsLingua_19-47-45] Trying to find element: By.xpath: //ytd-topbar-menu-button-renderer[@class='style-scope ytd-masthead style-default']
19:53:09 [TestNG-test-Yt Master Tests-2] INFO  verifyingSideMenuCollapsedLangAsInSettingsLingua_19-47-45 - [verifyingSideMenuCollapsedLangAsInSettingsLingua_19-47-45] Element found and ready (attempt 1): By.xpath: //ytd-topbar-menu-button-renderer[@class='style-scope ytd-masthead style-default']
19:53:09 [TestNG-test-Yt Master Tests-2] INFO  verifyingSideMenuCollapsedLangAsInSettingsLingua_19-47-45 - [verifyingSideMenuCollapsedLangAsInSettingsLingua_19-47-45] Waiting until element is visible in viewport
19:53:10 [TestNG-test-Yt Master Tests-2] INFO  verifyingSideMenuCollapsedLangAsInSettingsLingua_19-47-45 - Clicking settings ellipses button...
19:53:10 [TestNG-test-Yt Master Tests-2] INFO  verifyingSideMenuCollapsedLangAsInSettingsLingua_19-47-45 - [verifyingSideMenuCollapsedLangAsInSettingsLingua_19-47-45] Trying to find element: By.xpath: //ytd-topbar-menu-button-renderer[@class='style-scope ytd-masthead style-default']
19:53:10 [TestNG-test-Yt Master Tests-2] INFO  verifyingSideMenuCollapsedLangAsInSettingsLingua_19-47-45 - [verifyingSideMenuCollapsedLangAsInSettingsLingua_19-47-45] Element found and ready (attempt 1): By.xpath: //ytd-topbar-menu-button-renderer[@class='style-scope ytd-masthead style-default']
19:53:10 [TestNG-test-Yt Master Tests-2] INFO  verifyingSideMenuCollapsedLangAsInSettingsLingua_19-47-45 - getLangAttribute() - locating <html> and reading lang property
19:53:10 [TestNG-test-Yt Master Tests-2] INFO  verifyingSideMenuCollapsedLangAsInSettingsLingua_19-47-45 - Language attribute read: zh-Hant-TW
19:53:10 [TestNG-test-Yt Master Tests-2] INFO  verifyingSideMenuCollapsedLangAsInSettingsLingua_19-47-45 - Fetching the side menu in collapsed view
19:53:10 [TestNG-test-Yt Master Tests-2] INFO  verifyingSideMenuCollapsedLangAsInSettingsLingua_19-47-45 - [verifyingSideMenuCollapsedLangAsInSettingsLingua_19-47-45] Finding elements list: By.xpath: //ytd-mini-guide-renderer[@class='style-scope ytd-app']//ytd-mini-guide-entry-renderer
19:53:11 [TestNG-test-Yt Master Tests-2] INFO  verifyingSideMenuCollapsedLangAsInSettingsLingua_19-47-45 - [verifyingSideMenuCollapsedLangAsInSettingsLingua_19-47-45] Found 4 ready elements (attempt 1): By.xpath: //ytd-mini-guide-renderer[@class='style-scope ytd-app']//ytd-mini-guide-entry-renderer
19:53:11 [TestNG-test-Yt Master Tests-2] INFO  verifyingSideMenuCollapsedLangAsInSettingsLingua_19-47-45 - 
========== LANGUAGE DETECTION ==========
Detected Language : CHINESE
Input Text        : 首頁 Shorts 訂閱內容 個人中心
========================================
19:53:11 [TestNG-test-Yt Master Tests-2] INFO  verifyingSideMenuCollapsedLangAsInSettingsLingua_19-47-45 - text sent to lingua is       首頁 Shorts 訂閱內容 個人中心
19:53:11 [TestNG-test-Yt Master Tests-2] INFO  verifyingSideMenuCollapsedLangAsInSettingsLingua_19-47-45 - getLangAttribute() - locating <html> and reading lang property
19:53:11 [TestNG-test-Yt Master Tests-2] INFO  verifyingSideMenuCollapsedLangAsInSettingsLingua_19-47-45 - Language attribute read: zh-Hant-TW
19:53:11 [TestNG-test-Yt Master Tests-2] INFO  verifyingSideMenuCollapsedLangAsInSettingsLingua_19-47-45 - Clicking settings ellipses button...
19:53:11 [TestNG-test-Yt Master Tests-2] INFO  verifyingSideMenuCollapsedLangAsInSettingsLingua_19-47-45 - [verifyingSideMenuCollapsedLangAsInSettingsLingua_19-47-45] Trying to find element: By.xpath: //ytd-topbar-menu-button-renderer[@class='style-scope ytd-masthead style-default']
19:53:11 [TestNG-test-Yt Master Tests-2] INFO  verifyingSideMenuCollapsedLangAsInSettingsLingua_19-47-45 - [verifyingSideMenuCollapsedLangAsInSettingsLingua_19-47-45] Element found and ready (attempt 1): By.xpath: //ytd-topbar-menu-button-renderer[@class='style-scope ytd-masthead style-default']
19:53:11 [TestNG-test-Yt Master Tests-2] INFO  verifyingSideMenuCollapsedLangAsInSettingsLingua_19-47-45 - Clicking language dropdown...
19:53:11 [TestNG-test-Yt Master Tests-2] INFO  verifyingSideMenuCollapsedLangAsInSettingsLingua_19-47-45 - [verifyingSideMenuCollapsedLangAsInSettingsLingua_19-47-45] Trying to find element: By.xpath: (//div[@id='content-icon'])[2]
19:53:11 [TestNG-test-Yt Master Tests-2] INFO  verifyingSideMenuCollapsedLangAsInSettingsLingua_19-47-45 - [verifyingSideMenuCollapsedLangAsInSettingsLingua_19-47-45] Element found and ready (attempt 1): By.xpath: (//div[@id='content-icon'])[2]
19:53:12 [TestNG-test-Yt Master Tests-2] INFO  verifyingSideMenuCollapsedLangAsInSettingsLingua_19-47-45 - Looking for language element with name: 中文 (香港)
19:53:12 [TestNG-test-Yt Master Tests-2] INFO  verifyingSideMenuCollapsedLangAsInSettingsLingua_19-47-45 - [verifyingSideMenuCollapsedLangAsInSettingsLingua_19-47-45] Trying to find element: By.xpath: //yt-multi-page-menu-section-renderer[@class='style-scope ytd-multi-page-menu-renderer']//yt-formatted-string[@id='label' and text()='中文 (香港)']
19:53:12 [TestNG-test-Yt Master Tests-2] INFO  verifyingSideMenuCollapsedLangAsInSettingsLingua_19-47-45 - [verifyingSideMenuCollapsedLangAsInSettingsLingua_19-47-45] Element found and ready (attempt 1): By.xpath: //yt-multi-page-menu-section-renderer[@class='style-scope ytd-multi-page-menu-renderer']//yt-formatted-string[@id='label' and text()='中文 (香港)']
19:53:12 [TestNG-test-Yt Master Tests-2] INFO  verifyingSideMenuCollapsedLangAsInSettingsLingua_19-47-45 - [verifyingSideMenuCollapsedLangAsInSettingsLingua_19-47-45] Trying to find element: By.xpath: //yt-multi-page-menu-section-renderer[@class='style-scope ytd-multi-page-menu-renderer']//yt-formatted-string[@id='label' and text()='中文 (香港)']
19:53:12 [TestNG-test-Yt Master Tests-2] INFO  verifyingSideMenuCollapsedLangAsInSettingsLingua_19-47-45 - [verifyingSideMenuCollapsedLangAsInSettingsLingua_19-47-45] Element found and ready (attempt 1): By.xpath: //yt-multi-page-menu-section-renderer[@class='style-scope ytd-multi-page-menu-renderer']//yt-formatted-string[@id='label' and text()='中文 (香港)']
19:53:13 [TestNG-test-Yt Master Tests-2] INFO  verifyingSideMenuCollapsedLangAsInSettingsLingua_19-47-45 - Clicking settings ellipses button...
19:53:14 [TestNG-test-Yt Master Tests-2] INFO  verifyingSideMenuCollapsedLangAsInSettingsLingua_19-47-45 - [verifyingSideMenuCollapsedLangAsInSettingsLingua_19-47-45] Trying to find element: By.xpath: //ytd-topbar-menu-button-renderer[@class='style-scope ytd-masthead style-default']
19:53:14 [TestNG-test-Yt Master Tests-2] INFO  verifyingSideMenuCollapsedLangAsInSettingsLingua_19-47-45 - [verifyingSideMenuCollapsedLangAsInSettingsLingua_19-47-45] Element found and ready (attempt 1): By.xpath: //ytd-topbar-menu-button-renderer[@class='style-scope ytd-masthead style-default']
19:53:14 [TestNG-test-Yt Master Tests-2] INFO  verifyingSideMenuCollapsedLangAsInSettingsLingua_19-47-45 - [verifyingSideMenuCollapsedLangAsInSettingsLingua_19-47-45] Waiting until element is visible in viewport
19:53:15 [TestNG-test-Yt Master Tests-2] INFO  verifyingSideMenuCollapsedLangAsInSettingsLingua_19-47-45 - Clicking settings ellipses button...
19:53:15 [TestNG-test-Yt Master Tests-2] INFO  verifyingSideMenuCollapsedLangAsInSettingsLingua_19-47-45 - [verifyingSideMenuCollapsedLangAsInSettingsLingua_19-47-45] Trying to find element: By.xpath: //ytd-topbar-menu-button-renderer[@class='style-scope ytd-masthead style-default']
19:53:15 [TestNG-test-Yt Master Tests-2] INFO  verifyingSideMenuCollapsedLangAsInSettingsLingua_19-47-45 - [verifyingSideMenuCollapsedLangAsInSettingsLingua_19-47-45] Element found and ready (attempt 1): By.xpath: //ytd-topbar-menu-button-renderer[@class='style-scope ytd-masthead style-default']
19:53:15 [TestNG-test-Yt Master Tests-2] INFO  verifyingSideMenuCollapsedLangAsInSettingsLingua_19-47-45 - getLangAttribute() - locating <html> and reading lang property
19:53:15 [TestNG-test-Yt Master Tests-2] INFO  verifyingSideMenuCollapsedLangAsInSettingsLingua_19-47-45 - Language attribute read: zh-Hant-HK
19:53:15 [TestNG-test-Yt Master Tests-2] INFO  verifyingSideMenuCollapsedLangAsInSettingsLingua_19-47-45 - Fetching the side menu in collapsed view
19:53:15 [TestNG-test-Yt Master Tests-2] INFO  verifyingSideMenuCollapsedLangAsInSettingsLingua_19-47-45 - [verifyingSideMenuCollapsedLangAsInSettingsLingua_19-47-45] Finding elements list: By.xpath: //ytd-mini-guide-renderer[@class='style-scope ytd-app']//ytd-mini-guide-entry-renderer
19:53:15 [TestNG-test-Yt Master Tests-2] INFO  verifyingSideMenuCollapsedLangAsInSettingsLingua_19-47-45 - [verifyingSideMenuCollapsedLangAsInSettingsLingua_19-47-45] Found 4 ready elements (attempt 1): By.xpath: //ytd-mini-guide-renderer[@class='style-scope ytd-app']//ytd-mini-guide-entry-renderer
19:53:16 [TestNG-test-Yt Master Tests-2] INFO  verifyingSideMenuCollapsedLangAsInSettingsLingua_19-47-45 - 
========== LANGUAGE DETECTION ==========
Detected Language : CHINESE
Input Text        : 主頁 Shorts 訂閱項目 個人中心
========================================
19:53:16 [TestNG-test-Yt Master Tests-2] INFO  verifyingSideMenuCollapsedLangAsInSettingsLingua_19-47-45 - text sent to lingua is       主頁 Shorts 訂閱項目 個人中心
19:53:16 [TestNG-test-Yt Master Tests-2] INFO  verifyingSideMenuCollapsedLangAsInSettingsLingua_19-47-45 - getLangAttribute() - locating <html> and reading lang property
19:53:16 [TestNG-test-Yt Master Tests-2] INFO  verifyingSideMenuCollapsedLangAsInSettingsLingua_19-47-45 - Language attribute read: zh-Hant-HK
19:53:16 [TestNG-test-Yt Master Tests-2] INFO  verifyingSideMenuCollapsedLangAsInSettingsLingua_19-47-45 - Clicking settings ellipses button...
19:53:16 [TestNG-test-Yt Master Tests-2] INFO  verifyingSideMenuCollapsedLangAsInSettingsLingua_19-47-45 - [verifyingSideMenuCollapsedLangAsInSettingsLingua_19-47-45] Trying to find element: By.xpath: //ytd-topbar-menu-button-renderer[@class='style-scope ytd-masthead style-default']
19:53:16 [TestNG-test-Yt Master Tests-2] INFO  verifyingSideMenuCollapsedLangAsInSettingsLingua_19-47-45 - [verifyingSideMenuCollapsedLangAsInSettingsLingua_19-47-45] Element found and ready (attempt 1): By.xpath: //ytd-topbar-menu-button-renderer[@class='style-scope ytd-masthead style-default']
19:53:16 [TestNG-test-Yt Master Tests-2] INFO  verifyingSideMenuCollapsedLangAsInSettingsLingua_19-47-45 - Clicking language dropdown...
19:53:16 [TestNG-test-Yt Master Tests-2] INFO  verifyingSideMenuCollapsedLangAsInSettingsLingua_19-47-45 - [verifyingSideMenuCollapsedLangAsInSettingsLingua_19-47-45] Trying to find element: By.xpath: (//div[@id='content-icon'])[2]
19:53:16 [TestNG-test-Yt Master Tests-2] INFO  verifyingSideMenuCollapsedLangAsInSettingsLingua_19-47-45 - [verifyingSideMenuCollapsedLangAsInSettingsLingua_19-47-45] Element found and ready (attempt 1): By.xpath: (//div[@id='content-icon'])[2]
19:53:17 [TestNG-test-Yt Master Tests-2] INFO  verifyingSideMenuCollapsedLangAsInSettingsLingua_19-47-45 - Looking for language element with name: 日本語
19:53:17 [TestNG-test-Yt Master Tests-2] INFO  verifyingSideMenuCollapsedLangAsInSettingsLingua_19-47-45 - [verifyingSideMenuCollapsedLangAsInSettingsLingua_19-47-45] Trying to find element: By.xpath: //yt-multi-page-menu-section-renderer[@class='style-scope ytd-multi-page-menu-renderer']//yt-formatted-string[@id='label' and text()='日本語']
19:53:17 [TestNG-test-Yt Master Tests-2] INFO  verifyingSideMenuCollapsedLangAsInSettingsLingua_19-47-45 - [verifyingSideMenuCollapsedLangAsInSettingsLingua_19-47-45] Element found and ready (attempt 1): By.xpath: //yt-multi-page-menu-section-renderer[@class='style-scope ytd-multi-page-menu-renderer']//yt-formatted-string[@id='label' and text()='日本語']
19:53:17 [TestNG-test-Yt Master Tests-2] INFO  verifyingSideMenuCollapsedLangAsInSettingsLingua_19-47-45 - [verifyingSideMenuCollapsedLangAsInSettingsLingua_19-47-45] Trying to find element: By.xpath: //yt-multi-page-menu-section-renderer[@class='style-scope ytd-multi-page-menu-renderer']//yt-formatted-string[@id='label' and text()='日本語']
19:53:17 [TestNG-test-Yt Master Tests-2] INFO  verifyingSideMenuCollapsedLangAsInSettingsLingua_19-47-45 - [verifyingSideMenuCollapsedLangAsInSettingsLingua_19-47-45] Element found and ready (attempt 1): By.xpath: //yt-multi-page-menu-section-renderer[@class='style-scope ytd-multi-page-menu-renderer']//yt-formatted-string[@id='label' and text()='日本語']
19:53:19 [TestNG-test-Yt Master Tests-2] INFO  verifyingSideMenuCollapsedLangAsInSettingsLingua_19-47-45 - Clicking settings ellipses button...
19:53:20 [TestNG-test-Yt Master Tests-2] INFO  verifyingSideMenuCollapsedLangAsInSettingsLingua_19-47-45 - [verifyingSideMenuCollapsedLangAsInSettingsLingua_19-47-45] Trying to find element: By.xpath: //ytd-topbar-menu-button-renderer[@class='style-scope ytd-masthead style-default']
19:53:20 [TestNG-test-Yt Master Tests-2] INFO  verifyingSideMenuCollapsedLangAsInSettingsLingua_19-47-45 - [verifyingSideMenuCollapsedLangAsInSettingsLingua_19-47-45] Element found and ready (attempt 1): By.xpath: //ytd-topbar-menu-button-renderer[@class='style-scope ytd-masthead style-default']
19:53:20 [TestNG-test-Yt Master Tests-2] INFO  verifyingSideMenuCollapsedLangAsInSettingsLingua_19-47-45 - [verifyingSideMenuCollapsedLangAsInSettingsLingua_19-47-45] Waiting until element is visible in viewport
19:53:21 [TestNG-test-Yt Master Tests-2] INFO  verifyingSideMenuCollapsedLangAsInSettingsLingua_19-47-45 - Clicking settings ellipses button...
19:53:21 [TestNG-test-Yt Master Tests-2] INFO  verifyingSideMenuCollapsedLangAsInSettingsLingua_19-47-45 - [verifyingSideMenuCollapsedLangAsInSettingsLingua_19-47-45] Trying to find element: By.xpath: //ytd-topbar-menu-button-renderer[@class='style-scope ytd-masthead style-default']
19:53:21 [TestNG-test-Yt Master Tests-2] INFO  verifyingSideMenuCollapsedLangAsInSettingsLingua_19-47-45 - [verifyingSideMenuCollapsedLangAsInSettingsLingua_19-47-45] Element found and ready (attempt 1): By.xpath: //ytd-topbar-menu-button-renderer[@class='style-scope ytd-masthead style-default']
19:53:21 [TestNG-test-Yt Master Tests-2] INFO  verifyingSideMenuCollapsedLangAsInSettingsLingua_19-47-45 - getLangAttribute() - locating <html> and reading lang property
19:53:21 [TestNG-test-Yt Master Tests-2] INFO  verifyingSideMenuCollapsedLangAsInSettingsLingua_19-47-45 - Language attribute read: ja-JP
19:53:21 [TestNG-test-Yt Master Tests-2] INFO  verifyingSideMenuCollapsedLangAsInSettingsLingua_19-47-45 - Fetching the side menu in collapsed view
19:53:21 [TestNG-test-Yt Master Tests-2] INFO  verifyingSideMenuCollapsedLangAsInSettingsLingua_19-47-45 - [verifyingSideMenuCollapsedLangAsInSettingsLingua_19-47-45] Finding elements list: By.xpath: //ytd-mini-guide-renderer[@class='style-scope ytd-app']//ytd-mini-guide-entry-renderer
19:53:21 [TestNG-test-Yt Master Tests-2] INFO  verifyingSideMenuCollapsedLangAsInSettingsLingua_19-47-45 - [verifyingSideMenuCollapsedLangAsInSettingsLingua_19-47-45] Found 4 ready elements (attempt 1): By.xpath: //ytd-mini-guide-renderer[@class='style-scope ytd-app']//ytd-mini-guide-entry-renderer
19:53:22 [TestNG-test-Yt Master Tests-2] INFO  verifyingSideMenuCollapsedLangAsInSettingsLingua_19-47-45 - 
========== LANGUAGE DETECTION ==========
Detected Language : JAPANESE
Input Text        : ホーム ショート 登録チャンネル マイページ
========================================
19:53:22 [TestNG-test-Yt Master Tests-2] INFO  verifyingSideMenuCollapsedLangAsInSettingsLingua_19-47-45 - text sent to lingua is       ホーム ショート 登録チャンネル マイページ
19:53:22 [TestNG-test-Yt Master Tests-2] INFO  verifyingSideMenuCollapsedLangAsInSettingsLingua_19-47-45 - getLangAttribute() - locating <html> and reading lang property
19:53:22 [TestNG-test-Yt Master Tests-2] INFO  verifyingSideMenuCollapsedLangAsInSettingsLingua_19-47-45 - Language attribute read: ja-JP
19:53:22 [TestNG-test-Yt Master Tests-2] INFO  verifyingSideMenuCollapsedLangAsInSettingsLingua_19-47-45 - Clicking settings ellipses button...
19:53:22 [TestNG-test-Yt Master Tests-2] INFO  verifyingSideMenuCollapsedLangAsInSettingsLingua_19-47-45 - [verifyingSideMenuCollapsedLangAsInSettingsLingua_19-47-45] Trying to find element: By.xpath: //ytd-topbar-menu-button-renderer[@class='style-scope ytd-masthead style-default']
19:53:22 [TestNG-test-Yt Master Tests-2] INFO  verifyingSideMenuCollapsedLangAsInSettingsLingua_19-47-45 - [verifyingSideMenuCollapsedLangAsInSettingsLingua_19-47-45] Element found and ready (attempt 1): By.xpath: //ytd-topbar-menu-button-renderer[@class='style-scope ytd-masthead style-default']
19:53:22 [TestNG-test-Yt Master Tests-2] INFO  verifyingSideMenuCollapsedLangAsInSettingsLingua_19-47-45 - Clicking language dropdown...
19:53:22 [TestNG-test-Yt Master Tests-2] INFO  verifyingSideMenuCollapsedLangAsInSettingsLingua_19-47-45 - [verifyingSideMenuCollapsedLangAsInSettingsLingua_19-47-45] Trying to find element: By.xpath: (//div[@id='content-icon'])[2]
19:53:22 [TestNG-test-Yt Master Tests-2] INFO  verifyingSideMenuCollapsedLangAsInSettingsLingua_19-47-45 - [verifyingSideMenuCollapsedLangAsInSettingsLingua_19-47-45] Element found and ready (attempt 1): By.xpath: (//div[@id='content-icon'])[2]
19:53:23 [TestNG-test-Yt Master Tests-2] INFO  verifyingSideMenuCollapsedLangAsInSettingsLingua_19-47-45 - Looking for language element with name: 한국어
19:53:23 [TestNG-test-Yt Master Tests-2] INFO  verifyingSideMenuCollapsedLangAsInSettingsLingua_19-47-45 - [verifyingSideMenuCollapsedLangAsInSettingsLingua_19-47-45] Trying to find element: By.xpath: //yt-multi-page-menu-section-renderer[@class='style-scope ytd-multi-page-menu-renderer']//yt-formatted-string[@id='label' and text()='한국어']
19:53:23 [TestNG-test-Yt Master Tests-2] INFO  verifyingSideMenuCollapsedLangAsInSettingsLingua_19-47-45 - [verifyingSideMenuCollapsedLangAsInSettingsLingua_19-47-45] Element found and ready (attempt 1): By.xpath: //yt-multi-page-menu-section-renderer[@class='style-scope ytd-multi-page-menu-renderer']//yt-formatted-string[@id='label' and text()='한국어']
19:53:23 [TestNG-test-Yt Master Tests-2] INFO  verifyingSideMenuCollapsedLangAsInSettingsLingua_19-47-45 - [verifyingSideMenuCollapsedLangAsInSettingsLingua_19-47-45] Trying to find element: By.xpath: //yt-multi-page-menu-section-renderer[@class='style-scope ytd-multi-page-menu-renderer']//yt-formatted-string[@id='label' and text()='한국어']
19:53:24 [TestNG-test-Yt Master Tests-2] INFO  verifyingSideMenuCollapsedLangAsInSettingsLingua_19-47-45 - [verifyingSideMenuCollapsedLangAsInSettingsLingua_19-47-45] Element found and ready (attempt 1): By.xpath: //yt-multi-page-menu-section-renderer[@class='style-scope ytd-multi-page-menu-renderer']//yt-formatted-string[@id='label' and text()='한국어']
19:53:26 [TestNG-test-Yt Master Tests-2] INFO  verifyingSideMenuCollapsedLangAsInSettingsLingua_19-47-45 - Clicking settings ellipses button...
19:53:26 [TestNG-test-Yt Master Tests-2] INFO  verifyingSideMenuCollapsedLangAsInSettingsLingua_19-47-45 - [verifyingSideMenuCollapsedLangAsInSettingsLingua_19-47-45] Trying to find element: By.xpath: //ytd-topbar-menu-button-renderer[@class='style-scope ytd-masthead style-default']
19:53:26 [TestNG-test-Yt Master Tests-2] INFO  verifyingSideMenuCollapsedLangAsInSettingsLingua_19-47-45 - [verifyingSideMenuCollapsedLangAsInSettingsLingua_19-47-45] Element found and ready (attempt 1): By.xpath: //ytd-topbar-menu-button-renderer[@class='style-scope ytd-masthead style-default']
19:53:27 [TestNG-test-Yt Master Tests-2] INFO  verifyingSideMenuCollapsedLangAsInSettingsLingua_19-47-45 - [verifyingSideMenuCollapsedLangAsInSettingsLingua_19-47-45] Waiting until element is visible in viewport
19:53:27 [TestNG-test-Yt Master Tests-2] INFO  verifyingSideMenuCollapsedLangAsInSettingsLingua_19-47-45 - Clicking settings ellipses button...
19:53:27 [TestNG-test-Yt Master Tests-2] INFO  verifyingSideMenuCollapsedLangAsInSettingsLingua_19-47-45 - [verifyingSideMenuCollapsedLangAsInSettingsLingua_19-47-45] Trying to find element: By.xpath: //ytd-topbar-menu-button-renderer[@class='style-scope ytd-masthead style-default']
19:53:27 [TestNG-test-Yt Master Tests-2] INFO  verifyingSideMenuCollapsedLangAsInSettingsLingua_19-47-45 - [verifyingSideMenuCollapsedLangAsInSettingsLingua_19-47-45] Element found and ready (attempt 1): By.xpath: //ytd-topbar-menu-button-renderer[@class='style-scope ytd-masthead style-default']
19:53:27 [TestNG-test-Yt Master Tests-2] INFO  verifyingSideMenuCollapsedLangAsInSettingsLingua_19-47-45 - getLangAttribute() - locating <html> and reading lang property
19:53:27 [TestNG-test-Yt Master Tests-2] INFO  verifyingSideMenuCollapsedLangAsInSettingsLingua_19-47-45 - Language attribute read: ko-KR
19:53:27 [TestNG-test-Yt Master Tests-2] INFO  verifyingSideMenuCollapsedLangAsInSettingsLingua_19-47-45 - Fetching the side menu in collapsed view
19:53:27 [TestNG-test-Yt Master Tests-2] INFO  verifyingSideMenuCollapsedLangAsInSettingsLingua_19-47-45 - [verifyingSideMenuCollapsedLangAsInSettingsLingua_19-47-45] Finding elements list: By.xpath: //ytd-mini-guide-renderer[@class='style-scope ytd-app']//ytd-mini-guide-entry-renderer
19:53:27 [TestNG-test-Yt Master Tests-2] INFO  verifyingSideMenuCollapsedLangAsInSettingsLingua_19-47-45 - [verifyingSideMenuCollapsedLangAsInSettingsLingua_19-47-45] Found 4 ready elements (attempt 1): By.xpath: //ytd-mini-guide-renderer[@class='style-scope ytd-app']//ytd-mini-guide-entry-renderer
19:53:27 [TestNG-test-Yt Master Tests-2] INFO  verifyingSideMenuCollapsedLangAsInSettingsLingua_19-47-45 - 
========== LANGUAGE DETECTION ==========
Detected Language : KOREAN
Input Text        : 홈 Shorts 구독 내 페이지
========================================
19:53:27 [TestNG-test-Yt Master Tests-2] INFO  verifyingSideMenuCollapsedLangAsInSettingsLingua_19-47-45 - text sent to lingua is       홈 Shorts 구독 내 페이지
19:53:27 [TestNG-test-Yt Master Tests-2] INFO  verifyingSideMenuCollapsedLangAsInSettingsLingua_19-47-45 - getLangAttribute() - locating <html> and reading lang property
19:53:27 [TestNG-test-Yt Master Tests-2] INFO  verifyingSideMenuCollapsedLangAsInSettingsLingua_19-47-45 - Language attribute read: ko-KR
19:53:27 [TestNG-test-Yt Master Tests-2] INFO  verifyingSideMenuCollapsedLangAsInSettingsLingua_19-47-45 - Clicking settings ellipses button...
19:53:27 [TestNG-test-Yt Master Tests-2] INFO  verifyingSideMenuCollapsedLangAsInSettingsLingua_19-47-45 - [verifyingSideMenuCollapsedLangAsInSettingsLingua_19-47-45] Trying to find element: By.xpath: //ytd-topbar-menu-button-renderer[@class='style-scope ytd-masthead style-default']
19:53:27 [TestNG-test-Yt Master Tests-2] INFO  verifyingSideMenuCollapsedLangAsInSettingsLingua_19-47-45 - [verifyingSideMenuCollapsedLangAsInSettingsLingua_19-47-45] Element found and ready (attempt 1): By.xpath: //ytd-topbar-menu-button-renderer[@class='style-scope ytd-masthead style-default']
19:53:28 [TestNG-test-Yt Master Tests-2] INFO  verifyingSideMenuCollapsedLangAsInSettingsLingua_19-47-45 - Clicking language dropdown...
19:53:28 [TestNG-test-Yt Master Tests-2] INFO  verifyingSideMenuCollapsedLangAsInSettingsLingua_19-47-45 - [verifyingSideMenuCollapsedLangAsInSettingsLingua_19-47-45] Trying to find element: By.xpath: (//div[@id='content-icon'])[2]
19:53:28 [TestNG-test-Yt Master Tests-2] INFO  verifyingSideMenuCollapsedLangAsInSettingsLingua_19-47-45 - [verifyingSideMenuCollapsedLangAsInSettingsLingua_19-47-45] Element found and ready (attempt 1): By.xpath: (//div[@id='content-icon'])[2]
19:53:29 [TestNG-test-Yt Master Tests-2] INFO  verifyingSideMenuCollapsedLangAsInSettingsLingua_19-47-45 - [verifyingSideMenuCollapsedLangAsInSettingsLingua_19-47-45] Not retrying test 'verifyingSideMenuCollapsedLangAsInSettingsLingua'. Retry count: 0, Cause: The following asserts failed:
	Language detection mismatch for language=Azərbaycan expected [AZERBAIJANI] but found [TURKISH],
	Language detection mismatch for language=Bahasa Indonesia expected [INDONESIAN] but found [ENGLISH],
	Language detection mismatch for language=Bosanski expected [CROATIAN] but found [BOSNIAN],
	Language detection mismatch for language=Hrvatski expected [CROATIAN] but found [BOSNIAN]
