20:02:28 [TestNG-test-Yt Master Tests-1] INFO  verifyingSideMenuLanguageAsInSettingsLingua_20-02-28 - No existing WebDriver found for current thread. Initializing a new ChromeDriver...
20:02:29 [TestNG-test-Yt Master Tests-1] INFO  verifyingSideMenuLanguageAsInSettingsLingua_20-02-28 - WebDriverManager: chromedriver setup OK
20:02:31 [TestNG-test-Yt Master Tests-1] INFO  verifyingSideMenuLanguageAsInSettingsLingua_20-02-28 - ChromeDriver initialized successfully for thread: 34
20:02:32 [TestNG-test-Yt Master Tests-1] INFO  verifyingSideMenuLanguageAsInSettingsLingua_20-02-28 - SafeActions initialized with driver ChromeDriver: chrome on windows (9c9590c8e792b5a93b8c7a7fe76f0515)
20:02:32 [TestNG-test-Yt Master Tests-1] INFO  verifyingSideMenuLanguageAsInSettingsLingua_20-02-28 - Initialized YtLandingPage with driver: ChromeDriver: chrome on windows (9c9590c8e792b5a93b8c7a7fe76f0515)
20:02:32 [TestNG-test-Yt Master Tests-1] INFO  verifyingSideMenuLanguageAsInSettingsLingua_20-02-28 - SafeActions initialized with driver ChromeDriver: chrome on windows (9c9590c8e792b5a93b8c7a7fe76f0515)
20:02:34 [TestNG-test-Yt Master Tests-1] INFO  verifyingSideMenuLanguageAsInSettingsLingua_20-02-28 - Opened YouTube landing page.
20:02:34 [TestNG-test-Yt Master Tests-1] INFO  verifyingSideMenuLanguageAsInSettingsLingua_20-02-28 - Clicking settings ellipses button...
20:02:35 [TestNG-test-Yt Master Tests-1] INFO  verifyingSideMenuLanguageAsInSettingsLingua_20-02-28 - [verifyingSideMenuLanguageAsInSettingsLingua_20-02-28] Trying to find element: By.xpath: //ytd-topbar-menu-button-renderer[@class='style-scope ytd-masthead style-default']
20:02:35 [TestNG-test-Yt Master Tests-1] INFO  verifyingSideMenuLanguageAsInSettingsLingua_20-02-28 - [verifyingSideMenuLanguageAsInSettingsLingua_20-02-28] Element found and ready (attempt 1): By.xpath: //ytd-topbar-menu-button-renderer[@class='style-scope ytd-masthead style-default']
20:02:35 [TestNG-test-Yt Master Tests-1] INFO  verifyingSideMenuLanguageAsInSettingsLingua_20-02-28 - Clicking language dropdown...
20:02:35 [TestNG-test-Yt Master Tests-1] INFO  verifyingSideMenuLanguageAsInSettingsLingua_20-02-28 - [verifyingSideMenuLanguageAsInSettingsLingua_20-02-28] Trying to find element: By.xpath: (//div[@id='content-icon'])[2]
20:02:36 [TestNG-test-Yt Master Tests-1] INFO  verifyingSideMenuLanguageAsInSettingsLingua_20-02-28 - [verifyingSideMenuLanguageAsInSettingsLingua_20-02-28] Element found and ready (attempt 1): By.xpath: (//div[@id='content-icon'])[2]
20:02:36 [TestNG-test-Yt Master Tests-1] INFO  verifyingSideMenuLanguageAsInSettingsLingua_20-02-28 - [verifyingSideMenuLanguageAsInSettingsLingua_20-02-28] Execution is scheduled type /CRON Job on CI Hence refering to CI keys from UtilData
20:02:36 [TestNG-test-Yt Master Tests-1] INFO  verifyingSideMenuLanguageAsInSettingsLingua_20-02-28 - Looking for language element with name: Afrikaans
20:02:36 [TestNG-test-Yt Master Tests-1] INFO  verifyingSideMenuLanguageAsInSettingsLingua_20-02-28 - [verifyingSideMenuLanguageAsInSettingsLingua_20-02-28] Trying to find element: By.xpath: //yt-multi-page-menu-section-renderer[@class='style-scope ytd-multi-page-menu-renderer']//yt-formatted-string[@id='label' and text()='Afrikaans']
20:02:37 [TestNG-test-Yt Master Tests-1] INFO  verifyingSideMenuLanguageAsInSettingsLingua_20-02-28 - [verifyingSideMenuLanguageAsInSettingsLingua_20-02-28] Element found and ready (attempt 1): By.xpath: //yt-multi-page-menu-section-renderer[@class='style-scope ytd-multi-page-menu-renderer']//yt-formatted-string[@id='label' and text()='Afrikaans']
20:02:37 [TestNG-test-Yt Master Tests-1] INFO  verifyingSideMenuLanguageAsInSettingsLingua_20-02-28 - [verifyingSideMenuLanguageAsInSettingsLingua_20-02-28] Trying to find element: By.xpath: //yt-multi-page-menu-section-renderer[@class='style-scope ytd-multi-page-menu-renderer']//yt-formatted-string[@id='label' and text()='Afrikaans']
20:02:37 [TestNG-test-Yt Master Tests-1] INFO  verifyingSideMenuLanguageAsInSettingsLingua_20-02-28 - [verifyingSideMenuLanguageAsInSettingsLingua_20-02-28] Element found and ready (attempt 1): By.xpath: //yt-multi-page-menu-section-renderer[@class='style-scope ytd-multi-page-menu-renderer']//yt-formatted-string[@id='label' and text()='Afrikaans']
20:02:39 [TestNG-test-Yt Master Tests-1] INFO  verifyingSideMenuLanguageAsInSettingsLingua_20-02-28 - Clicking settings ellipses button...
20:02:39 [TestNG-test-Yt Master Tests-1] INFO  verifyingSideMenuLanguageAsInSettingsLingua_20-02-28 - [verifyingSideMenuLanguageAsInSettingsLingua_20-02-28] Trying to find element: By.xpath: //ytd-topbar-menu-button-renderer[@class='style-scope ytd-masthead style-default']
20:02:40 [TestNG-test-Yt Master Tests-1] INFO  verifyingSideMenuLanguageAsInSettingsLingua_20-02-28 - [verifyingSideMenuLanguageAsInSettingsLingua_20-02-28] Element found and ready (attempt 1): By.xpath: //ytd-topbar-menu-button-renderer[@class='style-scope ytd-masthead style-default']
20:02:40 [TestNG-test-Yt Master Tests-1] INFO  verifyingSideMenuLanguageAsInSettingsLingua_20-02-28 - [verifyingSideMenuLanguageAsInSettingsLingua_20-02-28] Waiting until element is visible in viewport
20:02:41 [TestNG-test-Yt Master Tests-1] INFO  verifyingSideMenuLanguageAsInSettingsLingua_20-02-28 - Clicking settings ellipses button...
20:02:41 [TestNG-test-Yt Master Tests-1] INFO  verifyingSideMenuLanguageAsInSettingsLingua_20-02-28 - [verifyingSideMenuLanguageAsInSettingsLingua_20-02-28] Trying to find element: By.xpath: //ytd-topbar-menu-button-renderer[@class='style-scope ytd-masthead style-default']
20:02:41 [TestNG-test-Yt Master Tests-1] INFO  verifyingSideMenuLanguageAsInSettingsLingua_20-02-28 - [verifyingSideMenuLanguageAsInSettingsLingua_20-02-28] Element found and ready (attempt 1): By.xpath: //ytd-topbar-menu-button-renderer[@class='style-scope ytd-masthead style-default']
20:02:41 [TestNG-test-Yt Master Tests-1] INFO  verifyingSideMenuLanguageAsInSettingsLingua_20-02-28 - Fetching the side menu in expanded view
20:02:41 [TestNG-test-Yt Master Tests-1] INFO  verifyingSideMenuLanguageAsInSettingsLingua_20-02-28 - [verifyingSideMenuLanguageAsInSettingsLingua_20-02-28] Finding elements list: By.xpath: //ytd-guide-entry-renderer[@class='style-scope ytd-guide-section-renderer']
20:02:41 [TestNG-test-Yt Master Tests-1] INFO  verifyingSideMenuLanguageAsInSettingsLingua_20-02-28 - [verifyingSideMenuLanguageAsInSettingsLingua_20-02-28] Found 13 ready elements (attempt 1): By.xpath: //ytd-guide-entry-renderer[@class='style-scope ytd-guide-section-renderer']
20:02:42 [TestNG-test-Yt Master Tests-1] INFO  verifyingSideMenuLanguageAsInSettingsLingua_20-02-28 - 
========== LANGUAGE DETECTION ==========
Detected Language : DUTCH
Input Text        : Tuis Kortvideo's Intekeninge Myne Geskiedenis Musiek Flieks en TV Regstreeks YouTube Premium YouTube TV YouTube Music YouTube Kids Aangeegeskiedenis
========================================
20:02:42 [TestNG-test-Yt Master Tests-1] INFO  verifyingSideMenuLanguageAsInSettingsLingua_20-02-28 - getLangAttribute() - locating <html> and reading lang property
20:02:42 [TestNG-test-Yt Master Tests-1] INFO  verifyingSideMenuLanguageAsInSettingsLingua_20-02-28 - Language attribute read: af-ZA
20:02:42 [TestNG-test-Yt Master Tests-1] INFO  verifyingSideMenuLanguageAsInSettingsLingua_20-02-28 - [verifyingSideMenuLanguageAsInSettingsLingua_20-02-28] ApplicableLanguage==  Afrikaans     Detected Language ==  DUTCH  Expected Language == AFRIKAANS
20:02:42 [TestNG-test-Yt Master Tests-1] INFO  verifyingSideMenuLanguageAsInSettingsLingua_20-02-28 - Clicking settings ellipses button...
20:02:42 [TestNG-test-Yt Master Tests-1] INFO  verifyingSideMenuLanguageAsInSettingsLingua_20-02-28 - [verifyingSideMenuLanguageAsInSettingsLingua_20-02-28] Trying to find element: By.xpath: //ytd-topbar-menu-button-renderer[@class='style-scope ytd-masthead style-default']
20:02:42 [TestNG-test-Yt Master Tests-1] INFO  verifyingSideMenuLanguageAsInSettingsLingua_20-02-28 - [verifyingSideMenuLanguageAsInSettingsLingua_20-02-28] Element found and ready (attempt 1): By.xpath: //ytd-topbar-menu-button-renderer[@class='style-scope ytd-masthead style-default']
20:02:42 [TestNG-test-Yt Master Tests-1] INFO  verifyingSideMenuLanguageAsInSettingsLingua_20-02-28 - Clicking language dropdown...
20:02:42 [TestNG-test-Yt Master Tests-1] INFO  verifyingSideMenuLanguageAsInSettingsLingua_20-02-28 - [verifyingSideMenuLanguageAsInSettingsLingua_20-02-28] Trying to find element: By.xpath: (//div[@id='content-icon'])[2]
20:02:43 [TestNG-test-Yt Master Tests-1] INFO  verifyingSideMenuLanguageAsInSettingsLingua_20-02-28 - [verifyingSideMenuLanguageAsInSettingsLingua_20-02-28] Element found and ready (attempt 1): By.xpath: (//div[@id='content-icon'])[2]
20:02:44 [TestNG-test-Yt Master Tests-1] INFO  verifyingSideMenuLanguageAsInSettingsLingua_20-02-28 - Looking for language element with name: Azərbaycan
20:02:44 [TestNG-test-Yt Master Tests-1] INFO  verifyingSideMenuLanguageAsInSettingsLingua_20-02-28 - [verifyingSideMenuLanguageAsInSettingsLingua_20-02-28] Trying to find element: By.xpath: //yt-multi-page-menu-section-renderer[@class='style-scope ytd-multi-page-menu-renderer']//yt-formatted-string[@id='label' and text()='Azərbaycan']
20:02:44 [TestNG-test-Yt Master Tests-1] INFO  verifyingSideMenuLanguageAsInSettingsLingua_20-02-28 - [verifyingSideMenuLanguageAsInSettingsLingua_20-02-28] Element found and ready (attempt 1): By.xpath: //yt-multi-page-menu-section-renderer[@class='style-scope ytd-multi-page-menu-renderer']//yt-formatted-string[@id='label' and text()='Azərbaycan']
20:02:44 [TestNG-test-Yt Master Tests-1] INFO  verifyingSideMenuLanguageAsInSettingsLingua_20-02-28 - [verifyingSideMenuLanguageAsInSettingsLingua_20-02-28] Trying to find element: By.xpath: //yt-multi-page-menu-section-renderer[@class='style-scope ytd-multi-page-menu-renderer']//yt-formatted-string[@id='label' and text()='Azərbaycan']
20:02:44 [TestNG-test-Yt Master Tests-1] INFO  verifyingSideMenuLanguageAsInSettingsLingua_20-02-28 - [verifyingSideMenuLanguageAsInSettingsLingua_20-02-28] Element found and ready (attempt 1): By.xpath: //yt-multi-page-menu-section-renderer[@class='style-scope ytd-multi-page-menu-renderer']//yt-formatted-string[@id='label' and text()='Azərbaycan']
20:02:45 [TestNG-test-Yt Master Tests-1] INFO  verifyingSideMenuLanguageAsInSettingsLingua_20-02-28 - Clicking settings ellipses button...
20:02:46 [TestNG-test-Yt Master Tests-1] INFO  verifyingSideMenuLanguageAsInSettingsLingua_20-02-28 - [verifyingSideMenuLanguageAsInSettingsLingua_20-02-28] Trying to find element: By.xpath: //ytd-topbar-menu-button-renderer[@class='style-scope ytd-masthead style-default']
20:02:46 [TestNG-test-Yt Master Tests-1] INFO  verifyingSideMenuLanguageAsInSettingsLingua_20-02-28 - [verifyingSideMenuLanguageAsInSettingsLingua_20-02-28] Element found and ready (attempt 1): By.xpath: //ytd-topbar-menu-button-renderer[@class='style-scope ytd-masthead style-default']
20:02:46 [TestNG-test-Yt Master Tests-1] INFO  verifyingSideMenuLanguageAsInSettingsLingua_20-02-28 - [verifyingSideMenuLanguageAsInSettingsLingua_20-02-28] Waiting until element is visible in viewport
20:02:47 [TestNG-test-Yt Master Tests-1] INFO  verifyingSideMenuLanguageAsInSettingsLingua_20-02-28 - Clicking settings ellipses button...
20:02:47 [TestNG-test-Yt Master Tests-1] INFO  verifyingSideMenuLanguageAsInSettingsLingua_20-02-28 - [verifyingSideMenuLanguageAsInSettingsLingua_20-02-28] Trying to find element: By.xpath: //ytd-topbar-menu-button-renderer[@class='style-scope ytd-masthead style-default']
20:02:47 [TestNG-test-Yt Master Tests-1] INFO  verifyingSideMenuLanguageAsInSettingsLingua_20-02-28 - [verifyingSideMenuLanguageAsInSettingsLingua_20-02-28] Element found and ready (attempt 1): By.xpath: //ytd-topbar-menu-button-renderer[@class='style-scope ytd-masthead style-default']
20:02:47 [TestNG-test-Yt Master Tests-1] INFO  verifyingSideMenuLanguageAsInSettingsLingua_20-02-28 - Fetching the side menu in expanded view
20:02:47 [TestNG-test-Yt Master Tests-1] INFO  verifyingSideMenuLanguageAsInSettingsLingua_20-02-28 - [verifyingSideMenuLanguageAsInSettingsLingua_20-02-28] Finding elements list: By.xpath: //ytd-guide-entry-renderer[@class='style-scope ytd-guide-section-renderer']
20:02:47 [TestNG-test-Yt Master Tests-1] INFO  verifyingSideMenuLanguageAsInSettingsLingua_20-02-28 - [verifyingSideMenuLanguageAsInSettingsLingua_20-02-28] Found 13 ready elements (attempt 1): By.xpath: //ytd-guide-entry-renderer[@class='style-scope ytd-guide-section-renderer']
20:02:48 [TestNG-test-Yt Master Tests-1] INFO  verifyingSideMenuLanguageAsInSettingsLingua_20-02-28 - 
========== LANGUAGE DETECTION ==========
Detected Language : AZERBAIJANI
Input Text        : Ev Shorts Abunəliklər Siz Tarixçə Musiqi Film və TV Canlı YouTube Premium YouTube TV YouTube Music YouTube Kids Xəbər tarixçəsi
========================================
20:02:48 [TestNG-test-Yt Master Tests-1] INFO  verifyingSideMenuLanguageAsInSettingsLingua_20-02-28 - getLangAttribute() - locating <html> and reading lang property
20:02:48 [TestNG-test-Yt Master Tests-1] INFO  verifyingSideMenuLanguageAsInSettingsLingua_20-02-28 - Language attribute read: az-Latn-AZ
20:02:48 [TestNG-test-Yt Master Tests-1] INFO  verifyingSideMenuLanguageAsInSettingsLingua_20-02-28 - [verifyingSideMenuLanguageAsInSettingsLingua_20-02-28] ApplicableLanguage==  Azərbaycan     Detected Language ==  AZERBAIJANI  Expected Language == AZERBAIJANI
20:02:48 [TestNG-test-Yt Master Tests-1] INFO  verifyingSideMenuLanguageAsInSettingsLingua_20-02-28 - Clicking settings ellipses button...
20:02:48 [TestNG-test-Yt Master Tests-1] INFO  verifyingSideMenuLanguageAsInSettingsLingua_20-02-28 - [verifyingSideMenuLanguageAsInSettingsLingua_20-02-28] Trying to find element: By.xpath: //ytd-topbar-menu-button-renderer[@class='style-scope ytd-masthead style-default']
20:02:48 [TestNG-test-Yt Master Tests-1] INFO  verifyingSideMenuLanguageAsInSettingsLingua_20-02-28 - [verifyingSideMenuLanguageAsInSettingsLingua_20-02-28] Element found and ready (attempt 1): By.xpath: //ytd-topbar-menu-button-renderer[@class='style-scope ytd-masthead style-default']
20:02:48 [TestNG-test-Yt Master Tests-1] INFO  verifyingSideMenuLanguageAsInSettingsLingua_20-02-28 - Clicking language dropdown...
20:02:48 [TestNG-test-Yt Master Tests-1] INFO  verifyingSideMenuLanguageAsInSettingsLingua_20-02-28 - [verifyingSideMenuLanguageAsInSettingsLingua_20-02-28] Trying to find element: By.xpath: (//div[@id='content-icon'])[2]
20:02:49 [TestNG-test-Yt Master Tests-1] INFO  verifyingSideMenuLanguageAsInSettingsLingua_20-02-28 - [verifyingSideMenuLanguageAsInSettingsLingua_20-02-28] Element found and ready (attempt 1): By.xpath: (//div[@id='content-icon'])[2]
20:02:49 [TestNG-test-Yt Master Tests-1] INFO  verifyingSideMenuLanguageAsInSettingsLingua_20-02-28 - Looking for language element with name: Bahasa Indonesia
20:02:49 [TestNG-test-Yt Master Tests-1] INFO  verifyingSideMenuLanguageAsInSettingsLingua_20-02-28 - [verifyingSideMenuLanguageAsInSettingsLingua_20-02-28] Trying to find element: By.xpath: //yt-multi-page-menu-section-renderer[@class='style-scope ytd-multi-page-menu-renderer']//yt-formatted-string[@id='label' and text()='Bahasa Indonesia']
20:02:49 [TestNG-test-Yt Master Tests-1] INFO  verifyingSideMenuLanguageAsInSettingsLingua_20-02-28 - [verifyingSideMenuLanguageAsInSettingsLingua_20-02-28] Element found and ready (attempt 1): By.xpath: //yt-multi-page-menu-section-renderer[@class='style-scope ytd-multi-page-menu-renderer']//yt-formatted-string[@id='label' and text()='Bahasa Indonesia']
20:02:49 [TestNG-test-Yt Master Tests-1] INFO  verifyingSideMenuLanguageAsInSettingsLingua_20-02-28 - [verifyingSideMenuLanguageAsInSettingsLingua_20-02-28] Trying to find element: By.xpath: //yt-multi-page-menu-section-renderer[@class='style-scope ytd-multi-page-menu-renderer']//yt-formatted-string[@id='label' and text()='Bahasa Indonesia']
20:02:49 [TestNG-test-Yt Master Tests-1] INFO  verifyingSideMenuLanguageAsInSettingsLingua_20-02-28 - [verifyingSideMenuLanguageAsInSettingsLingua_20-02-28] Element found and ready (attempt 1): By.xpath: //yt-multi-page-menu-section-renderer[@class='style-scope ytd-multi-page-menu-renderer']//yt-formatted-string[@id='label' and text()='Bahasa Indonesia']
20:02:51 [TestNG-test-Yt Master Tests-1] INFO  verifyingSideMenuLanguageAsInSettingsLingua_20-02-28 - Clicking settings ellipses button...
20:02:51 [TestNG-test-Yt Master Tests-1] INFO  verifyingSideMenuLanguageAsInSettingsLingua_20-02-28 - [verifyingSideMenuLanguageAsInSettingsLingua_20-02-28] Trying to find element: By.xpath: //ytd-topbar-menu-button-renderer[@class='style-scope ytd-masthead style-default']
20:02:51 [TestNG-test-Yt Master Tests-1] INFO  verifyingSideMenuLanguageAsInSettingsLingua_20-02-28 - [verifyingSideMenuLanguageAsInSettingsLingua_20-02-28] Element found and ready (attempt 1): By.xpath: //ytd-topbar-menu-button-renderer[@class='style-scope ytd-masthead style-default']
20:02:51 [TestNG-test-Yt Master Tests-1] INFO  verifyingSideMenuLanguageAsInSettingsLingua_20-02-28 - [verifyingSideMenuLanguageAsInSettingsLingua_20-02-28] Waiting until element is visible in viewport
20:02:52 [TestNG-test-Yt Master Tests-1] INFO  verifyingSideMenuLanguageAsInSettingsLingua_20-02-28 - Clicking settings ellipses button...
20:02:52 [TestNG-test-Yt Master Tests-1] INFO  verifyingSideMenuLanguageAsInSettingsLingua_20-02-28 - [verifyingSideMenuLanguageAsInSettingsLingua_20-02-28] Trying to find element: By.xpath: //ytd-topbar-menu-button-renderer[@class='style-scope ytd-masthead style-default']
20:02:52 [TestNG-test-Yt Master Tests-1] INFO  verifyingSideMenuLanguageAsInSettingsLingua_20-02-28 - [verifyingSideMenuLanguageAsInSettingsLingua_20-02-28] Element found and ready (attempt 1): By.xpath: //ytd-topbar-menu-button-renderer[@class='style-scope ytd-masthead style-default']
20:02:52 [TestNG-test-Yt Master Tests-1] INFO  verifyingSideMenuLanguageAsInSettingsLingua_20-02-28 - Fetching the side menu in expanded view
20:02:52 [TestNG-test-Yt Master Tests-1] INFO  verifyingSideMenuLanguageAsInSettingsLingua_20-02-28 - [verifyingSideMenuLanguageAsInSettingsLingua_20-02-28] Finding elements list: By.xpath: //ytd-guide-entry-renderer[@class='style-scope ytd-guide-section-renderer']
20:02:52 [TestNG-test-Yt Master Tests-1] INFO  verifyingSideMenuLanguageAsInSettingsLingua_20-02-28 - [verifyingSideMenuLanguageAsInSettingsLingua_20-02-28] Found 13 ready elements (attempt 1): By.xpath: //ytd-guide-entry-renderer[@class='style-scope ytd-guide-section-renderer']
20:02:53 [TestNG-test-Yt Master Tests-1] INFO  verifyingSideMenuLanguageAsInSettingsLingua_20-02-28 - 
========== LANGUAGE DETECTION ==========
Detected Language : ENGLISH
Input Text        : Beranda Shorts Subscription Anda Histori Musik Film & TV Live YouTube Premium YouTube TV YouTube Music YouTube Kids Histori laporan
========================================
20:02:53 [TestNG-test-Yt Master Tests-1] INFO  verifyingSideMenuLanguageAsInSettingsLingua_20-02-28 - getLangAttribute() - locating <html> and reading lang property
20:02:53 [TestNG-test-Yt Master Tests-1] INFO  verifyingSideMenuLanguageAsInSettingsLingua_20-02-28 - Language attribute read: id-ID
20:02:53 [TestNG-test-Yt Master Tests-1] INFO  verifyingSideMenuLanguageAsInSettingsLingua_20-02-28 - [verifyingSideMenuLanguageAsInSettingsLingua_20-02-28] ApplicableLanguage==  Bahasa Indonesia     Detected Language ==  ENGLISH  Expected Language == INDONESIAN
20:02:53 [TestNG-test-Yt Master Tests-1] INFO  verifyingSideMenuLanguageAsInSettingsLingua_20-02-28 - Clicking settings ellipses button...
20:02:53 [TestNG-test-Yt Master Tests-1] INFO  verifyingSideMenuLanguageAsInSettingsLingua_20-02-28 - [verifyingSideMenuLanguageAsInSettingsLingua_20-02-28] Trying to find element: By.xpath: //ytd-topbar-menu-button-renderer[@class='style-scope ytd-masthead style-default']
20:02:53 [TestNG-test-Yt Master Tests-1] INFO  verifyingSideMenuLanguageAsInSettingsLingua_20-02-28 - [verifyingSideMenuLanguageAsInSettingsLingua_20-02-28] Element found and ready (attempt 1): By.xpath: //ytd-topbar-menu-button-renderer[@class='style-scope ytd-masthead style-default']
20:02:53 [TestNG-test-Yt Master Tests-1] INFO  verifyingSideMenuLanguageAsInSettingsLingua_20-02-28 - Clicking language dropdown...
20:02:53 [TestNG-test-Yt Master Tests-1] INFO  verifyingSideMenuLanguageAsInSettingsLingua_20-02-28 - [verifyingSideMenuLanguageAsInSettingsLingua_20-02-28] Trying to find element: By.xpath: (//div[@id='content-icon'])[2]
20:02:54 [TestNG-test-Yt Master Tests-1] INFO  verifyingSideMenuLanguageAsInSettingsLingua_20-02-28 - [verifyingSideMenuLanguageAsInSettingsLingua_20-02-28] Element found and ready (attempt 1): By.xpath: (//div[@id='content-icon'])[2]
20:02:54 [TestNG-test-Yt Master Tests-1] INFO  verifyingSideMenuLanguageAsInSettingsLingua_20-02-28 - Looking for language element with name: Bosanski
20:02:54 [TestNG-test-Yt Master Tests-1] INFO  verifyingSideMenuLanguageAsInSettingsLingua_20-02-28 - [verifyingSideMenuLanguageAsInSettingsLingua_20-02-28] Trying to find element: By.xpath: //yt-multi-page-menu-section-renderer[@class='style-scope ytd-multi-page-menu-renderer']//yt-formatted-string[@id='label' and text()='Bosanski']
20:02:54 [TestNG-test-Yt Master Tests-1] INFO  verifyingSideMenuLanguageAsInSettingsLingua_20-02-28 - [verifyingSideMenuLanguageAsInSettingsLingua_20-02-28] Element found and ready (attempt 1): By.xpath: //yt-multi-page-menu-section-renderer[@class='style-scope ytd-multi-page-menu-renderer']//yt-formatted-string[@id='label' and text()='Bosanski']
20:02:54 [TestNG-test-Yt Master Tests-1] INFO  verifyingSideMenuLanguageAsInSettingsLingua_20-02-28 - [verifyingSideMenuLanguageAsInSettingsLingua_20-02-28] Trying to find element: By.xpath: //yt-multi-page-menu-section-renderer[@class='style-scope ytd-multi-page-menu-renderer']//yt-formatted-string[@id='label' and text()='Bosanski']
20:02:54 [TestNG-test-Yt Master Tests-1] INFO  verifyingSideMenuLanguageAsInSettingsLingua_20-02-28 - [verifyingSideMenuLanguageAsInSettingsLingua_20-02-28] Element found and ready (attempt 1): By.xpath: //yt-multi-page-menu-section-renderer[@class='style-scope ytd-multi-page-menu-renderer']//yt-formatted-string[@id='label' and text()='Bosanski']
20:02:57 [TestNG-test-Yt Master Tests-1] INFO  verifyingSideMenuLanguageAsInSettingsLingua_20-02-28 - Clicking settings ellipses button...
20:02:57 [TestNG-test-Yt Master Tests-1] INFO  verifyingSideMenuLanguageAsInSettingsLingua_20-02-28 - [verifyingSideMenuLanguageAsInSettingsLingua_20-02-28] Trying to find element: By.xpath: //ytd-topbar-menu-button-renderer[@class='style-scope ytd-masthead style-default']
20:02:57 [TestNG-test-Yt Master Tests-1] INFO  verifyingSideMenuLanguageAsInSettingsLingua_20-02-28 - [verifyingSideMenuLanguageAsInSettingsLingua_20-02-28] Element found and ready (attempt 1): By.xpath: //ytd-topbar-menu-button-renderer[@class='style-scope ytd-masthead style-default']
20:02:57 [TestNG-test-Yt Master Tests-1] INFO  verifyingSideMenuLanguageAsInSettingsLingua_20-02-28 - [verifyingSideMenuLanguageAsInSettingsLingua_20-02-28] Waiting until element is visible in viewport
20:02:58 [TestNG-test-Yt Master Tests-1] INFO  verifyingSideMenuLanguageAsInSettingsLingua_20-02-28 - Clicking settings ellipses button...
20:02:58 [TestNG-test-Yt Master Tests-1] INFO  verifyingSideMenuLanguageAsInSettingsLingua_20-02-28 - [verifyingSideMenuLanguageAsInSettingsLingua_20-02-28] Trying to find element: By.xpath: //ytd-topbar-menu-button-renderer[@class='style-scope ytd-masthead style-default']
20:02:58 [TestNG-test-Yt Master Tests-1] INFO  verifyingSideMenuLanguageAsInSettingsLingua_20-02-28 - [verifyingSideMenuLanguageAsInSettingsLingua_20-02-28] Element found and ready (attempt 1): By.xpath: //ytd-topbar-menu-button-renderer[@class='style-scope ytd-masthead style-default']
20:02:58 [TestNG-test-Yt Master Tests-1] INFO  verifyingSideMenuLanguageAsInSettingsLingua_20-02-28 - Fetching the side menu in expanded view
20:02:58 [TestNG-test-Yt Master Tests-1] INFO  verifyingSideMenuLanguageAsInSettingsLingua_20-02-28 - [verifyingSideMenuLanguageAsInSettingsLingua_20-02-28] Finding elements list: By.xpath: //ytd-guide-entry-renderer[@class='style-scope ytd-guide-section-renderer']
20:02:58 [TestNG-test-Yt Master Tests-1] INFO  verifyingSideMenuLanguageAsInSettingsLingua_20-02-28 - [verifyingSideMenuLanguageAsInSettingsLingua_20-02-28] Found 13 ready elements (attempt 1): By.xpath: //ytd-guide-entry-renderer[@class='style-scope ytd-guide-section-renderer']
20:02:59 [TestNG-test-Yt Master Tests-1] INFO  verifyingSideMenuLanguageAsInSettingsLingua_20-02-28 - 
========== LANGUAGE DETECTION ==========
Detected Language : BOSNIAN
Input Text        : Početna stranica Shorts Pretplate Vi Hi‪storija Muzika Filmovi i TV Uživo YouTube Premium YouTube TV YouTube Music YouTube Kids Historija prijava
========================================
20:02:59 [TestNG-test-Yt Master Tests-1] INFO  verifyingSideMenuLanguageAsInSettingsLingua_20-02-28 - getLangAttribute() - locating <html> and reading lang property
20:02:59 [TestNG-test-Yt Master Tests-1] INFO  verifyingSideMenuLanguageAsInSettingsLingua_20-02-28 - Language attribute read: bs-Latn-BA
20:02:59 [TestNG-test-Yt Master Tests-1] INFO  verifyingSideMenuLanguageAsInSettingsLingua_20-02-28 - [verifyingSideMenuLanguageAsInSettingsLingua_20-02-28] ApplicableLanguage==  Bosanski     Detected Language ==  BOSNIAN  Expected Language == CROATIAN
20:02:59 [TestNG-test-Yt Master Tests-1] INFO  verifyingSideMenuLanguageAsInSettingsLingua_20-02-28 - Clicking settings ellipses button...
20:02:59 [TestNG-test-Yt Master Tests-1] INFO  verifyingSideMenuLanguageAsInSettingsLingua_20-02-28 - [verifyingSideMenuLanguageAsInSettingsLingua_20-02-28] Trying to find element: By.xpath: //ytd-topbar-menu-button-renderer[@class='style-scope ytd-masthead style-default']
20:02:59 [TestNG-test-Yt Master Tests-1] INFO  verifyingSideMenuLanguageAsInSettingsLingua_20-02-28 - [verifyingSideMenuLanguageAsInSettingsLingua_20-02-28] Element found and ready (attempt 1): By.xpath: //ytd-topbar-menu-button-renderer[@class='style-scope ytd-masthead style-default']
20:02:59 [TestNG-test-Yt Master Tests-1] INFO  verifyingSideMenuLanguageAsInSettingsLingua_20-02-28 - Clicking language dropdown...
20:02:59 [TestNG-test-Yt Master Tests-1] INFO  verifyingSideMenuLanguageAsInSettingsLingua_20-02-28 - [verifyingSideMenuLanguageAsInSettingsLingua_20-02-28] Trying to find element: By.xpath: (//div[@id='content-icon'])[2]
20:02:59 [TestNG-test-Yt Master Tests-1] INFO  verifyingSideMenuLanguageAsInSettingsLingua_20-02-28 - [verifyingSideMenuLanguageAsInSettingsLingua_20-02-28] Element found and ready (attempt 1): By.xpath: (//div[@id='content-icon'])[2]
20:03:00 [TestNG-test-Yt Master Tests-1] INFO  verifyingSideMenuLanguageAsInSettingsLingua_20-02-28 - Looking for language element with name: Català
20:03:00 [TestNG-test-Yt Master Tests-1] INFO  verifyingSideMenuLanguageAsInSettingsLingua_20-02-28 - [verifyingSideMenuLanguageAsInSettingsLingua_20-02-28] Trying to find element: By.xpath: //yt-multi-page-menu-section-renderer[@class='style-scope ytd-multi-page-menu-renderer']//yt-formatted-string[@id='label' and text()='Català']
20:03:00 [TestNG-test-Yt Master Tests-1] INFO  verifyingSideMenuLanguageAsInSettingsLingua_20-02-28 - [verifyingSideMenuLanguageAsInSettingsLingua_20-02-28] Element found and ready (attempt 1): By.xpath: //yt-multi-page-menu-section-renderer[@class='style-scope ytd-multi-page-menu-renderer']//yt-formatted-string[@id='label' and text()='Català']
20:03:00 [TestNG-test-Yt Master Tests-1] INFO  verifyingSideMenuLanguageAsInSettingsLingua_20-02-28 - [verifyingSideMenuLanguageAsInSettingsLingua_20-02-28] Trying to find element: By.xpath: //yt-multi-page-menu-section-renderer[@class='style-scope ytd-multi-page-menu-renderer']//yt-formatted-string[@id='label' and text()='Català']
20:03:00 [TestNG-test-Yt Master Tests-1] INFO  verifyingSideMenuLanguageAsInSettingsLingua_20-02-28 - [verifyingSideMenuLanguageAsInSettingsLingua_20-02-28] Element found and ready (attempt 1): By.xpath: //yt-multi-page-menu-section-renderer[@class='style-scope ytd-multi-page-menu-renderer']//yt-formatted-string[@id='label' and text()='Català']
20:03:01 [TestNG-test-Yt Master Tests-1] INFO  verifyingSideMenuLanguageAsInSettingsLingua_20-02-28 - Clicking settings ellipses button...
20:03:02 [TestNG-test-Yt Master Tests-1] INFO  verifyingSideMenuLanguageAsInSettingsLingua_20-02-28 - [verifyingSideMenuLanguageAsInSettingsLingua_20-02-28] Trying to find element: By.xpath: //ytd-topbar-menu-button-renderer[@class='style-scope ytd-masthead style-default']
20:03:02 [TestNG-test-Yt Master Tests-1] INFO  verifyingSideMenuLanguageAsInSettingsLingua_20-02-28 - [verifyingSideMenuLanguageAsInSettingsLingua_20-02-28] Element found and ready (attempt 1): By.xpath: //ytd-topbar-menu-button-renderer[@class='style-scope ytd-masthead style-default']
20:03:02 [TestNG-test-Yt Master Tests-1] INFO  verifyingSideMenuLanguageAsInSettingsLingua_20-02-28 - [verifyingSideMenuLanguageAsInSettingsLingua_20-02-28] Waiting until element is visible in viewport
20:03:03 [TestNG-test-Yt Master Tests-1] INFO  verifyingSideMenuLanguageAsInSettingsLingua_20-02-28 - Clicking settings ellipses button...
20:03:03 [TestNG-test-Yt Master Tests-1] INFO  verifyingSideMenuLanguageAsInSettingsLingua_20-02-28 - [verifyingSideMenuLanguageAsInSettingsLingua_20-02-28] Trying to find element: By.xpath: //ytd-topbar-menu-button-renderer[@class='style-scope ytd-masthead style-default']
20:03:03 [TestNG-test-Yt Master Tests-1] INFO  verifyingSideMenuLanguageAsInSettingsLingua_20-02-28 - [verifyingSideMenuLanguageAsInSettingsLingua_20-02-28] Element found and ready (attempt 1): By.xpath: //ytd-topbar-menu-button-renderer[@class='style-scope ytd-masthead style-default']
20:03:03 [TestNG-test-Yt Master Tests-1] INFO  verifyingSideMenuLanguageAsInSettingsLingua_20-02-28 - Fetching the side menu in expanded view
20:03:03 [TestNG-test-Yt Master Tests-1] INFO  verifyingSideMenuLanguageAsInSettingsLingua_20-02-28 - [verifyingSideMenuLanguageAsInSettingsLingua_20-02-28] Finding elements list: By.xpath: //ytd-guide-entry-renderer[@class='style-scope ytd-guide-section-renderer']
20:03:03 [TestNG-test-Yt Master Tests-1] INFO  verifyingSideMenuLanguageAsInSettingsLingua_20-02-28 - [verifyingSideMenuLanguageAsInSettingsLingua_20-02-28] Found 13 ready elements (attempt 1): By.xpath: //ytd-guide-entry-renderer[@class='style-scope ytd-guide-section-renderer']
20:03:04 [TestNG-test-Yt Master Tests-1] INFO  verifyingSideMenuLanguageAsInSettingsLingua_20-02-28 - 
========== LANGUAGE DETECTION ==========
Detected Language : CATALAN
Input Text        : Inici Shorts Subscripcions Tu Historial Música Pel·lícules i televisió En directe YouTube Premium YouTube TV YouTube Music YouTube Kids Historial d'informes
========================================
20:03:04 [TestNG-test-Yt Master Tests-1] INFO  verifyingSideMenuLanguageAsInSettingsLingua_20-02-28 - getLangAttribute() - locating <html> and reading lang property
20:03:04 [TestNG-test-Yt Master Tests-1] INFO  verifyingSideMenuLanguageAsInSettingsLingua_20-02-28 - Language attribute read: ca-ES
20:03:04 [TestNG-test-Yt Master Tests-1] INFO  verifyingSideMenuLanguageAsInSettingsLingua_20-02-28 - [verifyingSideMenuLanguageAsInSettingsLingua_20-02-28] ApplicableLanguage==  Català     Detected Language ==  CATALAN  Expected Language == CATALAN
20:03:04 [TestNG-test-Yt Master Tests-1] INFO  verifyingSideMenuLanguageAsInSettingsLingua_20-02-28 - Clicking settings ellipses button...
20:03:04 [TestNG-test-Yt Master Tests-1] INFO  verifyingSideMenuLanguageAsInSettingsLingua_20-02-28 - [verifyingSideMenuLanguageAsInSettingsLingua_20-02-28] Trying to find element: By.xpath: //ytd-topbar-menu-button-renderer[@class='style-scope ytd-masthead style-default']
20:03:04 [TestNG-test-Yt Master Tests-1] INFO  verifyingSideMenuLanguageAsInSettingsLingua_20-02-28 - [verifyingSideMenuLanguageAsInSettingsLingua_20-02-28] Element found and ready (attempt 1): By.xpath: //ytd-topbar-menu-button-renderer[@class='style-scope ytd-masthead style-default']
20:03:04 [TestNG-test-Yt Master Tests-1] INFO  verifyingSideMenuLanguageAsInSettingsLingua_20-02-28 - Clicking language dropdown...
20:03:04 [TestNG-test-Yt Master Tests-1] INFO  verifyingSideMenuLanguageAsInSettingsLingua_20-02-28 - [verifyingSideMenuLanguageAsInSettingsLingua_20-02-28] Trying to find element: By.xpath: (//div[@id='content-icon'])[2]
20:03:04 [TestNG-test-Yt Master Tests-1] INFO  verifyingSideMenuLanguageAsInSettingsLingua_20-02-28 - [verifyingSideMenuLanguageAsInSettingsLingua_20-02-28] Element found and ready (attempt 1): By.xpath: (//div[@id='content-icon'])[2]
20:03:05 [TestNG-test-Yt Master Tests-1] INFO  verifyingSideMenuLanguageAsInSettingsLingua_20-02-28 - Looking for language element with name: Dansk
20:03:05 [TestNG-test-Yt Master Tests-1] INFO  verifyingSideMenuLanguageAsInSettingsLingua_20-02-28 - [verifyingSideMenuLanguageAsInSettingsLingua_20-02-28] Trying to find element: By.xpath: //yt-multi-page-menu-section-renderer[@class='style-scope ytd-multi-page-menu-renderer']//yt-formatted-string[@id='label' and text()='Dansk']
20:03:05 [TestNG-test-Yt Master Tests-1] INFO  verifyingSideMenuLanguageAsInSettingsLingua_20-02-28 - [verifyingSideMenuLanguageAsInSettingsLingua_20-02-28] Element found and ready (attempt 1): By.xpath: //yt-multi-page-menu-section-renderer[@class='style-scope ytd-multi-page-menu-renderer']//yt-formatted-string[@id='label' and text()='Dansk']
20:03:05 [TestNG-test-Yt Master Tests-1] INFO  verifyingSideMenuLanguageAsInSettingsLingua_20-02-28 - [verifyingSideMenuLanguageAsInSettingsLingua_20-02-28] Trying to find element: By.xpath: //yt-multi-page-menu-section-renderer[@class='style-scope ytd-multi-page-menu-renderer']//yt-formatted-string[@id='label' and text()='Dansk']
20:03:05 [TestNG-test-Yt Master Tests-1] INFO  verifyingSideMenuLanguageAsInSettingsLingua_20-02-28 - [verifyingSideMenuLanguageAsInSettingsLingua_20-02-28] Element found and ready (attempt 1): By.xpath: //yt-multi-page-menu-section-renderer[@class='style-scope ytd-multi-page-menu-renderer']//yt-formatted-string[@id='label' and text()='Dansk']
20:03:06 [TestNG-test-Yt Master Tests-1] INFO  verifyingSideMenuLanguageAsInSettingsLingua_20-02-28 - Clicking settings ellipses button...
20:03:07 [TestNG-test-Yt Master Tests-1] INFO  verifyingSideMenuLanguageAsInSettingsLingua_20-02-28 - [verifyingSideMenuLanguageAsInSettingsLingua_20-02-28] Trying to find element: By.xpath: //ytd-topbar-menu-button-renderer[@class='style-scope ytd-masthead style-default']
20:03:07 [TestNG-test-Yt Master Tests-1] INFO  verifyingSideMenuLanguageAsInSettingsLingua_20-02-28 - [verifyingSideMenuLanguageAsInSettingsLingua_20-02-28] Element found and ready (attempt 1): By.xpath: //ytd-topbar-menu-button-renderer[@class='style-scope ytd-masthead style-default']
20:03:07 [TestNG-test-Yt Master Tests-1] INFO  verifyingSideMenuLanguageAsInSettingsLingua_20-02-28 - [verifyingSideMenuLanguageAsInSettingsLingua_20-02-28] Waiting until element is visible in viewport
20:03:08 [TestNG-test-Yt Master Tests-1] INFO  verifyingSideMenuLanguageAsInSettingsLingua_20-02-28 - Clicking settings ellipses button...
20:03:08 [TestNG-test-Yt Master Tests-1] INFO  verifyingSideMenuLanguageAsInSettingsLingua_20-02-28 - [verifyingSideMenuLanguageAsInSettingsLingua_20-02-28] Trying to find element: By.xpath: //ytd-topbar-menu-button-renderer[@class='style-scope ytd-masthead style-default']
20:03:08 [TestNG-test-Yt Master Tests-1] INFO  verifyingSideMenuLanguageAsInSettingsLingua_20-02-28 - [verifyingSideMenuLanguageAsInSettingsLingua_20-02-28] Element found and ready (attempt 1): By.xpath: //ytd-topbar-menu-button-renderer[@class='style-scope ytd-masthead style-default']
20:03:08 [TestNG-test-Yt Master Tests-1] INFO  verifyingSideMenuLanguageAsInSettingsLingua_20-02-28 - Fetching the side menu in expanded view
20:03:08 [TestNG-test-Yt Master Tests-1] INFO  verifyingSideMenuLanguageAsInSettingsLingua_20-02-28 - [verifyingSideMenuLanguageAsInSettingsLingua_20-02-28] Finding elements list: By.xpath: //ytd-guide-entry-renderer[@class='style-scope ytd-guide-section-renderer']
20:03:08 [TestNG-test-Yt Master Tests-1] INFO  verifyingSideMenuLanguageAsInSettingsLingua_20-02-28 - [verifyingSideMenuLanguageAsInSettingsLingua_20-02-28] Found 13 ready elements (attempt 1): By.xpath: //ytd-guide-entry-renderer[@class='style-scope ytd-guide-section-renderer']
20:03:08 [TestNG-test-Yt Master Tests-1] INFO  verifyingSideMenuLanguageAsInSettingsLingua_20-02-28 - 
========== LANGUAGE DETECTION ==========
Detected Language : DANISH
Input Text        : Start Shorts Abonnementer Dig Historik Musik Film og tv Live YouTube Premium YouTube TV YouTube Music YouTube Kids Rapporteringshistorik
========================================
20:03:08 [TestNG-test-Yt Master Tests-1] INFO  verifyingSideMenuLanguageAsInSettingsLingua_20-02-28 - getLangAttribute() - locating <html> and reading lang property
20:03:09 [TestNG-test-Yt Master Tests-1] INFO  verifyingSideMenuLanguageAsInSettingsLingua_20-02-28 - Language attribute read: da-DK
20:03:09 [TestNG-test-Yt Master Tests-1] INFO  verifyingSideMenuLanguageAsInSettingsLingua_20-02-28 - [verifyingSideMenuLanguageAsInSettingsLingua_20-02-28] ApplicableLanguage==  Dansk     Detected Language ==  DANISH  Expected Language == DANISH
20:03:09 [TestNG-test-Yt Master Tests-1] INFO  verifyingSideMenuLanguageAsInSettingsLingua_20-02-28 - Clicking settings ellipses button...
20:03:09 [TestNG-test-Yt Master Tests-1] INFO  verifyingSideMenuLanguageAsInSettingsLingua_20-02-28 - [verifyingSideMenuLanguageAsInSettingsLingua_20-02-28] Trying to find element: By.xpath: //ytd-topbar-menu-button-renderer[@class='style-scope ytd-masthead style-default']
20:03:09 [TestNG-test-Yt Master Tests-1] INFO  verifyingSideMenuLanguageAsInSettingsLingua_20-02-28 - [verifyingSideMenuLanguageAsInSettingsLingua_20-02-28] Element found and ready (attempt 1): By.xpath: //ytd-topbar-menu-button-renderer[@class='style-scope ytd-masthead style-default']
20:03:09 [TestNG-test-Yt Master Tests-1] INFO  verifyingSideMenuLanguageAsInSettingsLingua_20-02-28 - Clicking language dropdown...
20:03:09 [TestNG-test-Yt Master Tests-1] INFO  verifyingSideMenuLanguageAsInSettingsLingua_20-02-28 - [verifyingSideMenuLanguageAsInSettingsLingua_20-02-28] Trying to find element: By.xpath: (//div[@id='content-icon'])[2]
20:03:09 [TestNG-test-Yt Master Tests-1] INFO  verifyingSideMenuLanguageAsInSettingsLingua_20-02-28 - [verifyingSideMenuLanguageAsInSettingsLingua_20-02-28] Element found and ready (attempt 1): By.xpath: (//div[@id='content-icon'])[2]
20:03:09 [TestNG-test-Yt Master Tests-1] INFO  verifyingSideMenuLanguageAsInSettingsLingua_20-02-28 - Looking for language element with name: Deutsch
20:03:09 [TestNG-test-Yt Master Tests-1] INFO  verifyingSideMenuLanguageAsInSettingsLingua_20-02-28 - [verifyingSideMenuLanguageAsInSettingsLingua_20-02-28] Trying to find element: By.xpath: //yt-multi-page-menu-section-renderer[@class='style-scope ytd-multi-page-menu-renderer']//yt-formatted-string[@id='label' and text()='Deutsch']
20:03:10 [TestNG-test-Yt Master Tests-1] INFO  verifyingSideMenuLanguageAsInSettingsLingua_20-02-28 - [verifyingSideMenuLanguageAsInSettingsLingua_20-02-28] Element found and ready (attempt 1): By.xpath: //yt-multi-page-menu-section-renderer[@class='style-scope ytd-multi-page-menu-renderer']//yt-formatted-string[@id='label' and text()='Deutsch']
20:03:10 [TestNG-test-Yt Master Tests-1] INFO  verifyingSideMenuLanguageAsInSettingsLingua_20-02-28 - [verifyingSideMenuLanguageAsInSettingsLingua_20-02-28] Trying to find element: By.xpath: //yt-multi-page-menu-section-renderer[@class='style-scope ytd-multi-page-menu-renderer']//yt-formatted-string[@id='label' and text()='Deutsch']
20:03:10 [TestNG-test-Yt Master Tests-1] INFO  verifyingSideMenuLanguageAsInSettingsLingua_20-02-28 - [verifyingSideMenuLanguageAsInSettingsLingua_20-02-28] Element found and ready (attempt 1): By.xpath: //yt-multi-page-menu-section-renderer[@class='style-scope ytd-multi-page-menu-renderer']//yt-formatted-string[@id='label' and text()='Deutsch']
20:03:11 [TestNG-test-Yt Master Tests-1] INFO  verifyingSideMenuLanguageAsInSettingsLingua_20-02-28 - Clicking settings ellipses button...
20:03:12 [TestNG-test-Yt Master Tests-1] INFO  verifyingSideMenuLanguageAsInSettingsLingua_20-02-28 - [verifyingSideMenuLanguageAsInSettingsLingua_20-02-28] Trying to find element: By.xpath: //ytd-topbar-menu-button-renderer[@class='style-scope ytd-masthead style-default']
20:03:12 [TestNG-test-Yt Master Tests-1] INFO  verifyingSideMenuLanguageAsInSettingsLingua_20-02-28 - [verifyingSideMenuLanguageAsInSettingsLingua_20-02-28] Element found and ready (attempt 1): By.xpath: //ytd-topbar-menu-button-renderer[@class='style-scope ytd-masthead style-default']
20:03:12 [TestNG-test-Yt Master Tests-1] INFO  verifyingSideMenuLanguageAsInSettingsLingua_20-02-28 - [verifyingSideMenuLanguageAsInSettingsLingua_20-02-28] Waiting until element is visible in viewport
20:03:13 [TestNG-test-Yt Master Tests-1] INFO  verifyingSideMenuLanguageAsInSettingsLingua_20-02-28 - Clicking settings ellipses button...
20:03:13 [TestNG-test-Yt Master Tests-1] INFO  verifyingSideMenuLanguageAsInSettingsLingua_20-02-28 - [verifyingSideMenuLanguageAsInSettingsLingua_20-02-28] Trying to find element: By.xpath: //ytd-topbar-menu-button-renderer[@class='style-scope ytd-masthead style-default']
20:03:13 [TestNG-test-Yt Master Tests-1] INFO  verifyingSideMenuLanguageAsInSettingsLingua_20-02-28 - [verifyingSideMenuLanguageAsInSettingsLingua_20-02-28] Element found and ready (attempt 1): By.xpath: //ytd-topbar-menu-button-renderer[@class='style-scope ytd-masthead style-default']
20:03:13 [TestNG-test-Yt Master Tests-1] INFO  verifyingSideMenuLanguageAsInSettingsLingua_20-02-28 - Fetching the side menu in expanded view
20:03:13 [TestNG-test-Yt Master Tests-1] INFO  verifyingSideMenuLanguageAsInSettingsLingua_20-02-28 - [verifyingSideMenuLanguageAsInSettingsLingua_20-02-28] Finding elements list: By.xpath: //ytd-guide-entry-renderer[@class='style-scope ytd-guide-section-renderer']
20:03:14 [TestNG-test-Yt Master Tests-1] INFO  verifyingSideMenuLanguageAsInSettingsLingua_20-02-28 - [verifyingSideMenuLanguageAsInSettingsLingua_20-02-28] Found 13 ready elements (attempt 1): By.xpath: //ytd-guide-entry-renderer[@class='style-scope ytd-guide-section-renderer']
20:03:14 [TestNG-test-Yt Master Tests-1] INFO  verifyingSideMenuLanguageAsInSettingsLingua_20-02-28 - 
========== LANGUAGE DETECTION ==========
Detected Language : GERMAN
Input Text        : Startseite Shorts Abos Mein YouTube Verlauf Musik Filme & Shows Live YouTube Premium YouTube TV YouTube Music YouTube Kids Meldeverlauf
========================================
20:03:14 [TestNG-test-Yt Master Tests-1] INFO  verifyingSideMenuLanguageAsInSettingsLingua_20-02-28 - getLangAttribute() - locating <html> and reading lang property
20:03:14 [TestNG-test-Yt Master Tests-1] INFO  verifyingSideMenuLanguageAsInSettingsLingua_20-02-28 - Language attribute read: de-DE
20:03:14 [TestNG-test-Yt Master Tests-1] INFO  verifyingSideMenuLanguageAsInSettingsLingua_20-02-28 - [verifyingSideMenuLanguageAsInSettingsLingua_20-02-28] ApplicableLanguage==  Deutsch     Detected Language ==  GERMAN  Expected Language == GERMAN
20:03:14 [TestNG-test-Yt Master Tests-1] INFO  verifyingSideMenuLanguageAsInSettingsLingua_20-02-28 - Clicking settings ellipses button...
20:03:14 [TestNG-test-Yt Master Tests-1] INFO  verifyingSideMenuLanguageAsInSettingsLingua_20-02-28 - [verifyingSideMenuLanguageAsInSettingsLingua_20-02-28] Trying to find element: By.xpath: //ytd-topbar-menu-button-renderer[@class='style-scope ytd-masthead style-default']
20:03:14 [TestNG-test-Yt Master Tests-1] INFO  verifyingSideMenuLanguageAsInSettingsLingua_20-02-28 - [verifyingSideMenuLanguageAsInSettingsLingua_20-02-28] Element found and ready (attempt 1): By.xpath: //ytd-topbar-menu-button-renderer[@class='style-scope ytd-masthead style-default']
20:03:14 [TestNG-test-Yt Master Tests-1] INFO  verifyingSideMenuLanguageAsInSettingsLingua_20-02-28 - Clicking language dropdown...
20:03:14 [TestNG-test-Yt Master Tests-1] INFO  verifyingSideMenuLanguageAsInSettingsLingua_20-02-28 - [verifyingSideMenuLanguageAsInSettingsLingua_20-02-28] Trying to find element: By.xpath: (//div[@id='content-icon'])[2]
20:03:15 [TestNG-test-Yt Master Tests-1] INFO  verifyingSideMenuLanguageAsInSettingsLingua_20-02-28 - [verifyingSideMenuLanguageAsInSettingsLingua_20-02-28] Element found and ready (attempt 1): By.xpath: (//div[@id='content-icon'])[2]
20:03:15 [TestNG-test-Yt Master Tests-1] INFO  verifyingSideMenuLanguageAsInSettingsLingua_20-02-28 - Looking for language element with name: Eesti
20:03:15 [TestNG-test-Yt Master Tests-1] INFO  verifyingSideMenuLanguageAsInSettingsLingua_20-02-28 - [verifyingSideMenuLanguageAsInSettingsLingua_20-02-28] Trying to find element: By.xpath: //yt-multi-page-menu-section-renderer[@class='style-scope ytd-multi-page-menu-renderer']//yt-formatted-string[@id='label' and text()='Eesti']
20:03:16 [TestNG-test-Yt Master Tests-1] INFO  verifyingSideMenuLanguageAsInSettingsLingua_20-02-28 - [verifyingSideMenuLanguageAsInSettingsLingua_20-02-28] Element found and ready (attempt 1): By.xpath: //yt-multi-page-menu-section-renderer[@class='style-scope ytd-multi-page-menu-renderer']//yt-formatted-string[@id='label' and text()='Eesti']
20:03:16 [TestNG-test-Yt Master Tests-1] INFO  verifyingSideMenuLanguageAsInSettingsLingua_20-02-28 - [verifyingSideMenuLanguageAsInSettingsLingua_20-02-28] Trying to find element: By.xpath: //yt-multi-page-menu-section-renderer[@class='style-scope ytd-multi-page-menu-renderer']//yt-formatted-string[@id='label' and text()='Eesti']
20:03:16 [TestNG-test-Yt Master Tests-1] INFO  verifyingSideMenuLanguageAsInSettingsLingua_20-02-28 - [verifyingSideMenuLanguageAsInSettingsLingua_20-02-28] Element found and ready (attempt 1): By.xpath: //yt-multi-page-menu-section-renderer[@class='style-scope ytd-multi-page-menu-renderer']//yt-formatted-string[@id='label' and text()='Eesti']
20:03:18 [TestNG-test-Yt Master Tests-1] INFO  verifyingSideMenuLanguageAsInSettingsLingua_20-02-28 - Clicking settings ellipses button...
20:03:18 [TestNG-test-Yt Master Tests-1] INFO  verifyingSideMenuLanguageAsInSettingsLingua_20-02-28 - [verifyingSideMenuLanguageAsInSettingsLingua_20-02-28] Trying to find element: By.xpath: //ytd-topbar-menu-button-renderer[@class='style-scope ytd-masthead style-default']
20:03:18 [TestNG-test-Yt Master Tests-1] INFO  verifyingSideMenuLanguageAsInSettingsLingua_20-02-28 - [verifyingSideMenuLanguageAsInSettingsLingua_20-02-28] Element found and ready (attempt 1): By.xpath: //ytd-topbar-menu-button-renderer[@class='style-scope ytd-masthead style-default']
20:03:18 [TestNG-test-Yt Master Tests-1] INFO  verifyingSideMenuLanguageAsInSettingsLingua_20-02-28 - [verifyingSideMenuLanguageAsInSettingsLingua_20-02-28] Waiting until element is visible in viewport
20:03:19 [TestNG-test-Yt Master Tests-1] INFO  verifyingSideMenuLanguageAsInSettingsLingua_20-02-28 - Clicking settings ellipses button...
20:03:19 [TestNG-test-Yt Master Tests-1] INFO  verifyingSideMenuLanguageAsInSettingsLingua_20-02-28 - [verifyingSideMenuLanguageAsInSettingsLingua_20-02-28] Trying to find element: By.xpath: //ytd-topbar-menu-button-renderer[@class='style-scope ytd-masthead style-default']
20:03:19 [TestNG-test-Yt Master Tests-1] INFO  verifyingSideMenuLanguageAsInSettingsLingua_20-02-28 - [verifyingSideMenuLanguageAsInSettingsLingua_20-02-28] Element found and ready (attempt 1): By.xpath: //ytd-topbar-menu-button-renderer[@class='style-scope ytd-masthead style-default']
20:03:19 [TestNG-test-Yt Master Tests-1] INFO  verifyingSideMenuLanguageAsInSettingsLingua_20-02-28 - Fetching the side menu in expanded view
20:03:19 [TestNG-test-Yt Master Tests-1] INFO  verifyingSideMenuLanguageAsInSettingsLingua_20-02-28 - [verifyingSideMenuLanguageAsInSettingsLingua_20-02-28] Finding elements list: By.xpath: //ytd-guide-entry-renderer[@class='style-scope ytd-guide-section-renderer']
20:03:20 [TestNG-test-Yt Master Tests-1] INFO  verifyingSideMenuLanguageAsInSettingsLingua_20-02-28 - [verifyingSideMenuLanguageAsInSettingsLingua_20-02-28] Found 13 ready elements (attempt 1): By.xpath: //ytd-guide-entry-renderer[@class='style-scope ytd-guide-section-renderer']
20:03:20 [TestNG-test-Yt Master Tests-1] INFO  verifyingSideMenuLanguageAsInSettingsLingua_20-02-28 - 
========== LANGUAGE DETECTION ==========
Detected Language : ESTONIAN
Input Text        : Avaleht Shorts Tellimused Teie Ajalugu Muusika Filmid ja telesarjad Otse YouTube Premium YouTube TV YouTube Music YouTube Kids Teavituste ajalugu
========================================
20:03:20 [TestNG-test-Yt Master Tests-1] INFO  verifyingSideMenuLanguageAsInSettingsLingua_20-02-28 - getLangAttribute() - locating <html> and reading lang property
20:03:20 [TestNG-test-Yt Master Tests-1] INFO  verifyingSideMenuLanguageAsInSettingsLingua_20-02-28 - Language attribute read: et-EE
20:03:20 [TestNG-test-Yt Master Tests-1] INFO  verifyingSideMenuLanguageAsInSettingsLingua_20-02-28 - [verifyingSideMenuLanguageAsInSettingsLingua_20-02-28] ApplicableLanguage==  Eesti     Detected Language ==  ESTONIAN  Expected Language == ESTONIAN
20:03:20 [TestNG-test-Yt Master Tests-1] INFO  verifyingSideMenuLanguageAsInSettingsLingua_20-02-28 - Clicking settings ellipses button...
20:03:20 [TestNG-test-Yt Master Tests-1] INFO  verifyingSideMenuLanguageAsInSettingsLingua_20-02-28 - [verifyingSideMenuLanguageAsInSettingsLingua_20-02-28] Trying to find element: By.xpath: //ytd-topbar-menu-button-renderer[@class='style-scope ytd-masthead style-default']
20:03:20 [TestNG-test-Yt Master Tests-1] INFO  verifyingSideMenuLanguageAsInSettingsLingua_20-02-28 - [verifyingSideMenuLanguageAsInSettingsLingua_20-02-28] Element found and ready (attempt 1): By.xpath: //ytd-topbar-menu-button-renderer[@class='style-scope ytd-masthead style-default']
20:03:20 [TestNG-test-Yt Master Tests-1] INFO  verifyingSideMenuLanguageAsInSettingsLingua_20-02-28 - Clicking language dropdown...
20:03:20 [TestNG-test-Yt Master Tests-1] INFO  verifyingSideMenuLanguageAsInSettingsLingua_20-02-28 - [verifyingSideMenuLanguageAsInSettingsLingua_20-02-28] Trying to find element: By.xpath: (//div[@id='content-icon'])[2]
20:03:20 [TestNG-test-Yt Master Tests-1] INFO  verifyingSideMenuLanguageAsInSettingsLingua_20-02-28 - [verifyingSideMenuLanguageAsInSettingsLingua_20-02-28] Element found and ready (attempt 1): By.xpath: (//div[@id='content-icon'])[2]
20:03:21 [TestNG-test-Yt Master Tests-1] INFO  verifyingSideMenuLanguageAsInSettingsLingua_20-02-28 - Looking for language element with name: English (India)
20:03:21 [TestNG-test-Yt Master Tests-1] INFO  verifyingSideMenuLanguageAsInSettingsLingua_20-02-28 - [verifyingSideMenuLanguageAsInSettingsLingua_20-02-28] Trying to find element: By.xpath: //yt-multi-page-menu-section-renderer[@class='style-scope ytd-multi-page-menu-renderer']//yt-formatted-string[@id='label' and text()='English (India)']
20:03:21 [TestNG-test-Yt Master Tests-1] INFO  verifyingSideMenuLanguageAsInSettingsLingua_20-02-28 - [verifyingSideMenuLanguageAsInSettingsLingua_20-02-28] Element found and ready (attempt 1): By.xpath: //yt-multi-page-menu-section-renderer[@class='style-scope ytd-multi-page-menu-renderer']//yt-formatted-string[@id='label' and text()='English (India)']
20:03:21 [TestNG-test-Yt Master Tests-1] INFO  verifyingSideMenuLanguageAsInSettingsLingua_20-02-28 - [verifyingSideMenuLanguageAsInSettingsLingua_20-02-28] Trying to find element: By.xpath: //yt-multi-page-menu-section-renderer[@class='style-scope ytd-multi-page-menu-renderer']//yt-formatted-string[@id='label' and text()='English (India)']
20:03:21 [TestNG-test-Yt Master Tests-1] INFO  verifyingSideMenuLanguageAsInSettingsLingua_20-02-28 - [verifyingSideMenuLanguageAsInSettingsLingua_20-02-28] Element found and ready (attempt 1): By.xpath: //yt-multi-page-menu-section-renderer[@class='style-scope ytd-multi-page-menu-renderer']//yt-formatted-string[@id='label' and text()='English (India)']
20:03:23 [TestNG-test-Yt Master Tests-1] INFO  verifyingSideMenuLanguageAsInSettingsLingua_20-02-28 - Clicking settings ellipses button...
20:03:23 [TestNG-test-Yt Master Tests-1] INFO  verifyingSideMenuLanguageAsInSettingsLingua_20-02-28 - [verifyingSideMenuLanguageAsInSettingsLingua_20-02-28] Trying to find element: By.xpath: //ytd-topbar-menu-button-renderer[@class='style-scope ytd-masthead style-default']
20:03:23 [TestNG-test-Yt Master Tests-1] INFO  verifyingSideMenuLanguageAsInSettingsLingua_20-02-28 - [verifyingSideMenuLanguageAsInSettingsLingua_20-02-28] Element found and ready (attempt 1): By.xpath: //ytd-topbar-menu-button-renderer[@class='style-scope ytd-masthead style-default']
20:03:23 [TestNG-test-Yt Master Tests-1] INFO  verifyingSideMenuLanguageAsInSettingsLingua_20-02-28 - [verifyingSideMenuLanguageAsInSettingsLingua_20-02-28] Waiting until element is visible in viewport
20:03:24 [TestNG-test-Yt Master Tests-1] INFO  verifyingSideMenuLanguageAsInSettingsLingua_20-02-28 - Clicking settings ellipses button...
20:03:24 [TestNG-test-Yt Master Tests-1] INFO  verifyingSideMenuLanguageAsInSettingsLingua_20-02-28 - [verifyingSideMenuLanguageAsInSettingsLingua_20-02-28] Trying to find element: By.xpath: //ytd-topbar-menu-button-renderer[@class='style-scope ytd-masthead style-default']
20:03:24 [TestNG-test-Yt Master Tests-1] INFO  verifyingSideMenuLanguageAsInSettingsLingua_20-02-28 - [verifyingSideMenuLanguageAsInSettingsLingua_20-02-28] Element found and ready (attempt 1): By.xpath: //ytd-topbar-menu-button-renderer[@class='style-scope ytd-masthead style-default']
20:03:24 [TestNG-test-Yt Master Tests-1] INFO  verifyingSideMenuLanguageAsInSettingsLingua_20-02-28 - Fetching the side menu in expanded view
20:03:24 [TestNG-test-Yt Master Tests-1] INFO  verifyingSideMenuLanguageAsInSettingsLingua_20-02-28 - [verifyingSideMenuLanguageAsInSettingsLingua_20-02-28] Finding elements list: By.xpath: //ytd-guide-entry-renderer[@class='style-scope ytd-guide-section-renderer']
20:03:24 [TestNG-test-Yt Master Tests-1] INFO  verifyingSideMenuLanguageAsInSettingsLingua_20-02-28 - [verifyingSideMenuLanguageAsInSettingsLingua_20-02-28] Found 13 ready elements (attempt 1): By.xpath: //ytd-guide-entry-renderer[@class='style-scope ytd-guide-section-renderer']
20:03:25 [TestNG-test-Yt Master Tests-1] INFO  verifyingSideMenuLanguageAsInSettingsLingua_20-02-28 - 
========== LANGUAGE DETECTION ==========
Detected Language : ENGLISH
Input Text        : Home Shorts Subscriptions You History Shopping Music Movies & TV YouTube Premium YouTube TV YouTube Music YouTube Kids Report history
========================================
20:03:25 [TestNG-test-Yt Master Tests-1] INFO  verifyingSideMenuLanguageAsInSettingsLingua_20-02-28 - getLangAttribute() - locating <html> and reading lang property
20:03:25 [TestNG-test-Yt Master Tests-1] INFO  verifyingSideMenuLanguageAsInSettingsLingua_20-02-28 - Language attribute read: en-IN
20:03:25 [TestNG-test-Yt Master Tests-1] INFO  verifyingSideMenuLanguageAsInSettingsLingua_20-02-28 - [verifyingSideMenuLanguageAsInSettingsLingua_20-02-28] ApplicableLanguage==  English (India)     Detected Language ==  ENGLISH  Expected Language == ENGLISH
20:03:25 [TestNG-test-Yt Master Tests-1] INFO  verifyingSideMenuLanguageAsInSettingsLingua_20-02-28 - Clicking settings ellipses button...
20:03:25 [TestNG-test-Yt Master Tests-1] INFO  verifyingSideMenuLanguageAsInSettingsLingua_20-02-28 - [verifyingSideMenuLanguageAsInSettingsLingua_20-02-28] Trying to find element: By.xpath: //ytd-topbar-menu-button-renderer[@class='style-scope ytd-masthead style-default']
20:03:25 [TestNG-test-Yt Master Tests-1] INFO  verifyingSideMenuLanguageAsInSettingsLingua_20-02-28 - [verifyingSideMenuLanguageAsInSettingsLingua_20-02-28] Element found and ready (attempt 1): By.xpath: //ytd-topbar-menu-button-renderer[@class='style-scope ytd-masthead style-default']
20:03:25 [TestNG-test-Yt Master Tests-1] INFO  verifyingSideMenuLanguageAsInSettingsLingua_20-02-28 - Clicking language dropdown...
20:03:25 [TestNG-test-Yt Master Tests-1] INFO  verifyingSideMenuLanguageAsInSettingsLingua_20-02-28 - [verifyingSideMenuLanguageAsInSettingsLingua_20-02-28] Trying to find element: By.xpath: (//div[@id='content-icon'])[2]
20:03:25 [TestNG-test-Yt Master Tests-1] INFO  verifyingSideMenuLanguageAsInSettingsLingua_20-02-28 - [verifyingSideMenuLanguageAsInSettingsLingua_20-02-28] Element found and ready (attempt 1): By.xpath: (//div[@id='content-icon'])[2]
20:03:26 [TestNG-test-Yt Master Tests-1] INFO  verifyingSideMenuLanguageAsInSettingsLingua_20-02-28 - Looking for language element with name: English (UK)
20:03:26 [TestNG-test-Yt Master Tests-1] INFO  verifyingSideMenuLanguageAsInSettingsLingua_20-02-28 - [verifyingSideMenuLanguageAsInSettingsLingua_20-02-28] Trying to find element: By.xpath: //yt-multi-page-menu-section-renderer[@class='style-scope ytd-multi-page-menu-renderer']//yt-formatted-string[@id='label' and text()='English (UK)']
20:03:26 [TestNG-test-Yt Master Tests-1] INFO  verifyingSideMenuLanguageAsInSettingsLingua_20-02-28 - [verifyingSideMenuLanguageAsInSettingsLingua_20-02-28] Element found and ready (attempt 1): By.xpath: //yt-multi-page-menu-section-renderer[@class='style-scope ytd-multi-page-menu-renderer']//yt-formatted-string[@id='label' and text()='English (UK)']
20:03:26 [TestNG-test-Yt Master Tests-1] INFO  verifyingSideMenuLanguageAsInSettingsLingua_20-02-28 - [verifyingSideMenuLanguageAsInSettingsLingua_20-02-28] Trying to find element: By.xpath: //yt-multi-page-menu-section-renderer[@class='style-scope ytd-multi-page-menu-renderer']//yt-formatted-string[@id='label' and text()='English (UK)']
20:03:26 [TestNG-test-Yt Master Tests-1] INFO  verifyingSideMenuLanguageAsInSettingsLingua_20-02-28 - [verifyingSideMenuLanguageAsInSettingsLingua_20-02-28] Element found and ready (attempt 1): By.xpath: //yt-multi-page-menu-section-renderer[@class='style-scope ytd-multi-page-menu-renderer']//yt-formatted-string[@id='label' and text()='English (UK)']
20:03:27 [TestNG-test-Yt Master Tests-1] INFO  verifyingSideMenuLanguageAsInSettingsLingua_20-02-28 - Clicking settings ellipses button...
20:03:27 [TestNG-test-Yt Master Tests-1] INFO  verifyingSideMenuLanguageAsInSettingsLingua_20-02-28 - [verifyingSideMenuLanguageAsInSettingsLingua_20-02-28] Trying to find element: By.xpath: //ytd-topbar-menu-button-renderer[@class='style-scope ytd-masthead style-default']
20:03:28 [TestNG-test-Yt Master Tests-1] INFO  verifyingSideMenuLanguageAsInSettingsLingua_20-02-28 - [verifyingSideMenuLanguageAsInSettingsLingua_20-02-28] Element found and ready (attempt 1): By.xpath: //ytd-topbar-menu-button-renderer[@class='style-scope ytd-masthead style-default']
20:03:28 [TestNG-test-Yt Master Tests-1] INFO  verifyingSideMenuLanguageAsInSettingsLingua_20-02-28 - [verifyingSideMenuLanguageAsInSettingsLingua_20-02-28] Waiting until element is visible in viewport
20:03:29 [TestNG-test-Yt Master Tests-1] INFO  verifyingSideMenuLanguageAsInSettingsLingua_20-02-28 - Clicking settings ellipses button...
20:03:29 [TestNG-test-Yt Master Tests-1] INFO  verifyingSideMenuLanguageAsInSettingsLingua_20-02-28 - [verifyingSideMenuLanguageAsInSettingsLingua_20-02-28] Trying to find element: By.xpath: //ytd-topbar-menu-button-renderer[@class='style-scope ytd-masthead style-default']
20:03:29 [TestNG-test-Yt Master Tests-1] INFO  verifyingSideMenuLanguageAsInSettingsLingua_20-02-28 - [verifyingSideMenuLanguageAsInSettingsLingua_20-02-28] Element found and ready (attempt 1): By.xpath: //ytd-topbar-menu-button-renderer[@class='style-scope ytd-masthead style-default']
20:03:29 [TestNG-test-Yt Master Tests-1] INFO  verifyingSideMenuLanguageAsInSettingsLingua_20-02-28 - Fetching the side menu in expanded view
20:03:29 [TestNG-test-Yt Master Tests-1] INFO  verifyingSideMenuLanguageAsInSettingsLingua_20-02-28 - [verifyingSideMenuLanguageAsInSettingsLingua_20-02-28] Finding elements list: By.xpath: //ytd-guide-entry-renderer[@class='style-scope ytd-guide-section-renderer']
20:03:30 [TestNG-test-Yt Master Tests-1] INFO  verifyingSideMenuLanguageAsInSettingsLingua_20-02-28 - [verifyingSideMenuLanguageAsInSettingsLingua_20-02-28] Found 13 ready elements (attempt 1): By.xpath: //ytd-guide-entry-renderer[@class='style-scope ytd-guide-section-renderer']
20:03:30 [TestNG-test-Yt Master Tests-1] INFO  verifyingSideMenuLanguageAsInSettingsLingua_20-02-28 - 
========== LANGUAGE DETECTION ==========
Detected Language : ENGLISH
Input Text        : Home Shorts Subscriptions You History Shopping Music Movies & TV YouTube Premium YouTube TV YouTube Music YouTube Kids Report history
========================================
20:03:30 [TestNG-test-Yt Master Tests-1] INFO  verifyingSideMenuLanguageAsInSettingsLingua_20-02-28 - getLangAttribute() - locating <html> and reading lang property
20:03:30 [TestNG-test-Yt Master Tests-1] INFO  verifyingSideMenuLanguageAsInSettingsLingua_20-02-28 - Language attribute read: en-GB
20:03:30 [TestNG-test-Yt Master Tests-1] INFO  verifyingSideMenuLanguageAsInSettingsLingua_20-02-28 - [verifyingSideMenuLanguageAsInSettingsLingua_20-02-28] ApplicableLanguage==  English (UK)     Detected Language ==  ENGLISH  Expected Language == ENGLISH
20:03:30 [TestNG-test-Yt Master Tests-1] INFO  verifyingSideMenuLanguageAsInSettingsLingua_20-02-28 - Clicking settings ellipses button...
20:03:30 [TestNG-test-Yt Master Tests-1] INFO  verifyingSideMenuLanguageAsInSettingsLingua_20-02-28 - [verifyingSideMenuLanguageAsInSettingsLingua_20-02-28] Trying to find element: By.xpath: //ytd-topbar-menu-button-renderer[@class='style-scope ytd-masthead style-default']
20:03:30 [TestNG-test-Yt Master Tests-1] INFO  verifyingSideMenuLanguageAsInSettingsLingua_20-02-28 - [verifyingSideMenuLanguageAsInSettingsLingua_20-02-28] Element found and ready (attempt 1): By.xpath: //ytd-topbar-menu-button-renderer[@class='style-scope ytd-masthead style-default']
20:03:30 [TestNG-test-Yt Master Tests-1] INFO  verifyingSideMenuLanguageAsInSettingsLingua_20-02-28 - Clicking language dropdown...
20:03:30 [TestNG-test-Yt Master Tests-1] INFO  verifyingSideMenuLanguageAsInSettingsLingua_20-02-28 - [verifyingSideMenuLanguageAsInSettingsLingua_20-02-28] Trying to find element: By.xpath: (//div[@id='content-icon'])[2]
20:03:30 [TestNG-test-Yt Master Tests-1] INFO  verifyingSideMenuLanguageAsInSettingsLingua_20-02-28 - [verifyingSideMenuLanguageAsInSettingsLingua_20-02-28] Element found and ready (attempt 1): By.xpath: (//div[@id='content-icon'])[2]
20:03:31 [TestNG-test-Yt Master Tests-1] INFO  verifyingSideMenuLanguageAsInSettingsLingua_20-02-28 - Looking for language element with name: English (US)
20:03:31 [TestNG-test-Yt Master Tests-1] INFO  verifyingSideMenuLanguageAsInSettingsLingua_20-02-28 - [verifyingSideMenuLanguageAsInSettingsLingua_20-02-28] Trying to find element: By.xpath: //yt-multi-page-menu-section-renderer[@class='style-scope ytd-multi-page-menu-renderer']//yt-formatted-string[@id='label' and text()='English (US)']
20:03:31 [TestNG-test-Yt Master Tests-1] INFO  verifyingSideMenuLanguageAsInSettingsLingua_20-02-28 - [verifyingSideMenuLanguageAsInSettingsLingua_20-02-28] Element found and ready (attempt 1): By.xpath: //yt-multi-page-menu-section-renderer[@class='style-scope ytd-multi-page-menu-renderer']//yt-formatted-string[@id='label' and text()='English (US)']
20:03:31 [TestNG-test-Yt Master Tests-1] INFO  verifyingSideMenuLanguageAsInSettingsLingua_20-02-28 - [verifyingSideMenuLanguageAsInSettingsLingua_20-02-28] Trying to find element: By.xpath: //yt-multi-page-menu-section-renderer[@class='style-scope ytd-multi-page-menu-renderer']//yt-formatted-string[@id='label' and text()='English (US)']
20:03:31 [TestNG-test-Yt Master Tests-1] INFO  verifyingSideMenuLanguageAsInSettingsLingua_20-02-28 - [verifyingSideMenuLanguageAsInSettingsLingua_20-02-28] Element found and ready (attempt 1): By.xpath: //yt-multi-page-menu-section-renderer[@class='style-scope ytd-multi-page-menu-renderer']//yt-formatted-string[@id='label' and text()='English (US)']
20:03:33 [TestNG-test-Yt Master Tests-1] INFO  verifyingSideMenuLanguageAsInSettingsLingua_20-02-28 - Clicking settings ellipses button...
20:03:33 [TestNG-test-Yt Master Tests-1] INFO  verifyingSideMenuLanguageAsInSettingsLingua_20-02-28 - [verifyingSideMenuLanguageAsInSettingsLingua_20-02-28] Trying to find element: By.xpath: //ytd-topbar-menu-button-renderer[@class='style-scope ytd-masthead style-default']
20:03:33 [TestNG-test-Yt Master Tests-1] INFO  verifyingSideMenuLanguageAsInSettingsLingua_20-02-28 - [verifyingSideMenuLanguageAsInSettingsLingua_20-02-28] Element found and ready (attempt 1): By.xpath: //ytd-topbar-menu-button-renderer[@class='style-scope ytd-masthead style-default']
20:03:33 [TestNG-test-Yt Master Tests-1] INFO  verifyingSideMenuLanguageAsInSettingsLingua_20-02-28 - [verifyingSideMenuLanguageAsInSettingsLingua_20-02-28] Waiting until element is visible in viewport
20:03:34 [TestNG-test-Yt Master Tests-1] INFO  verifyingSideMenuLanguageAsInSettingsLingua_20-02-28 - Clicking settings ellipses button...
20:03:34 [TestNG-test-Yt Master Tests-1] INFO  verifyingSideMenuLanguageAsInSettingsLingua_20-02-28 - [verifyingSideMenuLanguageAsInSettingsLingua_20-02-28] Trying to find element: By.xpath: //ytd-topbar-menu-button-renderer[@class='style-scope ytd-masthead style-default']
20:03:34 [TestNG-test-Yt Master Tests-1] INFO  verifyingSideMenuLanguageAsInSettingsLingua_20-02-28 - [verifyingSideMenuLanguageAsInSettingsLingua_20-02-28] Element found and ready (attempt 1): By.xpath: //ytd-topbar-menu-button-renderer[@class='style-scope ytd-masthead style-default']
20:03:34 [TestNG-test-Yt Master Tests-1] INFO  verifyingSideMenuLanguageAsInSettingsLingua_20-02-28 - Fetching the side menu in expanded view
20:03:34 [TestNG-test-Yt Master Tests-1] INFO  verifyingSideMenuLanguageAsInSettingsLingua_20-02-28 - [verifyingSideMenuLanguageAsInSettingsLingua_20-02-28] Finding elements list: By.xpath: //ytd-guide-entry-renderer[@class='style-scope ytd-guide-section-renderer']
20:03:35 [TestNG-test-Yt Master Tests-1] INFO  verifyingSideMenuLanguageAsInSettingsLingua_20-02-28 - [verifyingSideMenuLanguageAsInSettingsLingua_20-02-28] Found 13 ready elements (attempt 1): By.xpath: //ytd-guide-entry-renderer[@class='style-scope ytd-guide-section-renderer']
20:03:35 [TestNG-test-Yt Master Tests-1] INFO  verifyingSideMenuLanguageAsInSettingsLingua_20-02-28 - 
========== LANGUAGE DETECTION ==========
Detected Language : ENGLISH
Input Text        : Home Shorts Subscriptions You History Shopping Music Movies & TV YouTube Premium YouTube TV YouTube Music YouTube Kids Report history
========================================
20:03:35 [TestNG-test-Yt Master Tests-1] INFO  verifyingSideMenuLanguageAsInSettingsLingua_20-02-28 - getLangAttribute() - locating <html> and reading lang property
20:03:35 [TestNG-test-Yt Master Tests-1] INFO  verifyingSideMenuLanguageAsInSettingsLingua_20-02-28 - Language attribute read: en
20:03:35 [TestNG-test-Yt Master Tests-1] INFO  verifyingSideMenuLanguageAsInSettingsLingua_20-02-28 - [verifyingSideMenuLanguageAsInSettingsLingua_20-02-28] ApplicableLanguage==  English (US)     Detected Language ==  ENGLISH  Expected Language == ENGLISH
20:03:35 [TestNG-test-Yt Master Tests-1] INFO  verifyingSideMenuLanguageAsInSettingsLingua_20-02-28 - Clicking settings ellipses button...
20:03:35 [TestNG-test-Yt Master Tests-1] INFO  verifyingSideMenuLanguageAsInSettingsLingua_20-02-28 - [verifyingSideMenuLanguageAsInSettingsLingua_20-02-28] Trying to find element: By.xpath: //ytd-topbar-menu-button-renderer[@class='style-scope ytd-masthead style-default']
20:03:35 [TestNG-test-Yt Master Tests-1] INFO  verifyingSideMenuLanguageAsInSettingsLingua_20-02-28 - [verifyingSideMenuLanguageAsInSettingsLingua_20-02-28] Element found and ready (attempt 1): By.xpath: //ytd-topbar-menu-button-renderer[@class='style-scope ytd-masthead style-default']
20:03:35 [TestNG-test-Yt Master Tests-1] INFO  verifyingSideMenuLanguageAsInSettingsLingua_20-02-28 - Clicking language dropdown...
20:03:35 [TestNG-test-Yt Master Tests-1] INFO  verifyingSideMenuLanguageAsInSettingsLingua_20-02-28 - [verifyingSideMenuLanguageAsInSettingsLingua_20-02-28] Trying to find element: By.xpath: (//div[@id='content-icon'])[2]
20:03:36 [TestNG-test-Yt Master Tests-1] INFO  verifyingSideMenuLanguageAsInSettingsLingua_20-02-28 - [verifyingSideMenuLanguageAsInSettingsLingua_20-02-28] Element found and ready (attempt 1): By.xpath: (//div[@id='content-icon'])[2]
20:03:36 [TestNG-test-Yt Master Tests-1] INFO  verifyingSideMenuLanguageAsInSettingsLingua_20-02-28 - Looking for language element with name: Español (España)
20:03:36 [TestNG-test-Yt Master Tests-1] INFO  verifyingSideMenuLanguageAsInSettingsLingua_20-02-28 - [verifyingSideMenuLanguageAsInSettingsLingua_20-02-28] Trying to find element: By.xpath: //yt-multi-page-menu-section-renderer[@class='style-scope ytd-multi-page-menu-renderer']//yt-formatted-string[@id='label' and text()='Español (España)']
20:03:36 [TestNG-test-Yt Master Tests-1] INFO  verifyingSideMenuLanguageAsInSettingsLingua_20-02-28 - [verifyingSideMenuLanguageAsInSettingsLingua_20-02-28] Element found and ready (attempt 1): By.xpath: //yt-multi-page-menu-section-renderer[@class='style-scope ytd-multi-page-menu-renderer']//yt-formatted-string[@id='label' and text()='Español (España)']
20:03:36 [TestNG-test-Yt Master Tests-1] INFO  verifyingSideMenuLanguageAsInSettingsLingua_20-02-28 - [verifyingSideMenuLanguageAsInSettingsLingua_20-02-28] Trying to find element: By.xpath: //yt-multi-page-menu-section-renderer[@class='style-scope ytd-multi-page-menu-renderer']//yt-formatted-string[@id='label' and text()='Español (España)']
20:03:36 [TestNG-test-Yt Master Tests-1] INFO  verifyingSideMenuLanguageAsInSettingsLingua_20-02-28 - [verifyingSideMenuLanguageAsInSettingsLingua_20-02-28] Element found and ready (attempt 1): By.xpath: //yt-multi-page-menu-section-renderer[@class='style-scope ytd-multi-page-menu-renderer']//yt-formatted-string[@id='label' and text()='Español (España)']
20:03:38 [TestNG-test-Yt Master Tests-1] INFO  verifyingSideMenuLanguageAsInSettingsLingua_20-02-28 - Clicking settings ellipses button...
20:03:38 [TestNG-test-Yt Master Tests-1] INFO  verifyingSideMenuLanguageAsInSettingsLingua_20-02-28 - [verifyingSideMenuLanguageAsInSettingsLingua_20-02-28] Trying to find element: By.xpath: //ytd-topbar-menu-button-renderer[@class='style-scope ytd-masthead style-default']
20:03:38 [TestNG-test-Yt Master Tests-1] INFO  verifyingSideMenuLanguageAsInSettingsLingua_20-02-28 - [verifyingSideMenuLanguageAsInSettingsLingua_20-02-28] Element found and ready (attempt 1): By.xpath: //ytd-topbar-menu-button-renderer[@class='style-scope ytd-masthead style-default']
20:03:38 [TestNG-test-Yt Master Tests-1] INFO  verifyingSideMenuLanguageAsInSettingsLingua_20-02-28 - [verifyingSideMenuLanguageAsInSettingsLingua_20-02-28] Waiting until element is visible in viewport
20:03:39 [TestNG-test-Yt Master Tests-1] INFO  verifyingSideMenuLanguageAsInSettingsLingua_20-02-28 - Clicking settings ellipses button...
20:03:39 [TestNG-test-Yt Master Tests-1] INFO  verifyingSideMenuLanguageAsInSettingsLingua_20-02-28 - [verifyingSideMenuLanguageAsInSettingsLingua_20-02-28] Trying to find element: By.xpath: //ytd-topbar-menu-button-renderer[@class='style-scope ytd-masthead style-default']
20:03:39 [TestNG-test-Yt Master Tests-1] INFO  verifyingSideMenuLanguageAsInSettingsLingua_20-02-28 - [verifyingSideMenuLanguageAsInSettingsLingua_20-02-28] Element found and ready (attempt 1): By.xpath: //ytd-topbar-menu-button-renderer[@class='style-scope ytd-masthead style-default']
20:03:39 [TestNG-test-Yt Master Tests-1] INFO  verifyingSideMenuLanguageAsInSettingsLingua_20-02-28 - Fetching the side menu in expanded view
20:03:39 [TestNG-test-Yt Master Tests-1] INFO  verifyingSideMenuLanguageAsInSettingsLingua_20-02-28 - [verifyingSideMenuLanguageAsInSettingsLingua_20-02-28] Finding elements list: By.xpath: //ytd-guide-entry-renderer[@class='style-scope ytd-guide-section-renderer']
20:03:40 [TestNG-test-Yt Master Tests-1] INFO  verifyingSideMenuLanguageAsInSettingsLingua_20-02-28 - [verifyingSideMenuLanguageAsInSettingsLingua_20-02-28] Found 13 ready elements (attempt 1): By.xpath: //ytd-guide-entry-renderer[@class='style-scope ytd-guide-section-renderer']
20:03:40 [TestNG-test-Yt Master Tests-1] INFO  verifyingSideMenuLanguageAsInSettingsLingua_20-02-28 - 
========== LANGUAGE DETECTION ==========
Detected Language : PORTUGUESE
Input Text        : Inicio Shorts Suscripciones Tú Historial Música Películas y series En directo YouTube Premium YouTube TV YouTube Music YouTube Kids Historial de denuncias
========================================
20:03:40 [TestNG-test-Yt Master Tests-1] INFO  verifyingSideMenuLanguageAsInSettingsLingua_20-02-28 - getLangAttribute() - locating <html> and reading lang property
20:03:40 [TestNG-test-Yt Master Tests-1] INFO  verifyingSideMenuLanguageAsInSettingsLingua_20-02-28 - Language attribute read: es-ES
20:03:40 [TestNG-test-Yt Master Tests-1] INFO  verifyingSideMenuLanguageAsInSettingsLingua_20-02-28 - [verifyingSideMenuLanguageAsInSettingsLingua_20-02-28] ApplicableLanguage==  Español (España)     Detected Language ==  PORTUGUESE  Expected Language == SPANISH
20:03:40 [TestNG-test-Yt Master Tests-1] INFO  verifyingSideMenuLanguageAsInSettingsLingua_20-02-28 - Clicking settings ellipses button...
20:03:40 [TestNG-test-Yt Master Tests-1] INFO  verifyingSideMenuLanguageAsInSettingsLingua_20-02-28 - [verifyingSideMenuLanguageAsInSettingsLingua_20-02-28] Trying to find element: By.xpath: //ytd-topbar-menu-button-renderer[@class='style-scope ytd-masthead style-default']
20:03:40 [TestNG-test-Yt Master Tests-1] INFO  verifyingSideMenuLanguageAsInSettingsLingua_20-02-28 - [verifyingSideMenuLanguageAsInSettingsLingua_20-02-28] Element found and ready (attempt 1): By.xpath: //ytd-topbar-menu-button-renderer[@class='style-scope ytd-masthead style-default']
20:03:40 [TestNG-test-Yt Master Tests-1] INFO  verifyingSideMenuLanguageAsInSettingsLingua_20-02-28 - Clicking language dropdown...
20:03:40 [TestNG-test-Yt Master Tests-1] INFO  verifyingSideMenuLanguageAsInSettingsLingua_20-02-28 - [verifyingSideMenuLanguageAsInSettingsLingua_20-02-28] Trying to find element: By.xpath: (//div[@id='content-icon'])[2]
20:03:41 [TestNG-test-Yt Master Tests-1] INFO  verifyingSideMenuLanguageAsInSettingsLingua_20-02-28 - [verifyingSideMenuLanguageAsInSettingsLingua_20-02-28] Element found and ready (attempt 1): By.xpath: (//div[@id='content-icon'])[2]
20:03:41 [TestNG-test-Yt Master Tests-1] INFO  verifyingSideMenuLanguageAsInSettingsLingua_20-02-28 - Looking for language element with name: Español (Latinoamérica)
20:03:41 [TestNG-test-Yt Master Tests-1] INFO  verifyingSideMenuLanguageAsInSettingsLingua_20-02-28 - [verifyingSideMenuLanguageAsInSettingsLingua_20-02-28] Trying to find element: By.xpath: //yt-multi-page-menu-section-renderer[@class='style-scope ytd-multi-page-menu-renderer']//yt-formatted-string[@id='label' and text()='Español (Latinoamérica)']
20:03:41 [TestNG-test-Yt Master Tests-1] INFO  verifyingSideMenuLanguageAsInSettingsLingua_20-02-28 - [verifyingSideMenuLanguageAsInSettingsLingua_20-02-28] Element found and ready (attempt 1): By.xpath: //yt-multi-page-menu-section-renderer[@class='style-scope ytd-multi-page-menu-renderer']//yt-formatted-string[@id='label' and text()='Español (Latinoamérica)']
20:03:41 [TestNG-test-Yt Master Tests-1] INFO  verifyingSideMenuLanguageAsInSettingsLingua_20-02-28 - [verifyingSideMenuLanguageAsInSettingsLingua_20-02-28] Trying to find element: By.xpath: //yt-multi-page-menu-section-renderer[@class='style-scope ytd-multi-page-menu-renderer']//yt-formatted-string[@id='label' and text()='Español (Latinoamérica)']
20:03:41 [TestNG-test-Yt Master Tests-1] INFO  verifyingSideMenuLanguageAsInSettingsLingua_20-02-28 - [verifyingSideMenuLanguageAsInSettingsLingua_20-02-28] Element found and ready (attempt 1): By.xpath: //yt-multi-page-menu-section-renderer[@class='style-scope ytd-multi-page-menu-renderer']//yt-formatted-string[@id='label' and text()='Español (Latinoamérica)']
20:03:42 [TestNG-test-Yt Master Tests-1] INFO  verifyingSideMenuLanguageAsInSettingsLingua_20-02-28 - Clicking settings ellipses button...
20:03:43 [TestNG-test-Yt Master Tests-1] INFO  verifyingSideMenuLanguageAsInSettingsLingua_20-02-28 - [verifyingSideMenuLanguageAsInSettingsLingua_20-02-28] Trying to find element: By.xpath: //ytd-topbar-menu-button-renderer[@class='style-scope ytd-masthead style-default']
20:03:44 [TestNG-test-Yt Master Tests-1] INFO  verifyingSideMenuLanguageAsInSettingsLingua_20-02-28 - [verifyingSideMenuLanguageAsInSettingsLingua_20-02-28] Element found and ready (attempt 1): By.xpath: //ytd-topbar-menu-button-renderer[@class='style-scope ytd-masthead style-default']
20:03:44 [TestNG-test-Yt Master Tests-1] INFO  verifyingSideMenuLanguageAsInSettingsLingua_20-02-28 - [verifyingSideMenuLanguageAsInSettingsLingua_20-02-28] Waiting until element is visible in viewport
20:03:45 [TestNG-test-Yt Master Tests-1] INFO  verifyingSideMenuLanguageAsInSettingsLingua_20-02-28 - Clicking settings ellipses button...
20:03:45 [TestNG-test-Yt Master Tests-1] INFO  verifyingSideMenuLanguageAsInSettingsLingua_20-02-28 - [verifyingSideMenuLanguageAsInSettingsLingua_20-02-28] Trying to find element: By.xpath: //ytd-topbar-menu-button-renderer[@class='style-scope ytd-masthead style-default']
20:03:45 [TestNG-test-Yt Master Tests-1] INFO  verifyingSideMenuLanguageAsInSettingsLingua_20-02-28 - [verifyingSideMenuLanguageAsInSettingsLingua_20-02-28] Element found and ready (attempt 1): By.xpath: //ytd-topbar-menu-button-renderer[@class='style-scope ytd-masthead style-default']
20:03:45 [TestNG-test-Yt Master Tests-1] INFO  verifyingSideMenuLanguageAsInSettingsLingua_20-02-28 - Fetching the side menu in expanded view
20:03:45 [TestNG-test-Yt Master Tests-1] INFO  verifyingSideMenuLanguageAsInSettingsLingua_20-02-28 - [verifyingSideMenuLanguageAsInSettingsLingua_20-02-28] Finding elements list: By.xpath: //ytd-guide-entry-renderer[@class='style-scope ytd-guide-section-renderer']
20:03:45 [TestNG-test-Yt Master Tests-1] INFO  verifyingSideMenuLanguageAsInSettingsLingua_20-02-28 - [verifyingSideMenuLanguageAsInSettingsLingua_20-02-28] Found 13 ready elements (attempt 1): By.xpath: //ytd-guide-entry-renderer[@class='style-scope ytd-guide-section-renderer']
20:03:45 [TestNG-test-Yt Master Tests-1] INFO  verifyingSideMenuLanguageAsInSettingsLingua_20-02-28 - 
========== LANGUAGE DETECTION ==========
Detected Language : PORTUGUESE
Input Text        : Principal Shorts Suscripciones Tú Historial Música Películas y TV En vivo YouTube Premium YouTube TV YouTube Music YouTube Kids Historial de denuncias
========================================
20:03:45 [TestNG-test-Yt Master Tests-1] INFO  verifyingSideMenuLanguageAsInSettingsLingua_20-02-28 - getLangAttribute() - locating <html> and reading lang property
20:03:45 [TestNG-test-Yt Master Tests-1] INFO  verifyingSideMenuLanguageAsInSettingsLingua_20-02-28 - Language attribute read: es-419
20:03:45 [TestNG-test-Yt Master Tests-1] INFO  verifyingSideMenuLanguageAsInSettingsLingua_20-02-28 - [verifyingSideMenuLanguageAsInSettingsLingua_20-02-28] ApplicableLanguage==  Español (Latinoamérica)     Detected Language ==  PORTUGUESE  Expected Language == SPANISH
20:03:45 [TestNG-test-Yt Master Tests-1] INFO  verifyingSideMenuLanguageAsInSettingsLingua_20-02-28 - Clicking settings ellipses button...
20:03:45 [TestNG-test-Yt Master Tests-1] INFO  verifyingSideMenuLanguageAsInSettingsLingua_20-02-28 - [verifyingSideMenuLanguageAsInSettingsLingua_20-02-28] Trying to find element: By.xpath: //ytd-topbar-menu-button-renderer[@class='style-scope ytd-masthead style-default']
20:03:45 [TestNG-test-Yt Master Tests-1] INFO  verifyingSideMenuLanguageAsInSettingsLingua_20-02-28 - [verifyingSideMenuLanguageAsInSettingsLingua_20-02-28] Element found and ready (attempt 1): By.xpath: //ytd-topbar-menu-button-renderer[@class='style-scope ytd-masthead style-default']
20:03:45 [TestNG-test-Yt Master Tests-1] INFO  verifyingSideMenuLanguageAsInSettingsLingua_20-02-28 - Clicking language dropdown...
20:03:45 [TestNG-test-Yt Master Tests-1] INFO  verifyingSideMenuLanguageAsInSettingsLingua_20-02-28 - [verifyingSideMenuLanguageAsInSettingsLingua_20-02-28] Trying to find element: By.xpath: (//div[@id='content-icon'])[2]
20:03:46 [TestNG-test-Yt Master Tests-1] INFO  verifyingSideMenuLanguageAsInSettingsLingua_20-02-28 - [verifyingSideMenuLanguageAsInSettingsLingua_20-02-28] Element found and ready (attempt 1): By.xpath: (//div[@id='content-icon'])[2]
20:03:46 [TestNG-test-Yt Master Tests-1] INFO  verifyingSideMenuLanguageAsInSettingsLingua_20-02-28 - Looking for language element with name: Español (US)
20:03:46 [TestNG-test-Yt Master Tests-1] INFO  verifyingSideMenuLanguageAsInSettingsLingua_20-02-28 - [verifyingSideMenuLanguageAsInSettingsLingua_20-02-28] Trying to find element: By.xpath: //yt-multi-page-menu-section-renderer[@class='style-scope ytd-multi-page-menu-renderer']//yt-formatted-string[@id='label' and text()='Español (US)']
20:03:47 [TestNG-test-Yt Master Tests-1] INFO  verifyingSideMenuLanguageAsInSettingsLingua_20-02-28 - [verifyingSideMenuLanguageAsInSettingsLingua_20-02-28] Element found and ready (attempt 1): By.xpath: //yt-multi-page-menu-section-renderer[@class='style-scope ytd-multi-page-menu-renderer']//yt-formatted-string[@id='label' and text()='Español (US)']
20:03:47 [TestNG-test-Yt Master Tests-1] INFO  verifyingSideMenuLanguageAsInSettingsLingua_20-02-28 - [verifyingSideMenuLanguageAsInSettingsLingua_20-02-28] Trying to find element: By.xpath: //yt-multi-page-menu-section-renderer[@class='style-scope ytd-multi-page-menu-renderer']//yt-formatted-string[@id='label' and text()='Español (US)']
20:03:47 [TestNG-test-Yt Master Tests-1] INFO  verifyingSideMenuLanguageAsInSettingsLingua_20-02-28 - [verifyingSideMenuLanguageAsInSettingsLingua_20-02-28] Element found and ready (attempt 1): By.xpath: //yt-multi-page-menu-section-renderer[@class='style-scope ytd-multi-page-menu-renderer']//yt-formatted-string[@id='label' and text()='Español (US)']
20:03:47 [TestNG-test-Yt Master Tests-1] INFO  verifyingSideMenuLanguageAsInSettingsLingua_20-02-28 - Clicking settings ellipses button...
20:03:48 [TestNG-test-Yt Master Tests-1] INFO  verifyingSideMenuLanguageAsInSettingsLingua_20-02-28 - [verifyingSideMenuLanguageAsInSettingsLingua_20-02-28] Trying to find element: By.xpath: //ytd-topbar-menu-button-renderer[@class='style-scope ytd-masthead style-default']
20:03:48 [TestNG-test-Yt Master Tests-1] INFO  verifyingSideMenuLanguageAsInSettingsLingua_20-02-28 - [verifyingSideMenuLanguageAsInSettingsLingua_20-02-28] Element found and ready (attempt 1): By.xpath: //ytd-topbar-menu-button-renderer[@class='style-scope ytd-masthead style-default']
20:03:48 [TestNG-test-Yt Master Tests-1] INFO  verifyingSideMenuLanguageAsInSettingsLingua_20-02-28 - [verifyingSideMenuLanguageAsInSettingsLingua_20-02-28] Waiting until element is visible in viewport
20:03:49 [TestNG-test-Yt Master Tests-1] INFO  verifyingSideMenuLanguageAsInSettingsLingua_20-02-28 - Clicking settings ellipses button...
20:03:49 [TestNG-test-Yt Master Tests-1] INFO  verifyingSideMenuLanguageAsInSettingsLingua_20-02-28 - [verifyingSideMenuLanguageAsInSettingsLingua_20-02-28] Trying to find element: By.xpath: //ytd-topbar-menu-button-renderer[@class='style-scope ytd-masthead style-default']
20:03:49 [TestNG-test-Yt Master Tests-1] INFO  verifyingSideMenuLanguageAsInSettingsLingua_20-02-28 - [verifyingSideMenuLanguageAsInSettingsLingua_20-02-28] Element found and ready (attempt 1): By.xpath: //ytd-topbar-menu-button-renderer[@class='style-scope ytd-masthead style-default']
20:03:49 [TestNG-test-Yt Master Tests-1] INFO  verifyingSideMenuLanguageAsInSettingsLingua_20-02-28 - Fetching the side menu in expanded view
20:03:49 [TestNG-test-Yt Master Tests-1] INFO  verifyingSideMenuLanguageAsInSettingsLingua_20-02-28 - [verifyingSideMenuLanguageAsInSettingsLingua_20-02-28] Finding elements list: By.xpath: //ytd-guide-entry-renderer[@class='style-scope ytd-guide-section-renderer']
20:03:49 [TestNG-test-Yt Master Tests-1] INFO  verifyingSideMenuLanguageAsInSettingsLingua_20-02-28 - [verifyingSideMenuLanguageAsInSettingsLingua_20-02-28] Found 13 ready elements (attempt 1): By.xpath: //ytd-guide-entry-renderer[@class='style-scope ytd-guide-section-renderer']
20:03:50 [TestNG-test-Yt Master Tests-1] INFO  verifyingSideMenuLanguageAsInSettingsLingua_20-02-28 - 
========== LANGUAGE DETECTION ==========
Detected Language : PORTUGUESE
Input Text        : Principal Shorts Suscripciones Tú Historial Música Películas y TV En vivo YouTube Premium YouTube TV YouTube Music YouTube Kids Historial de denuncias
========================================
20:03:50 [TestNG-test-Yt Master Tests-1] INFO  verifyingSideMenuLanguageAsInSettingsLingua_20-02-28 - getLangAttribute() - locating <html> and reading lang property
20:03:50 [TestNG-test-Yt Master Tests-1] INFO  verifyingSideMenuLanguageAsInSettingsLingua_20-02-28 - Language attribute read: es-US
20:03:50 [TestNG-test-Yt Master Tests-1] INFO  verifyingSideMenuLanguageAsInSettingsLingua_20-02-28 - [verifyingSideMenuLanguageAsInSettingsLingua_20-02-28] ApplicableLanguage==  Español (US)     Detected Language ==  PORTUGUESE  Expected Language == SPANISH
20:03:50 [TestNG-test-Yt Master Tests-1] INFO  verifyingSideMenuLanguageAsInSettingsLingua_20-02-28 - Clicking settings ellipses button...
20:03:50 [TestNG-test-Yt Master Tests-1] INFO  verifyingSideMenuLanguageAsInSettingsLingua_20-02-28 - [verifyingSideMenuLanguageAsInSettingsLingua_20-02-28] Trying to find element: By.xpath: //ytd-topbar-menu-button-renderer[@class='style-scope ytd-masthead style-default']
20:03:50 [TestNG-test-Yt Master Tests-1] INFO  verifyingSideMenuLanguageAsInSettingsLingua_20-02-28 - [verifyingSideMenuLanguageAsInSettingsLingua_20-02-28] Element found and ready (attempt 1): By.xpath: //ytd-topbar-menu-button-renderer[@class='style-scope ytd-masthead style-default']
20:03:50 [TestNG-test-Yt Master Tests-1] INFO  verifyingSideMenuLanguageAsInSettingsLingua_20-02-28 - Clicking language dropdown...
20:03:50 [TestNG-test-Yt Master Tests-1] INFO  verifyingSideMenuLanguageAsInSettingsLingua_20-02-28 - [verifyingSideMenuLanguageAsInSettingsLingua_20-02-28] Trying to find element: By.xpath: (//div[@id='content-icon'])[2]
20:03:50 [TestNG-test-Yt Master Tests-1] INFO  verifyingSideMenuLanguageAsInSettingsLingua_20-02-28 - [verifyingSideMenuLanguageAsInSettingsLingua_20-02-28] Element found and ready (attempt 1): By.xpath: (//div[@id='content-icon'])[2]
20:03:51 [TestNG-test-Yt Master Tests-1] INFO  verifyingSideMenuLanguageAsInSettingsLingua_20-02-28 - Looking for language element with name: Euskara
20:03:51 [TestNG-test-Yt Master Tests-1] INFO  verifyingSideMenuLanguageAsInSettingsLingua_20-02-28 - [verifyingSideMenuLanguageAsInSettingsLingua_20-02-28] Trying to find element: By.xpath: //yt-multi-page-menu-section-renderer[@class='style-scope ytd-multi-page-menu-renderer']//yt-formatted-string[@id='label' and text()='Euskara']
20:03:51 [TestNG-test-Yt Master Tests-1] INFO  verifyingSideMenuLanguageAsInSettingsLingua_20-02-28 - [verifyingSideMenuLanguageAsInSettingsLingua_20-02-28] Element found and ready (attempt 1): By.xpath: //yt-multi-page-menu-section-renderer[@class='style-scope ytd-multi-page-menu-renderer']//yt-formatted-string[@id='label' and text()='Euskara']
20:03:51 [TestNG-test-Yt Master Tests-1] INFO  verifyingSideMenuLanguageAsInSettingsLingua_20-02-28 - [verifyingSideMenuLanguageAsInSettingsLingua_20-02-28] Trying to find element: By.xpath: //yt-multi-page-menu-section-renderer[@class='style-scope ytd-multi-page-menu-renderer']//yt-formatted-string[@id='label' and text()='Euskara']
20:03:51 [TestNG-test-Yt Master Tests-1] INFO  verifyingSideMenuLanguageAsInSettingsLingua_20-02-28 - [verifyingSideMenuLanguageAsInSettingsLingua_20-02-28] Element found and ready (attempt 1): By.xpath: //yt-multi-page-menu-section-renderer[@class='style-scope ytd-multi-page-menu-renderer']//yt-formatted-string[@id='label' and text()='Euskara']
20:03:51 [TestNG-test-Yt Master Tests-1] INFO  verifyingSideMenuLanguageAsInSettingsLingua_20-02-28 - Clicking settings ellipses button...
20:03:52 [TestNG-test-Yt Master Tests-1] INFO  verifyingSideMenuLanguageAsInSettingsLingua_20-02-28 - [verifyingSideMenuLanguageAsInSettingsLingua_20-02-28] Trying to find element: By.xpath: //ytd-topbar-menu-button-renderer[@class='style-scope ytd-masthead style-default']
20:03:52 [TestNG-test-Yt Master Tests-1] INFO  verifyingSideMenuLanguageAsInSettingsLingua_20-02-28 - [verifyingSideMenuLanguageAsInSettingsLingua_20-02-28] Element found and ready (attempt 1): By.xpath: //ytd-topbar-menu-button-renderer[@class='style-scope ytd-masthead style-default']
20:03:52 [TestNG-test-Yt Master Tests-1] INFO  verifyingSideMenuLanguageAsInSettingsLingua_20-02-28 - [verifyingSideMenuLanguageAsInSettingsLingua_20-02-28] Waiting until element is visible in viewport
20:03:53 [TestNG-test-Yt Master Tests-1] INFO  verifyingSideMenuLanguageAsInSettingsLingua_20-02-28 - Clicking settings ellipses button...
20:03:53 [TestNG-test-Yt Master Tests-1] INFO  verifyingSideMenuLanguageAsInSettingsLingua_20-02-28 - [verifyingSideMenuLanguageAsInSettingsLingua_20-02-28] Trying to find element: By.xpath: //ytd-topbar-menu-button-renderer[@class='style-scope ytd-masthead style-default']
20:03:53 [TestNG-test-Yt Master Tests-1] INFO  verifyingSideMenuLanguageAsInSettingsLingua_20-02-28 - [verifyingSideMenuLanguageAsInSettingsLingua_20-02-28] Element found and ready (attempt 1): By.xpath: //ytd-topbar-menu-button-renderer[@class='style-scope ytd-masthead style-default']
20:03:53 [TestNG-test-Yt Master Tests-1] INFO  verifyingSideMenuLanguageAsInSettingsLingua_20-02-28 - Fetching the side menu in expanded view
20:03:53 [TestNG-test-Yt Master Tests-1] INFO  verifyingSideMenuLanguageAsInSettingsLingua_20-02-28 - [verifyingSideMenuLanguageAsInSettingsLingua_20-02-28] Finding elements list: By.xpath: //ytd-guide-entry-renderer[@class='style-scope ytd-guide-section-renderer']
20:03:53 [TestNG-test-Yt Master Tests-1] INFO  verifyingSideMenuLanguageAsInSettingsLingua_20-02-28 - [verifyingSideMenuLanguageAsInSettingsLingua_20-02-28] Found 13 ready elements (attempt 1): By.xpath: //ytd-guide-entry-renderer[@class='style-scope ytd-guide-section-renderer']
20:03:54 [TestNG-test-Yt Master Tests-1] INFO  verifyingSideMenuLanguageAsInSettingsLingua_20-02-28 - 
========== LANGUAGE DETECTION ==========
Detected Language : BASQUE
Input Text        : Orri nagusia Shorts Harpidetzak Zu Historia Musika Filmak eta saioak Zuzenean YouTube Premium YouTube TV YouTube Music YouTube Kids Salaketa-historia
========================================
20:03:54 [TestNG-test-Yt Master Tests-1] INFO  verifyingSideMenuLanguageAsInSettingsLingua_20-02-28 - getLangAttribute() - locating <html> and reading lang property
20:03:54 [TestNG-test-Yt Master Tests-1] INFO  verifyingSideMenuLanguageAsInSettingsLingua_20-02-28 - Language attribute read: eu-ES
20:03:54 [TestNG-test-Yt Master Tests-1] INFO  verifyingSideMenuLanguageAsInSettingsLingua_20-02-28 - [verifyingSideMenuLanguageAsInSettingsLingua_20-02-28] ApplicableLanguage==  Euskara     Detected Language ==  BASQUE  Expected Language == BASQUE
20:03:54 [TestNG-test-Yt Master Tests-1] INFO  verifyingSideMenuLanguageAsInSettingsLingua_20-02-28 - Clicking settings ellipses button...
20:03:54 [TestNG-test-Yt Master Tests-1] INFO  verifyingSideMenuLanguageAsInSettingsLingua_20-02-28 - [verifyingSideMenuLanguageAsInSettingsLingua_20-02-28] Trying to find element: By.xpath: //ytd-topbar-menu-button-renderer[@class='style-scope ytd-masthead style-default']
20:03:54 [TestNG-test-Yt Master Tests-1] INFO  verifyingSideMenuLanguageAsInSettingsLingua_20-02-28 - [verifyingSideMenuLanguageAsInSettingsLingua_20-02-28] Element found and ready (attempt 1): By.xpath: //ytd-topbar-menu-button-renderer[@class='style-scope ytd-masthead style-default']
20:03:54 [TestNG-test-Yt Master Tests-1] INFO  verifyingSideMenuLanguageAsInSettingsLingua_20-02-28 - Clicking language dropdown...
20:03:54 [TestNG-test-Yt Master Tests-1] INFO  verifyingSideMenuLanguageAsInSettingsLingua_20-02-28 - [verifyingSideMenuLanguageAsInSettingsLingua_20-02-28] Trying to find element: By.xpath: (//div[@id='content-icon'])[2]
20:03:54 [TestNG-test-Yt Master Tests-1] INFO  verifyingSideMenuLanguageAsInSettingsLingua_20-02-28 - [verifyingSideMenuLanguageAsInSettingsLingua_20-02-28] Element found and ready (attempt 1): By.xpath: (//div[@id='content-icon'])[2]
20:03:55 [TestNG-test-Yt Master Tests-1] INFO  verifyingSideMenuLanguageAsInSettingsLingua_20-02-28 - Looking for language element with name: Français
20:03:55 [TestNG-test-Yt Master Tests-1] INFO  verifyingSideMenuLanguageAsInSettingsLingua_20-02-28 - [verifyingSideMenuLanguageAsInSettingsLingua_20-02-28] Trying to find element: By.xpath: //yt-multi-page-menu-section-renderer[@class='style-scope ytd-multi-page-menu-renderer']//yt-formatted-string[@id='label' and text()='Français']
20:03:55 [TestNG-test-Yt Master Tests-1] INFO  verifyingSideMenuLanguageAsInSettingsLingua_20-02-28 - [verifyingSideMenuLanguageAsInSettingsLingua_20-02-28] Element found and ready (attempt 1): By.xpath: //yt-multi-page-menu-section-renderer[@class='style-scope ytd-multi-page-menu-renderer']//yt-formatted-string[@id='label' and text()='Français']
20:03:55 [TestNG-test-Yt Master Tests-1] INFO  verifyingSideMenuLanguageAsInSettingsLingua_20-02-28 - [verifyingSideMenuLanguageAsInSettingsLingua_20-02-28] Trying to find element: By.xpath: //yt-multi-page-menu-section-renderer[@class='style-scope ytd-multi-page-menu-renderer']//yt-formatted-string[@id='label' and text()='Français']
20:03:55 [TestNG-test-Yt Master Tests-1] INFO  verifyingSideMenuLanguageAsInSettingsLingua_20-02-28 - [verifyingSideMenuLanguageAsInSettingsLingua_20-02-28] Element found and ready (attempt 1): By.xpath: //yt-multi-page-menu-section-renderer[@class='style-scope ytd-multi-page-menu-renderer']//yt-formatted-string[@id='label' and text()='Français']
20:03:56 [TestNG-test-Yt Master Tests-1] INFO  verifyingSideMenuLanguageAsInSettingsLingua_20-02-28 - Clicking settings ellipses button...
20:03:56 [TestNG-test-Yt Master Tests-1] INFO  verifyingSideMenuLanguageAsInSettingsLingua_20-02-28 - [verifyingSideMenuLanguageAsInSettingsLingua_20-02-28] Trying to find element: By.xpath: //ytd-topbar-menu-button-renderer[@class='style-scope ytd-masthead style-default']
20:03:56 [TestNG-test-Yt Master Tests-1] INFO  verifyingSideMenuLanguageAsInSettingsLingua_20-02-28 - [verifyingSideMenuLanguageAsInSettingsLingua_20-02-28] Element found and ready (attempt 1): By.xpath: //ytd-topbar-menu-button-renderer[@class='style-scope ytd-masthead style-default']
20:03:57 [TestNG-test-Yt Master Tests-1] INFO  verifyingSideMenuLanguageAsInSettingsLingua_20-02-28 - [verifyingSideMenuLanguageAsInSettingsLingua_20-02-28] Waiting until element is visible in viewport
20:03:58 [TestNG-test-Yt Master Tests-1] INFO  verifyingSideMenuLanguageAsInSettingsLingua_20-02-28 - Clicking settings ellipses button...
20:03:58 [TestNG-test-Yt Master Tests-1] INFO  verifyingSideMenuLanguageAsInSettingsLingua_20-02-28 - [verifyingSideMenuLanguageAsInSettingsLingua_20-02-28] Trying to find element: By.xpath: //ytd-topbar-menu-button-renderer[@class='style-scope ytd-masthead style-default']
20:03:58 [TestNG-test-Yt Master Tests-1] INFO  verifyingSideMenuLanguageAsInSettingsLingua_20-02-28 - [verifyingSideMenuLanguageAsInSettingsLingua_20-02-28] Element found and ready (attempt 1): By.xpath: //ytd-topbar-menu-button-renderer[@class='style-scope ytd-masthead style-default']
20:03:58 [TestNG-test-Yt Master Tests-1] INFO  verifyingSideMenuLanguageAsInSettingsLingua_20-02-28 - Fetching the side menu in expanded view
20:03:58 [TestNG-test-Yt Master Tests-1] INFO  verifyingSideMenuLanguageAsInSettingsLingua_20-02-28 - [verifyingSideMenuLanguageAsInSettingsLingua_20-02-28] Finding elements list: By.xpath: //ytd-guide-entry-renderer[@class='style-scope ytd-guide-section-renderer']
20:03:59 [TestNG-test-Yt Master Tests-1] INFO  verifyingSideMenuLanguageAsInSettingsLingua_20-02-28 - [verifyingSideMenuLanguageAsInSettingsLingua_20-02-28] Found 13 ready elements (attempt 1): By.xpath: //ytd-guide-entry-renderer[@class='style-scope ytd-guide-section-renderer']
20:03:59 [TestNG-test-Yt Master Tests-1] INFO  verifyingSideMenuLanguageAsInSettingsLingua_20-02-28 - 
========== LANGUAGE DETECTION ==========
Detected Language : FRENCH
Input Text        : Accueil Shorts Abonnements Vous Historique Musique Films et séries TV Direct YouTube Premium YouTube TV YouTube Music YouTube Kids Signalements
========================================
20:03:59 [TestNG-test-Yt Master Tests-1] INFO  verifyingSideMenuLanguageAsInSettingsLingua_20-02-28 - getLangAttribute() - locating <html> and reading lang property
20:03:59 [TestNG-test-Yt Master Tests-1] INFO  verifyingSideMenuLanguageAsInSettingsLingua_20-02-28 - Language attribute read: fr-FR
20:03:59 [TestNG-test-Yt Master Tests-1] INFO  verifyingSideMenuLanguageAsInSettingsLingua_20-02-28 - [verifyingSideMenuLanguageAsInSettingsLingua_20-02-28] ApplicableLanguage==  Français     Detected Language ==  FRENCH  Expected Language == FRENCH
20:03:59 [TestNG-test-Yt Master Tests-1] INFO  verifyingSideMenuLanguageAsInSettingsLingua_20-02-28 - Clicking settings ellipses button...
20:03:59 [TestNG-test-Yt Master Tests-1] INFO  verifyingSideMenuLanguageAsInSettingsLingua_20-02-28 - [verifyingSideMenuLanguageAsInSettingsLingua_20-02-28] Trying to find element: By.xpath: //ytd-topbar-menu-button-renderer[@class='style-scope ytd-masthead style-default']
20:03:59 [TestNG-test-Yt Master Tests-1] INFO  verifyingSideMenuLanguageAsInSettingsLingua_20-02-28 - [verifyingSideMenuLanguageAsInSettingsLingua_20-02-28] Element found and ready (attempt 1): By.xpath: //ytd-topbar-menu-button-renderer[@class='style-scope ytd-masthead style-default']
20:03:59 [TestNG-test-Yt Master Tests-1] INFO  verifyingSideMenuLanguageAsInSettingsLingua_20-02-28 - Clicking language dropdown...
20:03:59 [TestNG-test-Yt Master Tests-1] INFO  verifyingSideMenuLanguageAsInSettingsLingua_20-02-28 - [verifyingSideMenuLanguageAsInSettingsLingua_20-02-28] Trying to find element: By.xpath: (//div[@id='content-icon'])[2]
20:04:00 [TestNG-test-Yt Master Tests-1] INFO  verifyingSideMenuLanguageAsInSettingsLingua_20-02-28 - [verifyingSideMenuLanguageAsInSettingsLingua_20-02-28] Element found and ready (attempt 1): By.xpath: (//div[@id='content-icon'])[2]
20:04:00 [TestNG-test-Yt Master Tests-1] INFO  verifyingSideMenuLanguageAsInSettingsLingua_20-02-28 - Looking for language element with name: Français (Canada)
20:04:00 [TestNG-test-Yt Master Tests-1] INFO  verifyingSideMenuLanguageAsInSettingsLingua_20-02-28 - [verifyingSideMenuLanguageAsInSettingsLingua_20-02-28] Trying to find element: By.xpath: //yt-multi-page-menu-section-renderer[@class='style-scope ytd-multi-page-menu-renderer']//yt-formatted-string[@id='label' and text()='Français (Canada)']
20:04:00 [TestNG-test-Yt Master Tests-1] INFO  verifyingSideMenuLanguageAsInSettingsLingua_20-02-28 - [verifyingSideMenuLanguageAsInSettingsLingua_20-02-28] Element found and ready (attempt 1): By.xpath: //yt-multi-page-menu-section-renderer[@class='style-scope ytd-multi-page-menu-renderer']//yt-formatted-string[@id='label' and text()='Français (Canada)']
20:04:00 [TestNG-test-Yt Master Tests-1] INFO  verifyingSideMenuLanguageAsInSettingsLingua_20-02-28 - [verifyingSideMenuLanguageAsInSettingsLingua_20-02-28] Trying to find element: By.xpath: //yt-multi-page-menu-section-renderer[@class='style-scope ytd-multi-page-menu-renderer']//yt-formatted-string[@id='label' and text()='Français (Canada)']
20:04:00 [TestNG-test-Yt Master Tests-1] INFO  verifyingSideMenuLanguageAsInSettingsLingua_20-02-28 - [verifyingSideMenuLanguageAsInSettingsLingua_20-02-28] Element found and ready (attempt 1): By.xpath: //yt-multi-page-menu-section-renderer[@class='style-scope ytd-multi-page-menu-renderer']//yt-formatted-string[@id='label' and text()='Français (Canada)']
20:04:01 [TestNG-test-Yt Master Tests-1] INFO  verifyingSideMenuLanguageAsInSettingsLingua_20-02-28 - Clicking settings ellipses button...
20:04:01 [TestNG-test-Yt Master Tests-1] INFO  verifyingSideMenuLanguageAsInSettingsLingua_20-02-28 - [verifyingSideMenuLanguageAsInSettingsLingua_20-02-28] Trying to find element: By.xpath: //ytd-topbar-menu-button-renderer[@class='style-scope ytd-masthead style-default']
20:04:02 [TestNG-test-Yt Master Tests-1] INFO  verifyingSideMenuLanguageAsInSettingsLingua_20-02-28 - [verifyingSideMenuLanguageAsInSettingsLingua_20-02-28] Element found and ready (attempt 1): By.xpath: //ytd-topbar-menu-button-renderer[@class='style-scope ytd-masthead style-default']
20:04:02 [TestNG-test-Yt Master Tests-1] INFO  verifyingSideMenuLanguageAsInSettingsLingua_20-02-28 - [verifyingSideMenuLanguageAsInSettingsLingua_20-02-28] Waiting until element is visible in viewport
20:04:03 [TestNG-test-Yt Master Tests-1] INFO  verifyingSideMenuLanguageAsInSettingsLingua_20-02-28 - Clicking settings ellipses button...
20:04:03 [TestNG-test-Yt Master Tests-1] INFO  verifyingSideMenuLanguageAsInSettingsLingua_20-02-28 - [verifyingSideMenuLanguageAsInSettingsLingua_20-02-28] Trying to find element: By.xpath: //ytd-topbar-menu-button-renderer[@class='style-scope ytd-masthead style-default']
20:04:03 [TestNG-test-Yt Master Tests-1] INFO  verifyingSideMenuLanguageAsInSettingsLingua_20-02-28 - [verifyingSideMenuLanguageAsInSettingsLingua_20-02-28] Element found and ready (attempt 1): By.xpath: //ytd-topbar-menu-button-renderer[@class='style-scope ytd-masthead style-default']
20:04:03 [TestNG-test-Yt Master Tests-1] INFO  verifyingSideMenuLanguageAsInSettingsLingua_20-02-28 - Fetching the side menu in expanded view
20:04:03 [TestNG-test-Yt Master Tests-1] INFO  verifyingSideMenuLanguageAsInSettingsLingua_20-02-28 - [verifyingSideMenuLanguageAsInSettingsLingua_20-02-28] Finding elements list: By.xpath: //ytd-guide-entry-renderer[@class='style-scope ytd-guide-section-renderer']
20:04:03 [TestNG-test-Yt Master Tests-1] INFO  verifyingSideMenuLanguageAsInSettingsLingua_20-02-28 - [verifyingSideMenuLanguageAsInSettingsLingua_20-02-28] Found 13 ready elements (attempt 1): By.xpath: //ytd-guide-entry-renderer[@class='style-scope ytd-guide-section-renderer']
20:04:03 [TestNG-test-Yt Master Tests-1] INFO  verifyingSideMenuLanguageAsInSettingsLingua_20-02-28 - 
========== LANGUAGE DETECTION ==========
Detected Language : FRENCH
Input Text        : Accueil Shorts Abonnements Vous Historique Musique Films et émissions de télévision Jeux vidéo YouTube Premium YouTube TV YouTube Music YouTube Kids Historique des rapports
========================================
20:04:03 [TestNG-test-Yt Master Tests-1] INFO  verifyingSideMenuLanguageAsInSettingsLingua_20-02-28 - getLangAttribute() - locating <html> and reading lang property
20:04:03 [TestNG-test-Yt Master Tests-1] INFO  verifyingSideMenuLanguageAsInSettingsLingua_20-02-28 - Language attribute read: fr-CA
20:04:03 [TestNG-test-Yt Master Tests-1] INFO  verifyingSideMenuLanguageAsInSettingsLingua_20-02-28 - [verifyingSideMenuLanguageAsInSettingsLingua_20-02-28] ApplicableLanguage==  Français (Canada)     Detected Language ==  FRENCH  Expected Language == FRENCH
20:04:03 [TestNG-test-Yt Master Tests-1] INFO  verifyingSideMenuLanguageAsInSettingsLingua_20-02-28 - Clicking settings ellipses button...
20:04:03 [TestNG-test-Yt Master Tests-1] INFO  verifyingSideMenuLanguageAsInSettingsLingua_20-02-28 - [verifyingSideMenuLanguageAsInSettingsLingua_20-02-28] Trying to find element: By.xpath: //ytd-topbar-menu-button-renderer[@class='style-scope ytd-masthead style-default']
20:04:03 [TestNG-test-Yt Master Tests-1] INFO  verifyingSideMenuLanguageAsInSettingsLingua_20-02-28 - [verifyingSideMenuLanguageAsInSettingsLingua_20-02-28] Element found and ready (attempt 1): By.xpath: //ytd-topbar-menu-button-renderer[@class='style-scope ytd-masthead style-default']
20:04:03 [TestNG-test-Yt Master Tests-1] INFO  verifyingSideMenuLanguageAsInSettingsLingua_20-02-28 - Clicking language dropdown...
20:04:03 [TestNG-test-Yt Master Tests-1] INFO  verifyingSideMenuLanguageAsInSettingsLingua_20-02-28 - [verifyingSideMenuLanguageAsInSettingsLingua_20-02-28] Trying to find element: By.xpath: (//div[@id='content-icon'])[2]
20:04:04 [TestNG-test-Yt Master Tests-1] INFO  verifyingSideMenuLanguageAsInSettingsLingua_20-02-28 - [verifyingSideMenuLanguageAsInSettingsLingua_20-02-28] Element found and ready (attempt 1): By.xpath: (//div[@id='content-icon'])[2]
20:04:04 [TestNG-test-Yt Master Tests-1] INFO  verifyingSideMenuLanguageAsInSettingsLingua_20-02-28 - Looking for language element with name: Hrvatski
20:04:04 [TestNG-test-Yt Master Tests-1] INFO  verifyingSideMenuLanguageAsInSettingsLingua_20-02-28 - [verifyingSideMenuLanguageAsInSettingsLingua_20-02-28] Trying to find element: By.xpath: //yt-multi-page-menu-section-renderer[@class='style-scope ytd-multi-page-menu-renderer']//yt-formatted-string[@id='label' and text()='Hrvatski']
20:04:04 [TestNG-test-Yt Master Tests-1] INFO  verifyingSideMenuLanguageAsInSettingsLingua_20-02-28 - [verifyingSideMenuLanguageAsInSettingsLingua_20-02-28] Element found and ready (attempt 1): By.xpath: //yt-multi-page-menu-section-renderer[@class='style-scope ytd-multi-page-menu-renderer']//yt-formatted-string[@id='label' and text()='Hrvatski']
20:04:04 [TestNG-test-Yt Master Tests-1] INFO  verifyingSideMenuLanguageAsInSettingsLingua_20-02-28 - [verifyingSideMenuLanguageAsInSettingsLingua_20-02-28] Trying to find element: By.xpath: //yt-multi-page-menu-section-renderer[@class='style-scope ytd-multi-page-menu-renderer']//yt-formatted-string[@id='label' and text()='Hrvatski']
20:04:04 [TestNG-test-Yt Master Tests-1] INFO  verifyingSideMenuLanguageAsInSettingsLingua_20-02-28 - [verifyingSideMenuLanguageAsInSettingsLingua_20-02-28] Element found and ready (attempt 1): By.xpath: //yt-multi-page-menu-section-renderer[@class='style-scope ytd-multi-page-menu-renderer']//yt-formatted-string[@id='label' and text()='Hrvatski']
20:04:05 [TestNG-test-Yt Master Tests-1] INFO  verifyingSideMenuLanguageAsInSettingsLingua_20-02-28 - Clicking settings ellipses button...
20:04:06 [TestNG-test-Yt Master Tests-1] INFO  verifyingSideMenuLanguageAsInSettingsLingua_20-02-28 - [verifyingSideMenuLanguageAsInSettingsLingua_20-02-28] Trying to find element: By.xpath: //ytd-topbar-menu-button-renderer[@class='style-scope ytd-masthead style-default']
20:04:06 [TestNG-test-Yt Master Tests-1] INFO  verifyingSideMenuLanguageAsInSettingsLingua_20-02-28 - [verifyingSideMenuLanguageAsInSettingsLingua_20-02-28] Element found and ready (attempt 1): By.xpath: //ytd-topbar-menu-button-renderer[@class='style-scope ytd-masthead style-default']
20:04:06 [TestNG-test-Yt Master Tests-1] INFO  verifyingSideMenuLanguageAsInSettingsLingua_20-02-28 - [verifyingSideMenuLanguageAsInSettingsLingua_20-02-28] Waiting until element is visible in viewport
20:04:07 [TestNG-test-Yt Master Tests-1] INFO  verifyingSideMenuLanguageAsInSettingsLingua_20-02-28 - Clicking settings ellipses button...
20:04:07 [TestNG-test-Yt Master Tests-1] INFO  verifyingSideMenuLanguageAsInSettingsLingua_20-02-28 - [verifyingSideMenuLanguageAsInSettingsLingua_20-02-28] Trying to find element: By.xpath: //ytd-topbar-menu-button-renderer[@class='style-scope ytd-masthead style-default']
20:04:07 [TestNG-test-Yt Master Tests-1] INFO  verifyingSideMenuLanguageAsInSettingsLingua_20-02-28 - [verifyingSideMenuLanguageAsInSettingsLingua_20-02-28] Element found and ready (attempt 1): By.xpath: //ytd-topbar-menu-button-renderer[@class='style-scope ytd-masthead style-default']
20:04:07 [TestNG-test-Yt Master Tests-1] INFO  verifyingSideMenuLanguageAsInSettingsLingua_20-02-28 - Fetching the side menu in expanded view
20:04:07 [TestNG-test-Yt Master Tests-1] INFO  verifyingSideMenuLanguageAsInSettingsLingua_20-02-28 - [verifyingSideMenuLanguageAsInSettingsLingua_20-02-28] Finding elements list: By.xpath: //ytd-guide-entry-renderer[@class='style-scope ytd-guide-section-renderer']
20:04:07 [TestNG-test-Yt Master Tests-1] INFO  verifyingSideMenuLanguageAsInSettingsLingua_20-02-28 - [verifyingSideMenuLanguageAsInSettingsLingua_20-02-28] Found 13 ready elements (attempt 1): By.xpath: //ytd-guide-entry-renderer[@class='style-scope ytd-guide-section-renderer']
20:04:08 [TestNG-test-Yt Master Tests-1] INFO  verifyingSideMenuLanguageAsInSettingsLingua_20-02-28 - 
========== LANGUAGE DETECTION ==========
Detected Language : CROATIAN
Input Text        : Početna Shorts Pretplate Moje Povijest Glazba Filmovi i televizija Uživo YouTube Premium YouTube TV YouTube Music YouTube Kids Povijest prijava
========================================
20:04:08 [TestNG-test-Yt Master Tests-1] INFO  verifyingSideMenuLanguageAsInSettingsLingua_20-02-28 - getLangAttribute() - locating <html> and reading lang property
20:04:08 [TestNG-test-Yt Master Tests-1] INFO  verifyingSideMenuLanguageAsInSettingsLingua_20-02-28 - Language attribute read: hr-HR
20:04:08 [TestNG-test-Yt Master Tests-1] INFO  verifyingSideMenuLanguageAsInSettingsLingua_20-02-28 - [verifyingSideMenuLanguageAsInSettingsLingua_20-02-28] ApplicableLanguage==  Hrvatski     Detected Language ==  CROATIAN  Expected Language == CROATIAN
20:04:08 [TestNG-test-Yt Master Tests-1] INFO  verifyingSideMenuLanguageAsInSettingsLingua_20-02-28 - Clicking settings ellipses button...
20:04:08 [TestNG-test-Yt Master Tests-1] INFO  verifyingSideMenuLanguageAsInSettingsLingua_20-02-28 - [verifyingSideMenuLanguageAsInSettingsLingua_20-02-28] Trying to find element: By.xpath: //ytd-topbar-menu-button-renderer[@class='style-scope ytd-masthead style-default']
20:04:08 [TestNG-test-Yt Master Tests-1] INFO  verifyingSideMenuLanguageAsInSettingsLingua_20-02-28 - [verifyingSideMenuLanguageAsInSettingsLingua_20-02-28] Element found and ready (attempt 1): By.xpath: //ytd-topbar-menu-button-renderer[@class='style-scope ytd-masthead style-default']
20:04:08 [TestNG-test-Yt Master Tests-1] INFO  verifyingSideMenuLanguageAsInSettingsLingua_20-02-28 - Clicking language dropdown...
20:04:08 [TestNG-test-Yt Master Tests-1] INFO  verifyingSideMenuLanguageAsInSettingsLingua_20-02-28 - [verifyingSideMenuLanguageAsInSettingsLingua_20-02-28] Trying to find element: By.xpath: (//div[@id='content-icon'])[2]
20:04:08 [TestNG-test-Yt Master Tests-1] INFO  verifyingSideMenuLanguageAsInSettingsLingua_20-02-28 - [verifyingSideMenuLanguageAsInSettingsLingua_20-02-28] Element found and ready (attempt 1): By.xpath: (//div[@id='content-icon'])[2]
20:04:09 [TestNG-test-Yt Master Tests-1] INFO  verifyingSideMenuLanguageAsInSettingsLingua_20-02-28 - Looking for language element with name: Íslenska
20:04:09 [TestNG-test-Yt Master Tests-1] INFO  verifyingSideMenuLanguageAsInSettingsLingua_20-02-28 - [verifyingSideMenuLanguageAsInSettingsLingua_20-02-28] Trying to find element: By.xpath: //yt-multi-page-menu-section-renderer[@class='style-scope ytd-multi-page-menu-renderer']//yt-formatted-string[@id='label' and text()='Íslenska']
20:04:09 [TestNG-test-Yt Master Tests-1] INFO  verifyingSideMenuLanguageAsInSettingsLingua_20-02-28 - [verifyingSideMenuLanguageAsInSettingsLingua_20-02-28] Element found and ready (attempt 1): By.xpath: //yt-multi-page-menu-section-renderer[@class='style-scope ytd-multi-page-menu-renderer']//yt-formatted-string[@id='label' and text()='Íslenska']
20:04:09 [TestNG-test-Yt Master Tests-1] INFO  verifyingSideMenuLanguageAsInSettingsLingua_20-02-28 - [verifyingSideMenuLanguageAsInSettingsLingua_20-02-28] Trying to find element: By.xpath: //yt-multi-page-menu-section-renderer[@class='style-scope ytd-multi-page-menu-renderer']//yt-formatted-string[@id='label' and text()='Íslenska']
20:04:09 [TestNG-test-Yt Master Tests-1] INFO  verifyingSideMenuLanguageAsInSettingsLingua_20-02-28 - [verifyingSideMenuLanguageAsInSettingsLingua_20-02-28] Element found and ready (attempt 1): By.xpath: //yt-multi-page-menu-section-renderer[@class='style-scope ytd-multi-page-menu-renderer']//yt-formatted-string[@id='label' and text()='Íslenska']
20:04:10 [TestNG-test-Yt Master Tests-1] INFO  verifyingSideMenuLanguageAsInSettingsLingua_20-02-28 - Clicking settings ellipses button...
20:04:10 [TestNG-test-Yt Master Tests-1] INFO  verifyingSideMenuLanguageAsInSettingsLingua_20-02-28 - [verifyingSideMenuLanguageAsInSettingsLingua_20-02-28] Trying to find element: By.xpath: //ytd-topbar-menu-button-renderer[@class='style-scope ytd-masthead style-default']
20:04:11 [TestNG-test-Yt Master Tests-1] INFO  verifyingSideMenuLanguageAsInSettingsLingua_20-02-28 - [verifyingSideMenuLanguageAsInSettingsLingua_20-02-28] Element found and ready (attempt 1): By.xpath: //ytd-topbar-menu-button-renderer[@class='style-scope ytd-masthead style-default']
20:04:11 [TestNG-test-Yt Master Tests-1] INFO  verifyingSideMenuLanguageAsInSettingsLingua_20-02-28 - [verifyingSideMenuLanguageAsInSettingsLingua_20-02-28] Waiting until element is visible in viewport
20:04:11 [TestNG-test-Yt Master Tests-1] INFO  verifyingSideMenuLanguageAsInSettingsLingua_20-02-28 - Clicking settings ellipses button...
20:04:11 [TestNG-test-Yt Master Tests-1] INFO  verifyingSideMenuLanguageAsInSettingsLingua_20-02-28 - [verifyingSideMenuLanguageAsInSettingsLingua_20-02-28] Trying to find element: By.xpath: //ytd-topbar-menu-button-renderer[@class='style-scope ytd-masthead style-default']
20:04:12 [TestNG-test-Yt Master Tests-1] INFO  verifyingSideMenuLanguageAsInSettingsLingua_20-02-28 - [verifyingSideMenuLanguageAsInSettingsLingua_20-02-28] Element found and ready (attempt 1): By.xpath: //ytd-topbar-menu-button-renderer[@class='style-scope ytd-masthead style-default']
20:04:12 [TestNG-test-Yt Master Tests-1] INFO  verifyingSideMenuLanguageAsInSettingsLingua_20-02-28 - Fetching the side menu in expanded view
20:04:12 [TestNG-test-Yt Master Tests-1] INFO  verifyingSideMenuLanguageAsInSettingsLingua_20-02-28 - [verifyingSideMenuLanguageAsInSettingsLingua_20-02-28] Finding elements list: By.xpath: //ytd-guide-entry-renderer[@class='style-scope ytd-guide-section-renderer']
20:04:12 [TestNG-test-Yt Master Tests-1] INFO  verifyingSideMenuLanguageAsInSettingsLingua_20-02-28 - [verifyingSideMenuLanguageAsInSettingsLingua_20-02-28] Found 13 ready elements (attempt 1): By.xpath: //ytd-guide-entry-renderer[@class='style-scope ytd-guide-section-renderer']
20:04:12 [TestNG-test-Yt Master Tests-1] INFO  verifyingSideMenuLanguageAsInSettingsLingua_20-02-28 - 
========== LANGUAGE DETECTION ==========
Detected Language : ICELANDIC
Input Text        : Heim Shorts Áskriftir Þú Ferill Tónlist Kvikmyndir og sjónvarpsefni Í beinni YouTube Premium YouTube TV YouTube Music YouTube Kids Tilkynningaferill
========================================
20:04:12 [TestNG-test-Yt Master Tests-1] INFO  verifyingSideMenuLanguageAsInSettingsLingua_20-02-28 - getLangAttribute() - locating <html> and reading lang property
20:04:12 [TestNG-test-Yt Master Tests-1] INFO  verifyingSideMenuLanguageAsInSettingsLingua_20-02-28 - Language attribute read: is-IS
20:04:12 [TestNG-test-Yt Master Tests-1] INFO  verifyingSideMenuLanguageAsInSettingsLingua_20-02-28 - [verifyingSideMenuLanguageAsInSettingsLingua_20-02-28] ApplicableLanguage==  Íslenska     Detected Language ==  ICELANDIC  Expected Language == ICELANDIC
20:04:12 [TestNG-test-Yt Master Tests-1] INFO  verifyingSideMenuLanguageAsInSettingsLingua_20-02-28 - Clicking settings ellipses button...
20:04:12 [TestNG-test-Yt Master Tests-1] INFO  verifyingSideMenuLanguageAsInSettingsLingua_20-02-28 - [verifyingSideMenuLanguageAsInSettingsLingua_20-02-28] Trying to find element: By.xpath: //ytd-topbar-menu-button-renderer[@class='style-scope ytd-masthead style-default']
20:04:12 [TestNG-test-Yt Master Tests-1] INFO  verifyingSideMenuLanguageAsInSettingsLingua_20-02-28 - [verifyingSideMenuLanguageAsInSettingsLingua_20-02-28] Element found and ready (attempt 1): By.xpath: //ytd-topbar-menu-button-renderer[@class='style-scope ytd-masthead style-default']
20:04:12 [TestNG-test-Yt Master Tests-1] INFO  verifyingSideMenuLanguageAsInSettingsLingua_20-02-28 - Clicking language dropdown...
20:04:12 [TestNG-test-Yt Master Tests-1] INFO  verifyingSideMenuLanguageAsInSettingsLingua_20-02-28 - [verifyingSideMenuLanguageAsInSettingsLingua_20-02-28] Trying to find element: By.xpath: (//div[@id='content-icon'])[2]
20:04:13 [TestNG-test-Yt Master Tests-1] INFO  verifyingSideMenuLanguageAsInSettingsLingua_20-02-28 - [verifyingSideMenuLanguageAsInSettingsLingua_20-02-28] Element found and ready (attempt 1): By.xpath: (//div[@id='content-icon'])[2]
20:04:13 [TestNG-test-Yt Master Tests-1] INFO  verifyingSideMenuLanguageAsInSettingsLingua_20-02-28 - Looking for language element with name: Italiano
20:04:13 [TestNG-test-Yt Master Tests-1] INFO  verifyingSideMenuLanguageAsInSettingsLingua_20-02-28 - [verifyingSideMenuLanguageAsInSettingsLingua_20-02-28] Trying to find element: By.xpath: //yt-multi-page-menu-section-renderer[@class='style-scope ytd-multi-page-menu-renderer']//yt-formatted-string[@id='label' and text()='Italiano']
20:04:13 [TestNG-test-Yt Master Tests-1] INFO  verifyingSideMenuLanguageAsInSettingsLingua_20-02-28 - [verifyingSideMenuLanguageAsInSettingsLingua_20-02-28] Element found and ready (attempt 1): By.xpath: //yt-multi-page-menu-section-renderer[@class='style-scope ytd-multi-page-menu-renderer']//yt-formatted-string[@id='label' and text()='Italiano']
20:04:13 [TestNG-test-Yt Master Tests-1] INFO  verifyingSideMenuLanguageAsInSettingsLingua_20-02-28 - [verifyingSideMenuLanguageAsInSettingsLingua_20-02-28] Trying to find element: By.xpath: //yt-multi-page-menu-section-renderer[@class='style-scope ytd-multi-page-menu-renderer']//yt-formatted-string[@id='label' and text()='Italiano']
20:04:13 [TestNG-test-Yt Master Tests-1] INFO  verifyingSideMenuLanguageAsInSettingsLingua_20-02-28 - [verifyingSideMenuLanguageAsInSettingsLingua_20-02-28] Element found and ready (attempt 1): By.xpath: //yt-multi-page-menu-section-renderer[@class='style-scope ytd-multi-page-menu-renderer']//yt-formatted-string[@id='label' and text()='Italiano']
20:04:14 [TestNG-test-Yt Master Tests-1] INFO  verifyingSideMenuLanguageAsInSettingsLingua_20-02-28 - Clicking settings ellipses button...
20:04:15 [TestNG-test-Yt Master Tests-1] INFO  verifyingSideMenuLanguageAsInSettingsLingua_20-02-28 - [verifyingSideMenuLanguageAsInSettingsLingua_20-02-28] Trying to find element: By.xpath: //ytd-topbar-menu-button-renderer[@class='style-scope ytd-masthead style-default']
20:04:15 [TestNG-test-Yt Master Tests-1] INFO  verifyingSideMenuLanguageAsInSettingsLingua_20-02-28 - [verifyingSideMenuLanguageAsInSettingsLingua_20-02-28] Element found and ready (attempt 1): By.xpath: //ytd-topbar-menu-button-renderer[@class='style-scope ytd-masthead style-default']
20:04:15 [TestNG-test-Yt Master Tests-1] INFO  verifyingSideMenuLanguageAsInSettingsLingua_20-02-28 - [verifyingSideMenuLanguageAsInSettingsLingua_20-02-28] Waiting until element is visible in viewport
20:04:16 [TestNG-test-Yt Master Tests-1] INFO  verifyingSideMenuLanguageAsInSettingsLingua_20-02-28 - Clicking settings ellipses button...
20:04:16 [TestNG-test-Yt Master Tests-1] INFO  verifyingSideMenuLanguageAsInSettingsLingua_20-02-28 - [verifyingSideMenuLanguageAsInSettingsLingua_20-02-28] Trying to find element: By.xpath: //ytd-topbar-menu-button-renderer[@class='style-scope ytd-masthead style-default']
20:04:16 [TestNG-test-Yt Master Tests-1] INFO  verifyingSideMenuLanguageAsInSettingsLingua_20-02-28 - [verifyingSideMenuLanguageAsInSettingsLingua_20-02-28] Element found and ready (attempt 1): By.xpath: //ytd-topbar-menu-button-renderer[@class='style-scope ytd-masthead style-default']
20:04:16 [TestNG-test-Yt Master Tests-1] INFO  verifyingSideMenuLanguageAsInSettingsLingua_20-02-28 - Fetching the side menu in expanded view
20:04:16 [TestNG-test-Yt Master Tests-1] INFO  verifyingSideMenuLanguageAsInSettingsLingua_20-02-28 - [verifyingSideMenuLanguageAsInSettingsLingua_20-02-28] Finding elements list: By.xpath: //ytd-guide-entry-renderer[@class='style-scope ytd-guide-section-renderer']
20:04:16 [TestNG-test-Yt Master Tests-1] INFO  verifyingSideMenuLanguageAsInSettingsLingua_20-02-28 - [verifyingSideMenuLanguageAsInSettingsLingua_20-02-28] Found 13 ready elements (attempt 1): By.xpath: //ytd-guide-entry-renderer[@class='style-scope ytd-guide-section-renderer']
20:04:16 [TestNG-test-Yt Master Tests-1] INFO  verifyingSideMenuLanguageAsInSettingsLingua_20-02-28 - 
========== LANGUAGE DETECTION ==========
Detected Language : ITALIAN
Input Text        : Home Shorts Iscrizioni Tu Cronologia Musica Film e TV Live YouTube Premium YouTube TV YouTube Music YouTube Kids Segnalazioni
========================================
20:04:16 [TestNG-test-Yt Master Tests-1] INFO  verifyingSideMenuLanguageAsInSettingsLingua_20-02-28 - getLangAttribute() - locating <html> and reading lang property
20:04:16 [TestNG-test-Yt Master Tests-1] INFO  verifyingSideMenuLanguageAsInSettingsLingua_20-02-28 - Language attribute read: it-IT
20:04:16 [TestNG-test-Yt Master Tests-1] INFO  verifyingSideMenuLanguageAsInSettingsLingua_20-02-28 - [verifyingSideMenuLanguageAsInSettingsLingua_20-02-28] ApplicableLanguage==  Italiano     Detected Language ==  ITALIAN  Expected Language == ITALIAN
20:04:16 [TestNG-test-Yt Master Tests-1] INFO  verifyingSideMenuLanguageAsInSettingsLingua_20-02-28 - Clicking settings ellipses button...
20:04:16 [TestNG-test-Yt Master Tests-1] INFO  verifyingSideMenuLanguageAsInSettingsLingua_20-02-28 - [verifyingSideMenuLanguageAsInSettingsLingua_20-02-28] Trying to find element: By.xpath: //ytd-topbar-menu-button-renderer[@class='style-scope ytd-masthead style-default']
20:04:17 [TestNG-test-Yt Master Tests-1] INFO  verifyingSideMenuLanguageAsInSettingsLingua_20-02-28 - [verifyingSideMenuLanguageAsInSettingsLingua_20-02-28] Element found and ready (attempt 1): By.xpath: //ytd-topbar-menu-button-renderer[@class='style-scope ytd-masthead style-default']
20:04:17 [TestNG-test-Yt Master Tests-1] INFO  verifyingSideMenuLanguageAsInSettingsLingua_20-02-28 - Clicking language dropdown...
20:04:17 [TestNG-test-Yt Master Tests-1] INFO  verifyingSideMenuLanguageAsInSettingsLingua_20-02-28 - [verifyingSideMenuLanguageAsInSettingsLingua_20-02-28] Trying to find element: By.xpath: (//div[@id='content-icon'])[2]
20:04:17 [TestNG-test-Yt Master Tests-1] INFO  verifyingSideMenuLanguageAsInSettingsLingua_20-02-28 - [verifyingSideMenuLanguageAsInSettingsLingua_20-02-28] Element found and ready (attempt 1): By.xpath: (//div[@id='content-icon'])[2]
20:04:17 [TestNG-test-Yt Master Tests-1] INFO  verifyingSideMenuLanguageAsInSettingsLingua_20-02-28 - Looking for language element with name: Latviešu valoda
20:04:17 [TestNG-test-Yt Master Tests-1] INFO  verifyingSideMenuLanguageAsInSettingsLingua_20-02-28 - [verifyingSideMenuLanguageAsInSettingsLingua_20-02-28] Trying to find element: By.xpath: //yt-multi-page-menu-section-renderer[@class='style-scope ytd-multi-page-menu-renderer']//yt-formatted-string[@id='label' and text()='Latviešu valoda']
20:04:18 [TestNG-test-Yt Master Tests-1] INFO  verifyingSideMenuLanguageAsInSettingsLingua_20-02-28 - [verifyingSideMenuLanguageAsInSettingsLingua_20-02-28] Element found and ready (attempt 1): By.xpath: //yt-multi-page-menu-section-renderer[@class='style-scope ytd-multi-page-menu-renderer']//yt-formatted-string[@id='label' and text()='Latviešu valoda']
20:04:18 [TestNG-test-Yt Master Tests-1] INFO  verifyingSideMenuLanguageAsInSettingsLingua_20-02-28 - [verifyingSideMenuLanguageAsInSettingsLingua_20-02-28] Trying to find element: By.xpath: //yt-multi-page-menu-section-renderer[@class='style-scope ytd-multi-page-menu-renderer']//yt-formatted-string[@id='label' and text()='Latviešu valoda']
20:04:18 [TestNG-test-Yt Master Tests-1] INFO  verifyingSideMenuLanguageAsInSettingsLingua_20-02-28 - [verifyingSideMenuLanguageAsInSettingsLingua_20-02-28] Element found and ready (attempt 1): By.xpath: //yt-multi-page-menu-section-renderer[@class='style-scope ytd-multi-page-menu-renderer']//yt-formatted-string[@id='label' and text()='Latviešu valoda']
20:04:19 [TestNG-test-Yt Master Tests-1] INFO  verifyingSideMenuLanguageAsInSettingsLingua_20-02-28 - Clicking settings ellipses button...
20:04:19 [TestNG-test-Yt Master Tests-1] INFO  verifyingSideMenuLanguageAsInSettingsLingua_20-02-28 - [verifyingSideMenuLanguageAsInSettingsLingua_20-02-28] Trying to find element: By.xpath: //ytd-topbar-menu-button-renderer[@class='style-scope ytd-masthead style-default']
20:04:19 [TestNG-test-Yt Master Tests-1] INFO  verifyingSideMenuLanguageAsInSettingsLingua_20-02-28 - [verifyingSideMenuLanguageAsInSettingsLingua_20-02-28] Element found and ready (attempt 1): By.xpath: //ytd-topbar-menu-button-renderer[@class='style-scope ytd-masthead style-default']
20:04:20 [TestNG-test-Yt Master Tests-1] INFO  verifyingSideMenuLanguageAsInSettingsLingua_20-02-28 - [verifyingSideMenuLanguageAsInSettingsLingua_20-02-28] Waiting until element is visible in viewport
20:04:20 [TestNG-test-Yt Master Tests-1] INFO  verifyingSideMenuLanguageAsInSettingsLingua_20-02-28 - Clicking settings ellipses button...
20:04:20 [TestNG-test-Yt Master Tests-1] INFO  verifyingSideMenuLanguageAsInSettingsLingua_20-02-28 - [verifyingSideMenuLanguageAsInSettingsLingua_20-02-28] Trying to find element: By.xpath: //ytd-topbar-menu-button-renderer[@class='style-scope ytd-masthead style-default']
20:04:20 [TestNG-test-Yt Master Tests-1] INFO  verifyingSideMenuLanguageAsInSettingsLingua_20-02-28 - [verifyingSideMenuLanguageAsInSettingsLingua_20-02-28] Element found and ready (attempt 1): By.xpath: //ytd-topbar-menu-button-renderer[@class='style-scope ytd-masthead style-default']
20:04:20 [TestNG-test-Yt Master Tests-1] INFO  verifyingSideMenuLanguageAsInSettingsLingua_20-02-28 - Fetching the side menu in expanded view
20:04:20 [TestNG-test-Yt Master Tests-1] INFO  verifyingSideMenuLanguageAsInSettingsLingua_20-02-28 - [verifyingSideMenuLanguageAsInSettingsLingua_20-02-28] Finding elements list: By.xpath: //ytd-guide-entry-renderer[@class='style-scope ytd-guide-section-renderer']
20:04:21 [TestNG-test-Yt Master Tests-1] INFO  verifyingSideMenuLanguageAsInSettingsLingua_20-02-28 - [verifyingSideMenuLanguageAsInSettingsLingua_20-02-28] Found 13 ready elements (attempt 1): By.xpath: //ytd-guide-entry-renderer[@class='style-scope ytd-guide-section-renderer']
20:04:21 [TestNG-test-Yt Master Tests-1] INFO  verifyingSideMenuLanguageAsInSettingsLingua_20-02-28 - 
========== LANGUAGE DETECTION ==========
Detected Language : LATVIAN
Input Text        : Sākums Shorts Abonementi Jūs Vēsture Mūzika Filmas un TV pārraides Tiešraide YouTube Premium YouTube TV YouTube Music YouTube Kids Ziņošanas vēsture
========================================
20:04:21 [TestNG-test-Yt Master Tests-1] INFO  verifyingSideMenuLanguageAsInSettingsLingua_20-02-28 - getLangAttribute() - locating <html> and reading lang property
20:04:21 [TestNG-test-Yt Master Tests-1] INFO  verifyingSideMenuLanguageAsInSettingsLingua_20-02-28 - Language attribute read: lv-LV
20:04:21 [TestNG-test-Yt Master Tests-1] INFO  verifyingSideMenuLanguageAsInSettingsLingua_20-02-28 - [verifyingSideMenuLanguageAsInSettingsLingua_20-02-28] ApplicableLanguage==  Latviešu valoda     Detected Language ==  LATVIAN  Expected Language == LATVIAN
20:04:21 [TestNG-test-Yt Master Tests-1] INFO  verifyingSideMenuLanguageAsInSettingsLingua_20-02-28 - Clicking settings ellipses button...
20:04:21 [TestNG-test-Yt Master Tests-1] INFO  verifyingSideMenuLanguageAsInSettingsLingua_20-02-28 - [verifyingSideMenuLanguageAsInSettingsLingua_20-02-28] Trying to find element: By.xpath: //ytd-topbar-menu-button-renderer[@class='style-scope ytd-masthead style-default']
20:04:21 [TestNG-test-Yt Master Tests-1] INFO  verifyingSideMenuLanguageAsInSettingsLingua_20-02-28 - [verifyingSideMenuLanguageAsInSettingsLingua_20-02-28] Element found and ready (attempt 1): By.xpath: //ytd-topbar-menu-button-renderer[@class='style-scope ytd-masthead style-default']
20:04:21 [TestNG-test-Yt Master Tests-1] INFO  verifyingSideMenuLanguageAsInSettingsLingua_20-02-28 - Clicking language dropdown...
20:04:21 [TestNG-test-Yt Master Tests-1] INFO  verifyingSideMenuLanguageAsInSettingsLingua_20-02-28 - [verifyingSideMenuLanguageAsInSettingsLingua_20-02-28] Trying to find element: By.xpath: (//div[@id='content-icon'])[2]
20:04:22 [TestNG-test-Yt Master Tests-1] INFO  verifyingSideMenuLanguageAsInSettingsLingua_20-02-28 - [verifyingSideMenuLanguageAsInSettingsLingua_20-02-28] Element found and ready (attempt 1): By.xpath: (//div[@id='content-icon'])[2]
20:04:22 [TestNG-test-Yt Master Tests-1] INFO  verifyingSideMenuLanguageAsInSettingsLingua_20-02-28 - Looking for language element with name: Lietuvių
20:04:22 [TestNG-test-Yt Master Tests-1] INFO  verifyingSideMenuLanguageAsInSettingsLingua_20-02-28 - [verifyingSideMenuLanguageAsInSettingsLingua_20-02-28] Trying to find element: By.xpath: //yt-multi-page-menu-section-renderer[@class='style-scope ytd-multi-page-menu-renderer']//yt-formatted-string[@id='label' and text()='Lietuvių']
20:04:22 [TestNG-test-Yt Master Tests-1] INFO  verifyingSideMenuLanguageAsInSettingsLingua_20-02-28 - [verifyingSideMenuLanguageAsInSettingsLingua_20-02-28] Element found and ready (attempt 1): By.xpath: //yt-multi-page-menu-section-renderer[@class='style-scope ytd-multi-page-menu-renderer']//yt-formatted-string[@id='label' and text()='Lietuvių']
20:04:22 [TestNG-test-Yt Master Tests-1] INFO  verifyingSideMenuLanguageAsInSettingsLingua_20-02-28 - [verifyingSideMenuLanguageAsInSettingsLingua_20-02-28] Trying to find element: By.xpath: //yt-multi-page-menu-section-renderer[@class='style-scope ytd-multi-page-menu-renderer']//yt-formatted-string[@id='label' and text()='Lietuvių']
20:04:22 [TestNG-test-Yt Master Tests-1] INFO  verifyingSideMenuLanguageAsInSettingsLingua_20-02-28 - [verifyingSideMenuLanguageAsInSettingsLingua_20-02-28] Element found and ready (attempt 1): By.xpath: //yt-multi-page-menu-section-renderer[@class='style-scope ytd-multi-page-menu-renderer']//yt-formatted-string[@id='label' and text()='Lietuvių']
20:04:23 [TestNG-test-Yt Master Tests-1] INFO  verifyingSideMenuLanguageAsInSettingsLingua_20-02-28 - Clicking settings ellipses button...
20:04:23 [TestNG-test-Yt Master Tests-1] INFO  verifyingSideMenuLanguageAsInSettingsLingua_20-02-28 - [verifyingSideMenuLanguageAsInSettingsLingua_20-02-28] Trying to find element: By.xpath: //ytd-topbar-menu-button-renderer[@class='style-scope ytd-masthead style-default']
20:04:24 [TestNG-test-Yt Master Tests-1] INFO  verifyingSideMenuLanguageAsInSettingsLingua_20-02-28 - [verifyingSideMenuLanguageAsInSettingsLingua_20-02-28] Element found and ready (attempt 1): By.xpath: //ytd-topbar-menu-button-renderer[@class='style-scope ytd-masthead style-default']
20:04:24 [TestNG-test-Yt Master Tests-1] INFO  verifyingSideMenuLanguageAsInSettingsLingua_20-02-28 - [verifyingSideMenuLanguageAsInSettingsLingua_20-02-28] Waiting until element is visible in viewport
20:04:25 [TestNG-test-Yt Master Tests-1] INFO  verifyingSideMenuLanguageAsInSettingsLingua_20-02-28 - Clicking settings ellipses button...
20:04:25 [TestNG-test-Yt Master Tests-1] INFO  verifyingSideMenuLanguageAsInSettingsLingua_20-02-28 - [verifyingSideMenuLanguageAsInSettingsLingua_20-02-28] Trying to find element: By.xpath: //ytd-topbar-menu-button-renderer[@class='style-scope ytd-masthead style-default']
20:04:25 [TestNG-test-Yt Master Tests-1] INFO  verifyingSideMenuLanguageAsInSettingsLingua_20-02-28 - [verifyingSideMenuLanguageAsInSettingsLingua_20-02-28] Element found and ready (attempt 1): By.xpath: //ytd-topbar-menu-button-renderer[@class='style-scope ytd-masthead style-default']
20:04:25 [TestNG-test-Yt Master Tests-1] INFO  verifyingSideMenuLanguageAsInSettingsLingua_20-02-28 - Fetching the side menu in expanded view
20:04:25 [TestNG-test-Yt Master Tests-1] INFO  verifyingSideMenuLanguageAsInSettingsLingua_20-02-28 - [verifyingSideMenuLanguageAsInSettingsLingua_20-02-28] Finding elements list: By.xpath: //ytd-guide-entry-renderer[@class='style-scope ytd-guide-section-renderer']
20:04:25 [TestNG-test-Yt Master Tests-1] INFO  verifyingSideMenuLanguageAsInSettingsLingua_20-02-28 - [verifyingSideMenuLanguageAsInSettingsLingua_20-02-28] Found 13 ready elements (attempt 1): By.xpath: //ytd-guide-entry-renderer[@class='style-scope ytd-guide-section-renderer']
20:04:25 [TestNG-test-Yt Master Tests-1] INFO  verifyingSideMenuLanguageAsInSettingsLingua_20-02-28 - 
========== LANGUAGE DETECTION ==========
Detected Language : LITHUANIAN
Input Text        : Pagrindinis Shorts Prenumeratos Jūs Istorija Muzika Filmai ir TV Tiesiogiai YouTube Premium YouTube TV YouTube Music YouTube Kids Pranešimų istorija
========================================
20:04:25 [TestNG-test-Yt Master Tests-1] INFO  verifyingSideMenuLanguageAsInSettingsLingua_20-02-28 - getLangAttribute() - locating <html> and reading lang property
20:04:25 [TestNG-test-Yt Master Tests-1] INFO  verifyingSideMenuLanguageAsInSettingsLingua_20-02-28 - Language attribute read: lt-LT
20:04:25 [TestNG-test-Yt Master Tests-1] INFO  verifyingSideMenuLanguageAsInSettingsLingua_20-02-28 - [verifyingSideMenuLanguageAsInSettingsLingua_20-02-28] ApplicableLanguage==  Lietuvių     Detected Language ==  LITHUANIAN  Expected Language == LITHUANIAN
20:04:25 [TestNG-test-Yt Master Tests-1] INFO  verifyingSideMenuLanguageAsInSettingsLingua_20-02-28 - Clicking settings ellipses button...
20:04:25 [TestNG-test-Yt Master Tests-1] INFO  verifyingSideMenuLanguageAsInSettingsLingua_20-02-28 - [verifyingSideMenuLanguageAsInSettingsLingua_20-02-28] Trying to find element: By.xpath: //ytd-topbar-menu-button-renderer[@class='style-scope ytd-masthead style-default']
20:04:25 [TestNG-test-Yt Master Tests-1] INFO  verifyingSideMenuLanguageAsInSettingsLingua_20-02-28 - [verifyingSideMenuLanguageAsInSettingsLingua_20-02-28] Element found and ready (attempt 1): By.xpath: //ytd-topbar-menu-button-renderer[@class='style-scope ytd-masthead style-default']
20:04:25 [TestNG-test-Yt Master Tests-1] INFO  verifyingSideMenuLanguageAsInSettingsLingua_20-02-28 - Clicking language dropdown...
20:04:25 [TestNG-test-Yt Master Tests-1] INFO  verifyingSideMenuLanguageAsInSettingsLingua_20-02-28 - [verifyingSideMenuLanguageAsInSettingsLingua_20-02-28] Trying to find element: By.xpath: (//div[@id='content-icon'])[2]
20:04:26 [TestNG-test-Yt Master Tests-1] INFO  verifyingSideMenuLanguageAsInSettingsLingua_20-02-28 - [verifyingSideMenuLanguageAsInSettingsLingua_20-02-28] Element found and ready (attempt 1): By.xpath: (//div[@id='content-icon'])[2]
20:04:26 [TestNG-test-Yt Master Tests-1] INFO  verifyingSideMenuLanguageAsInSettingsLingua_20-02-28 - Looking for language element with name: Magyar
20:04:26 [TestNG-test-Yt Master Tests-1] INFO  verifyingSideMenuLanguageAsInSettingsLingua_20-02-28 - [verifyingSideMenuLanguageAsInSettingsLingua_20-02-28] Trying to find element: By.xpath: //yt-multi-page-menu-section-renderer[@class='style-scope ytd-multi-page-menu-renderer']//yt-formatted-string[@id='label' and text()='Magyar']
20:04:26 [TestNG-test-Yt Master Tests-1] INFO  verifyingSideMenuLanguageAsInSettingsLingua_20-02-28 - [verifyingSideMenuLanguageAsInSettingsLingua_20-02-28] Element found and ready (attempt 1): By.xpath: //yt-multi-page-menu-section-renderer[@class='style-scope ytd-multi-page-menu-renderer']//yt-formatted-string[@id='label' and text()='Magyar']
20:04:26 [TestNG-test-Yt Master Tests-1] INFO  verifyingSideMenuLanguageAsInSettingsLingua_20-02-28 - [verifyingSideMenuLanguageAsInSettingsLingua_20-02-28] Trying to find element: By.xpath: //yt-multi-page-menu-section-renderer[@class='style-scope ytd-multi-page-menu-renderer']//yt-formatted-string[@id='label' and text()='Magyar']
20:04:26 [TestNG-test-Yt Master Tests-1] INFO  verifyingSideMenuLanguageAsInSettingsLingua_20-02-28 - [verifyingSideMenuLanguageAsInSettingsLingua_20-02-28] Element found and ready (attempt 1): By.xpath: //yt-multi-page-menu-section-renderer[@class='style-scope ytd-multi-page-menu-renderer']//yt-formatted-string[@id='label' and text()='Magyar']
20:04:28 [TestNG-test-Yt Master Tests-1] INFO  verifyingSideMenuLanguageAsInSettingsLingua_20-02-28 - Clicking settings ellipses button...
20:04:28 [TestNG-test-Yt Master Tests-1] INFO  verifyingSideMenuLanguageAsInSettingsLingua_20-02-28 - [verifyingSideMenuLanguageAsInSettingsLingua_20-02-28] Trying to find element: By.xpath: //ytd-topbar-menu-button-renderer[@class='style-scope ytd-masthead style-default']
20:04:28 [TestNG-test-Yt Master Tests-1] INFO  verifyingSideMenuLanguageAsInSettingsLingua_20-02-28 - [verifyingSideMenuLanguageAsInSettingsLingua_20-02-28] Element found and ready (attempt 1): By.xpath: //ytd-topbar-menu-button-renderer[@class='style-scope ytd-masthead style-default']
20:04:28 [TestNG-test-Yt Master Tests-1] INFO  verifyingSideMenuLanguageAsInSettingsLingua_20-02-28 - [verifyingSideMenuLanguageAsInSettingsLingua_20-02-28] Waiting until element is visible in viewport
20:04:29 [TestNG-test-Yt Master Tests-1] INFO  verifyingSideMenuLanguageAsInSettingsLingua_20-02-28 - Clicking settings ellipses button...
20:04:29 [TestNG-test-Yt Master Tests-1] INFO  verifyingSideMenuLanguageAsInSettingsLingua_20-02-28 - [verifyingSideMenuLanguageAsInSettingsLingua_20-02-28] Trying to find element: By.xpath: //ytd-topbar-menu-button-renderer[@class='style-scope ytd-masthead style-default']
20:04:29 [TestNG-test-Yt Master Tests-1] INFO  verifyingSideMenuLanguageAsInSettingsLingua_20-02-28 - [verifyingSideMenuLanguageAsInSettingsLingua_20-02-28] Element found and ready (attempt 1): By.xpath: //ytd-topbar-menu-button-renderer[@class='style-scope ytd-masthead style-default']
20:04:29 [TestNG-test-Yt Master Tests-1] INFO  verifyingSideMenuLanguageAsInSettingsLingua_20-02-28 - Fetching the side menu in expanded view
20:04:29 [TestNG-test-Yt Master Tests-1] INFO  verifyingSideMenuLanguageAsInSettingsLingua_20-02-28 - [verifyingSideMenuLanguageAsInSettingsLingua_20-02-28] Finding elements list: By.xpath: //ytd-guide-entry-renderer[@class='style-scope ytd-guide-section-renderer']
20:04:29 [TestNG-test-Yt Master Tests-1] INFO  verifyingSideMenuLanguageAsInSettingsLingua_20-02-28 - [verifyingSideMenuLanguageAsInSettingsLingua_20-02-28] Found 13 ready elements (attempt 1): By.xpath: //ytd-guide-entry-renderer[@class='style-scope ytd-guide-section-renderer']
20:04:30 [TestNG-test-Yt Master Tests-1] INFO  verifyingSideMenuLanguageAsInSettingsLingua_20-02-28 - 
========== LANGUAGE DETECTION ==========
Detected Language : HUNGARIAN
Input Text        : Kezdőlap Shorts Feliratkozások Te Előzmények Zene Film és tévé Élő YouTube Premium YouTube TV YouTube Music YouTube Kids Bejelentési előzmények
========================================
20:04:30 [TestNG-test-Yt Master Tests-1] INFO  verifyingSideMenuLanguageAsInSettingsLingua_20-02-28 - getLangAttribute() - locating <html> and reading lang property
20:04:30 [TestNG-test-Yt Master Tests-1] INFO  verifyingSideMenuLanguageAsInSettingsLingua_20-02-28 - Language attribute read: hu-HU
20:04:30 [TestNG-test-Yt Master Tests-1] INFO  verifyingSideMenuLanguageAsInSettingsLingua_20-02-28 - [verifyingSideMenuLanguageAsInSettingsLingua_20-02-28] ApplicableLanguage==  Magyar     Detected Language ==  HUNGARIAN  Expected Language == HUNGARIAN
20:04:30 [TestNG-test-Yt Master Tests-1] INFO  verifyingSideMenuLanguageAsInSettingsLingua_20-02-28 - Clicking settings ellipses button...
20:04:30 [TestNG-test-Yt Master Tests-1] INFO  verifyingSideMenuLanguageAsInSettingsLingua_20-02-28 - [verifyingSideMenuLanguageAsInSettingsLingua_20-02-28] Trying to find element: By.xpath: //ytd-topbar-menu-button-renderer[@class='style-scope ytd-masthead style-default']
20:04:30 [TestNG-test-Yt Master Tests-1] INFO  verifyingSideMenuLanguageAsInSettingsLingua_20-02-28 - [verifyingSideMenuLanguageAsInSettingsLingua_20-02-28] Element found and ready (attempt 1): By.xpath: //ytd-topbar-menu-button-renderer[@class='style-scope ytd-masthead style-default']
20:04:30 [TestNG-test-Yt Master Tests-1] INFO  verifyingSideMenuLanguageAsInSettingsLingua_20-02-28 - Clicking language dropdown...
20:04:30 [TestNG-test-Yt Master Tests-1] INFO  verifyingSideMenuLanguageAsInSettingsLingua_20-02-28 - [verifyingSideMenuLanguageAsInSettingsLingua_20-02-28] Trying to find element: By.xpath: (//div[@id='content-icon'])[2]
20:04:30 [TestNG-test-Yt Master Tests-1] INFO  verifyingSideMenuLanguageAsInSettingsLingua_20-02-28 - [verifyingSideMenuLanguageAsInSettingsLingua_20-02-28] Element found and ready (attempt 1): By.xpath: (//div[@id='content-icon'])[2]
20:04:31 [TestNG-test-Yt Master Tests-1] INFO  verifyingSideMenuLanguageAsInSettingsLingua_20-02-28 - Looking for language element with name: Nederlands
20:04:31 [TestNG-test-Yt Master Tests-1] INFO  verifyingSideMenuLanguageAsInSettingsLingua_20-02-28 - [verifyingSideMenuLanguageAsInSettingsLingua_20-02-28] Trying to find element: By.xpath: //yt-multi-page-menu-section-renderer[@class='style-scope ytd-multi-page-menu-renderer']//yt-formatted-string[@id='label' and text()='Nederlands']
20:04:31 [TestNG-test-Yt Master Tests-1] INFO  verifyingSideMenuLanguageAsInSettingsLingua_20-02-28 - [verifyingSideMenuLanguageAsInSettingsLingua_20-02-28] Element found and ready (attempt 1): By.xpath: //yt-multi-page-menu-section-renderer[@class='style-scope ytd-multi-page-menu-renderer']//yt-formatted-string[@id='label' and text()='Nederlands']
20:04:31 [TestNG-test-Yt Master Tests-1] INFO  verifyingSideMenuLanguageAsInSettingsLingua_20-02-28 - [verifyingSideMenuLanguageAsInSettingsLingua_20-02-28] Trying to find element: By.xpath: //yt-multi-page-menu-section-renderer[@class='style-scope ytd-multi-page-menu-renderer']//yt-formatted-string[@id='label' and text()='Nederlands']
20:04:31 [TestNG-test-Yt Master Tests-1] INFO  verifyingSideMenuLanguageAsInSettingsLingua_20-02-28 - [verifyingSideMenuLanguageAsInSettingsLingua_20-02-28] Element found and ready (attempt 1): By.xpath: //yt-multi-page-menu-section-renderer[@class='style-scope ytd-multi-page-menu-renderer']//yt-formatted-string[@id='label' and text()='Nederlands']
20:04:32 [TestNG-test-Yt Master Tests-1] INFO  verifyingSideMenuLanguageAsInSettingsLingua_20-02-28 - Clicking settings ellipses button...
20:04:32 [TestNG-test-Yt Master Tests-1] INFO  verifyingSideMenuLanguageAsInSettingsLingua_20-02-28 - [verifyingSideMenuLanguageAsInSettingsLingua_20-02-28] Trying to find element: By.xpath: //ytd-topbar-menu-button-renderer[@class='style-scope ytd-masthead style-default']
20:04:33 [TestNG-test-Yt Master Tests-1] INFO  verifyingSideMenuLanguageAsInSettingsLingua_20-02-28 - [verifyingSideMenuLanguageAsInSettingsLingua_20-02-28] Element found and ready (attempt 1): By.xpath: //ytd-topbar-menu-button-renderer[@class='style-scope ytd-masthead style-default']
20:04:33 [TestNG-test-Yt Master Tests-1] INFO  verifyingSideMenuLanguageAsInSettingsLingua_20-02-28 - [verifyingSideMenuLanguageAsInSettingsLingua_20-02-28] Waiting until element is visible in viewport
20:04:33 [TestNG-test-Yt Master Tests-1] INFO  verifyingSideMenuLanguageAsInSettingsLingua_20-02-28 - Clicking settings ellipses button...
20:04:33 [TestNG-test-Yt Master Tests-1] INFO  verifyingSideMenuLanguageAsInSettingsLingua_20-02-28 - [verifyingSideMenuLanguageAsInSettingsLingua_20-02-28] Trying to find element: By.xpath: //ytd-topbar-menu-button-renderer[@class='style-scope ytd-masthead style-default']
20:04:33 [TestNG-test-Yt Master Tests-1] INFO  verifyingSideMenuLanguageAsInSettingsLingua_20-02-28 - [verifyingSideMenuLanguageAsInSettingsLingua_20-02-28] Element found and ready (attempt 1): By.xpath: //ytd-topbar-menu-button-renderer[@class='style-scope ytd-masthead style-default']
20:04:33 [TestNG-test-Yt Master Tests-1] INFO  verifyingSideMenuLanguageAsInSettingsLingua_20-02-28 - Fetching the side menu in expanded view
20:04:33 [TestNG-test-Yt Master Tests-1] INFO  verifyingSideMenuLanguageAsInSettingsLingua_20-02-28 - [verifyingSideMenuLanguageAsInSettingsLingua_20-02-28] Finding elements list: By.xpath: //ytd-guide-entry-renderer[@class='style-scope ytd-guide-section-renderer']
20:04:34 [TestNG-test-Yt Master Tests-1] INFO  verifyingSideMenuLanguageAsInSettingsLingua_20-02-28 - [verifyingSideMenuLanguageAsInSettingsLingua_20-02-28] Found 13 ready elements (attempt 1): By.xpath: //ytd-guide-entry-renderer[@class='style-scope ytd-guide-section-renderer']
20:04:34 [TestNG-test-Yt Master Tests-1] INFO  verifyingSideMenuLanguageAsInSettingsLingua_20-02-28 - 
========== LANGUAGE DETECTION ==========
Detected Language : DUTCH
Input Text        : Home Shorts Abonnementen Jij Geschiedenis Muziek Films en tv Live YouTube Premium YouTube TV YouTube Music YouTube Kids Rapportagegeschiedenis
========================================
20:04:34 [TestNG-test-Yt Master Tests-1] INFO  verifyingSideMenuLanguageAsInSettingsLingua_20-02-28 - getLangAttribute() - locating <html> and reading lang property
20:04:34 [TestNG-test-Yt Master Tests-1] INFO  verifyingSideMenuLanguageAsInSettingsLingua_20-02-28 - Language attribute read: nl-NL
20:04:34 [TestNG-test-Yt Master Tests-1] INFO  verifyingSideMenuLanguageAsInSettingsLingua_20-02-28 - [verifyingSideMenuLanguageAsInSettingsLingua_20-02-28] ApplicableLanguage==  Nederlands     Detected Language ==  DUTCH  Expected Language == DUTCH
20:04:34 [TestNG-test-Yt Master Tests-1] INFO  verifyingSideMenuLanguageAsInSettingsLingua_20-02-28 - Clicking settings ellipses button...
20:04:34 [TestNG-test-Yt Master Tests-1] INFO  verifyingSideMenuLanguageAsInSettingsLingua_20-02-28 - [verifyingSideMenuLanguageAsInSettingsLingua_20-02-28] Trying to find element: By.xpath: //ytd-topbar-menu-button-renderer[@class='style-scope ytd-masthead style-default']
20:04:34 [TestNG-test-Yt Master Tests-1] INFO  verifyingSideMenuLanguageAsInSettingsLingua_20-02-28 - [verifyingSideMenuLanguageAsInSettingsLingua_20-02-28] Element found and ready (attempt 1): By.xpath: //ytd-topbar-menu-button-renderer[@class='style-scope ytd-masthead style-default']
20:04:34 [TestNG-test-Yt Master Tests-1] INFO  verifyingSideMenuLanguageAsInSettingsLingua_20-02-28 - Clicking language dropdown...
20:04:34 [TestNG-test-Yt Master Tests-1] INFO  verifyingSideMenuLanguageAsInSettingsLingua_20-02-28 - [verifyingSideMenuLanguageAsInSettingsLingua_20-02-28] Trying to find element: By.xpath: (//div[@id='content-icon'])[2]
20:04:35 [TestNG-test-Yt Master Tests-1] INFO  verifyingSideMenuLanguageAsInSettingsLingua_20-02-28 - [verifyingSideMenuLanguageAsInSettingsLingua_20-02-28] Element found and ready (attempt 1): By.xpath: (//div[@id='content-icon'])[2]
20:04:35 [TestNG-test-Yt Master Tests-1] INFO  verifyingSideMenuLanguageAsInSettingsLingua_20-02-28 - Looking for language element with name: Polski
20:04:35 [TestNG-test-Yt Master Tests-1] INFO  verifyingSideMenuLanguageAsInSettingsLingua_20-02-28 - [verifyingSideMenuLanguageAsInSettingsLingua_20-02-28] Trying to find element: By.xpath: //yt-multi-page-menu-section-renderer[@class='style-scope ytd-multi-page-menu-renderer']//yt-formatted-string[@id='label' and text()='Polski']
20:04:35 [TestNG-test-Yt Master Tests-1] INFO  verifyingSideMenuLanguageAsInSettingsLingua_20-02-28 - [verifyingSideMenuLanguageAsInSettingsLingua_20-02-28] Element found and ready (attempt 1): By.xpath: //yt-multi-page-menu-section-renderer[@class='style-scope ytd-multi-page-menu-renderer']//yt-formatted-string[@id='label' and text()='Polski']
20:04:35 [TestNG-test-Yt Master Tests-1] INFO  verifyingSideMenuLanguageAsInSettingsLingua_20-02-28 - [verifyingSideMenuLanguageAsInSettingsLingua_20-02-28] Trying to find element: By.xpath: //yt-multi-page-menu-section-renderer[@class='style-scope ytd-multi-page-menu-renderer']//yt-formatted-string[@id='label' and text()='Polski']
20:04:35 [TestNG-test-Yt Master Tests-1] INFO  verifyingSideMenuLanguageAsInSettingsLingua_20-02-28 - [verifyingSideMenuLanguageAsInSettingsLingua_20-02-28] Element found and ready (attempt 1): By.xpath: //yt-multi-page-menu-section-renderer[@class='style-scope ytd-multi-page-menu-renderer']//yt-formatted-string[@id='label' and text()='Polski']
20:04:36 [TestNG-test-Yt Master Tests-1] INFO  verifyingSideMenuLanguageAsInSettingsLingua_20-02-28 - Clicking settings ellipses button...
20:04:37 [TestNG-test-Yt Master Tests-1] INFO  verifyingSideMenuLanguageAsInSettingsLingua_20-02-28 - [verifyingSideMenuLanguageAsInSettingsLingua_20-02-28] Trying to find element: By.xpath: //ytd-topbar-menu-button-renderer[@class='style-scope ytd-masthead style-default']
20:04:37 [TestNG-test-Yt Master Tests-1] INFO  verifyingSideMenuLanguageAsInSettingsLingua_20-02-28 - [verifyingSideMenuLanguageAsInSettingsLingua_20-02-28] Element found and ready (attempt 1): By.xpath: //ytd-topbar-menu-button-renderer[@class='style-scope ytd-masthead style-default']
20:04:37 [TestNG-test-Yt Master Tests-1] INFO  verifyingSideMenuLanguageAsInSettingsLingua_20-02-28 - [verifyingSideMenuLanguageAsInSettingsLingua_20-02-28] Waiting until element is visible in viewport
20:04:38 [TestNG-test-Yt Master Tests-1] INFO  verifyingSideMenuLanguageAsInSettingsLingua_20-02-28 - Clicking settings ellipses button...
20:04:38 [TestNG-test-Yt Master Tests-1] INFO  verifyingSideMenuLanguageAsInSettingsLingua_20-02-28 - [verifyingSideMenuLanguageAsInSettingsLingua_20-02-28] Trying to find element: By.xpath: //ytd-topbar-menu-button-renderer[@class='style-scope ytd-masthead style-default']
20:04:38 [TestNG-test-Yt Master Tests-1] INFO  verifyingSideMenuLanguageAsInSettingsLingua_20-02-28 - [verifyingSideMenuLanguageAsInSettingsLingua_20-02-28] Element found and ready (attempt 1): By.xpath: //ytd-topbar-menu-button-renderer[@class='style-scope ytd-masthead style-default']
20:04:38 [TestNG-test-Yt Master Tests-1] INFO  verifyingSideMenuLanguageAsInSettingsLingua_20-02-28 - Fetching the side menu in expanded view
20:04:38 [TestNG-test-Yt Master Tests-1] INFO  verifyingSideMenuLanguageAsInSettingsLingua_20-02-28 - [verifyingSideMenuLanguageAsInSettingsLingua_20-02-28] Finding elements list: By.xpath: //ytd-guide-entry-renderer[@class='style-scope ytd-guide-section-renderer']
20:04:38 [TestNG-test-Yt Master Tests-1] INFO  verifyingSideMenuLanguageAsInSettingsLingua_20-02-28 - [verifyingSideMenuLanguageAsInSettingsLingua_20-02-28] Found 13 ready elements (attempt 1): By.xpath: //ytd-guide-entry-renderer[@class='style-scope ytd-guide-section-renderer']
20:04:39 [TestNG-test-Yt Master Tests-1] INFO  verifyingSideMenuLanguageAsInSettingsLingua_20-02-28 - 
========== LANGUAGE DETECTION ==========
Detected Language : POLISH
Input Text        : Główna Shorts Subskrypcje Ty Historia Muzyka Filmy i TV Na żywo YouTube Premium YouTube TV YouTube Music YouTube Kids Historia zgłoszeń
========================================
20:04:39 [TestNG-test-Yt Master Tests-1] INFO  verifyingSideMenuLanguageAsInSettingsLingua_20-02-28 - getLangAttribute() - locating <html> and reading lang property
20:04:39 [TestNG-test-Yt Master Tests-1] INFO  verifyingSideMenuLanguageAsInSettingsLingua_20-02-28 - Language attribute read: pl-PL
20:04:39 [TestNG-test-Yt Master Tests-1] INFO  verifyingSideMenuLanguageAsInSettingsLingua_20-02-28 - [verifyingSideMenuLanguageAsInSettingsLingua_20-02-28] ApplicableLanguage==  Polski     Detected Language ==  POLISH  Expected Language == POLISH
20:04:39 [TestNG-test-Yt Master Tests-1] INFO  verifyingSideMenuLanguageAsInSettingsLingua_20-02-28 - Clicking settings ellipses button...
20:04:39 [TestNG-test-Yt Master Tests-1] INFO  verifyingSideMenuLanguageAsInSettingsLingua_20-02-28 - [verifyingSideMenuLanguageAsInSettingsLingua_20-02-28] Trying to find element: By.xpath: //ytd-topbar-menu-button-renderer[@class='style-scope ytd-masthead style-default']
20:04:39 [TestNG-test-Yt Master Tests-1] INFO  verifyingSideMenuLanguageAsInSettingsLingua_20-02-28 - [verifyingSideMenuLanguageAsInSettingsLingua_20-02-28] Element found and ready (attempt 1): By.xpath: //ytd-topbar-menu-button-renderer[@class='style-scope ytd-masthead style-default']
20:04:39 [TestNG-test-Yt Master Tests-1] INFO  verifyingSideMenuLanguageAsInSettingsLingua_20-02-28 - Clicking language dropdown...
20:04:39 [TestNG-test-Yt Master Tests-1] INFO  verifyingSideMenuLanguageAsInSettingsLingua_20-02-28 - [verifyingSideMenuLanguageAsInSettingsLingua_20-02-28] Trying to find element: By.xpath: (//div[@id='content-icon'])[2]
20:04:39 [TestNG-test-Yt Master Tests-1] INFO  verifyingSideMenuLanguageAsInSettingsLingua_20-02-28 - [verifyingSideMenuLanguageAsInSettingsLingua_20-02-28] Element found and ready (attempt 1): By.xpath: (//div[@id='content-icon'])[2]
20:04:40 [TestNG-test-Yt Master Tests-1] INFO  verifyingSideMenuLanguageAsInSettingsLingua_20-02-28 - Looking for language element with name: Português
20:04:40 [TestNG-test-Yt Master Tests-1] INFO  verifyingSideMenuLanguageAsInSettingsLingua_20-02-28 - [verifyingSideMenuLanguageAsInSettingsLingua_20-02-28] Trying to find element: By.xpath: //yt-multi-page-menu-section-renderer[@class='style-scope ytd-multi-page-menu-renderer']//yt-formatted-string[@id='label' and text()='Português']
20:04:40 [TestNG-test-Yt Master Tests-1] INFO  verifyingSideMenuLanguageAsInSettingsLingua_20-02-28 - [verifyingSideMenuLanguageAsInSettingsLingua_20-02-28] Element found and ready (attempt 1): By.xpath: //yt-multi-page-menu-section-renderer[@class='style-scope ytd-multi-page-menu-renderer']//yt-formatted-string[@id='label' and text()='Português']
20:04:40 [TestNG-test-Yt Master Tests-1] INFO  verifyingSideMenuLanguageAsInSettingsLingua_20-02-28 - [verifyingSideMenuLanguageAsInSettingsLingua_20-02-28] Trying to find element: By.xpath: //yt-multi-page-menu-section-renderer[@class='style-scope ytd-multi-page-menu-renderer']//yt-formatted-string[@id='label' and text()='Português']
20:04:40 [TestNG-test-Yt Master Tests-1] INFO  verifyingSideMenuLanguageAsInSettingsLingua_20-02-28 - [verifyingSideMenuLanguageAsInSettingsLingua_20-02-28] Element found and ready (attempt 1): By.xpath: //yt-multi-page-menu-section-renderer[@class='style-scope ytd-multi-page-menu-renderer']//yt-formatted-string[@id='label' and text()='Português']
20:04:41 [TestNG-test-Yt Master Tests-1] INFO  verifyingSideMenuLanguageAsInSettingsLingua_20-02-28 - Clicking settings ellipses button...
20:04:43 [TestNG-test-Yt Master Tests-1] INFO  verifyingSideMenuLanguageAsInSettingsLingua_20-02-28 - [verifyingSideMenuLanguageAsInSettingsLingua_20-02-28] Trying to find element: By.xpath: //ytd-topbar-menu-button-renderer[@class='style-scope ytd-masthead style-default']
20:04:43 [TestNG-test-Yt Master Tests-1] INFO  verifyingSideMenuLanguageAsInSettingsLingua_20-02-28 - [verifyingSideMenuLanguageAsInSettingsLingua_20-02-28] Element found and ready (attempt 1): By.xpath: //ytd-topbar-menu-button-renderer[@class='style-scope ytd-masthead style-default']
20:04:43 [TestNG-test-Yt Master Tests-1] INFO  verifyingSideMenuLanguageAsInSettingsLingua_20-02-28 - [verifyingSideMenuLanguageAsInSettingsLingua_20-02-28] Waiting until element is visible in viewport
20:04:44 [TestNG-test-Yt Master Tests-1] INFO  verifyingSideMenuLanguageAsInSettingsLingua_20-02-28 - Clicking settings ellipses button...
20:04:44 [TestNG-test-Yt Master Tests-1] INFO  verifyingSideMenuLanguageAsInSettingsLingua_20-02-28 - [verifyingSideMenuLanguageAsInSettingsLingua_20-02-28] Trying to find element: By.xpath: //ytd-topbar-menu-button-renderer[@class='style-scope ytd-masthead style-default']
20:04:44 [TestNG-test-Yt Master Tests-1] INFO  verifyingSideMenuLanguageAsInSettingsLingua_20-02-28 - [verifyingSideMenuLanguageAsInSettingsLingua_20-02-28] Element found and ready (attempt 1): By.xpath: //ytd-topbar-menu-button-renderer[@class='style-scope ytd-masthead style-default']
20:04:44 [TestNG-test-Yt Master Tests-1] INFO  verifyingSideMenuLanguageAsInSettingsLingua_20-02-28 - Fetching the side menu in expanded view
20:04:44 [TestNG-test-Yt Master Tests-1] INFO  verifyingSideMenuLanguageAsInSettingsLingua_20-02-28 - [verifyingSideMenuLanguageAsInSettingsLingua_20-02-28] Finding elements list: By.xpath: //ytd-guide-entry-renderer[@class='style-scope ytd-guide-section-renderer']
20:04:44 [TestNG-test-Yt Master Tests-1] INFO  verifyingSideMenuLanguageAsInSettingsLingua_20-02-28 - [verifyingSideMenuLanguageAsInSettingsLingua_20-02-28] Found 13 ready elements (attempt 1): By.xpath: //ytd-guide-entry-renderer[@class='style-scope ytd-guide-section-renderer']
20:04:44 [TestNG-test-Yt Master Tests-1] INFO  verifyingSideMenuLanguageAsInSettingsLingua_20-02-28 - 
========== LANGUAGE DETECTION ==========
Detected Language : PORTUGUESE
Input Text        : Início Shorts Subscrições Eu Histórico Música Filmes e TV Em direto YouTube Premium YouTube TV YouTube Music YouTube Kids Histórico de denúncias
========================================
20:04:44 [TestNG-test-Yt Master Tests-1] INFO  verifyingSideMenuLanguageAsInSettingsLingua_20-02-28 - getLangAttribute() - locating <html> and reading lang property
20:04:44 [TestNG-test-Yt Master Tests-1] INFO  verifyingSideMenuLanguageAsInSettingsLingua_20-02-28 - Language attribute read: pt-PT
20:04:44 [TestNG-test-Yt Master Tests-1] INFO  verifyingSideMenuLanguageAsInSettingsLingua_20-02-28 - [verifyingSideMenuLanguageAsInSettingsLingua_20-02-28] ApplicableLanguage==  Português     Detected Language ==  PORTUGUESE  Expected Language == PORTUGUESE
20:04:44 [TestNG-test-Yt Master Tests-1] INFO  verifyingSideMenuLanguageAsInSettingsLingua_20-02-28 - Clicking settings ellipses button...
20:04:44 [TestNG-test-Yt Master Tests-1] INFO  verifyingSideMenuLanguageAsInSettingsLingua_20-02-28 - [verifyingSideMenuLanguageAsInSettingsLingua_20-02-28] Trying to find element: By.xpath: //ytd-topbar-menu-button-renderer[@class='style-scope ytd-masthead style-default']
20:04:44 [TestNG-test-Yt Master Tests-1] INFO  verifyingSideMenuLanguageAsInSettingsLingua_20-02-28 - [verifyingSideMenuLanguageAsInSettingsLingua_20-02-28] Element found and ready (attempt 1): By.xpath: //ytd-topbar-menu-button-renderer[@class='style-scope ytd-masthead style-default']
20:04:44 [TestNG-test-Yt Master Tests-1] INFO  verifyingSideMenuLanguageAsInSettingsLingua_20-02-28 - Clicking language dropdown...
20:04:44 [TestNG-test-Yt Master Tests-1] INFO  verifyingSideMenuLanguageAsInSettingsLingua_20-02-28 - [verifyingSideMenuLanguageAsInSettingsLingua_20-02-28] Trying to find element: By.xpath: (//div[@id='content-icon'])[2]
20:04:45 [TestNG-test-Yt Master Tests-1] INFO  verifyingSideMenuLanguageAsInSettingsLingua_20-02-28 - [verifyingSideMenuLanguageAsInSettingsLingua_20-02-28] Element found and ready (attempt 1): By.xpath: (//div[@id='content-icon'])[2]
20:04:45 [TestNG-test-Yt Master Tests-1] INFO  verifyingSideMenuLanguageAsInSettingsLingua_20-02-28 - Looking for language element with name: Português (Brasil)
20:04:45 [TestNG-test-Yt Master Tests-1] INFO  verifyingSideMenuLanguageAsInSettingsLingua_20-02-28 - [verifyingSideMenuLanguageAsInSettingsLingua_20-02-28] Trying to find element: By.xpath: //yt-multi-page-menu-section-renderer[@class='style-scope ytd-multi-page-menu-renderer']//yt-formatted-string[@id='label' and text()='Português (Brasil)']
20:04:46 [TestNG-test-Yt Master Tests-1] INFO  verifyingSideMenuLanguageAsInSettingsLingua_20-02-28 - [verifyingSideMenuLanguageAsInSettingsLingua_20-02-28] Element found and ready (attempt 1): By.xpath: //yt-multi-page-menu-section-renderer[@class='style-scope ytd-multi-page-menu-renderer']//yt-formatted-string[@id='label' and text()='Português (Brasil)']
20:04:46 [TestNG-test-Yt Master Tests-1] INFO  verifyingSideMenuLanguageAsInSettingsLingua_20-02-28 - [verifyingSideMenuLanguageAsInSettingsLingua_20-02-28] Trying to find element: By.xpath: //yt-multi-page-menu-section-renderer[@class='style-scope ytd-multi-page-menu-renderer']//yt-formatted-string[@id='label' and text()='Português (Brasil)']
20:04:46 [TestNG-test-Yt Master Tests-1] INFO  verifyingSideMenuLanguageAsInSettingsLingua_20-02-28 - [verifyingSideMenuLanguageAsInSettingsLingua_20-02-28] Element found and ready (attempt 1): By.xpath: //yt-multi-page-menu-section-renderer[@class='style-scope ytd-multi-page-menu-renderer']//yt-formatted-string[@id='label' and text()='Português (Brasil)']
20:04:47 [TestNG-test-Yt Master Tests-1] INFO  verifyingSideMenuLanguageAsInSettingsLingua_20-02-28 - Clicking settings ellipses button...
20:04:48 [TestNG-test-Yt Master Tests-1] INFO  verifyingSideMenuLanguageAsInSettingsLingua_20-02-28 - [verifyingSideMenuLanguageAsInSettingsLingua_20-02-28] Trying to find element: By.xpath: //ytd-topbar-menu-button-renderer[@class='style-scope ytd-masthead style-default']
20:04:48 [TestNG-test-Yt Master Tests-1] INFO  verifyingSideMenuLanguageAsInSettingsLingua_20-02-28 - [verifyingSideMenuLanguageAsInSettingsLingua_20-02-28] Element found and ready (attempt 1): By.xpath: //ytd-topbar-menu-button-renderer[@class='style-scope ytd-masthead style-default']
20:04:48 [TestNG-test-Yt Master Tests-1] INFO  verifyingSideMenuLanguageAsInSettingsLingua_20-02-28 - [verifyingSideMenuLanguageAsInSettingsLingua_20-02-28] Waiting until element is visible in viewport
20:04:49 [TestNG-test-Yt Master Tests-1] INFO  verifyingSideMenuLanguageAsInSettingsLingua_20-02-28 - Clicking settings ellipses button...
20:04:49 [TestNG-test-Yt Master Tests-1] INFO  verifyingSideMenuLanguageAsInSettingsLingua_20-02-28 - [verifyingSideMenuLanguageAsInSettingsLingua_20-02-28] Trying to find element: By.xpath: //ytd-topbar-menu-button-renderer[@class='style-scope ytd-masthead style-default']
20:04:49 [TestNG-test-Yt Master Tests-1] INFO  verifyingSideMenuLanguageAsInSettingsLingua_20-02-28 - [verifyingSideMenuLanguageAsInSettingsLingua_20-02-28] Element found and ready (attempt 1): By.xpath: //ytd-topbar-menu-button-renderer[@class='style-scope ytd-masthead style-default']
20:04:49 [TestNG-test-Yt Master Tests-1] INFO  verifyingSideMenuLanguageAsInSettingsLingua_20-02-28 - Fetching the side menu in expanded view
20:04:49 [TestNG-test-Yt Master Tests-1] INFO  verifyingSideMenuLanguageAsInSettingsLingua_20-02-28 - [verifyingSideMenuLanguageAsInSettingsLingua_20-02-28] Finding elements list: By.xpath: //ytd-guide-entry-renderer[@class='style-scope ytd-guide-section-renderer']
20:04:49 [TestNG-test-Yt Master Tests-1] INFO  verifyingSideMenuLanguageAsInSettingsLingua_20-02-28 - [verifyingSideMenuLanguageAsInSettingsLingua_20-02-28] Found 13 ready elements (attempt 1): By.xpath: //ytd-guide-entry-renderer[@class='style-scope ytd-guide-section-renderer']
20:04:50 [TestNG-test-Yt Master Tests-1] INFO  verifyingSideMenuLanguageAsInSettingsLingua_20-02-28 - 
========== LANGUAGE DETECTION ==========
Detected Language : PORTUGUESE
Input Text        : Início Shorts Inscrições Você Histórico Música Filmes e TV Ao vivo YouTube Premium YouTube TV YouTube Music YouTube Kids Histórico de denúncias
========================================
20:04:50 [TestNG-test-Yt Master Tests-1] INFO  verifyingSideMenuLanguageAsInSettingsLingua_20-02-28 - getLangAttribute() - locating <html> and reading lang property
20:04:50 [TestNG-test-Yt Master Tests-1] INFO  verifyingSideMenuLanguageAsInSettingsLingua_20-02-28 - Language attribute read: pt-BR
20:04:50 [TestNG-test-Yt Master Tests-1] INFO  verifyingSideMenuLanguageAsInSettingsLingua_20-02-28 - [verifyingSideMenuLanguageAsInSettingsLingua_20-02-28] ApplicableLanguage==  Português (Brasil)     Detected Language ==  PORTUGUESE  Expected Language == PORTUGUESE
20:04:50 [TestNG-test-Yt Master Tests-1] INFO  verifyingSideMenuLanguageAsInSettingsLingua_20-02-28 - Clicking settings ellipses button...
20:04:50 [TestNG-test-Yt Master Tests-1] INFO  verifyingSideMenuLanguageAsInSettingsLingua_20-02-28 - [verifyingSideMenuLanguageAsInSettingsLingua_20-02-28] Trying to find element: By.xpath: //ytd-topbar-menu-button-renderer[@class='style-scope ytd-masthead style-default']
20:04:50 [TestNG-test-Yt Master Tests-1] INFO  verifyingSideMenuLanguageAsInSettingsLingua_20-02-28 - [verifyingSideMenuLanguageAsInSettingsLingua_20-02-28] Element found and ready (attempt 1): By.xpath: //ytd-topbar-menu-button-renderer[@class='style-scope ytd-masthead style-default']
20:04:50 [TestNG-test-Yt Master Tests-1] INFO  verifyingSideMenuLanguageAsInSettingsLingua_20-02-28 - Clicking language dropdown...
20:04:50 [TestNG-test-Yt Master Tests-1] INFO  verifyingSideMenuLanguageAsInSettingsLingua_20-02-28 - [verifyingSideMenuLanguageAsInSettingsLingua_20-02-28] Trying to find element: By.xpath: (//div[@id='content-icon'])[2]
20:04:50 [TestNG-test-Yt Master Tests-1] INFO  verifyingSideMenuLanguageAsInSettingsLingua_20-02-28 - [verifyingSideMenuLanguageAsInSettingsLingua_20-02-28] Element found and ready (attempt 1): By.xpath: (//div[@id='content-icon'])[2]
20:04:51 [TestNG-test-Yt Master Tests-1] INFO  verifyingSideMenuLanguageAsInSettingsLingua_20-02-28 - Looking for language element with name: Shqip
20:04:51 [TestNG-test-Yt Master Tests-1] INFO  verifyingSideMenuLanguageAsInSettingsLingua_20-02-28 - [verifyingSideMenuLanguageAsInSettingsLingua_20-02-28] Trying to find element: By.xpath: //yt-multi-page-menu-section-renderer[@class='style-scope ytd-multi-page-menu-renderer']//yt-formatted-string[@id='label' and text()='Shqip']
20:04:51 [TestNG-test-Yt Master Tests-1] INFO  verifyingSideMenuLanguageAsInSettingsLingua_20-02-28 - [verifyingSideMenuLanguageAsInSettingsLingua_20-02-28] Element found and ready (attempt 1): By.xpath: //yt-multi-page-menu-section-renderer[@class='style-scope ytd-multi-page-menu-renderer']//yt-formatted-string[@id='label' and text()='Shqip']
20:04:51 [TestNG-test-Yt Master Tests-1] INFO  verifyingSideMenuLanguageAsInSettingsLingua_20-02-28 - [verifyingSideMenuLanguageAsInSettingsLingua_20-02-28] Trying to find element: By.xpath: //yt-multi-page-menu-section-renderer[@class='style-scope ytd-multi-page-menu-renderer']//yt-formatted-string[@id='label' and text()='Shqip']
20:04:51 [TestNG-test-Yt Master Tests-1] INFO  verifyingSideMenuLanguageAsInSettingsLingua_20-02-28 - [verifyingSideMenuLanguageAsInSettingsLingua_20-02-28] Element found and ready (attempt 1): By.xpath: //yt-multi-page-menu-section-renderer[@class='style-scope ytd-multi-page-menu-renderer']//yt-formatted-string[@id='label' and text()='Shqip']
20:04:52 [TestNG-test-Yt Master Tests-1] INFO  verifyingSideMenuLanguageAsInSettingsLingua_20-02-28 - Clicking settings ellipses button...
20:04:52 [TestNG-test-Yt Master Tests-1] INFO  verifyingSideMenuLanguageAsInSettingsLingua_20-02-28 - [verifyingSideMenuLanguageAsInSettingsLingua_20-02-28] Trying to find element: By.xpath: //ytd-topbar-menu-button-renderer[@class='style-scope ytd-masthead style-default']
20:04:53 [TestNG-test-Yt Master Tests-1] INFO  verifyingSideMenuLanguageAsInSettingsLingua_20-02-28 - [verifyingSideMenuLanguageAsInSettingsLingua_20-02-28] Element found and ready (attempt 1): By.xpath: //ytd-topbar-menu-button-renderer[@class='style-scope ytd-masthead style-default']
20:04:53 [TestNG-test-Yt Master Tests-1] INFO  verifyingSideMenuLanguageAsInSettingsLingua_20-02-28 - [verifyingSideMenuLanguageAsInSettingsLingua_20-02-28] Waiting until element is visible in viewport
20:04:54 [TestNG-test-Yt Master Tests-1] INFO  verifyingSideMenuLanguageAsInSettingsLingua_20-02-28 - Clicking settings ellipses button...
20:04:54 [TestNG-test-Yt Master Tests-1] INFO  verifyingSideMenuLanguageAsInSettingsLingua_20-02-28 - [verifyingSideMenuLanguageAsInSettingsLingua_20-02-28] Trying to find element: By.xpath: //ytd-topbar-menu-button-renderer[@class='style-scope ytd-masthead style-default']
20:04:54 [TestNG-test-Yt Master Tests-1] INFO  verifyingSideMenuLanguageAsInSettingsLingua_20-02-28 - [verifyingSideMenuLanguageAsInSettingsLingua_20-02-28] Element found and ready (attempt 1): By.xpath: //ytd-topbar-menu-button-renderer[@class='style-scope ytd-masthead style-default']
20:04:54 [TestNG-test-Yt Master Tests-1] INFO  verifyingSideMenuLanguageAsInSettingsLingua_20-02-28 - Fetching the side menu in expanded view
20:04:54 [TestNG-test-Yt Master Tests-1] INFO  verifyingSideMenuLanguageAsInSettingsLingua_20-02-28 - [verifyingSideMenuLanguageAsInSettingsLingua_20-02-28] Finding elements list: By.xpath: //ytd-guide-entry-renderer[@class='style-scope ytd-guide-section-renderer']
20:04:54 [TestNG-test-Yt Master Tests-1] INFO  verifyingSideMenuLanguageAsInSettingsLingua_20-02-28 - [verifyingSideMenuLanguageAsInSettingsLingua_20-02-28] Found 13 ready elements (attempt 1): By.xpath: //ytd-guide-entry-renderer[@class='style-scope ytd-guide-section-renderer']
20:04:54 [TestNG-test-Yt Master Tests-1] INFO  verifyingSideMenuLanguageAsInSettingsLingua_20-02-28 - 
========== LANGUAGE DETECTION ==========
Detected Language : ALBANIAN
Input Text        : Faqja e parë Shorts Abonimet Ti Historiku Muzikë Filmat dhe televizioni Drejtpërdrejt YouTube Premium YouTube TV YouTube Music YouTube Kids Historiku i raportimeve
========================================
20:04:54 [TestNG-test-Yt Master Tests-1] INFO  verifyingSideMenuLanguageAsInSettingsLingua_20-02-28 - getLangAttribute() - locating <html> and reading lang property
20:04:54 [TestNG-test-Yt Master Tests-1] INFO  verifyingSideMenuLanguageAsInSettingsLingua_20-02-28 - Language attribute read: sq-AL
20:04:54 [TestNG-test-Yt Master Tests-1] INFO  verifyingSideMenuLanguageAsInSettingsLingua_20-02-28 - [verifyingSideMenuLanguageAsInSettingsLingua_20-02-28] ApplicableLanguage==  Shqip     Detected Language ==  ALBANIAN  Expected Language == ALBANIAN
20:04:54 [TestNG-test-Yt Master Tests-1] INFO  verifyingSideMenuLanguageAsInSettingsLingua_20-02-28 - Clicking settings ellipses button...
20:04:54 [TestNG-test-Yt Master Tests-1] INFO  verifyingSideMenuLanguageAsInSettingsLingua_20-02-28 - [verifyingSideMenuLanguageAsInSettingsLingua_20-02-28] Trying to find element: By.xpath: //ytd-topbar-menu-button-renderer[@class='style-scope ytd-masthead style-default']
20:04:54 [TestNG-test-Yt Master Tests-1] INFO  verifyingSideMenuLanguageAsInSettingsLingua_20-02-28 - [verifyingSideMenuLanguageAsInSettingsLingua_20-02-28] Element found and ready (attempt 1): By.xpath: //ytd-topbar-menu-button-renderer[@class='style-scope ytd-masthead style-default']
20:04:54 [TestNG-test-Yt Master Tests-1] INFO  verifyingSideMenuLanguageAsInSettingsLingua_20-02-28 - Clicking language dropdown...
20:04:54 [TestNG-test-Yt Master Tests-1] INFO  verifyingSideMenuLanguageAsInSettingsLingua_20-02-28 - [verifyingSideMenuLanguageAsInSettingsLingua_20-02-28] Trying to find element: By.xpath: (//div[@id='content-icon'])[2]
20:04:55 [TestNG-test-Yt Master Tests-1] INFO  verifyingSideMenuLanguageAsInSettingsLingua_20-02-28 - [verifyingSideMenuLanguageAsInSettingsLingua_20-02-28] Element found and ready (attempt 1): By.xpath: (//div[@id='content-icon'])[2]
20:04:55 [TestNG-test-Yt Master Tests-1] INFO  verifyingSideMenuLanguageAsInSettingsLingua_20-02-28 - Looking for language element with name: Slovenščina
20:04:55 [TestNG-test-Yt Master Tests-1] INFO  verifyingSideMenuLanguageAsInSettingsLingua_20-02-28 - [verifyingSideMenuLanguageAsInSettingsLingua_20-02-28] Trying to find element: By.xpath: //yt-multi-page-menu-section-renderer[@class='style-scope ytd-multi-page-menu-renderer']//yt-formatted-string[@id='label' and text()='Slovenščina']
20:04:55 [TestNG-test-Yt Master Tests-1] INFO  verifyingSideMenuLanguageAsInSettingsLingua_20-02-28 - [verifyingSideMenuLanguageAsInSettingsLingua_20-02-28] Element found and ready (attempt 1): By.xpath: //yt-multi-page-menu-section-renderer[@class='style-scope ytd-multi-page-menu-renderer']//yt-formatted-string[@id='label' and text()='Slovenščina']
20:04:55 [TestNG-test-Yt Master Tests-1] INFO  verifyingSideMenuLanguageAsInSettingsLingua_20-02-28 - [verifyingSideMenuLanguageAsInSettingsLingua_20-02-28] Trying to find element: By.xpath: //yt-multi-page-menu-section-renderer[@class='style-scope ytd-multi-page-menu-renderer']//yt-formatted-string[@id='label' and text()='Slovenščina']
20:04:55 [TestNG-test-Yt Master Tests-1] INFO  verifyingSideMenuLanguageAsInSettingsLingua_20-02-28 - [verifyingSideMenuLanguageAsInSettingsLingua_20-02-28] Element found and ready (attempt 1): By.xpath: //yt-multi-page-menu-section-renderer[@class='style-scope ytd-multi-page-menu-renderer']//yt-formatted-string[@id='label' and text()='Slovenščina']
20:04:56 [TestNG-test-Yt Master Tests-1] INFO  verifyingSideMenuLanguageAsInSettingsLingua_20-02-28 - Clicking settings ellipses button...
20:04:57 [TestNG-test-Yt Master Tests-1] INFO  verifyingSideMenuLanguageAsInSettingsLingua_20-02-28 - [verifyingSideMenuLanguageAsInSettingsLingua_20-02-28] Trying to find element: By.xpath: //ytd-topbar-menu-button-renderer[@class='style-scope ytd-masthead style-default']
20:04:57 [TestNG-test-Yt Master Tests-1] INFO  verifyingSideMenuLanguageAsInSettingsLingua_20-02-28 - [verifyingSideMenuLanguageAsInSettingsLingua_20-02-28] Element found and ready (attempt 1): By.xpath: //ytd-topbar-menu-button-renderer[@class='style-scope ytd-masthead style-default']
20:04:57 [TestNG-test-Yt Master Tests-1] INFO  verifyingSideMenuLanguageAsInSettingsLingua_20-02-28 - [verifyingSideMenuLanguageAsInSettingsLingua_20-02-28] Waiting until element is visible in viewport
20:04:58 [TestNG-test-Yt Master Tests-1] INFO  verifyingSideMenuLanguageAsInSettingsLingua_20-02-28 - Clicking settings ellipses button...
20:04:58 [TestNG-test-Yt Master Tests-1] INFO  verifyingSideMenuLanguageAsInSettingsLingua_20-02-28 - [verifyingSideMenuLanguageAsInSettingsLingua_20-02-28] Trying to find element: By.xpath: //ytd-topbar-menu-button-renderer[@class='style-scope ytd-masthead style-default']
20:04:58 [TestNG-test-Yt Master Tests-1] INFO  verifyingSideMenuLanguageAsInSettingsLingua_20-02-28 - [verifyingSideMenuLanguageAsInSettingsLingua_20-02-28] Element found and ready (attempt 1): By.xpath: //ytd-topbar-menu-button-renderer[@class='style-scope ytd-masthead style-default']
20:04:58 [TestNG-test-Yt Master Tests-1] INFO  verifyingSideMenuLanguageAsInSettingsLingua_20-02-28 - Fetching the side menu in expanded view
20:04:58 [TestNG-test-Yt Master Tests-1] INFO  verifyingSideMenuLanguageAsInSettingsLingua_20-02-28 - [verifyingSideMenuLanguageAsInSettingsLingua_20-02-28] Finding elements list: By.xpath: //ytd-guide-entry-renderer[@class='style-scope ytd-guide-section-renderer']
20:04:58 [TestNG-test-Yt Master Tests-1] INFO  verifyingSideMenuLanguageAsInSettingsLingua_20-02-28 - [verifyingSideMenuLanguageAsInSettingsLingua_20-02-28] Found 13 ready elements (attempt 1): By.xpath: //ytd-guide-entry-renderer[@class='style-scope ytd-guide-section-renderer']
20:04:58 [TestNG-test-Yt Master Tests-1] INFO  verifyingSideMenuLanguageAsInSettingsLingua_20-02-28 - 
========== LANGUAGE DETECTION ==========
Detected Language : SLOVENE
Input Text        : Domača stran Kratki videoposnetki Naročnine Vi Zgodovina Glasba Filmi in TV V živo YouTube Premium YouTube TV YouTube Music YouTube Kids Zgodovina poročil
========================================
20:04:58 [TestNG-test-Yt Master Tests-1] INFO  verifyingSideMenuLanguageAsInSettingsLingua_20-02-28 - getLangAttribute() - locating <html> and reading lang property
20:04:58 [TestNG-test-Yt Master Tests-1] INFO  verifyingSideMenuLanguageAsInSettingsLingua_20-02-28 - Language attribute read: sl-SI
20:04:58 [TestNG-test-Yt Master Tests-1] INFO  verifyingSideMenuLanguageAsInSettingsLingua_20-02-28 - [verifyingSideMenuLanguageAsInSettingsLingua_20-02-28] ApplicableLanguage==  Slovenščina     Detected Language ==  SLOVENE  Expected Language == SLOVENE
20:04:58 [TestNG-test-Yt Master Tests-1] INFO  verifyingSideMenuLanguageAsInSettingsLingua_20-02-28 - Clicking settings ellipses button...
20:04:58 [TestNG-test-Yt Master Tests-1] INFO  verifyingSideMenuLanguageAsInSettingsLingua_20-02-28 - [verifyingSideMenuLanguageAsInSettingsLingua_20-02-28] Trying to find element: By.xpath: //ytd-topbar-menu-button-renderer[@class='style-scope ytd-masthead style-default']
20:04:58 [TestNG-test-Yt Master Tests-1] INFO  verifyingSideMenuLanguageAsInSettingsLingua_20-02-28 - [verifyingSideMenuLanguageAsInSettingsLingua_20-02-28] Element found and ready (attempt 1): By.xpath: //ytd-topbar-menu-button-renderer[@class='style-scope ytd-masthead style-default']
20:04:59 [TestNG-test-Yt Master Tests-1] INFO  verifyingSideMenuLanguageAsInSettingsLingua_20-02-28 - Clicking language dropdown...
20:04:59 [TestNG-test-Yt Master Tests-1] INFO  verifyingSideMenuLanguageAsInSettingsLingua_20-02-28 - [verifyingSideMenuLanguageAsInSettingsLingua_20-02-28] Trying to find element: By.xpath: (//div[@id='content-icon'])[2]
20:04:59 [TestNG-test-Yt Master Tests-1] INFO  verifyingSideMenuLanguageAsInSettingsLingua_20-02-28 - [verifyingSideMenuLanguageAsInSettingsLingua_20-02-28] Element found and ready (attempt 1): By.xpath: (//div[@id='content-icon'])[2]
20:05:00 [TestNG-test-Yt Master Tests-1] INFO  verifyingSideMenuLanguageAsInSettingsLingua_20-02-28 - Looking for language element with name: Suomi
20:05:00 [TestNG-test-Yt Master Tests-1] INFO  verifyingSideMenuLanguageAsInSettingsLingua_20-02-28 - [verifyingSideMenuLanguageAsInSettingsLingua_20-02-28] Trying to find element: By.xpath: //yt-multi-page-menu-section-renderer[@class='style-scope ytd-multi-page-menu-renderer']//yt-formatted-string[@id='label' and text()='Suomi']
20:05:00 [TestNG-test-Yt Master Tests-1] INFO  verifyingSideMenuLanguageAsInSettingsLingua_20-02-28 - [verifyingSideMenuLanguageAsInSettingsLingua_20-02-28] Element found and ready (attempt 1): By.xpath: //yt-multi-page-menu-section-renderer[@class='style-scope ytd-multi-page-menu-renderer']//yt-formatted-string[@id='label' and text()='Suomi']
20:05:00 [TestNG-test-Yt Master Tests-1] INFO  verifyingSideMenuLanguageAsInSettingsLingua_20-02-28 - [verifyingSideMenuLanguageAsInSettingsLingua_20-02-28] Trying to find element: By.xpath: //yt-multi-page-menu-section-renderer[@class='style-scope ytd-multi-page-menu-renderer']//yt-formatted-string[@id='label' and text()='Suomi']
20:05:00 [TestNG-test-Yt Master Tests-1] INFO  verifyingSideMenuLanguageAsInSettingsLingua_20-02-28 - [verifyingSideMenuLanguageAsInSettingsLingua_20-02-28] Element found and ready (attempt 1): By.xpath: //yt-multi-page-menu-section-renderer[@class='style-scope ytd-multi-page-menu-renderer']//yt-formatted-string[@id='label' and text()='Suomi']
20:05:01 [TestNG-test-Yt Master Tests-1] INFO  verifyingSideMenuLanguageAsInSettingsLingua_20-02-28 - Clicking settings ellipses button...
20:05:02 [TestNG-test-Yt Master Tests-1] INFO  verifyingSideMenuLanguageAsInSettingsLingua_20-02-28 - [verifyingSideMenuLanguageAsInSettingsLingua_20-02-28] Trying to find element: By.xpath: //ytd-topbar-menu-button-renderer[@class='style-scope ytd-masthead style-default']
20:05:02 [TestNG-test-Yt Master Tests-1] INFO  verifyingSideMenuLanguageAsInSettingsLingua_20-02-28 - [verifyingSideMenuLanguageAsInSettingsLingua_20-02-28] Element found and ready (attempt 1): By.xpath: //ytd-topbar-menu-button-renderer[@class='style-scope ytd-masthead style-default']
20:05:02 [TestNG-test-Yt Master Tests-1] INFO  verifyingSideMenuLanguageAsInSettingsLingua_20-02-28 - [verifyingSideMenuLanguageAsInSettingsLingua_20-02-28] Waiting until element is visible in viewport
20:05:03 [TestNG-test-Yt Master Tests-1] INFO  verifyingSideMenuLanguageAsInSettingsLingua_20-02-28 - Clicking settings ellipses button...
20:05:03 [TestNG-test-Yt Master Tests-1] INFO  verifyingSideMenuLanguageAsInSettingsLingua_20-02-28 - [verifyingSideMenuLanguageAsInSettingsLingua_20-02-28] Trying to find element: By.xpath: //ytd-topbar-menu-button-renderer[@class='style-scope ytd-masthead style-default']
20:05:03 [TestNG-test-Yt Master Tests-1] INFO  verifyingSideMenuLanguageAsInSettingsLingua_20-02-28 - [verifyingSideMenuLanguageAsInSettingsLingua_20-02-28] Element found and ready (attempt 1): By.xpath: //ytd-topbar-menu-button-renderer[@class='style-scope ytd-masthead style-default']
20:05:03 [TestNG-test-Yt Master Tests-1] INFO  verifyingSideMenuLanguageAsInSettingsLingua_20-02-28 - Fetching the side menu in expanded view
20:05:03 [TestNG-test-Yt Master Tests-1] INFO  verifyingSideMenuLanguageAsInSettingsLingua_20-02-28 - [verifyingSideMenuLanguageAsInSettingsLingua_20-02-28] Finding elements list: By.xpath: //ytd-guide-entry-renderer[@class='style-scope ytd-guide-section-renderer']
20:05:03 [TestNG-test-Yt Master Tests-1] INFO  verifyingSideMenuLanguageAsInSettingsLingua_20-02-28 - [verifyingSideMenuLanguageAsInSettingsLingua_20-02-28] Found 13 ready elements (attempt 1): By.xpath: //ytd-guide-entry-renderer[@class='style-scope ytd-guide-section-renderer']
20:05:04 [TestNG-test-Yt Master Tests-1] INFO  verifyingSideMenuLanguageAsInSettingsLingua_20-02-28 - 
========== LANGUAGE DETECTION ==========
Detected Language : FINNISH
Input Text        : Koti Shorts Tilaukset Sinä Historia Musiikki Elokuvat ja TV Livetapahtumat YouTube Premium YouTube TV YouTube Music YouTube Kids Ilmoitushistoria
========================================
20:05:04 [TestNG-test-Yt Master Tests-1] INFO  verifyingSideMenuLanguageAsInSettingsLingua_20-02-28 - getLangAttribute() - locating <html> and reading lang property
20:05:04 [TestNG-test-Yt Master Tests-1] INFO  verifyingSideMenuLanguageAsInSettingsLingua_20-02-28 - Language attribute read: fi-FI
20:05:04 [TestNG-test-Yt Master Tests-1] INFO  verifyingSideMenuLanguageAsInSettingsLingua_20-02-28 - [verifyingSideMenuLanguageAsInSettingsLingua_20-02-28] ApplicableLanguage==  Suomi     Detected Language ==  FINNISH  Expected Language == FINNISH
20:05:04 [TestNG-test-Yt Master Tests-1] INFO  verifyingSideMenuLanguageAsInSettingsLingua_20-02-28 - Clicking settings ellipses button...
20:05:04 [TestNG-test-Yt Master Tests-1] INFO  verifyingSideMenuLanguageAsInSettingsLingua_20-02-28 - [verifyingSideMenuLanguageAsInSettingsLingua_20-02-28] Trying to find element: By.xpath: //ytd-topbar-menu-button-renderer[@class='style-scope ytd-masthead style-default']
20:05:04 [TestNG-test-Yt Master Tests-1] INFO  verifyingSideMenuLanguageAsInSettingsLingua_20-02-28 - [verifyingSideMenuLanguageAsInSettingsLingua_20-02-28] Element found and ready (attempt 1): By.xpath: //ytd-topbar-menu-button-renderer[@class='style-scope ytd-masthead style-default']
20:05:04 [TestNG-test-Yt Master Tests-1] INFO  verifyingSideMenuLanguageAsInSettingsLingua_20-02-28 - Clicking language dropdown...
20:05:04 [TestNG-test-Yt Master Tests-1] INFO  verifyingSideMenuLanguageAsInSettingsLingua_20-02-28 - [verifyingSideMenuLanguageAsInSettingsLingua_20-02-28] Trying to find element: By.xpath: (//div[@id='content-icon'])[2]
20:05:04 [TestNG-test-Yt Master Tests-1] INFO  verifyingSideMenuLanguageAsInSettingsLingua_20-02-28 - [verifyingSideMenuLanguageAsInSettingsLingua_20-02-28] Element found and ready (attempt 1): By.xpath: (//div[@id='content-icon'])[2]
20:05:05 [TestNG-test-Yt Master Tests-1] INFO  verifyingSideMenuLanguageAsInSettingsLingua_20-02-28 - Looking for language element with name: Svenska
20:05:05 [TestNG-test-Yt Master Tests-1] INFO  verifyingSideMenuLanguageAsInSettingsLingua_20-02-28 - [verifyingSideMenuLanguageAsInSettingsLingua_20-02-28] Trying to find element: By.xpath: //yt-multi-page-menu-section-renderer[@class='style-scope ytd-multi-page-menu-renderer']//yt-formatted-string[@id='label' and text()='Svenska']
20:05:05 [TestNG-test-Yt Master Tests-1] INFO  verifyingSideMenuLanguageAsInSettingsLingua_20-02-28 - [verifyingSideMenuLanguageAsInSettingsLingua_20-02-28] Element found and ready (attempt 1): By.xpath: //yt-multi-page-menu-section-renderer[@class='style-scope ytd-multi-page-menu-renderer']//yt-formatted-string[@id='label' and text()='Svenska']
20:05:05 [TestNG-test-Yt Master Tests-1] INFO  verifyingSideMenuLanguageAsInSettingsLingua_20-02-28 - [verifyingSideMenuLanguageAsInSettingsLingua_20-02-28] Trying to find element: By.xpath: //yt-multi-page-menu-section-renderer[@class='style-scope ytd-multi-page-menu-renderer']//yt-formatted-string[@id='label' and text()='Svenska']
20:05:05 [TestNG-test-Yt Master Tests-1] INFO  verifyingSideMenuLanguageAsInSettingsLingua_20-02-28 - [verifyingSideMenuLanguageAsInSettingsLingua_20-02-28] Element found and ready (attempt 1): By.xpath: //yt-multi-page-menu-section-renderer[@class='style-scope ytd-multi-page-menu-renderer']//yt-formatted-string[@id='label' and text()='Svenska']
20:05:06 [TestNG-test-Yt Master Tests-1] INFO  verifyingSideMenuLanguageAsInSettingsLingua_20-02-28 - Clicking settings ellipses button...
20:05:07 [TestNG-test-Yt Master Tests-1] INFO  verifyingSideMenuLanguageAsInSettingsLingua_20-02-28 - [verifyingSideMenuLanguageAsInSettingsLingua_20-02-28] Trying to find element: By.xpath: //ytd-topbar-menu-button-renderer[@class='style-scope ytd-masthead style-default']
20:05:07 [TestNG-test-Yt Master Tests-1] INFO  verifyingSideMenuLanguageAsInSettingsLingua_20-02-28 - [verifyingSideMenuLanguageAsInSettingsLingua_20-02-28] Element found and ready (attempt 1): By.xpath: //ytd-topbar-menu-button-renderer[@class='style-scope ytd-masthead style-default']
20:05:07 [TestNG-test-Yt Master Tests-1] INFO  verifyingSideMenuLanguageAsInSettingsLingua_20-02-28 - [verifyingSideMenuLanguageAsInSettingsLingua_20-02-28] Waiting until element is visible in viewport
20:05:08 [TestNG-test-Yt Master Tests-1] INFO  verifyingSideMenuLanguageAsInSettingsLingua_20-02-28 - Clicking settings ellipses button...
20:05:08 [TestNG-test-Yt Master Tests-1] INFO  verifyingSideMenuLanguageAsInSettingsLingua_20-02-28 - [verifyingSideMenuLanguageAsInSettingsLingua_20-02-28] Trying to find element: By.xpath: //ytd-topbar-menu-button-renderer[@class='style-scope ytd-masthead style-default']
20:05:08 [TestNG-test-Yt Master Tests-1] INFO  verifyingSideMenuLanguageAsInSettingsLingua_20-02-28 - [verifyingSideMenuLanguageAsInSettingsLingua_20-02-28] Element found and ready (attempt 1): By.xpath: //ytd-topbar-menu-button-renderer[@class='style-scope ytd-masthead style-default']
20:05:08 [TestNG-test-Yt Master Tests-1] INFO  verifyingSideMenuLanguageAsInSettingsLingua_20-02-28 - Fetching the side menu in expanded view
20:05:08 [TestNG-test-Yt Master Tests-1] INFO  verifyingSideMenuLanguageAsInSettingsLingua_20-02-28 - [verifyingSideMenuLanguageAsInSettingsLingua_20-02-28] Finding elements list: By.xpath: //ytd-guide-entry-renderer[@class='style-scope ytd-guide-section-renderer']
20:05:08 [TestNG-test-Yt Master Tests-1] INFO  verifyingSideMenuLanguageAsInSettingsLingua_20-02-28 - [verifyingSideMenuLanguageAsInSettingsLingua_20-02-28] Found 13 ready elements (attempt 1): By.xpath: //ytd-guide-entry-renderer[@class='style-scope ytd-guide-section-renderer']
20:05:09 [TestNG-test-Yt Master Tests-1] INFO  verifyingSideMenuLanguageAsInSettingsLingua_20-02-28 - 
========== LANGUAGE DETECTION ==========
Detected Language : ENGLISH
Input Text        : Hem Shorts Prenumerationer Ditt YouTube Historik Musik Filmer och tv Live YouTube Premium YouTube TV YouTube Music YouTube Kids Rapporthistorik
========================================
20:05:09 [TestNG-test-Yt Master Tests-1] INFO  verifyingSideMenuLanguageAsInSettingsLingua_20-02-28 - getLangAttribute() - locating <html> and reading lang property
20:05:09 [TestNG-test-Yt Master Tests-1] INFO  verifyingSideMenuLanguageAsInSettingsLingua_20-02-28 - Language attribute read: sv-SE
20:05:09 [TestNG-test-Yt Master Tests-1] INFO  verifyingSideMenuLanguageAsInSettingsLingua_20-02-28 - [verifyingSideMenuLanguageAsInSettingsLingua_20-02-28] ApplicableLanguage==  Svenska     Detected Language ==  ENGLISH  Expected Language == SWEDISH
20:05:09 [TestNG-test-Yt Master Tests-1] INFO  verifyingSideMenuLanguageAsInSettingsLingua_20-02-28 - Clicking settings ellipses button...
20:05:09 [TestNG-test-Yt Master Tests-1] INFO  verifyingSideMenuLanguageAsInSettingsLingua_20-02-28 - [verifyingSideMenuLanguageAsInSettingsLingua_20-02-28] Trying to find element: By.xpath: //ytd-topbar-menu-button-renderer[@class='style-scope ytd-masthead style-default']
20:05:09 [TestNG-test-Yt Master Tests-1] INFO  verifyingSideMenuLanguageAsInSettingsLingua_20-02-28 - [verifyingSideMenuLanguageAsInSettingsLingua_20-02-28] Element found and ready (attempt 1): By.xpath: //ytd-topbar-menu-button-renderer[@class='style-scope ytd-masthead style-default']
20:05:09 [TestNG-test-Yt Master Tests-1] INFO  verifyingSideMenuLanguageAsInSettingsLingua_20-02-28 - Clicking language dropdown...
20:05:09 [TestNG-test-Yt Master Tests-1] INFO  verifyingSideMenuLanguageAsInSettingsLingua_20-02-28 - [verifyingSideMenuLanguageAsInSettingsLingua_20-02-28] Trying to find element: By.xpath: (//div[@id='content-icon'])[2]
20:05:09 [TestNG-test-Yt Master Tests-1] INFO  verifyingSideMenuLanguageAsInSettingsLingua_20-02-28 - [verifyingSideMenuLanguageAsInSettingsLingua_20-02-28] Element found and ready (attempt 1): By.xpath: (//div[@id='content-icon'])[2]
20:05:10 [TestNG-test-Yt Master Tests-1] INFO  verifyingSideMenuLanguageAsInSettingsLingua_20-02-28 - Looking for language element with name: Tiếng Việt
20:05:10 [TestNG-test-Yt Master Tests-1] INFO  verifyingSideMenuLanguageAsInSettingsLingua_20-02-28 - [verifyingSideMenuLanguageAsInSettingsLingua_20-02-28] Trying to find element: By.xpath: //yt-multi-page-menu-section-renderer[@class='style-scope ytd-multi-page-menu-renderer']//yt-formatted-string[@id='label' and text()='Tiếng Việt']
20:05:10 [TestNG-test-Yt Master Tests-1] INFO  verifyingSideMenuLanguageAsInSettingsLingua_20-02-28 - [verifyingSideMenuLanguageAsInSettingsLingua_20-02-28] Element found and ready (attempt 1): By.xpath: //yt-multi-page-menu-section-renderer[@class='style-scope ytd-multi-page-menu-renderer']//yt-formatted-string[@id='label' and text()='Tiếng Việt']
20:05:10 [TestNG-test-Yt Master Tests-1] INFO  verifyingSideMenuLanguageAsInSettingsLingua_20-02-28 - [verifyingSideMenuLanguageAsInSettingsLingua_20-02-28] Trying to find element: By.xpath: //yt-multi-page-menu-section-renderer[@class='style-scope ytd-multi-page-menu-renderer']//yt-formatted-string[@id='label' and text()='Tiếng Việt']
20:05:10 [TestNG-test-Yt Master Tests-1] INFO  verifyingSideMenuLanguageAsInSettingsLingua_20-02-28 - [verifyingSideMenuLanguageAsInSettingsLingua_20-02-28] Element found and ready (attempt 1): By.xpath: //yt-multi-page-menu-section-renderer[@class='style-scope ytd-multi-page-menu-renderer']//yt-formatted-string[@id='label' and text()='Tiếng Việt']
20:05:11 [TestNG-test-Yt Master Tests-1] INFO  verifyingSideMenuLanguageAsInSettingsLingua_20-02-28 - Clicking settings ellipses button...
20:05:11 [TestNG-test-Yt Master Tests-1] INFO  verifyingSideMenuLanguageAsInSettingsLingua_20-02-28 - [verifyingSideMenuLanguageAsInSettingsLingua_20-02-28] Trying to find element: By.xpath: //ytd-topbar-menu-button-renderer[@class='style-scope ytd-masthead style-default']
20:05:12 [TestNG-test-Yt Master Tests-1] INFO  verifyingSideMenuLanguageAsInSettingsLingua_20-02-28 - [verifyingSideMenuLanguageAsInSettingsLingua_20-02-28] Element found and ready (attempt 1): By.xpath: //ytd-topbar-menu-button-renderer[@class='style-scope ytd-masthead style-default']
20:05:12 [TestNG-test-Yt Master Tests-1] INFO  verifyingSideMenuLanguageAsInSettingsLingua_20-02-28 - [verifyingSideMenuLanguageAsInSettingsLingua_20-02-28] Waiting until element is visible in viewport
20:05:12 [TestNG-test-Yt Master Tests-1] INFO  verifyingSideMenuLanguageAsInSettingsLingua_20-02-28 - Clicking settings ellipses button...
20:05:12 [TestNG-test-Yt Master Tests-1] INFO  verifyingSideMenuLanguageAsInSettingsLingua_20-02-28 - [verifyingSideMenuLanguageAsInSettingsLingua_20-02-28] Trying to find element: By.xpath: //ytd-topbar-menu-button-renderer[@class='style-scope ytd-masthead style-default']
20:05:13 [TestNG-test-Yt Master Tests-1] INFO  verifyingSideMenuLanguageAsInSettingsLingua_20-02-28 - [verifyingSideMenuLanguageAsInSettingsLingua_20-02-28] Element found and ready (attempt 1): By.xpath: //ytd-topbar-menu-button-renderer[@class='style-scope ytd-masthead style-default']
20:05:13 [TestNG-test-Yt Master Tests-1] INFO  verifyingSideMenuLanguageAsInSettingsLingua_20-02-28 - Fetching the side menu in expanded view
20:05:13 [TestNG-test-Yt Master Tests-1] INFO  verifyingSideMenuLanguageAsInSettingsLingua_20-02-28 - [verifyingSideMenuLanguageAsInSettingsLingua_20-02-28] Finding elements list: By.xpath: //ytd-guide-entry-renderer[@class='style-scope ytd-guide-section-renderer']
20:05:13 [TestNG-test-Yt Master Tests-1] INFO  verifyingSideMenuLanguageAsInSettingsLingua_20-02-28 - [verifyingSideMenuLanguageAsInSettingsLingua_20-02-28] Found 13 ready elements (attempt 1): By.xpath: //ytd-guide-entry-renderer[@class='style-scope ytd-guide-section-renderer']
20:05:13 [TestNG-test-Yt Master Tests-1] INFO  verifyingSideMenuLanguageAsInSettingsLingua_20-02-28 - 
========== LANGUAGE DETECTION ==========
Detected Language : VIETNAMESE
Input Text        : Trang chủ Shorts Kênh đăng ký Bạn Video đã xem Âm nhạc Phim và truyền hình Trực tiếp YouTube Premium YouTube TV YouTube Music YouTube Kids Nhật ký báo cáo
========================================
20:05:13 [TestNG-test-Yt Master Tests-1] INFO  verifyingSideMenuLanguageAsInSettingsLingua_20-02-28 - getLangAttribute() - locating <html> and reading lang property
20:05:13 [TestNG-test-Yt Master Tests-1] INFO  verifyingSideMenuLanguageAsInSettingsLingua_20-02-28 - Language attribute read: vi-VN
20:05:13 [TestNG-test-Yt Master Tests-1] INFO  verifyingSideMenuLanguageAsInSettingsLingua_20-02-28 - [verifyingSideMenuLanguageAsInSettingsLingua_20-02-28] ApplicableLanguage==  Tiếng Việt     Detected Language ==  VIETNAMESE  Expected Language == VIETNAMESE
20:05:13 [TestNG-test-Yt Master Tests-1] INFO  verifyingSideMenuLanguageAsInSettingsLingua_20-02-28 - Clicking settings ellipses button...
20:05:13 [TestNG-test-Yt Master Tests-1] INFO  verifyingSideMenuLanguageAsInSettingsLingua_20-02-28 - [verifyingSideMenuLanguageAsInSettingsLingua_20-02-28] Trying to find element: By.xpath: //ytd-topbar-menu-button-renderer[@class='style-scope ytd-masthead style-default']
20:05:13 [TestNG-test-Yt Master Tests-1] INFO  verifyingSideMenuLanguageAsInSettingsLingua_20-02-28 - [verifyingSideMenuLanguageAsInSettingsLingua_20-02-28] Element found and ready (attempt 1): By.xpath: //ytd-topbar-menu-button-renderer[@class='style-scope ytd-masthead style-default']
20:05:13 [TestNG-test-Yt Master Tests-1] INFO  verifyingSideMenuLanguageAsInSettingsLingua_20-02-28 - Clicking language dropdown...
20:05:13 [TestNG-test-Yt Master Tests-1] INFO  verifyingSideMenuLanguageAsInSettingsLingua_20-02-28 - [verifyingSideMenuLanguageAsInSettingsLingua_20-02-28] Trying to find element: By.xpath: (//div[@id='content-icon'])[2]
20:05:14 [TestNG-test-Yt Master Tests-1] INFO  verifyingSideMenuLanguageAsInSettingsLingua_20-02-28 - [verifyingSideMenuLanguageAsInSettingsLingua_20-02-28] Element found and ready (attempt 1): By.xpath: (//div[@id='content-icon'])[2]
20:05:14 [TestNG-test-Yt Master Tests-1] INFO  verifyingSideMenuLanguageAsInSettingsLingua_20-02-28 - Looking for language element with name: Türkçe
20:05:14 [TestNG-test-Yt Master Tests-1] INFO  verifyingSideMenuLanguageAsInSettingsLingua_20-02-28 - [verifyingSideMenuLanguageAsInSettingsLingua_20-02-28] Trying to find element: By.xpath: //yt-multi-page-menu-section-renderer[@class='style-scope ytd-multi-page-menu-renderer']//yt-formatted-string[@id='label' and text()='Türkçe']
20:05:14 [TestNG-test-Yt Master Tests-1] INFO  verifyingSideMenuLanguageAsInSettingsLingua_20-02-28 - [verifyingSideMenuLanguageAsInSettingsLingua_20-02-28] Element found and ready (attempt 1): By.xpath: //yt-multi-page-menu-section-renderer[@class='style-scope ytd-multi-page-menu-renderer']//yt-formatted-string[@id='label' and text()='Türkçe']
20:05:14 [TestNG-test-Yt Master Tests-1] INFO  verifyingSideMenuLanguageAsInSettingsLingua_20-02-28 - [verifyingSideMenuLanguageAsInSettingsLingua_20-02-28] Trying to find element: By.xpath: //yt-multi-page-menu-section-renderer[@class='style-scope ytd-multi-page-menu-renderer']//yt-formatted-string[@id='label' and text()='Türkçe']
20:05:14 [TestNG-test-Yt Master Tests-1] INFO  verifyingSideMenuLanguageAsInSettingsLingua_20-02-28 - [verifyingSideMenuLanguageAsInSettingsLingua_20-02-28] Element found and ready (attempt 1): By.xpath: //yt-multi-page-menu-section-renderer[@class='style-scope ytd-multi-page-menu-renderer']//yt-formatted-string[@id='label' and text()='Türkçe']
20:05:15 [TestNG-test-Yt Master Tests-1] INFO  verifyingSideMenuLanguageAsInSettingsLingua_20-02-28 - Clicking settings ellipses button...
20:05:16 [TestNG-test-Yt Master Tests-1] INFO  verifyingSideMenuLanguageAsInSettingsLingua_20-02-28 - [verifyingSideMenuLanguageAsInSettingsLingua_20-02-28] Trying to find element: By.xpath: //ytd-topbar-menu-button-renderer[@class='style-scope ytd-masthead style-default']
20:05:16 [TestNG-test-Yt Master Tests-1] INFO  verifyingSideMenuLanguageAsInSettingsLingua_20-02-28 - [verifyingSideMenuLanguageAsInSettingsLingua_20-02-28] Element found and ready (attempt 1): By.xpath: //ytd-topbar-menu-button-renderer[@class='style-scope ytd-masthead style-default']
20:05:16 [TestNG-test-Yt Master Tests-1] INFO  verifyingSideMenuLanguageAsInSettingsLingua_20-02-28 - [verifyingSideMenuLanguageAsInSettingsLingua_20-02-28] Waiting until element is visible in viewport
20:05:17 [TestNG-test-Yt Master Tests-1] INFO  verifyingSideMenuLanguageAsInSettingsLingua_20-02-28 - Clicking settings ellipses button...
20:05:17 [TestNG-test-Yt Master Tests-1] INFO  verifyingSideMenuLanguageAsInSettingsLingua_20-02-28 - [verifyingSideMenuLanguageAsInSettingsLingua_20-02-28] Trying to find element: By.xpath: //ytd-topbar-menu-button-renderer[@class='style-scope ytd-masthead style-default']
20:05:17 [TestNG-test-Yt Master Tests-1] INFO  verifyingSideMenuLanguageAsInSettingsLingua_20-02-28 - [verifyingSideMenuLanguageAsInSettingsLingua_20-02-28] Element found and ready (attempt 1): By.xpath: //ytd-topbar-menu-button-renderer[@class='style-scope ytd-masthead style-default']
20:05:17 [TestNG-test-Yt Master Tests-1] INFO  verifyingSideMenuLanguageAsInSettingsLingua_20-02-28 - Fetching the side menu in expanded view
20:05:17 [TestNG-test-Yt Master Tests-1] INFO  verifyingSideMenuLanguageAsInSettingsLingua_20-02-28 - [verifyingSideMenuLanguageAsInSettingsLingua_20-02-28] Finding elements list: By.xpath: //ytd-guide-entry-renderer[@class='style-scope ytd-guide-section-renderer']
20:05:17 [TestNG-test-Yt Master Tests-1] INFO  verifyingSideMenuLanguageAsInSettingsLingua_20-02-28 - [verifyingSideMenuLanguageAsInSettingsLingua_20-02-28] Found 13 ready elements (attempt 1): By.xpath: //ytd-guide-entry-renderer[@class='style-scope ytd-guide-section-renderer']
20:05:18 [TestNG-test-Yt Master Tests-1] INFO  verifyingSideMenuLanguageAsInSettingsLingua_20-02-28 - 
========== LANGUAGE DETECTION ==========
Detected Language : TURKISH
Input Text        : Ana Sayfa Shorts Abonelikler Siz Geçmiş Müzik Filmler ve TV Canlı YouTube Premium YouTube TV YouTube Music YouTube Kids İçerik bildirme geçmişi
========================================
20:05:18 [TestNG-test-Yt Master Tests-1] INFO  verifyingSideMenuLanguageAsInSettingsLingua_20-02-28 - getLangAttribute() - locating <html> and reading lang property
20:05:18 [TestNG-test-Yt Master Tests-1] INFO  verifyingSideMenuLanguageAsInSettingsLingua_20-02-28 - Language attribute read: tr-TR
20:05:18 [TestNG-test-Yt Master Tests-1] INFO  verifyingSideMenuLanguageAsInSettingsLingua_20-02-28 - [verifyingSideMenuLanguageAsInSettingsLingua_20-02-28] ApplicableLanguage==  Türkçe     Detected Language ==  TURKISH  Expected Language == TURKISH
20:05:18 [TestNG-test-Yt Master Tests-1] INFO  verifyingSideMenuLanguageAsInSettingsLingua_20-02-28 - Clicking settings ellipses button...
20:05:18 [TestNG-test-Yt Master Tests-1] INFO  verifyingSideMenuLanguageAsInSettingsLingua_20-02-28 - [verifyingSideMenuLanguageAsInSettingsLingua_20-02-28] Trying to find element: By.xpath: //ytd-topbar-menu-button-renderer[@class='style-scope ytd-masthead style-default']
20:05:18 [TestNG-test-Yt Master Tests-1] INFO  verifyingSideMenuLanguageAsInSettingsLingua_20-02-28 - [verifyingSideMenuLanguageAsInSettingsLingua_20-02-28] Element found and ready (attempt 1): By.xpath: //ytd-topbar-menu-button-renderer[@class='style-scope ytd-masthead style-default']
20:05:18 [TestNG-test-Yt Master Tests-1] INFO  verifyingSideMenuLanguageAsInSettingsLingua_20-02-28 - Clicking language dropdown...
20:05:18 [TestNG-test-Yt Master Tests-1] INFO  verifyingSideMenuLanguageAsInSettingsLingua_20-02-28 - [verifyingSideMenuLanguageAsInSettingsLingua_20-02-28] Trying to find element: By.xpath: (//div[@id='content-icon'])[2]
20:05:18 [TestNG-test-Yt Master Tests-1] INFO  verifyingSideMenuLanguageAsInSettingsLingua_20-02-28 - [verifyingSideMenuLanguageAsInSettingsLingua_20-02-28] Element found and ready (attempt 1): By.xpath: (//div[@id='content-icon'])[2]
20:05:19 [TestNG-test-Yt Master Tests-1] INFO  verifyingSideMenuLanguageAsInSettingsLingua_20-02-28 - Looking for language element with name: Беларуская
20:05:19 [TestNG-test-Yt Master Tests-1] INFO  verifyingSideMenuLanguageAsInSettingsLingua_20-02-28 - [verifyingSideMenuLanguageAsInSettingsLingua_20-02-28] Trying to find element: By.xpath: //yt-multi-page-menu-section-renderer[@class='style-scope ytd-multi-page-menu-renderer']//yt-formatted-string[@id='label' and text()='Беларуская']
20:05:19 [TestNG-test-Yt Master Tests-1] INFO  verifyingSideMenuLanguageAsInSettingsLingua_20-02-28 - [verifyingSideMenuLanguageAsInSettingsLingua_20-02-28] Element found and ready (attempt 1): By.xpath: //yt-multi-page-menu-section-renderer[@class='style-scope ytd-multi-page-menu-renderer']//yt-formatted-string[@id='label' and text()='Беларуская']
20:05:19 [TestNG-test-Yt Master Tests-1] INFO  verifyingSideMenuLanguageAsInSettingsLingua_20-02-28 - [verifyingSideMenuLanguageAsInSettingsLingua_20-02-28] Trying to find element: By.xpath: //yt-multi-page-menu-section-renderer[@class='style-scope ytd-multi-page-menu-renderer']//yt-formatted-string[@id='label' and text()='Беларуская']
20:05:19 [TestNG-test-Yt Master Tests-1] INFO  verifyingSideMenuLanguageAsInSettingsLingua_20-02-28 - [verifyingSideMenuLanguageAsInSettingsLingua_20-02-28] Element found and ready (attempt 1): By.xpath: //yt-multi-page-menu-section-renderer[@class='style-scope ytd-multi-page-menu-renderer']//yt-formatted-string[@id='label' and text()='Беларуская']
20:05:20 [TestNG-test-Yt Master Tests-1] INFO  verifyingSideMenuLanguageAsInSettingsLingua_20-02-28 - Clicking settings ellipses button...
20:05:20 [TestNG-test-Yt Master Tests-1] INFO  verifyingSideMenuLanguageAsInSettingsLingua_20-02-28 - [verifyingSideMenuLanguageAsInSettingsLingua_20-02-28] Trying to find element: By.xpath: //ytd-topbar-menu-button-renderer[@class='style-scope ytd-masthead style-default']
20:05:21 [TestNG-test-Yt Master Tests-1] INFO  verifyingSideMenuLanguageAsInSettingsLingua_20-02-28 - [verifyingSideMenuLanguageAsInSettingsLingua_20-02-28] Element found and ready (attempt 1): By.xpath: //ytd-topbar-menu-button-renderer[@class='style-scope ytd-masthead style-default']
20:05:21 [TestNG-test-Yt Master Tests-1] INFO  verifyingSideMenuLanguageAsInSettingsLingua_20-02-28 - [verifyingSideMenuLanguageAsInSettingsLingua_20-02-28] Waiting until element is visible in viewport
20:05:21 [TestNG-test-Yt Master Tests-1] INFO  verifyingSideMenuLanguageAsInSettingsLingua_20-02-28 - Clicking settings ellipses button...
20:05:21 [TestNG-test-Yt Master Tests-1] INFO  verifyingSideMenuLanguageAsInSettingsLingua_20-02-28 - [verifyingSideMenuLanguageAsInSettingsLingua_20-02-28] Trying to find element: By.xpath: //ytd-topbar-menu-button-renderer[@class='style-scope ytd-masthead style-default']
20:05:21 [TestNG-test-Yt Master Tests-1] INFO  verifyingSideMenuLanguageAsInSettingsLingua_20-02-28 - [verifyingSideMenuLanguageAsInSettingsLingua_20-02-28] Element found and ready (attempt 1): By.xpath: //ytd-topbar-menu-button-renderer[@class='style-scope ytd-masthead style-default']
20:05:22 [TestNG-test-Yt Master Tests-1] INFO  verifyingSideMenuLanguageAsInSettingsLingua_20-02-28 - Fetching the side menu in expanded view
20:05:22 [TestNG-test-Yt Master Tests-1] INFO  verifyingSideMenuLanguageAsInSettingsLingua_20-02-28 - [verifyingSideMenuLanguageAsInSettingsLingua_20-02-28] Finding elements list: By.xpath: //ytd-guide-entry-renderer[@class='style-scope ytd-guide-section-renderer']
20:05:22 [TestNG-test-Yt Master Tests-1] INFO  verifyingSideMenuLanguageAsInSettingsLingua_20-02-28 - [verifyingSideMenuLanguageAsInSettingsLingua_20-02-28] Found 13 ready elements (attempt 1): By.xpath: //ytd-guide-entry-renderer[@class='style-scope ytd-guide-section-renderer']
20:05:22 [TestNG-test-Yt Master Tests-1] INFO  verifyingSideMenuLanguageAsInSettingsLingua_20-02-28 - 
========== LANGUAGE DETECTION ==========
Detected Language : BELARUSIAN
Input Text        : Галоўная старонка Shorts Падпіскі Вы Гісторыя Музыка Фільмы і тэлеперадачы У жывым эфіры YouTube Premium YouTube TV YouTube Music YouTube Kids Гісторыя скаргаў
========================================
20:05:22 [TestNG-test-Yt Master Tests-1] INFO  verifyingSideMenuLanguageAsInSettingsLingua_20-02-28 - getLangAttribute() - locating <html> and reading lang property
20:05:22 [TestNG-test-Yt Master Tests-1] INFO  verifyingSideMenuLanguageAsInSettingsLingua_20-02-28 - Language attribute read: be-BY
20:05:22 [TestNG-test-Yt Master Tests-1] INFO  verifyingSideMenuLanguageAsInSettingsLingua_20-02-28 - [verifyingSideMenuLanguageAsInSettingsLingua_20-02-28] ApplicableLanguage==  Беларуская     Detected Language ==  BELARUSIAN  Expected Language == BELARUSIAN
20:05:22 [TestNG-test-Yt Master Tests-1] INFO  verifyingSideMenuLanguageAsInSettingsLingua_20-02-28 - Clicking settings ellipses button...
20:05:22 [TestNG-test-Yt Master Tests-1] INFO  verifyingSideMenuLanguageAsInSettingsLingua_20-02-28 - [verifyingSideMenuLanguageAsInSettingsLingua_20-02-28] Trying to find element: By.xpath: //ytd-topbar-menu-button-renderer[@class='style-scope ytd-masthead style-default']
20:05:22 [TestNG-test-Yt Master Tests-1] INFO  verifyingSideMenuLanguageAsInSettingsLingua_20-02-28 - [verifyingSideMenuLanguageAsInSettingsLingua_20-02-28] Element found and ready (attempt 1): By.xpath: //ytd-topbar-menu-button-renderer[@class='style-scope ytd-masthead style-default']
20:05:22 [TestNG-test-Yt Master Tests-1] INFO  verifyingSideMenuLanguageAsInSettingsLingua_20-02-28 - Clicking language dropdown...
20:05:22 [TestNG-test-Yt Master Tests-1] INFO  verifyingSideMenuLanguageAsInSettingsLingua_20-02-28 - [verifyingSideMenuLanguageAsInSettingsLingua_20-02-28] Trying to find element: By.xpath: (//div[@id='content-icon'])[2]
20:05:23 [TestNG-test-Yt Master Tests-1] INFO  verifyingSideMenuLanguageAsInSettingsLingua_20-02-28 - [verifyingSideMenuLanguageAsInSettingsLingua_20-02-28] Element found and ready (attempt 1): By.xpath: (//div[@id='content-icon'])[2]
20:05:23 [TestNG-test-Yt Master Tests-1] INFO  verifyingSideMenuLanguageAsInSettingsLingua_20-02-28 - Looking for language element with name: Български
20:05:23 [TestNG-test-Yt Master Tests-1] INFO  verifyingSideMenuLanguageAsInSettingsLingua_20-02-28 - [verifyingSideMenuLanguageAsInSettingsLingua_20-02-28] Trying to find element: By.xpath: //yt-multi-page-menu-section-renderer[@class='style-scope ytd-multi-page-menu-renderer']//yt-formatted-string[@id='label' and text()='Български']
20:05:23 [TestNG-test-Yt Master Tests-1] INFO  verifyingSideMenuLanguageAsInSettingsLingua_20-02-28 - [verifyingSideMenuLanguageAsInSettingsLingua_20-02-28] Element found and ready (attempt 1): By.xpath: //yt-multi-page-menu-section-renderer[@class='style-scope ytd-multi-page-menu-renderer']//yt-formatted-string[@id='label' and text()='Български']
20:05:23 [TestNG-test-Yt Master Tests-1] INFO  verifyingSideMenuLanguageAsInSettingsLingua_20-02-28 - [verifyingSideMenuLanguageAsInSettingsLingua_20-02-28] Trying to find element: By.xpath: //yt-multi-page-menu-section-renderer[@class='style-scope ytd-multi-page-menu-renderer']//yt-formatted-string[@id='label' and text()='Български']
20:05:23 [TestNG-test-Yt Master Tests-1] INFO  verifyingSideMenuLanguageAsInSettingsLingua_20-02-28 - [verifyingSideMenuLanguageAsInSettingsLingua_20-02-28] Element found and ready (attempt 1): By.xpath: //yt-multi-page-menu-section-renderer[@class='style-scope ytd-multi-page-menu-renderer']//yt-formatted-string[@id='label' and text()='Български']
20:05:24 [TestNG-test-Yt Master Tests-1] INFO  verifyingSideMenuLanguageAsInSettingsLingua_20-02-28 - Clicking settings ellipses button...
20:05:25 [TestNG-test-Yt Master Tests-1] INFO  verifyingSideMenuLanguageAsInSettingsLingua_20-02-28 - [verifyingSideMenuLanguageAsInSettingsLingua_20-02-28] Trying to find element: By.xpath: //ytd-topbar-menu-button-renderer[@class='style-scope ytd-masthead style-default']
20:05:25 [TestNG-test-Yt Master Tests-1] INFO  verifyingSideMenuLanguageAsInSettingsLingua_20-02-28 - [verifyingSideMenuLanguageAsInSettingsLingua_20-02-28] Element found and ready (attempt 1): By.xpath: //ytd-topbar-menu-button-renderer[@class='style-scope ytd-masthead style-default']
20:05:25 [TestNG-test-Yt Master Tests-1] INFO  verifyingSideMenuLanguageAsInSettingsLingua_20-02-28 - [verifyingSideMenuLanguageAsInSettingsLingua_20-02-28] Waiting until element is visible in viewport
20:05:25 [TestNG-test-Yt Master Tests-1] INFO  verifyingSideMenuLanguageAsInSettingsLingua_20-02-28 - Clicking settings ellipses button...
20:05:25 [TestNG-test-Yt Master Tests-1] INFO  verifyingSideMenuLanguageAsInSettingsLingua_20-02-28 - [verifyingSideMenuLanguageAsInSettingsLingua_20-02-28] Trying to find element: By.xpath: //ytd-topbar-menu-button-renderer[@class='style-scope ytd-masthead style-default']
20:05:25 [TestNG-test-Yt Master Tests-1] INFO  verifyingSideMenuLanguageAsInSettingsLingua_20-02-28 - [verifyingSideMenuLanguageAsInSettingsLingua_20-02-28] Element found and ready (attempt 1): By.xpath: //ytd-topbar-menu-button-renderer[@class='style-scope ytd-masthead style-default']
20:05:26 [TestNG-test-Yt Master Tests-1] INFO  verifyingSideMenuLanguageAsInSettingsLingua_20-02-28 - Fetching the side menu in expanded view
20:05:26 [TestNG-test-Yt Master Tests-1] INFO  verifyingSideMenuLanguageAsInSettingsLingua_20-02-28 - [verifyingSideMenuLanguageAsInSettingsLingua_20-02-28] Finding elements list: By.xpath: //ytd-guide-entry-renderer[@class='style-scope ytd-guide-section-renderer']
20:05:26 [TestNG-test-Yt Master Tests-1] INFO  verifyingSideMenuLanguageAsInSettingsLingua_20-02-28 - [verifyingSideMenuLanguageAsInSettingsLingua_20-02-28] Found 13 ready elements (attempt 1): By.xpath: //ytd-guide-entry-renderer[@class='style-scope ytd-guide-section-renderer']
20:05:26 [TestNG-test-Yt Master Tests-1] INFO  verifyingSideMenuLanguageAsInSettingsLingua_20-02-28 - 
========== LANGUAGE DETECTION ==========
Detected Language : BULGARIAN
Input Text        : Начало Shorts Абонаменти Вие История Музика Филми и телевизионни предавания На живо YouTube Premium YouTube TV YouTube Music YouTube Kids Подадени сигнали
========================================
20:05:26 [TestNG-test-Yt Master Tests-1] INFO  verifyingSideMenuLanguageAsInSettingsLingua_20-02-28 - getLangAttribute() - locating <html> and reading lang property
20:05:26 [TestNG-test-Yt Master Tests-1] INFO  verifyingSideMenuLanguageAsInSettingsLingua_20-02-28 - Language attribute read: bg-BG
20:05:26 [TestNG-test-Yt Master Tests-1] INFO  verifyingSideMenuLanguageAsInSettingsLingua_20-02-28 - [verifyingSideMenuLanguageAsInSettingsLingua_20-02-28] ApplicableLanguage==  Български     Detected Language ==  BULGARIAN  Expected Language == BULGARIAN
20:05:26 [TestNG-test-Yt Master Tests-1] INFO  verifyingSideMenuLanguageAsInSettingsLingua_20-02-28 - Clicking settings ellipses button...
20:05:26 [TestNG-test-Yt Master Tests-1] INFO  verifyingSideMenuLanguageAsInSettingsLingua_20-02-28 - [verifyingSideMenuLanguageAsInSettingsLingua_20-02-28] Trying to find element: By.xpath: //ytd-topbar-menu-button-renderer[@class='style-scope ytd-masthead style-default']
20:05:26 [TestNG-test-Yt Master Tests-1] INFO  verifyingSideMenuLanguageAsInSettingsLingua_20-02-28 - [verifyingSideMenuLanguageAsInSettingsLingua_20-02-28] Element found and ready (attempt 1): By.xpath: //ytd-topbar-menu-button-renderer[@class='style-scope ytd-masthead style-default']
20:05:26 [TestNG-test-Yt Master Tests-1] INFO  verifyingSideMenuLanguageAsInSettingsLingua_20-02-28 - Clicking language dropdown...
20:05:26 [TestNG-test-Yt Master Tests-1] INFO  verifyingSideMenuLanguageAsInSettingsLingua_20-02-28 - [verifyingSideMenuLanguageAsInSettingsLingua_20-02-28] Trying to find element: By.xpath: (//div[@id='content-icon'])[2]
20:05:27 [TestNG-test-Yt Master Tests-1] INFO  verifyingSideMenuLanguageAsInSettingsLingua_20-02-28 - [verifyingSideMenuLanguageAsInSettingsLingua_20-02-28] Element found and ready (attempt 1): By.xpath: (//div[@id='content-icon'])[2]
20:05:27 [TestNG-test-Yt Master Tests-1] INFO  verifyingSideMenuLanguageAsInSettingsLingua_20-02-28 - Looking for language element with name: Русский
20:05:27 [TestNG-test-Yt Master Tests-1] INFO  verifyingSideMenuLanguageAsInSettingsLingua_20-02-28 - [verifyingSideMenuLanguageAsInSettingsLingua_20-02-28] Trying to find element: By.xpath: //yt-multi-page-menu-section-renderer[@class='style-scope ytd-multi-page-menu-renderer']//yt-formatted-string[@id='label' and text()='Русский']
20:05:27 [TestNG-test-Yt Master Tests-1] INFO  verifyingSideMenuLanguageAsInSettingsLingua_20-02-28 - [verifyingSideMenuLanguageAsInSettingsLingua_20-02-28] Element found and ready (attempt 1): By.xpath: //yt-multi-page-menu-section-renderer[@class='style-scope ytd-multi-page-menu-renderer']//yt-formatted-string[@id='label' and text()='Русский']
20:05:27 [TestNG-test-Yt Master Tests-1] INFO  verifyingSideMenuLanguageAsInSettingsLingua_20-02-28 - [verifyingSideMenuLanguageAsInSettingsLingua_20-02-28] Trying to find element: By.xpath: //yt-multi-page-menu-section-renderer[@class='style-scope ytd-multi-page-menu-renderer']//yt-formatted-string[@id='label' and text()='Русский']
20:05:27 [TestNG-test-Yt Master Tests-1] INFO  verifyingSideMenuLanguageAsInSettingsLingua_20-02-28 - [verifyingSideMenuLanguageAsInSettingsLingua_20-02-28] Element found and ready (attempt 1): By.xpath: //yt-multi-page-menu-section-renderer[@class='style-scope ytd-multi-page-menu-renderer']//yt-formatted-string[@id='label' and text()='Русский']
20:05:29 [TestNG-test-Yt Master Tests-1] INFO  verifyingSideMenuLanguageAsInSettingsLingua_20-02-28 - Clicking settings ellipses button...
20:05:29 [TestNG-test-Yt Master Tests-1] INFO  verifyingSideMenuLanguageAsInSettingsLingua_20-02-28 - [verifyingSideMenuLanguageAsInSettingsLingua_20-02-28] Trying to find element: By.xpath: //ytd-topbar-menu-button-renderer[@class='style-scope ytd-masthead style-default']
20:05:30 [TestNG-test-Yt Master Tests-1] INFO  verifyingSideMenuLanguageAsInSettingsLingua_20-02-28 - [verifyingSideMenuLanguageAsInSettingsLingua_20-02-28] Element found and ready (attempt 1): By.xpath: //ytd-topbar-menu-button-renderer[@class='style-scope ytd-masthead style-default']
20:05:30 [TestNG-test-Yt Master Tests-1] INFO  verifyingSideMenuLanguageAsInSettingsLingua_20-02-28 - [verifyingSideMenuLanguageAsInSettingsLingua_20-02-28] Waiting until element is visible in viewport
20:05:31 [TestNG-test-Yt Master Tests-1] INFO  verifyingSideMenuLanguageAsInSettingsLingua_20-02-28 - Clicking settings ellipses button...
20:05:31 [TestNG-test-Yt Master Tests-1] INFO  verifyingSideMenuLanguageAsInSettingsLingua_20-02-28 - [verifyingSideMenuLanguageAsInSettingsLingua_20-02-28] Trying to find element: By.xpath: //ytd-topbar-menu-button-renderer[@class='style-scope ytd-masthead style-default']
20:05:31 [TestNG-test-Yt Master Tests-1] INFO  verifyingSideMenuLanguageAsInSettingsLingua_20-02-28 - [verifyingSideMenuLanguageAsInSettingsLingua_20-02-28] Element found and ready (attempt 1): By.xpath: //ytd-topbar-menu-button-renderer[@class='style-scope ytd-masthead style-default']
20:05:31 [TestNG-test-Yt Master Tests-1] INFO  verifyingSideMenuLanguageAsInSettingsLingua_20-02-28 - Fetching the side menu in expanded view
20:05:31 [TestNG-test-Yt Master Tests-1] INFO  verifyingSideMenuLanguageAsInSettingsLingua_20-02-28 - [verifyingSideMenuLanguageAsInSettingsLingua_20-02-28] Finding elements list: By.xpath: //ytd-guide-entry-renderer[@class='style-scope ytd-guide-section-renderer']
20:05:31 [TestNG-test-Yt Master Tests-1] INFO  verifyingSideMenuLanguageAsInSettingsLingua_20-02-28 - [verifyingSideMenuLanguageAsInSettingsLingua_20-02-28] Found 13 ready elements (attempt 1): By.xpath: //ytd-guide-entry-renderer[@class='style-scope ytd-guide-section-renderer']
20:05:31 [TestNG-test-Yt Master Tests-1] INFO  verifyingSideMenuLanguageAsInSettingsLingua_20-02-28 - 
========== LANGUAGE DETECTION ==========
Detected Language : RUSSIAN
Input Text        : Главная Shorts Подписки Вы История Музыка Фильмы и сериалы Трансляции YouTube Premium YouTube TV YouTube Music YouTube Детям Жалобы
========================================
20:05:31 [TestNG-test-Yt Master Tests-1] INFO  verifyingSideMenuLanguageAsInSettingsLingua_20-02-28 - getLangAttribute() - locating <html> and reading lang property
20:05:31 [TestNG-test-Yt Master Tests-1] INFO  verifyingSideMenuLanguageAsInSettingsLingua_20-02-28 - Language attribute read: ru-RU
20:05:31 [TestNG-test-Yt Master Tests-1] INFO  verifyingSideMenuLanguageAsInSettingsLingua_20-02-28 - [verifyingSideMenuLanguageAsInSettingsLingua_20-02-28] ApplicableLanguage==  Русский     Detected Language ==  RUSSIAN  Expected Language == RUSSIAN
20:05:31 [TestNG-test-Yt Master Tests-1] INFO  verifyingSideMenuLanguageAsInSettingsLingua_20-02-28 - Clicking settings ellipses button...
20:05:31 [TestNG-test-Yt Master Tests-1] INFO  verifyingSideMenuLanguageAsInSettingsLingua_20-02-28 - [verifyingSideMenuLanguageAsInSettingsLingua_20-02-28] Trying to find element: By.xpath: //ytd-topbar-menu-button-renderer[@class='style-scope ytd-masthead style-default']
20:05:31 [TestNG-test-Yt Master Tests-1] INFO  verifyingSideMenuLanguageAsInSettingsLingua_20-02-28 - [verifyingSideMenuLanguageAsInSettingsLingua_20-02-28] Element found and ready (attempt 1): By.xpath: //ytd-topbar-menu-button-renderer[@class='style-scope ytd-masthead style-default']
20:05:31 [TestNG-test-Yt Master Tests-1] INFO  verifyingSideMenuLanguageAsInSettingsLingua_20-02-28 - Clicking language dropdown...
20:05:31 [TestNG-test-Yt Master Tests-1] INFO  verifyingSideMenuLanguageAsInSettingsLingua_20-02-28 - [verifyingSideMenuLanguageAsInSettingsLingua_20-02-28] Trying to find element: By.xpath: (//div[@id='content-icon'])[2]
20:05:32 [TestNG-test-Yt Master Tests-1] INFO  verifyingSideMenuLanguageAsInSettingsLingua_20-02-28 - [verifyingSideMenuLanguageAsInSettingsLingua_20-02-28] Element found and ready (attempt 1): By.xpath: (//div[@id='content-icon'])[2]
20:05:32 [TestNG-test-Yt Master Tests-1] INFO  verifyingSideMenuLanguageAsInSettingsLingua_20-02-28 - Looking for language element with name: Українська
20:05:32 [TestNG-test-Yt Master Tests-1] INFO  verifyingSideMenuLanguageAsInSettingsLingua_20-02-28 - [verifyingSideMenuLanguageAsInSettingsLingua_20-02-28] Trying to find element: By.xpath: //yt-multi-page-menu-section-renderer[@class='style-scope ytd-multi-page-menu-renderer']//yt-formatted-string[@id='label' and text()='Українська']
20:05:32 [TestNG-test-Yt Master Tests-1] INFO  verifyingSideMenuLanguageAsInSettingsLingua_20-02-28 - [verifyingSideMenuLanguageAsInSettingsLingua_20-02-28] Element found and ready (attempt 1): By.xpath: //yt-multi-page-menu-section-renderer[@class='style-scope ytd-multi-page-menu-renderer']//yt-formatted-string[@id='label' and text()='Українська']
20:05:32 [TestNG-test-Yt Master Tests-1] INFO  verifyingSideMenuLanguageAsInSettingsLingua_20-02-28 - [verifyingSideMenuLanguageAsInSettingsLingua_20-02-28] Trying to find element: By.xpath: //yt-multi-page-menu-section-renderer[@class='style-scope ytd-multi-page-menu-renderer']//yt-formatted-string[@id='label' and text()='Українська']
20:05:32 [TestNG-test-Yt Master Tests-1] INFO  verifyingSideMenuLanguageAsInSettingsLingua_20-02-28 - [verifyingSideMenuLanguageAsInSettingsLingua_20-02-28] Element found and ready (attempt 1): By.xpath: //yt-multi-page-menu-section-renderer[@class='style-scope ytd-multi-page-menu-renderer']//yt-formatted-string[@id='label' and text()='Українська']
20:05:33 [TestNG-test-Yt Master Tests-1] INFO  verifyingSideMenuLanguageAsInSettingsLingua_20-02-28 - Clicking settings ellipses button...
20:05:34 [TestNG-test-Yt Master Tests-1] INFO  verifyingSideMenuLanguageAsInSettingsLingua_20-02-28 - [verifyingSideMenuLanguageAsInSettingsLingua_20-02-28] Trying to find element: By.xpath: //ytd-topbar-menu-button-renderer[@class='style-scope ytd-masthead style-default']
20:05:34 [TestNG-test-Yt Master Tests-1] INFO  verifyingSideMenuLanguageAsInSettingsLingua_20-02-28 - [verifyingSideMenuLanguageAsInSettingsLingua_20-02-28] Element found and ready (attempt 1): By.xpath: //ytd-topbar-menu-button-renderer[@class='style-scope ytd-masthead style-default']
20:05:34 [TestNG-test-Yt Master Tests-1] INFO  verifyingSideMenuLanguageAsInSettingsLingua_20-02-28 - [verifyingSideMenuLanguageAsInSettingsLingua_20-02-28] Waiting until element is visible in viewport
20:05:35 [TestNG-test-Yt Master Tests-1] INFO  verifyingSideMenuLanguageAsInSettingsLingua_20-02-28 - Clicking settings ellipses button...
20:05:35 [TestNG-test-Yt Master Tests-1] INFO  verifyingSideMenuLanguageAsInSettingsLingua_20-02-28 - [verifyingSideMenuLanguageAsInSettingsLingua_20-02-28] Trying to find element: By.xpath: //ytd-topbar-menu-button-renderer[@class='style-scope ytd-masthead style-default']
20:05:35 [TestNG-test-Yt Master Tests-1] INFO  verifyingSideMenuLanguageAsInSettingsLingua_20-02-28 - [verifyingSideMenuLanguageAsInSettingsLingua_20-02-28] Element found and ready (attempt 1): By.xpath: //ytd-topbar-menu-button-renderer[@class='style-scope ytd-masthead style-default']
20:05:35 [TestNG-test-Yt Master Tests-1] INFO  verifyingSideMenuLanguageAsInSettingsLingua_20-02-28 - Fetching the side menu in expanded view
20:05:35 [TestNG-test-Yt Master Tests-1] INFO  verifyingSideMenuLanguageAsInSettingsLingua_20-02-28 - [verifyingSideMenuLanguageAsInSettingsLingua_20-02-28] Finding elements list: By.xpath: //ytd-guide-entry-renderer[@class='style-scope ytd-guide-section-renderer']
20:05:35 [TestNG-test-Yt Master Tests-1] INFO  verifyingSideMenuLanguageAsInSettingsLingua_20-02-28 - [verifyingSideMenuLanguageAsInSettingsLingua_20-02-28] Found 13 ready elements (attempt 1): By.xpath: //ytd-guide-entry-renderer[@class='style-scope ytd-guide-section-renderer']
20:05:35 [TestNG-test-Yt Master Tests-1] INFO  verifyingSideMenuLanguageAsInSettingsLingua_20-02-28 - 
========== LANGUAGE DETECTION ==========
Detected Language : UKRAINIAN
Input Text        : Головна YouTube Shorts Підписки Ви Історія Музика Фільми й серіали Прямі трансляції YouTube Premium YouTube TV YouTube Music YouTube Kids Історія скарг
========================================
20:05:35 [TestNG-test-Yt Master Tests-1] INFO  verifyingSideMenuLanguageAsInSettingsLingua_20-02-28 - getLangAttribute() - locating <html> and reading lang property
20:05:35 [TestNG-test-Yt Master Tests-1] INFO  verifyingSideMenuLanguageAsInSettingsLingua_20-02-28 - Language attribute read: uk-UA
20:05:35 [TestNG-test-Yt Master Tests-1] INFO  verifyingSideMenuLanguageAsInSettingsLingua_20-02-28 - [verifyingSideMenuLanguageAsInSettingsLingua_20-02-28] ApplicableLanguage==  Українська     Detected Language ==  UKRAINIAN  Expected Language == UKRAINIAN
20:05:35 [TestNG-test-Yt Master Tests-1] INFO  verifyingSideMenuLanguageAsInSettingsLingua_20-02-28 - Clicking settings ellipses button...
20:05:35 [TestNG-test-Yt Master Tests-1] INFO  verifyingSideMenuLanguageAsInSettingsLingua_20-02-28 - [verifyingSideMenuLanguageAsInSettingsLingua_20-02-28] Trying to find element: By.xpath: //ytd-topbar-menu-button-renderer[@class='style-scope ytd-masthead style-default']
20:05:35 [TestNG-test-Yt Master Tests-1] INFO  verifyingSideMenuLanguageAsInSettingsLingua_20-02-28 - [verifyingSideMenuLanguageAsInSettingsLingua_20-02-28] Element found and ready (attempt 1): By.xpath: //ytd-topbar-menu-button-renderer[@class='style-scope ytd-masthead style-default']
20:05:36 [TestNG-test-Yt Master Tests-1] INFO  verifyingSideMenuLanguageAsInSettingsLingua_20-02-28 - Clicking language dropdown...
20:05:36 [TestNG-test-Yt Master Tests-1] INFO  verifyingSideMenuLanguageAsInSettingsLingua_20-02-28 - [verifyingSideMenuLanguageAsInSettingsLingua_20-02-28] Trying to find element: By.xpath: (//div[@id='content-icon'])[2]
20:05:36 [TestNG-test-Yt Master Tests-1] INFO  verifyingSideMenuLanguageAsInSettingsLingua_20-02-28 - [verifyingSideMenuLanguageAsInSettingsLingua_20-02-28] Element found and ready (attempt 1): By.xpath: (//div[@id='content-icon'])[2]
20:05:36 [TestNG-test-Yt Master Tests-1] INFO  verifyingSideMenuLanguageAsInSettingsLingua_20-02-28 - Looking for language element with name: Ελληνικά
20:05:36 [TestNG-test-Yt Master Tests-1] INFO  verifyingSideMenuLanguageAsInSettingsLingua_20-02-28 - [verifyingSideMenuLanguageAsInSettingsLingua_20-02-28] Trying to find element: By.xpath: //yt-multi-page-menu-section-renderer[@class='style-scope ytd-multi-page-menu-renderer']//yt-formatted-string[@id='label' and text()='Ελληνικά']
20:05:37 [TestNG-test-Yt Master Tests-1] INFO  verifyingSideMenuLanguageAsInSettingsLingua_20-02-28 - [verifyingSideMenuLanguageAsInSettingsLingua_20-02-28] Element found and ready (attempt 1): By.xpath: //yt-multi-page-menu-section-renderer[@class='style-scope ytd-multi-page-menu-renderer']//yt-formatted-string[@id='label' and text()='Ελληνικά']
20:05:37 [TestNG-test-Yt Master Tests-1] INFO  verifyingSideMenuLanguageAsInSettingsLingua_20-02-28 - [verifyingSideMenuLanguageAsInSettingsLingua_20-02-28] Trying to find element: By.xpath: //yt-multi-page-menu-section-renderer[@class='style-scope ytd-multi-page-menu-renderer']//yt-formatted-string[@id='label' and text()='Ελληνικά']
20:05:37 [TestNG-test-Yt Master Tests-1] INFO  verifyingSideMenuLanguageAsInSettingsLingua_20-02-28 - [verifyingSideMenuLanguageAsInSettingsLingua_20-02-28] Element found and ready (attempt 1): By.xpath: //yt-multi-page-menu-section-renderer[@class='style-scope ytd-multi-page-menu-renderer']//yt-formatted-string[@id='label' and text()='Ελληνικά']
20:05:38 [TestNG-test-Yt Master Tests-1] INFO  verifyingSideMenuLanguageAsInSettingsLingua_20-02-28 - Clicking settings ellipses button...
20:05:38 [TestNG-test-Yt Master Tests-1] INFO  verifyingSideMenuLanguageAsInSettingsLingua_20-02-28 - [verifyingSideMenuLanguageAsInSettingsLingua_20-02-28] Trying to find element: By.xpath: //ytd-topbar-menu-button-renderer[@class='style-scope ytd-masthead style-default']
20:05:39 [TestNG-test-Yt Master Tests-1] INFO  verifyingSideMenuLanguageAsInSettingsLingua_20-02-28 - [verifyingSideMenuLanguageAsInSettingsLingua_20-02-28] Element found and ready (attempt 1): By.xpath: //ytd-topbar-menu-button-renderer[@class='style-scope ytd-masthead style-default']
20:05:39 [TestNG-test-Yt Master Tests-1] INFO  verifyingSideMenuLanguageAsInSettingsLingua_20-02-28 - [verifyingSideMenuLanguageAsInSettingsLingua_20-02-28] Waiting until element is visible in viewport
20:05:39 [TestNG-test-Yt Master Tests-1] INFO  verifyingSideMenuLanguageAsInSettingsLingua_20-02-28 - Clicking settings ellipses button...
20:05:39 [TestNG-test-Yt Master Tests-1] INFO  verifyingSideMenuLanguageAsInSettingsLingua_20-02-28 - [verifyingSideMenuLanguageAsInSettingsLingua_20-02-28] Trying to find element: By.xpath: //ytd-topbar-menu-button-renderer[@class='style-scope ytd-masthead style-default']
20:05:39 [TestNG-test-Yt Master Tests-1] INFO  verifyingSideMenuLanguageAsInSettingsLingua_20-02-28 - [verifyingSideMenuLanguageAsInSettingsLingua_20-02-28] Element found and ready (attempt 1): By.xpath: //ytd-topbar-menu-button-renderer[@class='style-scope ytd-masthead style-default']
20:05:39 [TestNG-test-Yt Master Tests-1] INFO  verifyingSideMenuLanguageAsInSettingsLingua_20-02-28 - Fetching the side menu in expanded view
20:05:39 [TestNG-test-Yt Master Tests-1] INFO  verifyingSideMenuLanguageAsInSettingsLingua_20-02-28 - [verifyingSideMenuLanguageAsInSettingsLingua_20-02-28] Finding elements list: By.xpath: //ytd-guide-entry-renderer[@class='style-scope ytd-guide-section-renderer']
20:05:40 [TestNG-test-Yt Master Tests-1] INFO  verifyingSideMenuLanguageAsInSettingsLingua_20-02-28 - [verifyingSideMenuLanguageAsInSettingsLingua_20-02-28] Found 13 ready elements (attempt 1): By.xpath: //ytd-guide-entry-renderer[@class='style-scope ytd-guide-section-renderer']
20:05:40 [TestNG-test-Yt Master Tests-1] INFO  verifyingSideMenuLanguageAsInSettingsLingua_20-02-28 - 
========== LANGUAGE DETECTION ==========
Detected Language : GREEK
Input Text        : Αρχική Shorts Εγγραφές Εσείς Ιστορικό Μουσική Ταινίες και τηλεοπτικές εκπομπές Live YouTube Premium YouTube TV YouTube Music YouTube Kids Ιστορικό αναφορών
========================================
20:05:40 [TestNG-test-Yt Master Tests-1] INFO  verifyingSideMenuLanguageAsInSettingsLingua_20-02-28 - getLangAttribute() - locating <html> and reading lang property
20:05:40 [TestNG-test-Yt Master Tests-1] INFO  verifyingSideMenuLanguageAsInSettingsLingua_20-02-28 - Language attribute read: el-GR
20:05:40 [TestNG-test-Yt Master Tests-1] INFO  verifyingSideMenuLanguageAsInSettingsLingua_20-02-28 - [verifyingSideMenuLanguageAsInSettingsLingua_20-02-28] ApplicableLanguage==  Ελληνικά     Detected Language ==  GREEK  Expected Language == GREEK
20:05:40 [TestNG-test-Yt Master Tests-1] INFO  verifyingSideMenuLanguageAsInSettingsLingua_20-02-28 - Clicking settings ellipses button...
20:05:40 [TestNG-test-Yt Master Tests-1] INFO  verifyingSideMenuLanguageAsInSettingsLingua_20-02-28 - [verifyingSideMenuLanguageAsInSettingsLingua_20-02-28] Trying to find element: By.xpath: //ytd-topbar-menu-button-renderer[@class='style-scope ytd-masthead style-default']
20:05:40 [TestNG-test-Yt Master Tests-1] INFO  verifyingSideMenuLanguageAsInSettingsLingua_20-02-28 - [verifyingSideMenuLanguageAsInSettingsLingua_20-02-28] Element found and ready (attempt 1): By.xpath: //ytd-topbar-menu-button-renderer[@class='style-scope ytd-masthead style-default']
20:05:40 [TestNG-test-Yt Master Tests-1] INFO  verifyingSideMenuLanguageAsInSettingsLingua_20-02-28 - Clicking language dropdown...
20:05:40 [TestNG-test-Yt Master Tests-1] INFO  verifyingSideMenuLanguageAsInSettingsLingua_20-02-28 - [verifyingSideMenuLanguageAsInSettingsLingua_20-02-28] Trying to find element: By.xpath: (//div[@id='content-icon'])[2]
20:05:41 [TestNG-test-Yt Master Tests-1] INFO  verifyingSideMenuLanguageAsInSettingsLingua_20-02-28 - [verifyingSideMenuLanguageAsInSettingsLingua_20-02-28] Element found and ready (attempt 1): By.xpath: (//div[@id='content-icon'])[2]
20:05:41 [TestNG-test-Yt Master Tests-1] INFO  verifyingSideMenuLanguageAsInSettingsLingua_20-02-28 - Looking for language element with name: Հայերեն
20:05:41 [TestNG-test-Yt Master Tests-1] INFO  verifyingSideMenuLanguageAsInSettingsLingua_20-02-28 - [verifyingSideMenuLanguageAsInSettingsLingua_20-02-28] Trying to find element: By.xpath: //yt-multi-page-menu-section-renderer[@class='style-scope ytd-multi-page-menu-renderer']//yt-formatted-string[@id='label' and text()='Հայերեն']
20:05:41 [TestNG-test-Yt Master Tests-1] INFO  verifyingSideMenuLanguageAsInSettingsLingua_20-02-28 - [verifyingSideMenuLanguageAsInSettingsLingua_20-02-28] Element found and ready (attempt 1): By.xpath: //yt-multi-page-menu-section-renderer[@class='style-scope ytd-multi-page-menu-renderer']//yt-formatted-string[@id='label' and text()='Հայերեն']
20:05:41 [TestNG-test-Yt Master Tests-1] INFO  verifyingSideMenuLanguageAsInSettingsLingua_20-02-28 - [verifyingSideMenuLanguageAsInSettingsLingua_20-02-28] Trying to find element: By.xpath: //yt-multi-page-menu-section-renderer[@class='style-scope ytd-multi-page-menu-renderer']//yt-formatted-string[@id='label' and text()='Հայերեն']
20:05:41 [TestNG-test-Yt Master Tests-1] INFO  verifyingSideMenuLanguageAsInSettingsLingua_20-02-28 - [verifyingSideMenuLanguageAsInSettingsLingua_20-02-28] Element found and ready (attempt 1): By.xpath: //yt-multi-page-menu-section-renderer[@class='style-scope ytd-multi-page-menu-renderer']//yt-formatted-string[@id='label' and text()='Հայերեն']
20:05:42 [TestNG-test-Yt Master Tests-1] INFO  verifyingSideMenuLanguageAsInSettingsLingua_20-02-28 - Clicking settings ellipses button...
20:05:43 [TestNG-test-Yt Master Tests-1] INFO  verifyingSideMenuLanguageAsInSettingsLingua_20-02-28 - [verifyingSideMenuLanguageAsInSettingsLingua_20-02-28] Trying to find element: By.xpath: //ytd-topbar-menu-button-renderer[@class='style-scope ytd-masthead style-default']
20:05:43 [TestNG-test-Yt Master Tests-1] INFO  verifyingSideMenuLanguageAsInSettingsLingua_20-02-28 - [verifyingSideMenuLanguageAsInSettingsLingua_20-02-28] Element found and ready (attempt 1): By.xpath: //ytd-topbar-menu-button-renderer[@class='style-scope ytd-masthead style-default']
20:05:43 [TestNG-test-Yt Master Tests-1] INFO  verifyingSideMenuLanguageAsInSettingsLingua_20-02-28 - [verifyingSideMenuLanguageAsInSettingsLingua_20-02-28] Waiting until element is visible in viewport
20:05:43 [TestNG-test-Yt Master Tests-1] INFO  verifyingSideMenuLanguageAsInSettingsLingua_20-02-28 - Clicking settings ellipses button...
20:05:43 [TestNG-test-Yt Master Tests-1] INFO  verifyingSideMenuLanguageAsInSettingsLingua_20-02-28 - [verifyingSideMenuLanguageAsInSettingsLingua_20-02-28] Trying to find element: By.xpath: //ytd-topbar-menu-button-renderer[@class='style-scope ytd-masthead style-default']
20:05:43 [TestNG-test-Yt Master Tests-1] INFO  verifyingSideMenuLanguageAsInSettingsLingua_20-02-28 - [verifyingSideMenuLanguageAsInSettingsLingua_20-02-28] Element found and ready (attempt 1): By.xpath: //ytd-topbar-menu-button-renderer[@class='style-scope ytd-masthead style-default']
20:05:44 [TestNG-test-Yt Master Tests-1] INFO  verifyingSideMenuLanguageAsInSettingsLingua_20-02-28 - Fetching the side menu in expanded view
20:05:44 [TestNG-test-Yt Master Tests-1] INFO  verifyingSideMenuLanguageAsInSettingsLingua_20-02-28 - [verifyingSideMenuLanguageAsInSettingsLingua_20-02-28] Finding elements list: By.xpath: //ytd-guide-entry-renderer[@class='style-scope ytd-guide-section-renderer']
20:05:44 [TestNG-test-Yt Master Tests-1] INFO  verifyingSideMenuLanguageAsInSettingsLingua_20-02-28 - [verifyingSideMenuLanguageAsInSettingsLingua_20-02-28] Found 13 ready elements (attempt 1): By.xpath: //ytd-guide-entry-renderer[@class='style-scope ytd-guide-section-renderer']
20:05:44 [TestNG-test-Yt Master Tests-1] INFO  verifyingSideMenuLanguageAsInSettingsLingua_20-02-28 - 
========== LANGUAGE DETECTION ==========
Detected Language : ARMENIAN
Input Text        : Սկիզբ Shorts Հետևում եմ Դուք Պատմություն Երաժշտություն Ֆիլմեր և սերիալներ Ուղիղ հեռարձակում YouTube Premium YouTube TV YouTube Music YouTube Kids Բողոքների պատմություն
========================================
20:05:44 [TestNG-test-Yt Master Tests-1] INFO  verifyingSideMenuLanguageAsInSettingsLingua_20-02-28 - getLangAttribute() - locating <html> and reading lang property
20:05:44 [TestNG-test-Yt Master Tests-1] INFO  verifyingSideMenuLanguageAsInSettingsLingua_20-02-28 - Language attribute read: hy-AM
20:05:44 [TestNG-test-Yt Master Tests-1] INFO  verifyingSideMenuLanguageAsInSettingsLingua_20-02-28 - [verifyingSideMenuLanguageAsInSettingsLingua_20-02-28] ApplicableLanguage==  Հայերեն     Detected Language ==  ARMENIAN  Expected Language == ARMENIAN
20:05:44 [TestNG-test-Yt Master Tests-1] INFO  verifyingSideMenuLanguageAsInSettingsLingua_20-02-28 - Clicking settings ellipses button...
20:05:44 [TestNG-test-Yt Master Tests-1] INFO  verifyingSideMenuLanguageAsInSettingsLingua_20-02-28 - [verifyingSideMenuLanguageAsInSettingsLingua_20-02-28] Trying to find element: By.xpath: //ytd-topbar-menu-button-renderer[@class='style-scope ytd-masthead style-default']
20:05:44 [TestNG-test-Yt Master Tests-1] INFO  verifyingSideMenuLanguageAsInSettingsLingua_20-02-28 - [verifyingSideMenuLanguageAsInSettingsLingua_20-02-28] Element found and ready (attempt 1): By.xpath: //ytd-topbar-menu-button-renderer[@class='style-scope ytd-masthead style-default']
20:05:44 [TestNG-test-Yt Master Tests-1] INFO  verifyingSideMenuLanguageAsInSettingsLingua_20-02-28 - Clicking language dropdown...
20:05:44 [TestNG-test-Yt Master Tests-1] INFO  verifyingSideMenuLanguageAsInSettingsLingua_20-02-28 - [verifyingSideMenuLanguageAsInSettingsLingua_20-02-28] Trying to find element: By.xpath: (//div[@id='content-icon'])[2]
20:05:45 [TestNG-test-Yt Master Tests-1] INFO  verifyingSideMenuLanguageAsInSettingsLingua_20-02-28 - [verifyingSideMenuLanguageAsInSettingsLingua_20-02-28] Element found and ready (attempt 1): By.xpath: (//div[@id='content-icon'])[2]
20:05:45 [TestNG-test-Yt Master Tests-1] INFO  verifyingSideMenuLanguageAsInSettingsLingua_20-02-28 - Looking for language element with name: עברית
20:05:45 [TestNG-test-Yt Master Tests-1] INFO  verifyingSideMenuLanguageAsInSettingsLingua_20-02-28 - [verifyingSideMenuLanguageAsInSettingsLingua_20-02-28] Trying to find element: By.xpath: //yt-multi-page-menu-section-renderer[@class='style-scope ytd-multi-page-menu-renderer']//yt-formatted-string[@id='label' and text()='עברית']
20:05:45 [TestNG-test-Yt Master Tests-1] INFO  verifyingSideMenuLanguageAsInSettingsLingua_20-02-28 - [verifyingSideMenuLanguageAsInSettingsLingua_20-02-28] Element found and ready (attempt 1): By.xpath: //yt-multi-page-menu-section-renderer[@class='style-scope ytd-multi-page-menu-renderer']//yt-formatted-string[@id='label' and text()='עברית']
20:05:45 [TestNG-test-Yt Master Tests-1] INFO  verifyingSideMenuLanguageAsInSettingsLingua_20-02-28 - [verifyingSideMenuLanguageAsInSettingsLingua_20-02-28] Trying to find element: By.xpath: //yt-multi-page-menu-section-renderer[@class='style-scope ytd-multi-page-menu-renderer']//yt-formatted-string[@id='label' and text()='עברית']
20:05:45 [TestNG-test-Yt Master Tests-1] INFO  verifyingSideMenuLanguageAsInSettingsLingua_20-02-28 - [verifyingSideMenuLanguageAsInSettingsLingua_20-02-28] Element found and ready (attempt 1): By.xpath: //yt-multi-page-menu-section-renderer[@class='style-scope ytd-multi-page-menu-renderer']//yt-formatted-string[@id='label' and text()='עברית']
20:05:47 [TestNG-test-Yt Master Tests-1] INFO  verifyingSideMenuLanguageAsInSettingsLingua_20-02-28 - Clicking settings ellipses button...
20:05:48 [TestNG-test-Yt Master Tests-1] INFO  verifyingSideMenuLanguageAsInSettingsLingua_20-02-28 - [verifyingSideMenuLanguageAsInSettingsLingua_20-02-28] Trying to find element: By.xpath: //ytd-topbar-menu-button-renderer[@class='style-scope ytd-masthead style-default']
20:05:48 [TestNG-test-Yt Master Tests-1] INFO  verifyingSideMenuLanguageAsInSettingsLingua_20-02-28 - [verifyingSideMenuLanguageAsInSettingsLingua_20-02-28] Element found and ready (attempt 1): By.xpath: //ytd-topbar-menu-button-renderer[@class='style-scope ytd-masthead style-default']
20:05:48 [TestNG-test-Yt Master Tests-1] INFO  verifyingSideMenuLanguageAsInSettingsLingua_20-02-28 - [verifyingSideMenuLanguageAsInSettingsLingua_20-02-28] Waiting until element is visible in viewport
20:05:49 [TestNG-test-Yt Master Tests-1] INFO  verifyingSideMenuLanguageAsInSettingsLingua_20-02-28 - Clicking settings ellipses button...
20:05:49 [TestNG-test-Yt Master Tests-1] INFO  verifyingSideMenuLanguageAsInSettingsLingua_20-02-28 - [verifyingSideMenuLanguageAsInSettingsLingua_20-02-28] Trying to find element: By.xpath: //ytd-topbar-menu-button-renderer[@class='style-scope ytd-masthead style-default']
20:05:49 [TestNG-test-Yt Master Tests-1] INFO  verifyingSideMenuLanguageAsInSettingsLingua_20-02-28 - [verifyingSideMenuLanguageAsInSettingsLingua_20-02-28] Element found and ready (attempt 1): By.xpath: //ytd-topbar-menu-button-renderer[@class='style-scope ytd-masthead style-default']
20:05:49 [TestNG-test-Yt Master Tests-1] INFO  verifyingSideMenuLanguageAsInSettingsLingua_20-02-28 - Fetching the side menu in expanded view
20:05:49 [TestNG-test-Yt Master Tests-1] INFO  verifyingSideMenuLanguageAsInSettingsLingua_20-02-28 - [verifyingSideMenuLanguageAsInSettingsLingua_20-02-28] Finding elements list: By.xpath: //ytd-guide-entry-renderer[@class='style-scope ytd-guide-section-renderer']
20:05:49 [TestNG-test-Yt Master Tests-1] INFO  verifyingSideMenuLanguageAsInSettingsLingua_20-02-28 - [verifyingSideMenuLanguageAsInSettingsLingua_20-02-28] Found 13 ready elements (attempt 1): By.xpath: //ytd-guide-entry-renderer[@class='style-scope ytd-guide-section-renderer']
20:05:49 [TestNG-test-Yt Master Tests-1] INFO  verifyingSideMenuLanguageAsInSettingsLingua_20-02-28 - 
========== LANGUAGE DETECTION ==========
Detected Language : HEBREW
Input Text        : דף הבית Shorts מינויים הדף שלי היסטוריה מוזיקה סרטים ותוכניות טלוויזיה בשידור חי YouTube Premium YouTube TV YouTube Music YouTube Kids היסטוריית הדיווחים
========================================
20:05:49 [TestNG-test-Yt Master Tests-1] INFO  verifyingSideMenuLanguageAsInSettingsLingua_20-02-28 - getLangAttribute() - locating <html> and reading lang property
20:05:49 [TestNG-test-Yt Master Tests-1] INFO  verifyingSideMenuLanguageAsInSettingsLingua_20-02-28 - Language attribute read: he-IL
20:05:49 [TestNG-test-Yt Master Tests-1] INFO  verifyingSideMenuLanguageAsInSettingsLingua_20-02-28 - [verifyingSideMenuLanguageAsInSettingsLingua_20-02-28] ApplicableLanguage==  עברית     Detected Language ==  HEBREW  Expected Language == HEBREW
20:05:49 [TestNG-test-Yt Master Tests-1] INFO  verifyingSideMenuLanguageAsInSettingsLingua_20-02-28 - Clicking settings ellipses button...
20:05:49 [TestNG-test-Yt Master Tests-1] INFO  verifyingSideMenuLanguageAsInSettingsLingua_20-02-28 - [verifyingSideMenuLanguageAsInSettingsLingua_20-02-28] Trying to find element: By.xpath: //ytd-topbar-menu-button-renderer[@class='style-scope ytd-masthead style-default']
20:05:49 [TestNG-test-Yt Master Tests-1] INFO  verifyingSideMenuLanguageAsInSettingsLingua_20-02-28 - [verifyingSideMenuLanguageAsInSettingsLingua_20-02-28] Element found and ready (attempt 1): By.xpath: //ytd-topbar-menu-button-renderer[@class='style-scope ytd-masthead style-default']
20:05:50 [TestNG-test-Yt Master Tests-1] INFO  verifyingSideMenuLanguageAsInSettingsLingua_20-02-28 - Clicking language dropdown...
20:05:50 [TestNG-test-Yt Master Tests-1] INFO  verifyingSideMenuLanguageAsInSettingsLingua_20-02-28 - [verifyingSideMenuLanguageAsInSettingsLingua_20-02-28] Trying to find element: By.xpath: (//div[@id='content-icon'])[2]
20:05:50 [TestNG-test-Yt Master Tests-1] INFO  verifyingSideMenuLanguageAsInSettingsLingua_20-02-28 - [verifyingSideMenuLanguageAsInSettingsLingua_20-02-28] Element found and ready (attempt 1): By.xpath: (//div[@id='content-icon'])[2]
20:05:50 [TestNG-test-Yt Master Tests-1] INFO  verifyingSideMenuLanguageAsInSettingsLingua_20-02-28 - Looking for language element with name: العربية
20:05:50 [TestNG-test-Yt Master Tests-1] INFO  verifyingSideMenuLanguageAsInSettingsLingua_20-02-28 - [verifyingSideMenuLanguageAsInSettingsLingua_20-02-28] Trying to find element: By.xpath: //yt-multi-page-menu-section-renderer[@class='style-scope ytd-multi-page-menu-renderer']//yt-formatted-string[@id='label' and text()='العربية']
20:05:51 [TestNG-test-Yt Master Tests-1] INFO  verifyingSideMenuLanguageAsInSettingsLingua_20-02-28 - [verifyingSideMenuLanguageAsInSettingsLingua_20-02-28] Element found and ready (attempt 1): By.xpath: //yt-multi-page-menu-section-renderer[@class='style-scope ytd-multi-page-menu-renderer']//yt-formatted-string[@id='label' and text()='العربية']
20:05:51 [TestNG-test-Yt Master Tests-1] INFO  verifyingSideMenuLanguageAsInSettingsLingua_20-02-28 - [verifyingSideMenuLanguageAsInSettingsLingua_20-02-28] Trying to find element: By.xpath: //yt-multi-page-menu-section-renderer[@class='style-scope ytd-multi-page-menu-renderer']//yt-formatted-string[@id='label' and text()='العربية']
20:05:51 [TestNG-test-Yt Master Tests-1] INFO  verifyingSideMenuLanguageAsInSettingsLingua_20-02-28 - [verifyingSideMenuLanguageAsInSettingsLingua_20-02-28] Element found and ready (attempt 1): By.xpath: //yt-multi-page-menu-section-renderer[@class='style-scope ytd-multi-page-menu-renderer']//yt-formatted-string[@id='label' and text()='العربية']
20:05:56 [TestNG-test-Yt Master Tests-1] INFO  verifyingSideMenuLanguageAsInSettingsLingua_20-02-28 - Clicking settings ellipses button...
20:05:56 [TestNG-test-Yt Master Tests-1] INFO  verifyingSideMenuLanguageAsInSettingsLingua_20-02-28 - [verifyingSideMenuLanguageAsInSettingsLingua_20-02-28] Trying to find element: By.xpath: //ytd-topbar-menu-button-renderer[@class='style-scope ytd-masthead style-default']
20:05:56 [TestNG-test-Yt Master Tests-1] INFO  verifyingSideMenuLanguageAsInSettingsLingua_20-02-28 - [verifyingSideMenuLanguageAsInSettingsLingua_20-02-28] Element found and ready (attempt 1): By.xpath: //ytd-topbar-menu-button-renderer[@class='style-scope ytd-masthead style-default']
20:05:56 [TestNG-test-Yt Master Tests-1] INFO  verifyingSideMenuLanguageAsInSettingsLingua_20-02-28 - [verifyingSideMenuLanguageAsInSettingsLingua_20-02-28] Waiting until element is visible in viewport
20:05:58 [TestNG-test-Yt Master Tests-1] INFO  verifyingSideMenuLanguageAsInSettingsLingua_20-02-28 - Clicking settings ellipses button...
20:05:58 [TestNG-test-Yt Master Tests-1] INFO  verifyingSideMenuLanguageAsInSettingsLingua_20-02-28 - [verifyingSideMenuLanguageAsInSettingsLingua_20-02-28] Trying to find element: By.xpath: //ytd-topbar-menu-button-renderer[@class='style-scope ytd-masthead style-default']
20:05:58 [TestNG-test-Yt Master Tests-1] INFO  verifyingSideMenuLanguageAsInSettingsLingua_20-02-28 - [verifyingSideMenuLanguageAsInSettingsLingua_20-02-28] Element found and ready (attempt 1): By.xpath: //ytd-topbar-menu-button-renderer[@class='style-scope ytd-masthead style-default']
20:05:58 [TestNG-test-Yt Master Tests-1] INFO  verifyingSideMenuLanguageAsInSettingsLingua_20-02-28 - Fetching the side menu in expanded view
20:05:58 [TestNG-test-Yt Master Tests-1] INFO  verifyingSideMenuLanguageAsInSettingsLingua_20-02-28 - [verifyingSideMenuLanguageAsInSettingsLingua_20-02-28] Finding elements list: By.xpath: //ytd-guide-entry-renderer[@class='style-scope ytd-guide-section-renderer']
20:05:58 [TestNG-test-Yt Master Tests-1] INFO  verifyingSideMenuLanguageAsInSettingsLingua_20-02-28 - [verifyingSideMenuLanguageAsInSettingsLingua_20-02-28] Found 13 ready elements (attempt 1): By.xpath: //ytd-guide-entry-renderer[@class='style-scope ytd-guide-section-renderer']
20:05:58 [TestNG-test-Yt Master Tests-1] INFO  verifyingSideMenuLanguageAsInSettingsLingua_20-02-28 - 
========== LANGUAGE DETECTION ==========
Detected Language : ARABIC
Input Text        : الصفحة الرئيسية Shorts الاشتراكات أنت السجلّ موسيقى أفلام وبرامج تلفزيونية بث مباشر YouTube Premium YouTube TV YouTube Music YouTube Kids سجلّ الإبلاغ عن المحتوى
========================================
20:05:58 [TestNG-test-Yt Master Tests-1] INFO  verifyingSideMenuLanguageAsInSettingsLingua_20-02-28 - getLangAttribute() - locating <html> and reading lang property
20:05:58 [TestNG-test-Yt Master Tests-1] INFO  verifyingSideMenuLanguageAsInSettingsLingua_20-02-28 - Language attribute read: ar
20:05:58 [TestNG-test-Yt Master Tests-1] INFO  verifyingSideMenuLanguageAsInSettingsLingua_20-02-28 - [verifyingSideMenuLanguageAsInSettingsLingua_20-02-28] ApplicableLanguage==  العربية     Detected Language ==  ARABIC  Expected Language == ARABIC
20:05:58 [TestNG-test-Yt Master Tests-1] INFO  verifyingSideMenuLanguageAsInSettingsLingua_20-02-28 - Clicking settings ellipses button...
20:05:58 [TestNG-test-Yt Master Tests-1] INFO  verifyingSideMenuLanguageAsInSettingsLingua_20-02-28 - [verifyingSideMenuLanguageAsInSettingsLingua_20-02-28] Trying to find element: By.xpath: //ytd-topbar-menu-button-renderer[@class='style-scope ytd-masthead style-default']
20:05:58 [TestNG-test-Yt Master Tests-1] INFO  verifyingSideMenuLanguageAsInSettingsLingua_20-02-28 - [verifyingSideMenuLanguageAsInSettingsLingua_20-02-28] Element found and ready (attempt 1): By.xpath: //ytd-topbar-menu-button-renderer[@class='style-scope ytd-masthead style-default']
20:05:58 [TestNG-test-Yt Master Tests-1] INFO  verifyingSideMenuLanguageAsInSettingsLingua_20-02-28 - Clicking language dropdown...
20:05:58 [TestNG-test-Yt Master Tests-1] INFO  verifyingSideMenuLanguageAsInSettingsLingua_20-02-28 - [verifyingSideMenuLanguageAsInSettingsLingua_20-02-28] Trying to find element: By.xpath: (//div[@id='content-icon'])[2]
20:05:59 [TestNG-test-Yt Master Tests-1] INFO  verifyingSideMenuLanguageAsInSettingsLingua_20-02-28 - [verifyingSideMenuLanguageAsInSettingsLingua_20-02-28] Element found and ready (attempt 1): By.xpath: (//div[@id='content-icon'])[2]
20:05:59 [TestNG-test-Yt Master Tests-1] INFO  verifyingSideMenuLanguageAsInSettingsLingua_20-02-28 - Looking for language element with name: فارسی
20:05:59 [TestNG-test-Yt Master Tests-1] INFO  verifyingSideMenuLanguageAsInSettingsLingua_20-02-28 - [verifyingSideMenuLanguageAsInSettingsLingua_20-02-28] Trying to find element: By.xpath: //yt-multi-page-menu-section-renderer[@class='style-scope ytd-multi-page-menu-renderer']//yt-formatted-string[@id='label' and text()='فارسی']
20:05:59 [TestNG-test-Yt Master Tests-1] INFO  verifyingSideMenuLanguageAsInSettingsLingua_20-02-28 - [verifyingSideMenuLanguageAsInSettingsLingua_20-02-28] Element found and ready (attempt 1): By.xpath: //yt-multi-page-menu-section-renderer[@class='style-scope ytd-multi-page-menu-renderer']//yt-formatted-string[@id='label' and text()='فارسی']
20:05:59 [TestNG-test-Yt Master Tests-1] INFO  verifyingSideMenuLanguageAsInSettingsLingua_20-02-28 - [verifyingSideMenuLanguageAsInSettingsLingua_20-02-28] Trying to find element: By.xpath: //yt-multi-page-menu-section-renderer[@class='style-scope ytd-multi-page-menu-renderer']//yt-formatted-string[@id='label' and text()='فارسی']
20:05:59 [TestNG-test-Yt Master Tests-1] INFO  verifyingSideMenuLanguageAsInSettingsLingua_20-02-28 - [verifyingSideMenuLanguageAsInSettingsLingua_20-02-28] Element found and ready (attempt 1): By.xpath: //yt-multi-page-menu-section-renderer[@class='style-scope ytd-multi-page-menu-renderer']//yt-formatted-string[@id='label' and text()='فارسی']
20:06:02 [TestNG-test-Yt Master Tests-1] INFO  verifyingSideMenuLanguageAsInSettingsLingua_20-02-28 - Clicking settings ellipses button...
20:06:02 [TestNG-test-Yt Master Tests-1] INFO  verifyingSideMenuLanguageAsInSettingsLingua_20-02-28 - [verifyingSideMenuLanguageAsInSettingsLingua_20-02-28] Trying to find element: By.xpath: //ytd-topbar-menu-button-renderer[@class='style-scope ytd-masthead style-default']
20:06:02 [TestNG-test-Yt Master Tests-1] INFO  verifyingSideMenuLanguageAsInSettingsLingua_20-02-28 - [verifyingSideMenuLanguageAsInSettingsLingua_20-02-28] Element found and ready (attempt 1): By.xpath: //ytd-topbar-menu-button-renderer[@class='style-scope ytd-masthead style-default']
20:06:02 [TestNG-test-Yt Master Tests-1] INFO  verifyingSideMenuLanguageAsInSettingsLingua_20-02-28 - [verifyingSideMenuLanguageAsInSettingsLingua_20-02-28] Waiting until element is visible in viewport
20:06:03 [TestNG-test-Yt Master Tests-1] INFO  verifyingSideMenuLanguageAsInSettingsLingua_20-02-28 - Clicking settings ellipses button...
20:06:03 [TestNG-test-Yt Master Tests-1] INFO  verifyingSideMenuLanguageAsInSettingsLingua_20-02-28 - [verifyingSideMenuLanguageAsInSettingsLingua_20-02-28] Trying to find element: By.xpath: //ytd-topbar-menu-button-renderer[@class='style-scope ytd-masthead style-default']
20:06:03 [TestNG-test-Yt Master Tests-1] INFO  verifyingSideMenuLanguageAsInSettingsLingua_20-02-28 - [verifyingSideMenuLanguageAsInSettingsLingua_20-02-28] Element found and ready (attempt 1): By.xpath: //ytd-topbar-menu-button-renderer[@class='style-scope ytd-masthead style-default']
20:06:03 [TestNG-test-Yt Master Tests-1] INFO  verifyingSideMenuLanguageAsInSettingsLingua_20-02-28 - Fetching the side menu in expanded view
20:06:03 [TestNG-test-Yt Master Tests-1] INFO  verifyingSideMenuLanguageAsInSettingsLingua_20-02-28 - [verifyingSideMenuLanguageAsInSettingsLingua_20-02-28] Finding elements list: By.xpath: //ytd-guide-entry-renderer[@class='style-scope ytd-guide-section-renderer']
20:06:03 [TestNG-test-Yt Master Tests-1] INFO  verifyingSideMenuLanguageAsInSettingsLingua_20-02-28 - [verifyingSideMenuLanguageAsInSettingsLingua_20-02-28] Found 13 ready elements (attempt 1): By.xpath: //ytd-guide-entry-renderer[@class='style-scope ytd-guide-section-renderer']
20:06:04 [TestNG-test-Yt Master Tests-1] INFO  verifyingSideMenuLanguageAsInSettingsLingua_20-02-28 - 
========== LANGUAGE DETECTION ==========
Detected Language : PERSIAN
Input Text        : صفحه اصلی کوته‌ویدیوها اشتراک‌ها شما سابقه موسیقی فیلم و تلویزیون زنده YouTube Premium YouTube TV YouTube Music YouTube Kids سابقه گزارش
========================================
20:06:04 [TestNG-test-Yt Master Tests-1] INFO  verifyingSideMenuLanguageAsInSettingsLingua_20-02-28 - getLangAttribute() - locating <html> and reading lang property
20:06:04 [TestNG-test-Yt Master Tests-1] INFO  verifyingSideMenuLanguageAsInSettingsLingua_20-02-28 - Language attribute read: fa-IR
20:06:04 [TestNG-test-Yt Master Tests-1] INFO  verifyingSideMenuLanguageAsInSettingsLingua_20-02-28 - [verifyingSideMenuLanguageAsInSettingsLingua_20-02-28] ApplicableLanguage==  فارسی     Detected Language ==  PERSIAN  Expected Language == PERSIAN
20:06:04 [TestNG-test-Yt Master Tests-1] INFO  verifyingSideMenuLanguageAsInSettingsLingua_20-02-28 - Clicking settings ellipses button...
20:06:04 [TestNG-test-Yt Master Tests-1] INFO  verifyingSideMenuLanguageAsInSettingsLingua_20-02-28 - [verifyingSideMenuLanguageAsInSettingsLingua_20-02-28] Trying to find element: By.xpath: //ytd-topbar-menu-button-renderer[@class='style-scope ytd-masthead style-default']
20:06:04 [TestNG-test-Yt Master Tests-1] INFO  verifyingSideMenuLanguageAsInSettingsLingua_20-02-28 - [verifyingSideMenuLanguageAsInSettingsLingua_20-02-28] Element found and ready (attempt 1): By.xpath: //ytd-topbar-menu-button-renderer[@class='style-scope ytd-masthead style-default']
20:06:04 [TestNG-test-Yt Master Tests-1] INFO  verifyingSideMenuLanguageAsInSettingsLingua_20-02-28 - Clicking language dropdown...
20:06:04 [TestNG-test-Yt Master Tests-1] INFO  verifyingSideMenuLanguageAsInSettingsLingua_20-02-28 - [verifyingSideMenuLanguageAsInSettingsLingua_20-02-28] Trying to find element: By.xpath: (//div[@id='content-icon'])[2]
20:06:04 [TestNG-test-Yt Master Tests-1] INFO  verifyingSideMenuLanguageAsInSettingsLingua_20-02-28 - [verifyingSideMenuLanguageAsInSettingsLingua_20-02-28] Element found and ready (attempt 1): By.xpath: (//div[@id='content-icon'])[2]
20:06:05 [TestNG-test-Yt Master Tests-1] INFO  verifyingSideMenuLanguageAsInSettingsLingua_20-02-28 - Looking for language element with name: हिन्दी
20:06:05 [TestNG-test-Yt Master Tests-1] INFO  verifyingSideMenuLanguageAsInSettingsLingua_20-02-28 - [verifyingSideMenuLanguageAsInSettingsLingua_20-02-28] Trying to find element: By.xpath: //yt-multi-page-menu-section-renderer[@class='style-scope ytd-multi-page-menu-renderer']//yt-formatted-string[@id='label' and text()='हिन्दी']
20:06:05 [TestNG-test-Yt Master Tests-1] INFO  verifyingSideMenuLanguageAsInSettingsLingua_20-02-28 - [verifyingSideMenuLanguageAsInSettingsLingua_20-02-28] Element found and ready (attempt 1): By.xpath: //yt-multi-page-menu-section-renderer[@class='style-scope ytd-multi-page-menu-renderer']//yt-formatted-string[@id='label' and text()='हिन्दी']
20:06:05 [TestNG-test-Yt Master Tests-1] INFO  verifyingSideMenuLanguageAsInSettingsLingua_20-02-28 - [verifyingSideMenuLanguageAsInSettingsLingua_20-02-28] Trying to find element: By.xpath: //yt-multi-page-menu-section-renderer[@class='style-scope ytd-multi-page-menu-renderer']//yt-formatted-string[@id='label' and text()='हिन्दी']
20:06:05 [TestNG-test-Yt Master Tests-1] INFO  verifyingSideMenuLanguageAsInSettingsLingua_20-02-28 - [verifyingSideMenuLanguageAsInSettingsLingua_20-02-28] Element found and ready (attempt 1): By.xpath: //yt-multi-page-menu-section-renderer[@class='style-scope ytd-multi-page-menu-renderer']//yt-formatted-string[@id='label' and text()='हिन्दी']
20:06:06 [TestNG-test-Yt Master Tests-1] INFO  verifyingSideMenuLanguageAsInSettingsLingua_20-02-28 - Clicking settings ellipses button...
20:06:06 [TestNG-test-Yt Master Tests-1] INFO  verifyingSideMenuLanguageAsInSettingsLingua_20-02-28 - [verifyingSideMenuLanguageAsInSettingsLingua_20-02-28] Trying to find element: By.xpath: //ytd-topbar-menu-button-renderer[@class='style-scope ytd-masthead style-default']
20:06:06 [TestNG-test-Yt Master Tests-1] INFO  verifyingSideMenuLanguageAsInSettingsLingua_20-02-28 - [verifyingSideMenuLanguageAsInSettingsLingua_20-02-28] Element found and ready (attempt 1): By.xpath: //ytd-topbar-menu-button-renderer[@class='style-scope ytd-masthead style-default']
20:06:07 [TestNG-test-Yt Master Tests-1] INFO  verifyingSideMenuLanguageAsInSettingsLingua_20-02-28 - [verifyingSideMenuLanguageAsInSettingsLingua_20-02-28] Waiting until element is visible in viewport
20:06:07 [TestNG-test-Yt Master Tests-1] INFO  verifyingSideMenuLanguageAsInSettingsLingua_20-02-28 - Clicking settings ellipses button...
20:06:07 [TestNG-test-Yt Master Tests-1] INFO  verifyingSideMenuLanguageAsInSettingsLingua_20-02-28 - [verifyingSideMenuLanguageAsInSettingsLingua_20-02-28] Trying to find element: By.xpath: //ytd-topbar-menu-button-renderer[@class='style-scope ytd-masthead style-default']
20:06:07 [TestNG-test-Yt Master Tests-1] INFO  verifyingSideMenuLanguageAsInSettingsLingua_20-02-28 - [verifyingSideMenuLanguageAsInSettingsLingua_20-02-28] Element found and ready (attempt 1): By.xpath: //ytd-topbar-menu-button-renderer[@class='style-scope ytd-masthead style-default']
20:06:07 [TestNG-test-Yt Master Tests-1] INFO  verifyingSideMenuLanguageAsInSettingsLingua_20-02-28 - Fetching the side menu in expanded view
20:06:07 [TestNG-test-Yt Master Tests-1] INFO  verifyingSideMenuLanguageAsInSettingsLingua_20-02-28 - [verifyingSideMenuLanguageAsInSettingsLingua_20-02-28] Finding elements list: By.xpath: //ytd-guide-entry-renderer[@class='style-scope ytd-guide-section-renderer']
20:06:08 [TestNG-test-Yt Master Tests-1] INFO  verifyingSideMenuLanguageAsInSettingsLingua_20-02-28 - [verifyingSideMenuLanguageAsInSettingsLingua_20-02-28] Found 13 ready elements (attempt 1): By.xpath: //ytd-guide-entry-renderer[@class='style-scope ytd-guide-section-renderer']
20:06:08 [TestNG-test-Yt Master Tests-1] INFO  verifyingSideMenuLanguageAsInSettingsLingua_20-02-28 - 
========== LANGUAGE DETECTION ==========
Detected Language : HINDI
Input Text        : होम पेज Shorts सदस्यता आप देखे गए वीडियो संगीत फ़िल्में और टीवी शो लाइव YouTube Premium YouTube TV YouTube Music YouTube Kids शिकायतों का डेटा
========================================
20:06:08 [TestNG-test-Yt Master Tests-1] INFO  verifyingSideMenuLanguageAsInSettingsLingua_20-02-28 - getLangAttribute() - locating <html> and reading lang property
20:06:08 [TestNG-test-Yt Master Tests-1] INFO  verifyingSideMenuLanguageAsInSettingsLingua_20-02-28 - Language attribute read: hi-IN
20:06:08 [TestNG-test-Yt Master Tests-1] INFO  verifyingSideMenuLanguageAsInSettingsLingua_20-02-28 - [verifyingSideMenuLanguageAsInSettingsLingua_20-02-28] ApplicableLanguage==  हिन्दी     Detected Language ==  HINDI  Expected Language == HINDI
20:06:08 [TestNG-test-Yt Master Tests-1] INFO  verifyingSideMenuLanguageAsInSettingsLingua_20-02-28 - Clicking settings ellipses button...
20:06:08 [TestNG-test-Yt Master Tests-1] INFO  verifyingSideMenuLanguageAsInSettingsLingua_20-02-28 - [verifyingSideMenuLanguageAsInSettingsLingua_20-02-28] Trying to find element: By.xpath: //ytd-topbar-menu-button-renderer[@class='style-scope ytd-masthead style-default']
20:06:08 [TestNG-test-Yt Master Tests-1] INFO  verifyingSideMenuLanguageAsInSettingsLingua_20-02-28 - [verifyingSideMenuLanguageAsInSettingsLingua_20-02-28] Element found and ready (attempt 1): By.xpath: //ytd-topbar-menu-button-renderer[@class='style-scope ytd-masthead style-default']
20:06:08 [TestNG-test-Yt Master Tests-1] INFO  verifyingSideMenuLanguageAsInSettingsLingua_20-02-28 - Clicking language dropdown...
20:06:08 [TestNG-test-Yt Master Tests-1] INFO  verifyingSideMenuLanguageAsInSettingsLingua_20-02-28 - [verifyingSideMenuLanguageAsInSettingsLingua_20-02-28] Trying to find element: By.xpath: (//div[@id='content-icon'])[2]
20:06:08 [TestNG-test-Yt Master Tests-1] INFO  verifyingSideMenuLanguageAsInSettingsLingua_20-02-28 - [verifyingSideMenuLanguageAsInSettingsLingua_20-02-28] Element found and ready (attempt 1): By.xpath: (//div[@id='content-icon'])[2]
20:06:09 [TestNG-test-Yt Master Tests-1] INFO  verifyingSideMenuLanguageAsInSettingsLingua_20-02-28 - Looking for language element with name: বাংলা
20:06:09 [TestNG-test-Yt Master Tests-1] INFO  verifyingSideMenuLanguageAsInSettingsLingua_20-02-28 - [verifyingSideMenuLanguageAsInSettingsLingua_20-02-28] Trying to find element: By.xpath: //yt-multi-page-menu-section-renderer[@class='style-scope ytd-multi-page-menu-renderer']//yt-formatted-string[@id='label' and text()='বাংলা']
20:06:09 [TestNG-test-Yt Master Tests-1] INFO  verifyingSideMenuLanguageAsInSettingsLingua_20-02-28 - [verifyingSideMenuLanguageAsInSettingsLingua_20-02-28] Element found and ready (attempt 1): By.xpath: //yt-multi-page-menu-section-renderer[@class='style-scope ytd-multi-page-menu-renderer']//yt-formatted-string[@id='label' and text()='বাংলা']
20:06:09 [TestNG-test-Yt Master Tests-1] INFO  verifyingSideMenuLanguageAsInSettingsLingua_20-02-28 - [verifyingSideMenuLanguageAsInSettingsLingua_20-02-28] Trying to find element: By.xpath: //yt-multi-page-menu-section-renderer[@class='style-scope ytd-multi-page-menu-renderer']//yt-formatted-string[@id='label' and text()='বাংলা']
20:06:09 [TestNG-test-Yt Master Tests-1] INFO  verifyingSideMenuLanguageAsInSettingsLingua_20-02-28 - [verifyingSideMenuLanguageAsInSettingsLingua_20-02-28] Element found and ready (attempt 1): By.xpath: //yt-multi-page-menu-section-renderer[@class='style-scope ytd-multi-page-menu-renderer']//yt-formatted-string[@id='label' and text()='বাংলা']
20:06:10 [TestNG-test-Yt Master Tests-1] INFO  verifyingSideMenuLanguageAsInSettingsLingua_20-02-28 - Clicking settings ellipses button...
20:06:10 [TestNG-test-Yt Master Tests-1] INFO  verifyingSideMenuLanguageAsInSettingsLingua_20-02-28 - [verifyingSideMenuLanguageAsInSettingsLingua_20-02-28] Trying to find element: By.xpath: //ytd-topbar-menu-button-renderer[@class='style-scope ytd-masthead style-default']
20:06:11 [TestNG-test-Yt Master Tests-1] INFO  verifyingSideMenuLanguageAsInSettingsLingua_20-02-28 - [verifyingSideMenuLanguageAsInSettingsLingua_20-02-28] Element found and ready (attempt 1): By.xpath: //ytd-topbar-menu-button-renderer[@class='style-scope ytd-masthead style-default']
20:06:11 [TestNG-test-Yt Master Tests-1] INFO  verifyingSideMenuLanguageAsInSettingsLingua_20-02-28 - [verifyingSideMenuLanguageAsInSettingsLingua_20-02-28] Waiting until element is visible in viewport
20:06:12 [TestNG-test-Yt Master Tests-1] INFO  verifyingSideMenuLanguageAsInSettingsLingua_20-02-28 - Clicking settings ellipses button...
20:06:12 [TestNG-test-Yt Master Tests-1] INFO  verifyingSideMenuLanguageAsInSettingsLingua_20-02-28 - [verifyingSideMenuLanguageAsInSettingsLingua_20-02-28] Trying to find element: By.xpath: //ytd-topbar-menu-button-renderer[@class='style-scope ytd-masthead style-default']
20:06:12 [TestNG-test-Yt Master Tests-1] INFO  verifyingSideMenuLanguageAsInSettingsLingua_20-02-28 - [verifyingSideMenuLanguageAsInSettingsLingua_20-02-28] Element found and ready (attempt 1): By.xpath: //ytd-topbar-menu-button-renderer[@class='style-scope ytd-masthead style-default']
20:06:12 [TestNG-test-Yt Master Tests-1] INFO  verifyingSideMenuLanguageAsInSettingsLingua_20-02-28 - Fetching the side menu in expanded view
20:06:12 [TestNG-test-Yt Master Tests-1] INFO  verifyingSideMenuLanguageAsInSettingsLingua_20-02-28 - [verifyingSideMenuLanguageAsInSettingsLingua_20-02-28] Finding elements list: By.xpath: //ytd-guide-entry-renderer[@class='style-scope ytd-guide-section-renderer']
20:06:12 [TestNG-test-Yt Master Tests-1] INFO  verifyingSideMenuLanguageAsInSettingsLingua_20-02-28 - [verifyingSideMenuLanguageAsInSettingsLingua_20-02-28] Found 13 ready elements (attempt 1): By.xpath: //ytd-guide-entry-renderer[@class='style-scope ytd-guide-section-renderer']
20:06:12 [TestNG-test-Yt Master Tests-1] INFO  verifyingSideMenuLanguageAsInSettingsLingua_20-02-28 - 
========== LANGUAGE DETECTION ==========
Detected Language : BENGALI
Input Text        : হোম Shorts সাবস্ক্রিপশন আপনি ইতিহাস মিউজিক সিনেমা ও টিভি লাইভ YouTube Premium YouTube TV YouTube Music YouTube Kids অভিযোগ জানানোর ইতিহাস
========================================
20:06:12 [TestNG-test-Yt Master Tests-1] INFO  verifyingSideMenuLanguageAsInSettingsLingua_20-02-28 - getLangAttribute() - locating <html> and reading lang property
20:06:12 [TestNG-test-Yt Master Tests-1] INFO  verifyingSideMenuLanguageAsInSettingsLingua_20-02-28 - Language attribute read: bn-BD
20:06:12 [TestNG-test-Yt Master Tests-1] INFO  verifyingSideMenuLanguageAsInSettingsLingua_20-02-28 - [verifyingSideMenuLanguageAsInSettingsLingua_20-02-28] ApplicableLanguage==  বাংলা     Detected Language ==  BENGALI  Expected Language == BENGALI
20:06:12 [TestNG-test-Yt Master Tests-1] INFO  verifyingSideMenuLanguageAsInSettingsLingua_20-02-28 - Clicking settings ellipses button...
20:06:12 [TestNG-test-Yt Master Tests-1] INFO  verifyingSideMenuLanguageAsInSettingsLingua_20-02-28 - [verifyingSideMenuLanguageAsInSettingsLingua_20-02-28] Trying to find element: By.xpath: //ytd-topbar-menu-button-renderer[@class='style-scope ytd-masthead style-default']
20:06:12 [TestNG-test-Yt Master Tests-1] INFO  verifyingSideMenuLanguageAsInSettingsLingua_20-02-28 - [verifyingSideMenuLanguageAsInSettingsLingua_20-02-28] Element found and ready (attempt 1): By.xpath: //ytd-topbar-menu-button-renderer[@class='style-scope ytd-masthead style-default']
20:06:12 [TestNG-test-Yt Master Tests-1] INFO  verifyingSideMenuLanguageAsInSettingsLingua_20-02-28 - Clicking language dropdown...
20:06:12 [TestNG-test-Yt Master Tests-1] INFO  verifyingSideMenuLanguageAsInSettingsLingua_20-02-28 - [verifyingSideMenuLanguageAsInSettingsLingua_20-02-28] Trying to find element: By.xpath: (//div[@id='content-icon'])[2]
20:06:13 [TestNG-test-Yt Master Tests-1] INFO  verifyingSideMenuLanguageAsInSettingsLingua_20-02-28 - [verifyingSideMenuLanguageAsInSettingsLingua_20-02-28] Element found and ready (attempt 1): By.xpath: (//div[@id='content-icon'])[2]
20:06:13 [TestNG-test-Yt Master Tests-1] INFO  verifyingSideMenuLanguageAsInSettingsLingua_20-02-28 - Looking for language element with name: ਪੰਜਾਬੀ
20:06:13 [TestNG-test-Yt Master Tests-1] INFO  verifyingSideMenuLanguageAsInSettingsLingua_20-02-28 - [verifyingSideMenuLanguageAsInSettingsLingua_20-02-28] Trying to find element: By.xpath: //yt-multi-page-menu-section-renderer[@class='style-scope ytd-multi-page-menu-renderer']//yt-formatted-string[@id='label' and text()='ਪੰਜਾਬੀ']
20:06:13 [TestNG-test-Yt Master Tests-1] INFO  verifyingSideMenuLanguageAsInSettingsLingua_20-02-28 - [verifyingSideMenuLanguageAsInSettingsLingua_20-02-28] Element found and ready (attempt 1): By.xpath: //yt-multi-page-menu-section-renderer[@class='style-scope ytd-multi-page-menu-renderer']//yt-formatted-string[@id='label' and text()='ਪੰਜਾਬੀ']
20:06:13 [TestNG-test-Yt Master Tests-1] INFO  verifyingSideMenuLanguageAsInSettingsLingua_20-02-28 - [verifyingSideMenuLanguageAsInSettingsLingua_20-02-28] Trying to find element: By.xpath: //yt-multi-page-menu-section-renderer[@class='style-scope ytd-multi-page-menu-renderer']//yt-formatted-string[@id='label' and text()='ਪੰਜਾਬੀ']
20:06:13 [TestNG-test-Yt Master Tests-1] INFO  verifyingSideMenuLanguageAsInSettingsLingua_20-02-28 - [verifyingSideMenuLanguageAsInSettingsLingua_20-02-28] Element found and ready (attempt 1): By.xpath: //yt-multi-page-menu-section-renderer[@class='style-scope ytd-multi-page-menu-renderer']//yt-formatted-string[@id='label' and text()='ਪੰਜਾਬੀ']
20:06:15 [TestNG-test-Yt Master Tests-1] INFO  verifyingSideMenuLanguageAsInSettingsLingua_20-02-28 - Clicking settings ellipses button...
20:06:15 [TestNG-test-Yt Master Tests-1] INFO  verifyingSideMenuLanguageAsInSettingsLingua_20-02-28 - [verifyingSideMenuLanguageAsInSettingsLingua_20-02-28] Trying to find element: By.xpath: //ytd-topbar-menu-button-renderer[@class='style-scope ytd-masthead style-default']
20:06:15 [TestNG-test-Yt Master Tests-1] INFO  verifyingSideMenuLanguageAsInSettingsLingua_20-02-28 - [verifyingSideMenuLanguageAsInSettingsLingua_20-02-28] Element found and ready (attempt 1): By.xpath: //ytd-topbar-menu-button-renderer[@class='style-scope ytd-masthead style-default']
20:06:15 [TestNG-test-Yt Master Tests-1] INFO  verifyingSideMenuLanguageAsInSettingsLingua_20-02-28 - [verifyingSideMenuLanguageAsInSettingsLingua_20-02-28] Waiting until element is visible in viewport
20:06:16 [TestNG-test-Yt Master Tests-1] INFO  verifyingSideMenuLanguageAsInSettingsLingua_20-02-28 - Clicking settings ellipses button...
20:06:16 [TestNG-test-Yt Master Tests-1] INFO  verifyingSideMenuLanguageAsInSettingsLingua_20-02-28 - [verifyingSideMenuLanguageAsInSettingsLingua_20-02-28] Trying to find element: By.xpath: //ytd-topbar-menu-button-renderer[@class='style-scope ytd-masthead style-default']
20:06:16 [TestNG-test-Yt Master Tests-1] INFO  verifyingSideMenuLanguageAsInSettingsLingua_20-02-28 - [verifyingSideMenuLanguageAsInSettingsLingua_20-02-28] Element found and ready (attempt 1): By.xpath: //ytd-topbar-menu-button-renderer[@class='style-scope ytd-masthead style-default']
20:06:16 [TestNG-test-Yt Master Tests-1] INFO  verifyingSideMenuLanguageAsInSettingsLingua_20-02-28 - Fetching the side menu in expanded view
20:06:16 [TestNG-test-Yt Master Tests-1] INFO  verifyingSideMenuLanguageAsInSettingsLingua_20-02-28 - [verifyingSideMenuLanguageAsInSettingsLingua_20-02-28] Finding elements list: By.xpath: //ytd-guide-entry-renderer[@class='style-scope ytd-guide-section-renderer']
20:06:16 [TestNG-test-Yt Master Tests-1] INFO  verifyingSideMenuLanguageAsInSettingsLingua_20-02-28 - [verifyingSideMenuLanguageAsInSettingsLingua_20-02-28] Found 13 ready elements (attempt 1): By.xpath: //ytd-guide-entry-renderer[@class='style-scope ytd-guide-section-renderer']
20:06:17 [TestNG-test-Yt Master Tests-1] INFO  verifyingSideMenuLanguageAsInSettingsLingua_20-02-28 - 
========== LANGUAGE DETECTION ==========
Detected Language : PUNJABI
Input Text        : ਹੋਮ Shorts ਸਬਸਕ੍ਰਿਪਸ਼ਨਾਂ ਤੁਸੀਂ ਇਤਿਹਾਸ ਸੰਗੀਤ ਫ਼ਿਲਮਾਂ ਅਤੇ ਟੀਵੀ ਲਾਈਵ YouTube Premium YouTube TV YouTube Music YouTube Kids ਰਿਪੋਰਟ ਸੰਬੰਧੀ ਇਤਿਹਾਸ
========================================
20:06:17 [TestNG-test-Yt Master Tests-1] INFO  verifyingSideMenuLanguageAsInSettingsLingua_20-02-28 - getLangAttribute() - locating <html> and reading lang property
20:06:17 [TestNG-test-Yt Master Tests-1] INFO  verifyingSideMenuLanguageAsInSettingsLingua_20-02-28 - Language attribute read: pa-Guru-IN
20:06:17 [TestNG-test-Yt Master Tests-1] INFO  verifyingSideMenuLanguageAsInSettingsLingua_20-02-28 - [verifyingSideMenuLanguageAsInSettingsLingua_20-02-28] ApplicableLanguage==  ਪੰਜਾਬੀ     Detected Language ==  PUNJABI  Expected Language == PUNJABI
20:06:17 [TestNG-test-Yt Master Tests-1] INFO  verifyingSideMenuLanguageAsInSettingsLingua_20-02-28 - Clicking settings ellipses button...
20:06:17 [TestNG-test-Yt Master Tests-1] INFO  verifyingSideMenuLanguageAsInSettingsLingua_20-02-28 - [verifyingSideMenuLanguageAsInSettingsLingua_20-02-28] Trying to find element: By.xpath: //ytd-topbar-menu-button-renderer[@class='style-scope ytd-masthead style-default']
20:06:17 [TestNG-test-Yt Master Tests-1] INFO  verifyingSideMenuLanguageAsInSettingsLingua_20-02-28 - [verifyingSideMenuLanguageAsInSettingsLingua_20-02-28] Element found and ready (attempt 1): By.xpath: //ytd-topbar-menu-button-renderer[@class='style-scope ytd-masthead style-default']
20:06:17 [TestNG-test-Yt Master Tests-1] INFO  verifyingSideMenuLanguageAsInSettingsLingua_20-02-28 - Clicking language dropdown...
20:06:17 [TestNG-test-Yt Master Tests-1] INFO  verifyingSideMenuLanguageAsInSettingsLingua_20-02-28 - [verifyingSideMenuLanguageAsInSettingsLingua_20-02-28] Trying to find element: By.xpath: (//div[@id='content-icon'])[2]
20:06:17 [TestNG-test-Yt Master Tests-1] INFO  verifyingSideMenuLanguageAsInSettingsLingua_20-02-28 - [verifyingSideMenuLanguageAsInSettingsLingua_20-02-28] Element found and ready (attempt 1): By.xpath: (//div[@id='content-icon'])[2]
20:06:18 [TestNG-test-Yt Master Tests-1] INFO  verifyingSideMenuLanguageAsInSettingsLingua_20-02-28 - Looking for language element with name: ગુજરાતી
20:06:18 [TestNG-test-Yt Master Tests-1] INFO  verifyingSideMenuLanguageAsInSettingsLingua_20-02-28 - [verifyingSideMenuLanguageAsInSettingsLingua_20-02-28] Trying to find element: By.xpath: //yt-multi-page-menu-section-renderer[@class='style-scope ytd-multi-page-menu-renderer']//yt-formatted-string[@id='label' and text()='ગુજરાતી']
20:06:18 [TestNG-test-Yt Master Tests-1] INFO  verifyingSideMenuLanguageAsInSettingsLingua_20-02-28 - [verifyingSideMenuLanguageAsInSettingsLingua_20-02-28] Element found and ready (attempt 1): By.xpath: //yt-multi-page-menu-section-renderer[@class='style-scope ytd-multi-page-menu-renderer']//yt-formatted-string[@id='label' and text()='ગુજરાતી']
20:06:18 [TestNG-test-Yt Master Tests-1] INFO  verifyingSideMenuLanguageAsInSettingsLingua_20-02-28 - [verifyingSideMenuLanguageAsInSettingsLingua_20-02-28] Trying to find element: By.xpath: //yt-multi-page-menu-section-renderer[@class='style-scope ytd-multi-page-menu-renderer']//yt-formatted-string[@id='label' and text()='ગુજરાતી']
20:06:18 [TestNG-test-Yt Master Tests-1] INFO  verifyingSideMenuLanguageAsInSettingsLingua_20-02-28 - [verifyingSideMenuLanguageAsInSettingsLingua_20-02-28] Element found and ready (attempt 1): By.xpath: //yt-multi-page-menu-section-renderer[@class='style-scope ytd-multi-page-menu-renderer']//yt-formatted-string[@id='label' and text()='ગુજરાતી']
20:06:19 [TestNG-test-Yt Master Tests-1] INFO  verifyingSideMenuLanguageAsInSettingsLingua_20-02-28 - Clicking settings ellipses button...
20:06:20 [TestNG-test-Yt Master Tests-1] INFO  verifyingSideMenuLanguageAsInSettingsLingua_20-02-28 - [verifyingSideMenuLanguageAsInSettingsLingua_20-02-28] Trying to find element: By.xpath: //ytd-topbar-menu-button-renderer[@class='style-scope ytd-masthead style-default']
20:06:20 [TestNG-test-Yt Master Tests-1] INFO  verifyingSideMenuLanguageAsInSettingsLingua_20-02-28 - [verifyingSideMenuLanguageAsInSettingsLingua_20-02-28] Element found and ready (attempt 1): By.xpath: //ytd-topbar-menu-button-renderer[@class='style-scope ytd-masthead style-default']
20:06:20 [TestNG-test-Yt Master Tests-1] INFO  verifyingSideMenuLanguageAsInSettingsLingua_20-02-28 - [verifyingSideMenuLanguageAsInSettingsLingua_20-02-28] Waiting until element is visible in viewport
20:06:21 [TestNG-test-Yt Master Tests-1] INFO  verifyingSideMenuLanguageAsInSettingsLingua_20-02-28 - Clicking settings ellipses button...
20:06:21 [TestNG-test-Yt Master Tests-1] INFO  verifyingSideMenuLanguageAsInSettingsLingua_20-02-28 - [verifyingSideMenuLanguageAsInSettingsLingua_20-02-28] Trying to find element: By.xpath: //ytd-topbar-menu-button-renderer[@class='style-scope ytd-masthead style-default']
20:06:21 [TestNG-test-Yt Master Tests-1] INFO  verifyingSideMenuLanguageAsInSettingsLingua_20-02-28 - [verifyingSideMenuLanguageAsInSettingsLingua_20-02-28] Element found and ready (attempt 1): By.xpath: //ytd-topbar-menu-button-renderer[@class='style-scope ytd-masthead style-default']
20:06:21 [TestNG-test-Yt Master Tests-1] INFO  verifyingSideMenuLanguageAsInSettingsLingua_20-02-28 - Fetching the side menu in expanded view
20:06:21 [TestNG-test-Yt Master Tests-1] INFO  verifyingSideMenuLanguageAsInSettingsLingua_20-02-28 - [verifyingSideMenuLanguageAsInSettingsLingua_20-02-28] Finding elements list: By.xpath: //ytd-guide-entry-renderer[@class='style-scope ytd-guide-section-renderer']
20:06:21 [TestNG-test-Yt Master Tests-1] INFO  verifyingSideMenuLanguageAsInSettingsLingua_20-02-28 - [verifyingSideMenuLanguageAsInSettingsLingua_20-02-28] Found 13 ready elements (attempt 1): By.xpath: //ytd-guide-entry-renderer[@class='style-scope ytd-guide-section-renderer']
20:06:21 [TestNG-test-Yt Master Tests-1] INFO  verifyingSideMenuLanguageAsInSettingsLingua_20-02-28 - 
========== LANGUAGE DETECTION ==========
Detected Language : GUJARATI
Input Text        : હોમ Shorts સબ્સ્ક્રિપ્શન તમે ઇતિહાસ સંગીત મૂવી અને ટીવી લાઇવ YouTube Premium YouTube TV YouTube Music YouTube Kids રિપોર્ટનો ઇતિહાસ
========================================
20:06:21 [TestNG-test-Yt Master Tests-1] INFO  verifyingSideMenuLanguageAsInSettingsLingua_20-02-28 - getLangAttribute() - locating <html> and reading lang property
20:06:21 [TestNG-test-Yt Master Tests-1] INFO  verifyingSideMenuLanguageAsInSettingsLingua_20-02-28 - Language attribute read: gu-IN
20:06:21 [TestNG-test-Yt Master Tests-1] INFO  verifyingSideMenuLanguageAsInSettingsLingua_20-02-28 - [verifyingSideMenuLanguageAsInSettingsLingua_20-02-28] ApplicableLanguage==  ગુજરાતી     Detected Language ==  GUJARATI  Expected Language == GUJARATI
20:06:21 [TestNG-test-Yt Master Tests-1] INFO  verifyingSideMenuLanguageAsInSettingsLingua_20-02-28 - Clicking settings ellipses button...
20:06:21 [TestNG-test-Yt Master Tests-1] INFO  verifyingSideMenuLanguageAsInSettingsLingua_20-02-28 - [verifyingSideMenuLanguageAsInSettingsLingua_20-02-28] Trying to find element: By.xpath: //ytd-topbar-menu-button-renderer[@class='style-scope ytd-masthead style-default']
20:06:21 [TestNG-test-Yt Master Tests-1] INFO  verifyingSideMenuLanguageAsInSettingsLingua_20-02-28 - [verifyingSideMenuLanguageAsInSettingsLingua_20-02-28] Element found and ready (attempt 1): By.xpath: //ytd-topbar-menu-button-renderer[@class='style-scope ytd-masthead style-default']
20:06:21 [TestNG-test-Yt Master Tests-1] INFO  verifyingSideMenuLanguageAsInSettingsLingua_20-02-28 - Clicking language dropdown...
20:06:21 [TestNG-test-Yt Master Tests-1] INFO  verifyingSideMenuLanguageAsInSettingsLingua_20-02-28 - [verifyingSideMenuLanguageAsInSettingsLingua_20-02-28] Trying to find element: By.xpath: (//div[@id='content-icon'])[2]
20:06:22 [TestNG-test-Yt Master Tests-1] INFO  verifyingSideMenuLanguageAsInSettingsLingua_20-02-28 - [verifyingSideMenuLanguageAsInSettingsLingua_20-02-28] Element found and ready (attempt 1): By.xpath: (//div[@id='content-icon'])[2]
20:06:22 [TestNG-test-Yt Master Tests-1] INFO  verifyingSideMenuLanguageAsInSettingsLingua_20-02-28 - Looking for language element with name: தமிழ்
20:06:22 [TestNG-test-Yt Master Tests-1] INFO  verifyingSideMenuLanguageAsInSettingsLingua_20-02-28 - [verifyingSideMenuLanguageAsInSettingsLingua_20-02-28] Trying to find element: By.xpath: //yt-multi-page-menu-section-renderer[@class='style-scope ytd-multi-page-menu-renderer']//yt-formatted-string[@id='label' and text()='தமிழ்']
20:06:22 [TestNG-test-Yt Master Tests-1] INFO  verifyingSideMenuLanguageAsInSettingsLingua_20-02-28 - [verifyingSideMenuLanguageAsInSettingsLingua_20-02-28] Element found and ready (attempt 1): By.xpath: //yt-multi-page-menu-section-renderer[@class='style-scope ytd-multi-page-menu-renderer']//yt-formatted-string[@id='label' and text()='தமிழ்']
20:06:22 [TestNG-test-Yt Master Tests-1] INFO  verifyingSideMenuLanguageAsInSettingsLingua_20-02-28 - [verifyingSideMenuLanguageAsInSettingsLingua_20-02-28] Trying to find element: By.xpath: //yt-multi-page-menu-section-renderer[@class='style-scope ytd-multi-page-menu-renderer']//yt-formatted-string[@id='label' and text()='தமிழ்']
20:06:22 [TestNG-test-Yt Master Tests-1] INFO  verifyingSideMenuLanguageAsInSettingsLingua_20-02-28 - [verifyingSideMenuLanguageAsInSettingsLingua_20-02-28] Element found and ready (attempt 1): By.xpath: //yt-multi-page-menu-section-renderer[@class='style-scope ytd-multi-page-menu-renderer']//yt-formatted-string[@id='label' and text()='தமிழ்']
20:06:24 [TestNG-test-Yt Master Tests-1] INFO  verifyingSideMenuLanguageAsInSettingsLingua_20-02-28 - Clicking settings ellipses button...
20:06:24 [TestNG-test-Yt Master Tests-1] INFO  verifyingSideMenuLanguageAsInSettingsLingua_20-02-28 - [verifyingSideMenuLanguageAsInSettingsLingua_20-02-28] Trying to find element: By.xpath: //ytd-topbar-menu-button-renderer[@class='style-scope ytd-masthead style-default']
20:06:24 [TestNG-test-Yt Master Tests-1] INFO  verifyingSideMenuLanguageAsInSettingsLingua_20-02-28 - [verifyingSideMenuLanguageAsInSettingsLingua_20-02-28] Element found and ready (attempt 1): By.xpath: //ytd-topbar-menu-button-renderer[@class='style-scope ytd-masthead style-default']
20:06:24 [TestNG-test-Yt Master Tests-1] INFO  verifyingSideMenuLanguageAsInSettingsLingua_20-02-28 - [verifyingSideMenuLanguageAsInSettingsLingua_20-02-28] Waiting until element is visible in viewport
20:06:25 [TestNG-test-Yt Master Tests-1] INFO  verifyingSideMenuLanguageAsInSettingsLingua_20-02-28 - Clicking settings ellipses button...
20:06:25 [TestNG-test-Yt Master Tests-1] INFO  verifyingSideMenuLanguageAsInSettingsLingua_20-02-28 - [verifyingSideMenuLanguageAsInSettingsLingua_20-02-28] Trying to find element: By.xpath: //ytd-topbar-menu-button-renderer[@class='style-scope ytd-masthead style-default']
20:06:25 [TestNG-test-Yt Master Tests-1] INFO  verifyingSideMenuLanguageAsInSettingsLingua_20-02-28 - [verifyingSideMenuLanguageAsInSettingsLingua_20-02-28] Element found and ready (attempt 1): By.xpath: //ytd-topbar-menu-button-renderer[@class='style-scope ytd-masthead style-default']
20:06:25 [TestNG-test-Yt Master Tests-1] INFO  verifyingSideMenuLanguageAsInSettingsLingua_20-02-28 - Fetching the side menu in expanded view
20:06:25 [TestNG-test-Yt Master Tests-1] INFO  verifyingSideMenuLanguageAsInSettingsLingua_20-02-28 - [verifyingSideMenuLanguageAsInSettingsLingua_20-02-28] Finding elements list: By.xpath: //ytd-guide-entry-renderer[@class='style-scope ytd-guide-section-renderer']
20:06:25 [TestNG-test-Yt Master Tests-1] INFO  verifyingSideMenuLanguageAsInSettingsLingua_20-02-28 - [verifyingSideMenuLanguageAsInSettingsLingua_20-02-28] Found 13 ready elements (attempt 1): By.xpath: //ytd-guide-entry-renderer[@class='style-scope ytd-guide-section-renderer']
20:06:26 [TestNG-test-Yt Master Tests-1] INFO  verifyingSideMenuLanguageAsInSettingsLingua_20-02-28 - 
========== LANGUAGE DETECTION ==========
Detected Language : TAMIL
Input Text        : முகப்பு Shorts சந்தாக்கள் நீங்கள் இதுவரை பார்த்தவை இசை திரைப்படங்கள் & டிவி நிகழ்ச்சிகள் நேரலை YouTube Premium YouTube TV YouTube Music YouTube Kids புகார் வரலாறு
========================================
20:06:26 [TestNG-test-Yt Master Tests-1] INFO  verifyingSideMenuLanguageAsInSettingsLingua_20-02-28 - getLangAttribute() - locating <html> and reading lang property
20:06:26 [TestNG-test-Yt Master Tests-1] INFO  verifyingSideMenuLanguageAsInSettingsLingua_20-02-28 - Language attribute read: ta-IN
20:06:26 [TestNG-test-Yt Master Tests-1] INFO  verifyingSideMenuLanguageAsInSettingsLingua_20-02-28 - [verifyingSideMenuLanguageAsInSettingsLingua_20-02-28] ApplicableLanguage==  தமிழ்     Detected Language ==  TAMIL  Expected Language == TAMIL
20:06:26 [TestNG-test-Yt Master Tests-1] INFO  verifyingSideMenuLanguageAsInSettingsLingua_20-02-28 - Clicking settings ellipses button...
20:06:26 [TestNG-test-Yt Master Tests-1] INFO  verifyingSideMenuLanguageAsInSettingsLingua_20-02-28 - [verifyingSideMenuLanguageAsInSettingsLingua_20-02-28] Trying to find element: By.xpath: //ytd-topbar-menu-button-renderer[@class='style-scope ytd-masthead style-default']
20:06:26 [TestNG-test-Yt Master Tests-1] INFO  verifyingSideMenuLanguageAsInSettingsLingua_20-02-28 - [verifyingSideMenuLanguageAsInSettingsLingua_20-02-28] Element found and ready (attempt 1): By.xpath: //ytd-topbar-menu-button-renderer[@class='style-scope ytd-masthead style-default']
20:06:26 [TestNG-test-Yt Master Tests-1] INFO  verifyingSideMenuLanguageAsInSettingsLingua_20-02-28 - Clicking language dropdown...
20:06:26 [TestNG-test-Yt Master Tests-1] INFO  verifyingSideMenuLanguageAsInSettingsLingua_20-02-28 - [verifyingSideMenuLanguageAsInSettingsLingua_20-02-28] Trying to find element: By.xpath: (//div[@id='content-icon'])[2]
20:06:26 [TestNG-test-Yt Master Tests-1] INFO  verifyingSideMenuLanguageAsInSettingsLingua_20-02-28 - [verifyingSideMenuLanguageAsInSettingsLingua_20-02-28] Element found and ready (attempt 1): By.xpath: (//div[@id='content-icon'])[2]
20:06:27 [TestNG-test-Yt Master Tests-1] INFO  verifyingSideMenuLanguageAsInSettingsLingua_20-02-28 - Looking for language element with name: తెలుగు
20:06:27 [TestNG-test-Yt Master Tests-1] INFO  verifyingSideMenuLanguageAsInSettingsLingua_20-02-28 - [verifyingSideMenuLanguageAsInSettingsLingua_20-02-28] Trying to find element: By.xpath: //yt-multi-page-menu-section-renderer[@class='style-scope ytd-multi-page-menu-renderer']//yt-formatted-string[@id='label' and text()='తెలుగు']
20:06:29 [TestNG-test-Yt Master Tests-1] INFO  verifyingSideMenuLanguageAsInSettingsLingua_20-02-28 - [verifyingSideMenuLanguageAsInSettingsLingua_20-02-28] Element found and ready (attempt 1): By.xpath: //yt-multi-page-menu-section-renderer[@class='style-scope ytd-multi-page-menu-renderer']//yt-formatted-string[@id='label' and text()='తెలుగు']
20:06:29 [TestNG-test-Yt Master Tests-1] INFO  verifyingSideMenuLanguageAsInSettingsLingua_20-02-28 - [verifyingSideMenuLanguageAsInSettingsLingua_20-02-28] Trying to find element: By.xpath: //yt-multi-page-menu-section-renderer[@class='style-scope ytd-multi-page-menu-renderer']//yt-formatted-string[@id='label' and text()='తెలుగు']
20:06:29 [TestNG-test-Yt Master Tests-1] INFO  verifyingSideMenuLanguageAsInSettingsLingua_20-02-28 - [verifyingSideMenuLanguageAsInSettingsLingua_20-02-28] Element found and ready (attempt 1): By.xpath: //yt-multi-page-menu-section-renderer[@class='style-scope ytd-multi-page-menu-renderer']//yt-formatted-string[@id='label' and text()='తెలుగు']
20:06:30 [TestNG-test-Yt Master Tests-1] INFO  verifyingSideMenuLanguageAsInSettingsLingua_20-02-28 - Clicking settings ellipses button...
20:06:30 [TestNG-test-Yt Master Tests-1] INFO  verifyingSideMenuLanguageAsInSettingsLingua_20-02-28 - [verifyingSideMenuLanguageAsInSettingsLingua_20-02-28] Trying to find element: By.xpath: //ytd-topbar-menu-button-renderer[@class='style-scope ytd-masthead style-default']
20:06:31 [TestNG-test-Yt Master Tests-1] INFO  verifyingSideMenuLanguageAsInSettingsLingua_20-02-28 - [verifyingSideMenuLanguageAsInSettingsLingua_20-02-28] Element found and ready (attempt 1): By.xpath: //ytd-topbar-menu-button-renderer[@class='style-scope ytd-masthead style-default']
20:06:31 [TestNG-test-Yt Master Tests-1] INFO  verifyingSideMenuLanguageAsInSettingsLingua_20-02-28 - [verifyingSideMenuLanguageAsInSettingsLingua_20-02-28] Waiting until element is visible in viewport
20:06:31 [TestNG-test-Yt Master Tests-1] INFO  verifyingSideMenuLanguageAsInSettingsLingua_20-02-28 - Clicking settings ellipses button...
20:06:31 [TestNG-test-Yt Master Tests-1] INFO  verifyingSideMenuLanguageAsInSettingsLingua_20-02-28 - [verifyingSideMenuLanguageAsInSettingsLingua_20-02-28] Trying to find element: By.xpath: //ytd-topbar-menu-button-renderer[@class='style-scope ytd-masthead style-default']
20:06:31 [TestNG-test-Yt Master Tests-1] INFO  verifyingSideMenuLanguageAsInSettingsLingua_20-02-28 - [verifyingSideMenuLanguageAsInSettingsLingua_20-02-28] Element found and ready (attempt 1): By.xpath: //ytd-topbar-menu-button-renderer[@class='style-scope ytd-masthead style-default']
20:06:31 [TestNG-test-Yt Master Tests-1] INFO  verifyingSideMenuLanguageAsInSettingsLingua_20-02-28 - Fetching the side menu in expanded view
20:06:31 [TestNG-test-Yt Master Tests-1] INFO  verifyingSideMenuLanguageAsInSettingsLingua_20-02-28 - [verifyingSideMenuLanguageAsInSettingsLingua_20-02-28] Finding elements list: By.xpath: //ytd-guide-entry-renderer[@class='style-scope ytd-guide-section-renderer']
20:06:32 [TestNG-test-Yt Master Tests-1] INFO  verifyingSideMenuLanguageAsInSettingsLingua_20-02-28 - [verifyingSideMenuLanguageAsInSettingsLingua_20-02-28] Found 13 ready elements (attempt 1): By.xpath: //ytd-guide-entry-renderer[@class='style-scope ytd-guide-section-renderer']
20:06:32 [TestNG-test-Yt Master Tests-1] INFO  verifyingSideMenuLanguageAsInSettingsLingua_20-02-28 - 
========== LANGUAGE DETECTION ==========
Detected Language : TELUGU
Input Text        : మొదటి ట్యాబ్ Shorts సబ్‌స్క్రిప్షన్‌లు ఖాతా హిస్టరీ మ్యూజిక్ సినిమాలు & టీవీ లైవ్ YouTube Premium YouTube TV YouTube Music YouTube Kids రిపోర్టుల హిస్టరీ
========================================
20:06:32 [TestNG-test-Yt Master Tests-1] INFO  verifyingSideMenuLanguageAsInSettingsLingua_20-02-28 - getLangAttribute() - locating <html> and reading lang property
20:06:32 [TestNG-test-Yt Master Tests-1] INFO  verifyingSideMenuLanguageAsInSettingsLingua_20-02-28 - Language attribute read: te-IN
20:06:32 [TestNG-test-Yt Master Tests-1] INFO  verifyingSideMenuLanguageAsInSettingsLingua_20-02-28 - [verifyingSideMenuLanguageAsInSettingsLingua_20-02-28] ApplicableLanguage==  తెలుగు     Detected Language ==  TELUGU  Expected Language == TELUGU
20:06:32 [TestNG-test-Yt Master Tests-1] INFO  verifyingSideMenuLanguageAsInSettingsLingua_20-02-28 - Clicking settings ellipses button...
20:06:32 [TestNG-test-Yt Master Tests-1] INFO  verifyingSideMenuLanguageAsInSettingsLingua_20-02-28 - [verifyingSideMenuLanguageAsInSettingsLingua_20-02-28] Trying to find element: By.xpath: //ytd-topbar-menu-button-renderer[@class='style-scope ytd-masthead style-default']
20:06:32 [TestNG-test-Yt Master Tests-1] INFO  verifyingSideMenuLanguageAsInSettingsLingua_20-02-28 - [verifyingSideMenuLanguageAsInSettingsLingua_20-02-28] Element found and ready (attempt 1): By.xpath: //ytd-topbar-menu-button-renderer[@class='style-scope ytd-masthead style-default']
20:06:32 [TestNG-test-Yt Master Tests-1] INFO  verifyingSideMenuLanguageAsInSettingsLingua_20-02-28 - Clicking language dropdown...
20:06:32 [TestNG-test-Yt Master Tests-1] INFO  verifyingSideMenuLanguageAsInSettingsLingua_20-02-28 - [verifyingSideMenuLanguageAsInSettingsLingua_20-02-28] Trying to find element: By.xpath: (//div[@id='content-icon'])[2]
20:06:33 [TestNG-test-Yt Master Tests-1] INFO  verifyingSideMenuLanguageAsInSettingsLingua_20-02-28 - [verifyingSideMenuLanguageAsInSettingsLingua_20-02-28] Element found and ready (attempt 1): By.xpath: (//div[@id='content-icon'])[2]
20:06:33 [TestNG-test-Yt Master Tests-1] INFO  verifyingSideMenuLanguageAsInSettingsLingua_20-02-28 - Looking for language element with name: 中文 (简体)
20:06:33 [TestNG-test-Yt Master Tests-1] INFO  verifyingSideMenuLanguageAsInSettingsLingua_20-02-28 - [verifyingSideMenuLanguageAsInSettingsLingua_20-02-28] Trying to find element: By.xpath: //yt-multi-page-menu-section-renderer[@class='style-scope ytd-multi-page-menu-renderer']//yt-formatted-string[@id='label' and text()='中文 (简体)']
20:06:33 [TestNG-test-Yt Master Tests-1] INFO  verifyingSideMenuLanguageAsInSettingsLingua_20-02-28 - [verifyingSideMenuLanguageAsInSettingsLingua_20-02-28] Element found and ready (attempt 1): By.xpath: //yt-multi-page-menu-section-renderer[@class='style-scope ytd-multi-page-menu-renderer']//yt-formatted-string[@id='label' and text()='中文 (简体)']
20:06:33 [TestNG-test-Yt Master Tests-1] INFO  verifyingSideMenuLanguageAsInSettingsLingua_20-02-28 - [verifyingSideMenuLanguageAsInSettingsLingua_20-02-28] Trying to find element: By.xpath: //yt-multi-page-menu-section-renderer[@class='style-scope ytd-multi-page-menu-renderer']//yt-formatted-string[@id='label' and text()='中文 (简体)']
20:06:33 [TestNG-test-Yt Master Tests-1] INFO  verifyingSideMenuLanguageAsInSettingsLingua_20-02-28 - [verifyingSideMenuLanguageAsInSettingsLingua_20-02-28] Element found and ready (attempt 1): By.xpath: //yt-multi-page-menu-section-renderer[@class='style-scope ytd-multi-page-menu-renderer']//yt-formatted-string[@id='label' and text()='中文 (简体)']
20:06:34 [TestNG-test-Yt Master Tests-1] INFO  verifyingSideMenuLanguageAsInSettingsLingua_20-02-28 - Clicking settings ellipses button...
20:06:36 [TestNG-test-Yt Master Tests-1] INFO  verifyingSideMenuLanguageAsInSettingsLingua_20-02-28 - [verifyingSideMenuLanguageAsInSettingsLingua_20-02-28] Trying to find element: By.xpath: //ytd-topbar-menu-button-renderer[@class='style-scope ytd-masthead style-default']
20:06:36 [TestNG-test-Yt Master Tests-1] INFO  verifyingSideMenuLanguageAsInSettingsLingua_20-02-28 - [verifyingSideMenuLanguageAsInSettingsLingua_20-02-28] Element found and ready (attempt 1): By.xpath: //ytd-topbar-menu-button-renderer[@class='style-scope ytd-masthead style-default']
20:06:36 [TestNG-test-Yt Master Tests-1] INFO  verifyingSideMenuLanguageAsInSettingsLingua_20-02-28 - [verifyingSideMenuLanguageAsInSettingsLingua_20-02-28] Waiting until element is visible in viewport
20:06:37 [TestNG-test-Yt Master Tests-1] INFO  verifyingSideMenuLanguageAsInSettingsLingua_20-02-28 - Clicking settings ellipses button...
20:06:37 [TestNG-test-Yt Master Tests-1] INFO  verifyingSideMenuLanguageAsInSettingsLingua_20-02-28 - [verifyingSideMenuLanguageAsInSettingsLingua_20-02-28] Trying to find element: By.xpath: //ytd-topbar-menu-button-renderer[@class='style-scope ytd-masthead style-default']
20:06:37 [TestNG-test-Yt Master Tests-1] INFO  verifyingSideMenuLanguageAsInSettingsLingua_20-02-28 - [verifyingSideMenuLanguageAsInSettingsLingua_20-02-28] Element found and ready (attempt 1): By.xpath: //ytd-topbar-menu-button-renderer[@class='style-scope ytd-masthead style-default']
20:06:37 [TestNG-test-Yt Master Tests-1] INFO  verifyingSideMenuLanguageAsInSettingsLingua_20-02-28 - Fetching the side menu in expanded view
20:06:37 [TestNG-test-Yt Master Tests-1] INFO  verifyingSideMenuLanguageAsInSettingsLingua_20-02-28 - [verifyingSideMenuLanguageAsInSettingsLingua_20-02-28] Finding elements list: By.xpath: //ytd-guide-entry-renderer[@class='style-scope ytd-guide-section-renderer']
20:06:37 [TestNG-test-Yt Master Tests-1] INFO  verifyingSideMenuLanguageAsInSettingsLingua_20-02-28 - [verifyingSideMenuLanguageAsInSettingsLingua_20-02-28] Found 13 ready elements (attempt 1): By.xpath: //ytd-guide-entry-renderer[@class='style-scope ytd-guide-section-renderer']
20:06:37 [TestNG-test-Yt Master Tests-1] INFO  verifyingSideMenuLanguageAsInSettingsLingua_20-02-28 - 
========== LANGUAGE DETECTION ==========
Detected Language : CHINESE
Input Text        : 首页 Shorts 订阅 我 历史记录 音乐 影视 直播 YouTube Premium YouTube TV YouTube Music YouTube Kids 举报记录
========================================
20:06:37 [TestNG-test-Yt Master Tests-1] INFO  verifyingSideMenuLanguageAsInSettingsLingua_20-02-28 - getLangAttribute() - locating <html> and reading lang property
20:06:37 [TestNG-test-Yt Master Tests-1] INFO  verifyingSideMenuLanguageAsInSettingsLingua_20-02-28 - Language attribute read: zh-Hans-CN
20:06:37 [TestNG-test-Yt Master Tests-1] INFO  verifyingSideMenuLanguageAsInSettingsLingua_20-02-28 - [verifyingSideMenuLanguageAsInSettingsLingua_20-02-28] ApplicableLanguage==  中文 (简体)     Detected Language ==  CHINESE  Expected Language == CHINESE
20:06:37 [TestNG-test-Yt Master Tests-1] INFO  verifyingSideMenuLanguageAsInSettingsLingua_20-02-28 - Clicking settings ellipses button...
20:06:37 [TestNG-test-Yt Master Tests-1] INFO  verifyingSideMenuLanguageAsInSettingsLingua_20-02-28 - [verifyingSideMenuLanguageAsInSettingsLingua_20-02-28] Trying to find element: By.xpath: //ytd-topbar-menu-button-renderer[@class='style-scope ytd-masthead style-default']
20:06:37 [TestNG-test-Yt Master Tests-1] INFO  verifyingSideMenuLanguageAsInSettingsLingua_20-02-28 - [verifyingSideMenuLanguageAsInSettingsLingua_20-02-28] Element found and ready (attempt 1): By.xpath: //ytd-topbar-menu-button-renderer[@class='style-scope ytd-masthead style-default']
20:06:37 [TestNG-test-Yt Master Tests-1] INFO  verifyingSideMenuLanguageAsInSettingsLingua_20-02-28 - Clicking language dropdown...
20:06:37 [TestNG-test-Yt Master Tests-1] INFO  verifyingSideMenuLanguageAsInSettingsLingua_20-02-28 - [verifyingSideMenuLanguageAsInSettingsLingua_20-02-28] Trying to find element: By.xpath: (//div[@id='content-icon'])[2]
20:06:38 [TestNG-test-Yt Master Tests-1] INFO  verifyingSideMenuLanguageAsInSettingsLingua_20-02-28 - [verifyingSideMenuLanguageAsInSettingsLingua_20-02-28] Element found and ready (attempt 1): By.xpath: (//div[@id='content-icon'])[2]
20:06:38 [TestNG-test-Yt Master Tests-1] INFO  verifyingSideMenuLanguageAsInSettingsLingua_20-02-28 - Looking for language element with name: 中文 (繁體)
20:06:38 [TestNG-test-Yt Master Tests-1] INFO  verifyingSideMenuLanguageAsInSettingsLingua_20-02-28 - [verifyingSideMenuLanguageAsInSettingsLingua_20-02-28] Trying to find element: By.xpath: //yt-multi-page-menu-section-renderer[@class='style-scope ytd-multi-page-menu-renderer']//yt-formatted-string[@id='label' and text()='中文 (繁體)']
20:06:38 [TestNG-test-Yt Master Tests-1] INFO  verifyingSideMenuLanguageAsInSettingsLingua_20-02-28 - [verifyingSideMenuLanguageAsInSettingsLingua_20-02-28] Element found and ready (attempt 1): By.xpath: //yt-multi-page-menu-section-renderer[@class='style-scope ytd-multi-page-menu-renderer']//yt-formatted-string[@id='label' and text()='中文 (繁體)']
20:06:38 [TestNG-test-Yt Master Tests-1] INFO  verifyingSideMenuLanguageAsInSettingsLingua_20-02-28 - [verifyingSideMenuLanguageAsInSettingsLingua_20-02-28] Trying to find element: By.xpath: //yt-multi-page-menu-section-renderer[@class='style-scope ytd-multi-page-menu-renderer']//yt-formatted-string[@id='label' and text()='中文 (繁體)']
20:06:39 [TestNG-test-Yt Master Tests-1] INFO  verifyingSideMenuLanguageAsInSettingsLingua_20-02-28 - [verifyingSideMenuLanguageAsInSettingsLingua_20-02-28] Element found and ready (attempt 1): By.xpath: //yt-multi-page-menu-section-renderer[@class='style-scope ytd-multi-page-menu-renderer']//yt-formatted-string[@id='label' and text()='中文 (繁體)']
20:06:40 [TestNG-test-Yt Master Tests-1] INFO  verifyingSideMenuLanguageAsInSettingsLingua_20-02-28 - Clicking settings ellipses button...
20:06:40 [TestNG-test-Yt Master Tests-1] INFO  verifyingSideMenuLanguageAsInSettingsLingua_20-02-28 - [verifyingSideMenuLanguageAsInSettingsLingua_20-02-28] Trying to find element: By.xpath: //ytd-topbar-menu-button-renderer[@class='style-scope ytd-masthead style-default']
20:06:40 [TestNG-test-Yt Master Tests-1] INFO  verifyingSideMenuLanguageAsInSettingsLingua_20-02-28 - [verifyingSideMenuLanguageAsInSettingsLingua_20-02-28] Element found and ready (attempt 1): By.xpath: //ytd-topbar-menu-button-renderer[@class='style-scope ytd-masthead style-default']
20:06:41 [TestNG-test-Yt Master Tests-1] INFO  verifyingSideMenuLanguageAsInSettingsLingua_20-02-28 - [verifyingSideMenuLanguageAsInSettingsLingua_20-02-28] Waiting until element is visible in viewport
20:06:41 [TestNG-test-Yt Master Tests-1] INFO  verifyingSideMenuLanguageAsInSettingsLingua_20-02-28 - Clicking settings ellipses button...
20:06:41 [TestNG-test-Yt Master Tests-1] INFO  verifyingSideMenuLanguageAsInSettingsLingua_20-02-28 - [verifyingSideMenuLanguageAsInSettingsLingua_20-02-28] Trying to find element: By.xpath: //ytd-topbar-menu-button-renderer[@class='style-scope ytd-masthead style-default']
20:06:41 [TestNG-test-Yt Master Tests-1] INFO  verifyingSideMenuLanguageAsInSettingsLingua_20-02-28 - [verifyingSideMenuLanguageAsInSettingsLingua_20-02-28] Element found and ready (attempt 1): By.xpath: //ytd-topbar-menu-button-renderer[@class='style-scope ytd-masthead style-default']
20:06:41 [TestNG-test-Yt Master Tests-1] INFO  verifyingSideMenuLanguageAsInSettingsLingua_20-02-28 - Fetching the side menu in expanded view
20:06:41 [TestNG-test-Yt Master Tests-1] INFO  verifyingSideMenuLanguageAsInSettingsLingua_20-02-28 - [verifyingSideMenuLanguageAsInSettingsLingua_20-02-28] Finding elements list: By.xpath: //ytd-guide-entry-renderer[@class='style-scope ytd-guide-section-renderer']
20:06:42 [TestNG-test-Yt Master Tests-1] INFO  verifyingSideMenuLanguageAsInSettingsLingua_20-02-28 - [verifyingSideMenuLanguageAsInSettingsLingua_20-02-28] Found 13 ready elements (attempt 1): By.xpath: //ytd-guide-entry-renderer[@class='style-scope ytd-guide-section-renderer']
20:06:42 [TestNG-test-Yt Master Tests-1] INFO  verifyingSideMenuLanguageAsInSettingsLingua_20-02-28 - 
========== LANGUAGE DETECTION ==========
Detected Language : CHINESE
Input Text        : 首頁 Shorts 訂閱內容 個人中心 觀看記錄 音樂 電影與電視節目 直播 YouTube Premium YouTube TV YouTube Music YouTube Kids 檢舉記錄
========================================
20:06:42 [TestNG-test-Yt Master Tests-1] INFO  verifyingSideMenuLanguageAsInSettingsLingua_20-02-28 - getLangAttribute() - locating <html> and reading lang property
20:06:42 [TestNG-test-Yt Master Tests-1] INFO  verifyingSideMenuLanguageAsInSettingsLingua_20-02-28 - Language attribute read: zh-Hant-TW
20:06:42 [TestNG-test-Yt Master Tests-1] INFO  verifyingSideMenuLanguageAsInSettingsLingua_20-02-28 - [verifyingSideMenuLanguageAsInSettingsLingua_20-02-28] ApplicableLanguage==  中文 (繁體)     Detected Language ==  CHINESE  Expected Language == CHINESE
20:06:42 [TestNG-test-Yt Master Tests-1] INFO  verifyingSideMenuLanguageAsInSettingsLingua_20-02-28 - Clicking settings ellipses button...
20:06:42 [TestNG-test-Yt Master Tests-1] INFO  verifyingSideMenuLanguageAsInSettingsLingua_20-02-28 - [verifyingSideMenuLanguageAsInSettingsLingua_20-02-28] Trying to find element: By.xpath: //ytd-topbar-menu-button-renderer[@class='style-scope ytd-masthead style-default']
20:06:42 [TestNG-test-Yt Master Tests-1] INFO  verifyingSideMenuLanguageAsInSettingsLingua_20-02-28 - [verifyingSideMenuLanguageAsInSettingsLingua_20-02-28] Element found and ready (attempt 1): By.xpath: //ytd-topbar-menu-button-renderer[@class='style-scope ytd-masthead style-default']
20:06:42 [TestNG-test-Yt Master Tests-1] INFO  verifyingSideMenuLanguageAsInSettingsLingua_20-02-28 - Clicking language dropdown...
20:06:42 [TestNG-test-Yt Master Tests-1] INFO  verifyingSideMenuLanguageAsInSettingsLingua_20-02-28 - [verifyingSideMenuLanguageAsInSettingsLingua_20-02-28] Trying to find element: By.xpath: (//div[@id='content-icon'])[2]
20:06:42 [TestNG-test-Yt Master Tests-1] INFO  verifyingSideMenuLanguageAsInSettingsLingua_20-02-28 - [verifyingSideMenuLanguageAsInSettingsLingua_20-02-28] Element found and ready (attempt 1): By.xpath: (//div[@id='content-icon'])[2]
20:06:43 [TestNG-test-Yt Master Tests-1] INFO  verifyingSideMenuLanguageAsInSettingsLingua_20-02-28 - Looking for language element with name: 中文 (香港)
20:06:43 [TestNG-test-Yt Master Tests-1] INFO  verifyingSideMenuLanguageAsInSettingsLingua_20-02-28 - [verifyingSideMenuLanguageAsInSettingsLingua_20-02-28] Trying to find element: By.xpath: //yt-multi-page-menu-section-renderer[@class='style-scope ytd-multi-page-menu-renderer']//yt-formatted-string[@id='label' and text()='中文 (香港)']
20:06:43 [TestNG-test-Yt Master Tests-1] INFO  verifyingSideMenuLanguageAsInSettingsLingua_20-02-28 - [verifyingSideMenuLanguageAsInSettingsLingua_20-02-28] Element found and ready (attempt 1): By.xpath: //yt-multi-page-menu-section-renderer[@class='style-scope ytd-multi-page-menu-renderer']//yt-formatted-string[@id='label' and text()='中文 (香港)']
20:06:43 [TestNG-test-Yt Master Tests-1] INFO  verifyingSideMenuLanguageAsInSettingsLingua_20-02-28 - [verifyingSideMenuLanguageAsInSettingsLingua_20-02-28] Trying to find element: By.xpath: //yt-multi-page-menu-section-renderer[@class='style-scope ytd-multi-page-menu-renderer']//yt-formatted-string[@id='label' and text()='中文 (香港)']
20:06:43 [TestNG-test-Yt Master Tests-1] INFO  verifyingSideMenuLanguageAsInSettingsLingua_20-02-28 - [verifyingSideMenuLanguageAsInSettingsLingua_20-02-28] Element found and ready (attempt 1): By.xpath: //yt-multi-page-menu-section-renderer[@class='style-scope ytd-multi-page-menu-renderer']//yt-formatted-string[@id='label' and text()='中文 (香港)']
20:06:44 [TestNG-test-Yt Master Tests-1] INFO  verifyingSideMenuLanguageAsInSettingsLingua_20-02-28 - Clicking settings ellipses button...
20:06:45 [TestNG-test-Yt Master Tests-1] INFO  verifyingSideMenuLanguageAsInSettingsLingua_20-02-28 - [verifyingSideMenuLanguageAsInSettingsLingua_20-02-28] Trying to find element: By.xpath: //ytd-topbar-menu-button-renderer[@class='style-scope ytd-masthead style-default']
20:06:45 [TestNG-test-Yt Master Tests-1] INFO  verifyingSideMenuLanguageAsInSettingsLingua_20-02-28 - [verifyingSideMenuLanguageAsInSettingsLingua_20-02-28] Element found and ready (attempt 1): By.xpath: //ytd-topbar-menu-button-renderer[@class='style-scope ytd-masthead style-default']
20:06:45 [TestNG-test-Yt Master Tests-1] INFO  verifyingSideMenuLanguageAsInSettingsLingua_20-02-28 - [verifyingSideMenuLanguageAsInSettingsLingua_20-02-28] Waiting until element is visible in viewport
20:06:46 [TestNG-test-Yt Master Tests-1] INFO  verifyingSideMenuLanguageAsInSettingsLingua_20-02-28 - Clicking settings ellipses button...
20:06:46 [TestNG-test-Yt Master Tests-1] INFO  verifyingSideMenuLanguageAsInSettingsLingua_20-02-28 - [verifyingSideMenuLanguageAsInSettingsLingua_20-02-28] Trying to find element: By.xpath: //ytd-topbar-menu-button-renderer[@class='style-scope ytd-masthead style-default']
20:06:46 [TestNG-test-Yt Master Tests-1] INFO  verifyingSideMenuLanguageAsInSettingsLingua_20-02-28 - [verifyingSideMenuLanguageAsInSettingsLingua_20-02-28] Element found and ready (attempt 1): By.xpath: //ytd-topbar-menu-button-renderer[@class='style-scope ytd-masthead style-default']
20:06:46 [TestNG-test-Yt Master Tests-1] INFO  verifyingSideMenuLanguageAsInSettingsLingua_20-02-28 - Fetching the side menu in expanded view
20:06:46 [TestNG-test-Yt Master Tests-1] INFO  verifyingSideMenuLanguageAsInSettingsLingua_20-02-28 - [verifyingSideMenuLanguageAsInSettingsLingua_20-02-28] Finding elements list: By.xpath: //ytd-guide-entry-renderer[@class='style-scope ytd-guide-section-renderer']
20:06:46 [TestNG-test-Yt Master Tests-1] INFO  verifyingSideMenuLanguageAsInSettingsLingua_20-02-28 - [verifyingSideMenuLanguageAsInSettingsLingua_20-02-28] Found 13 ready elements (attempt 1): By.xpath: //ytd-guide-entry-renderer[@class='style-scope ytd-guide-section-renderer']
20:06:46 [TestNG-test-Yt Master Tests-1] INFO  verifyingSideMenuLanguageAsInSettingsLingua_20-02-28 - 
========== LANGUAGE DETECTION ==========
Detected Language : CHINESE
Input Text        : 主頁 Shorts 訂閱項目 個人中心 記錄 音樂 電影和電視節目 直播 YouTube Premium YouTube TV YouTube Music YouTube Kids 舉報記錄
========================================
20:06:46 [TestNG-test-Yt Master Tests-1] INFO  verifyingSideMenuLanguageAsInSettingsLingua_20-02-28 - getLangAttribute() - locating <html> and reading lang property
20:06:46 [TestNG-test-Yt Master Tests-1] INFO  verifyingSideMenuLanguageAsInSettingsLingua_20-02-28 - Language attribute read: zh-Hant-HK
20:06:46 [TestNG-test-Yt Master Tests-1] INFO  verifyingSideMenuLanguageAsInSettingsLingua_20-02-28 - [verifyingSideMenuLanguageAsInSettingsLingua_20-02-28] ApplicableLanguage==  中文 (香港)     Detected Language ==  CHINESE  Expected Language == CHINESE
20:06:46 [TestNG-test-Yt Master Tests-1] INFO  verifyingSideMenuLanguageAsInSettingsLingua_20-02-28 - Clicking settings ellipses button...
20:06:46 [TestNG-test-Yt Master Tests-1] INFO  verifyingSideMenuLanguageAsInSettingsLingua_20-02-28 - [verifyingSideMenuLanguageAsInSettingsLingua_20-02-28] Trying to find element: By.xpath: //ytd-topbar-menu-button-renderer[@class='style-scope ytd-masthead style-default']
20:06:47 [TestNG-test-Yt Master Tests-1] INFO  verifyingSideMenuLanguageAsInSettingsLingua_20-02-28 - [verifyingSideMenuLanguageAsInSettingsLingua_20-02-28] Element found and ready (attempt 1): By.xpath: //ytd-topbar-menu-button-renderer[@class='style-scope ytd-masthead style-default']
20:06:47 [TestNG-test-Yt Master Tests-1] INFO  verifyingSideMenuLanguageAsInSettingsLingua_20-02-28 - Clicking language dropdown...
20:06:47 [TestNG-test-Yt Master Tests-1] INFO  verifyingSideMenuLanguageAsInSettingsLingua_20-02-28 - [verifyingSideMenuLanguageAsInSettingsLingua_20-02-28] Trying to find element: By.xpath: (//div[@id='content-icon'])[2]
20:06:47 [TestNG-test-Yt Master Tests-1] INFO  verifyingSideMenuLanguageAsInSettingsLingua_20-02-28 - [verifyingSideMenuLanguageAsInSettingsLingua_20-02-28] Element found and ready (attempt 1): By.xpath: (//div[@id='content-icon'])[2]
20:06:47 [TestNG-test-Yt Master Tests-1] INFO  verifyingSideMenuLanguageAsInSettingsLingua_20-02-28 - Looking for language element with name: 日本語
20:06:47 [TestNG-test-Yt Master Tests-1] INFO  verifyingSideMenuLanguageAsInSettingsLingua_20-02-28 - [verifyingSideMenuLanguageAsInSettingsLingua_20-02-28] Trying to find element: By.xpath: //yt-multi-page-menu-section-renderer[@class='style-scope ytd-multi-page-menu-renderer']//yt-formatted-string[@id='label' and text()='日本語']
20:06:48 [TestNG-test-Yt Master Tests-1] INFO  verifyingSideMenuLanguageAsInSettingsLingua_20-02-28 - [verifyingSideMenuLanguageAsInSettingsLingua_20-02-28] Element found and ready (attempt 1): By.xpath: //yt-multi-page-menu-section-renderer[@class='style-scope ytd-multi-page-menu-renderer']//yt-formatted-string[@id='label' and text()='日本語']
20:06:48 [TestNG-test-Yt Master Tests-1] INFO  verifyingSideMenuLanguageAsInSettingsLingua_20-02-28 - [verifyingSideMenuLanguageAsInSettingsLingua_20-02-28] Trying to find element: By.xpath: //yt-multi-page-menu-section-renderer[@class='style-scope ytd-multi-page-menu-renderer']//yt-formatted-string[@id='label' and text()='日本語']
20:06:48 [TestNG-test-Yt Master Tests-1] INFO  verifyingSideMenuLanguageAsInSettingsLingua_20-02-28 - [verifyingSideMenuLanguageAsInSettingsLingua_20-02-28] Element found and ready (attempt 1): By.xpath: //yt-multi-page-menu-section-renderer[@class='style-scope ytd-multi-page-menu-renderer']//yt-formatted-string[@id='label' and text()='日本語']
20:06:49 [TestNG-test-Yt Master Tests-1] INFO  verifyingSideMenuLanguageAsInSettingsLingua_20-02-28 - Clicking settings ellipses button...
20:06:49 [TestNG-test-Yt Master Tests-1] INFO  verifyingSideMenuLanguageAsInSettingsLingua_20-02-28 - [verifyingSideMenuLanguageAsInSettingsLingua_20-02-28] Trying to find element: By.xpath: //ytd-topbar-menu-button-renderer[@class='style-scope ytd-masthead style-default']
20:06:50 [TestNG-test-Yt Master Tests-1] INFO  verifyingSideMenuLanguageAsInSettingsLingua_20-02-28 - [verifyingSideMenuLanguageAsInSettingsLingua_20-02-28] Element found and ready (attempt 1): By.xpath: //ytd-topbar-menu-button-renderer[@class='style-scope ytd-masthead style-default']
20:06:50 [TestNG-test-Yt Master Tests-1] INFO  verifyingSideMenuLanguageAsInSettingsLingua_20-02-28 - [verifyingSideMenuLanguageAsInSettingsLingua_20-02-28] Waiting until element is visible in viewport
20:06:50 [TestNG-test-Yt Master Tests-1] INFO  verifyingSideMenuLanguageAsInSettingsLingua_20-02-28 - Clicking settings ellipses button...
20:06:50 [TestNG-test-Yt Master Tests-1] INFO  verifyingSideMenuLanguageAsInSettingsLingua_20-02-28 - [verifyingSideMenuLanguageAsInSettingsLingua_20-02-28] Trying to find element: By.xpath: //ytd-topbar-menu-button-renderer[@class='style-scope ytd-masthead style-default']
20:06:50 [TestNG-test-Yt Master Tests-1] INFO  verifyingSideMenuLanguageAsInSettingsLingua_20-02-28 - [verifyingSideMenuLanguageAsInSettingsLingua_20-02-28] Element found and ready (attempt 1): By.xpath: //ytd-topbar-menu-button-renderer[@class='style-scope ytd-masthead style-default']
20:06:51 [TestNG-test-Yt Master Tests-1] INFO  verifyingSideMenuLanguageAsInSettingsLingua_20-02-28 - Fetching the side menu in expanded view
20:06:51 [TestNG-test-Yt Master Tests-1] INFO  verifyingSideMenuLanguageAsInSettingsLingua_20-02-28 - [verifyingSideMenuLanguageAsInSettingsLingua_20-02-28] Finding elements list: By.xpath: //ytd-guide-entry-renderer[@class='style-scope ytd-guide-section-renderer']
20:06:51 [TestNG-test-Yt Master Tests-1] INFO  verifyingSideMenuLanguageAsInSettingsLingua_20-02-28 - [verifyingSideMenuLanguageAsInSettingsLingua_20-02-28] Found 13 ready elements (attempt 1): By.xpath: //ytd-guide-entry-renderer[@class='style-scope ytd-guide-section-renderer']
20:06:51 [TestNG-test-Yt Master Tests-1] INFO  verifyingSideMenuLanguageAsInSettingsLingua_20-02-28 - 
========== LANGUAGE DETECTION ==========
Detected Language : JAPANESE
Input Text        : ホーム ショート 登録チャンネル マイページ 履歴 音楽 映画とテレビ番組 ライブ YouTube Premium YouTube TV YouTube Music YouTube Kids 報告履歴
========================================
20:06:51 [TestNG-test-Yt Master Tests-1] INFO  verifyingSideMenuLanguageAsInSettingsLingua_20-02-28 - getLangAttribute() - locating <html> and reading lang property
20:06:51 [TestNG-test-Yt Master Tests-1] INFO  verifyingSideMenuLanguageAsInSettingsLingua_20-02-28 - Language attribute read: ja-JP
20:06:51 [TestNG-test-Yt Master Tests-1] INFO  verifyingSideMenuLanguageAsInSettingsLingua_20-02-28 - [verifyingSideMenuLanguageAsInSettingsLingua_20-02-28] ApplicableLanguage==  日本語     Detected Language ==  JAPANESE  Expected Language == JAPANESE
20:06:51 [TestNG-test-Yt Master Tests-1] INFO  verifyingSideMenuLanguageAsInSettingsLingua_20-02-28 - Clicking settings ellipses button...
20:06:51 [TestNG-test-Yt Master Tests-1] INFO  verifyingSideMenuLanguageAsInSettingsLingua_20-02-28 - [verifyingSideMenuLanguageAsInSettingsLingua_20-02-28] Trying to find element: By.xpath: //ytd-topbar-menu-button-renderer[@class='style-scope ytd-masthead style-default']
20:06:51 [TestNG-test-Yt Master Tests-1] INFO  verifyingSideMenuLanguageAsInSettingsLingua_20-02-28 - [verifyingSideMenuLanguageAsInSettingsLingua_20-02-28] Element found and ready (attempt 1): By.xpath: //ytd-topbar-menu-button-renderer[@class='style-scope ytd-masthead style-default']
20:06:51 [TestNG-test-Yt Master Tests-1] INFO  verifyingSideMenuLanguageAsInSettingsLingua_20-02-28 - Clicking language dropdown...
20:06:51 [TestNG-test-Yt Master Tests-1] INFO  verifyingSideMenuLanguageAsInSettingsLingua_20-02-28 - [verifyingSideMenuLanguageAsInSettingsLingua_20-02-28] Trying to find element: By.xpath: (//div[@id='content-icon'])[2]
20:06:52 [TestNG-test-Yt Master Tests-1] INFO  verifyingSideMenuLanguageAsInSettingsLingua_20-02-28 - [verifyingSideMenuLanguageAsInSettingsLingua_20-02-28] Element found and ready (attempt 1): By.xpath: (//div[@id='content-icon'])[2]
20:06:52 [TestNG-test-Yt Master Tests-1] INFO  verifyingSideMenuLanguageAsInSettingsLingua_20-02-28 - Looking for language element with name: 한국어
20:06:52 [TestNG-test-Yt Master Tests-1] INFO  verifyingSideMenuLanguageAsInSettingsLingua_20-02-28 - [verifyingSideMenuLanguageAsInSettingsLingua_20-02-28] Trying to find element: By.xpath: //yt-multi-page-menu-section-renderer[@class='style-scope ytd-multi-page-menu-renderer']//yt-formatted-string[@id='label' and text()='한국어']
20:06:52 [TestNG-test-Yt Master Tests-1] INFO  verifyingSideMenuLanguageAsInSettingsLingua_20-02-28 - [verifyingSideMenuLanguageAsInSettingsLingua_20-02-28] Element found and ready (attempt 1): By.xpath: //yt-multi-page-menu-section-renderer[@class='style-scope ytd-multi-page-menu-renderer']//yt-formatted-string[@id='label' and text()='한국어']
20:06:52 [TestNG-test-Yt Master Tests-1] INFO  verifyingSideMenuLanguageAsInSettingsLingua_20-02-28 - [verifyingSideMenuLanguageAsInSettingsLingua_20-02-28] Trying to find element: By.xpath: //yt-multi-page-menu-section-renderer[@class='style-scope ytd-multi-page-menu-renderer']//yt-formatted-string[@id='label' and text()='한국어']
20:06:52 [TestNG-test-Yt Master Tests-1] INFO  verifyingSideMenuLanguageAsInSettingsLingua_20-02-28 - [verifyingSideMenuLanguageAsInSettingsLingua_20-02-28] Element found and ready (attempt 1): By.xpath: //yt-multi-page-menu-section-renderer[@class='style-scope ytd-multi-page-menu-renderer']//yt-formatted-string[@id='label' and text()='한국어']
20:06:53 [TestNG-test-Yt Master Tests-1] INFO  verifyingSideMenuLanguageAsInSettingsLingua_20-02-28 - Clicking settings ellipses button...
20:06:54 [TestNG-test-Yt Master Tests-1] INFO  verifyingSideMenuLanguageAsInSettingsLingua_20-02-28 - [verifyingSideMenuLanguageAsInSettingsLingua_20-02-28] Trying to find element: By.xpath: //ytd-topbar-menu-button-renderer[@class='style-scope ytd-masthead style-default']
20:06:54 [TestNG-test-Yt Master Tests-1] INFO  verifyingSideMenuLanguageAsInSettingsLingua_20-02-28 - [verifyingSideMenuLanguageAsInSettingsLingua_20-02-28] Element found and ready (attempt 1): By.xpath: //ytd-topbar-menu-button-renderer[@class='style-scope ytd-masthead style-default']
20:06:54 [TestNG-test-Yt Master Tests-1] INFO  verifyingSideMenuLanguageAsInSettingsLingua_20-02-28 - [verifyingSideMenuLanguageAsInSettingsLingua_20-02-28] Waiting until element is visible in viewport
20:06:55 [TestNG-test-Yt Master Tests-1] INFO  verifyingSideMenuLanguageAsInSettingsLingua_20-02-28 - Clicking settings ellipses button...
20:06:55 [TestNG-test-Yt Master Tests-1] INFO  verifyingSideMenuLanguageAsInSettingsLingua_20-02-28 - [verifyingSideMenuLanguageAsInSettingsLingua_20-02-28] Trying to find element: By.xpath: //ytd-topbar-menu-button-renderer[@class='style-scope ytd-masthead style-default']
20:06:55 [TestNG-test-Yt Master Tests-1] INFO  verifyingSideMenuLanguageAsInSettingsLingua_20-02-28 - [verifyingSideMenuLanguageAsInSettingsLingua_20-02-28] Element found and ready (attempt 1): By.xpath: //ytd-topbar-menu-button-renderer[@class='style-scope ytd-masthead style-default']
20:06:55 [TestNG-test-Yt Master Tests-1] INFO  verifyingSideMenuLanguageAsInSettingsLingua_20-02-28 - Fetching the side menu in expanded view
20:06:55 [TestNG-test-Yt Master Tests-1] INFO  verifyingSideMenuLanguageAsInSettingsLingua_20-02-28 - [verifyingSideMenuLanguageAsInSettingsLingua_20-02-28] Finding elements list: By.xpath: //ytd-guide-entry-renderer[@class='style-scope ytd-guide-section-renderer']
20:06:55 [TestNG-test-Yt Master Tests-1] INFO  verifyingSideMenuLanguageAsInSettingsLingua_20-02-28 - [verifyingSideMenuLanguageAsInSettingsLingua_20-02-28] Found 13 ready elements (attempt 1): By.xpath: //ytd-guide-entry-renderer[@class='style-scope ytd-guide-section-renderer']
20:06:55 [TestNG-test-Yt Master Tests-1] INFO  verifyingSideMenuLanguageAsInSettingsLingua_20-02-28 - 
========== LANGUAGE DETECTION ==========
Detected Language : KOREAN
Input Text        : 홈 Shorts 구독 내 페이지 기록 음악 영화 및 TV 라이브 YouTube Premium YouTube TV YouTube Music YouTube Kids 신고 기록
========================================
20:06:55 [TestNG-test-Yt Master Tests-1] INFO  verifyingSideMenuLanguageAsInSettingsLingua_20-02-28 - getLangAttribute() - locating <html> and reading lang property
20:06:55 [TestNG-test-Yt Master Tests-1] INFO  verifyingSideMenuLanguageAsInSettingsLingua_20-02-28 - Language attribute read: ko-KR
20:06:55 [TestNG-test-Yt Master Tests-1] INFO  verifyingSideMenuLanguageAsInSettingsLingua_20-02-28 - [verifyingSideMenuLanguageAsInSettingsLingua_20-02-28] ApplicableLanguage==  한국어     Detected Language ==  KOREAN  Expected Language == KOREAN
20:06:55 [TestNG-test-Yt Master Tests-1] INFO  verifyingSideMenuLanguageAsInSettingsLingua_20-02-28 - Clicking settings ellipses button...
20:06:55 [TestNG-test-Yt Master Tests-1] INFO  verifyingSideMenuLanguageAsInSettingsLingua_20-02-28 - [verifyingSideMenuLanguageAsInSettingsLingua_20-02-28] Trying to find element: By.xpath: //ytd-topbar-menu-button-renderer[@class='style-scope ytd-masthead style-default']
20:06:55 [TestNG-test-Yt Master Tests-1] INFO  verifyingSideMenuLanguageAsInSettingsLingua_20-02-28 - [verifyingSideMenuLanguageAsInSettingsLingua_20-02-28] Element found and ready (attempt 1): By.xpath: //ytd-topbar-menu-button-renderer[@class='style-scope ytd-masthead style-default']
20:06:56 [TestNG-test-Yt Master Tests-1] INFO  verifyingSideMenuLanguageAsInSettingsLingua_20-02-28 - Clicking language dropdown...
20:06:56 [TestNG-test-Yt Master Tests-1] INFO  verifyingSideMenuLanguageAsInSettingsLingua_20-02-28 - [verifyingSideMenuLanguageAsInSettingsLingua_20-02-28] Trying to find element: By.xpath: (//div[@id='content-icon'])[2]
20:06:56 [TestNG-test-Yt Master Tests-1] INFO  verifyingSideMenuLanguageAsInSettingsLingua_20-02-28 - [verifyingSideMenuLanguageAsInSettingsLingua_20-02-28] Element found and ready (attempt 1): By.xpath: (//div[@id='content-icon'])[2]
20:06:56 [TestNG-test-Yt Master Tests-1] INFO  verifyingSideMenuLanguageAsInSettingsLingua_20-02-28 - [verifyingSideMenuLanguageAsInSettingsLingua_20-02-28] Not retrying test 'verifyingSideMenuLanguageAsInSettingsLingua'. Retry count: 0, Cause: The following asserts failed:
	Page title mismatch for language=Afrikaans expected [AFRIKAANS] but found [DUTCH],
	Page title mismatch for language=Bahasa Indonesia expected [INDONESIAN] but found [ENGLISH],
	Page title mismatch for language=Bosanski expected [CROATIAN] but found [BOSNIAN],
	Page title mismatch for language=Español (España) expected [SPANISH] but found [PORTUGUESE],
	Page title mismatch for language=Español (Latinoamérica) expected [SPANISH] but found [PORTUGUESE],
	Page title mismatch for language=Español (US) expected [SPANISH] but found [PORTUGUESE],
	Page title mismatch for language=Svenska expected [SWEDISH] but found [ENGLISH]
