2026-02-26 18:32:58.127 [TestNG-test-Yt Master Tests-2] INFO  [verifyingGlobalFilterLandingPage] ===== STARTING TEST: verifyingGlobalFilterLandingPage  | Thread: 35 =====
2026-02-26 18:32:58.153 [TestNG-test-Yt Master Tests-2] INFO  [verifyingGlobalFilterLandingPage] No existing WebDriver found for current thread. Initializing a new ChromeDriver...
2026-02-26 18:32:58.155 [TestNG-test-Yt Master Tests-2] INFO  [verifyingGlobalFilterLandingPage] Loaded config from classpath: masterdata.properties
2026-02-26 18:33:00.037 [TestNG-test-Yt Master Tests-2] INFO  [verifyingGlobalFilterLandingPage] WebDriverManager: chromedriver setup OK
2026-02-26 18:33:19.935 [TestNG-test-Yt Master Tests-2] INFO  [verifyingGlobalFilterLandingPage] ChromeDriver initialized successfully for thread: 35
2026-02-26 18:33:19.936 [TestNG-test-Yt Master Tests-2] INFO  [verifyingGlobalFilterLandingPage] Driver initialized successfully for test: verifyingGlobalFilterLandingPage
2026-02-26 18:33:20.121 [TestNG-test-Yt Master Tests-2] INFO  [verifyingGlobalFilterLandingPage] SafeActions initialized with driver ChromeDriver: chrome on windows (2ea20dc88e7a9114ed946c3cb12be274)
2026-02-26 18:33:20.123 [TestNG-test-Yt Master Tests-2] INFO  [verifyingGlobalFilterLandingPage] SafeActions initialized with driver ChromeDriver: chrome on windows (2ea20dc88e7a9114ed946c3cb12be274)
2026-02-26 18:33:20.124 [TestNG-test-Yt Master Tests-2] INFO  [verifyingGlobalFilterLandingPage] Initialized YtLandingPage with driver: ChromeDriver: chrome on windows (2ea20dc88e7a9114ed946c3cb12be274)
2026-02-26 18:33:31.642 [TestNG-test-Yt Master Tests-2] INFO  [verifyingGlobalFilterLandingPage] Opened YouTube landing page.
2026-02-26 18:33:31.643 [TestNG-test-Yt Master Tests-2] INFO  [verifyingGlobalFilterLandingPage] Giving input into the search bar with input as  = youtube
2026-02-26 18:33:31.643 [TestNG-test-Yt Master Tests-2] INFO  [verifyingGlobalFilterLandingPage] [verifyingGlobalFilterLandingPage] Trying to click element: By.xpath: //input[@class='ytSearchboxComponentInput yt-searchbox-input title']
2026-02-26 18:33:33.243 [TestNG-test-Yt Master Tests-2] INFO  [verifyingGlobalFilterLandingPage] [verifyingGlobalFilterLandingPage] Clicked successfully (attempt 1): By.xpath: //input[@class='ytSearchboxComponentInput yt-searchbox-input title']
2026-02-26 18:33:33.243 [TestNG-test-Yt Master Tests-2] INFO  [verifyingGlobalFilterLandingPage] [verifyingGlobalFilterLandingPage] Trying to find element: By.xpath: //input[@class='ytSearchboxComponentInput yt-searchbox-input title']
2026-02-26 18:33:33.587 [TestNG-test-Yt Master Tests-2] INFO  [verifyingGlobalFilterLandingPage] [verifyingGlobalFilterLandingPage] Element found and ready (attempt 1): By.xpath: //input[@class='ytSearchboxComponentInput yt-searchbox-input title']
2026-02-26 18:33:33.681 [TestNG-test-Yt Master Tests-2] INFO  [verifyingGlobalFilterLandingPage] clickEnter(By.xpath: //input[@class='ytSearchboxComponentInput yt-searchbox-input title'])
2026-02-26 18:33:33.682 [TestNG-test-Yt Master Tests-2] INFO  [verifyingGlobalFilterLandingPage] [verifyingGlobalFilterLandingPage] Trying to find element: By.xpath: //input[@class='ytSearchboxComponentInput yt-searchbox-input title']
2026-02-26 18:33:34.108 [TestNG-test-Yt Master Tests-2] INFO  [verifyingGlobalFilterLandingPage] [verifyingGlobalFilterLandingPage] Element found and ready (attempt 1): By.xpath: //input[@class='ytSearchboxComponentInput yt-searchbox-input title']
2026-02-26 18:33:34.299 [TestNG-test-Yt Master Tests-2] INFO  [verifyingGlobalFilterLandingPage] Sent ENTER to By.xpath: //input[@class='ytSearchboxComponentInput yt-searchbox-input title']
2026-02-26 18:33:34.300 [TestNG-test-Yt Master Tests-2] INFO  [verifyingGlobalFilterLandingPage] [verifyingGlobalFilterLandingPage] Execution is scheduled type /CRON Job on CI Hence refering to CI keys from UtilData
2026-02-26 18:33:34.300 [TestNG-test-Yt Master Tests-2] INFO  [verifyingGlobalFilterLandingPage] Clicking settings ellipses button...
2026-02-26 18:33:34.301 [TestNG-test-Yt Master Tests-2] INFO  [verifyingGlobalFilterLandingPage] [verifyingGlobalFilterLandingPage] Trying to find element: By.xpath: //ytd-topbar-menu-button-renderer[@class='style-scope ytd-masthead style-default']
2026-02-26 18:33:34.431 [TestNG-test-Yt Master Tests-2] INFO  [verifyingGlobalFilterLandingPage] [verifyingGlobalFilterLandingPage] Element found and ready (attempt 1): By.xpath: //ytd-topbar-menu-button-renderer[@class='style-scope ytd-masthead style-default']
2026-02-26 18:33:34.610 [TestNG-test-Yt Master Tests-2] INFO  [verifyingGlobalFilterLandingPage] Clicking language dropdown...
2026-02-26 18:33:34.612 [TestNG-test-Yt Master Tests-2] INFO  [verifyingGlobalFilterLandingPage] [verifyingGlobalFilterLandingPage] Trying to find element: By.xpath: (//div[@id='content-icon'])[2]
2026-02-26 18:33:35.282 [TestNG-test-Yt Master Tests-2] INFO  [verifyingGlobalFilterLandingPage] [verifyingGlobalFilterLandingPage] Element found and ready (attempt 1): By.xpath: (//div[@id='content-icon'])[2]
2026-02-26 18:33:37.839 [TestNG-test-Yt Master Tests-2] INFO  [verifyingGlobalFilterLandingPage] [verifyingGlobalFilterLandingPage] Trying to find element: By.xpath: //yt-multi-page-menu-section-renderer[@class='style-scope ytd-multi-page-menu-renderer']//yt-formatted-string[@id='label' and text()='Afrikaans']
2026-02-26 18:33:40.435 [TestNG-test-Yt Master Tests-2] INFO  [verifyingGlobalFilterLandingPage] [verifyingGlobalFilterLandingPage] Element found and ready (attempt 1): By.xpath: //yt-multi-page-menu-section-renderer[@class='style-scope ytd-multi-page-menu-renderer']//yt-formatted-string[@id='label' and text()='Afrikaans']
2026-02-26 18:33:40.436 [TestNG-test-Yt Master Tests-2] INFO  [verifyingGlobalFilterLandingPage] Looking for language element with name: Afrikaans
2026-02-26 18:33:40.436 [TestNG-test-Yt Master Tests-2] INFO  [verifyingGlobalFilterLandingPage] [verifyingGlobalFilterLandingPage] Within smoothScrollToElement method
2026-02-26 18:33:40.436 [TestNG-test-Yt Master Tests-2] INFO  [verifyingGlobalFilterLandingPage] SafeActions initialized with driver ChromeDriver: chrome on windows (2ea20dc88e7a9114ed946c3cb12be274)
2026-02-26 18:33:40.436 [TestNG-test-Yt Master Tests-2] INFO  [verifyingGlobalFilterLandingPage] [verifyingGlobalFilterLandingPage] Trying to find element: By.xpath: //yt-multi-page-menu-section-renderer[@class='style-scope ytd-multi-page-menu-renderer']//yt-formatted-string[@id='label' and text()='Afrikaans']
2026-02-26 18:33:40.540 [TestNG-test-Yt Master Tests-2] INFO  [verifyingGlobalFilterLandingPage] [verifyingGlobalFilterLandingPage] Element found and ready (attempt 1): By.xpath: //yt-multi-page-menu-section-renderer[@class='style-scope ytd-multi-page-menu-renderer']//yt-formatted-string[@id='label' and text()='Afrikaans']
2026-02-26 18:33:40.574 [TestNG-test-Yt Master Tests-2] INFO  [verifyingGlobalFilterLandingPage] [verifyingGlobalFilterLandingPage] Successfully scrolled to element: By.xpath: //yt-multi-page-menu-section-renderer[@class='style-scope ytd-multi-page-menu-renderer']//yt-formatted-string[@id='label' and text()='Afrikaans']
2026-02-26 18:33:40.574 [TestNG-test-Yt Master Tests-2] INFO  [verifyingGlobalFilterLandingPage] Looking for language element with name: Afrikaans
2026-02-26 18:33:40.575 [TestNG-test-Yt Master Tests-2] INFO  [verifyingGlobalFilterLandingPage] [verifyingGlobalFilterLandingPage] Trying to find element: By.xpath: //yt-multi-page-menu-section-renderer[@class='style-scope ytd-multi-page-menu-renderer']//yt-formatted-string[@id='label' and text()='Afrikaans']
2026-02-26 18:33:40.653 [TestNG-test-Yt Master Tests-2] INFO  [verifyingGlobalFilterLandingPage] [verifyingGlobalFilterLandingPage] Element found and ready (attempt 1): By.xpath: //yt-multi-page-menu-section-renderer[@class='style-scope ytd-multi-page-menu-renderer']//yt-formatted-string[@id='label' and text()='Afrikaans']
2026-02-26 18:33:42.832 [TestNG-test-Yt Master Tests-2] INFO  [verifyingGlobalFilterLandingPage] Clicking settings ellipses button...
2026-02-26 18:33:42.833 [TestNG-test-Yt Master Tests-2] INFO  [verifyingGlobalFilterLandingPage] [verifyingGlobalFilterLandingPage] Trying to find element: By.xpath: //ytd-topbar-menu-button-renderer[@class='style-scope ytd-masthead style-default']
2026-02-26 18:33:44.830 [TestNG-test-Yt Master Tests-2] INFO  [verifyingGlobalFilterLandingPage] [verifyingGlobalFilterLandingPage] Element found and ready (attempt 1): By.xpath: //ytd-topbar-menu-button-renderer[@class='style-scope ytd-masthead style-default']
2026-02-26 18:33:44.961 [TestNG-test-Yt Master Tests-2] INFO  [verifyingGlobalFilterLandingPage] [verifyingGlobalFilterLandingPage] Waiting until element is visible in viewport
2026-02-26 18:33:45.206 [TestNG-test-Yt Master Tests-2] INFO  [verifyingGlobalFilterLandingPage] [verifyingGlobalFilterLandingPage] Capturing screenshot: Filter Applied is Afrikaans__2026-02-26_183345.jpg
2026-02-26 18:33:45.524 [TestNG-test-Yt Master Tests-2] INFO  [verifyingGlobalFilterLandingPage] [verifyingGlobalFilterLandingPage] Screenshot saved at: test-output/screenshots/Run_2026-02-26_18-32-27/verifyingGlobalFilterLandingPage/Filter Applied is Afrikaans__2026-02-26_183345.jpg
2026-02-26 18:33:45.525 [TestNG-test-Yt Master Tests-2] INFO  [verifyingGlobalFilterLandingPage] Clicking settings ellipses button...
2026-02-26 18:33:45.525 [TestNG-test-Yt Master Tests-2] INFO  [verifyingGlobalFilterLandingPage] [verifyingGlobalFilterLandingPage] Trying to find element: By.xpath: //ytd-topbar-menu-button-renderer[@class='style-scope ytd-masthead style-default']
2026-02-26 18:33:45.591 [TestNG-test-Yt Master Tests-2] INFO  [verifyingGlobalFilterLandingPage] [verifyingGlobalFilterLandingPage] Element found and ready (attempt 1): By.xpath: //ytd-topbar-menu-button-renderer[@class='style-scope ytd-masthead style-default']
2026-02-26 18:33:45.662 [TestNG-test-Yt Master Tests-2] INFO  [verifyingGlobalFilterLandingPage] Clicking on global filter button in landing page..
2026-02-26 18:33:45.662 [TestNG-test-Yt Master Tests-2] INFO  [verifyingGlobalFilterLandingPage] [verifyingGlobalFilterLandingPage] Trying to click element: By.xpath: //div[@id='filter-button']
2026-02-26 18:33:45.937 [TestNG-test-Yt Master Tests-2] INFO  [verifyingGlobalFilterLandingPage] [verifyingGlobalFilterLandingPage] Clicked successfully (attempt 1): By.xpath: //div[@id='filter-button']
2026-02-26 18:33:45.938 [TestNG-test-Yt Master Tests-2] INFO  [verifyingGlobalFilterLandingPage] [verifyingGlobalFilterLandingPage] Waiting until element is visible in viewport
2026-02-26 18:33:45.972 [TestNG-test-Yt Master Tests-2] INFO  [verifyingGlobalFilterLandingPage] [verifyingGlobalFilterLandingPage] Capturing screenshot: Filter Applied is Afrikaans__2026-02-26_183345.jpg
2026-02-26 18:33:46.206 [TestNG-test-Yt Master Tests-2] INFO  [verifyingGlobalFilterLandingPage] [verifyingGlobalFilterLandingPage] Screenshot saved at: test-output/screenshots/Run_2026-02-26_18-32-27/verifyingGlobalFilterLandingPage/Filter Applied is Afrikaans__2026-02-26_183345.jpg
2026-02-26 18:33:46.207 [TestNG-test-Yt Master Tests-2] INFO  [verifyingGlobalFilterLandingPage] Fetching the data from the global filter in landing page
2026-02-26 18:33:46.207 [TestNG-test-Yt Master Tests-2] INFO  [verifyingGlobalFilterLandingPage] [verifyingGlobalFilterLandingPage] Trying to find element: By.xpath: //ytd-search-filter-options-dialog-renderer[@class='style-scope ytd-popup-container']
2026-02-26 18:33:46.297 [TestNG-test-Yt Master Tests-2] INFO  [verifyingGlobalFilterLandingPage] [verifyingGlobalFilterLandingPage] Element found and ready (attempt 1): By.xpath: //ytd-search-filter-options-dialog-renderer[@class='style-scope ytd-popup-container']
2026-02-26 18:33:46.354 [TestNG-test-Yt Master Tests-2] INFO  [verifyingGlobalFilterLandingPage] Closing the global filter pop-up in landing page..
2026-02-26 18:33:46.354 [TestNG-test-Yt Master Tests-2] INFO  [verifyingGlobalFilterLandingPage] [verifyingGlobalFilterLandingPage] Trying to find element: By.xpath: //yt-icon[@icon='close']
2026-02-26 18:33:46.426 [TestNG-test-Yt Master Tests-2] INFO  [verifyingGlobalFilterLandingPage] [verifyingGlobalFilterLandingPage] Element found and ready (attempt 1): By.xpath: //yt-icon[@icon='close']
2026-02-26 18:33:46.501 [TestNG-test-Yt Master Tests-2] INFO  [verifyingGlobalFilterLandingPage] Clicking settings ellipses button...
2026-02-26 18:33:46.501 [TestNG-test-Yt Master Tests-2] INFO  [verifyingGlobalFilterLandingPage] [verifyingGlobalFilterLandingPage] Trying to find element: By.xpath: //ytd-topbar-menu-button-renderer[@class='style-scope ytd-masthead style-default']
2026-02-26 18:33:46.594 [TestNG-test-Yt Master Tests-2] INFO  [verifyingGlobalFilterLandingPage] [verifyingGlobalFilterLandingPage] Element found and ready (attempt 1): By.xpath: //ytd-topbar-menu-button-renderer[@class='style-scope ytd-masthead style-default']
2026-02-26 18:33:46.684 [TestNG-test-Yt Master Tests-2] INFO  [verifyingGlobalFilterLandingPage] Clicking language dropdown...
2026-02-26 18:33:46.684 [TestNG-test-Yt Master Tests-2] INFO  [verifyingGlobalFilterLandingPage] [verifyingGlobalFilterLandingPage] Trying to find element: By.xpath: (//div[@id='content-icon'])[2]
2026-02-26 18:33:47.416 [TestNG-test-Yt Master Tests-2] INFO  [verifyingGlobalFilterLandingPage] [verifyingGlobalFilterLandingPage] Element found and ready (attempt 1): By.xpath: (//div[@id='content-icon'])[2]
2026-02-26 18:33:47.879 [TestNG-test-Yt Master Tests-2] INFO  [verifyingGlobalFilterLandingPage] [verifyingGlobalFilterLandingPage] Trying to find element: By.xpath: //yt-multi-page-menu-section-renderer[@class='style-scope ytd-multi-page-menu-renderer']//yt-formatted-string[@id='label' and text()='Azərbaycan']
2026-02-26 18:33:48.007 [TestNG-test-Yt Master Tests-2] INFO  [verifyingGlobalFilterLandingPage] [verifyingGlobalFilterLandingPage] Element found and ready (attempt 1): By.xpath: //yt-multi-page-menu-section-renderer[@class='style-scope ytd-multi-page-menu-renderer']//yt-formatted-string[@id='label' and text()='Azərbaycan']
2026-02-26 18:33:48.008 [TestNG-test-Yt Master Tests-2] INFO  [verifyingGlobalFilterLandingPage] Looking for language element with name: Azərbaycan
2026-02-26 18:33:48.008 [TestNG-test-Yt Master Tests-2] INFO  [verifyingGlobalFilterLandingPage] [verifyingGlobalFilterLandingPage] Within smoothScrollToElement method
2026-02-26 18:33:48.008 [TestNG-test-Yt Master Tests-2] INFO  [verifyingGlobalFilterLandingPage] SafeActions initialized with driver ChromeDriver: chrome on windows (2ea20dc88e7a9114ed946c3cb12be274)
2026-02-26 18:33:48.008 [TestNG-test-Yt Master Tests-2] INFO  [verifyingGlobalFilterLandingPage] [verifyingGlobalFilterLandingPage] Trying to find element: By.xpath: //yt-multi-page-menu-section-renderer[@class='style-scope ytd-multi-page-menu-renderer']//yt-formatted-string[@id='label' and text()='Azərbaycan']
2026-02-26 18:33:48.091 [TestNG-test-Yt Master Tests-2] INFO  [verifyingGlobalFilterLandingPage] [verifyingGlobalFilterLandingPage] Element found and ready (attempt 1): By.xpath: //yt-multi-page-menu-section-renderer[@class='style-scope ytd-multi-page-menu-renderer']//yt-formatted-string[@id='label' and text()='Azərbaycan']
2026-02-26 18:33:48.116 [TestNG-test-Yt Master Tests-2] INFO  [verifyingGlobalFilterLandingPage] [verifyingGlobalFilterLandingPage] Successfully scrolled to element: By.xpath: //yt-multi-page-menu-section-renderer[@class='style-scope ytd-multi-page-menu-renderer']//yt-formatted-string[@id='label' and text()='Azərbaycan']
2026-02-26 18:33:48.116 [TestNG-test-Yt Master Tests-2] INFO  [verifyingGlobalFilterLandingPage] Looking for language element with name: Azərbaycan
2026-02-26 18:33:48.117 [TestNG-test-Yt Master Tests-2] INFO  [verifyingGlobalFilterLandingPage] [verifyingGlobalFilterLandingPage] Trying to find element: By.xpath: //yt-multi-page-menu-section-renderer[@class='style-scope ytd-multi-page-menu-renderer']//yt-formatted-string[@id='label' and text()='Azərbaycan']
2026-02-26 18:33:48.219 [TestNG-test-Yt Master Tests-2] INFO  [verifyingGlobalFilterLandingPage] [verifyingGlobalFilterLandingPage] Element found and ready (attempt 1): By.xpath: //yt-multi-page-menu-section-renderer[@class='style-scope ytd-multi-page-menu-renderer']//yt-formatted-string[@id='label' and text()='Azərbaycan']
2026-02-26 18:33:51.020 [TestNG-test-Yt Master Tests-2] INFO  [verifyingGlobalFilterLandingPage] Clicking settings ellipses button...
2026-02-26 18:33:51.020 [TestNG-test-Yt Master Tests-2] INFO  [verifyingGlobalFilterLandingPage] [verifyingGlobalFilterLandingPage] Trying to find element: By.xpath: //ytd-topbar-menu-button-renderer[@class='style-scope ytd-masthead style-default']
2026-02-26 18:33:52.604 [TestNG-test-Yt Master Tests-2] INFO  [verifyingGlobalFilterLandingPage] [verifyingGlobalFilterLandingPage] Element found and ready (attempt 1): By.xpath: //ytd-topbar-menu-button-renderer[@class='style-scope ytd-masthead style-default']
2026-02-26 18:33:52.823 [TestNG-test-Yt Master Tests-2] INFO  [verifyingGlobalFilterLandingPage] [verifyingGlobalFilterLandingPage] Waiting until element is visible in viewport
2026-02-26 18:33:52.956 [TestNG-test-Yt Master Tests-2] INFO  [verifyingGlobalFilterLandingPage] [verifyingGlobalFilterLandingPage] Capturing screenshot: Filter Applied is Azərbaycan__2026-02-26_183352.jpg
2026-02-26 18:33:53.230 [TestNG-test-Yt Master Tests-2] INFO  [verifyingGlobalFilterLandingPage] [verifyingGlobalFilterLandingPage] Screenshot saved at: test-output/screenshots/Run_2026-02-26_18-32-27/verifyingGlobalFilterLandingPage/Filter Applied is Azərbaycan__2026-02-26_183352.jpg
2026-02-26 18:33:53.231 [TestNG-test-Yt Master Tests-2] INFO  [verifyingGlobalFilterLandingPage] Clicking settings ellipses button...
2026-02-26 18:33:53.232 [TestNG-test-Yt Master Tests-2] INFO  [verifyingGlobalFilterLandingPage] [verifyingGlobalFilterLandingPage] Trying to find element: By.xpath: //ytd-topbar-menu-button-renderer[@class='style-scope ytd-masthead style-default']
2026-02-26 18:33:53.293 [TestNG-test-Yt Master Tests-2] INFO  [verifyingGlobalFilterLandingPage] [verifyingGlobalFilterLandingPage] Element found and ready (attempt 1): By.xpath: //ytd-topbar-menu-button-renderer[@class='style-scope ytd-masthead style-default']
2026-02-26 18:33:53.364 [TestNG-test-Yt Master Tests-2] INFO  [verifyingGlobalFilterLandingPage] Clicking on global filter button in landing page..
2026-02-26 18:33:53.365 [TestNG-test-Yt Master Tests-2] INFO  [verifyingGlobalFilterLandingPage] [verifyingGlobalFilterLandingPage] Trying to click element: By.xpath: //div[@id='filter-button']
2026-02-26 18:33:53.593 [TestNG-test-Yt Master Tests-2] INFO  [verifyingGlobalFilterLandingPage] [verifyingGlobalFilterLandingPage] Clicked successfully (attempt 1): By.xpath: //div[@id='filter-button']
2026-02-26 18:33:53.594 [TestNG-test-Yt Master Tests-2] INFO  [verifyingGlobalFilterLandingPage] [verifyingGlobalFilterLandingPage] Waiting until element is visible in viewport
2026-02-26 18:33:53.632 [TestNG-test-Yt Master Tests-2] INFO  [verifyingGlobalFilterLandingPage] [verifyingGlobalFilterLandingPage] Capturing screenshot: Filter Applied is Azərbaycan__2026-02-26_183353.jpg
2026-02-26 18:33:53.837 [TestNG-test-Yt Master Tests-2] INFO  [verifyingGlobalFilterLandingPage] [verifyingGlobalFilterLandingPage] Screenshot saved at: test-output/screenshots/Run_2026-02-26_18-32-27/verifyingGlobalFilterLandingPage/Filter Applied is Azərbaycan__2026-02-26_183353.jpg
2026-02-26 18:33:53.839 [TestNG-test-Yt Master Tests-2] INFO  [verifyingGlobalFilterLandingPage] Fetching the data from the global filter in landing page
2026-02-26 18:33:53.840 [TestNG-test-Yt Master Tests-2] INFO  [verifyingGlobalFilterLandingPage] [verifyingGlobalFilterLandingPage] Trying to find element: By.xpath: //ytd-search-filter-options-dialog-renderer[@class='style-scope ytd-popup-container']
2026-02-26 18:33:53.917 [TestNG-test-Yt Master Tests-2] INFO  [verifyingGlobalFilterLandingPage] [verifyingGlobalFilterLandingPage] Element found and ready (attempt 1): By.xpath: //ytd-search-filter-options-dialog-renderer[@class='style-scope ytd-popup-container']
2026-02-26 18:33:53.953 [TestNG-test-Yt Master Tests-2] INFO  [verifyingGlobalFilterLandingPage] Closing the global filter pop-up in landing page..
2026-02-26 18:33:53.954 [TestNG-test-Yt Master Tests-2] INFO  [verifyingGlobalFilterLandingPage] [verifyingGlobalFilterLandingPage] Trying to find element: By.xpath: //yt-icon[@icon='close']
2026-02-26 18:33:54.039 [TestNG-test-Yt Master Tests-2] INFO  [verifyingGlobalFilterLandingPage] [verifyingGlobalFilterLandingPage] Element found and ready (attempt 1): By.xpath: //yt-icon[@icon='close']
2026-02-26 18:33:54.114 [TestNG-test-Yt Master Tests-2] INFO  [verifyingGlobalFilterLandingPage] Clicking settings ellipses button...
2026-02-26 18:33:54.114 [TestNG-test-Yt Master Tests-2] INFO  [verifyingGlobalFilterLandingPage] [verifyingGlobalFilterLandingPage] Trying to find element: By.xpath: //ytd-topbar-menu-button-renderer[@class='style-scope ytd-masthead style-default']
2026-02-26 18:33:54.197 [TestNG-test-Yt Master Tests-2] INFO  [verifyingGlobalFilterLandingPage] [verifyingGlobalFilterLandingPage] Element found and ready (attempt 1): By.xpath: //ytd-topbar-menu-button-renderer[@class='style-scope ytd-masthead style-default']
2026-02-26 18:33:54.283 [TestNG-test-Yt Master Tests-2] INFO  [verifyingGlobalFilterLandingPage] Clicking language dropdown...
2026-02-26 18:33:54.285 [TestNG-test-Yt Master Tests-2] INFO  [verifyingGlobalFilterLandingPage] [verifyingGlobalFilterLandingPage] Trying to find element: By.xpath: (//div[@id='content-icon'])[2]
2026-02-26 18:33:54.972 [TestNG-test-Yt Master Tests-2] INFO  [verifyingGlobalFilterLandingPage] [verifyingGlobalFilterLandingPage] Element found and ready (attempt 1): By.xpath: (//div[@id='content-icon'])[2]
2026-02-26 18:33:55.454 [TestNG-test-Yt Master Tests-2] INFO  [verifyingGlobalFilterLandingPage] [verifyingGlobalFilterLandingPage] Trying to find element: By.xpath: //yt-multi-page-menu-section-renderer[@class='style-scope ytd-multi-page-menu-renderer']//yt-formatted-string[@id='label' and text()='Bahasa Indonesia']
2026-02-26 18:33:55.661 [TestNG-test-Yt Master Tests-2] INFO  [verifyingGlobalFilterLandingPage] [verifyingGlobalFilterLandingPage] Element found and ready (attempt 1): By.xpath: //yt-multi-page-menu-section-renderer[@class='style-scope ytd-multi-page-menu-renderer']//yt-formatted-string[@id='label' and text()='Bahasa Indonesia']
2026-02-26 18:33:55.661 [TestNG-test-Yt Master Tests-2] INFO  [verifyingGlobalFilterLandingPage] Looking for language element with name: Bahasa Indonesia
2026-02-26 18:33:55.661 [TestNG-test-Yt Master Tests-2] INFO  [verifyingGlobalFilterLandingPage] [verifyingGlobalFilterLandingPage] Within smoothScrollToElement method
2026-02-26 18:33:55.662 [TestNG-test-Yt Master Tests-2] INFO  [verifyingGlobalFilterLandingPage] SafeActions initialized with driver ChromeDriver: chrome on windows (2ea20dc88e7a9114ed946c3cb12be274)
2026-02-26 18:33:55.662 [TestNG-test-Yt Master Tests-2] INFO  [verifyingGlobalFilterLandingPage] [verifyingGlobalFilterLandingPage] Trying to find element: By.xpath: //yt-multi-page-menu-section-renderer[@class='style-scope ytd-multi-page-menu-renderer']//yt-formatted-string[@id='label' and text()='Bahasa Indonesia']
2026-02-26 18:33:55.723 [TestNG-test-Yt Master Tests-2] INFO  [verifyingGlobalFilterLandingPage] [verifyingGlobalFilterLandingPage] Element found and ready (attempt 1): By.xpath: //yt-multi-page-menu-section-renderer[@class='style-scope ytd-multi-page-menu-renderer']//yt-formatted-string[@id='label' and text()='Bahasa Indonesia']
2026-02-26 18:33:55.748 [TestNG-test-Yt Master Tests-2] INFO  [verifyingGlobalFilterLandingPage] [verifyingGlobalFilterLandingPage] Successfully scrolled to element: By.xpath: //yt-multi-page-menu-section-renderer[@class='style-scope ytd-multi-page-menu-renderer']//yt-formatted-string[@id='label' and text()='Bahasa Indonesia']
2026-02-26 18:33:55.748 [TestNG-test-Yt Master Tests-2] INFO  [verifyingGlobalFilterLandingPage] Looking for language element with name: Bahasa Indonesia
2026-02-26 18:33:55.748 [TestNG-test-Yt Master Tests-2] INFO  [verifyingGlobalFilterLandingPage] [verifyingGlobalFilterLandingPage] Trying to find element: By.xpath: //yt-multi-page-menu-section-renderer[@class='style-scope ytd-multi-page-menu-renderer']//yt-formatted-string[@id='label' and text()='Bahasa Indonesia']
2026-02-26 18:33:55.815 [TestNG-test-Yt Master Tests-2] INFO  [verifyingGlobalFilterLandingPage] [verifyingGlobalFilterLandingPage] Element found and ready (attempt 1): By.xpath: //yt-multi-page-menu-section-renderer[@class='style-scope ytd-multi-page-menu-renderer']//yt-formatted-string[@id='label' and text()='Bahasa Indonesia']
2026-02-26 18:33:58.563 [TestNG-test-Yt Master Tests-2] INFO  [verifyingGlobalFilterLandingPage] Clicking settings ellipses button...
2026-02-26 18:33:58.567 [TestNG-test-Yt Master Tests-2] INFO  [verifyingGlobalFilterLandingPage] [verifyingGlobalFilterLandingPage] Trying to find element: By.xpath: //ytd-topbar-menu-button-renderer[@class='style-scope ytd-masthead style-default']
2026-02-26 18:34:00.110 [TestNG-test-Yt Master Tests-2] INFO  [verifyingGlobalFilterLandingPage] [verifyingGlobalFilterLandingPage] Element found and ready (attempt 1): By.xpath: //ytd-topbar-menu-button-renderer[@class='style-scope ytd-masthead style-default']
2026-02-26 18:34:00.338 [TestNG-test-Yt Master Tests-2] INFO  [verifyingGlobalFilterLandingPage] [verifyingGlobalFilterLandingPage] Waiting until element is visible in viewport
2026-02-26 18:34:00.463 [TestNG-test-Yt Master Tests-2] INFO  [verifyingGlobalFilterLandingPage] [verifyingGlobalFilterLandingPage] Capturing screenshot: Filter Applied is Bahasa Indonesia__2026-02-26_183400.jpg
2026-02-26 18:34:00.792 [TestNG-test-Yt Master Tests-2] INFO  [verifyingGlobalFilterLandingPage] [verifyingGlobalFilterLandingPage] Screenshot saved at: test-output/screenshots/Run_2026-02-26_18-32-27/verifyingGlobalFilterLandingPage/Filter Applied is Bahasa Indonesia__2026-02-26_183400.jpg
2026-02-26 18:34:00.793 [TestNG-test-Yt Master Tests-2] INFO  [verifyingGlobalFilterLandingPage] Clicking settings ellipses button...
2026-02-26 18:34:00.793 [TestNG-test-Yt Master Tests-2] INFO  [verifyingGlobalFilterLandingPage] [verifyingGlobalFilterLandingPage] Trying to find element: By.xpath: //ytd-topbar-menu-button-renderer[@class='style-scope ytd-masthead style-default']
2026-02-26 18:34:00.861 [TestNG-test-Yt Master Tests-2] INFO  [verifyingGlobalFilterLandingPage] [verifyingGlobalFilterLandingPage] Element found and ready (attempt 1): By.xpath: //ytd-topbar-menu-button-renderer[@class='style-scope ytd-masthead style-default']
2026-02-26 18:34:00.933 [TestNG-test-Yt Master Tests-2] INFO  [verifyingGlobalFilterLandingPage] Clicking on global filter button in landing page..
2026-02-26 18:34:00.933 [TestNG-test-Yt Master Tests-2] INFO  [verifyingGlobalFilterLandingPage] [verifyingGlobalFilterLandingPage] Trying to click element: By.xpath: //div[@id='filter-button']
2026-02-26 18:34:01.186 [TestNG-test-Yt Master Tests-2] INFO  [verifyingGlobalFilterLandingPage] [verifyingGlobalFilterLandingPage] Clicked successfully (attempt 1): By.xpath: //div[@id='filter-button']
2026-02-26 18:34:01.186 [TestNG-test-Yt Master Tests-2] INFO  [verifyingGlobalFilterLandingPage] [verifyingGlobalFilterLandingPage] Waiting until element is visible in viewport
2026-02-26 18:34:01.218 [TestNG-test-Yt Master Tests-2] INFO  [verifyingGlobalFilterLandingPage] [verifyingGlobalFilterLandingPage] Capturing screenshot: Filter Applied is Bahasa Indonesia__2026-02-26_183401.jpg
2026-02-26 18:34:01.468 [TestNG-test-Yt Master Tests-2] INFO  [verifyingGlobalFilterLandingPage] [verifyingGlobalFilterLandingPage] Screenshot saved at: test-output/screenshots/Run_2026-02-26_18-32-27/verifyingGlobalFilterLandingPage/Filter Applied is Bahasa Indonesia__2026-02-26_183401.jpg
2026-02-26 18:34:01.470 [TestNG-test-Yt Master Tests-2] INFO  [verifyingGlobalFilterLandingPage] Fetching the data from the global filter in landing page
2026-02-26 18:34:01.470 [TestNG-test-Yt Master Tests-2] INFO  [verifyingGlobalFilterLandingPage] [verifyingGlobalFilterLandingPage] Trying to find element: By.xpath: //ytd-search-filter-options-dialog-renderer[@class='style-scope ytd-popup-container']
2026-02-26 18:34:01.565 [TestNG-test-Yt Master Tests-2] INFO  [verifyingGlobalFilterLandingPage] [verifyingGlobalFilterLandingPage] Element found and ready (attempt 1): By.xpath: //ytd-search-filter-options-dialog-renderer[@class='style-scope ytd-popup-container']
2026-02-26 18:34:01.614 [TestNG-test-Yt Master Tests-2] INFO  [verifyingGlobalFilterLandingPage] Closing the global filter pop-up in landing page..
2026-02-26 18:34:01.614 [TestNG-test-Yt Master Tests-2] INFO  [verifyingGlobalFilterLandingPage] [verifyingGlobalFilterLandingPage] Trying to find element: By.xpath: //yt-icon[@icon='close']
2026-02-26 18:34:01.685 [TestNG-test-Yt Master Tests-2] INFO  [verifyingGlobalFilterLandingPage] [verifyingGlobalFilterLandingPage] Element found and ready (attempt 1): By.xpath: //yt-icon[@icon='close']
2026-02-26 18:34:01.763 [TestNG-test-Yt Master Tests-2] INFO  [verifyingGlobalFilterLandingPage] Clicking settings ellipses button...
2026-02-26 18:34:01.764 [TestNG-test-Yt Master Tests-2] INFO  [verifyingGlobalFilterLandingPage] [verifyingGlobalFilterLandingPage] Trying to find element: By.xpath: //ytd-topbar-menu-button-renderer[@class='style-scope ytd-masthead style-default']
2026-02-26 18:34:01.853 [TestNG-test-Yt Master Tests-2] INFO  [verifyingGlobalFilterLandingPage] [verifyingGlobalFilterLandingPage] Element found and ready (attempt 1): By.xpath: //ytd-topbar-menu-button-renderer[@class='style-scope ytd-masthead style-default']
2026-02-26 18:34:01.956 [TestNG-test-Yt Master Tests-2] INFO  [verifyingGlobalFilterLandingPage] Clicking language dropdown...
2026-02-26 18:34:01.956 [TestNG-test-Yt Master Tests-2] INFO  [verifyingGlobalFilterLandingPage] [verifyingGlobalFilterLandingPage] Trying to find element: By.xpath: (//div[@id='content-icon'])[2]
2026-02-26 18:34:02.154 [TestNG-test-Yt Master Tests-2] INFO  [verifyingGlobalFilterLandingPage] [verifyingGlobalFilterLandingPage] Element found and ready (attempt 1): By.xpath: (//div[@id='content-icon'])[2]
2026-02-26 18:34:02.778 [TestNG-test-Yt Master Tests-2] INFO  [verifyingGlobalFilterLandingPage] [verifyingGlobalFilterLandingPage] Trying to find element: By.xpath: //yt-multi-page-menu-section-renderer[@class='style-scope ytd-multi-page-menu-renderer']//yt-formatted-string[@id='label' and text()='Bosanski']
2026-02-26 18:34:02.944 [TestNG-test-Yt Master Tests-2] INFO  [verifyingGlobalFilterLandingPage] [verifyingGlobalFilterLandingPage] Element found and ready (attempt 1): By.xpath: //yt-multi-page-menu-section-renderer[@class='style-scope ytd-multi-page-menu-renderer']//yt-formatted-string[@id='label' and text()='Bosanski']
2026-02-26 18:34:02.944 [TestNG-test-Yt Master Tests-2] INFO  [verifyingGlobalFilterLandingPage] Looking for language element with name: Bosanski
2026-02-26 18:34:02.944 [TestNG-test-Yt Master Tests-2] INFO  [verifyingGlobalFilterLandingPage] [verifyingGlobalFilterLandingPage] Within smoothScrollToElement method
2026-02-26 18:34:02.945 [TestNG-test-Yt Master Tests-2] INFO  [verifyingGlobalFilterLandingPage] SafeActions initialized with driver ChromeDriver: chrome on windows (2ea20dc88e7a9114ed946c3cb12be274)
2026-02-26 18:34:02.945 [TestNG-test-Yt Master Tests-2] INFO  [verifyingGlobalFilterLandingPage] [verifyingGlobalFilterLandingPage] Trying to find element: By.xpath: //yt-multi-page-menu-section-renderer[@class='style-scope ytd-multi-page-menu-renderer']//yt-formatted-string[@id='label' and text()='Bosanski']
2026-02-26 18:34:03.038 [TestNG-test-Yt Master Tests-2] INFO  [verifyingGlobalFilterLandingPage] [verifyingGlobalFilterLandingPage] Element found and ready (attempt 1): By.xpath: //yt-multi-page-menu-section-renderer[@class='style-scope ytd-multi-page-menu-renderer']//yt-formatted-string[@id='label' and text()='Bosanski']
2026-02-26 18:34:03.065 [TestNG-test-Yt Master Tests-2] INFO  [verifyingGlobalFilterLandingPage] [verifyingGlobalFilterLandingPage] Successfully scrolled to element: By.xpath: //yt-multi-page-menu-section-renderer[@class='style-scope ytd-multi-page-menu-renderer']//yt-formatted-string[@id='label' and text()='Bosanski']
2026-02-26 18:34:03.065 [TestNG-test-Yt Master Tests-2] INFO  [verifyingGlobalFilterLandingPage] Looking for language element with name: Bosanski
2026-02-26 18:34:03.065 [TestNG-test-Yt Master Tests-2] INFO  [verifyingGlobalFilterLandingPage] [verifyingGlobalFilterLandingPage] Trying to find element: By.xpath: //yt-multi-page-menu-section-renderer[@class='style-scope ytd-multi-page-menu-renderer']//yt-formatted-string[@id='label' and text()='Bosanski']
2026-02-26 18:34:03.141 [TestNG-test-Yt Master Tests-2] INFO  [verifyingGlobalFilterLandingPage] [verifyingGlobalFilterLandingPage] Element found and ready (attempt 1): By.xpath: //yt-multi-page-menu-section-renderer[@class='style-scope ytd-multi-page-menu-renderer']//yt-formatted-string[@id='label' and text()='Bosanski']
2026-02-26 18:34:06.583 [TestNG-test-Yt Master Tests-2] INFO  [verifyingGlobalFilterLandingPage] Clicking settings ellipses button...
2026-02-26 18:34:06.583 [TestNG-test-Yt Master Tests-2] INFO  [verifyingGlobalFilterLandingPage] [verifyingGlobalFilterLandingPage] Trying to find element: By.xpath: //ytd-topbar-menu-button-renderer[@class='style-scope ytd-masthead style-default']
2026-02-26 18:34:07.961 [TestNG-test-Yt Master Tests-2] INFO  [verifyingGlobalFilterLandingPage] [verifyingGlobalFilterLandingPage] Element found and ready (attempt 1): By.xpath: //ytd-topbar-menu-button-renderer[@class='style-scope ytd-masthead style-default']
2026-02-26 18:34:08.061 [TestNG-test-Yt Master Tests-2] INFO  [verifyingGlobalFilterLandingPage] [verifyingGlobalFilterLandingPage] Waiting until element is visible in viewport
2026-02-26 18:34:08.602 [TestNG-test-Yt Master Tests-2] INFO  [verifyingGlobalFilterLandingPage] [verifyingGlobalFilterLandingPage] Capturing screenshot: Filter Applied is Bosanski__2026-02-26_183408.jpg
2026-02-26 18:34:08.850 [TestNG-test-Yt Master Tests-2] INFO  [verifyingGlobalFilterLandingPage] [verifyingGlobalFilterLandingPage] Screenshot saved at: test-output/screenshots/Run_2026-02-26_18-32-27/verifyingGlobalFilterLandingPage/Filter Applied is Bosanski__2026-02-26_183408.jpg
2026-02-26 18:34:08.850 [TestNG-test-Yt Master Tests-2] INFO  [verifyingGlobalFilterLandingPage] Clicking settings ellipses button...
2026-02-26 18:34:08.850 [TestNG-test-Yt Master Tests-2] INFO  [verifyingGlobalFilterLandingPage] [verifyingGlobalFilterLandingPage] Trying to find element: By.xpath: //ytd-topbar-menu-button-renderer[@class='style-scope ytd-masthead style-default']
2026-02-26 18:34:08.926 [TestNG-test-Yt Master Tests-2] INFO  [verifyingGlobalFilterLandingPage] [verifyingGlobalFilterLandingPage] Element found and ready (attempt 1): By.xpath: //ytd-topbar-menu-button-renderer[@class='style-scope ytd-masthead style-default']
2026-02-26 18:34:08.993 [TestNG-test-Yt Master Tests-2] INFO  [verifyingGlobalFilterLandingPage] Clicking on global filter button in landing page..
2026-02-26 18:34:08.993 [TestNG-test-Yt Master Tests-2] INFO  [verifyingGlobalFilterLandingPage] [verifyingGlobalFilterLandingPage] Trying to click element: By.xpath: //div[@id='filter-button']
2026-02-26 18:34:09.253 [TestNG-test-Yt Master Tests-2] INFO  [verifyingGlobalFilterLandingPage] [verifyingGlobalFilterLandingPage] Clicked successfully (attempt 1): By.xpath: //div[@id='filter-button']
2026-02-26 18:34:09.253 [TestNG-test-Yt Master Tests-2] INFO  [verifyingGlobalFilterLandingPage] [verifyingGlobalFilterLandingPage] Waiting until element is visible in viewport
2026-02-26 18:34:09.282 [TestNG-test-Yt Master Tests-2] INFO  [verifyingGlobalFilterLandingPage] [verifyingGlobalFilterLandingPage] Capturing screenshot: Filter Applied is Bosanski__2026-02-26_183409.jpg
2026-02-26 18:34:09.516 [TestNG-test-Yt Master Tests-2] INFO  [verifyingGlobalFilterLandingPage] [verifyingGlobalFilterLandingPage] Screenshot saved at: test-output/screenshots/Run_2026-02-26_18-32-27/verifyingGlobalFilterLandingPage/Filter Applied is Bosanski__2026-02-26_183409.jpg
2026-02-26 18:34:09.516 [TestNG-test-Yt Master Tests-2] INFO  [verifyingGlobalFilterLandingPage] Fetching the data from the global filter in landing page
2026-02-26 18:34:09.516 [TestNG-test-Yt Master Tests-2] INFO  [verifyingGlobalFilterLandingPage] [verifyingGlobalFilterLandingPage] Trying to find element: By.xpath: //ytd-search-filter-options-dialog-renderer[@class='style-scope ytd-popup-container']
2026-02-26 18:34:09.607 [TestNG-test-Yt Master Tests-2] INFO  [verifyingGlobalFilterLandingPage] [verifyingGlobalFilterLandingPage] Element found and ready (attempt 1): By.xpath: //ytd-search-filter-options-dialog-renderer[@class='style-scope ytd-popup-container']
2026-02-26 18:34:09.663 [TestNG-test-Yt Master Tests-2] INFO  [verifyingGlobalFilterLandingPage] Closing the global filter pop-up in landing page..
2026-02-26 18:34:09.663 [TestNG-test-Yt Master Tests-2] INFO  [verifyingGlobalFilterLandingPage] [verifyingGlobalFilterLandingPage] Trying to find element: By.xpath: //yt-icon[@icon='close']
2026-02-26 18:34:09.741 [TestNG-test-Yt Master Tests-2] INFO  [verifyingGlobalFilterLandingPage] [verifyingGlobalFilterLandingPage] Element found and ready (attempt 1): By.xpath: //yt-icon[@icon='close']
2026-02-26 18:34:09.821 [TestNG-test-Yt Master Tests-2] INFO  [verifyingGlobalFilterLandingPage] Clicking settings ellipses button...
2026-02-26 18:34:09.821 [TestNG-test-Yt Master Tests-2] INFO  [verifyingGlobalFilterLandingPage] [verifyingGlobalFilterLandingPage] Trying to find element: By.xpath: //ytd-topbar-menu-button-renderer[@class='style-scope ytd-masthead style-default']
2026-02-26 18:34:09.918 [TestNG-test-Yt Master Tests-2] INFO  [verifyingGlobalFilterLandingPage] [verifyingGlobalFilterLandingPage] Element found and ready (attempt 1): By.xpath: //ytd-topbar-menu-button-renderer[@class='style-scope ytd-masthead style-default']
2026-02-26 18:34:10.039 [TestNG-test-Yt Master Tests-2] INFO  [verifyingGlobalFilterLandingPage] Clicking language dropdown...
2026-02-26 18:34:10.039 [TestNG-test-Yt Master Tests-2] INFO  [verifyingGlobalFilterLandingPage] [verifyingGlobalFilterLandingPage] Trying to find element: By.xpath: (//div[@id='content-icon'])[2]
2026-02-26 18:34:10.660 [TestNG-test-Yt Master Tests-2] INFO  [verifyingGlobalFilterLandingPage] [verifyingGlobalFilterLandingPage] Element found and ready (attempt 1): By.xpath: (//div[@id='content-icon'])[2]
2026-02-26 18:34:11.079 [TestNG-test-Yt Master Tests-2] INFO  [verifyingGlobalFilterLandingPage] [verifyingGlobalFilterLandingPage] Trying to find element: By.xpath: //yt-multi-page-menu-section-renderer[@class='style-scope ytd-multi-page-menu-renderer']//yt-formatted-string[@id='label' and text()='Català']
2026-02-26 18:34:11.238 [TestNG-test-Yt Master Tests-2] INFO  [verifyingGlobalFilterLandingPage] [verifyingGlobalFilterLandingPage] Element found and ready (attempt 1): By.xpath: //yt-multi-page-menu-section-renderer[@class='style-scope ytd-multi-page-menu-renderer']//yt-formatted-string[@id='label' and text()='Català']
2026-02-26 18:34:11.238 [TestNG-test-Yt Master Tests-2] INFO  [verifyingGlobalFilterLandingPage] Looking for language element with name: Català
2026-02-26 18:34:11.238 [TestNG-test-Yt Master Tests-2] INFO  [verifyingGlobalFilterLandingPage] [verifyingGlobalFilterLandingPage] Within smoothScrollToElement method
2026-02-26 18:34:11.238 [TestNG-test-Yt Master Tests-2] INFO  [verifyingGlobalFilterLandingPage] SafeActions initialized with driver ChromeDriver: chrome on windows (2ea20dc88e7a9114ed946c3cb12be274)
2026-02-26 18:34:11.238 [TestNG-test-Yt Master Tests-2] INFO  [verifyingGlobalFilterLandingPage] [verifyingGlobalFilterLandingPage] Trying to find element: By.xpath: //yt-multi-page-menu-section-renderer[@class='style-scope ytd-multi-page-menu-renderer']//yt-formatted-string[@id='label' and text()='Català']
2026-02-26 18:34:11.341 [TestNG-test-Yt Master Tests-2] INFO  [verifyingGlobalFilterLandingPage] [verifyingGlobalFilterLandingPage] Element found and ready (attempt 1): By.xpath: //yt-multi-page-menu-section-renderer[@class='style-scope ytd-multi-page-menu-renderer']//yt-formatted-string[@id='label' and text()='Català']
2026-02-26 18:34:11.398 [TestNG-test-Yt Master Tests-2] INFO  [verifyingGlobalFilterLandingPage] [verifyingGlobalFilterLandingPage] Successfully scrolled to element: By.xpath: //yt-multi-page-menu-section-renderer[@class='style-scope ytd-multi-page-menu-renderer']//yt-formatted-string[@id='label' and text()='Català']
2026-02-26 18:34:11.398 [TestNG-test-Yt Master Tests-2] INFO  [verifyingGlobalFilterLandingPage] Looking for language element with name: Català
2026-02-26 18:34:11.398 [TestNG-test-Yt Master Tests-2] INFO  [verifyingGlobalFilterLandingPage] [verifyingGlobalFilterLandingPage] Trying to find element: By.xpath: //yt-multi-page-menu-section-renderer[@class='style-scope ytd-multi-page-menu-renderer']//yt-formatted-string[@id='label' and text()='Català']
2026-02-26 18:34:11.521 [TestNG-test-Yt Master Tests-2] INFO  [verifyingGlobalFilterLandingPage] [verifyingGlobalFilterLandingPage] Element found and ready (attempt 1): By.xpath: //yt-multi-page-menu-section-renderer[@class='style-scope ytd-multi-page-menu-renderer']//yt-formatted-string[@id='label' and text()='Català']
2026-02-26 18:34:13.661 [TestNG-test-Yt Master Tests-2] INFO  [verifyingGlobalFilterLandingPage] Clicking settings ellipses button...
2026-02-26 18:34:13.662 [TestNG-test-Yt Master Tests-2] INFO  [verifyingGlobalFilterLandingPage] [verifyingGlobalFilterLandingPage] Trying to find element: By.xpath: //ytd-topbar-menu-button-renderer[@class='style-scope ytd-masthead style-default']
2026-02-26 18:34:15.202 [TestNG-test-Yt Master Tests-2] INFO  [verifyingGlobalFilterLandingPage] [verifyingGlobalFilterLandingPage] Element found and ready (attempt 1): By.xpath: //ytd-topbar-menu-button-renderer[@class='style-scope ytd-masthead style-default']
2026-02-26 18:34:15.297 [TestNG-test-Yt Master Tests-2] INFO  [verifyingGlobalFilterLandingPage] [verifyingGlobalFilterLandingPage] Waiting until element is visible in viewport
2026-02-26 18:34:15.833 [TestNG-test-Yt Master Tests-2] INFO  [verifyingGlobalFilterLandingPage] [verifyingGlobalFilterLandingPage] Capturing screenshot: Filter Applied is Català__2026-02-26_183415.jpg
2026-02-26 18:34:16.032 [TestNG-test-Yt Master Tests-2] INFO  [verifyingGlobalFilterLandingPage] [verifyingGlobalFilterLandingPage] Screenshot saved at: test-output/screenshots/Run_2026-02-26_18-32-27/verifyingGlobalFilterLandingPage/Filter Applied is Català__2026-02-26_183415.jpg
2026-02-26 18:34:16.032 [TestNG-test-Yt Master Tests-2] INFO  [verifyingGlobalFilterLandingPage] Clicking settings ellipses button...
2026-02-26 18:34:16.032 [TestNG-test-Yt Master Tests-2] INFO  [verifyingGlobalFilterLandingPage] [verifyingGlobalFilterLandingPage] Trying to find element: By.xpath: //ytd-topbar-menu-button-renderer[@class='style-scope ytd-masthead style-default']
2026-02-26 18:34:16.092 [TestNG-test-Yt Master Tests-2] INFO  [verifyingGlobalFilterLandingPage] [verifyingGlobalFilterLandingPage] Element found and ready (attempt 1): By.xpath: //ytd-topbar-menu-button-renderer[@class='style-scope ytd-masthead style-default']
2026-02-26 18:34:16.167 [TestNG-test-Yt Master Tests-2] INFO  [verifyingGlobalFilterLandingPage] Clicking on global filter button in landing page..
2026-02-26 18:34:16.167 [TestNG-test-Yt Master Tests-2] INFO  [verifyingGlobalFilterLandingPage] [verifyingGlobalFilterLandingPage] Trying to click element: By.xpath: //div[@id='filter-button']
2026-02-26 18:34:16.390 [TestNG-test-Yt Master Tests-2] INFO  [verifyingGlobalFilterLandingPage] [verifyingGlobalFilterLandingPage] Clicked successfully (attempt 1): By.xpath: //div[@id='filter-button']
2026-02-26 18:34:16.390 [TestNG-test-Yt Master Tests-2] INFO  [verifyingGlobalFilterLandingPage] [verifyingGlobalFilterLandingPage] Waiting until element is visible in viewport
2026-02-26 18:34:16.427 [TestNG-test-Yt Master Tests-2] INFO  [verifyingGlobalFilterLandingPage] [verifyingGlobalFilterLandingPage] Capturing screenshot: Filter Applied is Català__2026-02-26_183416.jpg
2026-02-26 18:34:16.631 [TestNG-test-Yt Master Tests-2] INFO  [verifyingGlobalFilterLandingPage] [verifyingGlobalFilterLandingPage] Screenshot saved at: test-output/screenshots/Run_2026-02-26_18-32-27/verifyingGlobalFilterLandingPage/Filter Applied is Català__2026-02-26_183416.jpg
2026-02-26 18:34:16.631 [TestNG-test-Yt Master Tests-2] INFO  [verifyingGlobalFilterLandingPage] Fetching the data from the global filter in landing page
2026-02-26 18:34:16.631 [TestNG-test-Yt Master Tests-2] INFO  [verifyingGlobalFilterLandingPage] [verifyingGlobalFilterLandingPage] Trying to find element: By.xpath: //ytd-search-filter-options-dialog-renderer[@class='style-scope ytd-popup-container']
2026-02-26 18:34:16.701 [TestNG-test-Yt Master Tests-2] INFO  [verifyingGlobalFilterLandingPage] [verifyingGlobalFilterLandingPage] Element found and ready (attempt 1): By.xpath: //ytd-search-filter-options-dialog-renderer[@class='style-scope ytd-popup-container']
2026-02-26 18:34:16.736 [TestNG-test-Yt Master Tests-2] INFO  [verifyingGlobalFilterLandingPage] Closing the global filter pop-up in landing page..
2026-02-26 18:34:16.736 [TestNG-test-Yt Master Tests-2] INFO  [verifyingGlobalFilterLandingPage] [verifyingGlobalFilterLandingPage] Trying to find element: By.xpath: //yt-icon[@icon='close']
2026-02-26 18:34:16.811 [TestNG-test-Yt Master Tests-2] INFO  [verifyingGlobalFilterLandingPage] [verifyingGlobalFilterLandingPage] Element found and ready (attempt 1): By.xpath: //yt-icon[@icon='close']
2026-02-26 18:34:16.867 [TestNG-test-Yt Master Tests-2] INFO  [verifyingGlobalFilterLandingPage] Clicking settings ellipses button...
2026-02-26 18:34:16.868 [TestNG-test-Yt Master Tests-2] INFO  [verifyingGlobalFilterLandingPage] [verifyingGlobalFilterLandingPage] Trying to find element: By.xpath: //ytd-topbar-menu-button-renderer[@class='style-scope ytd-masthead style-default']
2026-02-26 18:34:17.027 [TestNG-test-Yt Master Tests-2] INFO  [verifyingGlobalFilterLandingPage] [verifyingGlobalFilterLandingPage] Element found and ready (attempt 1): By.xpath: //ytd-topbar-menu-button-renderer[@class='style-scope ytd-masthead style-default']
2026-02-26 18:34:17.126 [TestNG-test-Yt Master Tests-2] INFO  [verifyingGlobalFilterLandingPage] Clicking language dropdown...
2026-02-26 18:34:17.126 [TestNG-test-Yt Master Tests-2] INFO  [verifyingGlobalFilterLandingPage] [verifyingGlobalFilterLandingPage] Trying to find element: By.xpath: (//div[@id='content-icon'])[2]
2026-02-26 18:34:17.814 [TestNG-test-Yt Master Tests-2] INFO  [verifyingGlobalFilterLandingPage] [verifyingGlobalFilterLandingPage] Element found and ready (attempt 1): By.xpath: (//div[@id='content-icon'])[2]
2026-02-26 18:34:18.347 [TestNG-test-Yt Master Tests-2] INFO  [verifyingGlobalFilterLandingPage] [verifyingGlobalFilterLandingPage] Trying to find element: By.xpath: //yt-multi-page-menu-section-renderer[@class='style-scope ytd-multi-page-menu-renderer']//yt-formatted-string[@id='label' and text()='Dansk']
2026-02-26 18:34:18.509 [TestNG-test-Yt Master Tests-2] INFO  [verifyingGlobalFilterLandingPage] [verifyingGlobalFilterLandingPage] Element found and ready (attempt 1): By.xpath: //yt-multi-page-menu-section-renderer[@class='style-scope ytd-multi-page-menu-renderer']//yt-formatted-string[@id='label' and text()='Dansk']
2026-02-26 18:34:18.509 [TestNG-test-Yt Master Tests-2] INFO  [verifyingGlobalFilterLandingPage] Looking for language element with name: Dansk
2026-02-26 18:34:18.509 [TestNG-test-Yt Master Tests-2] INFO  [verifyingGlobalFilterLandingPage] [verifyingGlobalFilterLandingPage] Within smoothScrollToElement method
2026-02-26 18:34:18.509 [TestNG-test-Yt Master Tests-2] INFO  [verifyingGlobalFilterLandingPage] SafeActions initialized with driver ChromeDriver: chrome on windows (2ea20dc88e7a9114ed946c3cb12be274)
2026-02-26 18:34:18.509 [TestNG-test-Yt Master Tests-2] INFO  [verifyingGlobalFilterLandingPage] [verifyingGlobalFilterLandingPage] Trying to find element: By.xpath: //yt-multi-page-menu-section-renderer[@class='style-scope ytd-multi-page-menu-renderer']//yt-formatted-string[@id='label' and text()='Dansk']
2026-02-26 18:34:18.590 [TestNG-test-Yt Master Tests-2] INFO  [verifyingGlobalFilterLandingPage] [verifyingGlobalFilterLandingPage] Element found and ready (attempt 1): By.xpath: //yt-multi-page-menu-section-renderer[@class='style-scope ytd-multi-page-menu-renderer']//yt-formatted-string[@id='label' and text()='Dansk']
2026-02-26 18:34:18.637 [TestNG-test-Yt Master Tests-2] INFO  [verifyingGlobalFilterLandingPage] [verifyingGlobalFilterLandingPage] Successfully scrolled to element: By.xpath: //yt-multi-page-menu-section-renderer[@class='style-scope ytd-multi-page-menu-renderer']//yt-formatted-string[@id='label' and text()='Dansk']
2026-02-26 18:34:18.637 [TestNG-test-Yt Master Tests-2] INFO  [verifyingGlobalFilterLandingPage] Looking for language element with name: Dansk
2026-02-26 18:34:18.637 [TestNG-test-Yt Master Tests-2] INFO  [verifyingGlobalFilterLandingPage] [verifyingGlobalFilterLandingPage] Trying to find element: By.xpath: //yt-multi-page-menu-section-renderer[@class='style-scope ytd-multi-page-menu-renderer']//yt-formatted-string[@id='label' and text()='Dansk']
2026-02-26 18:34:18.714 [TestNG-test-Yt Master Tests-2] INFO  [verifyingGlobalFilterLandingPage] [verifyingGlobalFilterLandingPage] Element found and ready (attempt 1): By.xpath: //yt-multi-page-menu-section-renderer[@class='style-scope ytd-multi-page-menu-renderer']//yt-formatted-string[@id='label' and text()='Dansk']
2026-02-26 18:34:20.844 [TestNG-test-Yt Master Tests-2] INFO  [verifyingGlobalFilterLandingPage] Clicking settings ellipses button...
2026-02-26 18:34:20.845 [TestNG-test-Yt Master Tests-2] INFO  [verifyingGlobalFilterLandingPage] [verifyingGlobalFilterLandingPage] Trying to find element: By.xpath: //ytd-topbar-menu-button-renderer[@class='style-scope ytd-masthead style-default']
2026-02-26 18:34:22.527 [TestNG-test-Yt Master Tests-2] INFO  [verifyingGlobalFilterLandingPage] [verifyingGlobalFilterLandingPage] Element found and ready (attempt 1): By.xpath: //ytd-topbar-menu-button-renderer[@class='style-scope ytd-masthead style-default']
2026-02-26 18:34:22.785 [TestNG-test-Yt Master Tests-2] INFO  [verifyingGlobalFilterLandingPage] [verifyingGlobalFilterLandingPage] Waiting until element is visible in viewport
2026-02-26 18:34:22.917 [TestNG-test-Yt Master Tests-2] INFO  [verifyingGlobalFilterLandingPage] [verifyingGlobalFilterLandingPage] Capturing screenshot: Filter Applied is Dansk__2026-02-26_183422.jpg
2026-02-26 18:34:23.197 [TestNG-test-Yt Master Tests-2] INFO  [verifyingGlobalFilterLandingPage] [verifyingGlobalFilterLandingPage] Screenshot saved at: test-output/screenshots/Run_2026-02-26_18-32-27/verifyingGlobalFilterLandingPage/Filter Applied is Dansk__2026-02-26_183422.jpg
2026-02-26 18:34:23.197 [TestNG-test-Yt Master Tests-2] INFO  [verifyingGlobalFilterLandingPage] Clicking settings ellipses button...
2026-02-26 18:34:23.197 [TestNG-test-Yt Master Tests-2] INFO  [verifyingGlobalFilterLandingPage] [verifyingGlobalFilterLandingPage] Trying to find element: By.xpath: //ytd-topbar-menu-button-renderer[@class='style-scope ytd-masthead style-default']
2026-02-26 18:34:23.256 [TestNG-test-Yt Master Tests-2] INFO  [verifyingGlobalFilterLandingPage] [verifyingGlobalFilterLandingPage] Element found and ready (attempt 1): By.xpath: //ytd-topbar-menu-button-renderer[@class='style-scope ytd-masthead style-default']
2026-02-26 18:34:23.318 [TestNG-test-Yt Master Tests-2] INFO  [verifyingGlobalFilterLandingPage] Clicking on global filter button in landing page..
2026-02-26 18:34:23.319 [TestNG-test-Yt Master Tests-2] INFO  [verifyingGlobalFilterLandingPage] [verifyingGlobalFilterLandingPage] Trying to click element: By.xpath: //div[@id='filter-button']
2026-02-26 18:34:23.546 [TestNG-test-Yt Master Tests-2] INFO  [verifyingGlobalFilterLandingPage] [verifyingGlobalFilterLandingPage] Clicked successfully (attempt 1): By.xpath: //div[@id='filter-button']
2026-02-26 18:34:23.546 [TestNG-test-Yt Master Tests-2] INFO  [verifyingGlobalFilterLandingPage] [verifyingGlobalFilterLandingPage] Waiting until element is visible in viewport
2026-02-26 18:34:23.574 [TestNG-test-Yt Master Tests-2] INFO  [verifyingGlobalFilterLandingPage] [verifyingGlobalFilterLandingPage] Capturing screenshot: Filter Applied is Dansk__2026-02-26_183423.jpg
2026-02-26 18:34:23.778 [TestNG-test-Yt Master Tests-2] INFO  [verifyingGlobalFilterLandingPage] [verifyingGlobalFilterLandingPage] Screenshot saved at: test-output/screenshots/Run_2026-02-26_18-32-27/verifyingGlobalFilterLandingPage/Filter Applied is Dansk__2026-02-26_183423.jpg
2026-02-26 18:34:23.778 [TestNG-test-Yt Master Tests-2] INFO  [verifyingGlobalFilterLandingPage] Fetching the data from the global filter in landing page
2026-02-26 18:34:23.778 [TestNG-test-Yt Master Tests-2] INFO  [verifyingGlobalFilterLandingPage] [verifyingGlobalFilterLandingPage] Trying to find element: By.xpath: //ytd-search-filter-options-dialog-renderer[@class='style-scope ytd-popup-container']
2026-02-26 18:34:23.863 [TestNG-test-Yt Master Tests-2] INFO  [verifyingGlobalFilterLandingPage] [verifyingGlobalFilterLandingPage] Element found and ready (attempt 1): By.xpath: //ytd-search-filter-options-dialog-renderer[@class='style-scope ytd-popup-container']
2026-02-26 18:34:23.898 [TestNG-test-Yt Master Tests-2] INFO  [verifyingGlobalFilterLandingPage] Closing the global filter pop-up in landing page..
2026-02-26 18:34:23.899 [TestNG-test-Yt Master Tests-2] INFO  [verifyingGlobalFilterLandingPage] [verifyingGlobalFilterLandingPage] Trying to find element: By.xpath: //yt-icon[@icon='close']
2026-02-26 18:34:23.973 [TestNG-test-Yt Master Tests-2] INFO  [verifyingGlobalFilterLandingPage] [verifyingGlobalFilterLandingPage] Element found and ready (attempt 1): By.xpath: //yt-icon[@icon='close']
2026-02-26 18:34:24.045 [TestNG-test-Yt Master Tests-2] INFO  [verifyingGlobalFilterLandingPage] Clicking settings ellipses button...
2026-02-26 18:34:24.045 [TestNG-test-Yt Master Tests-2] INFO  [verifyingGlobalFilterLandingPage] [verifyingGlobalFilterLandingPage] Trying to find element: By.xpath: //ytd-topbar-menu-button-renderer[@class='style-scope ytd-masthead style-default']
2026-02-26 18:34:24.140 [TestNG-test-Yt Master Tests-2] INFO  [verifyingGlobalFilterLandingPage] [verifyingGlobalFilterLandingPage] Element found and ready (attempt 1): By.xpath: //ytd-topbar-menu-button-renderer[@class='style-scope ytd-masthead style-default']
2026-02-26 18:34:24.262 [TestNG-test-Yt Master Tests-2] INFO  [verifyingGlobalFilterLandingPage] Clicking language dropdown...
2026-02-26 18:34:24.262 [TestNG-test-Yt Master Tests-2] INFO  [verifyingGlobalFilterLandingPage] [verifyingGlobalFilterLandingPage] Trying to find element: By.xpath: (//div[@id='content-icon'])[2]
2026-02-26 18:34:25.141 [TestNG-test-Yt Master Tests-2] INFO  [verifyingGlobalFilterLandingPage] [verifyingGlobalFilterLandingPage] Element found and ready (attempt 1): By.xpath: (//div[@id='content-icon'])[2]
2026-02-26 18:34:25.830 [TestNG-test-Yt Master Tests-2] INFO  [verifyingGlobalFilterLandingPage] [verifyingGlobalFilterLandingPage] Trying to find element: By.xpath: //yt-multi-page-menu-section-renderer[@class='style-scope ytd-multi-page-menu-renderer']//yt-formatted-string[@id='label' and text()='Deutsch']
2026-02-26 18:34:26.015 [TestNG-test-Yt Master Tests-2] INFO  [verifyingGlobalFilterLandingPage] [verifyingGlobalFilterLandingPage] Element found and ready (attempt 1): By.xpath: //yt-multi-page-menu-section-renderer[@class='style-scope ytd-multi-page-menu-renderer']//yt-formatted-string[@id='label' and text()='Deutsch']
2026-02-26 18:34:26.015 [TestNG-test-Yt Master Tests-2] INFO  [verifyingGlobalFilterLandingPage] Looking for language element with name: Deutsch
2026-02-26 18:34:26.016 [TestNG-test-Yt Master Tests-2] INFO  [verifyingGlobalFilterLandingPage] [verifyingGlobalFilterLandingPage] Within smoothScrollToElement method
2026-02-26 18:34:26.016 [TestNG-test-Yt Master Tests-2] INFO  [verifyingGlobalFilterLandingPage] SafeActions initialized with driver ChromeDriver: chrome on windows (2ea20dc88e7a9114ed946c3cb12be274)
2026-02-26 18:34:26.016 [TestNG-test-Yt Master Tests-2] INFO  [verifyingGlobalFilterLandingPage] [verifyingGlobalFilterLandingPage] Trying to find element: By.xpath: //yt-multi-page-menu-section-renderer[@class='style-scope ytd-multi-page-menu-renderer']//yt-formatted-string[@id='label' and text()='Deutsch']
2026-02-26 18:34:26.100 [TestNG-test-Yt Master Tests-2] INFO  [verifyingGlobalFilterLandingPage] [verifyingGlobalFilterLandingPage] Element found and ready (attempt 1): By.xpath: //yt-multi-page-menu-section-renderer[@class='style-scope ytd-multi-page-menu-renderer']//yt-formatted-string[@id='label' and text()='Deutsch']
2026-02-26 18:34:26.161 [TestNG-test-Yt Master Tests-2] INFO  [verifyingGlobalFilterLandingPage] [verifyingGlobalFilterLandingPage] Successfully scrolled to element: By.xpath: //yt-multi-page-menu-section-renderer[@class='style-scope ytd-multi-page-menu-renderer']//yt-formatted-string[@id='label' and text()='Deutsch']
2026-02-26 18:34:26.161 [TestNG-test-Yt Master Tests-2] INFO  [verifyingGlobalFilterLandingPage] Looking for language element with name: Deutsch
2026-02-26 18:34:26.162 [TestNG-test-Yt Master Tests-2] INFO  [verifyingGlobalFilterLandingPage] [verifyingGlobalFilterLandingPage] Trying to find element: By.xpath: //yt-multi-page-menu-section-renderer[@class='style-scope ytd-multi-page-menu-renderer']//yt-formatted-string[@id='label' and text()='Deutsch']
2026-02-26 18:34:26.244 [TestNG-test-Yt Master Tests-2] INFO  [verifyingGlobalFilterLandingPage] [verifyingGlobalFilterLandingPage] Element found and ready (attempt 1): By.xpath: //yt-multi-page-menu-section-renderer[@class='style-scope ytd-multi-page-menu-renderer']//yt-formatted-string[@id='label' and text()='Deutsch']
2026-02-26 18:34:28.872 [TestNG-test-Yt Master Tests-2] INFO  [verifyingGlobalFilterLandingPage] Clicking settings ellipses button...
2026-02-26 18:34:28.872 [TestNG-test-Yt Master Tests-2] INFO  [verifyingGlobalFilterLandingPage] [verifyingGlobalFilterLandingPage] Trying to find element: By.xpath: //ytd-topbar-menu-button-renderer[@class='style-scope ytd-masthead style-default']
2026-02-26 18:34:31.140 [TestNG-test-Yt Master Tests-2] INFO  [verifyingGlobalFilterLandingPage] [verifyingGlobalFilterLandingPage] Element found and ready (attempt 1): By.xpath: //ytd-topbar-menu-button-renderer[@class='style-scope ytd-masthead style-default']
2026-02-26 18:34:31.416 [TestNG-test-Yt Master Tests-2] INFO  [verifyingGlobalFilterLandingPage] [verifyingGlobalFilterLandingPage] Waiting until element is visible in viewport
2026-02-26 18:34:31.551 [TestNG-test-Yt Master Tests-2] INFO  [verifyingGlobalFilterLandingPage] [verifyingGlobalFilterLandingPage] Capturing screenshot: Filter Applied is Deutsch__2026-02-26_183431.jpg
2026-02-26 18:34:31.954 [TestNG-test-Yt Master Tests-2] INFO  [verifyingGlobalFilterLandingPage] [verifyingGlobalFilterLandingPage] Screenshot saved at: test-output/screenshots/Run_2026-02-26_18-32-27/verifyingGlobalFilterLandingPage/Filter Applied is Deutsch__2026-02-26_183431.jpg
2026-02-26 18:34:31.954 [TestNG-test-Yt Master Tests-2] INFO  [verifyingGlobalFilterLandingPage] Clicking settings ellipses button...
2026-02-26 18:34:31.954 [TestNG-test-Yt Master Tests-2] INFO  [verifyingGlobalFilterLandingPage] [verifyingGlobalFilterLandingPage] Trying to find element: By.xpath: //ytd-topbar-menu-button-renderer[@class='style-scope ytd-masthead style-default']
2026-02-26 18:34:32.025 [TestNG-test-Yt Master Tests-2] INFO  [verifyingGlobalFilterLandingPage] [verifyingGlobalFilterLandingPage] Element found and ready (attempt 1): By.xpath: //ytd-topbar-menu-button-renderer[@class='style-scope ytd-masthead style-default']
2026-02-26 18:34:32.113 [TestNG-test-Yt Master Tests-2] INFO  [verifyingGlobalFilterLandingPage] Clicking on global filter button in landing page..
2026-02-26 18:34:32.114 [TestNG-test-Yt Master Tests-2] INFO  [verifyingGlobalFilterLandingPage] [verifyingGlobalFilterLandingPage] Trying to click element: By.xpath: //div[@id='filter-button']
2026-02-26 18:34:32.474 [TestNG-test-Yt Master Tests-2] INFO  [verifyingGlobalFilterLandingPage] [verifyingGlobalFilterLandingPage] Clicked successfully (attempt 1): By.xpath: //div[@id='filter-button']
2026-02-26 18:34:32.474 [TestNG-test-Yt Master Tests-2] INFO  [verifyingGlobalFilterLandingPage] [verifyingGlobalFilterLandingPage] Waiting until element is visible in viewport
2026-02-26 18:34:32.501 [TestNG-test-Yt Master Tests-2] INFO  [verifyingGlobalFilterLandingPage] [verifyingGlobalFilterLandingPage] Capturing screenshot: Filter Applied is Deutsch__2026-02-26_183432.jpg
2026-02-26 18:34:32.913 [TestNG-test-Yt Master Tests-2] INFO  [verifyingGlobalFilterLandingPage] [verifyingGlobalFilterLandingPage] Screenshot saved at: test-output/screenshots/Run_2026-02-26_18-32-27/verifyingGlobalFilterLandingPage/Filter Applied is Deutsch__2026-02-26_183432.jpg
2026-02-26 18:34:32.913 [TestNG-test-Yt Master Tests-2] INFO  [verifyingGlobalFilterLandingPage] Fetching the data from the global filter in landing page
2026-02-26 18:34:32.913 [TestNG-test-Yt Master Tests-2] INFO  [verifyingGlobalFilterLandingPage] [verifyingGlobalFilterLandingPage] Trying to find element: By.xpath: //ytd-search-filter-options-dialog-renderer[@class='style-scope ytd-popup-container']
2026-02-26 18:34:32.998 [TestNG-test-Yt Master Tests-2] INFO  [verifyingGlobalFilterLandingPage] [verifyingGlobalFilterLandingPage] Element found and ready (attempt 1): By.xpath: //ytd-search-filter-options-dialog-renderer[@class='style-scope ytd-popup-container']
2026-02-26 18:34:33.062 [TestNG-test-Yt Master Tests-2] INFO  [verifyingGlobalFilterLandingPage] Closing the global filter pop-up in landing page..
2026-02-26 18:34:33.063 [TestNG-test-Yt Master Tests-2] INFO  [verifyingGlobalFilterLandingPage] [verifyingGlobalFilterLandingPage] Trying to find element: By.xpath: //yt-icon[@icon='close']
2026-02-26 18:34:33.151 [TestNG-test-Yt Master Tests-2] INFO  [verifyingGlobalFilterLandingPage] [verifyingGlobalFilterLandingPage] Element found and ready (attempt 1): By.xpath: //yt-icon[@icon='close']
2026-02-26 18:34:33.321 [TestNG-test-Yt Master Tests-2] INFO  [verifyingGlobalFilterLandingPage] Clicking settings ellipses button...
2026-02-26 18:34:33.323 [TestNG-test-Yt Master Tests-2] INFO  [verifyingGlobalFilterLandingPage] [verifyingGlobalFilterLandingPage] Trying to find element: By.xpath: //ytd-topbar-menu-button-renderer[@class='style-scope ytd-masthead style-default']
2026-02-26 18:34:33.690 [TestNG-test-Yt Master Tests-2] INFO  [verifyingGlobalFilterLandingPage] [verifyingGlobalFilterLandingPage] Element found and ready (attempt 1): By.xpath: //ytd-topbar-menu-button-renderer[@class='style-scope ytd-masthead style-default']
2026-02-26 18:34:33.784 [TestNG-test-Yt Master Tests-2] INFO  [verifyingGlobalFilterLandingPage] Clicking language dropdown...
2026-02-26 18:34:33.784 [TestNG-test-Yt Master Tests-2] INFO  [verifyingGlobalFilterLandingPage] [verifyingGlobalFilterLandingPage] Trying to find element: By.xpath: (//div[@id='content-icon'])[2]
2026-02-26 18:34:34.460 [TestNG-test-Yt Master Tests-2] INFO  [verifyingGlobalFilterLandingPage] [verifyingGlobalFilterLandingPage] Element found and ready (attempt 1): By.xpath: (//div[@id='content-icon'])[2]
2026-02-26 18:34:34.909 [TestNG-test-Yt Master Tests-2] INFO  [verifyingGlobalFilterLandingPage] [verifyingGlobalFilterLandingPage] Trying to find element: By.xpath: //yt-multi-page-menu-section-renderer[@class='style-scope ytd-multi-page-menu-renderer']//yt-formatted-string[@id='label' and text()='Eesti']
2026-02-26 18:34:35.065 [TestNG-test-Yt Master Tests-2] INFO  [verifyingGlobalFilterLandingPage] [verifyingGlobalFilterLandingPage] Element found and ready (attempt 1): By.xpath: //yt-multi-page-menu-section-renderer[@class='style-scope ytd-multi-page-menu-renderer']//yt-formatted-string[@id='label' and text()='Eesti']
2026-02-26 18:34:35.065 [TestNG-test-Yt Master Tests-2] INFO  [verifyingGlobalFilterLandingPage] Looking for language element with name: Eesti
2026-02-26 18:34:35.065 [TestNG-test-Yt Master Tests-2] INFO  [verifyingGlobalFilterLandingPage] [verifyingGlobalFilterLandingPage] Within smoothScrollToElement method
2026-02-26 18:34:35.065 [TestNG-test-Yt Master Tests-2] INFO  [verifyingGlobalFilterLandingPage] SafeActions initialized with driver ChromeDriver: chrome on windows (2ea20dc88e7a9114ed946c3cb12be274)
2026-02-26 18:34:35.065 [TestNG-test-Yt Master Tests-2] INFO  [verifyingGlobalFilterLandingPage] [verifyingGlobalFilterLandingPage] Trying to find element: By.xpath: //yt-multi-page-menu-section-renderer[@class='style-scope ytd-multi-page-menu-renderer']//yt-formatted-string[@id='label' and text()='Eesti']
2026-02-26 18:34:35.147 [TestNG-test-Yt Master Tests-2] INFO  [verifyingGlobalFilterLandingPage] [verifyingGlobalFilterLandingPage] Element found and ready (attempt 1): By.xpath: //yt-multi-page-menu-section-renderer[@class='style-scope ytd-multi-page-menu-renderer']//yt-formatted-string[@id='label' and text()='Eesti']
2026-02-26 18:34:35.212 [TestNG-test-Yt Master Tests-2] INFO  [verifyingGlobalFilterLandingPage] [verifyingGlobalFilterLandingPage] Successfully scrolled to element: By.xpath: //yt-multi-page-menu-section-renderer[@class='style-scope ytd-multi-page-menu-renderer']//yt-formatted-string[@id='label' and text()='Eesti']
2026-02-26 18:34:35.212 [TestNG-test-Yt Master Tests-2] INFO  [verifyingGlobalFilterLandingPage] Looking for language element with name: Eesti
2026-02-26 18:34:35.213 [TestNG-test-Yt Master Tests-2] INFO  [verifyingGlobalFilterLandingPage] [verifyingGlobalFilterLandingPage] Trying to find element: By.xpath: //yt-multi-page-menu-section-renderer[@class='style-scope ytd-multi-page-menu-renderer']//yt-formatted-string[@id='label' and text()='Eesti']
2026-02-26 18:34:35.279 [TestNG-test-Yt Master Tests-2] INFO  [verifyingGlobalFilterLandingPage] [verifyingGlobalFilterLandingPage] Element found and ready (attempt 1): By.xpath: //yt-multi-page-menu-section-renderer[@class='style-scope ytd-multi-page-menu-renderer']//yt-formatted-string[@id='label' and text()='Eesti']
2026-02-26 18:34:37.723 [TestNG-test-Yt Master Tests-2] INFO  [verifyingGlobalFilterLandingPage] Clicking settings ellipses button...
2026-02-26 18:34:37.723 [TestNG-test-Yt Master Tests-2] INFO  [verifyingGlobalFilterLandingPage] [verifyingGlobalFilterLandingPage] Trying to find element: By.xpath: //ytd-topbar-menu-button-renderer[@class='style-scope ytd-masthead style-default']
2026-02-26 18:34:39.372 [TestNG-test-Yt Master Tests-2] INFO  [verifyingGlobalFilterLandingPage] [verifyingGlobalFilterLandingPage] Element found and ready (attempt 1): By.xpath: //ytd-topbar-menu-button-renderer[@class='style-scope ytd-masthead style-default']
2026-02-26 18:34:39.899 [TestNG-test-Yt Master Tests-2] INFO  [verifyingGlobalFilterLandingPage] [verifyingGlobalFilterLandingPage] Waiting until element is visible in viewport
2026-02-26 18:34:39.989 [TestNG-test-Yt Master Tests-2] INFO  [verifyingGlobalFilterLandingPage] [verifyingGlobalFilterLandingPage] Capturing screenshot: Filter Applied is Eesti__2026-02-26_183439.jpg
2026-02-26 18:34:40.300 [TestNG-test-Yt Master Tests-2] INFO  [verifyingGlobalFilterLandingPage] [verifyingGlobalFilterLandingPage] Screenshot saved at: test-output/screenshots/Run_2026-02-26_18-32-27/verifyingGlobalFilterLandingPage/Filter Applied is Eesti__2026-02-26_183439.jpg
2026-02-26 18:34:40.300 [TestNG-test-Yt Master Tests-2] INFO  [verifyingGlobalFilterLandingPage] Clicking settings ellipses button...
2026-02-26 18:34:40.301 [TestNG-test-Yt Master Tests-2] INFO  [verifyingGlobalFilterLandingPage] [verifyingGlobalFilterLandingPage] Trying to find element: By.xpath: //ytd-topbar-menu-button-renderer[@class='style-scope ytd-masthead style-default']
2026-02-26 18:34:40.362 [TestNG-test-Yt Master Tests-2] INFO  [verifyingGlobalFilterLandingPage] [verifyingGlobalFilterLandingPage] Element found and ready (attempt 1): By.xpath: //ytd-topbar-menu-button-renderer[@class='style-scope ytd-masthead style-default']
2026-02-26 18:34:40.427 [TestNG-test-Yt Master Tests-2] INFO  [verifyingGlobalFilterLandingPage] Clicking on global filter button in landing page..
2026-02-26 18:34:40.427 [TestNG-test-Yt Master Tests-2] INFO  [verifyingGlobalFilterLandingPage] [verifyingGlobalFilterLandingPage] Trying to click element: By.xpath: //div[@id='filter-button']
2026-02-26 18:34:40.748 [TestNG-test-Yt Master Tests-2] INFO  [verifyingGlobalFilterLandingPage] [verifyingGlobalFilterLandingPage] Clicked successfully (attempt 1): By.xpath: //div[@id='filter-button']
2026-02-26 18:34:40.748 [TestNG-test-Yt Master Tests-2] INFO  [verifyingGlobalFilterLandingPage] [verifyingGlobalFilterLandingPage] Waiting until element is visible in viewport
2026-02-26 18:34:40.792 [TestNG-test-Yt Master Tests-2] INFO  [verifyingGlobalFilterLandingPage] [verifyingGlobalFilterLandingPage] Capturing screenshot: Filter Applied is Eesti__2026-02-26_183440.jpg
2026-02-26 18:34:41.083 [TestNG-test-Yt Master Tests-2] INFO  [verifyingGlobalFilterLandingPage] [verifyingGlobalFilterLandingPage] Screenshot saved at: test-output/screenshots/Run_2026-02-26_18-32-27/verifyingGlobalFilterLandingPage/Filter Applied is Eesti__2026-02-26_183440.jpg
2026-02-26 18:34:41.083 [TestNG-test-Yt Master Tests-2] INFO  [verifyingGlobalFilterLandingPage] Fetching the data from the global filter in landing page
2026-02-26 18:34:41.083 [TestNG-test-Yt Master Tests-2] INFO  [verifyingGlobalFilterLandingPage] [verifyingGlobalFilterLandingPage] Trying to find element: By.xpath: //ytd-search-filter-options-dialog-renderer[@class='style-scope ytd-popup-container']
2026-02-26 18:34:41.166 [TestNG-test-Yt Master Tests-2] INFO  [verifyingGlobalFilterLandingPage] [verifyingGlobalFilterLandingPage] Element found and ready (attempt 1): By.xpath: //ytd-search-filter-options-dialog-renderer[@class='style-scope ytd-popup-container']
2026-02-26 18:34:41.292 [TestNG-test-Yt Master Tests-2] INFO  [verifyingGlobalFilterLandingPage] Closing the global filter pop-up in landing page..
2026-02-26 18:34:41.292 [TestNG-test-Yt Master Tests-2] INFO  [verifyingGlobalFilterLandingPage] [verifyingGlobalFilterLandingPage] Trying to find element: By.xpath: //yt-icon[@icon='close']
2026-02-26 18:34:41.426 [TestNG-test-Yt Master Tests-2] INFO  [verifyingGlobalFilterLandingPage] [verifyingGlobalFilterLandingPage] Element found and ready (attempt 1): By.xpath: //yt-icon[@icon='close']
2026-02-26 18:34:41.589 [TestNG-test-Yt Master Tests-2] INFO  [verifyingGlobalFilterLandingPage] Clicking settings ellipses button...
2026-02-26 18:34:41.589 [TestNG-test-Yt Master Tests-2] INFO  [verifyingGlobalFilterLandingPage] [verifyingGlobalFilterLandingPage] Trying to find element: By.xpath: //ytd-topbar-menu-button-renderer[@class='style-scope ytd-masthead style-default']
2026-02-26 18:34:41.747 [TestNG-test-Yt Master Tests-2] INFO  [verifyingGlobalFilterLandingPage] [verifyingGlobalFilterLandingPage] Element found and ready (attempt 1): By.xpath: //ytd-topbar-menu-button-renderer[@class='style-scope ytd-masthead style-default']
2026-02-26 18:34:41.831 [TestNG-test-Yt Master Tests-2] INFO  [verifyingGlobalFilterLandingPage] Clicking language dropdown...
2026-02-26 18:34:41.831 [TestNG-test-Yt Master Tests-2] INFO  [verifyingGlobalFilterLandingPage] [verifyingGlobalFilterLandingPage] Trying to find element: By.xpath: (//div[@id='content-icon'])[2]
2026-02-26 18:34:42.421 [TestNG-test-Yt Master Tests-2] INFO  [verifyingGlobalFilterLandingPage] [verifyingGlobalFilterLandingPage] Element found and ready (attempt 1): By.xpath: (//div[@id='content-icon'])[2]
2026-02-26 18:34:42.844 [TestNG-test-Yt Master Tests-2] INFO  [verifyingGlobalFilterLandingPage] [verifyingGlobalFilterLandingPage] Trying to find element: By.xpath: //yt-multi-page-menu-section-renderer[@class='style-scope ytd-multi-page-menu-renderer']//yt-formatted-string[@id='label' and text()='English (India)']
2026-02-26 18:34:42.958 [TestNG-test-Yt Master Tests-2] INFO  [verifyingGlobalFilterLandingPage] [verifyingGlobalFilterLandingPage] Element found and ready (attempt 1): By.xpath: //yt-multi-page-menu-section-renderer[@class='style-scope ytd-multi-page-menu-renderer']//yt-formatted-string[@id='label' and text()='English (India)']
2026-02-26 18:34:42.958 [TestNG-test-Yt Master Tests-2] INFO  [verifyingGlobalFilterLandingPage] Looking for language element with name: English (India)
2026-02-26 18:34:42.958 [TestNG-test-Yt Master Tests-2] INFO  [verifyingGlobalFilterLandingPage] [verifyingGlobalFilterLandingPage] Within smoothScrollToElement method
2026-02-26 18:34:42.958 [TestNG-test-Yt Master Tests-2] INFO  [verifyingGlobalFilterLandingPage] SafeActions initialized with driver ChromeDriver: chrome on windows (2ea20dc88e7a9114ed946c3cb12be274)
2026-02-26 18:34:42.958 [TestNG-test-Yt Master Tests-2] INFO  [verifyingGlobalFilterLandingPage] [verifyingGlobalFilterLandingPage] Trying to find element: By.xpath: //yt-multi-page-menu-section-renderer[@class='style-scope ytd-multi-page-menu-renderer']//yt-formatted-string[@id='label' and text()='English (India)']
2026-02-26 18:34:43.024 [TestNG-test-Yt Master Tests-2] INFO  [verifyingGlobalFilterLandingPage] [verifyingGlobalFilterLandingPage] Element found and ready (attempt 1): By.xpath: //yt-multi-page-menu-section-renderer[@class='style-scope ytd-multi-page-menu-renderer']//yt-formatted-string[@id='label' and text()='English (India)']
2026-02-26 18:34:43.070 [TestNG-test-Yt Master Tests-2] INFO  [verifyingGlobalFilterLandingPage] [verifyingGlobalFilterLandingPage] Successfully scrolled to element: By.xpath: //yt-multi-page-menu-section-renderer[@class='style-scope ytd-multi-page-menu-renderer']//yt-formatted-string[@id='label' and text()='English (India)']
2026-02-26 18:34:43.070 [TestNG-test-Yt Master Tests-2] INFO  [verifyingGlobalFilterLandingPage] Looking for language element with name: English (India)
2026-02-26 18:34:43.070 [TestNG-test-Yt Master Tests-2] INFO  [verifyingGlobalFilterLandingPage] [verifyingGlobalFilterLandingPage] Trying to find element: By.xpath: //yt-multi-page-menu-section-renderer[@class='style-scope ytd-multi-page-menu-renderer']//yt-formatted-string[@id='label' and text()='English (India)']
2026-02-26 18:34:43.173 [TestNG-test-Yt Master Tests-2] INFO  [verifyingGlobalFilterLandingPage] [verifyingGlobalFilterLandingPage] Element found and ready (attempt 1): By.xpath: //yt-multi-page-menu-section-renderer[@class='style-scope ytd-multi-page-menu-renderer']//yt-formatted-string[@id='label' and text()='English (India)']
2026-02-26 18:34:45.888 [TestNG-test-Yt Master Tests-2] INFO  [verifyingGlobalFilterLandingPage] Clicking settings ellipses button...
2026-02-26 18:34:45.889 [TestNG-test-Yt Master Tests-2] INFO  [verifyingGlobalFilterLandingPage] [verifyingGlobalFilterLandingPage] Trying to find element: By.xpath: //ytd-topbar-menu-button-renderer[@class='style-scope ytd-masthead style-default']
2026-02-26 18:34:47.479 [TestNG-test-Yt Master Tests-2] INFO  [verifyingGlobalFilterLandingPage] [verifyingGlobalFilterLandingPage] Element found and ready (attempt 1): By.xpath: //ytd-topbar-menu-button-renderer[@class='style-scope ytd-masthead style-default']
2026-02-26 18:34:47.590 [TestNG-test-Yt Master Tests-2] INFO  [verifyingGlobalFilterLandingPage] [verifyingGlobalFilterLandingPage] Waiting until element is visible in viewport
2026-02-26 18:34:48.133 [TestNG-test-Yt Master Tests-2] INFO  [verifyingGlobalFilterLandingPage] [verifyingGlobalFilterLandingPage] Capturing screenshot: Filter Applied is English (India)__2026-02-26_183448.jpg
2026-02-26 18:34:48.413 [TestNG-test-Yt Master Tests-2] INFO  [verifyingGlobalFilterLandingPage] [verifyingGlobalFilterLandingPage] Screenshot saved at: test-output/screenshots/Run_2026-02-26_18-32-27/verifyingGlobalFilterLandingPage/Filter Applied is English (India)__2026-02-26_183448.jpg
2026-02-26 18:34:48.413 [TestNG-test-Yt Master Tests-2] INFO  [verifyingGlobalFilterLandingPage] Clicking settings ellipses button...
2026-02-26 18:34:48.413 [TestNG-test-Yt Master Tests-2] INFO  [verifyingGlobalFilterLandingPage] [verifyingGlobalFilterLandingPage] Trying to find element: By.xpath: //ytd-topbar-menu-button-renderer[@class='style-scope ytd-masthead style-default']
2026-02-26 18:34:48.477 [TestNG-test-Yt Master Tests-2] INFO  [verifyingGlobalFilterLandingPage] [verifyingGlobalFilterLandingPage] Element found and ready (attempt 1): By.xpath: //ytd-topbar-menu-button-renderer[@class='style-scope ytd-masthead style-default']
2026-02-26 18:34:48.706 [TestNG-test-Yt Master Tests-2] INFO  [verifyingGlobalFilterLandingPage] Clicking on global filter button in landing page..
2026-02-26 18:34:48.706 [TestNG-test-Yt Master Tests-2] INFO  [verifyingGlobalFilterLandingPage] [verifyingGlobalFilterLandingPage] Trying to click element: By.xpath: //div[@id='filter-button']
2026-02-26 18:34:49.076 [TestNG-test-Yt Master Tests-2] INFO  [verifyingGlobalFilterLandingPage] [verifyingGlobalFilterLandingPage] Clicked successfully (attempt 1): By.xpath: //div[@id='filter-button']
2026-02-26 18:34:49.076 [TestNG-test-Yt Master Tests-2] INFO  [verifyingGlobalFilterLandingPage] [verifyingGlobalFilterLandingPage] Waiting until element is visible in viewport
2026-02-26 18:34:49.102 [TestNG-test-Yt Master Tests-2] INFO  [verifyingGlobalFilterLandingPage] [verifyingGlobalFilterLandingPage] Capturing screenshot: Filter Applied is English (India)__2026-02-26_183449.jpg
2026-02-26 18:34:49.354 [TestNG-test-Yt Master Tests-2] INFO  [verifyingGlobalFilterLandingPage] [verifyingGlobalFilterLandingPage] Screenshot saved at: test-output/screenshots/Run_2026-02-26_18-32-27/verifyingGlobalFilterLandingPage/Filter Applied is English (India)__2026-02-26_183449.jpg
2026-02-26 18:34:49.354 [TestNG-test-Yt Master Tests-2] INFO  [verifyingGlobalFilterLandingPage] Fetching the data from the global filter in landing page
2026-02-26 18:34:49.354 [TestNG-test-Yt Master Tests-2] INFO  [verifyingGlobalFilterLandingPage] [verifyingGlobalFilterLandingPage] Trying to find element: By.xpath: //ytd-search-filter-options-dialog-renderer[@class='style-scope ytd-popup-container']
2026-02-26 18:34:49.491 [TestNG-test-Yt Master Tests-2] INFO  [verifyingGlobalFilterLandingPage] [verifyingGlobalFilterLandingPage] Element found and ready (attempt 1): By.xpath: //ytd-search-filter-options-dialog-renderer[@class='style-scope ytd-popup-container']
2026-02-26 18:34:49.536 [TestNG-test-Yt Master Tests-2] INFO  [verifyingGlobalFilterLandingPage] Closing the global filter pop-up in landing page..
2026-02-26 18:34:49.536 [TestNG-test-Yt Master Tests-2] INFO  [verifyingGlobalFilterLandingPage] [verifyingGlobalFilterLandingPage] Trying to find element: By.xpath: //yt-icon[@icon='close']
2026-02-26 18:34:49.638 [TestNG-test-Yt Master Tests-2] INFO  [verifyingGlobalFilterLandingPage] [verifyingGlobalFilterLandingPage] Element found and ready (attempt 1): By.xpath: //yt-icon[@icon='close']
2026-02-26 18:34:49.748 [TestNG-test-Yt Master Tests-2] INFO  [verifyingGlobalFilterLandingPage] Clicking settings ellipses button...
2026-02-26 18:34:49.748 [TestNG-test-Yt Master Tests-2] INFO  [verifyingGlobalFilterLandingPage] [verifyingGlobalFilterLandingPage] Trying to find element: By.xpath: //ytd-topbar-menu-button-renderer[@class='style-scope ytd-masthead style-default']
2026-02-26 18:34:49.862 [TestNG-test-Yt Master Tests-2] INFO  [verifyingGlobalFilterLandingPage] [verifyingGlobalFilterLandingPage] Element found and ready (attempt 1): By.xpath: //ytd-topbar-menu-button-renderer[@class='style-scope ytd-masthead style-default']
2026-02-26 18:34:49.999 [TestNG-test-Yt Master Tests-2] INFO  [verifyingGlobalFilterLandingPage] Clicking language dropdown...
2026-02-26 18:34:50.000 [TestNG-test-Yt Master Tests-2] INFO  [verifyingGlobalFilterLandingPage] [verifyingGlobalFilterLandingPage] Trying to find element: By.xpath: (//div[@id='content-icon'])[2]
2026-02-26 18:34:50.618 [TestNG-test-Yt Master Tests-2] INFO  [verifyingGlobalFilterLandingPage] [verifyingGlobalFilterLandingPage] Element found and ready (attempt 1): By.xpath: (//div[@id='content-icon'])[2]
2026-02-26 18:34:51.071 [TestNG-test-Yt Master Tests-2] INFO  [verifyingGlobalFilterLandingPage] [verifyingGlobalFilterLandingPage] Trying to find element: By.xpath: //yt-multi-page-menu-section-renderer[@class='style-scope ytd-multi-page-menu-renderer']//yt-formatted-string[@id='label' and text()='English (UK)']
2026-02-26 18:34:51.217 [TestNG-test-Yt Master Tests-2] INFO  [verifyingGlobalFilterLandingPage] [verifyingGlobalFilterLandingPage] Element found and ready (attempt 1): By.xpath: //yt-multi-page-menu-section-renderer[@class='style-scope ytd-multi-page-menu-renderer']//yt-formatted-string[@id='label' and text()='English (UK)']
2026-02-26 18:34:51.218 [TestNG-test-Yt Master Tests-2] INFO  [verifyingGlobalFilterLandingPage] Looking for language element with name: English (UK)
2026-02-26 18:34:51.218 [TestNG-test-Yt Master Tests-2] INFO  [verifyingGlobalFilterLandingPage] [verifyingGlobalFilterLandingPage] Within smoothScrollToElement method
2026-02-26 18:34:51.218 [TestNG-test-Yt Master Tests-2] INFO  [verifyingGlobalFilterLandingPage] SafeActions initialized with driver ChromeDriver: chrome on windows (2ea20dc88e7a9114ed946c3cb12be274)
2026-02-26 18:34:51.218 [TestNG-test-Yt Master Tests-2] INFO  [verifyingGlobalFilterLandingPage] [verifyingGlobalFilterLandingPage] Trying to find element: By.xpath: //yt-multi-page-menu-section-renderer[@class='style-scope ytd-multi-page-menu-renderer']//yt-formatted-string[@id='label' and text()='English (UK)']
2026-02-26 18:34:51.283 [TestNG-test-Yt Master Tests-2] INFO  [verifyingGlobalFilterLandingPage] [verifyingGlobalFilterLandingPage] Element found and ready (attempt 1): By.xpath: //yt-multi-page-menu-section-renderer[@class='style-scope ytd-multi-page-menu-renderer']//yt-formatted-string[@id='label' and text()='English (UK)']
2026-02-26 18:34:51.320 [TestNG-test-Yt Master Tests-2] INFO  [verifyingGlobalFilterLandingPage] [verifyingGlobalFilterLandingPage] Successfully scrolled to element: By.xpath: //yt-multi-page-menu-section-renderer[@class='style-scope ytd-multi-page-menu-renderer']//yt-formatted-string[@id='label' and text()='English (UK)']
2026-02-26 18:34:51.320 [TestNG-test-Yt Master Tests-2] INFO  [verifyingGlobalFilterLandingPage] Looking for language element with name: English (UK)
2026-02-26 18:34:51.320 [TestNG-test-Yt Master Tests-2] INFO  [verifyingGlobalFilterLandingPage] [verifyingGlobalFilterLandingPage] Trying to find element: By.xpath: //yt-multi-page-menu-section-renderer[@class='style-scope ytd-multi-page-menu-renderer']//yt-formatted-string[@id='label' and text()='English (UK)']
2026-02-26 18:34:51.438 [TestNG-test-Yt Master Tests-2] INFO  [verifyingGlobalFilterLandingPage] [verifyingGlobalFilterLandingPage] Element found and ready (attempt 1): By.xpath: //yt-multi-page-menu-section-renderer[@class='style-scope ytd-multi-page-menu-renderer']//yt-formatted-string[@id='label' and text()='English (UK)']
2026-02-26 18:34:53.733 [TestNG-test-Yt Master Tests-2] INFO  [verifyingGlobalFilterLandingPage] Clicking settings ellipses button...
2026-02-26 18:34:53.733 [TestNG-test-Yt Master Tests-2] INFO  [verifyingGlobalFilterLandingPage] [verifyingGlobalFilterLandingPage] Trying to find element: By.xpath: //ytd-topbar-menu-button-renderer[@class='style-scope ytd-masthead style-default']
2026-02-26 18:34:55.660 [TestNG-test-Yt Master Tests-2] INFO  [verifyingGlobalFilterLandingPage] [verifyingGlobalFilterLandingPage] Element found and ready (attempt 1): By.xpath: //ytd-topbar-menu-button-renderer[@class='style-scope ytd-masthead style-default']
2026-02-26 18:34:55.786 [TestNG-test-Yt Master Tests-2] INFO  [verifyingGlobalFilterLandingPage] [verifyingGlobalFilterLandingPage] Waiting until element is visible in viewport
2026-02-26 18:34:55.968 [TestNG-test-Yt Master Tests-2] INFO  [verifyingGlobalFilterLandingPage] [verifyingGlobalFilterLandingPage] Capturing screenshot: Filter Applied is English (UK)__2026-02-26_183455.jpg
2026-02-26 18:34:56.538 [TestNG-test-Yt Master Tests-2] INFO  [verifyingGlobalFilterLandingPage] [verifyingGlobalFilterLandingPage] Screenshot saved at: test-output/screenshots/Run_2026-02-26_18-32-27/verifyingGlobalFilterLandingPage/Filter Applied is English (UK)__2026-02-26_183455.jpg
2026-02-26 18:34:56.538 [TestNG-test-Yt Master Tests-2] INFO  [verifyingGlobalFilterLandingPage] Clicking settings ellipses button...
2026-02-26 18:34:56.538 [TestNG-test-Yt Master Tests-2] INFO  [verifyingGlobalFilterLandingPage] [verifyingGlobalFilterLandingPage] Trying to find element: By.xpath: //ytd-topbar-menu-button-renderer[@class='style-scope ytd-masthead style-default']
2026-02-26 18:34:56.679 [TestNG-test-Yt Master Tests-2] INFO  [verifyingGlobalFilterLandingPage] [verifyingGlobalFilterLandingPage] Element found and ready (attempt 1): By.xpath: //ytd-topbar-menu-button-renderer[@class='style-scope ytd-masthead style-default']
2026-02-26 18:34:56.768 [TestNG-test-Yt Master Tests-2] INFO  [verifyingGlobalFilterLandingPage] Clicking on global filter button in landing page..
2026-02-26 18:34:56.768 [TestNG-test-Yt Master Tests-2] INFO  [verifyingGlobalFilterLandingPage] [verifyingGlobalFilterLandingPage] Trying to click element: By.xpath: //div[@id='filter-button']
2026-02-26 18:34:57.006 [TestNG-test-Yt Master Tests-2] INFO  [verifyingGlobalFilterLandingPage] [verifyingGlobalFilterLandingPage] Clicked successfully (attempt 1): By.xpath: //div[@id='filter-button']
2026-02-26 18:34:57.006 [TestNG-test-Yt Master Tests-2] INFO  [verifyingGlobalFilterLandingPage] [verifyingGlobalFilterLandingPage] Waiting until element is visible in viewport
2026-02-26 18:34:57.034 [TestNG-test-Yt Master Tests-2] INFO  [verifyingGlobalFilterLandingPage] [verifyingGlobalFilterLandingPage] Capturing screenshot: Filter Applied is English (UK)__2026-02-26_183457.jpg
2026-02-26 18:34:57.344 [TestNG-test-Yt Master Tests-2] INFO  [verifyingGlobalFilterLandingPage] [verifyingGlobalFilterLandingPage] Screenshot saved at: test-output/screenshots/Run_2026-02-26_18-32-27/verifyingGlobalFilterLandingPage/Filter Applied is English (UK)__2026-02-26_183457.jpg
2026-02-26 18:34:57.344 [TestNG-test-Yt Master Tests-2] INFO  [verifyingGlobalFilterLandingPage] Fetching the data from the global filter in landing page
2026-02-26 18:34:57.344 [TestNG-test-Yt Master Tests-2] INFO  [verifyingGlobalFilterLandingPage] [verifyingGlobalFilterLandingPage] Trying to find element: By.xpath: //ytd-search-filter-options-dialog-renderer[@class='style-scope ytd-popup-container']
2026-02-26 18:34:57.484 [TestNG-test-Yt Master Tests-2] INFO  [verifyingGlobalFilterLandingPage] [verifyingGlobalFilterLandingPage] Element found and ready (attempt 1): By.xpath: //ytd-search-filter-options-dialog-renderer[@class='style-scope ytd-popup-container']
2026-02-26 18:34:57.518 [TestNG-test-Yt Master Tests-2] INFO  [verifyingGlobalFilterLandingPage] Closing the global filter pop-up in landing page..
2026-02-26 18:34:57.519 [TestNG-test-Yt Master Tests-2] INFO  [verifyingGlobalFilterLandingPage] [verifyingGlobalFilterLandingPage] Trying to find element: By.xpath: //yt-icon[@icon='close']
2026-02-26 18:34:57.623 [TestNG-test-Yt Master Tests-2] INFO  [verifyingGlobalFilterLandingPage] [verifyingGlobalFilterLandingPage] Element found and ready (attempt 1): By.xpath: //yt-icon[@icon='close']
2026-02-26 18:34:57.694 [TestNG-test-Yt Master Tests-2] INFO  [verifyingGlobalFilterLandingPage] Clicking settings ellipses button...
2026-02-26 18:34:57.694 [TestNG-test-Yt Master Tests-2] INFO  [verifyingGlobalFilterLandingPage] [verifyingGlobalFilterLandingPage] Trying to find element: By.xpath: //ytd-topbar-menu-button-renderer[@class='style-scope ytd-masthead style-default']
2026-02-26 18:34:57.788 [TestNG-test-Yt Master Tests-2] INFO  [verifyingGlobalFilterLandingPage] [verifyingGlobalFilterLandingPage] Element found and ready (attempt 1): By.xpath: //ytd-topbar-menu-button-renderer[@class='style-scope ytd-masthead style-default']
2026-02-26 18:34:57.900 [TestNG-test-Yt Master Tests-2] INFO  [verifyingGlobalFilterLandingPage] Clicking language dropdown...
2026-02-26 18:34:57.900 [TestNG-test-Yt Master Tests-2] INFO  [verifyingGlobalFilterLandingPage] [verifyingGlobalFilterLandingPage] Trying to find element: By.xpath: (//div[@id='content-icon'])[2]
2026-02-26 18:34:58.589 [TestNG-test-Yt Master Tests-2] INFO  [verifyingGlobalFilterLandingPage] [verifyingGlobalFilterLandingPage] Element found and ready (attempt 1): By.xpath: (//div[@id='content-icon'])[2]
2026-02-26 18:34:59.011 [TestNG-test-Yt Master Tests-2] INFO  [verifyingGlobalFilterLandingPage] [verifyingGlobalFilterLandingPage] Trying to find element: By.xpath: //yt-multi-page-menu-section-renderer[@class='style-scope ytd-multi-page-menu-renderer']//yt-formatted-string[@id='label' and text()='English (US)']
2026-02-26 18:34:59.148 [TestNG-test-Yt Master Tests-2] INFO  [verifyingGlobalFilterLandingPage] [verifyingGlobalFilterLandingPage] Element found and ready (attempt 1): By.xpath: //yt-multi-page-menu-section-renderer[@class='style-scope ytd-multi-page-menu-renderer']//yt-formatted-string[@id='label' and text()='English (US)']
2026-02-26 18:34:59.148 [TestNG-test-Yt Master Tests-2] INFO  [verifyingGlobalFilterLandingPage] Looking for language element with name: English (US)
2026-02-26 18:34:59.148 [TestNG-test-Yt Master Tests-2] INFO  [verifyingGlobalFilterLandingPage] [verifyingGlobalFilterLandingPage] Within smoothScrollToElement method
2026-02-26 18:34:59.149 [TestNG-test-Yt Master Tests-2] INFO  [verifyingGlobalFilterLandingPage] SafeActions initialized with driver ChromeDriver: chrome on windows (2ea20dc88e7a9114ed946c3cb12be274)
2026-02-26 18:34:59.149 [TestNG-test-Yt Master Tests-2] INFO  [verifyingGlobalFilterLandingPage] [verifyingGlobalFilterLandingPage] Trying to find element: By.xpath: //yt-multi-page-menu-section-renderer[@class='style-scope ytd-multi-page-menu-renderer']//yt-formatted-string[@id='label' and text()='English (US)']
2026-02-26 18:34:59.210 [TestNG-test-Yt Master Tests-2] INFO  [verifyingGlobalFilterLandingPage] [verifyingGlobalFilterLandingPage] Element found and ready (attempt 1): By.xpath: //yt-multi-page-menu-section-renderer[@class='style-scope ytd-multi-page-menu-renderer']//yt-formatted-string[@id='label' and text()='English (US)']
2026-02-26 18:34:59.244 [TestNG-test-Yt Master Tests-2] INFO  [verifyingGlobalFilterLandingPage] [verifyingGlobalFilterLandingPage] Successfully scrolled to element: By.xpath: //yt-multi-page-menu-section-renderer[@class='style-scope ytd-multi-page-menu-renderer']//yt-formatted-string[@id='label' and text()='English (US)']
2026-02-26 18:34:59.244 [TestNG-test-Yt Master Tests-2] INFO  [verifyingGlobalFilterLandingPage] Looking for language element with name: English (US)
2026-02-26 18:34:59.244 [TestNG-test-Yt Master Tests-2] INFO  [verifyingGlobalFilterLandingPage] [verifyingGlobalFilterLandingPage] Trying to find element: By.xpath: //yt-multi-page-menu-section-renderer[@class='style-scope ytd-multi-page-menu-renderer']//yt-formatted-string[@id='label' and text()='English (US)']
2026-02-26 18:34:59.338 [TestNG-test-Yt Master Tests-2] INFO  [verifyingGlobalFilterLandingPage] [verifyingGlobalFilterLandingPage] Element found and ready (attempt 1): By.xpath: //yt-multi-page-menu-section-renderer[@class='style-scope ytd-multi-page-menu-renderer']//yt-formatted-string[@id='label' and text()='English (US)']
2026-02-26 18:35:03.026 [TestNG-test-Yt Master Tests-2] INFO  [verifyingGlobalFilterLandingPage] Clicking settings ellipses button...
2026-02-26 18:35:03.026 [TestNG-test-Yt Master Tests-2] INFO  [verifyingGlobalFilterLandingPage] [verifyingGlobalFilterLandingPage] Trying to find element: By.xpath: //ytd-topbar-menu-button-renderer[@class='style-scope ytd-masthead style-default']
2026-02-26 18:35:03.882 [TestNG-test-Yt Master Tests-2] INFO  [verifyingGlobalFilterLandingPage] [verifyingGlobalFilterLandingPage] Element found and ready (attempt 1): By.xpath: //ytd-topbar-menu-button-renderer[@class='style-scope ytd-masthead style-default']
2026-02-26 18:35:04.138 [TestNG-test-Yt Master Tests-2] INFO  [verifyingGlobalFilterLandingPage] [verifyingGlobalFilterLandingPage] Waiting until element is visible in viewport
2026-02-26 18:35:04.692 [TestNG-test-Yt Master Tests-2] INFO  [verifyingGlobalFilterLandingPage] [verifyingGlobalFilterLandingPage] Capturing screenshot: Filter Applied is English (US)__2026-02-26_183504.jpg
2026-02-26 18:35:04.978 [TestNG-test-Yt Master Tests-2] INFO  [verifyingGlobalFilterLandingPage] [verifyingGlobalFilterLandingPage] Screenshot saved at: test-output/screenshots/Run_2026-02-26_18-32-27/verifyingGlobalFilterLandingPage/Filter Applied is English (US)__2026-02-26_183504.jpg
2026-02-26 18:35:04.978 [TestNG-test-Yt Master Tests-2] INFO  [verifyingGlobalFilterLandingPage] Clicking settings ellipses button...
2026-02-26 18:35:04.978 [TestNG-test-Yt Master Tests-2] INFO  [verifyingGlobalFilterLandingPage] [verifyingGlobalFilterLandingPage] Trying to find element: By.xpath: //ytd-topbar-menu-button-renderer[@class='style-scope ytd-masthead style-default']
2026-02-26 18:35:05.046 [TestNG-test-Yt Master Tests-2] INFO  [verifyingGlobalFilterLandingPage] [verifyingGlobalFilterLandingPage] Element found and ready (attempt 1): By.xpath: //ytd-topbar-menu-button-renderer[@class='style-scope ytd-masthead style-default']
2026-02-26 18:35:05.131 [TestNG-test-Yt Master Tests-2] INFO  [verifyingGlobalFilterLandingPage] Clicking on global filter button in landing page..
2026-02-26 18:35:05.131 [TestNG-test-Yt Master Tests-2] INFO  [verifyingGlobalFilterLandingPage] [verifyingGlobalFilterLandingPage] Trying to click element: By.xpath: //div[@id='filter-button']
2026-02-26 18:35:05.394 [TestNG-test-Yt Master Tests-2] INFO  [verifyingGlobalFilterLandingPage] [verifyingGlobalFilterLandingPage] Clicked successfully (attempt 1): By.xpath: //div[@id='filter-button']
2026-02-26 18:35:05.394 [TestNG-test-Yt Master Tests-2] INFO  [verifyingGlobalFilterLandingPage] [verifyingGlobalFilterLandingPage] Waiting until element is visible in viewport
2026-02-26 18:35:05.428 [TestNG-test-Yt Master Tests-2] INFO  [verifyingGlobalFilterLandingPage] [verifyingGlobalFilterLandingPage] Capturing screenshot: Filter Applied is English (US)__2026-02-26_183505.jpg
2026-02-26 18:35:05.660 [TestNG-test-Yt Master Tests-2] INFO  [verifyingGlobalFilterLandingPage] [verifyingGlobalFilterLandingPage] Screenshot saved at: test-output/screenshots/Run_2026-02-26_18-32-27/verifyingGlobalFilterLandingPage/Filter Applied is English (US)__2026-02-26_183505.jpg
2026-02-26 18:35:05.660 [TestNG-test-Yt Master Tests-2] INFO  [verifyingGlobalFilterLandingPage] Fetching the data from the global filter in landing page
2026-02-26 18:35:05.660 [TestNG-test-Yt Master Tests-2] INFO  [verifyingGlobalFilterLandingPage] [verifyingGlobalFilterLandingPage] Trying to find element: By.xpath: //ytd-search-filter-options-dialog-renderer[@class='style-scope ytd-popup-container']
2026-02-26 18:35:05.732 [TestNG-test-Yt Master Tests-2] INFO  [verifyingGlobalFilterLandingPage] [verifyingGlobalFilterLandingPage] Element found and ready (attempt 1): By.xpath: //ytd-search-filter-options-dialog-renderer[@class='style-scope ytd-popup-container']
2026-02-26 18:35:05.776 [TestNG-test-Yt Master Tests-2] INFO  [verifyingGlobalFilterLandingPage] Closing the global filter pop-up in landing page..
2026-02-26 18:35:05.776 [TestNG-test-Yt Master Tests-2] INFO  [verifyingGlobalFilterLandingPage] [verifyingGlobalFilterLandingPage] Trying to find element: By.xpath: //yt-icon[@icon='close']
2026-02-26 18:35:05.861 [TestNG-test-Yt Master Tests-2] INFO  [verifyingGlobalFilterLandingPage] [verifyingGlobalFilterLandingPage] Element found and ready (attempt 1): By.xpath: //yt-icon[@icon='close']
2026-02-26 18:35:05.937 [TestNG-test-Yt Master Tests-2] INFO  [verifyingGlobalFilterLandingPage] Clicking settings ellipses button...
2026-02-26 18:35:05.938 [TestNG-test-Yt Master Tests-2] INFO  [verifyingGlobalFilterLandingPage] [verifyingGlobalFilterLandingPage] Trying to find element: By.xpath: //ytd-topbar-menu-button-renderer[@class='style-scope ytd-masthead style-default']
2026-02-26 18:35:06.045 [TestNG-test-Yt Master Tests-2] INFO  [verifyingGlobalFilterLandingPage] [verifyingGlobalFilterLandingPage] Element found and ready (attempt 1): By.xpath: //ytd-topbar-menu-button-renderer[@class='style-scope ytd-masthead style-default']
2026-02-26 18:35:06.135 [TestNG-test-Yt Master Tests-2] INFO  [verifyingGlobalFilterLandingPage] Clicking language dropdown...
2026-02-26 18:35:06.135 [TestNG-test-Yt Master Tests-2] INFO  [verifyingGlobalFilterLandingPage] [verifyingGlobalFilterLandingPage] Trying to find element: By.xpath: (//div[@id='content-icon'])[2]
2026-02-26 18:35:06.365 [TestNG-test-Yt Master Tests-2] INFO  [verifyingGlobalFilterLandingPage] [verifyingGlobalFilterLandingPage] Element found and ready (attempt 1): By.xpath: (//div[@id='content-icon'])[2]
2026-02-26 18:35:06.970 [TestNG-test-Yt Master Tests-2] INFO  [verifyingGlobalFilterLandingPage] [verifyingGlobalFilterLandingPage] Trying to find element: By.xpath: //yt-multi-page-menu-section-renderer[@class='style-scope ytd-multi-page-menu-renderer']//yt-formatted-string[@id='label' and text()='Español (España)']
2026-02-26 18:35:07.074 [TestNG-test-Yt Master Tests-2] INFO  [verifyingGlobalFilterLandingPage] [verifyingGlobalFilterLandingPage] Element found and ready (attempt 1): By.xpath: //yt-multi-page-menu-section-renderer[@class='style-scope ytd-multi-page-menu-renderer']//yt-formatted-string[@id='label' and text()='Español (España)']
2026-02-26 18:35:07.074 [TestNG-test-Yt Master Tests-2] INFO  [verifyingGlobalFilterLandingPage] Looking for language element with name: Español (España)
2026-02-26 18:35:07.074 [TestNG-test-Yt Master Tests-2] INFO  [verifyingGlobalFilterLandingPage] [verifyingGlobalFilterLandingPage] Within smoothScrollToElement method
2026-02-26 18:35:07.075 [TestNG-test-Yt Master Tests-2] INFO  [verifyingGlobalFilterLandingPage] SafeActions initialized with driver ChromeDriver: chrome on windows (2ea20dc88e7a9114ed946c3cb12be274)
2026-02-26 18:35:07.075 [TestNG-test-Yt Master Tests-2] INFO  [verifyingGlobalFilterLandingPage] [verifyingGlobalFilterLandingPage] Trying to find element: By.xpath: //yt-multi-page-menu-section-renderer[@class='style-scope ytd-multi-page-menu-renderer']//yt-formatted-string[@id='label' and text()='Español (España)']
2026-02-26 18:35:07.140 [TestNG-test-Yt Master Tests-2] INFO  [verifyingGlobalFilterLandingPage] [verifyingGlobalFilterLandingPage] Element found and ready (attempt 1): By.xpath: //yt-multi-page-menu-section-renderer[@class='style-scope ytd-multi-page-menu-renderer']//yt-formatted-string[@id='label' and text()='Español (España)']
2026-02-26 18:35:07.175 [TestNG-test-Yt Master Tests-2] INFO  [verifyingGlobalFilterLandingPage] [verifyingGlobalFilterLandingPage] Successfully scrolled to element: By.xpath: //yt-multi-page-menu-section-renderer[@class='style-scope ytd-multi-page-menu-renderer']//yt-formatted-string[@id='label' and text()='Español (España)']
2026-02-26 18:35:07.175 [TestNG-test-Yt Master Tests-2] INFO  [verifyingGlobalFilterLandingPage] Looking for language element with name: Español (España)
2026-02-26 18:35:07.175 [TestNG-test-Yt Master Tests-2] INFO  [verifyingGlobalFilterLandingPage] [verifyingGlobalFilterLandingPage] Trying to find element: By.xpath: //yt-multi-page-menu-section-renderer[@class='style-scope ytd-multi-page-menu-renderer']//yt-formatted-string[@id='label' and text()='Español (España)']
2026-02-26 18:35:07.286 [TestNG-test-Yt Master Tests-2] INFO  [verifyingGlobalFilterLandingPage] [verifyingGlobalFilterLandingPage] Element found and ready (attempt 1): By.xpath: //yt-multi-page-menu-section-renderer[@class='style-scope ytd-multi-page-menu-renderer']//yt-formatted-string[@id='label' and text()='Español (España)']
2026-02-26 18:38:07.347 [TestNG-test-Yt Master Tests-2] WARN  [verifyingGlobalFilterLandingPage] [verifyingGlobalFilterLandingPage] Retrying test 'verifyingGlobalFilterLandingPage' (attempt 1) due to: java.util.concurrent.TimeoutException
Build info: version: '4.27.0', revision: 'd6e718d134'
System info: os.name: 'Windows Server 2025', os.arch: 'amd64', os.version: '10.0', java.version: '24.0.2'
Driver info: org.openqa.selenium.chrome.ChromeDriver
Command: [2ea20dc88e7a9114ed946c3cb12be274, clickElement {id=f.512DCB5589221A8B16E61B9AEE881C21.d.FDC18B31D2C12CB752D96EC59EA0531B.e.509}]
Capabilities {acceptInsecureCerts: false, browserName: chrome, browserVersion: 145.0.7632.76, chrome: {chromedriverVersion: 145.0.7632.117 (de4e5d6e13b..., userDataDir: C:\Windows\SystemTemp\scope...}, fedcm:accounts: true, goog:chromeOptions: {debuggerAddress: localhost:51456}, goog:processID: 8644, networkConnectionEnabled: false, pageLoadStrategy: normal, platformName: windows, proxy: Proxy(), se:cdp: ws://localhost:51456/devtoo..., se:cdpVersion: 145.0.7632.76, setWindowRect: true, strictFileInteractability: false, timeouts: {implicit: 0, pageLoad: 300000, script: 30000}, unhandledPromptBehavior: dismiss and notify, webauthn:extension:credBlob: true, webauthn:extension:largeBlob: true, webauthn:extension:minPinLength: true, webauthn:extension:prf: true, webauthn:virtualAuthenticators: true}
Element: [[ChromeDriver: chrome on windows (2ea20dc88e7a9114ed946c3cb12be274)] -> xpath: //yt-multi-page-menu-section-renderer[@class='style-scope ytd-multi-page-menu-renderer']//yt-formatted-string[@id='label' and text()='Español (España)']]
Session ID: 2ea20dc88e7a9114ed946c3cb12be274
2026-02-26 18:38:07.380 [TestNG-test-Yt Master Tests-2] WARN  [verifyingGlobalFilterLandingPage] Test SKIPPED: verifyingGlobalFilterLandingPage
2026-02-26 18:38:07.380 [TestNG-test-Yt Master Tests-2] INFO  [verifyingGlobalFilterLandingPage] Closing WebDriver for thread: 35
2026-02-26 18:38:38.418 [TestNG-test-Yt Master Tests-2] INFO  [verifyingGlobalFilterLandingPage] WebDriver instance removed from ThreadLocal for thread: 35
2026-02-26 18:38:38.419 [TestNG-test-Yt Master Tests-2] INFO  [verifyingGlobalFilterLandingPage] Driver closed for test: verifyingGlobalFilterLandingPage
2026-02-26 18:38:38.426 [TestNG-test-Yt Master Tests-2] INFO  [verifyingGlobalFilterLandingPage] ===== STARTING TEST: verifyingGlobalFilterLandingPage  | Thread: 35 =====
2026-02-26 18:38:38.426 [TestNG-test-Yt Master Tests-2] INFO  [verifyingGlobalFilterLandingPage] No existing WebDriver found for current thread. Initializing a new ChromeDriver...
2026-02-26 18:38:38.721 [TestNG-test-Yt Master Tests-2] INFO  [verifyingGlobalFilterLandingPage] WebDriverManager: chromedriver setup OK
2026-02-26 18:39:23.449 [TestNG-test-Yt Master Tests-2] INFO  [verifyingGlobalFilterLandingPage] ChromeDriver initialized successfully for thread: 35
2026-02-26 18:39:23.449 [TestNG-test-Yt Master Tests-2] INFO  [verifyingGlobalFilterLandingPage] Driver initialized successfully for test: verifyingGlobalFilterLandingPage
2026-02-26 18:39:23.452 [TestNG-test-Yt Master Tests-2] INFO  [verifyingGlobalFilterLandingPage] SafeActions initialized with driver ChromeDriver: chrome on windows (937905abe1e91b515f960d9fa6849c47)
2026-02-26 18:39:23.452 [TestNG-test-Yt Master Tests-2] INFO  [verifyingGlobalFilterLandingPage] SafeActions initialized with driver ChromeDriver: chrome on windows (937905abe1e91b515f960d9fa6849c47)
2026-02-26 18:39:23.452 [TestNG-test-Yt Master Tests-2] INFO  [verifyingGlobalFilterLandingPage] Initialized YtLandingPage with driver: ChromeDriver: chrome on windows (937905abe1e91b515f960d9fa6849c47)
2026-02-26 18:40:02.984 [TestNG-test-Yt Master Tests-2] INFO  [verifyingGlobalFilterLandingPage] Opened YouTube landing page.
2026-02-26 18:40:02.984 [TestNG-test-Yt Master Tests-2] INFO  [verifyingGlobalFilterLandingPage] Giving input into the search bar with input as  = youtube
2026-02-26 18:40:02.984 [TestNG-test-Yt Master Tests-2] INFO  [verifyingGlobalFilterLandingPage] [verifyingGlobalFilterLandingPage] Trying to click element: By.xpath: //input[@class='ytSearchboxComponentInput yt-searchbox-input title']
2026-02-26 18:40:03.326 [TestNG-test-Yt Master Tests-2] INFO  [verifyingGlobalFilterLandingPage] [verifyingGlobalFilterLandingPage] Clicked successfully (attempt 1): By.xpath: //input[@class='ytSearchboxComponentInput yt-searchbox-input title']
2026-02-26 18:40:03.326 [TestNG-test-Yt Master Tests-2] INFO  [verifyingGlobalFilterLandingPage] [verifyingGlobalFilterLandingPage] Trying to find element: By.xpath: //input[@class='ytSearchboxComponentInput yt-searchbox-input title']
2026-02-26 18:40:03.416 [TestNG-test-Yt Master Tests-2] INFO  [verifyingGlobalFilterLandingPage] [verifyingGlobalFilterLandingPage] Element found and ready (attempt 1): By.xpath: //input[@class='ytSearchboxComponentInput yt-searchbox-input title']
2026-02-26 18:40:03.481 [TestNG-test-Yt Master Tests-2] INFO  [verifyingGlobalFilterLandingPage] clickEnter(By.xpath: //input[@class='ytSearchboxComponentInput yt-searchbox-input title'])
2026-02-26 18:40:03.482 [TestNG-test-Yt Master Tests-2] INFO  [verifyingGlobalFilterLandingPage] [verifyingGlobalFilterLandingPage] Trying to find element: By.xpath: //input[@class='ytSearchboxComponentInput yt-searchbox-input title']
2026-02-26 18:40:03.856 [TestNG-test-Yt Master Tests-2] INFO  [verifyingGlobalFilterLandingPage] [verifyingGlobalFilterLandingPage] Element found and ready (attempt 1): By.xpath: //input[@class='ytSearchboxComponentInput yt-searchbox-input title']
2026-02-26 18:40:03.952 [TestNG-test-Yt Master Tests-2] INFO  [verifyingGlobalFilterLandingPage] Sent ENTER to By.xpath: //input[@class='ytSearchboxComponentInput yt-searchbox-input title']
2026-02-26 18:40:03.952 [TestNG-test-Yt Master Tests-2] INFO  [verifyingGlobalFilterLandingPage] [verifyingGlobalFilterLandingPage] Execution is scheduled type /CRON Job on CI Hence refering to CI keys from UtilData
2026-02-26 18:40:03.952 [TestNG-test-Yt Master Tests-2] INFO  [verifyingGlobalFilterLandingPage] Clicking settings ellipses button...
2026-02-26 18:40:03.952 [TestNG-test-Yt Master Tests-2] INFO  [verifyingGlobalFilterLandingPage] [verifyingGlobalFilterLandingPage] Trying to find element: By.xpath: //ytd-topbar-menu-button-renderer[@class='style-scope ytd-masthead style-default']
2026-02-26 18:40:04.169 [TestNG-test-Yt Master Tests-2] INFO  [verifyingGlobalFilterLandingPage] [verifyingGlobalFilterLandingPage] Element found and ready (attempt 1): By.xpath: //ytd-topbar-menu-button-renderer[@class='style-scope ytd-masthead style-default']
2026-02-26 18:40:04.421 [TestNG-test-Yt Master Tests-2] INFO  [verifyingGlobalFilterLandingPage] Clicking language dropdown...
2026-02-26 18:40:04.421 [TestNG-test-Yt Master Tests-2] INFO  [verifyingGlobalFilterLandingPage] [verifyingGlobalFilterLandingPage] Trying to find element: By.xpath: (//div[@id='content-icon'])[2]
2026-02-26 18:40:07.090 [TestNG-test-Yt Master Tests-2] INFO  [verifyingGlobalFilterLandingPage] [verifyingGlobalFilterLandingPage] Element found and ready (attempt 1): By.xpath: (//div[@id='content-icon'])[2]
2026-02-26 18:40:08.054 [TestNG-test-Yt Master Tests-2] INFO  [verifyingGlobalFilterLandingPage] [verifyingGlobalFilterLandingPage] Trying to find element: By.xpath: //yt-multi-page-menu-section-renderer[@class='style-scope ytd-multi-page-menu-renderer']//yt-formatted-string[@id='label' and text()='Afrikaans']
2026-02-26 18:40:08.400 [TestNG-test-Yt Master Tests-2] INFO  [verifyingGlobalFilterLandingPage] [verifyingGlobalFilterLandingPage] Element found and ready (attempt 1): By.xpath: //yt-multi-page-menu-section-renderer[@class='style-scope ytd-multi-page-menu-renderer']//yt-formatted-string[@id='label' and text()='Afrikaans']
2026-02-26 18:40:08.401 [TestNG-test-Yt Master Tests-2] INFO  [verifyingGlobalFilterLandingPage] Looking for language element with name: Afrikaans
2026-02-26 18:40:08.401 [TestNG-test-Yt Master Tests-2] INFO  [verifyingGlobalFilterLandingPage] [verifyingGlobalFilterLandingPage] Within smoothScrollToElement method
2026-02-26 18:40:08.401 [TestNG-test-Yt Master Tests-2] INFO  [verifyingGlobalFilterLandingPage] SafeActions initialized with driver ChromeDriver: chrome on windows (937905abe1e91b515f960d9fa6849c47)
2026-02-26 18:40:08.401 [TestNG-test-Yt Master Tests-2] INFO  [verifyingGlobalFilterLandingPage] [verifyingGlobalFilterLandingPage] Trying to find element: By.xpath: //yt-multi-page-menu-section-renderer[@class='style-scope ytd-multi-page-menu-renderer']//yt-formatted-string[@id='label' and text()='Afrikaans']
2026-02-26 18:40:08.488 [TestNG-test-Yt Master Tests-2] INFO  [verifyingGlobalFilterLandingPage] [verifyingGlobalFilterLandingPage] Element found and ready (attempt 1): By.xpath: //yt-multi-page-menu-section-renderer[@class='style-scope ytd-multi-page-menu-renderer']//yt-formatted-string[@id='label' and text()='Afrikaans']
2026-02-26 18:40:08.530 [TestNG-test-Yt Master Tests-2] INFO  [verifyingGlobalFilterLandingPage] [verifyingGlobalFilterLandingPage] Successfully scrolled to element: By.xpath: //yt-multi-page-menu-section-renderer[@class='style-scope ytd-multi-page-menu-renderer']//yt-formatted-string[@id='label' and text()='Afrikaans']
2026-02-26 18:40:08.531 [TestNG-test-Yt Master Tests-2] INFO  [verifyingGlobalFilterLandingPage] Looking for language element with name: Afrikaans
2026-02-26 18:40:08.531 [TestNG-test-Yt Master Tests-2] INFO  [verifyingGlobalFilterLandingPage] [verifyingGlobalFilterLandingPage] Trying to find element: By.xpath: //yt-multi-page-menu-section-renderer[@class='style-scope ytd-multi-page-menu-renderer']//yt-formatted-string[@id='label' and text()='Afrikaans']
2026-02-26 18:40:08.616 [TestNG-test-Yt Master Tests-2] INFO  [verifyingGlobalFilterLandingPage] [verifyingGlobalFilterLandingPage] Element found and ready (attempt 1): By.xpath: //yt-multi-page-menu-section-renderer[@class='style-scope ytd-multi-page-menu-renderer']//yt-formatted-string[@id='label' and text()='Afrikaans']
2026-02-26 18:40:11.292 [TestNG-test-Yt Master Tests-2] INFO  [verifyingGlobalFilterLandingPage] Clicking settings ellipses button...
2026-02-26 18:40:11.293 [TestNG-test-Yt Master Tests-2] INFO  [verifyingGlobalFilterLandingPage] [verifyingGlobalFilterLandingPage] Trying to find element: By.xpath: //ytd-topbar-menu-button-renderer[@class='style-scope ytd-masthead style-default']
2026-02-26 18:40:12.817 [TestNG-test-Yt Master Tests-2] INFO  [verifyingGlobalFilterLandingPage] [verifyingGlobalFilterLandingPage] Element found and ready (attempt 1): By.xpath: //ytd-topbar-menu-button-renderer[@class='style-scope ytd-masthead style-default']
2026-02-26 18:40:13.254 [TestNG-test-Yt Master Tests-2] INFO  [verifyingGlobalFilterLandingPage] [verifyingGlobalFilterLandingPage] Waiting until element is visible in viewport
2026-02-26 18:40:13.404 [TestNG-test-Yt Master Tests-2] INFO  [verifyingGlobalFilterLandingPage] [verifyingGlobalFilterLandingPage] Capturing screenshot: Filter Applied is Afrikaans__2026-02-26_184013.jpg
2026-02-26 18:40:13.717 [TestNG-test-Yt Master Tests-2] INFO  [verifyingGlobalFilterLandingPage] [verifyingGlobalFilterLandingPage] Screenshot saved at: test-output/screenshots/Run_2026-02-26_18-32-27/verifyingGlobalFilterLandingPage/Filter Applied is Afrikaans__2026-02-26_184013.jpg
2026-02-26 18:40:13.717 [TestNG-test-Yt Master Tests-2] INFO  [verifyingGlobalFilterLandingPage] Clicking settings ellipses button...
2026-02-26 18:40:13.717 [TestNG-test-Yt Master Tests-2] INFO  [verifyingGlobalFilterLandingPage] [verifyingGlobalFilterLandingPage] Trying to find element: By.xpath: //ytd-topbar-menu-button-renderer[@class='style-scope ytd-masthead style-default']
2026-02-26 18:40:13.788 [TestNG-test-Yt Master Tests-2] INFO  [verifyingGlobalFilterLandingPage] [verifyingGlobalFilterLandingPage] Element found and ready (attempt 1): By.xpath: //ytd-topbar-menu-button-renderer[@class='style-scope ytd-masthead style-default']
2026-02-26 18:40:13.891 [TestNG-test-Yt Master Tests-2] INFO  [verifyingGlobalFilterLandingPage] Clicking on global filter button in landing page..
2026-02-26 18:40:13.891 [TestNG-test-Yt Master Tests-2] INFO  [verifyingGlobalFilterLandingPage] [verifyingGlobalFilterLandingPage] Trying to click element: By.xpath: //div[@id='filter-button']
2026-02-26 18:40:14.304 [TestNG-test-Yt Master Tests-2] INFO  [verifyingGlobalFilterLandingPage] [verifyingGlobalFilterLandingPage] Clicked successfully (attempt 1): By.xpath: //div[@id='filter-button']
2026-02-26 18:40:14.304 [TestNG-test-Yt Master Tests-2] INFO  [verifyingGlobalFilterLandingPage] [verifyingGlobalFilterLandingPage] Waiting until element is visible in viewport
2026-02-26 18:40:14.339 [TestNG-test-Yt Master Tests-2] INFO  [verifyingGlobalFilterLandingPage] [verifyingGlobalFilterLandingPage] Capturing screenshot: Filter Applied is Afrikaans__2026-02-26_184014.jpg
2026-02-26 18:40:14.575 [TestNG-test-Yt Master Tests-2] INFO  [verifyingGlobalFilterLandingPage] [verifyingGlobalFilterLandingPage] Screenshot saved at: test-output/screenshots/Run_2026-02-26_18-32-27/verifyingGlobalFilterLandingPage/Filter Applied is Afrikaans__2026-02-26_184014.jpg
2026-02-26 18:40:14.575 [TestNG-test-Yt Master Tests-2] INFO  [verifyingGlobalFilterLandingPage] Fetching the data from the global filter in landing page
2026-02-26 18:40:14.575 [TestNG-test-Yt Master Tests-2] INFO  [verifyingGlobalFilterLandingPage] [verifyingGlobalFilterLandingPage] Trying to find element: By.xpath: //ytd-search-filter-options-dialog-renderer[@class='style-scope ytd-popup-container']
2026-02-26 18:40:14.649 [TestNG-test-Yt Master Tests-2] INFO  [verifyingGlobalFilterLandingPage] [verifyingGlobalFilterLandingPage] Element found and ready (attempt 1): By.xpath: //ytd-search-filter-options-dialog-renderer[@class='style-scope ytd-popup-container']
2026-02-26 18:40:14.700 [TestNG-test-Yt Master Tests-2] INFO  [verifyingGlobalFilterLandingPage] Closing the global filter pop-up in landing page..
2026-02-26 18:40:14.700 [TestNG-test-Yt Master Tests-2] INFO  [verifyingGlobalFilterLandingPage] [verifyingGlobalFilterLandingPage] Trying to find element: By.xpath: //yt-icon[@icon='close']
2026-02-26 18:40:14.773 [TestNG-test-Yt Master Tests-2] INFO  [verifyingGlobalFilterLandingPage] [verifyingGlobalFilterLandingPage] Element found and ready (attempt 1): By.xpath: //yt-icon[@icon='close']
2026-02-26 18:40:14.844 [TestNG-test-Yt Master Tests-2] INFO  [verifyingGlobalFilterLandingPage] Clicking settings ellipses button...
2026-02-26 18:40:14.844 [TestNG-test-Yt Master Tests-2] INFO  [verifyingGlobalFilterLandingPage] [verifyingGlobalFilterLandingPage] Trying to find element: By.xpath: //ytd-topbar-menu-button-renderer[@class='style-scope ytd-masthead style-default']
2026-02-26 18:40:14.938 [TestNG-test-Yt Master Tests-2] INFO  [verifyingGlobalFilterLandingPage] [verifyingGlobalFilterLandingPage] Element found and ready (attempt 1): By.xpath: //ytd-topbar-menu-button-renderer[@class='style-scope ytd-masthead style-default']
2026-02-26 18:40:15.163 [TestNG-test-Yt Master Tests-2] INFO  [verifyingGlobalFilterLandingPage] Clicking language dropdown...
2026-02-26 18:40:15.163 [TestNG-test-Yt Master Tests-2] INFO  [verifyingGlobalFilterLandingPage] [verifyingGlobalFilterLandingPage] Trying to find element: By.xpath: (//div[@id='content-icon'])[2]
2026-02-26 18:40:16.179 [TestNG-test-Yt Master Tests-2] INFO  [verifyingGlobalFilterLandingPage] [verifyingGlobalFilterLandingPage] Element found and ready (attempt 1): By.xpath: (//div[@id='content-icon'])[2]
2026-02-26 18:40:16.683 [TestNG-test-Yt Master Tests-2] INFO  [verifyingGlobalFilterLandingPage] [verifyingGlobalFilterLandingPage] Trying to find element: By.xpath: //yt-multi-page-menu-section-renderer[@class='style-scope ytd-multi-page-menu-renderer']//yt-formatted-string[@id='label' and text()='Azərbaycan']
2026-02-26 18:40:16.897 [TestNG-test-Yt Master Tests-2] INFO  [verifyingGlobalFilterLandingPage] [verifyingGlobalFilterLandingPage] Element found and ready (attempt 1): By.xpath: //yt-multi-page-menu-section-renderer[@class='style-scope ytd-multi-page-menu-renderer']//yt-formatted-string[@id='label' and text()='Azərbaycan']
2026-02-26 18:40:16.897 [TestNG-test-Yt Master Tests-2] INFO  [verifyingGlobalFilterLandingPage] Looking for language element with name: Azərbaycan
2026-02-26 18:40:16.898 [TestNG-test-Yt Master Tests-2] INFO  [verifyingGlobalFilterLandingPage] [verifyingGlobalFilterLandingPage] Within smoothScrollToElement method
2026-02-26 18:40:16.898 [TestNG-test-Yt Master Tests-2] INFO  [verifyingGlobalFilterLandingPage] SafeActions initialized with driver ChromeDriver: chrome on windows (937905abe1e91b515f960d9fa6849c47)
2026-02-26 18:40:16.898 [TestNG-test-Yt Master Tests-2] INFO  [verifyingGlobalFilterLandingPage] [verifyingGlobalFilterLandingPage] Trying to find element: By.xpath: //yt-multi-page-menu-section-renderer[@class='style-scope ytd-multi-page-menu-renderer']//yt-formatted-string[@id='label' and text()='Azərbaycan']
2026-02-26 18:40:17.035 [TestNG-test-Yt Master Tests-2] INFO  [verifyingGlobalFilterLandingPage] [verifyingGlobalFilterLandingPage] Element found and ready (attempt 1): By.xpath: //yt-multi-page-menu-section-renderer[@class='style-scope ytd-multi-page-menu-renderer']//yt-formatted-string[@id='label' and text()='Azərbaycan']
2026-02-26 18:40:17.084 [TestNG-test-Yt Master Tests-2] INFO  [verifyingGlobalFilterLandingPage] [verifyingGlobalFilterLandingPage] Successfully scrolled to element: By.xpath: //yt-multi-page-menu-section-renderer[@class='style-scope ytd-multi-page-menu-renderer']//yt-formatted-string[@id='label' and text()='Azərbaycan']
2026-02-26 18:40:17.084 [TestNG-test-Yt Master Tests-2] INFO  [verifyingGlobalFilterLandingPage] Looking for language element with name: Azərbaycan
2026-02-26 18:40:17.084 [TestNG-test-Yt Master Tests-2] INFO  [verifyingGlobalFilterLandingPage] [verifyingGlobalFilterLandingPage] Trying to find element: By.xpath: //yt-multi-page-menu-section-renderer[@class='style-scope ytd-multi-page-menu-renderer']//yt-formatted-string[@id='label' and text()='Azərbaycan']
2026-02-26 18:40:17.216 [TestNG-test-Yt Master Tests-2] INFO  [verifyingGlobalFilterLandingPage] [verifyingGlobalFilterLandingPage] Element found and ready (attempt 1): By.xpath: //yt-multi-page-menu-section-renderer[@class='style-scope ytd-multi-page-menu-renderer']//yt-formatted-string[@id='label' and text()='Azərbaycan']
2026-02-26 18:40:19.966 [TestNG-test-Yt Master Tests-2] INFO  [verifyingGlobalFilterLandingPage] Clicking settings ellipses button...
2026-02-26 18:40:19.967 [TestNG-test-Yt Master Tests-2] INFO  [verifyingGlobalFilterLandingPage] [verifyingGlobalFilterLandingPage] Trying to find element: By.xpath: //ytd-topbar-menu-button-renderer[@class='style-scope ytd-masthead style-default']
2026-02-26 18:40:21.698 [TestNG-test-Yt Master Tests-2] INFO  [verifyingGlobalFilterLandingPage] [verifyingGlobalFilterLandingPage] Element found and ready (attempt 1): By.xpath: //ytd-topbar-menu-button-renderer[@class='style-scope ytd-masthead style-default']
2026-02-26 18:40:21.797 [TestNG-test-Yt Master Tests-2] INFO  [verifyingGlobalFilterLandingPage] [verifyingGlobalFilterLandingPage] Waiting until element is visible in viewport
2026-02-26 18:40:22.342 [TestNG-test-Yt Master Tests-2] INFO  [verifyingGlobalFilterLandingPage] [verifyingGlobalFilterLandingPage] Capturing screenshot: Filter Applied is Azərbaycan__2026-02-26_184022.jpg
2026-02-26 18:40:22.583 [TestNG-test-Yt Master Tests-2] INFO  [verifyingGlobalFilterLandingPage] [verifyingGlobalFilterLandingPage] Screenshot saved at: test-output/screenshots/Run_2026-02-26_18-32-27/verifyingGlobalFilterLandingPage/Filter Applied is Azərbaycan__2026-02-26_184022.jpg
2026-02-26 18:40:22.583 [TestNG-test-Yt Master Tests-2] INFO  [verifyingGlobalFilterLandingPage] Clicking settings ellipses button...
2026-02-26 18:40:22.583 [TestNG-test-Yt Master Tests-2] INFO  [verifyingGlobalFilterLandingPage] [verifyingGlobalFilterLandingPage] Trying to find element: By.xpath: //ytd-topbar-menu-button-renderer[@class='style-scope ytd-masthead style-default']
2026-02-26 18:40:22.716 [TestNG-test-Yt Master Tests-2] INFO  [verifyingGlobalFilterLandingPage] [verifyingGlobalFilterLandingPage] Element found and ready (attempt 1): By.xpath: //ytd-topbar-menu-button-renderer[@class='style-scope ytd-masthead style-default']
2026-02-26 18:40:22.776 [TestNG-test-Yt Master Tests-2] INFO  [verifyingGlobalFilterLandingPage] Clicking on global filter button in landing page..
2026-02-26 18:40:22.777 [TestNG-test-Yt Master Tests-2] INFO  [verifyingGlobalFilterLandingPage] [verifyingGlobalFilterLandingPage] Trying to click element: By.xpath: //div[@id='filter-button']
2026-02-26 18:40:23.018 [TestNG-test-Yt Master Tests-2] INFO  [verifyingGlobalFilterLandingPage] [verifyingGlobalFilterLandingPage] Clicked successfully (attempt 1): By.xpath: //div[@id='filter-button']
2026-02-26 18:40:23.018 [TestNG-test-Yt Master Tests-2] INFO  [verifyingGlobalFilterLandingPage] [verifyingGlobalFilterLandingPage] Waiting until element is visible in viewport
2026-02-26 18:40:23.046 [TestNG-test-Yt Master Tests-2] INFO  [verifyingGlobalFilterLandingPage] [verifyingGlobalFilterLandingPage] Capturing screenshot: Filter Applied is Azərbaycan__2026-02-26_184023.jpg
2026-02-26 18:40:23.273 [TestNG-test-Yt Master Tests-2] INFO  [verifyingGlobalFilterLandingPage] [verifyingGlobalFilterLandingPage] Screenshot saved at: test-output/screenshots/Run_2026-02-26_18-32-27/verifyingGlobalFilterLandingPage/Filter Applied is Azərbaycan__2026-02-26_184023.jpg
2026-02-26 18:40:23.274 [TestNG-test-Yt Master Tests-2] INFO  [verifyingGlobalFilterLandingPage] Fetching the data from the global filter in landing page
2026-02-26 18:40:23.274 [TestNG-test-Yt Master Tests-2] INFO  [verifyingGlobalFilterLandingPage] [verifyingGlobalFilterLandingPage] Trying to find element: By.xpath: //ytd-search-filter-options-dialog-renderer[@class='style-scope ytd-popup-container']
2026-02-26 18:40:23.350 [TestNG-test-Yt Master Tests-2] INFO  [verifyingGlobalFilterLandingPage] [verifyingGlobalFilterLandingPage] Element found and ready (attempt 1): By.xpath: //ytd-search-filter-options-dialog-renderer[@class='style-scope ytd-popup-container']
2026-02-26 18:40:23.386 [TestNG-test-Yt Master Tests-2] INFO  [verifyingGlobalFilterLandingPage] Closing the global filter pop-up in landing page..
2026-02-26 18:40:23.386 [TestNG-test-Yt Master Tests-2] INFO  [verifyingGlobalFilterLandingPage] [verifyingGlobalFilterLandingPage] Trying to find element: By.xpath: //yt-icon[@icon='close']
2026-02-26 18:40:23.468 [TestNG-test-Yt Master Tests-2] INFO  [verifyingGlobalFilterLandingPage] [verifyingGlobalFilterLandingPage] Element found and ready (attempt 1): By.xpath: //yt-icon[@icon='close']
2026-02-26 18:40:23.587 [TestNG-test-Yt Master Tests-2] INFO  [verifyingGlobalFilterLandingPage] Clicking settings ellipses button...
2026-02-26 18:40:23.587 [TestNG-test-Yt Master Tests-2] INFO  [verifyingGlobalFilterLandingPage] [verifyingGlobalFilterLandingPage] Trying to find element: By.xpath: //ytd-topbar-menu-button-renderer[@class='style-scope ytd-masthead style-default']
2026-02-26 18:40:23.798 [TestNG-test-Yt Master Tests-2] INFO  [verifyingGlobalFilterLandingPage] [verifyingGlobalFilterLandingPage] Element found and ready (attempt 1): By.xpath: //ytd-topbar-menu-button-renderer[@class='style-scope ytd-masthead style-default']
2026-02-26 18:40:24.073 [TestNG-test-Yt Master Tests-2] INFO  [verifyingGlobalFilterLandingPage] Clicking language dropdown...
2026-02-26 18:40:24.073 [TestNG-test-Yt Master Tests-2] INFO  [verifyingGlobalFilterLandingPage] [verifyingGlobalFilterLandingPage] Trying to find element: By.xpath: (//div[@id='content-icon'])[2]
2026-02-26 18:40:24.292 [TestNG-test-Yt Master Tests-2] INFO  [verifyingGlobalFilterLandingPage] [verifyingGlobalFilterLandingPage] Element found and ready (attempt 1): By.xpath: (//div[@id='content-icon'])[2]
2026-02-26 18:40:25.147 [TestNG-test-Yt Master Tests-2] INFO  [verifyingGlobalFilterLandingPage] [verifyingGlobalFilterLandingPage] Trying to find element: By.xpath: //yt-multi-page-menu-section-renderer[@class='style-scope ytd-multi-page-menu-renderer']//yt-formatted-string[@id='label' and text()='Bahasa Indonesia']
2026-02-26 18:40:25.283 [TestNG-test-Yt Master Tests-2] INFO  [verifyingGlobalFilterLandingPage] [verifyingGlobalFilterLandingPage] Element found and ready (attempt 1): By.xpath: //yt-multi-page-menu-section-renderer[@class='style-scope ytd-multi-page-menu-renderer']//yt-formatted-string[@id='label' and text()='Bahasa Indonesia']
2026-02-26 18:40:25.284 [TestNG-test-Yt Master Tests-2] INFO  [verifyingGlobalFilterLandingPage] Looking for language element with name: Bahasa Indonesia
2026-02-26 18:40:25.284 [TestNG-test-Yt Master Tests-2] INFO  [verifyingGlobalFilterLandingPage] [verifyingGlobalFilterLandingPage] Within smoothScrollToElement method
2026-02-26 18:40:25.284 [TestNG-test-Yt Master Tests-2] INFO  [verifyingGlobalFilterLandingPage] SafeActions initialized with driver ChromeDriver: chrome on windows (937905abe1e91b515f960d9fa6849c47)
2026-02-26 18:40:25.284 [TestNG-test-Yt Master Tests-2] INFO  [verifyingGlobalFilterLandingPage] [verifyingGlobalFilterLandingPage] Trying to find element: By.xpath: //yt-multi-page-menu-section-renderer[@class='style-scope ytd-multi-page-menu-renderer']//yt-formatted-string[@id='label' and text()='Bahasa Indonesia']
2026-02-26 18:40:25.362 [TestNG-test-Yt Master Tests-2] INFO  [verifyingGlobalFilterLandingPage] [verifyingGlobalFilterLandingPage] Element found and ready (attempt 1): By.xpath: //yt-multi-page-menu-section-renderer[@class='style-scope ytd-multi-page-menu-renderer']//yt-formatted-string[@id='label' and text()='Bahasa Indonesia']
2026-02-26 18:40:25.389 [TestNG-test-Yt Master Tests-2] INFO  [verifyingGlobalFilterLandingPage] [verifyingGlobalFilterLandingPage] Successfully scrolled to element: By.xpath: //yt-multi-page-menu-section-renderer[@class='style-scope ytd-multi-page-menu-renderer']//yt-formatted-string[@id='label' and text()='Bahasa Indonesia']
2026-02-26 18:40:25.389 [TestNG-test-Yt Master Tests-2] INFO  [verifyingGlobalFilterLandingPage] Looking for language element with name: Bahasa Indonesia
2026-02-26 18:40:25.389 [TestNG-test-Yt Master Tests-2] INFO  [verifyingGlobalFilterLandingPage] [verifyingGlobalFilterLandingPage] Trying to find element: By.xpath: //yt-multi-page-menu-section-renderer[@class='style-scope ytd-multi-page-menu-renderer']//yt-formatted-string[@id='label' and text()='Bahasa Indonesia']
2026-02-26 18:40:25.470 [TestNG-test-Yt Master Tests-2] INFO  [verifyingGlobalFilterLandingPage] [verifyingGlobalFilterLandingPage] Element found and ready (attempt 1): By.xpath: //yt-multi-page-menu-section-renderer[@class='style-scope ytd-multi-page-menu-renderer']//yt-formatted-string[@id='label' and text()='Bahasa Indonesia']
2026-02-26 18:40:27.634 [TestNG-test-Yt Master Tests-2] INFO  [verifyingGlobalFilterLandingPage] Clicking settings ellipses button...
2026-02-26 18:40:27.634 [TestNG-test-Yt Master Tests-2] INFO  [verifyingGlobalFilterLandingPage] [verifyingGlobalFilterLandingPage] Trying to find element: By.xpath: //ytd-topbar-menu-button-renderer[@class='style-scope ytd-masthead style-default']
2026-02-26 18:40:29.627 [TestNG-test-Yt Master Tests-2] INFO  [verifyingGlobalFilterLandingPage] [verifyingGlobalFilterLandingPage] Element found and ready (attempt 1): By.xpath: //ytd-topbar-menu-button-renderer[@class='style-scope ytd-masthead style-default']
2026-02-26 18:40:29.888 [TestNG-test-Yt Master Tests-2] INFO  [verifyingGlobalFilterLandingPage] [verifyingGlobalFilterLandingPage] Waiting until element is visible in viewport
2026-02-26 18:40:30.056 [TestNG-test-Yt Master Tests-2] INFO  [verifyingGlobalFilterLandingPage] [verifyingGlobalFilterLandingPage] Capturing screenshot: Filter Applied is Bahasa Indonesia__2026-02-26_184030.jpg
2026-02-26 18:40:30.477 [TestNG-test-Yt Master Tests-2] INFO  [verifyingGlobalFilterLandingPage] [verifyingGlobalFilterLandingPage] Screenshot saved at: test-output/screenshots/Run_2026-02-26_18-32-27/verifyingGlobalFilterLandingPage/Filter Applied is Bahasa Indonesia__2026-02-26_184030.jpg
2026-02-26 18:40:30.477 [TestNG-test-Yt Master Tests-2] INFO  [verifyingGlobalFilterLandingPage] Clicking settings ellipses button...
2026-02-26 18:40:30.477 [TestNG-test-Yt Master Tests-2] INFO  [verifyingGlobalFilterLandingPage] [verifyingGlobalFilterLandingPage] Trying to find element: By.xpath: //ytd-topbar-menu-button-renderer[@class='style-scope ytd-masthead style-default']
2026-02-26 18:40:30.553 [TestNG-test-Yt Master Tests-2] INFO  [verifyingGlobalFilterLandingPage] [verifyingGlobalFilterLandingPage] Element found and ready (attempt 1): By.xpath: //ytd-topbar-menu-button-renderer[@class='style-scope ytd-masthead style-default']
2026-02-26 18:40:30.645 [TestNG-test-Yt Master Tests-2] INFO  [verifyingGlobalFilterLandingPage] Clicking on global filter button in landing page..
2026-02-26 18:40:30.645 [TestNG-test-Yt Master Tests-2] INFO  [verifyingGlobalFilterLandingPage] [verifyingGlobalFilterLandingPage] Trying to click element: By.xpath: //div[@id='filter-button']
2026-02-26 18:40:30.940 [TestNG-test-Yt Master Tests-2] INFO  [verifyingGlobalFilterLandingPage] [verifyingGlobalFilterLandingPage] Clicked successfully (attempt 1): By.xpath: //div[@id='filter-button']
2026-02-26 18:40:30.940 [TestNG-test-Yt Master Tests-2] INFO  [verifyingGlobalFilterLandingPage] [verifyingGlobalFilterLandingPage] Waiting until element is visible in viewport
2026-02-26 18:40:30.975 [TestNG-test-Yt Master Tests-2] INFO  [verifyingGlobalFilterLandingPage] [verifyingGlobalFilterLandingPage] Capturing screenshot: Filter Applied is Bahasa Indonesia__2026-02-26_184030.jpg
2026-02-26 18:40:31.385 [TestNG-test-Yt Master Tests-2] INFO  [verifyingGlobalFilterLandingPage] [verifyingGlobalFilterLandingPage] Screenshot saved at: test-output/screenshots/Run_2026-02-26_18-32-27/verifyingGlobalFilterLandingPage/Filter Applied is Bahasa Indonesia__2026-02-26_184030.jpg
2026-02-26 18:40:31.385 [TestNG-test-Yt Master Tests-2] INFO  [verifyingGlobalFilterLandingPage] Fetching the data from the global filter in landing page
2026-02-26 18:40:31.385 [TestNG-test-Yt Master Tests-2] INFO  [verifyingGlobalFilterLandingPage] [verifyingGlobalFilterLandingPage] Trying to find element: By.xpath: //ytd-search-filter-options-dialog-renderer[@class='style-scope ytd-popup-container']
2026-02-26 18:40:31.496 [TestNG-test-Yt Master Tests-2] INFO  [verifyingGlobalFilterLandingPage] [verifyingGlobalFilterLandingPage] Element found and ready (attempt 1): By.xpath: //ytd-search-filter-options-dialog-renderer[@class='style-scope ytd-popup-container']
2026-02-26 18:40:31.534 [TestNG-test-Yt Master Tests-2] INFO  [verifyingGlobalFilterLandingPage] Closing the global filter pop-up in landing page..
2026-02-26 18:40:31.535 [TestNG-test-Yt Master Tests-2] INFO  [verifyingGlobalFilterLandingPage] [verifyingGlobalFilterLandingPage] Trying to find element: By.xpath: //yt-icon[@icon='close']
2026-02-26 18:40:31.607 [TestNG-test-Yt Master Tests-2] INFO  [verifyingGlobalFilterLandingPage] [verifyingGlobalFilterLandingPage] Element found and ready (attempt 1): By.xpath: //yt-icon[@icon='close']
2026-02-26 18:40:31.742 [TestNG-test-Yt Master Tests-2] INFO  [verifyingGlobalFilterLandingPage] Clicking settings ellipses button...
2026-02-26 18:40:31.742 [TestNG-test-Yt Master Tests-2] INFO  [verifyingGlobalFilterLandingPage] [verifyingGlobalFilterLandingPage] Trying to find element: By.xpath: //ytd-topbar-menu-button-renderer[@class='style-scope ytd-masthead style-default']
2026-02-26 18:40:31.994 [TestNG-test-Yt Master Tests-2] INFO  [verifyingGlobalFilterLandingPage] [verifyingGlobalFilterLandingPage] Element found and ready (attempt 1): By.xpath: //ytd-topbar-menu-button-renderer[@class='style-scope ytd-masthead style-default']
2026-02-26 18:40:32.123 [TestNG-test-Yt Master Tests-2] INFO  [verifyingGlobalFilterLandingPage] Clicking language dropdown...
2026-02-26 18:40:32.123 [TestNG-test-Yt Master Tests-2] INFO  [verifyingGlobalFilterLandingPage] [verifyingGlobalFilterLandingPage] Trying to find element: By.xpath: (//div[@id='content-icon'])[2]
2026-02-26 18:40:32.830 [TestNG-test-Yt Master Tests-2] INFO  [verifyingGlobalFilterLandingPage] [verifyingGlobalFilterLandingPage] Element found and ready (attempt 1): By.xpath: (//div[@id='content-icon'])[2]
2026-02-26 18:40:33.360 [TestNG-test-Yt Master Tests-2] INFO  [verifyingGlobalFilterLandingPage] [verifyingGlobalFilterLandingPage] Trying to find element: By.xpath: //yt-multi-page-menu-section-renderer[@class='style-scope ytd-multi-page-menu-renderer']//yt-formatted-string[@id='label' and text()='Bosanski']
2026-02-26 18:40:33.566 [TestNG-test-Yt Master Tests-2] INFO  [verifyingGlobalFilterLandingPage] [verifyingGlobalFilterLandingPage] Element found and ready (attempt 1): By.xpath: //yt-multi-page-menu-section-renderer[@class='style-scope ytd-multi-page-menu-renderer']//yt-formatted-string[@id='label' and text()='Bosanski']
2026-02-26 18:40:33.567 [TestNG-test-Yt Master Tests-2] INFO  [verifyingGlobalFilterLandingPage] Looking for language element with name: Bosanski
2026-02-26 18:40:33.567 [TestNG-test-Yt Master Tests-2] INFO  [verifyingGlobalFilterLandingPage] [verifyingGlobalFilterLandingPage] Within smoothScrollToElement method
2026-02-26 18:40:33.567 [TestNG-test-Yt Master Tests-2] INFO  [verifyingGlobalFilterLandingPage] SafeActions initialized with driver ChromeDriver: chrome on windows (937905abe1e91b515f960d9fa6849c47)
2026-02-26 18:40:33.567 [TestNG-test-Yt Master Tests-2] INFO  [verifyingGlobalFilterLandingPage] [verifyingGlobalFilterLandingPage] Trying to find element: By.xpath: //yt-multi-page-menu-section-renderer[@class='style-scope ytd-multi-page-menu-renderer']//yt-formatted-string[@id='label' and text()='Bosanski']
2026-02-26 18:40:33.674 [TestNG-test-Yt Master Tests-2] INFO  [verifyingGlobalFilterLandingPage] [verifyingGlobalFilterLandingPage] Element found and ready (attempt 1): By.xpath: //yt-multi-page-menu-section-renderer[@class='style-scope ytd-multi-page-menu-renderer']//yt-formatted-string[@id='label' and text()='Bosanski']
2026-02-26 18:40:33.704 [TestNG-test-Yt Master Tests-2] INFO  [verifyingGlobalFilterLandingPage] [verifyingGlobalFilterLandingPage] Successfully scrolled to element: By.xpath: //yt-multi-page-menu-section-renderer[@class='style-scope ytd-multi-page-menu-renderer']//yt-formatted-string[@id='label' and text()='Bosanski']
2026-02-26 18:40:33.704 [TestNG-test-Yt Master Tests-2] INFO  [verifyingGlobalFilterLandingPage] Looking for language element with name: Bosanski
2026-02-26 18:40:33.704 [TestNG-test-Yt Master Tests-2] INFO  [verifyingGlobalFilterLandingPage] [verifyingGlobalFilterLandingPage] Trying to find element: By.xpath: //yt-multi-page-menu-section-renderer[@class='style-scope ytd-multi-page-menu-renderer']//yt-formatted-string[@id='label' and text()='Bosanski']
2026-02-26 18:40:33.805 [TestNG-test-Yt Master Tests-2] INFO  [verifyingGlobalFilterLandingPage] [verifyingGlobalFilterLandingPage] Element found and ready (attempt 1): By.xpath: //yt-multi-page-menu-section-renderer[@class='style-scope ytd-multi-page-menu-renderer']//yt-formatted-string[@id='label' and text()='Bosanski']
2026-02-26 18:40:35.854 [TestNG-test-Yt Master Tests-2] INFO  [verifyingGlobalFilterLandingPage] Clicking settings ellipses button...
2026-02-26 18:40:35.854 [TestNG-test-Yt Master Tests-2] INFO  [verifyingGlobalFilterLandingPage] [verifyingGlobalFilterLandingPage] Trying to find element: By.xpath: //ytd-topbar-menu-button-renderer[@class='style-scope ytd-masthead style-default']
2026-02-26 18:40:37.984 [TestNG-test-Yt Master Tests-2] INFO  [verifyingGlobalFilterLandingPage] [verifyingGlobalFilterLandingPage] Element found and ready (attempt 1): By.xpath: //ytd-topbar-menu-button-renderer[@class='style-scope ytd-masthead style-default']
2026-02-26 18:40:38.479 [TestNG-test-Yt Master Tests-2] INFO  [verifyingGlobalFilterLandingPage] [verifyingGlobalFilterLandingPage] Waiting until element is visible in viewport
2026-02-26 18:40:38.525 [TestNG-test-Yt Master Tests-2] INFO  [verifyingGlobalFilterLandingPage] [verifyingGlobalFilterLandingPage] Capturing screenshot: Filter Applied is Bosanski__2026-02-26_184038.jpg
2026-02-26 18:40:38.986 [TestNG-test-Yt Master Tests-2] INFO  [verifyingGlobalFilterLandingPage] [verifyingGlobalFilterLandingPage] Screenshot saved at: test-output/screenshots/Run_2026-02-26_18-32-27/verifyingGlobalFilterLandingPage/Filter Applied is Bosanski__2026-02-26_184038.jpg
2026-02-26 18:40:38.986 [TestNG-test-Yt Master Tests-2] INFO  [verifyingGlobalFilterLandingPage] Clicking settings ellipses button...
2026-02-26 18:40:38.986 [TestNG-test-Yt Master Tests-2] INFO  [verifyingGlobalFilterLandingPage] [verifyingGlobalFilterLandingPage] Trying to find element: By.xpath: //ytd-topbar-menu-button-renderer[@class='style-scope ytd-masthead style-default']
2026-02-26 18:40:39.121 [TestNG-test-Yt Master Tests-2] INFO  [verifyingGlobalFilterLandingPage] [verifyingGlobalFilterLandingPage] Element found and ready (attempt 1): By.xpath: //ytd-topbar-menu-button-renderer[@class='style-scope ytd-masthead style-default']
2026-02-26 18:40:39.239 [TestNG-test-Yt Master Tests-2] INFO  [verifyingGlobalFilterLandingPage] Clicking on global filter button in landing page..
2026-02-26 18:40:39.239 [TestNG-test-Yt Master Tests-2] INFO  [verifyingGlobalFilterLandingPage] [verifyingGlobalFilterLandingPage] Trying to click element: By.xpath: //div[@id='filter-button']
2026-02-26 18:40:39.695 [TestNG-test-Yt Master Tests-2] INFO  [verifyingGlobalFilterLandingPage] [verifyingGlobalFilterLandingPage] Clicked successfully (attempt 1): By.xpath: //div[@id='filter-button']
2026-02-26 18:40:39.695 [TestNG-test-Yt Master Tests-2] INFO  [verifyingGlobalFilterLandingPage] [verifyingGlobalFilterLandingPage] Waiting until element is visible in viewport
2026-02-26 18:40:40.047 [TestNG-test-Yt Master Tests-2] INFO  [verifyingGlobalFilterLandingPage] [verifyingGlobalFilterLandingPage] Capturing screenshot: Filter Applied is Bosanski__2026-02-26_184040.jpg
2026-02-26 18:40:40.263 [TestNG-test-Yt Master Tests-2] INFO  [verifyingGlobalFilterLandingPage] [verifyingGlobalFilterLandingPage] Screenshot saved at: test-output/screenshots/Run_2026-02-26_18-32-27/verifyingGlobalFilterLandingPage/Filter Applied is Bosanski__2026-02-26_184040.jpg
2026-02-26 18:40:40.263 [TestNG-test-Yt Master Tests-2] INFO  [verifyingGlobalFilterLandingPage] Fetching the data from the global filter in landing page
2026-02-26 18:40:40.263 [TestNG-test-Yt Master Tests-2] INFO  [verifyingGlobalFilterLandingPage] [verifyingGlobalFilterLandingPage] Trying to find element: By.xpath: //ytd-search-filter-options-dialog-renderer[@class='style-scope ytd-popup-container']
2026-02-26 18:40:40.328 [TestNG-test-Yt Master Tests-2] INFO  [verifyingGlobalFilterLandingPage] [verifyingGlobalFilterLandingPage] Element found and ready (attempt 1): By.xpath: //ytd-search-filter-options-dialog-renderer[@class='style-scope ytd-popup-container']
2026-02-26 18:40:40.370 [TestNG-test-Yt Master Tests-2] INFO  [verifyingGlobalFilterLandingPage] Closing the global filter pop-up in landing page..
2026-02-26 18:40:40.370 [TestNG-test-Yt Master Tests-2] INFO  [verifyingGlobalFilterLandingPage] [verifyingGlobalFilterLandingPage] Trying to find element: By.xpath: //yt-icon[@icon='close']
2026-02-26 18:40:40.469 [TestNG-test-Yt Master Tests-2] INFO  [verifyingGlobalFilterLandingPage] [verifyingGlobalFilterLandingPage] Element found and ready (attempt 1): By.xpath: //yt-icon[@icon='close']
2026-02-26 18:40:40.589 [TestNG-test-Yt Master Tests-2] INFO  [verifyingGlobalFilterLandingPage] Clicking settings ellipses button...
2026-02-26 18:40:40.589 [TestNG-test-Yt Master Tests-2] INFO  [verifyingGlobalFilterLandingPage] [verifyingGlobalFilterLandingPage] Trying to find element: By.xpath: //ytd-topbar-menu-button-renderer[@class='style-scope ytd-masthead style-default']
2026-02-26 18:40:40.857 [TestNG-test-Yt Master Tests-2] INFO  [verifyingGlobalFilterLandingPage] [verifyingGlobalFilterLandingPage] Element found and ready (attempt 1): By.xpath: //ytd-topbar-menu-button-renderer[@class='style-scope ytd-masthead style-default']
2026-02-26 18:40:41.007 [TestNG-test-Yt Master Tests-2] INFO  [verifyingGlobalFilterLandingPage] Clicking language dropdown...
2026-02-26 18:40:41.007 [TestNG-test-Yt Master Tests-2] INFO  [verifyingGlobalFilterLandingPage] [verifyingGlobalFilterLandingPage] Trying to find element: By.xpath: (//div[@id='content-icon'])[2]
2026-02-26 18:40:41.668 [TestNG-test-Yt Master Tests-2] INFO  [verifyingGlobalFilterLandingPage] [verifyingGlobalFilterLandingPage] Element found and ready (attempt 1): By.xpath: (//div[@id='content-icon'])[2]
2026-02-26 18:40:42.113 [TestNG-test-Yt Master Tests-2] INFO  [verifyingGlobalFilterLandingPage] [verifyingGlobalFilterLandingPage] Trying to find element: By.xpath: //yt-multi-page-menu-section-renderer[@class='style-scope ytd-multi-page-menu-renderer']//yt-formatted-string[@id='label' and text()='Català']
2026-02-26 18:40:42.260 [TestNG-test-Yt Master Tests-2] INFO  [verifyingGlobalFilterLandingPage] [verifyingGlobalFilterLandingPage] Element found and ready (attempt 1): By.xpath: //yt-multi-page-menu-section-renderer[@class='style-scope ytd-multi-page-menu-renderer']//yt-formatted-string[@id='label' and text()='Català']
2026-02-26 18:40:42.260 [TestNG-test-Yt Master Tests-2] INFO  [verifyingGlobalFilterLandingPage] Looking for language element with name: Català
2026-02-26 18:40:42.260 [TestNG-test-Yt Master Tests-2] INFO  [verifyingGlobalFilterLandingPage] [verifyingGlobalFilterLandingPage] Within smoothScrollToElement method
2026-02-26 18:40:42.260 [TestNG-test-Yt Master Tests-2] INFO  [verifyingGlobalFilterLandingPage] SafeActions initialized with driver ChromeDriver: chrome on windows (937905abe1e91b515f960d9fa6849c47)
2026-02-26 18:40:42.260 [TestNG-test-Yt Master Tests-2] INFO  [verifyingGlobalFilterLandingPage] [verifyingGlobalFilterLandingPage] Trying to find element: By.xpath: //yt-multi-page-menu-section-renderer[@class='style-scope ytd-multi-page-menu-renderer']//yt-formatted-string[@id='label' and text()='Català']
2026-02-26 18:40:42.325 [TestNG-test-Yt Master Tests-2] INFO  [verifyingGlobalFilterLandingPage] [verifyingGlobalFilterLandingPage] Element found and ready (attempt 1): By.xpath: //yt-multi-page-menu-section-renderer[@class='style-scope ytd-multi-page-menu-renderer']//yt-formatted-string[@id='label' and text()='Català']
2026-02-26 18:40:42.363 [TestNG-test-Yt Master Tests-2] INFO  [verifyingGlobalFilterLandingPage] [verifyingGlobalFilterLandingPage] Successfully scrolled to element: By.xpath: //yt-multi-page-menu-section-renderer[@class='style-scope ytd-multi-page-menu-renderer']//yt-formatted-string[@id='label' and text()='Català']
2026-02-26 18:40:42.364 [TestNG-test-Yt Master Tests-2] INFO  [verifyingGlobalFilterLandingPage] Looking for language element with name: Català
2026-02-26 18:40:42.364 [TestNG-test-Yt Master Tests-2] INFO  [verifyingGlobalFilterLandingPage] [verifyingGlobalFilterLandingPage] Trying to find element: By.xpath: //yt-multi-page-menu-section-renderer[@class='style-scope ytd-multi-page-menu-renderer']//yt-formatted-string[@id='label' and text()='Català']
2026-02-26 18:40:42.443 [TestNG-test-Yt Master Tests-2] INFO  [verifyingGlobalFilterLandingPage] [verifyingGlobalFilterLandingPage] Element found and ready (attempt 1): By.xpath: //yt-multi-page-menu-section-renderer[@class='style-scope ytd-multi-page-menu-renderer']//yt-formatted-string[@id='label' and text()='Català']
2026-02-26 18:40:46.743 [TestNG-test-Yt Master Tests-2] INFO  [verifyingGlobalFilterLandingPage] Clicking settings ellipses button...
2026-02-26 18:40:46.743 [TestNG-test-Yt Master Tests-2] INFO  [verifyingGlobalFilterLandingPage] [verifyingGlobalFilterLandingPage] Trying to find element: By.xpath: //ytd-topbar-menu-button-renderer[@class='style-scope ytd-masthead style-default']
2026-02-26 18:40:47.249 [TestNG-test-Yt Master Tests-2] INFO  [verifyingGlobalFilterLandingPage] [verifyingGlobalFilterLandingPage] Element found and ready (attempt 1): By.xpath: //ytd-topbar-menu-button-renderer[@class='style-scope ytd-masthead style-default']
2026-02-26 18:40:47.582 [TestNG-test-Yt Master Tests-2] INFO  [verifyingGlobalFilterLandingPage] [verifyingGlobalFilterLandingPage] Waiting until element is visible in viewport
2026-02-26 18:40:47.772 [TestNG-test-Yt Master Tests-2] INFO  [verifyingGlobalFilterLandingPage] [verifyingGlobalFilterLandingPage] Capturing screenshot: Filter Applied is Català__2026-02-26_184047.jpg
2026-02-26 18:40:48.020 [TestNG-test-Yt Master Tests-2] INFO  [verifyingGlobalFilterLandingPage] [verifyingGlobalFilterLandingPage] Screenshot saved at: test-output/screenshots/Run_2026-02-26_18-32-27/verifyingGlobalFilterLandingPage/Filter Applied is Català__2026-02-26_184047.jpg
2026-02-26 18:40:48.020 [TestNG-test-Yt Master Tests-2] INFO  [verifyingGlobalFilterLandingPage] Clicking settings ellipses button...
2026-02-26 18:40:48.020 [TestNG-test-Yt Master Tests-2] INFO  [verifyingGlobalFilterLandingPage] [verifyingGlobalFilterLandingPage] Trying to find element: By.xpath: //ytd-topbar-menu-button-renderer[@class='style-scope ytd-masthead style-default']
2026-02-26 18:40:48.081 [TestNG-test-Yt Master Tests-2] INFO  [verifyingGlobalFilterLandingPage] [verifyingGlobalFilterLandingPage] Element found and ready (attempt 1): By.xpath: //ytd-topbar-menu-button-renderer[@class='style-scope ytd-masthead style-default']
2026-02-26 18:40:48.132 [TestNG-test-Yt Master Tests-2] INFO  [verifyingGlobalFilterLandingPage] Clicking on global filter button in landing page..
2026-02-26 18:40:48.132 [TestNG-test-Yt Master Tests-2] INFO  [verifyingGlobalFilterLandingPage] [verifyingGlobalFilterLandingPage] Trying to click element: By.xpath: //div[@id='filter-button']
2026-02-26 18:40:48.395 [TestNG-test-Yt Master Tests-2] INFO  [verifyingGlobalFilterLandingPage] [verifyingGlobalFilterLandingPage] Clicked successfully (attempt 1): By.xpath: //div[@id='filter-button']
2026-02-26 18:40:48.396 [TestNG-test-Yt Master Tests-2] INFO  [verifyingGlobalFilterLandingPage] [verifyingGlobalFilterLandingPage] Waiting until element is visible in viewport
2026-02-26 18:40:48.466 [TestNG-test-Yt Master Tests-2] INFO  [verifyingGlobalFilterLandingPage] [verifyingGlobalFilterLandingPage] Capturing screenshot: Filter Applied is Català__2026-02-26_184048.jpg
2026-02-26 18:40:48.703 [TestNG-test-Yt Master Tests-2] INFO  [verifyingGlobalFilterLandingPage] [verifyingGlobalFilterLandingPage] Screenshot saved at: test-output/screenshots/Run_2026-02-26_18-32-27/verifyingGlobalFilterLandingPage/Filter Applied is Català__2026-02-26_184048.jpg
2026-02-26 18:40:48.703 [TestNG-test-Yt Master Tests-2] INFO  [verifyingGlobalFilterLandingPage] Fetching the data from the global filter in landing page
2026-02-26 18:40:48.703 [TestNG-test-Yt Master Tests-2] INFO  [verifyingGlobalFilterLandingPage] [verifyingGlobalFilterLandingPage] Trying to find element: By.xpath: //ytd-search-filter-options-dialog-renderer[@class='style-scope ytd-popup-container']
2026-02-26 18:40:48.792 [TestNG-test-Yt Master Tests-2] INFO  [verifyingGlobalFilterLandingPage] [verifyingGlobalFilterLandingPage] Element found and ready (attempt 1): By.xpath: //ytd-search-filter-options-dialog-renderer[@class='style-scope ytd-popup-container']
2026-02-26 18:40:48.851 [TestNG-test-Yt Master Tests-2] INFO  [verifyingGlobalFilterLandingPage] Closing the global filter pop-up in landing page..
2026-02-26 18:40:48.851 [TestNG-test-Yt Master Tests-2] INFO  [verifyingGlobalFilterLandingPage] [verifyingGlobalFilterLandingPage] Trying to find element: By.xpath: //yt-icon[@icon='close']
2026-02-26 18:40:48.923 [TestNG-test-Yt Master Tests-2] INFO  [verifyingGlobalFilterLandingPage] [verifyingGlobalFilterLandingPage] Element found and ready (attempt 1): By.xpath: //yt-icon[@icon='close']
2026-02-26 18:40:49.002 [TestNG-test-Yt Master Tests-2] INFO  [verifyingGlobalFilterLandingPage] Clicking settings ellipses button...
2026-02-26 18:40:49.002 [TestNG-test-Yt Master Tests-2] INFO  [verifyingGlobalFilterLandingPage] [verifyingGlobalFilterLandingPage] Trying to find element: By.xpath: //ytd-topbar-menu-button-renderer[@class='style-scope ytd-masthead style-default']
2026-02-26 18:40:49.092 [TestNG-test-Yt Master Tests-2] INFO  [verifyingGlobalFilterLandingPage] [verifyingGlobalFilterLandingPage] Element found and ready (attempt 1): By.xpath: //ytd-topbar-menu-button-renderer[@class='style-scope ytd-masthead style-default']
2026-02-26 18:40:49.216 [TestNG-test-Yt Master Tests-2] INFO  [verifyingGlobalFilterLandingPage] Clicking language dropdown...
2026-02-26 18:40:49.216 [TestNG-test-Yt Master Tests-2] INFO  [verifyingGlobalFilterLandingPage] [verifyingGlobalFilterLandingPage] Trying to find element: By.xpath: (//div[@id='content-icon'])[2]
2026-02-26 18:40:49.823 [TestNG-test-Yt Master Tests-2] INFO  [verifyingGlobalFilterLandingPage] [verifyingGlobalFilterLandingPage] Element found and ready (attempt 1): By.xpath: (//div[@id='content-icon'])[2]
2026-02-26 18:40:50.323 [TestNG-test-Yt Master Tests-2] INFO  [verifyingGlobalFilterLandingPage] [verifyingGlobalFilterLandingPage] Trying to find element: By.xpath: //yt-multi-page-menu-section-renderer[@class='style-scope ytd-multi-page-menu-renderer']//yt-formatted-string[@id='label' and text()='Dansk']
2026-02-26 18:40:50.456 [TestNG-test-Yt Master Tests-2] INFO  [verifyingGlobalFilterLandingPage] [verifyingGlobalFilterLandingPage] Element found and ready (attempt 1): By.xpath: //yt-multi-page-menu-section-renderer[@class='style-scope ytd-multi-page-menu-renderer']//yt-formatted-string[@id='label' and text()='Dansk']
2026-02-26 18:40:50.457 [TestNG-test-Yt Master Tests-2] INFO  [verifyingGlobalFilterLandingPage] Looking for language element with name: Dansk
2026-02-26 18:40:50.457 [TestNG-test-Yt Master Tests-2] INFO  [verifyingGlobalFilterLandingPage] [verifyingGlobalFilterLandingPage] Within smoothScrollToElement method
2026-02-26 18:40:50.457 [TestNG-test-Yt Master Tests-2] INFO  [verifyingGlobalFilterLandingPage] SafeActions initialized with driver ChromeDriver: chrome on windows (937905abe1e91b515f960d9fa6849c47)
2026-02-26 18:40:50.457 [TestNG-test-Yt Master Tests-2] INFO  [verifyingGlobalFilterLandingPage] [verifyingGlobalFilterLandingPage] Trying to find element: By.xpath: //yt-multi-page-menu-section-renderer[@class='style-scope ytd-multi-page-menu-renderer']//yt-formatted-string[@id='label' and text()='Dansk']
2026-02-26 18:40:50.524 [TestNG-test-Yt Master Tests-2] INFO  [verifyingGlobalFilterLandingPage] [verifyingGlobalFilterLandingPage] Element found and ready (attempt 1): By.xpath: //yt-multi-page-menu-section-renderer[@class='style-scope ytd-multi-page-menu-renderer']//yt-formatted-string[@id='label' and text()='Dansk']
2026-02-26 18:40:50.557 [TestNG-test-Yt Master Tests-2] INFO  [verifyingGlobalFilterLandingPage] [verifyingGlobalFilterLandingPage] Successfully scrolled to element: By.xpath: //yt-multi-page-menu-section-renderer[@class='style-scope ytd-multi-page-menu-renderer']//yt-formatted-string[@id='label' and text()='Dansk']
2026-02-26 18:40:50.557 [TestNG-test-Yt Master Tests-2] INFO  [verifyingGlobalFilterLandingPage] Looking for language element with name: Dansk
2026-02-26 18:40:50.557 [TestNG-test-Yt Master Tests-2] INFO  [verifyingGlobalFilterLandingPage] [verifyingGlobalFilterLandingPage] Trying to find element: By.xpath: //yt-multi-page-menu-section-renderer[@class='style-scope ytd-multi-page-menu-renderer']//yt-formatted-string[@id='label' and text()='Dansk']
2026-02-26 18:40:50.641 [TestNG-test-Yt Master Tests-2] INFO  [verifyingGlobalFilterLandingPage] [verifyingGlobalFilterLandingPage] Element found and ready (attempt 1): By.xpath: //yt-multi-page-menu-section-renderer[@class='style-scope ytd-multi-page-menu-renderer']//yt-formatted-string[@id='label' and text()='Dansk']
2026-02-26 18:40:54.859 [TestNG-test-Yt Master Tests-2] INFO  [verifyingGlobalFilterLandingPage] Clicking settings ellipses button...
2026-02-26 18:40:54.859 [TestNG-test-Yt Master Tests-2] INFO  [verifyingGlobalFilterLandingPage] [verifyingGlobalFilterLandingPage] Trying to find element: By.xpath: //ytd-topbar-menu-button-renderer[@class='style-scope ytd-masthead style-default']
2026-02-26 18:40:55.496 [TestNG-test-Yt Master Tests-2] INFO  [verifyingGlobalFilterLandingPage] [verifyingGlobalFilterLandingPage] Element found and ready (attempt 1): By.xpath: //ytd-topbar-menu-button-renderer[@class='style-scope ytd-masthead style-default']
2026-02-26 18:40:55.972 [TestNG-test-Yt Master Tests-2] INFO  [verifyingGlobalFilterLandingPage] [verifyingGlobalFilterLandingPage] Waiting until element is visible in viewport
2026-02-26 18:40:56.029 [TestNG-test-Yt Master Tests-2] INFO  [verifyingGlobalFilterLandingPage] [verifyingGlobalFilterLandingPage] Capturing screenshot: Filter Applied is Dansk__2026-02-26_184056.jpg
2026-02-26 18:40:56.327 [TestNG-test-Yt Master Tests-2] INFO  [verifyingGlobalFilterLandingPage] [verifyingGlobalFilterLandingPage] Screenshot saved at: test-output/screenshots/Run_2026-02-26_18-32-27/verifyingGlobalFilterLandingPage/Filter Applied is Dansk__2026-02-26_184056.jpg
2026-02-26 18:40:56.327 [TestNG-test-Yt Master Tests-2] INFO  [verifyingGlobalFilterLandingPage] Clicking settings ellipses button...
2026-02-26 18:40:56.327 [TestNG-test-Yt Master Tests-2] INFO  [verifyingGlobalFilterLandingPage] [verifyingGlobalFilterLandingPage] Trying to find element: By.xpath: //ytd-topbar-menu-button-renderer[@class='style-scope ytd-masthead style-default']
2026-02-26 18:40:56.386 [TestNG-test-Yt Master Tests-2] INFO  [verifyingGlobalFilterLandingPage] [verifyingGlobalFilterLandingPage] Element found and ready (attempt 1): By.xpath: //ytd-topbar-menu-button-renderer[@class='style-scope ytd-masthead style-default']
2026-02-26 18:40:56.448 [TestNG-test-Yt Master Tests-2] INFO  [verifyingGlobalFilterLandingPage] Clicking on global filter button in landing page..
2026-02-26 18:40:56.448 [TestNG-test-Yt Master Tests-2] INFO  [verifyingGlobalFilterLandingPage] [verifyingGlobalFilterLandingPage] Trying to click element: By.xpath: //div[@id='filter-button']
2026-02-26 18:40:56.693 [TestNG-test-Yt Master Tests-2] INFO  [verifyingGlobalFilterLandingPage] [verifyingGlobalFilterLandingPage] Clicked successfully (attempt 1): By.xpath: //div[@id='filter-button']
2026-02-26 18:40:56.693 [TestNG-test-Yt Master Tests-2] INFO  [verifyingGlobalFilterLandingPage] [verifyingGlobalFilterLandingPage] Waiting until element is visible in viewport
2026-02-26 18:40:56.720 [TestNG-test-Yt Master Tests-2] INFO  [verifyingGlobalFilterLandingPage] [verifyingGlobalFilterLandingPage] Capturing screenshot: Filter Applied is Dansk__2026-02-26_184056.jpg
2026-02-26 18:40:56.938 [TestNG-test-Yt Master Tests-2] INFO  [verifyingGlobalFilterLandingPage] [verifyingGlobalFilterLandingPage] Screenshot saved at: test-output/screenshots/Run_2026-02-26_18-32-27/verifyingGlobalFilterLandingPage/Filter Applied is Dansk__2026-02-26_184056.jpg
2026-02-26 18:40:56.938 [TestNG-test-Yt Master Tests-2] INFO  [verifyingGlobalFilterLandingPage] Fetching the data from the global filter in landing page
2026-02-26 18:40:56.938 [TestNG-test-Yt Master Tests-2] INFO  [verifyingGlobalFilterLandingPage] [verifyingGlobalFilterLandingPage] Trying to find element: By.xpath: //ytd-search-filter-options-dialog-renderer[@class='style-scope ytd-popup-container']
2026-02-26 18:40:57.008 [TestNG-test-Yt Master Tests-2] INFO  [verifyingGlobalFilterLandingPage] [verifyingGlobalFilterLandingPage] Element found and ready (attempt 1): By.xpath: //ytd-search-filter-options-dialog-renderer[@class='style-scope ytd-popup-container']
2026-02-26 18:40:57.044 [TestNG-test-Yt Master Tests-2] INFO  [verifyingGlobalFilterLandingPage] Closing the global filter pop-up in landing page..
2026-02-26 18:40:57.044 [TestNG-test-Yt Master Tests-2] INFO  [verifyingGlobalFilterLandingPage] [verifyingGlobalFilterLandingPage] Trying to find element: By.xpath: //yt-icon[@icon='close']
2026-02-26 18:40:57.126 [TestNG-test-Yt Master Tests-2] INFO  [verifyingGlobalFilterLandingPage] [verifyingGlobalFilterLandingPage] Element found and ready (attempt 1): By.xpath: //yt-icon[@icon='close']
2026-02-26 18:40:57.185 [TestNG-test-Yt Master Tests-2] INFO  [verifyingGlobalFilterLandingPage] Clicking settings ellipses button...
2026-02-26 18:40:57.185 [TestNG-test-Yt Master Tests-2] INFO  [verifyingGlobalFilterLandingPage] [verifyingGlobalFilterLandingPage] Trying to find element: By.xpath: //ytd-topbar-menu-button-renderer[@class='style-scope ytd-masthead style-default']
2026-02-26 18:40:57.272 [TestNG-test-Yt Master Tests-2] INFO  [verifyingGlobalFilterLandingPage] [verifyingGlobalFilterLandingPage] Element found and ready (attempt 1): By.xpath: //ytd-topbar-menu-button-renderer[@class='style-scope ytd-masthead style-default']
2026-02-26 18:40:57.343 [TestNG-test-Yt Master Tests-2] INFO  [verifyingGlobalFilterLandingPage] Clicking language dropdown...
2026-02-26 18:40:57.343 [TestNG-test-Yt Master Tests-2] INFO  [verifyingGlobalFilterLandingPage] [verifyingGlobalFilterLandingPage] Trying to find element: By.xpath: (//div[@id='content-icon'])[2]
2026-02-26 18:40:57.965 [TestNG-test-Yt Master Tests-2] INFO  [verifyingGlobalFilterLandingPage] [verifyingGlobalFilterLandingPage] Element found and ready (attempt 1): By.xpath: (//div[@id='content-icon'])[2]
2026-02-26 18:40:58.495 [TestNG-test-Yt Master Tests-2] INFO  [verifyingGlobalFilterLandingPage] [verifyingGlobalFilterLandingPage] Trying to find element: By.xpath: //yt-multi-page-menu-section-renderer[@class='style-scope ytd-multi-page-menu-renderer']//yt-formatted-string[@id='label' and text()='Deutsch']
2026-02-26 18:40:58.614 [TestNG-test-Yt Master Tests-2] INFO  [verifyingGlobalFilterLandingPage] [verifyingGlobalFilterLandingPage] Element found and ready (attempt 1): By.xpath: //yt-multi-page-menu-section-renderer[@class='style-scope ytd-multi-page-menu-renderer']//yt-formatted-string[@id='label' and text()='Deutsch']
2026-02-26 18:40:58.614 [TestNG-test-Yt Master Tests-2] INFO  [verifyingGlobalFilterLandingPage] Looking for language element with name: Deutsch
2026-02-26 18:40:58.614 [TestNG-test-Yt Master Tests-2] INFO  [verifyingGlobalFilterLandingPage] [verifyingGlobalFilterLandingPage] Within smoothScrollToElement method
2026-02-26 18:40:58.614 [TestNG-test-Yt Master Tests-2] INFO  [verifyingGlobalFilterLandingPage] SafeActions initialized with driver ChromeDriver: chrome on windows (937905abe1e91b515f960d9fa6849c47)
2026-02-26 18:40:58.614 [TestNG-test-Yt Master Tests-2] INFO  [verifyingGlobalFilterLandingPage] [verifyingGlobalFilterLandingPage] Trying to find element: By.xpath: //yt-multi-page-menu-section-renderer[@class='style-scope ytd-multi-page-menu-renderer']//yt-formatted-string[@id='label' and text()='Deutsch']
2026-02-26 18:40:58.675 [TestNG-test-Yt Master Tests-2] INFO  [verifyingGlobalFilterLandingPage] [verifyingGlobalFilterLandingPage] Element found and ready (attempt 1): By.xpath: //yt-multi-page-menu-section-renderer[@class='style-scope ytd-multi-page-menu-renderer']//yt-formatted-string[@id='label' and text()='Deutsch']
2026-02-26 18:40:58.706 [TestNG-test-Yt Master Tests-2] INFO  [verifyingGlobalFilterLandingPage] [verifyingGlobalFilterLandingPage] Successfully scrolled to element: By.xpath: //yt-multi-page-menu-section-renderer[@class='style-scope ytd-multi-page-menu-renderer']//yt-formatted-string[@id='label' and text()='Deutsch']
2026-02-26 18:40:58.706 [TestNG-test-Yt Master Tests-2] INFO  [verifyingGlobalFilterLandingPage] Looking for language element with name: Deutsch
2026-02-26 18:40:58.706 [TestNG-test-Yt Master Tests-2] INFO  [verifyingGlobalFilterLandingPage] [verifyingGlobalFilterLandingPage] Trying to find element: By.xpath: //yt-multi-page-menu-section-renderer[@class='style-scope ytd-multi-page-menu-renderer']//yt-formatted-string[@id='label' and text()='Deutsch']
2026-02-26 18:40:58.770 [TestNG-test-Yt Master Tests-2] INFO  [verifyingGlobalFilterLandingPage] [verifyingGlobalFilterLandingPage] Element found and ready (attempt 1): By.xpath: //yt-multi-page-menu-section-renderer[@class='style-scope ytd-multi-page-menu-renderer']//yt-formatted-string[@id='label' and text()='Deutsch']
2026-02-26 18:41:03.461 [TestNG-test-Yt Master Tests-2] INFO  [verifyingGlobalFilterLandingPage] Clicking settings ellipses button...
2026-02-26 18:41:03.461 [TestNG-test-Yt Master Tests-2] INFO  [verifyingGlobalFilterLandingPage] [verifyingGlobalFilterLandingPage] Trying to find element: By.xpath: //ytd-topbar-menu-button-renderer[@class='style-scope ytd-masthead style-default']
2026-02-26 18:41:04.273 [TestNG-test-Yt Master Tests-2] INFO  [verifyingGlobalFilterLandingPage] [verifyingGlobalFilterLandingPage] Element found and ready (attempt 1): By.xpath: //ytd-topbar-menu-button-renderer[@class='style-scope ytd-masthead style-default']
2026-02-26 18:41:04.553 [TestNG-test-Yt Master Tests-2] INFO  [verifyingGlobalFilterLandingPage] [verifyingGlobalFilterLandingPage] Waiting until element is visible in viewport
2026-02-26 18:41:04.673 [TestNG-test-Yt Master Tests-2] INFO  [verifyingGlobalFilterLandingPage] [verifyingGlobalFilterLandingPage] Capturing screenshot: Filter Applied is Deutsch__2026-02-26_184104.jpg
2026-02-26 18:41:04.952 [TestNG-test-Yt Master Tests-2] INFO  [verifyingGlobalFilterLandingPage] [verifyingGlobalFilterLandingPage] Screenshot saved at: test-output/screenshots/Run_2026-02-26_18-32-27/verifyingGlobalFilterLandingPage/Filter Applied is Deutsch__2026-02-26_184104.jpg
2026-02-26 18:41:04.952 [TestNG-test-Yt Master Tests-2] INFO  [verifyingGlobalFilterLandingPage] Clicking settings ellipses button...
2026-02-26 18:41:04.953 [TestNG-test-Yt Master Tests-2] INFO  [verifyingGlobalFilterLandingPage] [verifyingGlobalFilterLandingPage] Trying to find element: By.xpath: //ytd-topbar-menu-button-renderer[@class='style-scope ytd-masthead style-default']
2026-02-26 18:41:05.020 [TestNG-test-Yt Master Tests-2] INFO  [verifyingGlobalFilterLandingPage] [verifyingGlobalFilterLandingPage] Element found and ready (attempt 1): By.xpath: //ytd-topbar-menu-button-renderer[@class='style-scope ytd-masthead style-default']
2026-02-26 18:41:05.089 [TestNG-test-Yt Master Tests-2] INFO  [verifyingGlobalFilterLandingPage] Clicking on global filter button in landing page..
2026-02-26 18:41:05.089 [TestNG-test-Yt Master Tests-2] INFO  [verifyingGlobalFilterLandingPage] [verifyingGlobalFilterLandingPage] Trying to click element: By.xpath: //div[@id='filter-button']
2026-02-26 18:41:05.322 [TestNG-test-Yt Master Tests-2] INFO  [verifyingGlobalFilterLandingPage] [verifyingGlobalFilterLandingPage] Clicked successfully (attempt 1): By.xpath: //div[@id='filter-button']
2026-02-26 18:41:05.322 [TestNG-test-Yt Master Tests-2] INFO  [verifyingGlobalFilterLandingPage] [verifyingGlobalFilterLandingPage] Waiting until element is visible in viewport
2026-02-26 18:41:05.348 [TestNG-test-Yt Master Tests-2] INFO  [verifyingGlobalFilterLandingPage] [verifyingGlobalFilterLandingPage] Capturing screenshot: Filter Applied is Deutsch__2026-02-26_184105.jpg
2026-02-26 18:41:05.564 [TestNG-test-Yt Master Tests-2] INFO  [verifyingGlobalFilterLandingPage] [verifyingGlobalFilterLandingPage] Screenshot saved at: test-output/screenshots/Run_2026-02-26_18-32-27/verifyingGlobalFilterLandingPage/Filter Applied is Deutsch__2026-02-26_184105.jpg
2026-02-26 18:41:05.564 [TestNG-test-Yt Master Tests-2] INFO  [verifyingGlobalFilterLandingPage] Fetching the data from the global filter in landing page
2026-02-26 18:41:05.564 [TestNG-test-Yt Master Tests-2] INFO  [verifyingGlobalFilterLandingPage] [verifyingGlobalFilterLandingPage] Trying to find element: By.xpath: //ytd-search-filter-options-dialog-renderer[@class='style-scope ytd-popup-container']
2026-02-26 18:41:05.641 [TestNG-test-Yt Master Tests-2] INFO  [verifyingGlobalFilterLandingPage] [verifyingGlobalFilterLandingPage] Element found and ready (attempt 1): By.xpath: //ytd-search-filter-options-dialog-renderer[@class='style-scope ytd-popup-container']
2026-02-26 18:41:05.676 [TestNG-test-Yt Master Tests-2] INFO  [verifyingGlobalFilterLandingPage] Closing the global filter pop-up in landing page..
2026-02-26 18:41:05.676 [TestNG-test-Yt Master Tests-2] INFO  [verifyingGlobalFilterLandingPage] [verifyingGlobalFilterLandingPage] Trying to find element: By.xpath: //yt-icon[@icon='close']
2026-02-26 18:41:05.757 [TestNG-test-Yt Master Tests-2] INFO  [verifyingGlobalFilterLandingPage] [verifyingGlobalFilterLandingPage] Element found and ready (attempt 1): By.xpath: //yt-icon[@icon='close']
2026-02-26 18:41:05.831 [TestNG-test-Yt Master Tests-2] INFO  [verifyingGlobalFilterLandingPage] Clicking settings ellipses button...
2026-02-26 18:41:05.831 [TestNG-test-Yt Master Tests-2] INFO  [verifyingGlobalFilterLandingPage] [verifyingGlobalFilterLandingPage] Trying to find element: By.xpath: //ytd-topbar-menu-button-renderer[@class='style-scope ytd-masthead style-default']
2026-02-26 18:41:05.933 [TestNG-test-Yt Master Tests-2] INFO  [verifyingGlobalFilterLandingPage] [verifyingGlobalFilterLandingPage] Element found and ready (attempt 1): By.xpath: //ytd-topbar-menu-button-renderer[@class='style-scope ytd-masthead style-default']
2026-02-26 18:41:06.070 [TestNG-test-Yt Master Tests-2] INFO  [verifyingGlobalFilterLandingPage] Clicking language dropdown...
2026-02-26 18:41:06.070 [TestNG-test-Yt Master Tests-2] INFO  [verifyingGlobalFilterLandingPage] [verifyingGlobalFilterLandingPage] Trying to find element: By.xpath: (//div[@id='content-icon'])[2]
2026-02-26 18:41:06.678 [TestNG-test-Yt Master Tests-2] INFO  [verifyingGlobalFilterLandingPage] [verifyingGlobalFilterLandingPage] Element found and ready (attempt 1): By.xpath: (//div[@id='content-icon'])[2]
2026-02-26 18:41:07.177 [TestNG-test-Yt Master Tests-2] INFO  [verifyingGlobalFilterLandingPage] [verifyingGlobalFilterLandingPage] Trying to find element: By.xpath: //yt-multi-page-menu-section-renderer[@class='style-scope ytd-multi-page-menu-renderer']//yt-formatted-string[@id='label' and text()='Eesti']
2026-02-26 18:41:07.444 [TestNG-test-Yt Master Tests-2] INFO  [verifyingGlobalFilterLandingPage] [verifyingGlobalFilterLandingPage] Element found and ready (attempt 1): By.xpath: //yt-multi-page-menu-section-renderer[@class='style-scope ytd-multi-page-menu-renderer']//yt-formatted-string[@id='label' and text()='Eesti']
2026-02-26 18:41:07.444 [TestNG-test-Yt Master Tests-2] INFO  [verifyingGlobalFilterLandingPage] Looking for language element with name: Eesti
2026-02-26 18:41:07.444 [TestNG-test-Yt Master Tests-2] INFO  [verifyingGlobalFilterLandingPage] [verifyingGlobalFilterLandingPage] Within smoothScrollToElement method
2026-02-26 18:41:07.444 [TestNG-test-Yt Master Tests-2] INFO  [verifyingGlobalFilterLandingPage] SafeActions initialized with driver ChromeDriver: chrome on windows (937905abe1e91b515f960d9fa6849c47)
2026-02-26 18:41:07.444 [TestNG-test-Yt Master Tests-2] INFO  [verifyingGlobalFilterLandingPage] [verifyingGlobalFilterLandingPage] Trying to find element: By.xpath: //yt-multi-page-menu-section-renderer[@class='style-scope ytd-multi-page-menu-renderer']//yt-formatted-string[@id='label' and text()='Eesti']
2026-02-26 18:41:07.534 [TestNG-test-Yt Master Tests-2] INFO  [verifyingGlobalFilterLandingPage] [verifyingGlobalFilterLandingPage] Element found and ready (attempt 1): By.xpath: //yt-multi-page-menu-section-renderer[@class='style-scope ytd-multi-page-menu-renderer']//yt-formatted-string[@id='label' and text()='Eesti']
2026-02-26 18:41:07.586 [TestNG-test-Yt Master Tests-2] INFO  [verifyingGlobalFilterLandingPage] [verifyingGlobalFilterLandingPage] Successfully scrolled to element: By.xpath: //yt-multi-page-menu-section-renderer[@class='style-scope ytd-multi-page-menu-renderer']//yt-formatted-string[@id='label' and text()='Eesti']
2026-02-26 18:41:07.586 [TestNG-test-Yt Master Tests-2] INFO  [verifyingGlobalFilterLandingPage] Looking for language element with name: Eesti
2026-02-26 18:41:07.586 [TestNG-test-Yt Master Tests-2] INFO  [verifyingGlobalFilterLandingPage] [verifyingGlobalFilterLandingPage] Trying to find element: By.xpath: //yt-multi-page-menu-section-renderer[@class='style-scope ytd-multi-page-menu-renderer']//yt-formatted-string[@id='label' and text()='Eesti']
2026-02-26 18:41:07.690 [TestNG-test-Yt Master Tests-2] INFO  [verifyingGlobalFilterLandingPage] [verifyingGlobalFilterLandingPage] Element found and ready (attempt 1): By.xpath: //yt-multi-page-menu-section-renderer[@class='style-scope ytd-multi-page-menu-renderer']//yt-formatted-string[@id='label' and text()='Eesti']
2026-02-26 18:41:10.763 [TestNG-test-Yt Master Tests-2] INFO  [verifyingGlobalFilterLandingPage] Clicking settings ellipses button...
2026-02-26 18:41:10.764 [TestNG-test-Yt Master Tests-2] INFO  [verifyingGlobalFilterLandingPage] [verifyingGlobalFilterLandingPage] Trying to find element: By.xpath: //ytd-topbar-menu-button-renderer[@class='style-scope ytd-masthead style-default']
2026-02-26 18:41:12.604 [TestNG-test-Yt Master Tests-2] INFO  [verifyingGlobalFilterLandingPage] [verifyingGlobalFilterLandingPage] Element found and ready (attempt 1): By.xpath: //ytd-topbar-menu-button-renderer[@class='style-scope ytd-masthead style-default']
2026-02-26 18:41:12.697 [TestNG-test-Yt Master Tests-2] INFO  [verifyingGlobalFilterLandingPage] [verifyingGlobalFilterLandingPage] Waiting until element is visible in viewport
2026-02-26 18:41:13.241 [TestNG-test-Yt Master Tests-2] INFO  [verifyingGlobalFilterLandingPage] [verifyingGlobalFilterLandingPage] Capturing screenshot: Filter Applied is Eesti__2026-02-26_184113.jpg
2026-02-26 18:41:13.549 [TestNG-test-Yt Master Tests-2] INFO  [verifyingGlobalFilterLandingPage] [verifyingGlobalFilterLandingPage] Screenshot saved at: test-output/screenshots/Run_2026-02-26_18-32-27/verifyingGlobalFilterLandingPage/Filter Applied is Eesti__2026-02-26_184113.jpg
2026-02-26 18:41:13.550 [TestNG-test-Yt Master Tests-2] INFO  [verifyingGlobalFilterLandingPage] Clicking settings ellipses button...
2026-02-26 18:41:13.550 [TestNG-test-Yt Master Tests-2] INFO  [verifyingGlobalFilterLandingPage] [verifyingGlobalFilterLandingPage] Trying to find element: By.xpath: //ytd-topbar-menu-button-renderer[@class='style-scope ytd-masthead style-default']
2026-02-26 18:41:13.621 [TestNG-test-Yt Master Tests-2] INFO  [verifyingGlobalFilterLandingPage] [verifyingGlobalFilterLandingPage] Element found and ready (attempt 1): By.xpath: //ytd-topbar-menu-button-renderer[@class='style-scope ytd-masthead style-default']
2026-02-26 18:41:13.690 [TestNG-test-Yt Master Tests-2] INFO  [verifyingGlobalFilterLandingPage] Clicking on global filter button in landing page..
2026-02-26 18:41:13.690 [TestNG-test-Yt Master Tests-2] INFO  [verifyingGlobalFilterLandingPage] [verifyingGlobalFilterLandingPage] Trying to click element: By.xpath: //div[@id='filter-button']
2026-02-26 18:41:13.932 [TestNG-test-Yt Master Tests-2] INFO  [verifyingGlobalFilterLandingPage] [verifyingGlobalFilterLandingPage] Clicked successfully (attempt 1): By.xpath: //div[@id='filter-button']
2026-02-26 18:41:13.932 [TestNG-test-Yt Master Tests-2] INFO  [verifyingGlobalFilterLandingPage] [verifyingGlobalFilterLandingPage] Waiting until element is visible in viewport
2026-02-26 18:41:13.960 [TestNG-test-Yt Master Tests-2] INFO  [verifyingGlobalFilterLandingPage] [verifyingGlobalFilterLandingPage] Capturing screenshot: Filter Applied is Eesti__2026-02-26_184113.jpg
2026-02-26 18:41:14.199 [TestNG-test-Yt Master Tests-2] INFO  [verifyingGlobalFilterLandingPage] [verifyingGlobalFilterLandingPage] Screenshot saved at: test-output/screenshots/Run_2026-02-26_18-32-27/verifyingGlobalFilterLandingPage/Filter Applied is Eesti__2026-02-26_184113.jpg
2026-02-26 18:41:14.199 [TestNG-test-Yt Master Tests-2] INFO  [verifyingGlobalFilterLandingPage] Fetching the data from the global filter in landing page
2026-02-26 18:41:14.199 [TestNG-test-Yt Master Tests-2] INFO  [verifyingGlobalFilterLandingPage] [verifyingGlobalFilterLandingPage] Trying to find element: By.xpath: //ytd-search-filter-options-dialog-renderer[@class='style-scope ytd-popup-container']
2026-02-26 18:41:14.278 [TestNG-test-Yt Master Tests-2] INFO  [verifyingGlobalFilterLandingPage] [verifyingGlobalFilterLandingPage] Element found and ready (attempt 1): By.xpath: //ytd-search-filter-options-dialog-renderer[@class='style-scope ytd-popup-container']
2026-02-26 18:41:14.329 [TestNG-test-Yt Master Tests-2] INFO  [verifyingGlobalFilterLandingPage] Closing the global filter pop-up in landing page..
2026-02-26 18:41:14.329 [TestNG-test-Yt Master Tests-2] INFO  [verifyingGlobalFilterLandingPage] [verifyingGlobalFilterLandingPage] Trying to find element: By.xpath: //yt-icon[@icon='close']
2026-02-26 18:41:14.428 [TestNG-test-Yt Master Tests-2] INFO  [verifyingGlobalFilterLandingPage] [verifyingGlobalFilterLandingPage] Element found and ready (attempt 1): By.xpath: //yt-icon[@icon='close']
2026-02-26 18:41:14.545 [TestNG-test-Yt Master Tests-2] INFO  [verifyingGlobalFilterLandingPage] Clicking settings ellipses button...
2026-02-26 18:41:14.545 [TestNG-test-Yt Master Tests-2] INFO  [verifyingGlobalFilterLandingPage] [verifyingGlobalFilterLandingPage] Trying to find element: By.xpath: //ytd-topbar-menu-button-renderer[@class='style-scope ytd-masthead style-default']
2026-02-26 18:41:14.830 [TestNG-test-Yt Master Tests-2] INFO  [verifyingGlobalFilterLandingPage] [verifyingGlobalFilterLandingPage] Element found and ready (attempt 1): By.xpath: //ytd-topbar-menu-button-renderer[@class='style-scope ytd-masthead style-default']
2026-02-26 18:41:14.960 [TestNG-test-Yt Master Tests-2] INFO  [verifyingGlobalFilterLandingPage] Clicking language dropdown...
2026-02-26 18:41:14.960 [TestNG-test-Yt Master Tests-2] INFO  [verifyingGlobalFilterLandingPage] [verifyingGlobalFilterLandingPage] Trying to find element: By.xpath: (//div[@id='content-icon'])[2]
2026-02-26 18:41:15.736 [TestNG-test-Yt Master Tests-2] INFO  [verifyingGlobalFilterLandingPage] [verifyingGlobalFilterLandingPage] Element found and ready (attempt 1): By.xpath: (//div[@id='content-icon'])[2]
2026-02-26 18:41:16.209 [TestNG-test-Yt Master Tests-2] INFO  [verifyingGlobalFilterLandingPage] [verifyingGlobalFilterLandingPage] Trying to find element: By.xpath: //yt-multi-page-menu-section-renderer[@class='style-scope ytd-multi-page-menu-renderer']//yt-formatted-string[@id='label' and text()='English (India)']
2026-02-26 18:41:16.347 [TestNG-test-Yt Master Tests-2] INFO  [verifyingGlobalFilterLandingPage] [verifyingGlobalFilterLandingPage] Element found and ready (attempt 1): By.xpath: //yt-multi-page-menu-section-renderer[@class='style-scope ytd-multi-page-menu-renderer']//yt-formatted-string[@id='label' and text()='English (India)']
2026-02-26 18:41:16.347 [TestNG-test-Yt Master Tests-2] INFO  [verifyingGlobalFilterLandingPage] Looking for language element with name: English (India)
2026-02-26 18:41:16.347 [TestNG-test-Yt Master Tests-2] INFO  [verifyingGlobalFilterLandingPage] [verifyingGlobalFilterLandingPage] Within smoothScrollToElement method
2026-02-26 18:41:16.347 [TestNG-test-Yt Master Tests-2] INFO  [verifyingGlobalFilterLandingPage] SafeActions initialized with driver ChromeDriver: chrome on windows (937905abe1e91b515f960d9fa6849c47)
2026-02-26 18:41:16.347 [TestNG-test-Yt Master Tests-2] INFO  [verifyingGlobalFilterLandingPage] [verifyingGlobalFilterLandingPage] Trying to find element: By.xpath: //yt-multi-page-menu-section-renderer[@class='style-scope ytd-multi-page-menu-renderer']//yt-formatted-string[@id='label' and text()='English (India)']
2026-02-26 18:41:16.434 [TestNG-test-Yt Master Tests-2] INFO  [verifyingGlobalFilterLandingPage] [verifyingGlobalFilterLandingPage] Element found and ready (attempt 1): By.xpath: //yt-multi-page-menu-section-renderer[@class='style-scope ytd-multi-page-menu-renderer']//yt-formatted-string[@id='label' and text()='English (India)']
2026-02-26 18:41:16.469 [TestNG-test-Yt Master Tests-2] INFO  [verifyingGlobalFilterLandingPage] [verifyingGlobalFilterLandingPage] Successfully scrolled to element: By.xpath: //yt-multi-page-menu-section-renderer[@class='style-scope ytd-multi-page-menu-renderer']//yt-formatted-string[@id='label' and text()='English (India)']
2026-02-26 18:41:16.469 [TestNG-test-Yt Master Tests-2] INFO  [verifyingGlobalFilterLandingPage] Looking for language element with name: English (India)
2026-02-26 18:41:16.469 [TestNG-test-Yt Master Tests-2] INFO  [verifyingGlobalFilterLandingPage] [verifyingGlobalFilterLandingPage] Trying to find element: By.xpath: //yt-multi-page-menu-section-renderer[@class='style-scope ytd-multi-page-menu-renderer']//yt-formatted-string[@id='label' and text()='English (India)']
2026-02-26 18:41:16.535 [TestNG-test-Yt Master Tests-2] INFO  [verifyingGlobalFilterLandingPage] [verifyingGlobalFilterLandingPage] Element found and ready (attempt 1): By.xpath: //yt-multi-page-menu-section-renderer[@class='style-scope ytd-multi-page-menu-renderer']//yt-formatted-string[@id='label' and text()='English (India)']
2026-02-26 18:41:18.792 [TestNG-test-Yt Master Tests-2] INFO  [verifyingGlobalFilterLandingPage] Clicking settings ellipses button...
2026-02-26 18:41:18.792 [TestNG-test-Yt Master Tests-2] INFO  [verifyingGlobalFilterLandingPage] [verifyingGlobalFilterLandingPage] Trying to find element: By.xpath: //ytd-topbar-menu-button-renderer[@class='style-scope ytd-masthead style-default']
2026-02-26 18:41:20.745 [TestNG-test-Yt Master Tests-2] INFO  [verifyingGlobalFilterLandingPage] [verifyingGlobalFilterLandingPage] Element found and ready (attempt 1): By.xpath: //ytd-topbar-menu-button-renderer[@class='style-scope ytd-masthead style-default']
2026-02-26 18:41:20.850 [TestNG-test-Yt Master Tests-2] INFO  [verifyingGlobalFilterLandingPage] [verifyingGlobalFilterLandingPage] Waiting until element is visible in viewport
2026-02-26 18:41:21.388 [TestNG-test-Yt Master Tests-2] INFO  [verifyingGlobalFilterLandingPage] [verifyingGlobalFilterLandingPage] Capturing screenshot: Filter Applied is English (India)__2026-02-26_184121.jpg
2026-02-26 18:41:21.766 [TestNG-test-Yt Master Tests-2] INFO  [verifyingGlobalFilterLandingPage] [verifyingGlobalFilterLandingPage] Screenshot saved at: test-output/screenshots/Run_2026-02-26_18-32-27/verifyingGlobalFilterLandingPage/Filter Applied is English (India)__2026-02-26_184121.jpg
2026-02-26 18:41:21.766 [TestNG-test-Yt Master Tests-2] INFO  [verifyingGlobalFilterLandingPage] Clicking settings ellipses button...
2026-02-26 18:41:21.766 [TestNG-test-Yt Master Tests-2] INFO  [verifyingGlobalFilterLandingPage] [verifyingGlobalFilterLandingPage] Trying to find element: By.xpath: //ytd-topbar-menu-button-renderer[@class='style-scope ytd-masthead style-default']
2026-02-26 18:41:21.861 [TestNG-test-Yt Master Tests-2] INFO  [verifyingGlobalFilterLandingPage] [verifyingGlobalFilterLandingPage] Element found and ready (attempt 1): By.xpath: //ytd-topbar-menu-button-renderer[@class='style-scope ytd-masthead style-default']
2026-02-26 18:41:21.942 [TestNG-test-Yt Master Tests-2] INFO  [verifyingGlobalFilterLandingPage] Clicking on global filter button in landing page..
2026-02-26 18:41:21.942 [TestNG-test-Yt Master Tests-2] INFO  [verifyingGlobalFilterLandingPage] [verifyingGlobalFilterLandingPage] Trying to click element: By.xpath: //div[@id='filter-button']
2026-02-26 18:41:22.298 [TestNG-test-Yt Master Tests-2] INFO  [verifyingGlobalFilterLandingPage] [verifyingGlobalFilterLandingPage] Clicked successfully (attempt 1): By.xpath: //div[@id='filter-button']
2026-02-26 18:41:22.298 [TestNG-test-Yt Master Tests-2] INFO  [verifyingGlobalFilterLandingPage] [verifyingGlobalFilterLandingPage] Waiting until element is visible in viewport
2026-02-26 18:41:22.325 [TestNG-test-Yt Master Tests-2] INFO  [verifyingGlobalFilterLandingPage] [verifyingGlobalFilterLandingPage] Capturing screenshot: Filter Applied is English (India)__2026-02-26_184122.jpg
2026-02-26 18:41:22.674 [TestNG-test-Yt Master Tests-2] INFO  [verifyingGlobalFilterLandingPage] [verifyingGlobalFilterLandingPage] Screenshot saved at: test-output/screenshots/Run_2026-02-26_18-32-27/verifyingGlobalFilterLandingPage/Filter Applied is English (India)__2026-02-26_184122.jpg
2026-02-26 18:41:22.674 [TestNG-test-Yt Master Tests-2] INFO  [verifyingGlobalFilterLandingPage] Fetching the data from the global filter in landing page
2026-02-26 18:41:22.674 [TestNG-test-Yt Master Tests-2] INFO  [verifyingGlobalFilterLandingPage] [verifyingGlobalFilterLandingPage] Trying to find element: By.xpath: //ytd-search-filter-options-dialog-renderer[@class='style-scope ytd-popup-container']
2026-02-26 18:41:22.756 [TestNG-test-Yt Master Tests-2] INFO  [verifyingGlobalFilterLandingPage] [verifyingGlobalFilterLandingPage] Element found and ready (attempt 1): By.xpath: //ytd-search-filter-options-dialog-renderer[@class='style-scope ytd-popup-container']
2026-02-26 18:41:22.783 [TestNG-test-Yt Master Tests-2] INFO  [verifyingGlobalFilterLandingPage] Closing the global filter pop-up in landing page..
2026-02-26 18:41:22.783 [TestNG-test-Yt Master Tests-2] INFO  [verifyingGlobalFilterLandingPage] [verifyingGlobalFilterLandingPage] Trying to find element: By.xpath: //yt-icon[@icon='close']
2026-02-26 18:41:22.888 [TestNG-test-Yt Master Tests-2] INFO  [verifyingGlobalFilterLandingPage] [verifyingGlobalFilterLandingPage] Element found and ready (attempt 1): By.xpath: //yt-icon[@icon='close']
2026-02-26 18:41:22.963 [TestNG-test-Yt Master Tests-2] INFO  [verifyingGlobalFilterLandingPage] Clicking settings ellipses button...
2026-02-26 18:41:22.963 [TestNG-test-Yt Master Tests-2] INFO  [verifyingGlobalFilterLandingPage] [verifyingGlobalFilterLandingPage] Trying to find element: By.xpath: //ytd-topbar-menu-button-renderer[@class='style-scope ytd-masthead style-default']
2026-02-26 18:41:23.049 [TestNG-test-Yt Master Tests-2] INFO  [verifyingGlobalFilterLandingPage] [verifyingGlobalFilterLandingPage] Element found and ready (attempt 1): By.xpath: //ytd-topbar-menu-button-renderer[@class='style-scope ytd-masthead style-default']
2026-02-26 18:41:23.180 [TestNG-test-Yt Master Tests-2] INFO  [verifyingGlobalFilterLandingPage] Clicking language dropdown...
2026-02-26 18:41:23.180 [TestNG-test-Yt Master Tests-2] INFO  [verifyingGlobalFilterLandingPage] [verifyingGlobalFilterLandingPage] Trying to find element: By.xpath: (//div[@id='content-icon'])[2]
2026-02-26 18:41:23.767 [TestNG-test-Yt Master Tests-2] INFO  [verifyingGlobalFilterLandingPage] [verifyingGlobalFilterLandingPage] Element found and ready (attempt 1): By.xpath: (//div[@id='content-icon'])[2]
2026-02-26 18:41:24.187 [TestNG-test-Yt Master Tests-2] INFO  [verifyingGlobalFilterLandingPage] [verifyingGlobalFilterLandingPage] Trying to find element: By.xpath: //yt-multi-page-menu-section-renderer[@class='style-scope ytd-multi-page-menu-renderer']//yt-formatted-string[@id='label' and text()='English (UK)']
2026-02-26 18:41:24.346 [TestNG-test-Yt Master Tests-2] INFO  [verifyingGlobalFilterLandingPage] [verifyingGlobalFilterLandingPage] Element found and ready (attempt 1): By.xpath: //yt-multi-page-menu-section-renderer[@class='style-scope ytd-multi-page-menu-renderer']//yt-formatted-string[@id='label' and text()='English (UK)']
2026-02-26 18:41:24.346 [TestNG-test-Yt Master Tests-2] INFO  [verifyingGlobalFilterLandingPage] Looking for language element with name: English (UK)
2026-02-26 18:41:24.346 [TestNG-test-Yt Master Tests-2] INFO  [verifyingGlobalFilterLandingPage] [verifyingGlobalFilterLandingPage] Within smoothScrollToElement method
2026-02-26 18:41:24.346 [TestNG-test-Yt Master Tests-2] INFO  [verifyingGlobalFilterLandingPage] SafeActions initialized with driver ChromeDriver: chrome on windows (937905abe1e91b515f960d9fa6849c47)
2026-02-26 18:41:24.346 [TestNG-test-Yt Master Tests-2] INFO  [verifyingGlobalFilterLandingPage] [verifyingGlobalFilterLandingPage] Trying to find element: By.xpath: //yt-multi-page-menu-section-renderer[@class='style-scope ytd-multi-page-menu-renderer']//yt-formatted-string[@id='label' and text()='English (UK)']
2026-02-26 18:41:24.418 [TestNG-test-Yt Master Tests-2] INFO  [verifyingGlobalFilterLandingPage] [verifyingGlobalFilterLandingPage] Element found and ready (attempt 1): By.xpath: //yt-multi-page-menu-section-renderer[@class='style-scope ytd-multi-page-menu-renderer']//yt-formatted-string[@id='label' and text()='English (UK)']
2026-02-26 18:41:24.469 [TestNG-test-Yt Master Tests-2] INFO  [verifyingGlobalFilterLandingPage] [verifyingGlobalFilterLandingPage] Successfully scrolled to element: By.xpath: //yt-multi-page-menu-section-renderer[@class='style-scope ytd-multi-page-menu-renderer']//yt-formatted-string[@id='label' and text()='English (UK)']
2026-02-26 18:41:24.469 [TestNG-test-Yt Master Tests-2] INFO  [verifyingGlobalFilterLandingPage] Looking for language element with name: English (UK)
2026-02-26 18:41:24.469 [TestNG-test-Yt Master Tests-2] INFO  [verifyingGlobalFilterLandingPage] [verifyingGlobalFilterLandingPage] Trying to find element: By.xpath: //yt-multi-page-menu-section-renderer[@class='style-scope ytd-multi-page-menu-renderer']//yt-formatted-string[@id='label' and text()='English (UK)']
2026-02-26 18:41:24.534 [TestNG-test-Yt Master Tests-2] INFO  [verifyingGlobalFilterLandingPage] [verifyingGlobalFilterLandingPage] Element found and ready (attempt 1): By.xpath: //yt-multi-page-menu-section-renderer[@class='style-scope ytd-multi-page-menu-renderer']//yt-formatted-string[@id='label' and text()='English (UK)']
2026-02-26 18:41:26.900 [TestNG-test-Yt Master Tests-2] INFO  [verifyingGlobalFilterLandingPage] Clicking settings ellipses button...
2026-02-26 18:41:26.900 [TestNG-test-Yt Master Tests-2] INFO  [verifyingGlobalFilterLandingPage] [verifyingGlobalFilterLandingPage] Trying to find element: By.xpath: //ytd-topbar-menu-button-renderer[@class='style-scope ytd-masthead style-default']
2026-02-26 18:41:28.855 [TestNG-test-Yt Master Tests-2] INFO  [verifyingGlobalFilterLandingPage] [verifyingGlobalFilterLandingPage] Element found and ready (attempt 1): By.xpath: //ytd-topbar-menu-button-renderer[@class='style-scope ytd-masthead style-default']
2026-02-26 18:41:29.245 [TestNG-test-Yt Master Tests-2] INFO  [verifyingGlobalFilterLandingPage] [verifyingGlobalFilterLandingPage] Waiting until element is visible in viewport
2026-02-26 18:41:29.278 [TestNG-test-Yt Master Tests-2] INFO  [verifyingGlobalFilterLandingPage] [verifyingGlobalFilterLandingPage] Capturing screenshot: Filter Applied is English (UK)__2026-02-26_184129.jpg
2026-02-26 18:41:29.866 [TestNG-test-Yt Master Tests-2] INFO  [verifyingGlobalFilterLandingPage] [verifyingGlobalFilterLandingPage] Screenshot saved at: test-output/screenshots/Run_2026-02-26_18-32-27/verifyingGlobalFilterLandingPage/Filter Applied is English (UK)__2026-02-26_184129.jpg
2026-02-26 18:41:29.866 [TestNG-test-Yt Master Tests-2] INFO  [verifyingGlobalFilterLandingPage] Clicking settings ellipses button...
2026-02-26 18:41:29.866 [TestNG-test-Yt Master Tests-2] INFO  [verifyingGlobalFilterLandingPage] [verifyingGlobalFilterLandingPage] Trying to find element: By.xpath: //ytd-topbar-menu-button-renderer[@class='style-scope ytd-masthead style-default']
2026-02-26 18:41:29.966 [TestNG-test-Yt Master Tests-2] INFO  [verifyingGlobalFilterLandingPage] [verifyingGlobalFilterLandingPage] Element found and ready (attempt 1): By.xpath: //ytd-topbar-menu-button-renderer[@class='style-scope ytd-masthead style-default']
2026-02-26 18:41:30.101 [TestNG-test-Yt Master Tests-2] INFO  [verifyingGlobalFilterLandingPage] Clicking on global filter button in landing page..
2026-02-26 18:41:30.101 [TestNG-test-Yt Master Tests-2] INFO  [verifyingGlobalFilterLandingPage] [verifyingGlobalFilterLandingPage] Trying to click element: By.xpath: //div[@id='filter-button']
2026-02-26 18:41:30.336 [TestNG-test-Yt Master Tests-2] INFO  [verifyingGlobalFilterLandingPage] [verifyingGlobalFilterLandingPage] Clicked successfully (attempt 1): By.xpath: //div[@id='filter-button']
2026-02-26 18:41:30.336 [TestNG-test-Yt Master Tests-2] INFO  [verifyingGlobalFilterLandingPage] [verifyingGlobalFilterLandingPage] Waiting until element is visible in viewport
2026-02-26 18:41:30.376 [TestNG-test-Yt Master Tests-2] INFO  [verifyingGlobalFilterLandingPage] [verifyingGlobalFilterLandingPage] Capturing screenshot: Filter Applied is English (UK)__2026-02-26_184130.jpg
2026-02-26 18:41:30.694 [TestNG-test-Yt Master Tests-2] INFO  [verifyingGlobalFilterLandingPage] [verifyingGlobalFilterLandingPage] Screenshot saved at: test-output/screenshots/Run_2026-02-26_18-32-27/verifyingGlobalFilterLandingPage/Filter Applied is English (UK)__2026-02-26_184130.jpg
2026-02-26 18:41:30.694 [TestNG-test-Yt Master Tests-2] INFO  [verifyingGlobalFilterLandingPage] Fetching the data from the global filter in landing page
2026-02-26 18:41:30.694 [TestNG-test-Yt Master Tests-2] INFO  [verifyingGlobalFilterLandingPage] [verifyingGlobalFilterLandingPage] Trying to find element: By.xpath: //ytd-search-filter-options-dialog-renderer[@class='style-scope ytd-popup-container']
2026-02-26 18:41:30.827 [TestNG-test-Yt Master Tests-2] INFO  [verifyingGlobalFilterLandingPage] [verifyingGlobalFilterLandingPage] Element found and ready (attempt 1): By.xpath: //ytd-search-filter-options-dialog-renderer[@class='style-scope ytd-popup-container']
2026-02-26 18:41:30.868 [TestNG-test-Yt Master Tests-2] INFO  [verifyingGlobalFilterLandingPage] Closing the global filter pop-up in landing page..
2026-02-26 18:41:30.868 [TestNG-test-Yt Master Tests-2] INFO  [verifyingGlobalFilterLandingPage] [verifyingGlobalFilterLandingPage] Trying to find element: By.xpath: //yt-icon[@icon='close']
2026-02-26 18:41:30.952 [TestNG-test-Yt Master Tests-2] INFO  [verifyingGlobalFilterLandingPage] [verifyingGlobalFilterLandingPage] Element found and ready (attempt 1): By.xpath: //yt-icon[@icon='close']
2026-02-26 18:41:31.031 [TestNG-test-Yt Master Tests-2] INFO  [verifyingGlobalFilterLandingPage] Clicking settings ellipses button...
2026-02-26 18:41:31.031 [TestNG-test-Yt Master Tests-2] INFO  [verifyingGlobalFilterLandingPage] [verifyingGlobalFilterLandingPage] Trying to find element: By.xpath: //ytd-topbar-menu-button-renderer[@class='style-scope ytd-masthead style-default']
2026-02-26 18:41:31.129 [TestNG-test-Yt Master Tests-2] INFO  [verifyingGlobalFilterLandingPage] [verifyingGlobalFilterLandingPage] Element found and ready (attempt 1): By.xpath: //ytd-topbar-menu-button-renderer[@class='style-scope ytd-masthead style-default']
2026-02-26 18:41:31.225 [TestNG-test-Yt Master Tests-2] INFO  [verifyingGlobalFilterLandingPage] Clicking language dropdown...
2026-02-26 18:41:31.225 [TestNG-test-Yt Master Tests-2] INFO  [verifyingGlobalFilterLandingPage] [verifyingGlobalFilterLandingPage] Trying to find element: By.xpath: (//div[@id='content-icon'])[2]
2026-02-26 18:41:31.814 [TestNG-test-Yt Master Tests-2] INFO  [verifyingGlobalFilterLandingPage] [verifyingGlobalFilterLandingPage] Element found and ready (attempt 1): By.xpath: (//div[@id='content-icon'])[2]
2026-02-26 18:41:32.255 [TestNG-test-Yt Master Tests-2] INFO  [verifyingGlobalFilterLandingPage] [verifyingGlobalFilterLandingPage] Trying to find element: By.xpath: //yt-multi-page-menu-section-renderer[@class='style-scope ytd-multi-page-menu-renderer']//yt-formatted-string[@id='label' and text()='English (US)']
2026-02-26 18:41:32.396 [TestNG-test-Yt Master Tests-2] INFO  [verifyingGlobalFilterLandingPage] [verifyingGlobalFilterLandingPage] Element found and ready (attempt 1): By.xpath: //yt-multi-page-menu-section-renderer[@class='style-scope ytd-multi-page-menu-renderer']//yt-formatted-string[@id='label' and text()='English (US)']
2026-02-26 18:41:32.396 [TestNG-test-Yt Master Tests-2] INFO  [verifyingGlobalFilterLandingPage] Looking for language element with name: English (US)
2026-02-26 18:41:32.396 [TestNG-test-Yt Master Tests-2] INFO  [verifyingGlobalFilterLandingPage] [verifyingGlobalFilterLandingPage] Within smoothScrollToElement method
2026-02-26 18:41:32.396 [TestNG-test-Yt Master Tests-2] INFO  [verifyingGlobalFilterLandingPage] SafeActions initialized with driver ChromeDriver: chrome on windows (937905abe1e91b515f960d9fa6849c47)
2026-02-26 18:41:32.396 [TestNG-test-Yt Master Tests-2] INFO  [verifyingGlobalFilterLandingPage] [verifyingGlobalFilterLandingPage] Trying to find element: By.xpath: //yt-multi-page-menu-section-renderer[@class='style-scope ytd-multi-page-menu-renderer']//yt-formatted-string[@id='label' and text()='English (US)']
2026-02-26 18:41:32.457 [TestNG-test-Yt Master Tests-2] INFO  [verifyingGlobalFilterLandingPage] [verifyingGlobalFilterLandingPage] Element found and ready (attempt 1): By.xpath: //yt-multi-page-menu-section-renderer[@class='style-scope ytd-multi-page-menu-renderer']//yt-formatted-string[@id='label' and text()='English (US)']
2026-02-26 18:41:32.490 [TestNG-test-Yt Master Tests-2] INFO  [verifyingGlobalFilterLandingPage] [verifyingGlobalFilterLandingPage] Successfully scrolled to element: By.xpath: //yt-multi-page-menu-section-renderer[@class='style-scope ytd-multi-page-menu-renderer']//yt-formatted-string[@id='label' and text()='English (US)']
2026-02-26 18:41:32.490 [TestNG-test-Yt Master Tests-2] INFO  [verifyingGlobalFilterLandingPage] Looking for language element with name: English (US)
2026-02-26 18:41:32.490 [TestNG-test-Yt Master Tests-2] INFO  [verifyingGlobalFilterLandingPage] [verifyingGlobalFilterLandingPage] Trying to find element: By.xpath: //yt-multi-page-menu-section-renderer[@class='style-scope ytd-multi-page-menu-renderer']//yt-formatted-string[@id='label' and text()='English (US)']
2026-02-26 18:41:32.556 [TestNG-test-Yt Master Tests-2] INFO  [verifyingGlobalFilterLandingPage] [verifyingGlobalFilterLandingPage] Element found and ready (attempt 1): By.xpath: //yt-multi-page-menu-section-renderer[@class='style-scope ytd-multi-page-menu-renderer']//yt-formatted-string[@id='label' and text()='English (US)']
2026-02-26 18:41:35.828 [TestNG-test-Yt Master Tests-2] INFO  [verifyingGlobalFilterLandingPage] Clicking settings ellipses button...
2026-02-26 18:41:35.828 [TestNG-test-Yt Master Tests-2] INFO  [verifyingGlobalFilterLandingPage] [verifyingGlobalFilterLandingPage] Trying to find element: By.xpath: //ytd-topbar-menu-button-renderer[@class='style-scope ytd-masthead style-default']
2026-02-26 18:41:37.353 [TestNG-test-Yt Master Tests-2] INFO  [verifyingGlobalFilterLandingPage] [verifyingGlobalFilterLandingPage] Element found and ready (attempt 1): By.xpath: //ytd-topbar-menu-button-renderer[@class='style-scope ytd-masthead style-default']
2026-02-26 18:41:37.588 [TestNG-test-Yt Master Tests-2] INFO  [verifyingGlobalFilterLandingPage] [verifyingGlobalFilterLandingPage] Waiting until element is visible in viewport
2026-02-26 18:41:38.131 [TestNG-test-Yt Master Tests-2] INFO  [verifyingGlobalFilterLandingPage] [verifyingGlobalFilterLandingPage] Capturing screenshot: Filter Applied is English (US)__2026-02-26_184138.jpg
2026-02-26 18:41:38.360 [TestNG-test-Yt Master Tests-2] INFO  [verifyingGlobalFilterLandingPage] [verifyingGlobalFilterLandingPage] Screenshot saved at: test-output/screenshots/Run_2026-02-26_18-32-27/verifyingGlobalFilterLandingPage/Filter Applied is English (US)__2026-02-26_184138.jpg
2026-02-26 18:41:38.360 [TestNG-test-Yt Master Tests-2] INFO  [verifyingGlobalFilterLandingPage] Clicking settings ellipses button...
2026-02-26 18:41:38.360 [TestNG-test-Yt Master Tests-2] INFO  [verifyingGlobalFilterLandingPage] [verifyingGlobalFilterLandingPage] Trying to find element: By.xpath: //ytd-topbar-menu-button-renderer[@class='style-scope ytd-masthead style-default']
2026-02-26 18:41:38.414 [TestNG-test-Yt Master Tests-2] INFO  [verifyingGlobalFilterLandingPage] [verifyingGlobalFilterLandingPage] Element found and ready (attempt 1): By.xpath: //ytd-topbar-menu-button-renderer[@class='style-scope ytd-masthead style-default']
2026-02-26 18:41:38.479 [TestNG-test-Yt Master Tests-2] INFO  [verifyingGlobalFilterLandingPage] Clicking on global filter button in landing page..
2026-02-26 18:41:38.479 [TestNG-test-Yt Master Tests-2] INFO  [verifyingGlobalFilterLandingPage] [verifyingGlobalFilterLandingPage] Trying to click element: By.xpath: //div[@id='filter-button']
2026-02-26 18:41:38.767 [TestNG-test-Yt Master Tests-2] INFO  [verifyingGlobalFilterLandingPage] [verifyingGlobalFilterLandingPage] Clicked successfully (attempt 1): By.xpath: //div[@id='filter-button']
2026-02-26 18:41:38.767 [TestNG-test-Yt Master Tests-2] INFO  [verifyingGlobalFilterLandingPage] [verifyingGlobalFilterLandingPage] Waiting until element is visible in viewport
2026-02-26 18:41:38.796 [TestNG-test-Yt Master Tests-2] INFO  [verifyingGlobalFilterLandingPage] [verifyingGlobalFilterLandingPage] Capturing screenshot: Filter Applied is English (US)__2026-02-26_184138.jpg
2026-02-26 18:41:39.114 [TestNG-test-Yt Master Tests-2] INFO  [verifyingGlobalFilterLandingPage] [verifyingGlobalFilterLandingPage] Screenshot saved at: test-output/screenshots/Run_2026-02-26_18-32-27/verifyingGlobalFilterLandingPage/Filter Applied is English (US)__2026-02-26_184138.jpg
2026-02-26 18:41:39.114 [TestNG-test-Yt Master Tests-2] INFO  [verifyingGlobalFilterLandingPage] Fetching the data from the global filter in landing page
2026-02-26 18:41:39.114 [TestNG-test-Yt Master Tests-2] INFO  [verifyingGlobalFilterLandingPage] [verifyingGlobalFilterLandingPage] Trying to find element: By.xpath: //ytd-search-filter-options-dialog-renderer[@class='style-scope ytd-popup-container']
2026-02-26 18:41:39.204 [TestNG-test-Yt Master Tests-2] INFO  [verifyingGlobalFilterLandingPage] [verifyingGlobalFilterLandingPage] Element found and ready (attempt 1): By.xpath: //ytd-search-filter-options-dialog-renderer[@class='style-scope ytd-popup-container']
2026-02-26 18:41:39.243 [TestNG-test-Yt Master Tests-2] INFO  [verifyingGlobalFilterLandingPage] Closing the global filter pop-up in landing page..
2026-02-26 18:41:39.243 [TestNG-test-Yt Master Tests-2] INFO  [verifyingGlobalFilterLandingPage] [verifyingGlobalFilterLandingPage] Trying to find element: By.xpath: //yt-icon[@icon='close']
2026-02-26 18:41:39.310 [TestNG-test-Yt Master Tests-2] INFO  [verifyingGlobalFilterLandingPage] [verifyingGlobalFilterLandingPage] Element found and ready (attempt 1): By.xpath: //yt-icon[@icon='close']
2026-02-26 18:41:39.403 [TestNG-test-Yt Master Tests-2] INFO  [verifyingGlobalFilterLandingPage] Clicking settings ellipses button...
2026-02-26 18:41:39.403 [TestNG-test-Yt Master Tests-2] INFO  [verifyingGlobalFilterLandingPage] [verifyingGlobalFilterLandingPage] Trying to find element: By.xpath: //ytd-topbar-menu-button-renderer[@class='style-scope ytd-masthead style-default']
2026-02-26 18:41:39.496 [TestNG-test-Yt Master Tests-2] INFO  [verifyingGlobalFilterLandingPage] [verifyingGlobalFilterLandingPage] Element found and ready (attempt 1): By.xpath: //ytd-topbar-menu-button-renderer[@class='style-scope ytd-masthead style-default']
2026-02-26 18:41:39.653 [TestNG-test-Yt Master Tests-2] INFO  [verifyingGlobalFilterLandingPage] Clicking language dropdown...
2026-02-26 18:41:39.653 [TestNG-test-Yt Master Tests-2] INFO  [verifyingGlobalFilterLandingPage] [verifyingGlobalFilterLandingPage] Trying to find element: By.xpath: (//div[@id='content-icon'])[2]
2026-02-26 18:41:40.237 [TestNG-test-Yt Master Tests-2] INFO  [verifyingGlobalFilterLandingPage] [verifyingGlobalFilterLandingPage] Element found and ready (attempt 1): By.xpath: (//div[@id='content-icon'])[2]
2026-02-26 18:41:40.745 [TestNG-test-Yt Master Tests-2] INFO  [verifyingGlobalFilterLandingPage] [verifyingGlobalFilterLandingPage] Trying to find element: By.xpath: //yt-multi-page-menu-section-renderer[@class='style-scope ytd-multi-page-menu-renderer']//yt-formatted-string[@id='label' and text()='Español (España)']
2026-02-26 18:41:40.903 [TestNG-test-Yt Master Tests-2] INFO  [verifyingGlobalFilterLandingPage] [verifyingGlobalFilterLandingPage] Element found and ready (attempt 1): By.xpath: //yt-multi-page-menu-section-renderer[@class='style-scope ytd-multi-page-menu-renderer']//yt-formatted-string[@id='label' and text()='Español (España)']
2026-02-26 18:41:40.903 [TestNG-test-Yt Master Tests-2] INFO  [verifyingGlobalFilterLandingPage] Looking for language element with name: Español (España)
2026-02-26 18:41:40.903 [TestNG-test-Yt Master Tests-2] INFO  [verifyingGlobalFilterLandingPage] [verifyingGlobalFilterLandingPage] Within smoothScrollToElement method
2026-02-26 18:41:40.903 [TestNG-test-Yt Master Tests-2] INFO  [verifyingGlobalFilterLandingPage] SafeActions initialized with driver ChromeDriver: chrome on windows (937905abe1e91b515f960d9fa6849c47)
2026-02-26 18:41:40.903 [TestNG-test-Yt Master Tests-2] INFO  [verifyingGlobalFilterLandingPage] [verifyingGlobalFilterLandingPage] Trying to find element: By.xpath: //yt-multi-page-menu-section-renderer[@class='style-scope ytd-multi-page-menu-renderer']//yt-formatted-string[@id='label' and text()='Español (España)']
2026-02-26 18:41:40.972 [TestNG-test-Yt Master Tests-2] INFO  [verifyingGlobalFilterLandingPage] [verifyingGlobalFilterLandingPage] Element found and ready (attempt 1): By.xpath: //yt-multi-page-menu-section-renderer[@class='style-scope ytd-multi-page-menu-renderer']//yt-formatted-string[@id='label' and text()='Español (España)']
2026-02-26 18:41:41.006 [TestNG-test-Yt Master Tests-2] INFO  [verifyingGlobalFilterLandingPage] [verifyingGlobalFilterLandingPage] Successfully scrolled to element: By.xpath: //yt-multi-page-menu-section-renderer[@class='style-scope ytd-multi-page-menu-renderer']//yt-formatted-string[@id='label' and text()='Español (España)']
2026-02-26 18:41:41.006 [TestNG-test-Yt Master Tests-2] INFO  [verifyingGlobalFilterLandingPage] Looking for language element with name: Español (España)
2026-02-26 18:41:41.006 [TestNG-test-Yt Master Tests-2] INFO  [verifyingGlobalFilterLandingPage] [verifyingGlobalFilterLandingPage] Trying to find element: By.xpath: //yt-multi-page-menu-section-renderer[@class='style-scope ytd-multi-page-menu-renderer']//yt-formatted-string[@id='label' and text()='Español (España)']
2026-02-26 18:41:41.106 [TestNG-test-Yt Master Tests-2] INFO  [verifyingGlobalFilterLandingPage] [verifyingGlobalFilterLandingPage] Element found and ready (attempt 1): By.xpath: //yt-multi-page-menu-section-renderer[@class='style-scope ytd-multi-page-menu-renderer']//yt-formatted-string[@id='label' and text()='Español (España)']
2026-02-26 18:41:43.907 [TestNG-test-Yt Master Tests-2] INFO  [verifyingGlobalFilterLandingPage] Clicking settings ellipses button...
2026-02-26 18:41:43.907 [TestNG-test-Yt Master Tests-2] INFO  [verifyingGlobalFilterLandingPage] [verifyingGlobalFilterLandingPage] Trying to find element: By.xpath: //ytd-topbar-menu-button-renderer[@class='style-scope ytd-masthead style-default']
2026-02-26 18:41:45.216 [TestNG-test-Yt Master Tests-2] INFO  [verifyingGlobalFilterLandingPage] [verifyingGlobalFilterLandingPage] Element found and ready (attempt 1): By.xpath: //ytd-topbar-menu-button-renderer[@class='style-scope ytd-masthead style-default']
2026-02-26 18:41:45.339 [TestNG-test-Yt Master Tests-2] INFO  [verifyingGlobalFilterLandingPage] [verifyingGlobalFilterLandingPage] Waiting until element is visible in viewport
2026-02-26 18:41:45.961 [TestNG-test-Yt Master Tests-2] INFO  [verifyingGlobalFilterLandingPage] [verifyingGlobalFilterLandingPage] Capturing screenshot: Filter Applied is Español (España)__2026-02-26_184145.jpg
2026-02-26 18:41:46.262 [TestNG-test-Yt Master Tests-2] INFO  [verifyingGlobalFilterLandingPage] [verifyingGlobalFilterLandingPage] Screenshot saved at: test-output/screenshots/Run_2026-02-26_18-32-27/verifyingGlobalFilterLandingPage/Filter Applied is Español (España)__2026-02-26_184145.jpg
2026-02-26 18:41:46.262 [TestNG-test-Yt Master Tests-2] INFO  [verifyingGlobalFilterLandingPage] Clicking settings ellipses button...
2026-02-26 18:41:46.263 [TestNG-test-Yt Master Tests-2] INFO  [verifyingGlobalFilterLandingPage] [verifyingGlobalFilterLandingPage] Trying to find element: By.xpath: //ytd-topbar-menu-button-renderer[@class='style-scope ytd-masthead style-default']
2026-02-26 18:41:46.344 [TestNG-test-Yt Master Tests-2] INFO  [verifyingGlobalFilterLandingPage] [verifyingGlobalFilterLandingPage] Element found and ready (attempt 1): By.xpath: //ytd-topbar-menu-button-renderer[@class='style-scope ytd-masthead style-default']
2026-02-26 18:41:46.437 [TestNG-test-Yt Master Tests-2] INFO  [verifyingGlobalFilterLandingPage] Clicking on global filter button in landing page..
2026-02-26 18:41:46.437 [TestNG-test-Yt Master Tests-2] INFO  [verifyingGlobalFilterLandingPage] [verifyingGlobalFilterLandingPage] Trying to click element: By.xpath: //div[@id='filter-button']
2026-02-26 18:41:46.707 [TestNG-test-Yt Master Tests-2] INFO  [verifyingGlobalFilterLandingPage] [verifyingGlobalFilterLandingPage] Clicked successfully (attempt 1): By.xpath: //div[@id='filter-button']
2026-02-26 18:41:46.707 [TestNG-test-Yt Master Tests-2] INFO  [verifyingGlobalFilterLandingPage] [verifyingGlobalFilterLandingPage] Waiting until element is visible in viewport
2026-02-26 18:41:46.733 [TestNG-test-Yt Master Tests-2] INFO  [verifyingGlobalFilterLandingPage] [verifyingGlobalFilterLandingPage] Capturing screenshot: Filter Applied is Español (España)__2026-02-26_184146.jpg
2026-02-26 18:41:46.951 [TestNG-test-Yt Master Tests-2] INFO  [verifyingGlobalFilterLandingPage] [verifyingGlobalFilterLandingPage] Screenshot saved at: test-output/screenshots/Run_2026-02-26_18-32-27/verifyingGlobalFilterLandingPage/Filter Applied is Español (España)__2026-02-26_184146.jpg
2026-02-26 18:41:46.951 [TestNG-test-Yt Master Tests-2] INFO  [verifyingGlobalFilterLandingPage] Fetching the data from the global filter in landing page
2026-02-26 18:41:46.951 [TestNG-test-Yt Master Tests-2] INFO  [verifyingGlobalFilterLandingPage] [verifyingGlobalFilterLandingPage] Trying to find element: By.xpath: //ytd-search-filter-options-dialog-renderer[@class='style-scope ytd-popup-container']
2026-02-26 18:41:47.023 [TestNG-test-Yt Master Tests-2] INFO  [verifyingGlobalFilterLandingPage] [verifyingGlobalFilterLandingPage] Element found and ready (attempt 1): By.xpath: //ytd-search-filter-options-dialog-renderer[@class='style-scope ytd-popup-container']
2026-02-26 18:41:47.066 [TestNG-test-Yt Master Tests-2] INFO  [verifyingGlobalFilterLandingPage] Closing the global filter pop-up in landing page..
2026-02-26 18:41:47.066 [TestNG-test-Yt Master Tests-2] INFO  [verifyingGlobalFilterLandingPage] [verifyingGlobalFilterLandingPage] Trying to find element: By.xpath: //yt-icon[@icon='close']
2026-02-26 18:41:47.143 [TestNG-test-Yt Master Tests-2] INFO  [verifyingGlobalFilterLandingPage] [verifyingGlobalFilterLandingPage] Element found and ready (attempt 1): By.xpath: //yt-icon[@icon='close']
2026-02-26 18:41:47.226 [TestNG-test-Yt Master Tests-2] INFO  [verifyingGlobalFilterLandingPage] Clicking settings ellipses button...
2026-02-26 18:41:47.226 [TestNG-test-Yt Master Tests-2] INFO  [verifyingGlobalFilterLandingPage] [verifyingGlobalFilterLandingPage] Trying to find element: By.xpath: //ytd-topbar-menu-button-renderer[@class='style-scope ytd-masthead style-default']
2026-02-26 18:41:47.322 [TestNG-test-Yt Master Tests-2] INFO  [verifyingGlobalFilterLandingPage] [verifyingGlobalFilterLandingPage] Element found and ready (attempt 1): By.xpath: //ytd-topbar-menu-button-renderer[@class='style-scope ytd-masthead style-default']
2026-02-26 18:41:47.437 [TestNG-test-Yt Master Tests-2] INFO  [verifyingGlobalFilterLandingPage] Clicking language dropdown...
2026-02-26 18:41:47.437 [TestNG-test-Yt Master Tests-2] INFO  [verifyingGlobalFilterLandingPage] [verifyingGlobalFilterLandingPage] Trying to find element: By.xpath: (//div[@id='content-icon'])[2]
2026-02-26 18:41:47.636 [TestNG-test-Yt Master Tests-2] INFO  [verifyingGlobalFilterLandingPage] [verifyingGlobalFilterLandingPage] Element found and ready (attempt 1): By.xpath: (//div[@id='content-icon'])[2]
2026-02-26 18:41:48.092 [TestNG-test-Yt Master Tests-2] INFO  [verifyingGlobalFilterLandingPage] [verifyingGlobalFilterLandingPage] Trying to find element: By.xpath: //yt-multi-page-menu-section-renderer[@class='style-scope ytd-multi-page-menu-renderer']//yt-formatted-string[@id='label' and text()='Español (Latinoamérica)']
2026-02-26 18:41:48.271 [TestNG-test-Yt Master Tests-2] INFO  [verifyingGlobalFilterLandingPage] [verifyingGlobalFilterLandingPage] Element found and ready (attempt 1): By.xpath: //yt-multi-page-menu-section-renderer[@class='style-scope ytd-multi-page-menu-renderer']//yt-formatted-string[@id='label' and text()='Español (Latinoamérica)']
2026-02-26 18:41:48.271 [TestNG-test-Yt Master Tests-2] INFO  [verifyingGlobalFilterLandingPage] Looking for language element with name: Español (Latinoamérica)
2026-02-26 18:41:48.271 [TestNG-test-Yt Master Tests-2] INFO  [verifyingGlobalFilterLandingPage] [verifyingGlobalFilterLandingPage] Within smoothScrollToElement method
2026-02-26 18:41:48.271 [TestNG-test-Yt Master Tests-2] INFO  [verifyingGlobalFilterLandingPage] SafeActions initialized with driver ChromeDriver: chrome on windows (937905abe1e91b515f960d9fa6849c47)
2026-02-26 18:41:48.271 [TestNG-test-Yt Master Tests-2] INFO  [verifyingGlobalFilterLandingPage] [verifyingGlobalFilterLandingPage] Trying to find element: By.xpath: //yt-multi-page-menu-section-renderer[@class='style-scope ytd-multi-page-menu-renderer']//yt-formatted-string[@id='label' and text()='Español (Latinoamérica)']
2026-02-26 18:41:48.333 [TestNG-test-Yt Master Tests-2] INFO  [verifyingGlobalFilterLandingPage] [verifyingGlobalFilterLandingPage] Element found and ready (attempt 1): By.xpath: //yt-multi-page-menu-section-renderer[@class='style-scope ytd-multi-page-menu-renderer']//yt-formatted-string[@id='label' and text()='Español (Latinoamérica)']
2026-02-26 18:41:48.368 [TestNG-test-Yt Master Tests-2] INFO  [verifyingGlobalFilterLandingPage] [verifyingGlobalFilterLandingPage] Successfully scrolled to element: By.xpath: //yt-multi-page-menu-section-renderer[@class='style-scope ytd-multi-page-menu-renderer']//yt-formatted-string[@id='label' and text()='Español (Latinoamérica)']
2026-02-26 18:41:48.368 [TestNG-test-Yt Master Tests-2] INFO  [verifyingGlobalFilterLandingPage] Looking for language element with name: Español (Latinoamérica)
2026-02-26 18:41:48.368 [TestNG-test-Yt Master Tests-2] INFO  [verifyingGlobalFilterLandingPage] [verifyingGlobalFilterLandingPage] Trying to find element: By.xpath: //yt-multi-page-menu-section-renderer[@class='style-scope ytd-multi-page-menu-renderer']//yt-formatted-string[@id='label' and text()='Español (Latinoamérica)']
2026-02-26 18:41:48.434 [TestNG-test-Yt Master Tests-2] INFO  [verifyingGlobalFilterLandingPage] [verifyingGlobalFilterLandingPage] Element found and ready (attempt 1): By.xpath: //yt-multi-page-menu-section-renderer[@class='style-scope ytd-multi-page-menu-renderer']//yt-formatted-string[@id='label' and text()='Español (Latinoamérica)']
2026-02-26 18:41:52.278 [TestNG-test-Yt Master Tests-2] INFO  [verifyingGlobalFilterLandingPage] Clicking settings ellipses button...
2026-02-26 18:41:52.278 [TestNG-test-Yt Master Tests-2] INFO  [verifyingGlobalFilterLandingPage] [verifyingGlobalFilterLandingPage] Trying to find element: By.xpath: //ytd-topbar-menu-button-renderer[@class='style-scope ytd-masthead style-default']
2026-02-26 18:41:52.920 [TestNG-test-Yt Master Tests-2] INFO  [verifyingGlobalFilterLandingPage] [verifyingGlobalFilterLandingPage] Element found and ready (attempt 1): By.xpath: //ytd-topbar-menu-button-renderer[@class='style-scope ytd-masthead style-default']
2026-02-26 18:41:53.022 [TestNG-test-Yt Master Tests-2] INFO  [verifyingGlobalFilterLandingPage] [verifyingGlobalFilterLandingPage] Waiting until element is visible in viewport
2026-02-26 18:41:53.565 [TestNG-test-Yt Master Tests-2] INFO  [verifyingGlobalFilterLandingPage] [verifyingGlobalFilterLandingPage] Capturing screenshot: Filter Applied is Español (Latinoamérica)__2026-02-26_184153.jpg
2026-02-26 18:41:53.846 [TestNG-test-Yt Master Tests-2] INFO  [verifyingGlobalFilterLandingPage] [verifyingGlobalFilterLandingPage] Screenshot saved at: test-output/screenshots/Run_2026-02-26_18-32-27/verifyingGlobalFilterLandingPage/Filter Applied is Español (Latinoamérica)__2026-02-26_184153.jpg
2026-02-26 18:41:53.846 [TestNG-test-Yt Master Tests-2] INFO  [verifyingGlobalFilterLandingPage] Clicking settings ellipses button...
2026-02-26 18:41:53.846 [TestNG-test-Yt Master Tests-2] INFO  [verifyingGlobalFilterLandingPage] [verifyingGlobalFilterLandingPage] Trying to find element: By.xpath: //ytd-topbar-menu-button-renderer[@class='style-scope ytd-masthead style-default']
2026-02-26 18:41:53.918 [TestNG-test-Yt Master Tests-2] INFO  [verifyingGlobalFilterLandingPage] [verifyingGlobalFilterLandingPage] Element found and ready (attempt 1): By.xpath: //ytd-topbar-menu-button-renderer[@class='style-scope ytd-masthead style-default']
2026-02-26 18:41:53.991 [TestNG-test-Yt Master Tests-2] INFO  [verifyingGlobalFilterLandingPage] Clicking on global filter button in landing page..
2026-02-26 18:41:53.991 [TestNG-test-Yt Master Tests-2] INFO  [verifyingGlobalFilterLandingPage] [verifyingGlobalFilterLandingPage] Trying to click element: By.xpath: //div[@id='filter-button']
2026-02-26 18:41:54.223 [TestNG-test-Yt Master Tests-2] INFO  [verifyingGlobalFilterLandingPage] [verifyingGlobalFilterLandingPage] Clicked successfully (attempt 1): By.xpath: //div[@id='filter-button']
2026-02-26 18:41:54.224 [TestNG-test-Yt Master Tests-2] INFO  [verifyingGlobalFilterLandingPage] [verifyingGlobalFilterLandingPage] Waiting until element is visible in viewport
2026-02-26 18:41:54.249 [TestNG-test-Yt Master Tests-2] INFO  [verifyingGlobalFilterLandingPage] [verifyingGlobalFilterLandingPage] Capturing screenshot: Filter Applied is Español (Latinoamérica)__2026-02-26_184154.jpg
2026-02-26 18:41:54.485 [TestNG-test-Yt Master Tests-2] INFO  [verifyingGlobalFilterLandingPage] [verifyingGlobalFilterLandingPage] Screenshot saved at: test-output/screenshots/Run_2026-02-26_18-32-27/verifyingGlobalFilterLandingPage/Filter Applied is Español (Latinoamérica)__2026-02-26_184154.jpg
2026-02-26 18:41:54.485 [TestNG-test-Yt Master Tests-2] INFO  [verifyingGlobalFilterLandingPage] Fetching the data from the global filter in landing page
2026-02-26 18:41:54.485 [TestNG-test-Yt Master Tests-2] INFO  [verifyingGlobalFilterLandingPage] [verifyingGlobalFilterLandingPage] Trying to find element: By.xpath: //ytd-search-filter-options-dialog-renderer[@class='style-scope ytd-popup-container']
2026-02-26 18:41:54.554 [TestNG-test-Yt Master Tests-2] INFO  [verifyingGlobalFilterLandingPage] [verifyingGlobalFilterLandingPage] Element found and ready (attempt 1): By.xpath: //ytd-search-filter-options-dialog-renderer[@class='style-scope ytd-popup-container']
2026-02-26 18:41:54.591 [TestNG-test-Yt Master Tests-2] INFO  [verifyingGlobalFilterLandingPage] Closing the global filter pop-up in landing page..
2026-02-26 18:41:54.591 [TestNG-test-Yt Master Tests-2] INFO  [verifyingGlobalFilterLandingPage] [verifyingGlobalFilterLandingPage] Trying to find element: By.xpath: //yt-icon[@icon='close']
2026-02-26 18:41:54.668 [TestNG-test-Yt Master Tests-2] INFO  [verifyingGlobalFilterLandingPage] [verifyingGlobalFilterLandingPage] Element found and ready (attempt 1): By.xpath: //yt-icon[@icon='close']
2026-02-26 18:41:54.733 [TestNG-test-Yt Master Tests-2] INFO  [verifyingGlobalFilterLandingPage] Clicking settings ellipses button...
2026-02-26 18:41:54.733 [TestNG-test-Yt Master Tests-2] INFO  [verifyingGlobalFilterLandingPage] [verifyingGlobalFilterLandingPage] Trying to find element: By.xpath: //ytd-topbar-menu-button-renderer[@class='style-scope ytd-masthead style-default']
2026-02-26 18:41:54.822 [TestNG-test-Yt Master Tests-2] INFO  [verifyingGlobalFilterLandingPage] [verifyingGlobalFilterLandingPage] Element found and ready (attempt 1): By.xpath: //ytd-topbar-menu-button-renderer[@class='style-scope ytd-masthead style-default']
2026-02-26 18:41:54.936 [TestNG-test-Yt Master Tests-2] INFO  [verifyingGlobalFilterLandingPage] Clicking language dropdown...
2026-02-26 18:41:54.936 [TestNG-test-Yt Master Tests-2] INFO  [verifyingGlobalFilterLandingPage] [verifyingGlobalFilterLandingPage] Trying to find element: By.xpath: (//div[@id='content-icon'])[2]
2026-02-26 18:41:55.516 [TestNG-test-Yt Master Tests-2] INFO  [verifyingGlobalFilterLandingPage] [verifyingGlobalFilterLandingPage] Element found and ready (attempt 1): By.xpath: (//div[@id='content-icon'])[2]
2026-02-26 18:41:55.942 [TestNG-test-Yt Master Tests-2] INFO  [verifyingGlobalFilterLandingPage] [verifyingGlobalFilterLandingPage] Trying to find element: By.xpath: //yt-multi-page-menu-section-renderer[@class='style-scope ytd-multi-page-menu-renderer']//yt-formatted-string[@id='label' and text()='Español (US)']
2026-02-26 18:41:56.070 [TestNG-test-Yt Master Tests-2] INFO  [verifyingGlobalFilterLandingPage] [verifyingGlobalFilterLandingPage] Element found and ready (attempt 1): By.xpath: //yt-multi-page-menu-section-renderer[@class='style-scope ytd-multi-page-menu-renderer']//yt-formatted-string[@id='label' and text()='Español (US)']
2026-02-26 18:41:56.070 [TestNG-test-Yt Master Tests-2] INFO  [verifyingGlobalFilterLandingPage] Looking for language element with name: Español (US)
2026-02-26 18:41:56.070 [TestNG-test-Yt Master Tests-2] INFO  [verifyingGlobalFilterLandingPage] [verifyingGlobalFilterLandingPage] Within smoothScrollToElement method
2026-02-26 18:41:56.070 [TestNG-test-Yt Master Tests-2] INFO  [verifyingGlobalFilterLandingPage] SafeActions initialized with driver ChromeDriver: chrome on windows (937905abe1e91b515f960d9fa6849c47)
2026-02-26 18:41:56.070 [TestNG-test-Yt Master Tests-2] INFO  [verifyingGlobalFilterLandingPage] [verifyingGlobalFilterLandingPage] Trying to find element: By.xpath: //yt-multi-page-menu-section-renderer[@class='style-scope ytd-multi-page-menu-renderer']//yt-formatted-string[@id='label' and text()='Español (US)']
2026-02-26 18:41:56.143 [TestNG-test-Yt Master Tests-2] INFO  [verifyingGlobalFilterLandingPage] [verifyingGlobalFilterLandingPage] Element found and ready (attempt 1): By.xpath: //yt-multi-page-menu-section-renderer[@class='style-scope ytd-multi-page-menu-renderer']//yt-formatted-string[@id='label' and text()='Español (US)']
2026-02-26 18:41:56.182 [TestNG-test-Yt Master Tests-2] INFO  [verifyingGlobalFilterLandingPage] [verifyingGlobalFilterLandingPage] Successfully scrolled to element: By.xpath: //yt-multi-page-menu-section-renderer[@class='style-scope ytd-multi-page-menu-renderer']//yt-formatted-string[@id='label' and text()='Español (US)']
2026-02-26 18:41:56.182 [TestNG-test-Yt Master Tests-2] INFO  [verifyingGlobalFilterLandingPage] Looking for language element with name: Español (US)
2026-02-26 18:41:56.182 [TestNG-test-Yt Master Tests-2] INFO  [verifyingGlobalFilterLandingPage] [verifyingGlobalFilterLandingPage] Trying to find element: By.xpath: //yt-multi-page-menu-section-renderer[@class='style-scope ytd-multi-page-menu-renderer']//yt-formatted-string[@id='label' and text()='Español (US)']
2026-02-26 18:41:56.252 [TestNG-test-Yt Master Tests-2] INFO  [verifyingGlobalFilterLandingPage] [verifyingGlobalFilterLandingPage] Element found and ready (attempt 1): By.xpath: //yt-multi-page-menu-section-renderer[@class='style-scope ytd-multi-page-menu-renderer']//yt-formatted-string[@id='label' and text()='Español (US)']
2026-02-26 18:41:59.776 [TestNG-test-Yt Master Tests-2] INFO  [verifyingGlobalFilterLandingPage] Clicking settings ellipses button...
2026-02-26 18:41:59.776 [TestNG-test-Yt Master Tests-2] INFO  [verifyingGlobalFilterLandingPage] [verifyingGlobalFilterLandingPage] Trying to find element: By.xpath: //ytd-topbar-menu-button-renderer[@class='style-scope ytd-masthead style-default']
2026-02-26 18:42:00.336 [TestNG-test-Yt Master Tests-2] INFO  [verifyingGlobalFilterLandingPage] [verifyingGlobalFilterLandingPage] Element found and ready (attempt 1): By.xpath: //ytd-topbar-menu-button-renderer[@class='style-scope ytd-masthead style-default']
2026-02-26 18:42:00.436 [TestNG-test-Yt Master Tests-2] INFO  [verifyingGlobalFilterLandingPage] [verifyingGlobalFilterLandingPage] Waiting until element is visible in viewport
2026-02-26 18:42:00.991 [TestNG-test-Yt Master Tests-2] INFO  [verifyingGlobalFilterLandingPage] [verifyingGlobalFilterLandingPage] Capturing screenshot: Filter Applied is Español (US)__2026-02-26_184200.jpg
2026-02-26 18:42:01.265 [TestNG-test-Yt Master Tests-2] INFO  [verifyingGlobalFilterLandingPage] [verifyingGlobalFilterLandingPage] Screenshot saved at: test-output/screenshots/Run_2026-02-26_18-32-27/verifyingGlobalFilterLandingPage/Filter Applied is Español (US)__2026-02-26_184200.jpg
2026-02-26 18:42:01.265 [TestNG-test-Yt Master Tests-2] INFO  [verifyingGlobalFilterLandingPage] Clicking settings ellipses button...
2026-02-26 18:42:01.265 [TestNG-test-Yt Master Tests-2] INFO  [verifyingGlobalFilterLandingPage] [verifyingGlobalFilterLandingPage] Trying to find element: By.xpath: //ytd-topbar-menu-button-renderer[@class='style-scope ytd-masthead style-default']
2026-02-26 18:42:01.339 [TestNG-test-Yt Master Tests-2] INFO  [verifyingGlobalFilterLandingPage] [verifyingGlobalFilterLandingPage] Element found and ready (attempt 1): By.xpath: //ytd-topbar-menu-button-renderer[@class='style-scope ytd-masthead style-default']
2026-02-26 18:42:01.409 [TestNG-test-Yt Master Tests-2] INFO  [verifyingGlobalFilterLandingPage] Clicking on global filter button in landing page..
2026-02-26 18:42:01.410 [TestNG-test-Yt Master Tests-2] INFO  [verifyingGlobalFilterLandingPage] [verifyingGlobalFilterLandingPage] Trying to click element: By.xpath: //div[@id='filter-button']
2026-02-26 18:42:01.660 [TestNG-test-Yt Master Tests-2] INFO  [verifyingGlobalFilterLandingPage] [verifyingGlobalFilterLandingPage] Clicked successfully (attempt 1): By.xpath: //div[@id='filter-button']
2026-02-26 18:42:01.660 [TestNG-test-Yt Master Tests-2] INFO  [verifyingGlobalFilterLandingPage] [verifyingGlobalFilterLandingPage] Waiting until element is visible in viewport
2026-02-26 18:42:01.686 [TestNG-test-Yt Master Tests-2] INFO  [verifyingGlobalFilterLandingPage] [verifyingGlobalFilterLandingPage] Capturing screenshot: Filter Applied is Español (US)__2026-02-26_184201.jpg
2026-02-26 18:42:01.912 [TestNG-test-Yt Master Tests-2] INFO  [verifyingGlobalFilterLandingPage] [verifyingGlobalFilterLandingPage] Screenshot saved at: test-output/screenshots/Run_2026-02-26_18-32-27/verifyingGlobalFilterLandingPage/Filter Applied is Español (US)__2026-02-26_184201.jpg
2026-02-26 18:42:01.912 [TestNG-test-Yt Master Tests-2] INFO  [verifyingGlobalFilterLandingPage] Fetching the data from the global filter in landing page
2026-02-26 18:42:01.912 [TestNG-test-Yt Master Tests-2] INFO  [verifyingGlobalFilterLandingPage] [verifyingGlobalFilterLandingPage] Trying to find element: By.xpath: //ytd-search-filter-options-dialog-renderer[@class='style-scope ytd-popup-container']
2026-02-26 18:42:01.978 [TestNG-test-Yt Master Tests-2] INFO  [verifyingGlobalFilterLandingPage] [verifyingGlobalFilterLandingPage] Element found and ready (attempt 1): By.xpath: //ytd-search-filter-options-dialog-renderer[@class='style-scope ytd-popup-container']
2026-02-26 18:42:02.011 [TestNG-test-Yt Master Tests-2] INFO  [verifyingGlobalFilterLandingPage] Closing the global filter pop-up in landing page..
2026-02-26 18:42:02.011 [TestNG-test-Yt Master Tests-2] INFO  [verifyingGlobalFilterLandingPage] [verifyingGlobalFilterLandingPage] Trying to find element: By.xpath: //yt-icon[@icon='close']
2026-02-26 18:42:02.083 [TestNG-test-Yt Master Tests-2] INFO  [verifyingGlobalFilterLandingPage] [verifyingGlobalFilterLandingPage] Element found and ready (attempt 1): By.xpath: //yt-icon[@icon='close']
2026-02-26 18:42:02.167 [TestNG-test-Yt Master Tests-2] INFO  [verifyingGlobalFilterLandingPage] Clicking settings ellipses button...
2026-02-26 18:42:02.168 [TestNG-test-Yt Master Tests-2] INFO  [verifyingGlobalFilterLandingPage] [verifyingGlobalFilterLandingPage] Trying to find element: By.xpath: //ytd-topbar-menu-button-renderer[@class='style-scope ytd-masthead style-default']
2026-02-26 18:42:02.241 [TestNG-test-Yt Master Tests-2] INFO  [verifyingGlobalFilterLandingPage] [verifyingGlobalFilterLandingPage] Element found and ready (attempt 1): By.xpath: //ytd-topbar-menu-button-renderer[@class='style-scope ytd-masthead style-default']
2026-02-26 18:42:02.345 [TestNG-test-Yt Master Tests-2] INFO  [verifyingGlobalFilterLandingPage] Clicking language dropdown...
2026-02-26 18:42:02.345 [TestNG-test-Yt Master Tests-2] INFO  [verifyingGlobalFilterLandingPage] [verifyingGlobalFilterLandingPage] Trying to find element: By.xpath: (//div[@id='content-icon'])[2]
2026-02-26 18:42:03.008 [TestNG-test-Yt Master Tests-2] INFO  [verifyingGlobalFilterLandingPage] [verifyingGlobalFilterLandingPage] Element found and ready (attempt 1): By.xpath: (//div[@id='content-icon'])[2]
2026-02-26 18:42:03.420 [TestNG-test-Yt Master Tests-2] INFO  [verifyingGlobalFilterLandingPage] [verifyingGlobalFilterLandingPage] Trying to find element: By.xpath: //yt-multi-page-menu-section-renderer[@class='style-scope ytd-multi-page-menu-renderer']//yt-formatted-string[@id='label' and text()='Euskara']
2026-02-26 18:42:03.597 [TestNG-test-Yt Master Tests-2] INFO  [verifyingGlobalFilterLandingPage] [verifyingGlobalFilterLandingPage] Element found and ready (attempt 1): By.xpath: //yt-multi-page-menu-section-renderer[@class='style-scope ytd-multi-page-menu-renderer']//yt-formatted-string[@id='label' and text()='Euskara']
2026-02-26 18:42:03.597 [TestNG-test-Yt Master Tests-2] INFO  [verifyingGlobalFilterLandingPage] Looking for language element with name: Euskara
2026-02-26 18:42:03.597 [TestNG-test-Yt Master Tests-2] INFO  [verifyingGlobalFilterLandingPage] [verifyingGlobalFilterLandingPage] Within smoothScrollToElement method
2026-02-26 18:42:03.597 [TestNG-test-Yt Master Tests-2] INFO  [verifyingGlobalFilterLandingPage] SafeActions initialized with driver ChromeDriver: chrome on windows (937905abe1e91b515f960d9fa6849c47)
2026-02-26 18:42:03.597 [TestNG-test-Yt Master Tests-2] INFO  [verifyingGlobalFilterLandingPage] [verifyingGlobalFilterLandingPage] Trying to find element: By.xpath: //yt-multi-page-menu-section-renderer[@class='style-scope ytd-multi-page-menu-renderer']//yt-formatted-string[@id='label' and text()='Euskara']
2026-02-26 18:42:03.654 [TestNG-test-Yt Master Tests-2] INFO  [verifyingGlobalFilterLandingPage] [verifyingGlobalFilterLandingPage] Element found and ready (attempt 1): By.xpath: //yt-multi-page-menu-section-renderer[@class='style-scope ytd-multi-page-menu-renderer']//yt-formatted-string[@id='label' and text()='Euskara']
2026-02-26 18:42:03.686 [TestNG-test-Yt Master Tests-2] INFO  [verifyingGlobalFilterLandingPage] [verifyingGlobalFilterLandingPage] Successfully scrolled to element: By.xpath: //yt-multi-page-menu-section-renderer[@class='style-scope ytd-multi-page-menu-renderer']//yt-formatted-string[@id='label' and text()='Euskara']
2026-02-26 18:42:03.686 [TestNG-test-Yt Master Tests-2] INFO  [verifyingGlobalFilterLandingPage] Looking for language element with name: Euskara
2026-02-26 18:42:03.686 [TestNG-test-Yt Master Tests-2] INFO  [verifyingGlobalFilterLandingPage] [verifyingGlobalFilterLandingPage] Trying to find element: By.xpath: //yt-multi-page-menu-section-renderer[@class='style-scope ytd-multi-page-menu-renderer']//yt-formatted-string[@id='label' and text()='Euskara']
2026-02-26 18:42:03.752 [TestNG-test-Yt Master Tests-2] INFO  [verifyingGlobalFilterLandingPage] [verifyingGlobalFilterLandingPage] Element found and ready (attempt 1): By.xpath: //yt-multi-page-menu-section-renderer[@class='style-scope ytd-multi-page-menu-renderer']//yt-formatted-string[@id='label' and text()='Euskara']
2026-02-26 18:42:07.489 [TestNG-test-Yt Master Tests-2] INFO  [verifyingGlobalFilterLandingPage] Clicking settings ellipses button...
2026-02-26 18:42:07.489 [TestNG-test-Yt Master Tests-2] INFO  [verifyingGlobalFilterLandingPage] [verifyingGlobalFilterLandingPage] Trying to find element: By.xpath: //ytd-topbar-menu-button-renderer[@class='style-scope ytd-masthead style-default']
2026-02-26 18:42:08.433 [TestNG-test-Yt Master Tests-2] INFO  [verifyingGlobalFilterLandingPage] [verifyingGlobalFilterLandingPage] Element found and ready (attempt 1): By.xpath: //ytd-topbar-menu-button-renderer[@class='style-scope ytd-masthead style-default']
2026-02-26 18:42:08.564 [TestNG-test-Yt Master Tests-2] INFO  [verifyingGlobalFilterLandingPage] [verifyingGlobalFilterLandingPage] Waiting until element is visible in viewport
2026-02-26 18:42:09.124 [TestNG-test-Yt Master Tests-2] INFO  [verifyingGlobalFilterLandingPage] [verifyingGlobalFilterLandingPage] Capturing screenshot: Filter Applied is Euskara__2026-02-26_184209.jpg
2026-02-26 18:42:09.364 [TestNG-test-Yt Master Tests-2] INFO  [verifyingGlobalFilterLandingPage] [verifyingGlobalFilterLandingPage] Screenshot saved at: test-output/screenshots/Run_2026-02-26_18-32-27/verifyingGlobalFilterLandingPage/Filter Applied is Euskara__2026-02-26_184209.jpg
2026-02-26 18:42:09.364 [TestNG-test-Yt Master Tests-2] INFO  [verifyingGlobalFilterLandingPage] Clicking settings ellipses button...
2026-02-26 18:42:09.364 [TestNG-test-Yt Master Tests-2] INFO  [verifyingGlobalFilterLandingPage] [verifyingGlobalFilterLandingPage] Trying to find element: By.xpath: //ytd-topbar-menu-button-renderer[@class='style-scope ytd-masthead style-default']
2026-02-26 18:42:09.428 [TestNG-test-Yt Master Tests-2] INFO  [verifyingGlobalFilterLandingPage] [verifyingGlobalFilterLandingPage] Element found and ready (attempt 1): By.xpath: //ytd-topbar-menu-button-renderer[@class='style-scope ytd-masthead style-default']
2026-02-26 18:42:09.491 [TestNG-test-Yt Master Tests-2] INFO  [verifyingGlobalFilterLandingPage] Clicking on global filter button in landing page..
2026-02-26 18:42:09.491 [TestNG-test-Yt Master Tests-2] INFO  [verifyingGlobalFilterLandingPage] [verifyingGlobalFilterLandingPage] Trying to click element: By.xpath: //div[@id='filter-button']
2026-02-26 18:42:09.734 [TestNG-test-Yt Master Tests-2] INFO  [verifyingGlobalFilterLandingPage] [verifyingGlobalFilterLandingPage] Clicked successfully (attempt 1): By.xpath: //div[@id='filter-button']
2026-02-26 18:42:09.735 [TestNG-test-Yt Master Tests-2] INFO  [verifyingGlobalFilterLandingPage] [verifyingGlobalFilterLandingPage] Waiting until element is visible in viewport
2026-02-26 18:42:09.779 [TestNG-test-Yt Master Tests-2] INFO  [verifyingGlobalFilterLandingPage] [verifyingGlobalFilterLandingPage] Capturing screenshot: Filter Applied is Euskara__2026-02-26_184209.jpg
2026-02-26 18:42:10.007 [TestNG-test-Yt Master Tests-2] INFO  [verifyingGlobalFilterLandingPage] [verifyingGlobalFilterLandingPage] Screenshot saved at: test-output/screenshots/Run_2026-02-26_18-32-27/verifyingGlobalFilterLandingPage/Filter Applied is Euskara__2026-02-26_184209.jpg
2026-02-26 18:42:10.007 [TestNG-test-Yt Master Tests-2] INFO  [verifyingGlobalFilterLandingPage] Fetching the data from the global filter in landing page
2026-02-26 18:42:10.007 [TestNG-test-Yt Master Tests-2] INFO  [verifyingGlobalFilterLandingPage] [verifyingGlobalFilterLandingPage] Trying to find element: By.xpath: //ytd-search-filter-options-dialog-renderer[@class='style-scope ytd-popup-container']
2026-02-26 18:42:10.088 [TestNG-test-Yt Master Tests-2] INFO  [verifyingGlobalFilterLandingPage] [verifyingGlobalFilterLandingPage] Element found and ready (attempt 1): By.xpath: //ytd-search-filter-options-dialog-renderer[@class='style-scope ytd-popup-container']
2026-02-26 18:42:10.124 [TestNG-test-Yt Master Tests-2] INFO  [verifyingGlobalFilterLandingPage] Closing the global filter pop-up in landing page..
2026-02-26 18:42:10.124 [TestNG-test-Yt Master Tests-2] INFO  [verifyingGlobalFilterLandingPage] [verifyingGlobalFilterLandingPage] Trying to find element: By.xpath: //yt-icon[@icon='close']
2026-02-26 18:42:10.196 [TestNG-test-Yt Master Tests-2] INFO  [verifyingGlobalFilterLandingPage] [verifyingGlobalFilterLandingPage] Element found and ready (attempt 1): By.xpath: //yt-icon[@icon='close']
2026-02-26 18:42:10.273 [TestNG-test-Yt Master Tests-2] INFO  [verifyingGlobalFilterLandingPage] Clicking settings ellipses button...
2026-02-26 18:42:10.273 [TestNG-test-Yt Master Tests-2] INFO  [verifyingGlobalFilterLandingPage] [verifyingGlobalFilterLandingPage] Trying to find element: By.xpath: //ytd-topbar-menu-button-renderer[@class='style-scope ytd-masthead style-default']
2026-02-26 18:42:10.360 [TestNG-test-Yt Master Tests-2] INFO  [verifyingGlobalFilterLandingPage] [verifyingGlobalFilterLandingPage] Element found and ready (attempt 1): By.xpath: //ytd-topbar-menu-button-renderer[@class='style-scope ytd-masthead style-default']
2026-02-26 18:42:10.489 [TestNG-test-Yt Master Tests-2] INFO  [verifyingGlobalFilterLandingPage] Clicking language dropdown...
2026-02-26 18:42:10.489 [TestNG-test-Yt Master Tests-2] INFO  [verifyingGlobalFilterLandingPage] [verifyingGlobalFilterLandingPage] Trying to find element: By.xpath: (//div[@id='content-icon'])[2]
2026-02-26 18:42:10.690 [TestNG-test-Yt Master Tests-2] INFO  [verifyingGlobalFilterLandingPage] [verifyingGlobalFilterLandingPage] Element found and ready (attempt 1): By.xpath: (//div[@id='content-icon'])[2]
2026-02-26 18:42:11.214 [TestNG-test-Yt Master Tests-2] INFO  [verifyingGlobalFilterLandingPage] [verifyingGlobalFilterLandingPage] Trying to find element: By.xpath: //yt-multi-page-menu-section-renderer[@class='style-scope ytd-multi-page-menu-renderer']//yt-formatted-string[@id='label' and text()='Français']
2026-02-26 18:42:11.345 [TestNG-test-Yt Master Tests-2] INFO  [verifyingGlobalFilterLandingPage] [verifyingGlobalFilterLandingPage] Element found and ready (attempt 1): By.xpath: //yt-multi-page-menu-section-renderer[@class='style-scope ytd-multi-page-menu-renderer']//yt-formatted-string[@id='label' and text()='Français']
2026-02-26 18:42:11.345 [TestNG-test-Yt Master Tests-2] INFO  [verifyingGlobalFilterLandingPage] Looking for language element with name: Français
2026-02-26 18:42:11.345 [TestNG-test-Yt Master Tests-2] INFO  [verifyingGlobalFilterLandingPage] [verifyingGlobalFilterLandingPage] Within smoothScrollToElement method
2026-02-26 18:42:11.346 [TestNG-test-Yt Master Tests-2] INFO  [verifyingGlobalFilterLandingPage] SafeActions initialized with driver ChromeDriver: chrome on windows (937905abe1e91b515f960d9fa6849c47)
2026-02-26 18:42:11.346 [TestNG-test-Yt Master Tests-2] INFO  [verifyingGlobalFilterLandingPage] [verifyingGlobalFilterLandingPage] Trying to find element: By.xpath: //yt-multi-page-menu-section-renderer[@class='style-scope ytd-multi-page-menu-renderer']//yt-formatted-string[@id='label' and text()='Français']
2026-02-26 18:42:11.413 [TestNG-test-Yt Master Tests-2] INFO  [verifyingGlobalFilterLandingPage] [verifyingGlobalFilterLandingPage] Element found and ready (attempt 1): By.xpath: //yt-multi-page-menu-section-renderer[@class='style-scope ytd-multi-page-menu-renderer']//yt-formatted-string[@id='label' and text()='Français']
2026-02-26 18:42:11.447 [TestNG-test-Yt Master Tests-2] INFO  [verifyingGlobalFilterLandingPage] [verifyingGlobalFilterLandingPage] Successfully scrolled to element: By.xpath: //yt-multi-page-menu-section-renderer[@class='style-scope ytd-multi-page-menu-renderer']//yt-formatted-string[@id='label' and text()='Français']
2026-02-26 18:42:11.447 [TestNG-test-Yt Master Tests-2] INFO  [verifyingGlobalFilterLandingPage] Looking for language element with name: Français
2026-02-26 18:42:11.447 [TestNG-test-Yt Master Tests-2] INFO  [verifyingGlobalFilterLandingPage] [verifyingGlobalFilterLandingPage] Trying to find element: By.xpath: //yt-multi-page-menu-section-renderer[@class='style-scope ytd-multi-page-menu-renderer']//yt-formatted-string[@id='label' and text()='Français']
2026-02-26 18:42:11.537 [TestNG-test-Yt Master Tests-2] INFO  [verifyingGlobalFilterLandingPage] [verifyingGlobalFilterLandingPage] Element found and ready (attempt 1): By.xpath: //yt-multi-page-menu-section-renderer[@class='style-scope ytd-multi-page-menu-renderer']//yt-formatted-string[@id='label' and text()='Français']
2026-02-26 18:42:16.129 [TestNG-test-Yt Master Tests-2] INFO  [verifyingGlobalFilterLandingPage] Clicking settings ellipses button...
2026-02-26 18:42:16.129 [TestNG-test-Yt Master Tests-2] INFO  [verifyingGlobalFilterLandingPage] [verifyingGlobalFilterLandingPage] Trying to find element: By.xpath: //ytd-topbar-menu-button-renderer[@class='style-scope ytd-masthead style-default']
2026-02-26 18:42:16.826 [TestNG-test-Yt Master Tests-2] INFO  [verifyingGlobalFilterLandingPage] [verifyingGlobalFilterLandingPage] Element found and ready (attempt 1): By.xpath: //ytd-topbar-menu-button-renderer[@class='style-scope ytd-masthead style-default']
2026-02-26 18:42:16.928 [TestNG-test-Yt Master Tests-2] INFO  [verifyingGlobalFilterLandingPage] [verifyingGlobalFilterLandingPage] Waiting until element is visible in viewport
2026-02-26 18:42:17.467 [TestNG-test-Yt Master Tests-2] INFO  [verifyingGlobalFilterLandingPage] [verifyingGlobalFilterLandingPage] Capturing screenshot: Filter Applied is Français__2026-02-26_184217.jpg
2026-02-26 18:42:17.693 [TestNG-test-Yt Master Tests-2] INFO  [verifyingGlobalFilterLandingPage] [verifyingGlobalFilterLandingPage] Screenshot saved at: test-output/screenshots/Run_2026-02-26_18-32-27/verifyingGlobalFilterLandingPage/Filter Applied is Français__2026-02-26_184217.jpg
2026-02-26 18:42:17.693 [TestNG-test-Yt Master Tests-2] INFO  [verifyingGlobalFilterLandingPage] Clicking settings ellipses button...
2026-02-26 18:42:17.693 [TestNG-test-Yt Master Tests-2] INFO  [verifyingGlobalFilterLandingPage] [verifyingGlobalFilterLandingPage] Trying to find element: By.xpath: //ytd-topbar-menu-button-renderer[@class='style-scope ytd-masthead style-default']
2026-02-26 18:42:17.757 [TestNG-test-Yt Master Tests-2] INFO  [verifyingGlobalFilterLandingPage] [verifyingGlobalFilterLandingPage] Element found and ready (attempt 1): By.xpath: //ytd-topbar-menu-button-renderer[@class='style-scope ytd-masthead style-default']
2026-02-26 18:42:17.827 [TestNG-test-Yt Master Tests-2] INFO  [verifyingGlobalFilterLandingPage] Clicking on global filter button in landing page..
2026-02-26 18:42:17.828 [TestNG-test-Yt Master Tests-2] INFO  [verifyingGlobalFilterLandingPage] [verifyingGlobalFilterLandingPage] Trying to click element: By.xpath: //div[@id='filter-button']
2026-02-26 18:42:18.064 [TestNG-test-Yt Master Tests-2] INFO  [verifyingGlobalFilterLandingPage] [verifyingGlobalFilterLandingPage] Clicked successfully (attempt 1): By.xpath: //div[@id='filter-button']
2026-02-26 18:42:18.064 [TestNG-test-Yt Master Tests-2] INFO  [verifyingGlobalFilterLandingPage] [verifyingGlobalFilterLandingPage] Waiting until element is visible in viewport
2026-02-26 18:42:18.117 [TestNG-test-Yt Master Tests-2] INFO  [verifyingGlobalFilterLandingPage] [verifyingGlobalFilterLandingPage] Capturing screenshot: Filter Applied is Français__2026-02-26_184218.jpg
2026-02-26 18:42:18.330 [TestNG-test-Yt Master Tests-2] INFO  [verifyingGlobalFilterLandingPage] [verifyingGlobalFilterLandingPage] Screenshot saved at: test-output/screenshots/Run_2026-02-26_18-32-27/verifyingGlobalFilterLandingPage/Filter Applied is Français__2026-02-26_184218.jpg
2026-02-26 18:42:18.330 [TestNG-test-Yt Master Tests-2] INFO  [verifyingGlobalFilterLandingPage] Fetching the data from the global filter in landing page
2026-02-26 18:42:18.330 [TestNG-test-Yt Master Tests-2] INFO  [verifyingGlobalFilterLandingPage] [verifyingGlobalFilterLandingPage] Trying to find element: By.xpath: //ytd-search-filter-options-dialog-renderer[@class='style-scope ytd-popup-container']
2026-02-26 18:42:18.409 [TestNG-test-Yt Master Tests-2] INFO  [verifyingGlobalFilterLandingPage] [verifyingGlobalFilterLandingPage] Element found and ready (attempt 1): By.xpath: //ytd-search-filter-options-dialog-renderer[@class='style-scope ytd-popup-container']
2026-02-26 18:42:18.447 [TestNG-test-Yt Master Tests-2] INFO  [verifyingGlobalFilterLandingPage] Closing the global filter pop-up in landing page..
2026-02-26 18:42:18.447 [TestNG-test-Yt Master Tests-2] INFO  [verifyingGlobalFilterLandingPage] [verifyingGlobalFilterLandingPage] Trying to find element: By.xpath: //yt-icon[@icon='close']
2026-02-26 18:42:18.526 [TestNG-test-Yt Master Tests-2] INFO  [verifyingGlobalFilterLandingPage] [verifyingGlobalFilterLandingPage] Element found and ready (attempt 1): By.xpath: //yt-icon[@icon='close']
2026-02-26 18:42:18.597 [TestNG-test-Yt Master Tests-2] INFO  [verifyingGlobalFilterLandingPage] Clicking settings ellipses button...
2026-02-26 18:42:18.597 [TestNG-test-Yt Master Tests-2] INFO  [verifyingGlobalFilterLandingPage] [verifyingGlobalFilterLandingPage] Trying to find element: By.xpath: //ytd-topbar-menu-button-renderer[@class='style-scope ytd-masthead style-default']
2026-02-26 18:42:18.684 [TestNG-test-Yt Master Tests-2] INFO  [verifyingGlobalFilterLandingPage] [verifyingGlobalFilterLandingPage] Element found and ready (attempt 1): By.xpath: //ytd-topbar-menu-button-renderer[@class='style-scope ytd-masthead style-default']
2026-02-26 18:42:18.794 [TestNG-test-Yt Master Tests-2] INFO  [verifyingGlobalFilterLandingPage] Clicking language dropdown...
2026-02-26 18:42:18.794 [TestNG-test-Yt Master Tests-2] INFO  [verifyingGlobalFilterLandingPage] [verifyingGlobalFilterLandingPage] Trying to find element: By.xpath: (//div[@id='content-icon'])[2]
2026-02-26 18:42:19.036 [TestNG-test-Yt Master Tests-2] INFO  [verifyingGlobalFilterLandingPage] [verifyingGlobalFilterLandingPage] Element found and ready (attempt 1): By.xpath: (//div[@id='content-icon'])[2]
2026-02-26 18:42:19.585 [TestNG-test-Yt Master Tests-2] INFO  [verifyingGlobalFilterLandingPage] [verifyingGlobalFilterLandingPage] Trying to find element: By.xpath: //yt-multi-page-menu-section-renderer[@class='style-scope ytd-multi-page-menu-renderer']//yt-formatted-string[@id='label' and text()='Français (Canada)']
2026-02-26 18:42:19.672 [TestNG-test-Yt Master Tests-2] INFO  [verifyingGlobalFilterLandingPage] [verifyingGlobalFilterLandingPage] Element found and ready (attempt 1): By.xpath: //yt-multi-page-menu-section-renderer[@class='style-scope ytd-multi-page-menu-renderer']//yt-formatted-string[@id='label' and text()='Français (Canada)']
2026-02-26 18:42:19.672 [TestNG-test-Yt Master Tests-2] INFO  [verifyingGlobalFilterLandingPage] Looking for language element with name: Français (Canada)
2026-02-26 18:42:19.672 [TestNG-test-Yt Master Tests-2] INFO  [verifyingGlobalFilterLandingPage] [verifyingGlobalFilterLandingPage] Within smoothScrollToElement method
2026-02-26 18:42:19.672 [TestNG-test-Yt Master Tests-2] INFO  [verifyingGlobalFilterLandingPage] SafeActions initialized with driver ChromeDriver: chrome on windows (937905abe1e91b515f960d9fa6849c47)
2026-02-26 18:42:19.672 [TestNG-test-Yt Master Tests-2] INFO  [verifyingGlobalFilterLandingPage] [verifyingGlobalFilterLandingPage] Trying to find element: By.xpath: //yt-multi-page-menu-section-renderer[@class='style-scope ytd-multi-page-menu-renderer']//yt-formatted-string[@id='label' and text()='Français (Canada)']
2026-02-26 18:42:19.737 [TestNG-test-Yt Master Tests-2] INFO  [verifyingGlobalFilterLandingPage] [verifyingGlobalFilterLandingPage] Element found and ready (attempt 1): By.xpath: //yt-multi-page-menu-section-renderer[@class='style-scope ytd-multi-page-menu-renderer']//yt-formatted-string[@id='label' and text()='Français (Canada)']
2026-02-26 18:42:19.790 [TestNG-test-Yt Master Tests-2] INFO  [verifyingGlobalFilterLandingPage] [verifyingGlobalFilterLandingPage] Successfully scrolled to element: By.xpath: //yt-multi-page-menu-section-renderer[@class='style-scope ytd-multi-page-menu-renderer']//yt-formatted-string[@id='label' and text()='Français (Canada)']
2026-02-26 18:42:19.790 [TestNG-test-Yt Master Tests-2] INFO  [verifyingGlobalFilterLandingPage] Looking for language element with name: Français (Canada)
2026-02-26 18:42:19.790 [TestNG-test-Yt Master Tests-2] INFO  [verifyingGlobalFilterLandingPage] [verifyingGlobalFilterLandingPage] Trying to find element: By.xpath: //yt-multi-page-menu-section-renderer[@class='style-scope ytd-multi-page-menu-renderer']//yt-formatted-string[@id='label' and text()='Français (Canada)']
2026-02-26 18:42:19.896 [TestNG-test-Yt Master Tests-2] INFO  [verifyingGlobalFilterLandingPage] [verifyingGlobalFilterLandingPage] Element found and ready (attempt 1): By.xpath: //yt-multi-page-menu-section-renderer[@class='style-scope ytd-multi-page-menu-renderer']//yt-formatted-string[@id='label' and text()='Français (Canada)']
2026-02-26 18:42:22.746 [TestNG-test-Yt Master Tests-2] INFO  [verifyingGlobalFilterLandingPage] Clicking settings ellipses button...
2026-02-26 18:42:22.747 [TestNG-test-Yt Master Tests-2] INFO  [verifyingGlobalFilterLandingPage] [verifyingGlobalFilterLandingPage] Trying to find element: By.xpath: //ytd-topbar-menu-button-renderer[@class='style-scope ytd-masthead style-default']
2026-02-26 18:42:24.805 [TestNG-test-Yt Master Tests-2] INFO  [verifyingGlobalFilterLandingPage] [verifyingGlobalFilterLandingPage] Element found and ready (attempt 1): By.xpath: //ytd-topbar-menu-button-renderer[@class='style-scope ytd-masthead style-default']
2026-02-26 18:42:24.900 [TestNG-test-Yt Master Tests-2] INFO  [verifyingGlobalFilterLandingPage] [verifyingGlobalFilterLandingPage] Waiting until element is visible in viewport
2026-02-26 18:42:25.439 [TestNG-test-Yt Master Tests-2] INFO  [verifyingGlobalFilterLandingPage] [verifyingGlobalFilterLandingPage] Capturing screenshot: Filter Applied is Français (Canada)__2026-02-26_184225.jpg
2026-02-26 18:42:25.643 [TestNG-test-Yt Master Tests-2] INFO  [verifyingGlobalFilterLandingPage] [verifyingGlobalFilterLandingPage] Screenshot saved at: test-output/screenshots/Run_2026-02-26_18-32-27/verifyingGlobalFilterLandingPage/Filter Applied is Français (Canada)__2026-02-26_184225.jpg
2026-02-26 18:42:25.643 [TestNG-test-Yt Master Tests-2] INFO  [verifyingGlobalFilterLandingPage] Clicking settings ellipses button...
2026-02-26 18:42:25.643 [TestNG-test-Yt Master Tests-2] INFO  [verifyingGlobalFilterLandingPage] [verifyingGlobalFilterLandingPage] Trying to find element: By.xpath: //ytd-topbar-menu-button-renderer[@class='style-scope ytd-masthead style-default']
2026-02-26 18:42:25.705 [TestNG-test-Yt Master Tests-2] INFO  [verifyingGlobalFilterLandingPage] [verifyingGlobalFilterLandingPage] Element found and ready (attempt 1): By.xpath: //ytd-topbar-menu-button-renderer[@class='style-scope ytd-masthead style-default']
2026-02-26 18:42:25.774 [TestNG-test-Yt Master Tests-2] INFO  [verifyingGlobalFilterLandingPage] Clicking on global filter button in landing page..
2026-02-26 18:42:25.774 [TestNG-test-Yt Master Tests-2] INFO  [verifyingGlobalFilterLandingPage] [verifyingGlobalFilterLandingPage] Trying to click element: By.xpath: //div[@id='filter-button']
2026-02-26 18:42:26.034 [TestNG-test-Yt Master Tests-2] INFO  [verifyingGlobalFilterLandingPage] [verifyingGlobalFilterLandingPage] Clicked successfully (attempt 1): By.xpath: //div[@id='filter-button']
2026-02-26 18:42:26.034 [TestNG-test-Yt Master Tests-2] INFO  [verifyingGlobalFilterLandingPage] [verifyingGlobalFilterLandingPage] Waiting until element is visible in viewport
2026-02-26 18:42:26.064 [TestNG-test-Yt Master Tests-2] INFO  [verifyingGlobalFilterLandingPage] [verifyingGlobalFilterLandingPage] Capturing screenshot: Filter Applied is Français (Canada)__2026-02-26_184226.jpg
2026-02-26 18:42:26.281 [TestNG-test-Yt Master Tests-2] INFO  [verifyingGlobalFilterLandingPage] [verifyingGlobalFilterLandingPage] Screenshot saved at: test-output/screenshots/Run_2026-02-26_18-32-27/verifyingGlobalFilterLandingPage/Filter Applied is Français (Canada)__2026-02-26_184226.jpg
2026-02-26 18:42:26.281 [TestNG-test-Yt Master Tests-2] INFO  [verifyingGlobalFilterLandingPage] Fetching the data from the global filter in landing page
2026-02-26 18:42:26.281 [TestNG-test-Yt Master Tests-2] INFO  [verifyingGlobalFilterLandingPage] [verifyingGlobalFilterLandingPage] Trying to find element: By.xpath: //ytd-search-filter-options-dialog-renderer[@class='style-scope ytd-popup-container']
2026-02-26 18:42:26.368 [TestNG-test-Yt Master Tests-2] INFO  [verifyingGlobalFilterLandingPage] [verifyingGlobalFilterLandingPage] Element found and ready (attempt 1): By.xpath: //ytd-search-filter-options-dialog-renderer[@class='style-scope ytd-popup-container']
2026-02-26 18:42:26.405 [TestNG-test-Yt Master Tests-2] INFO  [verifyingGlobalFilterLandingPage] Closing the global filter pop-up in landing page..
2026-02-26 18:42:26.406 [TestNG-test-Yt Master Tests-2] INFO  [verifyingGlobalFilterLandingPage] [verifyingGlobalFilterLandingPage] Trying to find element: By.xpath: //yt-icon[@icon='close']
2026-02-26 18:42:26.483 [TestNG-test-Yt Master Tests-2] INFO  [verifyingGlobalFilterLandingPage] [verifyingGlobalFilterLandingPage] Element found and ready (attempt 1): By.xpath: //yt-icon[@icon='close']
2026-02-26 18:42:26.558 [TestNG-test-Yt Master Tests-2] INFO  [verifyingGlobalFilterLandingPage] Clicking settings ellipses button...
2026-02-26 18:42:26.558 [TestNG-test-Yt Master Tests-2] INFO  [verifyingGlobalFilterLandingPage] [verifyingGlobalFilterLandingPage] Trying to find element: By.xpath: //ytd-topbar-menu-button-renderer[@class='style-scope ytd-masthead style-default']
2026-02-26 18:42:26.651 [TestNG-test-Yt Master Tests-2] INFO  [verifyingGlobalFilterLandingPage] [verifyingGlobalFilterLandingPage] Element found and ready (attempt 1): By.xpath: //ytd-topbar-menu-button-renderer[@class='style-scope ytd-masthead style-default']
2026-02-26 18:42:26.777 [TestNG-test-Yt Master Tests-2] INFO  [verifyingGlobalFilterLandingPage] Clicking language dropdown...
2026-02-26 18:42:26.777 [TestNG-test-Yt Master Tests-2] INFO  [verifyingGlobalFilterLandingPage] [verifyingGlobalFilterLandingPage] Trying to find element: By.xpath: (//div[@id='content-icon'])[2]
2026-02-26 18:42:27.462 [TestNG-test-Yt Master Tests-2] INFO  [verifyingGlobalFilterLandingPage] [verifyingGlobalFilterLandingPage] Element found and ready (attempt 1): By.xpath: (//div[@id='content-icon'])[2]
2026-02-26 18:42:28.018 [TestNG-test-Yt Master Tests-2] INFO  [verifyingGlobalFilterLandingPage] [verifyingGlobalFilterLandingPage] Trying to find element: By.xpath: //yt-multi-page-menu-section-renderer[@class='style-scope ytd-multi-page-menu-renderer']//yt-formatted-string[@id='label' and text()='Hrvatski']
2026-02-26 18:42:28.132 [TestNG-test-Yt Master Tests-2] INFO  [verifyingGlobalFilterLandingPage] [verifyingGlobalFilterLandingPage] Element found and ready (attempt 1): By.xpath: //yt-multi-page-menu-section-renderer[@class='style-scope ytd-multi-page-menu-renderer']//yt-formatted-string[@id='label' and text()='Hrvatski']
2026-02-26 18:42:28.132 [TestNG-test-Yt Master Tests-2] INFO  [verifyingGlobalFilterLandingPage] Looking for language element with name: Hrvatski
2026-02-26 18:42:28.132 [TestNG-test-Yt Master Tests-2] INFO  [verifyingGlobalFilterLandingPage] [verifyingGlobalFilterLandingPage] Within smoothScrollToElement method
2026-02-26 18:42:28.132 [TestNG-test-Yt Master Tests-2] INFO  [verifyingGlobalFilterLandingPage] SafeActions initialized with driver ChromeDriver: chrome on windows (937905abe1e91b515f960d9fa6849c47)
2026-02-26 18:42:28.132 [TestNG-test-Yt Master Tests-2] INFO  [verifyingGlobalFilterLandingPage] [verifyingGlobalFilterLandingPage] Trying to find element: By.xpath: //yt-multi-page-menu-section-renderer[@class='style-scope ytd-multi-page-menu-renderer']//yt-formatted-string[@id='label' and text()='Hrvatski']
2026-02-26 18:42:28.196 [TestNG-test-Yt Master Tests-2] INFO  [verifyingGlobalFilterLandingPage] [verifyingGlobalFilterLandingPage] Element found and ready (attempt 1): By.xpath: //yt-multi-page-menu-section-renderer[@class='style-scope ytd-multi-page-menu-renderer']//yt-formatted-string[@id='label' and text()='Hrvatski']
2026-02-26 18:42:28.232 [TestNG-test-Yt Master Tests-2] INFO  [verifyingGlobalFilterLandingPage] [verifyingGlobalFilterLandingPage] Successfully scrolled to element: By.xpath: //yt-multi-page-menu-section-renderer[@class='style-scope ytd-multi-page-menu-renderer']//yt-formatted-string[@id='label' and text()='Hrvatski']
2026-02-26 18:42:28.232 [TestNG-test-Yt Master Tests-2] INFO  [verifyingGlobalFilterLandingPage] Looking for language element with name: Hrvatski
2026-02-26 18:42:28.232 [TestNG-test-Yt Master Tests-2] INFO  [verifyingGlobalFilterLandingPage] [verifyingGlobalFilterLandingPage] Trying to find element: By.xpath: //yt-multi-page-menu-section-renderer[@class='style-scope ytd-multi-page-menu-renderer']//yt-formatted-string[@id='label' and text()='Hrvatski']
2026-02-26 18:42:28.328 [TestNG-test-Yt Master Tests-2] INFO  [verifyingGlobalFilterLandingPage] [verifyingGlobalFilterLandingPage] Element found and ready (attempt 1): By.xpath: //yt-multi-page-menu-section-renderer[@class='style-scope ytd-multi-page-menu-renderer']//yt-formatted-string[@id='label' and text()='Hrvatski']
2026-02-26 18:42:30.678 [TestNG-test-Yt Master Tests-2] INFO  [verifyingGlobalFilterLandingPage] Clicking settings ellipses button...
2026-02-26 18:42:30.678 [TestNG-test-Yt Master Tests-2] INFO  [verifyingGlobalFilterLandingPage] [verifyingGlobalFilterLandingPage] Trying to find element: By.xpath: //ytd-topbar-menu-button-renderer[@class='style-scope ytd-masthead style-default']
2026-02-26 18:42:32.749 [TestNG-test-Yt Master Tests-2] INFO  [verifyingGlobalFilterLandingPage] [verifyingGlobalFilterLandingPage] Element found and ready (attempt 1): By.xpath: //ytd-topbar-menu-button-renderer[@class='style-scope ytd-masthead style-default']
2026-02-26 18:42:32.847 [TestNG-test-Yt Master Tests-2] INFO  [verifyingGlobalFilterLandingPage] [verifyingGlobalFilterLandingPage] Waiting until element is visible in viewport
2026-02-26 18:42:33.408 [TestNG-test-Yt Master Tests-2] INFO  [verifyingGlobalFilterLandingPage] [verifyingGlobalFilterLandingPage] Capturing screenshot: Filter Applied is Hrvatski__2026-02-26_184233.jpg
2026-02-26 18:42:33.678 [TestNG-test-Yt Master Tests-2] INFO  [verifyingGlobalFilterLandingPage] [verifyingGlobalFilterLandingPage] Screenshot saved at: test-output/screenshots/Run_2026-02-26_18-32-27/verifyingGlobalFilterLandingPage/Filter Applied is Hrvatski__2026-02-26_184233.jpg
2026-02-26 18:42:33.678 [TestNG-test-Yt Master Tests-2] INFO  [verifyingGlobalFilterLandingPage] Clicking settings ellipses button...
2026-02-26 18:42:33.678 [TestNG-test-Yt Master Tests-2] INFO  [verifyingGlobalFilterLandingPage] [verifyingGlobalFilterLandingPage] Trying to find element: By.xpath: //ytd-topbar-menu-button-renderer[@class='style-scope ytd-masthead style-default']
2026-02-26 18:42:33.739 [TestNG-test-Yt Master Tests-2] INFO  [verifyingGlobalFilterLandingPage] [verifyingGlobalFilterLandingPage] Element found and ready (attempt 1): By.xpath: //ytd-topbar-menu-button-renderer[@class='style-scope ytd-masthead style-default']
2026-02-26 18:42:33.806 [TestNG-test-Yt Master Tests-2] INFO  [verifyingGlobalFilterLandingPage] Clicking on global filter button in landing page..
2026-02-26 18:42:33.806 [TestNG-test-Yt Master Tests-2] INFO  [verifyingGlobalFilterLandingPage] [verifyingGlobalFilterLandingPage] Trying to click element: By.xpath: //div[@id='filter-button']
2026-02-26 18:42:34.052 [TestNG-test-Yt Master Tests-2] INFO  [verifyingGlobalFilterLandingPage] [verifyingGlobalFilterLandingPage] Clicked successfully (attempt 1): By.xpath: //div[@id='filter-button']
2026-02-26 18:42:34.052 [TestNG-test-Yt Master Tests-2] INFO  [verifyingGlobalFilterLandingPage] [verifyingGlobalFilterLandingPage] Waiting until element is visible in viewport
2026-02-26 18:42:34.081 [TestNG-test-Yt Master Tests-2] INFO  [verifyingGlobalFilterLandingPage] [verifyingGlobalFilterLandingPage] Capturing screenshot: Filter Applied is Hrvatski__2026-02-26_184234.jpg
2026-02-26 18:42:34.741 [TestNG-test-Yt Master Tests-2] INFO  [verifyingGlobalFilterLandingPage] [verifyingGlobalFilterLandingPage] Screenshot saved at: test-output/screenshots/Run_2026-02-26_18-32-27/verifyingGlobalFilterLandingPage/Filter Applied is Hrvatski__2026-02-26_184234.jpg
2026-02-26 18:42:34.741 [TestNG-test-Yt Master Tests-2] INFO  [verifyingGlobalFilterLandingPage] Fetching the data from the global filter in landing page
2026-02-26 18:42:34.741 [TestNG-test-Yt Master Tests-2] INFO  [verifyingGlobalFilterLandingPage] [verifyingGlobalFilterLandingPage] Trying to find element: By.xpath: //ytd-search-filter-options-dialog-renderer[@class='style-scope ytd-popup-container']
2026-02-26 18:42:34.813 [TestNG-test-Yt Master Tests-2] INFO  [verifyingGlobalFilterLandingPage] [verifyingGlobalFilterLandingPage] Element found and ready (attempt 1): By.xpath: //ytd-search-filter-options-dialog-renderer[@class='style-scope ytd-popup-container']
2026-02-26 18:42:34.844 [TestNG-test-Yt Master Tests-2] INFO  [verifyingGlobalFilterLandingPage] Closing the global filter pop-up in landing page..
2026-02-26 18:42:34.844 [TestNG-test-Yt Master Tests-2] INFO  [verifyingGlobalFilterLandingPage] [verifyingGlobalFilterLandingPage] Trying to find element: By.xpath: //yt-icon[@icon='close']
2026-02-26 18:42:34.907 [TestNG-test-Yt Master Tests-2] INFO  [verifyingGlobalFilterLandingPage] [verifyingGlobalFilterLandingPage] Element found and ready (attempt 1): By.xpath: //yt-icon[@icon='close']
2026-02-26 18:42:34.996 [TestNG-test-Yt Master Tests-2] INFO  [verifyingGlobalFilterLandingPage] Clicking settings ellipses button...
2026-02-26 18:42:34.997 [TestNG-test-Yt Master Tests-2] INFO  [verifyingGlobalFilterLandingPage] [verifyingGlobalFilterLandingPage] Trying to find element: By.xpath: //ytd-topbar-menu-button-renderer[@class='style-scope ytd-masthead style-default']
2026-02-26 18:42:35.104 [TestNG-test-Yt Master Tests-2] INFO  [verifyingGlobalFilterLandingPage] [verifyingGlobalFilterLandingPage] Element found and ready (attempt 1): By.xpath: //ytd-topbar-menu-button-renderer[@class='style-scope ytd-masthead style-default']
2026-02-26 18:42:35.215 [TestNG-test-Yt Master Tests-2] INFO  [verifyingGlobalFilterLandingPage] Clicking language dropdown...
2026-02-26 18:42:35.215 [TestNG-test-Yt Master Tests-2] INFO  [verifyingGlobalFilterLandingPage] [verifyingGlobalFilterLandingPage] Trying to find element: By.xpath: (//div[@id='content-icon'])[2]
2026-02-26 18:42:35.478 [TestNG-test-Yt Master Tests-2] INFO  [verifyingGlobalFilterLandingPage] [verifyingGlobalFilterLandingPage] Element found and ready (attempt 1): By.xpath: (//div[@id='content-icon'])[2]
2026-02-26 18:42:36.023 [TestNG-test-Yt Master Tests-2] INFO  [verifyingGlobalFilterLandingPage] [verifyingGlobalFilterLandingPage] Trying to find element: By.xpath: //yt-multi-page-menu-section-renderer[@class='style-scope ytd-multi-page-menu-renderer']//yt-formatted-string[@id='label' and text()='Íslenska']
2026-02-26 18:42:36.152 [TestNG-test-Yt Master Tests-2] INFO  [verifyingGlobalFilterLandingPage] [verifyingGlobalFilterLandingPage] Element found and ready (attempt 1): By.xpath: //yt-multi-page-menu-section-renderer[@class='style-scope ytd-multi-page-menu-renderer']//yt-formatted-string[@id='label' and text()='Íslenska']
2026-02-26 18:42:36.152 [TestNG-test-Yt Master Tests-2] INFO  [verifyingGlobalFilterLandingPage] Looking for language element with name: Íslenska
2026-02-26 18:42:36.152 [TestNG-test-Yt Master Tests-2] INFO  [verifyingGlobalFilterLandingPage] [verifyingGlobalFilterLandingPage] Within smoothScrollToElement method
2026-02-26 18:42:36.152 [TestNG-test-Yt Master Tests-2] INFO  [verifyingGlobalFilterLandingPage] SafeActions initialized with driver ChromeDriver: chrome on windows (937905abe1e91b515f960d9fa6849c47)
2026-02-26 18:42:36.152 [TestNG-test-Yt Master Tests-2] INFO  [verifyingGlobalFilterLandingPage] [verifyingGlobalFilterLandingPage] Trying to find element: By.xpath: //yt-multi-page-menu-section-renderer[@class='style-scope ytd-multi-page-menu-renderer']//yt-formatted-string[@id='label' and text()='Íslenska']
2026-02-26 18:42:36.217 [TestNG-test-Yt Master Tests-2] INFO  [verifyingGlobalFilterLandingPage] [verifyingGlobalFilterLandingPage] Element found and ready (attempt 1): By.xpath: //yt-multi-page-menu-section-renderer[@class='style-scope ytd-multi-page-menu-renderer']//yt-formatted-string[@id='label' and text()='Íslenska']
2026-02-26 18:42:36.253 [TestNG-test-Yt Master Tests-2] INFO  [verifyingGlobalFilterLandingPage] [verifyingGlobalFilterLandingPage] Successfully scrolled to element: By.xpath: //yt-multi-page-menu-section-renderer[@class='style-scope ytd-multi-page-menu-renderer']//yt-formatted-string[@id='label' and text()='Íslenska']
2026-02-26 18:42:36.253 [TestNG-test-Yt Master Tests-2] INFO  [verifyingGlobalFilterLandingPage] Looking for language element with name: Íslenska
2026-02-26 18:42:36.253 [TestNG-test-Yt Master Tests-2] INFO  [verifyingGlobalFilterLandingPage] [verifyingGlobalFilterLandingPage] Trying to find element: By.xpath: //yt-multi-page-menu-section-renderer[@class='style-scope ytd-multi-page-menu-renderer']//yt-formatted-string[@id='label' and text()='Íslenska']
2026-02-26 18:42:36.343 [TestNG-test-Yt Master Tests-2] INFO  [verifyingGlobalFilterLandingPage] [verifyingGlobalFilterLandingPage] Element found and ready (attempt 1): By.xpath: //yt-multi-page-menu-section-renderer[@class='style-scope ytd-multi-page-menu-renderer']//yt-formatted-string[@id='label' and text()='Íslenska']
2026-02-26 18:42:39.055 [TestNG-test-Yt Master Tests-2] INFO  [verifyingGlobalFilterLandingPage] Clicking settings ellipses button...
2026-02-26 18:42:39.056 [TestNG-test-Yt Master Tests-2] INFO  [verifyingGlobalFilterLandingPage] [verifyingGlobalFilterLandingPage] Trying to find element: By.xpath: //ytd-topbar-menu-button-renderer[@class='style-scope ytd-masthead style-default']
2026-02-26 18:42:40.426 [TestNG-test-Yt Master Tests-2] INFO  [verifyingGlobalFilterLandingPage] [verifyingGlobalFilterLandingPage] Element found and ready (attempt 1): By.xpath: //ytd-topbar-menu-button-renderer[@class='style-scope ytd-masthead style-default']
2026-02-26 18:42:40.537 [TestNG-test-Yt Master Tests-2] INFO  [verifyingGlobalFilterLandingPage] [verifyingGlobalFilterLandingPage] Waiting until element is visible in viewport
2026-02-26 18:42:40.784 [TestNG-test-Yt Master Tests-2] INFO  [verifyingGlobalFilterLandingPage] [verifyingGlobalFilterLandingPage] Capturing screenshot: Filter Applied is Íslenska__2026-02-26_184240.jpg
2026-02-26 18:42:41.359 [TestNG-test-Yt Master Tests-2] INFO  [verifyingGlobalFilterLandingPage] [verifyingGlobalFilterLandingPage] Screenshot saved at: test-output/screenshots/Run_2026-02-26_18-32-27/verifyingGlobalFilterLandingPage/Filter Applied is Íslenska__2026-02-26_184240.jpg
2026-02-26 18:42:41.359 [TestNG-test-Yt Master Tests-2] INFO  [verifyingGlobalFilterLandingPage] Clicking settings ellipses button...
2026-02-26 18:42:41.359 [TestNG-test-Yt Master Tests-2] INFO  [verifyingGlobalFilterLandingPage] [verifyingGlobalFilterLandingPage] Trying to find element: By.xpath: //ytd-topbar-menu-button-renderer[@class='style-scope ytd-masthead style-default']
2026-02-26 18:42:41.421 [TestNG-test-Yt Master Tests-2] INFO  [verifyingGlobalFilterLandingPage] [verifyingGlobalFilterLandingPage] Element found and ready (attempt 1): By.xpath: //ytd-topbar-menu-button-renderer[@class='style-scope ytd-masthead style-default']
2026-02-26 18:42:41.485 [TestNG-test-Yt Master Tests-2] INFO  [verifyingGlobalFilterLandingPage] Clicking on global filter button in landing page..
2026-02-26 18:42:41.485 [TestNG-test-Yt Master Tests-2] INFO  [verifyingGlobalFilterLandingPage] [verifyingGlobalFilterLandingPage] Trying to click element: By.xpath: //div[@id='filter-button']
2026-02-26 18:42:41.723 [TestNG-test-Yt Master Tests-2] INFO  [verifyingGlobalFilterLandingPage] [verifyingGlobalFilterLandingPage] Clicked successfully (attempt 1): By.xpath: //div[@id='filter-button']
2026-02-26 18:42:41.723 [TestNG-test-Yt Master Tests-2] INFO  [verifyingGlobalFilterLandingPage] [verifyingGlobalFilterLandingPage] Waiting until element is visible in viewport
2026-02-26 18:42:41.757 [TestNG-test-Yt Master Tests-2] INFO  [verifyingGlobalFilterLandingPage] [verifyingGlobalFilterLandingPage] Capturing screenshot: Filter Applied is Íslenska__2026-02-26_184241.jpg
2026-02-26 18:42:41.983 [TestNG-test-Yt Master Tests-2] INFO  [verifyingGlobalFilterLandingPage] [verifyingGlobalFilterLandingPage] Screenshot saved at: test-output/screenshots/Run_2026-02-26_18-32-27/verifyingGlobalFilterLandingPage/Filter Applied is Íslenska__2026-02-26_184241.jpg
2026-02-26 18:42:41.984 [TestNG-test-Yt Master Tests-2] INFO  [verifyingGlobalFilterLandingPage] Fetching the data from the global filter in landing page
2026-02-26 18:42:41.984 [TestNG-test-Yt Master Tests-2] INFO  [verifyingGlobalFilterLandingPage] [verifyingGlobalFilterLandingPage] Trying to find element: By.xpath: //ytd-search-filter-options-dialog-renderer[@class='style-scope ytd-popup-container']
2026-02-26 18:42:42.062 [TestNG-test-Yt Master Tests-2] INFO  [verifyingGlobalFilterLandingPage] [verifyingGlobalFilterLandingPage] Element found and ready (attempt 1): By.xpath: //ytd-search-filter-options-dialog-renderer[@class='style-scope ytd-popup-container']
2026-02-26 18:42:42.119 [TestNG-test-Yt Master Tests-2] INFO  [verifyingGlobalFilterLandingPage] Closing the global filter pop-up in landing page..
2026-02-26 18:42:42.119 [TestNG-test-Yt Master Tests-2] INFO  [verifyingGlobalFilterLandingPage] [verifyingGlobalFilterLandingPage] Trying to find element: By.xpath: //yt-icon[@icon='close']
2026-02-26 18:42:42.184 [TestNG-test-Yt Master Tests-2] INFO  [verifyingGlobalFilterLandingPage] [verifyingGlobalFilterLandingPage] Element found and ready (attempt 1): By.xpath: //yt-icon[@icon='close']
2026-02-26 18:42:42.262 [TestNG-test-Yt Master Tests-2] INFO  [verifyingGlobalFilterLandingPage] Clicking settings ellipses button...
2026-02-26 18:42:42.262 [TestNG-test-Yt Master Tests-2] INFO  [verifyingGlobalFilterLandingPage] [verifyingGlobalFilterLandingPage] Trying to find element: By.xpath: //ytd-topbar-menu-button-renderer[@class='style-scope ytd-masthead style-default']
2026-02-26 18:42:42.343 [TestNG-test-Yt Master Tests-2] INFO  [verifyingGlobalFilterLandingPage] [verifyingGlobalFilterLandingPage] Element found and ready (attempt 1): By.xpath: //ytd-topbar-menu-button-renderer[@class='style-scope ytd-masthead style-default']
2026-02-26 18:42:42.447 [TestNG-test-Yt Master Tests-2] INFO  [verifyingGlobalFilterLandingPage] Clicking language dropdown...
2026-02-26 18:42:42.447 [TestNG-test-Yt Master Tests-2] INFO  [verifyingGlobalFilterLandingPage] [verifyingGlobalFilterLandingPage] Trying to find element: By.xpath: (//div[@id='content-icon'])[2]
2026-02-26 18:42:43.025 [TestNG-test-Yt Master Tests-2] INFO  [verifyingGlobalFilterLandingPage] [verifyingGlobalFilterLandingPage] Element found and ready (attempt 1): By.xpath: (//div[@id='content-icon'])[2]
2026-02-26 18:42:43.544 [TestNG-test-Yt Master Tests-2] INFO  [verifyingGlobalFilterLandingPage] [verifyingGlobalFilterLandingPage] Trying to find element: By.xpath: //yt-multi-page-menu-section-renderer[@class='style-scope ytd-multi-page-menu-renderer']//yt-formatted-string[@id='label' and text()='Italiano']
2026-02-26 18:42:43.662 [TestNG-test-Yt Master Tests-2] INFO  [verifyingGlobalFilterLandingPage] [verifyingGlobalFilterLandingPage] Element found and ready (attempt 1): By.xpath: //yt-multi-page-menu-section-renderer[@class='style-scope ytd-multi-page-menu-renderer']//yt-formatted-string[@id='label' and text()='Italiano']
2026-02-26 18:42:43.662 [TestNG-test-Yt Master Tests-2] INFO  [verifyingGlobalFilterLandingPage] Looking for language element with name: Italiano
2026-02-26 18:42:43.662 [TestNG-test-Yt Master Tests-2] INFO  [verifyingGlobalFilterLandingPage] [verifyingGlobalFilterLandingPage] Within smoothScrollToElement method
2026-02-26 18:42:43.662 [TestNG-test-Yt Master Tests-2] INFO  [verifyingGlobalFilterLandingPage] SafeActions initialized with driver ChromeDriver: chrome on windows (937905abe1e91b515f960d9fa6849c47)
2026-02-26 18:42:43.662 [TestNG-test-Yt Master Tests-2] INFO  [verifyingGlobalFilterLandingPage] [verifyingGlobalFilterLandingPage] Trying to find element: By.xpath: //yt-multi-page-menu-section-renderer[@class='style-scope ytd-multi-page-menu-renderer']//yt-formatted-string[@id='label' and text()='Italiano']
2026-02-26 18:42:43.789 [TestNG-test-Yt Master Tests-2] INFO  [verifyingGlobalFilterLandingPage] [verifyingGlobalFilterLandingPage] Element found and ready (attempt 1): By.xpath: //yt-multi-page-menu-section-renderer[@class='style-scope ytd-multi-page-menu-renderer']//yt-formatted-string[@id='label' and text()='Italiano']
2026-02-26 18:42:43.899 [TestNG-test-Yt Master Tests-2] INFO  [verifyingGlobalFilterLandingPage] [verifyingGlobalFilterLandingPage] Successfully scrolled to element: By.xpath: //yt-multi-page-menu-section-renderer[@class='style-scope ytd-multi-page-menu-renderer']//yt-formatted-string[@id='label' and text()='Italiano']
2026-02-26 18:42:43.899 [TestNG-test-Yt Master Tests-2] INFO  [verifyingGlobalFilterLandingPage] Looking for language element with name: Italiano
2026-02-26 18:42:43.899 [TestNG-test-Yt Master Tests-2] INFO  [verifyingGlobalFilterLandingPage] [verifyingGlobalFilterLandingPage] Trying to find element: By.xpath: //yt-multi-page-menu-section-renderer[@class='style-scope ytd-multi-page-menu-renderer']//yt-formatted-string[@id='label' and text()='Italiano']
2026-02-26 18:42:44.002 [TestNG-test-Yt Master Tests-2] INFO  [verifyingGlobalFilterLandingPage] [verifyingGlobalFilterLandingPage] Element found and ready (attempt 1): By.xpath: //yt-multi-page-menu-section-renderer[@class='style-scope ytd-multi-page-menu-renderer']//yt-formatted-string[@id='label' and text()='Italiano']
2026-02-26 18:42:47.454 [TestNG-test-Yt Master Tests-2] INFO  [verifyingGlobalFilterLandingPage] Clicking settings ellipses button...
2026-02-26 18:42:47.454 [TestNG-test-Yt Master Tests-2] INFO  [verifyingGlobalFilterLandingPage] [verifyingGlobalFilterLandingPage] Trying to find element: By.xpath: //ytd-topbar-menu-button-renderer[@class='style-scope ytd-masthead style-default']
2026-02-26 18:42:49.518 [TestNG-test-Yt Master Tests-2] INFO  [verifyingGlobalFilterLandingPage] [verifyingGlobalFilterLandingPage] Element found and ready (attempt 1): By.xpath: //ytd-topbar-menu-button-renderer[@class='style-scope ytd-masthead style-default']
2026-02-26 18:42:49.858 [TestNG-test-Yt Master Tests-2] INFO  [verifyingGlobalFilterLandingPage] [verifyingGlobalFilterLandingPage] Waiting until element is visible in viewport
2026-02-26 18:42:50.497 [TestNG-test-Yt Master Tests-2] INFO  [verifyingGlobalFilterLandingPage] [verifyingGlobalFilterLandingPage] Capturing screenshot: Filter Applied is Italiano__2026-02-26_184250.jpg
2026-02-26 18:42:50.997 [TestNG-test-Yt Master Tests-2] INFO  [verifyingGlobalFilterLandingPage] [verifyingGlobalFilterLandingPage] Screenshot saved at: test-output/screenshots/Run_2026-02-26_18-32-27/verifyingGlobalFilterLandingPage/Filter Applied is Italiano__2026-02-26_184250.jpg
2026-02-26 18:42:50.997 [TestNG-test-Yt Master Tests-2] INFO  [verifyingGlobalFilterLandingPage] Clicking settings ellipses button...
2026-02-26 18:42:50.997 [TestNG-test-Yt Master Tests-2] INFO  [verifyingGlobalFilterLandingPage] [verifyingGlobalFilterLandingPage] Trying to find element: By.xpath: //ytd-topbar-menu-button-renderer[@class='style-scope ytd-masthead style-default']
2026-02-26 18:42:51.057 [TestNG-test-Yt Master Tests-2] INFO  [verifyingGlobalFilterLandingPage] [verifyingGlobalFilterLandingPage] Element found and ready (attempt 1): By.xpath: //ytd-topbar-menu-button-renderer[@class='style-scope ytd-masthead style-default']
2026-02-26 18:42:51.121 [TestNG-test-Yt Master Tests-2] INFO  [verifyingGlobalFilterLandingPage] Clicking on global filter button in landing page..
2026-02-26 18:42:51.121 [TestNG-test-Yt Master Tests-2] INFO  [verifyingGlobalFilterLandingPage] [verifyingGlobalFilterLandingPage] Trying to click element: By.xpath: //div[@id='filter-button']
2026-02-26 18:42:51.380 [TestNG-test-Yt Master Tests-2] INFO  [verifyingGlobalFilterLandingPage] [verifyingGlobalFilterLandingPage] Clicked successfully (attempt 1): By.xpath: //div[@id='filter-button']
2026-02-26 18:42:51.380 [TestNG-test-Yt Master Tests-2] INFO  [verifyingGlobalFilterLandingPage] [verifyingGlobalFilterLandingPage] Waiting until element is visible in viewport
2026-02-26 18:42:51.427 [TestNG-test-Yt Master Tests-2] INFO  [verifyingGlobalFilterLandingPage] [verifyingGlobalFilterLandingPage] Capturing screenshot: Filter Applied is Italiano__2026-02-26_184251.jpg
2026-02-26 18:42:51.804 [TestNG-test-Yt Master Tests-2] INFO  [verifyingGlobalFilterLandingPage] [verifyingGlobalFilterLandingPage] Screenshot saved at: test-output/screenshots/Run_2026-02-26_18-32-27/verifyingGlobalFilterLandingPage/Filter Applied is Italiano__2026-02-26_184251.jpg
2026-02-26 18:42:51.804 [TestNG-test-Yt Master Tests-2] INFO  [verifyingGlobalFilterLandingPage] Fetching the data from the global filter in landing page
2026-02-26 18:42:51.804 [TestNG-test-Yt Master Tests-2] INFO  [verifyingGlobalFilterLandingPage] [verifyingGlobalFilterLandingPage] Trying to find element: By.xpath: //ytd-search-filter-options-dialog-renderer[@class='style-scope ytd-popup-container']
2026-02-26 18:42:52.060 [TestNG-test-Yt Master Tests-2] INFO  [verifyingGlobalFilterLandingPage] [verifyingGlobalFilterLandingPage] Element found and ready (attempt 1): By.xpath: //ytd-search-filter-options-dialog-renderer[@class='style-scope ytd-popup-container']
2026-02-26 18:42:52.108 [TestNG-test-Yt Master Tests-2] INFO  [verifyingGlobalFilterLandingPage] Closing the global filter pop-up in landing page..
2026-02-26 18:42:52.109 [TestNG-test-Yt Master Tests-2] INFO  [verifyingGlobalFilterLandingPage] [verifyingGlobalFilterLandingPage] Trying to find element: By.xpath: //yt-icon[@icon='close']
2026-02-26 18:42:52.288 [TestNG-test-Yt Master Tests-2] INFO  [verifyingGlobalFilterLandingPage] [verifyingGlobalFilterLandingPage] Element found and ready (attempt 1): By.xpath: //yt-icon[@icon='close']
2026-02-26 18:42:52.413 [TestNG-test-Yt Master Tests-2] INFO  [verifyingGlobalFilterLandingPage] Clicking settings ellipses button...
2026-02-26 18:42:52.413 [TestNG-test-Yt Master Tests-2] INFO  [verifyingGlobalFilterLandingPage] [verifyingGlobalFilterLandingPage] Trying to find element: By.xpath: //ytd-topbar-menu-button-renderer[@class='style-scope ytd-masthead style-default']
2026-02-26 18:42:52.991 [TestNG-test-Yt Master Tests-2] INFO  [verifyingGlobalFilterLandingPage] [verifyingGlobalFilterLandingPage] Element found and ready (attempt 1): By.xpath: //ytd-topbar-menu-button-renderer[@class='style-scope ytd-masthead style-default']
2026-02-26 18:42:53.117 [TestNG-test-Yt Master Tests-2] INFO  [verifyingGlobalFilterLandingPage] Clicking language dropdown...
2026-02-26 18:42:53.117 [TestNG-test-Yt Master Tests-2] INFO  [verifyingGlobalFilterLandingPage] [verifyingGlobalFilterLandingPage] Trying to find element: By.xpath: (//div[@id='content-icon'])[2]
2026-02-26 18:42:53.746 [TestNG-test-Yt Master Tests-2] INFO  [verifyingGlobalFilterLandingPage] [verifyingGlobalFilterLandingPage] Element found and ready (attempt 1): By.xpath: (//div[@id='content-icon'])[2]
2026-02-26 18:42:54.297 [TestNG-test-Yt Master Tests-2] INFO  [verifyingGlobalFilterLandingPage] [verifyingGlobalFilterLandingPage] Trying to find element: By.xpath: //yt-multi-page-menu-section-renderer[@class='style-scope ytd-multi-page-menu-renderer']//yt-formatted-string[@id='label' and text()='Latviešu valoda']
2026-02-26 18:42:54.492 [TestNG-test-Yt Master Tests-2] INFO  [verifyingGlobalFilterLandingPage] [verifyingGlobalFilterLandingPage] Element found and ready (attempt 1): By.xpath: //yt-multi-page-menu-section-renderer[@class='style-scope ytd-multi-page-menu-renderer']//yt-formatted-string[@id='label' and text()='Latviešu valoda']
2026-02-26 18:42:54.492 [TestNG-test-Yt Master Tests-2] INFO  [verifyingGlobalFilterLandingPage] Looking for language element with name: Latviešu valoda
2026-02-26 18:42:54.492 [TestNG-test-Yt Master Tests-2] INFO  [verifyingGlobalFilterLandingPage] [verifyingGlobalFilterLandingPage] Within smoothScrollToElement method
2026-02-26 18:42:54.493 [TestNG-test-Yt Master Tests-2] INFO  [verifyingGlobalFilterLandingPage] SafeActions initialized with driver ChromeDriver: chrome on windows (937905abe1e91b515f960d9fa6849c47)
2026-02-26 18:42:54.493 [TestNG-test-Yt Master Tests-2] INFO  [verifyingGlobalFilterLandingPage] [verifyingGlobalFilterLandingPage] Trying to find element: By.xpath: //yt-multi-page-menu-section-renderer[@class='style-scope ytd-multi-page-menu-renderer']//yt-formatted-string[@id='label' and text()='Latviešu valoda']
2026-02-26 18:42:54.600 [TestNG-test-Yt Master Tests-2] INFO  [verifyingGlobalFilterLandingPage] [verifyingGlobalFilterLandingPage] Element found and ready (attempt 1): By.xpath: //yt-multi-page-menu-section-renderer[@class='style-scope ytd-multi-page-menu-renderer']//yt-formatted-string[@id='label' and text()='Latviešu valoda']
2026-02-26 18:42:54.709 [TestNG-test-Yt Master Tests-2] INFO  [verifyingGlobalFilterLandingPage] [verifyingGlobalFilterLandingPage] Successfully scrolled to element: By.xpath: //yt-multi-page-menu-section-renderer[@class='style-scope ytd-multi-page-menu-renderer']//yt-formatted-string[@id='label' and text()='Latviešu valoda']
2026-02-26 18:42:54.709 [TestNG-test-Yt Master Tests-2] INFO  [verifyingGlobalFilterLandingPage] Looking for language element with name: Latviešu valoda
2026-02-26 18:42:54.709 [TestNG-test-Yt Master Tests-2] INFO  [verifyingGlobalFilterLandingPage] [verifyingGlobalFilterLandingPage] Trying to find element: By.xpath: //yt-multi-page-menu-section-renderer[@class='style-scope ytd-multi-page-menu-renderer']//yt-formatted-string[@id='label' and text()='Latviešu valoda']
2026-02-26 18:42:54.789 [TestNG-test-Yt Master Tests-2] INFO  [verifyingGlobalFilterLandingPage] [verifyingGlobalFilterLandingPage] Element found and ready (attempt 1): By.xpath: //yt-multi-page-menu-section-renderer[@class='style-scope ytd-multi-page-menu-renderer']//yt-formatted-string[@id='label' and text()='Latviešu valoda']
2026-02-26 18:42:56.961 [TestNG-test-Yt Master Tests-2] INFO  [verifyingGlobalFilterLandingPage] Clicking settings ellipses button...
2026-02-26 18:42:56.961 [TestNG-test-Yt Master Tests-2] INFO  [verifyingGlobalFilterLandingPage] [verifyingGlobalFilterLandingPage] Trying to find element: By.xpath: //ytd-topbar-menu-button-renderer[@class='style-scope ytd-masthead style-default']
2026-02-26 18:42:58.807 [TestNG-test-Yt Master Tests-2] INFO  [verifyingGlobalFilterLandingPage] [verifyingGlobalFilterLandingPage] Element found and ready (attempt 1): By.xpath: //ytd-topbar-menu-button-renderer[@class='style-scope ytd-masthead style-default']
2026-02-26 18:42:59.435 [TestNG-test-Yt Master Tests-2] INFO  [verifyingGlobalFilterLandingPage] [verifyingGlobalFilterLandingPage] Waiting until element is visible in viewport
2026-02-26 18:43:00.041 [TestNG-test-Yt Master Tests-2] INFO  [verifyingGlobalFilterLandingPage] [verifyingGlobalFilterLandingPage] Capturing screenshot: Filter Applied is Latviešu valoda__2026-02-26_184300.jpg
2026-02-26 18:43:00.353 [TestNG-test-Yt Master Tests-2] INFO  [verifyingGlobalFilterLandingPage] [verifyingGlobalFilterLandingPage] Screenshot saved at: test-output/screenshots/Run_2026-02-26_18-32-27/verifyingGlobalFilterLandingPage/Filter Applied is Latviešu valoda__2026-02-26_184300.jpg
2026-02-26 18:43:00.353 [TestNG-test-Yt Master Tests-2] INFO  [verifyingGlobalFilterLandingPage] Clicking settings ellipses button...
2026-02-26 18:43:00.353 [TestNG-test-Yt Master Tests-2] INFO  [verifyingGlobalFilterLandingPage] [verifyingGlobalFilterLandingPage] Trying to find element: By.xpath: //ytd-topbar-menu-button-renderer[@class='style-scope ytd-masthead style-default']
2026-02-26 18:43:00.441 [TestNG-test-Yt Master Tests-2] INFO  [verifyingGlobalFilterLandingPage] [verifyingGlobalFilterLandingPage] Element found and ready (attempt 1): By.xpath: //ytd-topbar-menu-button-renderer[@class='style-scope ytd-masthead style-default']
2026-02-26 18:43:00.531 [TestNG-test-Yt Master Tests-2] INFO  [verifyingGlobalFilterLandingPage] Clicking on global filter button in landing page..
2026-02-26 18:43:00.531 [TestNG-test-Yt Master Tests-2] INFO  [verifyingGlobalFilterLandingPage] [verifyingGlobalFilterLandingPage] Trying to click element: By.xpath: //div[@id='filter-button']
2026-02-26 18:43:00.868 [TestNG-test-Yt Master Tests-2] INFO  [verifyingGlobalFilterLandingPage] [verifyingGlobalFilterLandingPage] Clicked successfully (attempt 1): By.xpath: //div[@id='filter-button']
2026-02-26 18:43:00.868 [TestNG-test-Yt Master Tests-2] INFO  [verifyingGlobalFilterLandingPage] [verifyingGlobalFilterLandingPage] Waiting until element is visible in viewport
2026-02-26 18:43:00.937 [TestNG-test-Yt Master Tests-2] INFO  [verifyingGlobalFilterLandingPage] [verifyingGlobalFilterLandingPage] Capturing screenshot: Filter Applied is Latviešu valoda__2026-02-26_184300.jpg
2026-02-26 18:43:01.212 [TestNG-test-Yt Master Tests-2] INFO  [verifyingGlobalFilterLandingPage] [verifyingGlobalFilterLandingPage] Screenshot saved at: test-output/screenshots/Run_2026-02-26_18-32-27/verifyingGlobalFilterLandingPage/Filter Applied is Latviešu valoda__2026-02-26_184300.jpg
2026-02-26 18:43:01.212 [TestNG-test-Yt Master Tests-2] INFO  [verifyingGlobalFilterLandingPage] Fetching the data from the global filter in landing page
2026-02-26 18:43:01.212 [TestNG-test-Yt Master Tests-2] INFO  [verifyingGlobalFilterLandingPage] [verifyingGlobalFilterLandingPage] Trying to find element: By.xpath: //ytd-search-filter-options-dialog-renderer[@class='style-scope ytd-popup-container']
2026-02-26 18:43:01.306 [TestNG-test-Yt Master Tests-2] INFO  [verifyingGlobalFilterLandingPage] [verifyingGlobalFilterLandingPage] Element found and ready (attempt 1): By.xpath: //ytd-search-filter-options-dialog-renderer[@class='style-scope ytd-popup-container']
2026-02-26 18:43:01.341 [TestNG-test-Yt Master Tests-2] INFO  [verifyingGlobalFilterLandingPage] Closing the global filter pop-up in landing page..
2026-02-26 18:43:01.341 [TestNG-test-Yt Master Tests-2] INFO  [verifyingGlobalFilterLandingPage] [verifyingGlobalFilterLandingPage] Trying to find element: By.xpath: //yt-icon[@icon='close']
2026-02-26 18:43:01.408 [TestNG-test-Yt Master Tests-2] INFO  [verifyingGlobalFilterLandingPage] [verifyingGlobalFilterLandingPage] Element found and ready (attempt 1): By.xpath: //yt-icon[@icon='close']
2026-02-26 18:43:01.486 [TestNG-test-Yt Master Tests-2] INFO  [verifyingGlobalFilterLandingPage] Clicking settings ellipses button...
2026-02-26 18:43:01.486 [TestNG-test-Yt Master Tests-2] INFO  [verifyingGlobalFilterLandingPage] [verifyingGlobalFilterLandingPage] Trying to find element: By.xpath: //ytd-topbar-menu-button-renderer[@class='style-scope ytd-masthead style-default']
2026-02-26 18:43:01.752 [TestNG-test-Yt Master Tests-2] INFO  [verifyingGlobalFilterLandingPage] [verifyingGlobalFilterLandingPage] Element found and ready (attempt 1): By.xpath: //ytd-topbar-menu-button-renderer[@class='style-scope ytd-masthead style-default']
2026-02-26 18:43:01.970 [TestNG-test-Yt Master Tests-2] INFO  [verifyingGlobalFilterLandingPage] Clicking language dropdown...
2026-02-26 18:43:01.970 [TestNG-test-Yt Master Tests-2] INFO  [verifyingGlobalFilterLandingPage] [verifyingGlobalFilterLandingPage] Trying to find element: By.xpath: (//div[@id='content-icon'])[2]
2026-02-26 18:43:02.558 [TestNG-test-Yt Master Tests-2] INFO  [verifyingGlobalFilterLandingPage] [verifyingGlobalFilterLandingPage] Element found and ready (attempt 1): By.xpath: (//div[@id='content-icon'])[2]
2026-02-26 18:43:03.001 [TestNG-test-Yt Master Tests-2] INFO  [verifyingGlobalFilterLandingPage] [verifyingGlobalFilterLandingPage] Trying to find element: By.xpath: //yt-multi-page-menu-section-renderer[@class='style-scope ytd-multi-page-menu-renderer']//yt-formatted-string[@id='label' and text()='Lietuvių']
2026-02-26 18:43:03.160 [TestNG-test-Yt Master Tests-2] INFO  [verifyingGlobalFilterLandingPage] [verifyingGlobalFilterLandingPage] Element found and ready (attempt 1): By.xpath: //yt-multi-page-menu-section-renderer[@class='style-scope ytd-multi-page-menu-renderer']//yt-formatted-string[@id='label' and text()='Lietuvių']
2026-02-26 18:43:03.160 [TestNG-test-Yt Master Tests-2] INFO  [verifyingGlobalFilterLandingPage] Looking for language element with name: Lietuvių
2026-02-26 18:43:03.160 [TestNG-test-Yt Master Tests-2] INFO  [verifyingGlobalFilterLandingPage] [verifyingGlobalFilterLandingPage] Within smoothScrollToElement method
2026-02-26 18:43:03.160 [TestNG-test-Yt Master Tests-2] INFO  [verifyingGlobalFilterLandingPage] SafeActions initialized with driver ChromeDriver: chrome on windows (937905abe1e91b515f960d9fa6849c47)
2026-02-26 18:43:03.160 [TestNG-test-Yt Master Tests-2] INFO  [verifyingGlobalFilterLandingPage] [verifyingGlobalFilterLandingPage] Trying to find element: By.xpath: //yt-multi-page-menu-section-renderer[@class='style-scope ytd-multi-page-menu-renderer']//yt-formatted-string[@id='label' and text()='Lietuvių']
2026-02-26 18:43:03.230 [TestNG-test-Yt Master Tests-2] INFO  [verifyingGlobalFilterLandingPage] [verifyingGlobalFilterLandingPage] Element found and ready (attempt 1): By.xpath: //yt-multi-page-menu-section-renderer[@class='style-scope ytd-multi-page-menu-renderer']//yt-formatted-string[@id='label' and text()='Lietuvių']
2026-02-26 18:43:03.264 [TestNG-test-Yt Master Tests-2] INFO  [verifyingGlobalFilterLandingPage] [verifyingGlobalFilterLandingPage] Successfully scrolled to element: By.xpath: //yt-multi-page-menu-section-renderer[@class='style-scope ytd-multi-page-menu-renderer']//yt-formatted-string[@id='label' and text()='Lietuvių']
2026-02-26 18:43:03.265 [TestNG-test-Yt Master Tests-2] INFO  [verifyingGlobalFilterLandingPage] Looking for language element with name: Lietuvių
2026-02-26 18:43:03.265 [TestNG-test-Yt Master Tests-2] INFO  [verifyingGlobalFilterLandingPage] [verifyingGlobalFilterLandingPage] Trying to find element: By.xpath: //yt-multi-page-menu-section-renderer[@class='style-scope ytd-multi-page-menu-renderer']//yt-formatted-string[@id='label' and text()='Lietuvių']
2026-02-26 18:43:03.358 [TestNG-test-Yt Master Tests-2] INFO  [verifyingGlobalFilterLandingPage] [verifyingGlobalFilterLandingPage] Element found and ready (attempt 1): By.xpath: //yt-multi-page-menu-section-renderer[@class='style-scope ytd-multi-page-menu-renderer']//yt-formatted-string[@id='label' and text()='Lietuvių']
2026-02-26 18:43:07.713 [TestNG-test-Yt Master Tests-2] INFO  [verifyingGlobalFilterLandingPage] Clicking settings ellipses button...
2026-02-26 18:43:07.714 [TestNG-test-Yt Master Tests-2] INFO  [verifyingGlobalFilterLandingPage] [verifyingGlobalFilterLandingPage] Trying to find element: By.xpath: //ytd-topbar-menu-button-renderer[@class='style-scope ytd-masthead style-default']
2026-02-26 18:43:08.371 [TestNG-test-Yt Master Tests-2] INFO  [verifyingGlobalFilterLandingPage] [verifyingGlobalFilterLandingPage] Element found and ready (attempt 1): By.xpath: //ytd-topbar-menu-button-renderer[@class='style-scope ytd-masthead style-default']
2026-02-26 18:43:08.502 [TestNG-test-Yt Master Tests-2] INFO  [verifyingGlobalFilterLandingPage] [verifyingGlobalFilterLandingPage] Waiting until element is visible in viewport
2026-02-26 18:43:09.057 [TestNG-test-Yt Master Tests-2] INFO  [verifyingGlobalFilterLandingPage] [verifyingGlobalFilterLandingPage] Capturing screenshot: Filter Applied is Lietuvių__2026-02-26_184309.jpg
2026-02-26 18:43:09.302 [TestNG-test-Yt Master Tests-2] INFO  [verifyingGlobalFilterLandingPage] [verifyingGlobalFilterLandingPage] Screenshot saved at: test-output/screenshots/Run_2026-02-26_18-32-27/verifyingGlobalFilterLandingPage/Filter Applied is Lietuvių__2026-02-26_184309.jpg
2026-02-26 18:43:09.302 [TestNG-test-Yt Master Tests-2] INFO  [verifyingGlobalFilterLandingPage] Clicking settings ellipses button...
2026-02-26 18:43:09.302 [TestNG-test-Yt Master Tests-2] INFO  [verifyingGlobalFilterLandingPage] [verifyingGlobalFilterLandingPage] Trying to find element: By.xpath: //ytd-topbar-menu-button-renderer[@class='style-scope ytd-masthead style-default']
2026-02-26 18:43:09.377 [TestNG-test-Yt Master Tests-2] INFO  [verifyingGlobalFilterLandingPage] [verifyingGlobalFilterLandingPage] Element found and ready (attempt 1): By.xpath: //ytd-topbar-menu-button-renderer[@class='style-scope ytd-masthead style-default']
2026-02-26 18:43:09.452 [TestNG-test-Yt Master Tests-2] INFO  [verifyingGlobalFilterLandingPage] Clicking on global filter button in landing page..
2026-02-26 18:43:09.452 [TestNG-test-Yt Master Tests-2] INFO  [verifyingGlobalFilterLandingPage] [verifyingGlobalFilterLandingPage] Trying to click element: By.xpath: //div[@id='filter-button']
2026-02-26 18:43:09.772 [TestNG-test-Yt Master Tests-2] INFO  [verifyingGlobalFilterLandingPage] [verifyingGlobalFilterLandingPage] Clicked successfully (attempt 1): By.xpath: //div[@id='filter-button']
2026-02-26 18:43:09.772 [TestNG-test-Yt Master Tests-2] INFO  [verifyingGlobalFilterLandingPage] [verifyingGlobalFilterLandingPage] Waiting until element is visible in viewport
2026-02-26 18:43:09.806 [TestNG-test-Yt Master Tests-2] INFO  [verifyingGlobalFilterLandingPage] [verifyingGlobalFilterLandingPage] Capturing screenshot: Filter Applied is Lietuvių__2026-02-26_184309.jpg
2026-02-26 18:43:10.053 [TestNG-test-Yt Master Tests-2] INFO  [verifyingGlobalFilterLandingPage] [verifyingGlobalFilterLandingPage] Screenshot saved at: test-output/screenshots/Run_2026-02-26_18-32-27/verifyingGlobalFilterLandingPage/Filter Applied is Lietuvių__2026-02-26_184309.jpg
2026-02-26 18:43:10.053 [TestNG-test-Yt Master Tests-2] INFO  [verifyingGlobalFilterLandingPage] Fetching the data from the global filter in landing page
2026-02-26 18:43:10.053 [TestNG-test-Yt Master Tests-2] INFO  [verifyingGlobalFilterLandingPage] [verifyingGlobalFilterLandingPage] Trying to find element: By.xpath: //ytd-search-filter-options-dialog-renderer[@class='style-scope ytd-popup-container']
2026-02-26 18:43:10.131 [TestNG-test-Yt Master Tests-2] INFO  [verifyingGlobalFilterLandingPage] [verifyingGlobalFilterLandingPage] Element found and ready (attempt 1): By.xpath: //ytd-search-filter-options-dialog-renderer[@class='style-scope ytd-popup-container']
2026-02-26 18:43:10.180 [TestNG-test-Yt Master Tests-2] INFO  [verifyingGlobalFilterLandingPage] Closing the global filter pop-up in landing page..
2026-02-26 18:43:10.180 [TestNG-test-Yt Master Tests-2] INFO  [verifyingGlobalFilterLandingPage] [verifyingGlobalFilterLandingPage] Trying to find element: By.xpath: //yt-icon[@icon='close']
2026-02-26 18:43:10.258 [TestNG-test-Yt Master Tests-2] INFO  [verifyingGlobalFilterLandingPage] [verifyingGlobalFilterLandingPage] Element found and ready (attempt 1): By.xpath: //yt-icon[@icon='close']
2026-02-26 18:43:10.339 [TestNG-test-Yt Master Tests-2] INFO  [verifyingGlobalFilterLandingPage] Clicking settings ellipses button...
2026-02-26 18:43:10.339 [TestNG-test-Yt Master Tests-2] INFO  [verifyingGlobalFilterLandingPage] [verifyingGlobalFilterLandingPage] Trying to find element: By.xpath: //ytd-topbar-menu-button-renderer[@class='style-scope ytd-masthead style-default']
2026-02-26 18:43:10.433 [TestNG-test-Yt Master Tests-2] INFO  [verifyingGlobalFilterLandingPage] [verifyingGlobalFilterLandingPage] Element found and ready (attempt 1): By.xpath: //ytd-topbar-menu-button-renderer[@class='style-scope ytd-masthead style-default']
2026-02-26 18:43:10.579 [TestNG-test-Yt Master Tests-2] INFO  [verifyingGlobalFilterLandingPage] Clicking language dropdown...
2026-02-26 18:43:10.580 [TestNG-test-Yt Master Tests-2] INFO  [verifyingGlobalFilterLandingPage] [verifyingGlobalFilterLandingPage] Trying to find element: By.xpath: (//div[@id='content-icon'])[2]
2026-02-26 18:43:11.246 [TestNG-test-Yt Master Tests-2] INFO  [verifyingGlobalFilterLandingPage] [verifyingGlobalFilterLandingPage] Element found and ready (attempt 1): By.xpath: (//div[@id='content-icon'])[2]
2026-02-26 18:43:11.678 [TestNG-test-Yt Master Tests-2] INFO  [verifyingGlobalFilterLandingPage] [verifyingGlobalFilterLandingPage] Trying to find element: By.xpath: //yt-multi-page-menu-section-renderer[@class='style-scope ytd-multi-page-menu-renderer']//yt-formatted-string[@id='label' and text()='Magyar']
2026-02-26 18:43:11.848 [TestNG-test-Yt Master Tests-2] INFO  [verifyingGlobalFilterLandingPage] [verifyingGlobalFilterLandingPage] Element found and ready (attempt 1): By.xpath: //yt-multi-page-menu-section-renderer[@class='style-scope ytd-multi-page-menu-renderer']//yt-formatted-string[@id='label' and text()='Magyar']
2026-02-26 18:43:11.848 [TestNG-test-Yt Master Tests-2] INFO  [verifyingGlobalFilterLandingPage] Looking for language element with name: Magyar
2026-02-26 18:43:11.848 [TestNG-test-Yt Master Tests-2] INFO  [verifyingGlobalFilterLandingPage] [verifyingGlobalFilterLandingPage] Within smoothScrollToElement method
2026-02-26 18:43:11.848 [TestNG-test-Yt Master Tests-2] INFO  [verifyingGlobalFilterLandingPage] SafeActions initialized with driver ChromeDriver: chrome on windows (937905abe1e91b515f960d9fa6849c47)
2026-02-26 18:43:11.848 [TestNG-test-Yt Master Tests-2] INFO  [verifyingGlobalFilterLandingPage] [verifyingGlobalFilterLandingPage] Trying to find element: By.xpath: //yt-multi-page-menu-section-renderer[@class='style-scope ytd-multi-page-menu-renderer']//yt-formatted-string[@id='label' and text()='Magyar']
2026-02-26 18:43:11.912 [TestNG-test-Yt Master Tests-2] INFO  [verifyingGlobalFilterLandingPage] [verifyingGlobalFilterLandingPage] Element found and ready (attempt 1): By.xpath: //yt-multi-page-menu-section-renderer[@class='style-scope ytd-multi-page-menu-renderer']//yt-formatted-string[@id='label' and text()='Magyar']
2026-02-26 18:43:11.950 [TestNG-test-Yt Master Tests-2] INFO  [verifyingGlobalFilterLandingPage] [verifyingGlobalFilterLandingPage] Successfully scrolled to element: By.xpath: //yt-multi-page-menu-section-renderer[@class='style-scope ytd-multi-page-menu-renderer']//yt-formatted-string[@id='label' and text()='Magyar']
2026-02-26 18:43:11.950 [TestNG-test-Yt Master Tests-2] INFO  [verifyingGlobalFilterLandingPage] Looking for language element with name: Magyar
2026-02-26 18:43:11.950 [TestNG-test-Yt Master Tests-2] INFO  [verifyingGlobalFilterLandingPage] [verifyingGlobalFilterLandingPage] Trying to find element: By.xpath: //yt-multi-page-menu-section-renderer[@class='style-scope ytd-multi-page-menu-renderer']//yt-formatted-string[@id='label' and text()='Magyar']
2026-02-26 18:43:12.035 [TestNG-test-Yt Master Tests-2] INFO  [verifyingGlobalFilterLandingPage] [verifyingGlobalFilterLandingPage] Element found and ready (attempt 1): By.xpath: //yt-multi-page-menu-section-renderer[@class='style-scope ytd-multi-page-menu-renderer']//yt-formatted-string[@id='label' and text()='Magyar']
2026-02-26 18:43:15.966 [TestNG-test-Yt Master Tests-2] INFO  [verifyingGlobalFilterLandingPage] Clicking settings ellipses button...
2026-02-26 18:43:15.966 [TestNG-test-Yt Master Tests-2] INFO  [verifyingGlobalFilterLandingPage] [verifyingGlobalFilterLandingPage] Trying to find element: By.xpath: //ytd-topbar-menu-button-renderer[@class='style-scope ytd-masthead style-default']
2026-02-26 18:43:16.644 [TestNG-test-Yt Master Tests-2] INFO  [verifyingGlobalFilterLandingPage] [verifyingGlobalFilterLandingPage] Element found and ready (attempt 1): By.xpath: //ytd-topbar-menu-button-renderer[@class='style-scope ytd-masthead style-default']
2026-02-26 18:43:16.740 [TestNG-test-Yt Master Tests-2] INFO  [verifyingGlobalFilterLandingPage] [verifyingGlobalFilterLandingPage] Waiting until element is visible in viewport
2026-02-26 18:43:16.892 [TestNG-test-Yt Master Tests-2] INFO  [verifyingGlobalFilterLandingPage] [verifyingGlobalFilterLandingPage] Capturing screenshot: Filter Applied is Magyar__2026-02-26_184316.jpg
2026-02-26 18:43:17.256 [TestNG-test-Yt Master Tests-2] INFO  [verifyingGlobalFilterLandingPage] [verifyingGlobalFilterLandingPage] Screenshot saved at: test-output/screenshots/Run_2026-02-26_18-32-27/verifyingGlobalFilterLandingPage/Filter Applied is Magyar__2026-02-26_184316.jpg
2026-02-26 18:43:17.257 [TestNG-test-Yt Master Tests-2] INFO  [verifyingGlobalFilterLandingPage] Clicking settings ellipses button...
2026-02-26 18:43:17.257 [TestNG-test-Yt Master Tests-2] INFO  [verifyingGlobalFilterLandingPage] [verifyingGlobalFilterLandingPage] Trying to find element: By.xpath: //ytd-topbar-menu-button-renderer[@class='style-scope ytd-masthead style-default']
2026-02-26 18:43:17.323 [TestNG-test-Yt Master Tests-2] INFO  [verifyingGlobalFilterLandingPage] [verifyingGlobalFilterLandingPage] Element found and ready (attempt 1): By.xpath: //ytd-topbar-menu-button-renderer[@class='style-scope ytd-masthead style-default']
2026-02-26 18:43:17.406 [TestNG-test-Yt Master Tests-2] INFO  [verifyingGlobalFilterLandingPage] Clicking on global filter button in landing page..
2026-02-26 18:43:17.406 [TestNG-test-Yt Master Tests-2] INFO  [verifyingGlobalFilterLandingPage] [verifyingGlobalFilterLandingPage] Trying to click element: By.xpath: //div[@id='filter-button']
2026-02-26 18:43:17.660 [TestNG-test-Yt Master Tests-2] INFO  [verifyingGlobalFilterLandingPage] [verifyingGlobalFilterLandingPage] Clicked successfully (attempt 1): By.xpath: //div[@id='filter-button']
2026-02-26 18:43:17.660 [TestNG-test-Yt Master Tests-2] INFO  [verifyingGlobalFilterLandingPage] [verifyingGlobalFilterLandingPage] Waiting until element is visible in viewport
2026-02-26 18:43:17.694 [TestNG-test-Yt Master Tests-2] INFO  [verifyingGlobalFilterLandingPage] [verifyingGlobalFilterLandingPage] Capturing screenshot: Filter Applied is Magyar__2026-02-26_184317.jpg
2026-02-26 18:43:17.911 [TestNG-test-Yt Master Tests-2] INFO  [verifyingGlobalFilterLandingPage] [verifyingGlobalFilterLandingPage] Screenshot saved at: test-output/screenshots/Run_2026-02-26_18-32-27/verifyingGlobalFilterLandingPage/Filter Applied is Magyar__2026-02-26_184317.jpg
2026-02-26 18:43:17.911 [TestNG-test-Yt Master Tests-2] INFO  [verifyingGlobalFilterLandingPage] Fetching the data from the global filter in landing page
2026-02-26 18:43:17.911 [TestNG-test-Yt Master Tests-2] INFO  [verifyingGlobalFilterLandingPage] [verifyingGlobalFilterLandingPage] Trying to find element: By.xpath: //ytd-search-filter-options-dialog-renderer[@class='style-scope ytd-popup-container']
2026-02-26 18:43:17.983 [TestNG-test-Yt Master Tests-2] INFO  [verifyingGlobalFilterLandingPage] [verifyingGlobalFilterLandingPage] Element found and ready (attempt 1): By.xpath: //ytd-search-filter-options-dialog-renderer[@class='style-scope ytd-popup-container']
2026-02-26 18:43:18.020 [TestNG-test-Yt Master Tests-2] INFO  [verifyingGlobalFilterLandingPage] Closing the global filter pop-up in landing page..
2026-02-26 18:43:18.021 [TestNG-test-Yt Master Tests-2] INFO  [verifyingGlobalFilterLandingPage] [verifyingGlobalFilterLandingPage] Trying to find element: By.xpath: //yt-icon[@icon='close']
2026-02-26 18:43:18.095 [TestNG-test-Yt Master Tests-2] INFO  [verifyingGlobalFilterLandingPage] [verifyingGlobalFilterLandingPage] Element found and ready (attempt 1): By.xpath: //yt-icon[@icon='close']
2026-02-26 18:43:18.155 [TestNG-test-Yt Master Tests-2] INFO  [verifyingGlobalFilterLandingPage] Clicking settings ellipses button...
2026-02-26 18:43:18.155 [TestNG-test-Yt Master Tests-2] INFO  [verifyingGlobalFilterLandingPage] [verifyingGlobalFilterLandingPage] Trying to find element: By.xpath: //ytd-topbar-menu-button-renderer[@class='style-scope ytd-masthead style-default']
2026-02-26 18:43:18.237 [TestNG-test-Yt Master Tests-2] INFO  [verifyingGlobalFilterLandingPage] [verifyingGlobalFilterLandingPage] Element found and ready (attempt 1): By.xpath: //ytd-topbar-menu-button-renderer[@class='style-scope ytd-masthead style-default']
2026-02-26 18:43:18.328 [TestNG-test-Yt Master Tests-2] INFO  [verifyingGlobalFilterLandingPage] Clicking language dropdown...
2026-02-26 18:43:18.328 [TestNG-test-Yt Master Tests-2] INFO  [verifyingGlobalFilterLandingPage] [verifyingGlobalFilterLandingPage] Trying to find element: By.xpath: (//div[@id='content-icon'])[2]
2026-02-26 18:43:19.017 [TestNG-test-Yt Master Tests-2] INFO  [verifyingGlobalFilterLandingPage] [verifyingGlobalFilterLandingPage] Element found and ready (attempt 1): By.xpath: (//div[@id='content-icon'])[2]
2026-02-26 18:43:19.479 [TestNG-test-Yt Master Tests-2] INFO  [verifyingGlobalFilterLandingPage] [verifyingGlobalFilterLandingPage] Trying to find element: By.xpath: //yt-multi-page-menu-section-renderer[@class='style-scope ytd-multi-page-menu-renderer']//yt-formatted-string[@id='label' and text()='Nederlands']
2026-02-26 18:43:19.617 [TestNG-test-Yt Master Tests-2] INFO  [verifyingGlobalFilterLandingPage] [verifyingGlobalFilterLandingPage] Element found and ready (attempt 1): By.xpath: //yt-multi-page-menu-section-renderer[@class='style-scope ytd-multi-page-menu-renderer']//yt-formatted-string[@id='label' and text()='Nederlands']
2026-02-26 18:43:19.617 [TestNG-test-Yt Master Tests-2] INFO  [verifyingGlobalFilterLandingPage] Looking for language element with name: Nederlands
2026-02-26 18:43:19.617 [TestNG-test-Yt Master Tests-2] INFO  [verifyingGlobalFilterLandingPage] [verifyingGlobalFilterLandingPage] Within smoothScrollToElement method
2026-02-26 18:43:19.617 [TestNG-test-Yt Master Tests-2] INFO  [verifyingGlobalFilterLandingPage] SafeActions initialized with driver ChromeDriver: chrome on windows (937905abe1e91b515f960d9fa6849c47)
2026-02-26 18:43:19.617 [TestNG-test-Yt Master Tests-2] INFO  [verifyingGlobalFilterLandingPage] [verifyingGlobalFilterLandingPage] Trying to find element: By.xpath: //yt-multi-page-menu-section-renderer[@class='style-scope ytd-multi-page-menu-renderer']//yt-formatted-string[@id='label' and text()='Nederlands']
2026-02-26 18:43:19.680 [TestNG-test-Yt Master Tests-2] INFO  [verifyingGlobalFilterLandingPage] [verifyingGlobalFilterLandingPage] Element found and ready (attempt 1): By.xpath: //yt-multi-page-menu-section-renderer[@class='style-scope ytd-multi-page-menu-renderer']//yt-formatted-string[@id='label' and text()='Nederlands']
2026-02-26 18:43:19.792 [TestNG-test-Yt Master Tests-2] INFO  [verifyingGlobalFilterLandingPage] [verifyingGlobalFilterLandingPage] Successfully scrolled to element: By.xpath: //yt-multi-page-menu-section-renderer[@class='style-scope ytd-multi-page-menu-renderer']//yt-formatted-string[@id='label' and text()='Nederlands']
2026-02-26 18:43:19.792 [TestNG-test-Yt Master Tests-2] INFO  [verifyingGlobalFilterLandingPage] Looking for language element with name: Nederlands
2026-02-26 18:43:19.792 [TestNG-test-Yt Master Tests-2] INFO  [verifyingGlobalFilterLandingPage] [verifyingGlobalFilterLandingPage] Trying to find element: By.xpath: //yt-multi-page-menu-section-renderer[@class='style-scope ytd-multi-page-menu-renderer']//yt-formatted-string[@id='label' and text()='Nederlands']
2026-02-26 18:43:19.866 [TestNG-test-Yt Master Tests-2] INFO  [verifyingGlobalFilterLandingPage] [verifyingGlobalFilterLandingPage] Element found and ready (attempt 1): By.xpath: //yt-multi-page-menu-section-renderer[@class='style-scope ytd-multi-page-menu-renderer']//yt-formatted-string[@id='label' and text()='Nederlands']
2026-02-26 18:43:24.399 [TestNG-test-Yt Master Tests-2] INFO  [verifyingGlobalFilterLandingPage] Clicking settings ellipses button...
2026-02-26 18:43:24.399 [TestNG-test-Yt Master Tests-2] INFO  [verifyingGlobalFilterLandingPage] [verifyingGlobalFilterLandingPage] Trying to find element: By.xpath: //ytd-topbar-menu-button-renderer[@class='style-scope ytd-masthead style-default']
2026-02-26 18:43:25.071 [TestNG-test-Yt Master Tests-2] INFO  [verifyingGlobalFilterLandingPage] [verifyingGlobalFilterLandingPage] Element found and ready (attempt 1): By.xpath: //ytd-topbar-menu-button-renderer[@class='style-scope ytd-masthead style-default']
2026-02-26 18:43:25.185 [TestNG-test-Yt Master Tests-2] INFO  [verifyingGlobalFilterLandingPage] [verifyingGlobalFilterLandingPage] Waiting until element is visible in viewport
2026-02-26 18:43:25.779 [TestNG-test-Yt Master Tests-2] INFO  [verifyingGlobalFilterLandingPage] [verifyingGlobalFilterLandingPage] Capturing screenshot: Filter Applied is Nederlands__2026-02-26_184325.jpg
2026-02-26 18:43:25.998 [TestNG-test-Yt Master Tests-2] INFO  [verifyingGlobalFilterLandingPage] [verifyingGlobalFilterLandingPage] Screenshot saved at: test-output/screenshots/Run_2026-02-26_18-32-27/verifyingGlobalFilterLandingPage/Filter Applied is Nederlands__2026-02-26_184325.jpg
2026-02-26 18:43:25.998 [TestNG-test-Yt Master Tests-2] INFO  [verifyingGlobalFilterLandingPage] Clicking settings ellipses button...
2026-02-26 18:43:25.999 [TestNG-test-Yt Master Tests-2] INFO  [verifyingGlobalFilterLandingPage] [verifyingGlobalFilterLandingPage] Trying to find element: By.xpath: //ytd-topbar-menu-button-renderer[@class='style-scope ytd-masthead style-default']
2026-02-26 18:43:26.065 [TestNG-test-Yt Master Tests-2] INFO  [verifyingGlobalFilterLandingPage] [verifyingGlobalFilterLandingPage] Element found and ready (attempt 1): By.xpath: //ytd-topbar-menu-button-renderer[@class='style-scope ytd-masthead style-default']
2026-02-26 18:43:26.133 [TestNG-test-Yt Master Tests-2] INFO  [verifyingGlobalFilterLandingPage] Clicking on global filter button in landing page..
2026-02-26 18:43:26.133 [TestNG-test-Yt Master Tests-2] INFO  [verifyingGlobalFilterLandingPage] [verifyingGlobalFilterLandingPage] Trying to click element: By.xpath: //div[@id='filter-button']
2026-02-26 18:43:26.383 [TestNG-test-Yt Master Tests-2] INFO  [verifyingGlobalFilterLandingPage] [verifyingGlobalFilterLandingPage] Clicked successfully (attempt 1): By.xpath: //div[@id='filter-button']
2026-02-26 18:43:26.383 [TestNG-test-Yt Master Tests-2] INFO  [verifyingGlobalFilterLandingPage] [verifyingGlobalFilterLandingPage] Waiting until element is visible in viewport
2026-02-26 18:43:26.420 [TestNG-test-Yt Master Tests-2] INFO  [verifyingGlobalFilterLandingPage] [verifyingGlobalFilterLandingPage] Capturing screenshot: Filter Applied is Nederlands__2026-02-26_184326.jpg
2026-02-26 18:43:26.633 [TestNG-test-Yt Master Tests-2] INFO  [verifyingGlobalFilterLandingPage] [verifyingGlobalFilterLandingPage] Screenshot saved at: test-output/screenshots/Run_2026-02-26_18-32-27/verifyingGlobalFilterLandingPage/Filter Applied is Nederlands__2026-02-26_184326.jpg
2026-02-26 18:43:26.633 [TestNG-test-Yt Master Tests-2] INFO  [verifyingGlobalFilterLandingPage] Fetching the data from the global filter in landing page
2026-02-26 18:43:26.633 [TestNG-test-Yt Master Tests-2] INFO  [verifyingGlobalFilterLandingPage] [verifyingGlobalFilterLandingPage] Trying to find element: By.xpath: //ytd-search-filter-options-dialog-renderer[@class='style-scope ytd-popup-container']
2026-02-26 18:43:26.734 [TestNG-test-Yt Master Tests-2] INFO  [verifyingGlobalFilterLandingPage] [verifyingGlobalFilterLandingPage] Element found and ready (attempt 1): By.xpath: //ytd-search-filter-options-dialog-renderer[@class='style-scope ytd-popup-container']
2026-02-26 18:43:26.781 [TestNG-test-Yt Master Tests-2] INFO  [verifyingGlobalFilterLandingPage] Closing the global filter pop-up in landing page..
2026-02-26 18:43:26.781 [TestNG-test-Yt Master Tests-2] INFO  [verifyingGlobalFilterLandingPage] [verifyingGlobalFilterLandingPage] Trying to find element: By.xpath: //yt-icon[@icon='close']
2026-02-26 18:43:26.869 [TestNG-test-Yt Master Tests-2] INFO  [verifyingGlobalFilterLandingPage] [verifyingGlobalFilterLandingPage] Element found and ready (attempt 1): By.xpath: //yt-icon[@icon='close']
2026-02-26 18:43:27.070 [TestNG-test-Yt Master Tests-2] INFO  [verifyingGlobalFilterLandingPage] Clicking settings ellipses button...
2026-02-26 18:43:27.070 [TestNG-test-Yt Master Tests-2] INFO  [verifyingGlobalFilterLandingPage] [verifyingGlobalFilterLandingPage] Trying to find element: By.xpath: //ytd-topbar-menu-button-renderer[@class='style-scope ytd-masthead style-default']
2026-02-26 18:43:27.221 [TestNG-test-Yt Master Tests-2] INFO  [verifyingGlobalFilterLandingPage] [verifyingGlobalFilterLandingPage] Element found and ready (attempt 1): By.xpath: //ytd-topbar-menu-button-renderer[@class='style-scope ytd-masthead style-default']
2026-02-26 18:43:27.329 [TestNG-test-Yt Master Tests-2] INFO  [verifyingGlobalFilterLandingPage] Clicking language dropdown...
2026-02-26 18:43:27.329 [TestNG-test-Yt Master Tests-2] INFO  [verifyingGlobalFilterLandingPage] [verifyingGlobalFilterLandingPage] Trying to find element: By.xpath: (//div[@id='content-icon'])[2]
2026-02-26 18:43:27.915 [TestNG-test-Yt Master Tests-2] INFO  [verifyingGlobalFilterLandingPage] [verifyingGlobalFilterLandingPage] Element found and ready (attempt 1): By.xpath: (//div[@id='content-icon'])[2]
2026-02-26 18:43:28.412 [TestNG-test-Yt Master Tests-2] INFO  [verifyingGlobalFilterLandingPage] [verifyingGlobalFilterLandingPage] Trying to find element: By.xpath: //yt-multi-page-menu-section-renderer[@class='style-scope ytd-multi-page-menu-renderer']//yt-formatted-string[@id='label' and text()='Polski']
2026-02-26 18:43:28.546 [TestNG-test-Yt Master Tests-2] INFO  [verifyingGlobalFilterLandingPage] [verifyingGlobalFilterLandingPage] Element found and ready (attempt 1): By.xpath: //yt-multi-page-menu-section-renderer[@class='style-scope ytd-multi-page-menu-renderer']//yt-formatted-string[@id='label' and text()='Polski']
2026-02-26 18:43:28.546 [TestNG-test-Yt Master Tests-2] INFO  [verifyingGlobalFilterLandingPage] Looking for language element with name: Polski
2026-02-26 18:43:28.546 [TestNG-test-Yt Master Tests-2] INFO  [verifyingGlobalFilterLandingPage] [verifyingGlobalFilterLandingPage] Within smoothScrollToElement method
2026-02-26 18:43:28.546 [TestNG-test-Yt Master Tests-2] INFO  [verifyingGlobalFilterLandingPage] SafeActions initialized with driver ChromeDriver: chrome on windows (937905abe1e91b515f960d9fa6849c47)
2026-02-26 18:43:28.547 [TestNG-test-Yt Master Tests-2] INFO  [verifyingGlobalFilterLandingPage] [verifyingGlobalFilterLandingPage] Trying to find element: By.xpath: //yt-multi-page-menu-section-renderer[@class='style-scope ytd-multi-page-menu-renderer']//yt-formatted-string[@id='label' and text()='Polski']
2026-02-26 18:43:28.628 [TestNG-test-Yt Master Tests-2] INFO  [verifyingGlobalFilterLandingPage] [verifyingGlobalFilterLandingPage] Element found and ready (attempt 1): By.xpath: //yt-multi-page-menu-section-renderer[@class='style-scope ytd-multi-page-menu-renderer']//yt-formatted-string[@id='label' and text()='Polski']
2026-02-26 18:43:28.710 [TestNG-test-Yt Master Tests-2] INFO  [verifyingGlobalFilterLandingPage] [verifyingGlobalFilterLandingPage] Successfully scrolled to element: By.xpath: //yt-multi-page-menu-section-renderer[@class='style-scope ytd-multi-page-menu-renderer']//yt-formatted-string[@id='label' and text()='Polski']
2026-02-26 18:43:28.710 [TestNG-test-Yt Master Tests-2] INFO  [verifyingGlobalFilterLandingPage] Looking for language element with name: Polski
2026-02-26 18:43:28.710 [TestNG-test-Yt Master Tests-2] INFO  [verifyingGlobalFilterLandingPage] [verifyingGlobalFilterLandingPage] Trying to find element: By.xpath: //yt-multi-page-menu-section-renderer[@class='style-scope ytd-multi-page-menu-renderer']//yt-formatted-string[@id='label' and text()='Polski']
2026-02-26 18:43:28.784 [TestNG-test-Yt Master Tests-2] INFO  [verifyingGlobalFilterLandingPage] [verifyingGlobalFilterLandingPage] Element found and ready (attempt 1): By.xpath: //yt-multi-page-menu-section-renderer[@class='style-scope ytd-multi-page-menu-renderer']//yt-formatted-string[@id='label' and text()='Polski']
2026-02-26 18:43:32.842 [TestNG-test-Yt Master Tests-2] INFO  [verifyingGlobalFilterLandingPage] Clicking settings ellipses button...
2026-02-26 18:43:32.842 [TestNG-test-Yt Master Tests-2] INFO  [verifyingGlobalFilterLandingPage] [verifyingGlobalFilterLandingPage] Trying to find element: By.xpath: //ytd-topbar-menu-button-renderer[@class='style-scope ytd-masthead style-default']
2026-02-26 18:43:33.681 [TestNG-test-Yt Master Tests-2] INFO  [verifyingGlobalFilterLandingPage] [verifyingGlobalFilterLandingPage] Element found and ready (attempt 1): By.xpath: //ytd-topbar-menu-button-renderer[@class='style-scope ytd-masthead style-default']
2026-02-26 18:43:33.873 [TestNG-test-Yt Master Tests-2] INFO  [verifyingGlobalFilterLandingPage] [verifyingGlobalFilterLandingPage] Waiting until element is visible in viewport
2026-02-26 18:43:34.175 [TestNG-test-Yt Master Tests-2] INFO  [verifyingGlobalFilterLandingPage] [verifyingGlobalFilterLandingPage] Capturing screenshot: Filter Applied is Polski__2026-02-26_184334.jpg
2026-02-26 18:43:34.471 [TestNG-test-Yt Master Tests-2] INFO  [verifyingGlobalFilterLandingPage] [verifyingGlobalFilterLandingPage] Screenshot saved at: test-output/screenshots/Run_2026-02-26_18-32-27/verifyingGlobalFilterLandingPage/Filter Applied is Polski__2026-02-26_184334.jpg
2026-02-26 18:43:34.471 [TestNG-test-Yt Master Tests-2] INFO  [verifyingGlobalFilterLandingPage] Clicking settings ellipses button...
2026-02-26 18:43:34.471 [TestNG-test-Yt Master Tests-2] INFO  [verifyingGlobalFilterLandingPage] [verifyingGlobalFilterLandingPage] Trying to find element: By.xpath: //ytd-topbar-menu-button-renderer[@class='style-scope ytd-masthead style-default']
2026-02-26 18:43:34.536 [TestNG-test-Yt Master Tests-2] INFO  [verifyingGlobalFilterLandingPage] [verifyingGlobalFilterLandingPage] Element found and ready (attempt 1): By.xpath: //ytd-topbar-menu-button-renderer[@class='style-scope ytd-masthead style-default']
2026-02-26 18:43:34.604 [TestNG-test-Yt Master Tests-2] INFO  [verifyingGlobalFilterLandingPage] Clicking on global filter button in landing page..
2026-02-26 18:43:34.604 [TestNG-test-Yt Master Tests-2] INFO  [verifyingGlobalFilterLandingPage] [verifyingGlobalFilterLandingPage] Trying to click element: By.xpath: //div[@id='filter-button']
2026-02-26 18:43:34.850 [TestNG-test-Yt Master Tests-2] INFO  [verifyingGlobalFilterLandingPage] [verifyingGlobalFilterLandingPage] Clicked successfully (attempt 1): By.xpath: //div[@id='filter-button']
2026-02-26 18:43:34.850 [TestNG-test-Yt Master Tests-2] INFO  [verifyingGlobalFilterLandingPage] [verifyingGlobalFilterLandingPage] Waiting until element is visible in viewport
2026-02-26 18:43:34.889 [TestNG-test-Yt Master Tests-2] INFO  [verifyingGlobalFilterLandingPage] [verifyingGlobalFilterLandingPage] Capturing screenshot: Filter Applied is Polski__2026-02-26_184334.jpg
2026-02-26 18:43:35.112 [TestNG-test-Yt Master Tests-2] INFO  [verifyingGlobalFilterLandingPage] [verifyingGlobalFilterLandingPage] Screenshot saved at: test-output/screenshots/Run_2026-02-26_18-32-27/verifyingGlobalFilterLandingPage/Filter Applied is Polski__2026-02-26_184334.jpg
2026-02-26 18:43:35.112 [TestNG-test-Yt Master Tests-2] INFO  [verifyingGlobalFilterLandingPage] Fetching the data from the global filter in landing page
2026-02-26 18:43:35.112 [TestNG-test-Yt Master Tests-2] INFO  [verifyingGlobalFilterLandingPage] [verifyingGlobalFilterLandingPage] Trying to find element: By.xpath: //ytd-search-filter-options-dialog-renderer[@class='style-scope ytd-popup-container']
2026-02-26 18:43:35.225 [TestNG-test-Yt Master Tests-2] INFO  [verifyingGlobalFilterLandingPage] [verifyingGlobalFilterLandingPage] Element found and ready (attempt 1): By.xpath: //ytd-search-filter-options-dialog-renderer[@class='style-scope ytd-popup-container']
2026-02-26 18:43:35.273 [TestNG-test-Yt Master Tests-2] INFO  [verifyingGlobalFilterLandingPage] Closing the global filter pop-up in landing page..
2026-02-26 18:43:35.273 [TestNG-test-Yt Master Tests-2] INFO  [verifyingGlobalFilterLandingPage] [verifyingGlobalFilterLandingPage] Trying to find element: By.xpath: //yt-icon[@icon='close']
2026-02-26 18:43:35.343 [TestNG-test-Yt Master Tests-2] INFO  [verifyingGlobalFilterLandingPage] [verifyingGlobalFilterLandingPage] Element found and ready (attempt 1): By.xpath: //yt-icon[@icon='close']
2026-02-26 18:43:35.420 [TestNG-test-Yt Master Tests-2] INFO  [verifyingGlobalFilterLandingPage] Clicking settings ellipses button...
2026-02-26 18:43:35.420 [TestNG-test-Yt Master Tests-2] INFO  [verifyingGlobalFilterLandingPage] [verifyingGlobalFilterLandingPage] Trying to find element: By.xpath: //ytd-topbar-menu-button-renderer[@class='style-scope ytd-masthead style-default']
2026-02-26 18:43:35.523 [TestNG-test-Yt Master Tests-2] INFO  [verifyingGlobalFilterLandingPage] [verifyingGlobalFilterLandingPage] Element found and ready (attempt 1): By.xpath: //ytd-topbar-menu-button-renderer[@class='style-scope ytd-masthead style-default']
2026-02-26 18:43:35.629 [TestNG-test-Yt Master Tests-2] INFO  [verifyingGlobalFilterLandingPage] Clicking language dropdown...
2026-02-26 18:43:35.629 [TestNG-test-Yt Master Tests-2] INFO  [verifyingGlobalFilterLandingPage] [verifyingGlobalFilterLandingPage] Trying to find element: By.xpath: (//div[@id='content-icon'])[2]
2026-02-26 18:43:36.332 [TestNG-test-Yt Master Tests-2] INFO  [verifyingGlobalFilterLandingPage] [verifyingGlobalFilterLandingPage] Element found and ready (attempt 1): By.xpath: (//div[@id='content-icon'])[2]
2026-02-26 18:43:36.810 [TestNG-test-Yt Master Tests-2] INFO  [verifyingGlobalFilterLandingPage] [verifyingGlobalFilterLandingPage] Trying to find element: By.xpath: //yt-multi-page-menu-section-renderer[@class='style-scope ytd-multi-page-menu-renderer']//yt-formatted-string[@id='label' and text()='Português']
2026-02-26 18:43:36.965 [TestNG-test-Yt Master Tests-2] INFO  [verifyingGlobalFilterLandingPage] [verifyingGlobalFilterLandingPage] Element found and ready (attempt 1): By.xpath: //yt-multi-page-menu-section-renderer[@class='style-scope ytd-multi-page-menu-renderer']//yt-formatted-string[@id='label' and text()='Português']
2026-02-26 18:43:36.965 [TestNG-test-Yt Master Tests-2] INFO  [verifyingGlobalFilterLandingPage] Looking for language element with name: Português
2026-02-26 18:43:36.965 [TestNG-test-Yt Master Tests-2] INFO  [verifyingGlobalFilterLandingPage] [verifyingGlobalFilterLandingPage] Within smoothScrollToElement method
2026-02-26 18:43:36.965 [TestNG-test-Yt Master Tests-2] INFO  [verifyingGlobalFilterLandingPage] SafeActions initialized with driver ChromeDriver: chrome on windows (937905abe1e91b515f960d9fa6849c47)
2026-02-26 18:43:36.965 [TestNG-test-Yt Master Tests-2] INFO  [verifyingGlobalFilterLandingPage] [verifyingGlobalFilterLandingPage] Trying to find element: By.xpath: //yt-multi-page-menu-section-renderer[@class='style-scope ytd-multi-page-menu-renderer']//yt-formatted-string[@id='label' and text()='Português']
2026-02-26 18:43:37.041 [TestNG-test-Yt Master Tests-2] INFO  [verifyingGlobalFilterLandingPage] [verifyingGlobalFilterLandingPage] Element found and ready (attempt 1): By.xpath: //yt-multi-page-menu-section-renderer[@class='style-scope ytd-multi-page-menu-renderer']//yt-formatted-string[@id='label' and text()='Português']
2026-02-26 18:43:37.080 [TestNG-test-Yt Master Tests-2] INFO  [verifyingGlobalFilterLandingPage] [verifyingGlobalFilterLandingPage] Successfully scrolled to element: By.xpath: //yt-multi-page-menu-section-renderer[@class='style-scope ytd-multi-page-menu-renderer']//yt-formatted-string[@id='label' and text()='Português']
2026-02-26 18:43:37.081 [TestNG-test-Yt Master Tests-2] INFO  [verifyingGlobalFilterLandingPage] Looking for language element with name: Português
2026-02-26 18:43:37.081 [TestNG-test-Yt Master Tests-2] INFO  [verifyingGlobalFilterLandingPage] [verifyingGlobalFilterLandingPage] Trying to find element: By.xpath: //yt-multi-page-menu-section-renderer[@class='style-scope ytd-multi-page-menu-renderer']//yt-formatted-string[@id='label' and text()='Português']
2026-02-26 18:43:37.202 [TestNG-test-Yt Master Tests-2] INFO  [verifyingGlobalFilterLandingPage] [verifyingGlobalFilterLandingPage] Element found and ready (attempt 1): By.xpath: //yt-multi-page-menu-section-renderer[@class='style-scope ytd-multi-page-menu-renderer']//yt-formatted-string[@id='label' and text()='Português']
2026-02-26 18:43:40.903 [TestNG-test-Yt Master Tests-2] INFO  [verifyingGlobalFilterLandingPage] Clicking settings ellipses button...
2026-02-26 18:43:40.903 [TestNG-test-Yt Master Tests-2] INFO  [verifyingGlobalFilterLandingPage] [verifyingGlobalFilterLandingPage] Trying to find element: By.xpath: //ytd-topbar-menu-button-renderer[@class='style-scope ytd-masthead style-default']
2026-02-26 18:43:42.682 [TestNG-test-Yt Master Tests-2] INFO  [verifyingGlobalFilterLandingPage] [verifyingGlobalFilterLandingPage] Element found and ready (attempt 1): By.xpath: //ytd-topbar-menu-button-renderer[@class='style-scope ytd-masthead style-default']
2026-02-26 18:43:42.791 [TestNG-test-Yt Master Tests-2] INFO  [verifyingGlobalFilterLandingPage] [verifyingGlobalFilterLandingPage] Waiting until element is visible in viewport
2026-02-26 18:43:43.386 [TestNG-test-Yt Master Tests-2] INFO  [verifyingGlobalFilterLandingPage] [verifyingGlobalFilterLandingPage] Capturing screenshot: Filter Applied is Português__2026-02-26_184343.jpg
2026-02-26 18:43:43.660 [TestNG-test-Yt Master Tests-2] INFO  [verifyingGlobalFilterLandingPage] [verifyingGlobalFilterLandingPage] Screenshot saved at: test-output/screenshots/Run_2026-02-26_18-32-27/verifyingGlobalFilterLandingPage/Filter Applied is Português__2026-02-26_184343.jpg
2026-02-26 18:43:43.661 [TestNG-test-Yt Master Tests-2] INFO  [verifyingGlobalFilterLandingPage] Clicking settings ellipses button...
2026-02-26 18:43:43.661 [TestNG-test-Yt Master Tests-2] INFO  [verifyingGlobalFilterLandingPage] [verifyingGlobalFilterLandingPage] Trying to find element: By.xpath: //ytd-topbar-menu-button-renderer[@class='style-scope ytd-masthead style-default']
2026-02-26 18:43:43.729 [TestNG-test-Yt Master Tests-2] INFO  [verifyingGlobalFilterLandingPage] [verifyingGlobalFilterLandingPage] Element found and ready (attempt 1): By.xpath: //ytd-topbar-menu-button-renderer[@class='style-scope ytd-masthead style-default']
2026-02-26 18:43:43.802 [TestNG-test-Yt Master Tests-2] INFO  [verifyingGlobalFilterLandingPage] Clicking on global filter button in landing page..
2026-02-26 18:43:43.802 [TestNG-test-Yt Master Tests-2] INFO  [verifyingGlobalFilterLandingPage] [verifyingGlobalFilterLandingPage] Trying to click element: By.xpath: //div[@id='filter-button']
2026-02-26 18:43:44.051 [TestNG-test-Yt Master Tests-2] INFO  [verifyingGlobalFilterLandingPage] [verifyingGlobalFilterLandingPage] Clicked successfully (attempt 1): By.xpath: //div[@id='filter-button']
2026-02-26 18:43:44.051 [TestNG-test-Yt Master Tests-2] INFO  [verifyingGlobalFilterLandingPage] [verifyingGlobalFilterLandingPage] Waiting until element is visible in viewport
2026-02-26 18:43:44.094 [TestNG-test-Yt Master Tests-2] INFO  [verifyingGlobalFilterLandingPage] [verifyingGlobalFilterLandingPage] Capturing screenshot: Filter Applied is Português__2026-02-26_184344.jpg
2026-02-26 18:43:44.335 [TestNG-test-Yt Master Tests-2] INFO  [verifyingGlobalFilterLandingPage] [verifyingGlobalFilterLandingPage] Screenshot saved at: test-output/screenshots/Run_2026-02-26_18-32-27/verifyingGlobalFilterLandingPage/Filter Applied is Português__2026-02-26_184344.jpg
2026-02-26 18:43:44.335 [TestNG-test-Yt Master Tests-2] INFO  [verifyingGlobalFilterLandingPage] Fetching the data from the global filter in landing page
2026-02-26 18:43:44.335 [TestNG-test-Yt Master Tests-2] INFO  [verifyingGlobalFilterLandingPage] [verifyingGlobalFilterLandingPage] Trying to find element: By.xpath: //ytd-search-filter-options-dialog-renderer[@class='style-scope ytd-popup-container']
2026-02-26 18:43:44.432 [TestNG-test-Yt Master Tests-2] INFO  [verifyingGlobalFilterLandingPage] [verifyingGlobalFilterLandingPage] Element found and ready (attempt 1): By.xpath: //ytd-search-filter-options-dialog-renderer[@class='style-scope ytd-popup-container']
2026-02-26 18:43:44.479 [TestNG-test-Yt Master Tests-2] INFO  [verifyingGlobalFilterLandingPage] Closing the global filter pop-up in landing page..
2026-02-26 18:43:44.479 [TestNG-test-Yt Master Tests-2] INFO  [verifyingGlobalFilterLandingPage] [verifyingGlobalFilterLandingPage] Trying to find element: By.xpath: //yt-icon[@icon='close']
2026-02-26 18:43:44.562 [TestNG-test-Yt Master Tests-2] INFO  [verifyingGlobalFilterLandingPage] [verifyingGlobalFilterLandingPage] Element found and ready (attempt 1): By.xpath: //yt-icon[@icon='close']
2026-02-26 18:43:44.655 [TestNG-test-Yt Master Tests-2] INFO  [verifyingGlobalFilterLandingPage] Clicking settings ellipses button...
2026-02-26 18:43:44.655 [TestNG-test-Yt Master Tests-2] INFO  [verifyingGlobalFilterLandingPage] [verifyingGlobalFilterLandingPage] Trying to find element: By.xpath: //ytd-topbar-menu-button-renderer[@class='style-scope ytd-masthead style-default']
2026-02-26 18:43:44.768 [TestNG-test-Yt Master Tests-2] INFO  [verifyingGlobalFilterLandingPage] [verifyingGlobalFilterLandingPage] Element found and ready (attempt 1): By.xpath: //ytd-topbar-menu-button-renderer[@class='style-scope ytd-masthead style-default']
2026-02-26 18:43:44.896 [TestNG-test-Yt Master Tests-2] INFO  [verifyingGlobalFilterLandingPage] Clicking language dropdown...
2026-02-26 18:43:44.896 [TestNG-test-Yt Master Tests-2] INFO  [verifyingGlobalFilterLandingPage] [verifyingGlobalFilterLandingPage] Trying to find element: By.xpath: (//div[@id='content-icon'])[2]
2026-02-26 18:43:45.159 [TestNG-test-Yt Master Tests-2] INFO  [verifyingGlobalFilterLandingPage] [verifyingGlobalFilterLandingPage] Element found and ready (attempt 1): By.xpath: (//div[@id='content-icon'])[2]
2026-02-26 18:43:45.675 [TestNG-test-Yt Master Tests-2] INFO  [verifyingGlobalFilterLandingPage] [verifyingGlobalFilterLandingPage] Trying to find element: By.xpath: //yt-multi-page-menu-section-renderer[@class='style-scope ytd-multi-page-menu-renderer']//yt-formatted-string[@id='label' and text()='Português (Brasil)']
2026-02-26 18:43:45.812 [TestNG-test-Yt Master Tests-2] INFO  [verifyingGlobalFilterLandingPage] [verifyingGlobalFilterLandingPage] Element found and ready (attempt 1): By.xpath: //yt-multi-page-menu-section-renderer[@class='style-scope ytd-multi-page-menu-renderer']//yt-formatted-string[@id='label' and text()='Português (Brasil)']
2026-02-26 18:43:45.812 [TestNG-test-Yt Master Tests-2] INFO  [verifyingGlobalFilterLandingPage] Looking for language element with name: Português (Brasil)
2026-02-26 18:43:45.812 [TestNG-test-Yt Master Tests-2] INFO  [verifyingGlobalFilterLandingPage] [verifyingGlobalFilterLandingPage] Within smoothScrollToElement method
2026-02-26 18:43:45.812 [TestNG-test-Yt Master Tests-2] INFO  [verifyingGlobalFilterLandingPage] SafeActions initialized with driver ChromeDriver: chrome on windows (937905abe1e91b515f960d9fa6849c47)
2026-02-26 18:43:45.812 [TestNG-test-Yt Master Tests-2] INFO  [verifyingGlobalFilterLandingPage] [verifyingGlobalFilterLandingPage] Trying to find element: By.xpath: //yt-multi-page-menu-section-renderer[@class='style-scope ytd-multi-page-menu-renderer']//yt-formatted-string[@id='label' and text()='Português (Brasil)']
2026-02-26 18:43:45.886 [TestNG-test-Yt Master Tests-2] INFO  [verifyingGlobalFilterLandingPage] [verifyingGlobalFilterLandingPage] Element found and ready (attempt 1): By.xpath: //yt-multi-page-menu-section-renderer[@class='style-scope ytd-multi-page-menu-renderer']//yt-formatted-string[@id='label' and text()='Português (Brasil)']
2026-02-26 18:43:45.925 [TestNG-test-Yt Master Tests-2] INFO  [verifyingGlobalFilterLandingPage] [verifyingGlobalFilterLandingPage] Successfully scrolled to element: By.xpath: //yt-multi-page-menu-section-renderer[@class='style-scope ytd-multi-page-menu-renderer']//yt-formatted-string[@id='label' and text()='Português (Brasil)']
2026-02-26 18:43:45.925 [TestNG-test-Yt Master Tests-2] INFO  [verifyingGlobalFilterLandingPage] Looking for language element with name: Português (Brasil)
2026-02-26 18:43:45.925 [TestNG-test-Yt Master Tests-2] INFO  [verifyingGlobalFilterLandingPage] [verifyingGlobalFilterLandingPage] Trying to find element: By.xpath: //yt-multi-page-menu-section-renderer[@class='style-scope ytd-multi-page-menu-renderer']//yt-formatted-string[@id='label' and text()='Português (Brasil)']
2026-02-26 18:43:46.057 [TestNG-test-Yt Master Tests-2] INFO  [verifyingGlobalFilterLandingPage] [verifyingGlobalFilterLandingPage] Element found and ready (attempt 1): By.xpath: //yt-multi-page-menu-section-renderer[@class='style-scope ytd-multi-page-menu-renderer']//yt-formatted-string[@id='label' and text()='Português (Brasil)']
2026-02-26 18:43:50.187 [TestNG-test-Yt Master Tests-2] INFO  [verifyingGlobalFilterLandingPage] Clicking settings ellipses button...
2026-02-26 18:43:50.187 [TestNG-test-Yt Master Tests-2] INFO  [verifyingGlobalFilterLandingPage] [verifyingGlobalFilterLandingPage] Trying to find element: By.xpath: //ytd-topbar-menu-button-renderer[@class='style-scope ytd-masthead style-default']
2026-02-26 18:43:50.641 [TestNG-test-Yt Master Tests-2] INFO  [verifyingGlobalFilterLandingPage] [verifyingGlobalFilterLandingPage] Element found and ready (attempt 1): By.xpath: //ytd-topbar-menu-button-renderer[@class='style-scope ytd-masthead style-default']
2026-02-26 18:43:50.789 [TestNG-test-Yt Master Tests-2] INFO  [verifyingGlobalFilterLandingPage] [verifyingGlobalFilterLandingPage] Waiting until element is visible in viewport
2026-02-26 18:43:51.336 [TestNG-test-Yt Master Tests-2] INFO  [verifyingGlobalFilterLandingPage] [verifyingGlobalFilterLandingPage] Capturing screenshot: Filter Applied is Português (Brasil)__2026-02-26_184351.jpg
2026-02-26 18:43:51.578 [TestNG-test-Yt Master Tests-2] INFO  [verifyingGlobalFilterLandingPage] [verifyingGlobalFilterLandingPage] Screenshot saved at: test-output/screenshots/Run_2026-02-26_18-32-27/verifyingGlobalFilterLandingPage/Filter Applied is Português (Brasil)__2026-02-26_184351.jpg
2026-02-26 18:43:51.579 [TestNG-test-Yt Master Tests-2] INFO  [verifyingGlobalFilterLandingPage] Clicking settings ellipses button...
2026-02-26 18:43:51.579 [TestNG-test-Yt Master Tests-2] INFO  [verifyingGlobalFilterLandingPage] [verifyingGlobalFilterLandingPage] Trying to find element: By.xpath: //ytd-topbar-menu-button-renderer[@class='style-scope ytd-masthead style-default']
2026-02-26 18:43:51.645 [TestNG-test-Yt Master Tests-2] INFO  [verifyingGlobalFilterLandingPage] [verifyingGlobalFilterLandingPage] Element found and ready (attempt 1): By.xpath: //ytd-topbar-menu-button-renderer[@class='style-scope ytd-masthead style-default']
2026-02-26 18:43:51.714 [TestNG-test-Yt Master Tests-2] INFO  [verifyingGlobalFilterLandingPage] Clicking on global filter button in landing page..
2026-02-26 18:43:51.714 [TestNG-test-Yt Master Tests-2] INFO  [verifyingGlobalFilterLandingPage] [verifyingGlobalFilterLandingPage] Trying to click element: By.xpath: //div[@id='filter-button']
2026-02-26 18:43:51.945 [TestNG-test-Yt Master Tests-2] INFO  [verifyingGlobalFilterLandingPage] [verifyingGlobalFilterLandingPage] Clicked successfully (attempt 1): By.xpath: //div[@id='filter-button']
2026-02-26 18:43:51.945 [TestNG-test-Yt Master Tests-2] INFO  [verifyingGlobalFilterLandingPage] [verifyingGlobalFilterLandingPage] Waiting until element is visible in viewport
2026-02-26 18:43:51.983 [TestNG-test-Yt Master Tests-2] INFO  [verifyingGlobalFilterLandingPage] [verifyingGlobalFilterLandingPage] Capturing screenshot: Filter Applied is Português (Brasil)__2026-02-26_184351.jpg
2026-02-26 18:43:52.302 [TestNG-test-Yt Master Tests-2] INFO  [verifyingGlobalFilterLandingPage] [verifyingGlobalFilterLandingPage] Screenshot saved at: test-output/screenshots/Run_2026-02-26_18-32-27/verifyingGlobalFilterLandingPage/Filter Applied is Português (Brasil)__2026-02-26_184351.jpg
2026-02-26 18:43:52.302 [TestNG-test-Yt Master Tests-2] INFO  [verifyingGlobalFilterLandingPage] Fetching the data from the global filter in landing page
2026-02-26 18:43:52.303 [TestNG-test-Yt Master Tests-2] INFO  [verifyingGlobalFilterLandingPage] [verifyingGlobalFilterLandingPage] Trying to find element: By.xpath: //ytd-search-filter-options-dialog-renderer[@class='style-scope ytd-popup-container']
2026-02-26 18:43:52.450 [TestNG-test-Yt Master Tests-2] INFO  [verifyingGlobalFilterLandingPage] [verifyingGlobalFilterLandingPage] Element found and ready (attempt 1): By.xpath: //ytd-search-filter-options-dialog-renderer[@class='style-scope ytd-popup-container']
2026-02-26 18:43:52.509 [TestNG-test-Yt Master Tests-2] INFO  [verifyingGlobalFilterLandingPage] Closing the global filter pop-up in landing page..
2026-02-26 18:43:52.510 [TestNG-test-Yt Master Tests-2] INFO  [verifyingGlobalFilterLandingPage] [verifyingGlobalFilterLandingPage] Trying to find element: By.xpath: //yt-icon[@icon='close']
2026-02-26 18:43:52.648 [TestNG-test-Yt Master Tests-2] INFO  [verifyingGlobalFilterLandingPage] [verifyingGlobalFilterLandingPage] Element found and ready (attempt 1): By.xpath: //yt-icon[@icon='close']
2026-02-26 18:43:52.759 [TestNG-test-Yt Master Tests-2] INFO  [verifyingGlobalFilterLandingPage] Clicking settings ellipses button...
2026-02-26 18:43:52.759 [TestNG-test-Yt Master Tests-2] INFO  [verifyingGlobalFilterLandingPage] [verifyingGlobalFilterLandingPage] Trying to find element: By.xpath: //ytd-topbar-menu-button-renderer[@class='style-scope ytd-masthead style-default']
2026-02-26 18:43:52.968 [TestNG-test-Yt Master Tests-2] INFO  [verifyingGlobalFilterLandingPage] [verifyingGlobalFilterLandingPage] Element found and ready (attempt 1): By.xpath: //ytd-topbar-menu-button-renderer[@class='style-scope ytd-masthead style-default']
2026-02-26 18:43:53.089 [TestNG-test-Yt Master Tests-2] INFO  [verifyingGlobalFilterLandingPage] Clicking language dropdown...
2026-02-26 18:43:53.089 [TestNG-test-Yt Master Tests-2] INFO  [verifyingGlobalFilterLandingPage] [verifyingGlobalFilterLandingPage] Trying to find element: By.xpath: (//div[@id='content-icon'])[2]
2026-02-26 18:43:53.680 [TestNG-test-Yt Master Tests-2] INFO  [verifyingGlobalFilterLandingPage] [verifyingGlobalFilterLandingPage] Element found and ready (attempt 1): By.xpath: (//div[@id='content-icon'])[2]
2026-02-26 18:43:54.186 [TestNG-test-Yt Master Tests-2] INFO  [verifyingGlobalFilterLandingPage] [verifyingGlobalFilterLandingPage] Trying to find element: By.xpath: //yt-multi-page-menu-section-renderer[@class='style-scope ytd-multi-page-menu-renderer']//yt-formatted-string[@id='label' and text()='Shqip']
2026-02-26 18:43:54.328 [TestNG-test-Yt Master Tests-2] INFO  [verifyingGlobalFilterLandingPage] [verifyingGlobalFilterLandingPage] Element found and ready (attempt 1): By.xpath: //yt-multi-page-menu-section-renderer[@class='style-scope ytd-multi-page-menu-renderer']//yt-formatted-string[@id='label' and text()='Shqip']
2026-02-26 18:43:54.328 [TestNG-test-Yt Master Tests-2] INFO  [verifyingGlobalFilterLandingPage] Looking for language element with name: Shqip
2026-02-26 18:43:54.328 [TestNG-test-Yt Master Tests-2] INFO  [verifyingGlobalFilterLandingPage] [verifyingGlobalFilterLandingPage] Within smoothScrollToElement method
2026-02-26 18:43:54.328 [TestNG-test-Yt Master Tests-2] INFO  [verifyingGlobalFilterLandingPage] SafeActions initialized with driver ChromeDriver: chrome on windows (937905abe1e91b515f960d9fa6849c47)
2026-02-26 18:43:54.328 [TestNG-test-Yt Master Tests-2] INFO  [verifyingGlobalFilterLandingPage] [verifyingGlobalFilterLandingPage] Trying to find element: By.xpath: //yt-multi-page-menu-section-renderer[@class='style-scope ytd-multi-page-menu-renderer']//yt-formatted-string[@id='label' and text()='Shqip']
2026-02-26 18:43:54.399 [TestNG-test-Yt Master Tests-2] INFO  [verifyingGlobalFilterLandingPage] [verifyingGlobalFilterLandingPage] Element found and ready (attempt 1): By.xpath: //yt-multi-page-menu-section-renderer[@class='style-scope ytd-multi-page-menu-renderer']//yt-formatted-string[@id='label' and text()='Shqip']
2026-02-26 18:43:54.436 [TestNG-test-Yt Master Tests-2] INFO  [verifyingGlobalFilterLandingPage] [verifyingGlobalFilterLandingPage] Successfully scrolled to element: By.xpath: //yt-multi-page-menu-section-renderer[@class='style-scope ytd-multi-page-menu-renderer']//yt-formatted-string[@id='label' and text()='Shqip']
2026-02-26 18:43:54.436 [TestNG-test-Yt Master Tests-2] INFO  [verifyingGlobalFilterLandingPage] Looking for language element with name: Shqip
2026-02-26 18:43:54.436 [TestNG-test-Yt Master Tests-2] INFO  [verifyingGlobalFilterLandingPage] [verifyingGlobalFilterLandingPage] Trying to find element: By.xpath: //yt-multi-page-menu-section-renderer[@class='style-scope ytd-multi-page-menu-renderer']//yt-formatted-string[@id='label' and text()='Shqip']
2026-02-26 18:43:54.534 [TestNG-test-Yt Master Tests-2] INFO  [verifyingGlobalFilterLandingPage] [verifyingGlobalFilterLandingPage] Element found and ready (attempt 1): By.xpath: //yt-multi-page-menu-section-renderer[@class='style-scope ytd-multi-page-menu-renderer']//yt-formatted-string[@id='label' and text()='Shqip']
2026-02-26 18:43:58.689 [TestNG-test-Yt Master Tests-2] INFO  [verifyingGlobalFilterLandingPage] Clicking settings ellipses button...
2026-02-26 18:43:58.689 [TestNG-test-Yt Master Tests-2] INFO  [verifyingGlobalFilterLandingPage] [verifyingGlobalFilterLandingPage] Trying to find element: By.xpath: //ytd-topbar-menu-button-renderer[@class='style-scope ytd-masthead style-default']
2026-02-26 18:43:59.101 [TestNG-test-Yt Master Tests-2] INFO  [verifyingGlobalFilterLandingPage] [verifyingGlobalFilterLandingPage] Element found and ready (attempt 1): By.xpath: //ytd-topbar-menu-button-renderer[@class='style-scope ytd-masthead style-default']
2026-02-26 18:43:59.994 [TestNG-test-Yt Master Tests-2] INFO  [verifyingGlobalFilterLandingPage] [verifyingGlobalFilterLandingPage] Waiting until element is visible in viewport
2026-02-26 18:44:00.081 [TestNG-test-Yt Master Tests-2] INFO  [verifyingGlobalFilterLandingPage] [verifyingGlobalFilterLandingPage] Capturing screenshot: Filter Applied is Shqip__2026-02-26_184400.jpg
2026-02-26 18:44:00.449 [TestNG-test-Yt Master Tests-2] INFO  [verifyingGlobalFilterLandingPage] [verifyingGlobalFilterLandingPage] Screenshot saved at: test-output/screenshots/Run_2026-02-26_18-32-27/verifyingGlobalFilterLandingPage/Filter Applied is Shqip__2026-02-26_184400.jpg
2026-02-26 18:44:00.449 [TestNG-test-Yt Master Tests-2] INFO  [verifyingGlobalFilterLandingPage] Clicking settings ellipses button...
2026-02-26 18:44:00.449 [TestNG-test-Yt Master Tests-2] INFO  [verifyingGlobalFilterLandingPage] [verifyingGlobalFilterLandingPage] Trying to find element: By.xpath: //ytd-topbar-menu-button-renderer[@class='style-scope ytd-masthead style-default']
2026-02-26 18:44:00.532 [TestNG-test-Yt Master Tests-2] INFO  [verifyingGlobalFilterLandingPage] [verifyingGlobalFilterLandingPage] Element found and ready (attempt 1): By.xpath: //ytd-topbar-menu-button-renderer[@class='style-scope ytd-masthead style-default']
2026-02-26 18:44:00.625 [TestNG-test-Yt Master Tests-2] INFO  [verifyingGlobalFilterLandingPage] Clicking on global filter button in landing page..
2026-02-26 18:44:00.625 [TestNG-test-Yt Master Tests-2] INFO  [verifyingGlobalFilterLandingPage] [verifyingGlobalFilterLandingPage] Trying to click element: By.xpath: //div[@id='filter-button']
2026-02-26 18:44:00.960 [TestNG-test-Yt Master Tests-2] INFO  [verifyingGlobalFilterLandingPage] [verifyingGlobalFilterLandingPage] Clicked successfully (attempt 1): By.xpath: //div[@id='filter-button']
2026-02-26 18:44:00.960 [TestNG-test-Yt Master Tests-2] INFO  [verifyingGlobalFilterLandingPage] [verifyingGlobalFilterLandingPage] Waiting until element is visible in viewport
2026-02-26 18:44:00.985 [TestNG-test-Yt Master Tests-2] INFO  [verifyingGlobalFilterLandingPage] [verifyingGlobalFilterLandingPage] Capturing screenshot: Filter Applied is Shqip__2026-02-26_184400.jpg
2026-02-26 18:44:01.246 [TestNG-test-Yt Master Tests-2] INFO  [verifyingGlobalFilterLandingPage] [verifyingGlobalFilterLandingPage] Screenshot saved at: test-output/screenshots/Run_2026-02-26_18-32-27/verifyingGlobalFilterLandingPage/Filter Applied is Shqip__2026-02-26_184400.jpg
2026-02-26 18:44:01.246 [TestNG-test-Yt Master Tests-2] INFO  [verifyingGlobalFilterLandingPage] Fetching the data from the global filter in landing page
2026-02-26 18:44:01.246 [TestNG-test-Yt Master Tests-2] INFO  [verifyingGlobalFilterLandingPage] [verifyingGlobalFilterLandingPage] Trying to find element: By.xpath: //ytd-search-filter-options-dialog-renderer[@class='style-scope ytd-popup-container']
2026-02-26 18:44:01.365 [TestNG-test-Yt Master Tests-2] INFO  [verifyingGlobalFilterLandingPage] [verifyingGlobalFilterLandingPage] Element found and ready (attempt 1): By.xpath: //ytd-search-filter-options-dialog-renderer[@class='style-scope ytd-popup-container']
2026-02-26 18:44:01.408 [TestNG-test-Yt Master Tests-2] INFO  [verifyingGlobalFilterLandingPage] Closing the global filter pop-up in landing page..
2026-02-26 18:44:01.409 [TestNG-test-Yt Master Tests-2] INFO  [verifyingGlobalFilterLandingPage] [verifyingGlobalFilterLandingPage] Trying to find element: By.xpath: //yt-icon[@icon='close']
2026-02-26 18:44:01.502 [TestNG-test-Yt Master Tests-2] INFO  [verifyingGlobalFilterLandingPage] [verifyingGlobalFilterLandingPage] Element found and ready (attempt 1): By.xpath: //yt-icon[@icon='close']
2026-02-26 18:44:01.787 [TestNG-test-Yt Master Tests-2] INFO  [verifyingGlobalFilterLandingPage] Clicking settings ellipses button...
2026-02-26 18:44:01.787 [TestNG-test-Yt Master Tests-2] INFO  [verifyingGlobalFilterLandingPage] [verifyingGlobalFilterLandingPage] Trying to find element: By.xpath: //ytd-topbar-menu-button-renderer[@class='style-scope ytd-masthead style-default']
2026-02-26 18:44:01.921 [TestNG-test-Yt Master Tests-2] INFO  [verifyingGlobalFilterLandingPage] [verifyingGlobalFilterLandingPage] Element found and ready (attempt 1): By.xpath: //ytd-topbar-menu-button-renderer[@class='style-scope ytd-masthead style-default']
2026-02-26 18:44:02.033 [TestNG-test-Yt Master Tests-2] INFO  [verifyingGlobalFilterLandingPage] Clicking language dropdown...
2026-02-26 18:44:02.035 [TestNG-test-Yt Master Tests-2] INFO  [verifyingGlobalFilterLandingPage] [verifyingGlobalFilterLandingPage] Trying to find element: By.xpath: (//div[@id='content-icon'])[2]
2026-02-26 18:44:02.819 [TestNG-test-Yt Master Tests-2] INFO  [verifyingGlobalFilterLandingPage] [verifyingGlobalFilterLandingPage] Element found and ready (attempt 1): By.xpath: (//div[@id='content-icon'])[2]
2026-02-26 18:44:03.402 [TestNG-test-Yt Master Tests-2] INFO  [verifyingGlobalFilterLandingPage] [verifyingGlobalFilterLandingPage] Trying to find element: By.xpath: //yt-multi-page-menu-section-renderer[@class='style-scope ytd-multi-page-menu-renderer']//yt-formatted-string[@id='label' and text()='Slovenščina']
2026-02-26 18:44:03.629 [TestNG-test-Yt Master Tests-2] INFO  [verifyingGlobalFilterLandingPage] [verifyingGlobalFilterLandingPage] Element found and ready (attempt 1): By.xpath: //yt-multi-page-menu-section-renderer[@class='style-scope ytd-multi-page-menu-renderer']//yt-formatted-string[@id='label' and text()='Slovenščina']
2026-02-26 18:44:03.630 [TestNG-test-Yt Master Tests-2] INFO  [verifyingGlobalFilterLandingPage] Looking for language element with name: Slovenščina
2026-02-26 18:44:03.630 [TestNG-test-Yt Master Tests-2] INFO  [verifyingGlobalFilterLandingPage] [verifyingGlobalFilterLandingPage] Within smoothScrollToElement method
2026-02-26 18:44:03.630 [TestNG-test-Yt Master Tests-2] INFO  [verifyingGlobalFilterLandingPage] SafeActions initialized with driver ChromeDriver: chrome on windows (937905abe1e91b515f960d9fa6849c47)
2026-02-26 18:44:03.630 [TestNG-test-Yt Master Tests-2] INFO  [verifyingGlobalFilterLandingPage] [verifyingGlobalFilterLandingPage] Trying to find element: By.xpath: //yt-multi-page-menu-section-renderer[@class='style-scope ytd-multi-page-menu-renderer']//yt-formatted-string[@id='label' and text()='Slovenščina']
2026-02-26 18:44:03.709 [TestNG-test-Yt Master Tests-2] INFO  [verifyingGlobalFilterLandingPage] [verifyingGlobalFilterLandingPage] Element found and ready (attempt 1): By.xpath: //yt-multi-page-menu-section-renderer[@class='style-scope ytd-multi-page-menu-renderer']//yt-formatted-string[@id='label' and text()='Slovenščina']
2026-02-26 18:44:03.783 [TestNG-test-Yt Master Tests-2] INFO  [verifyingGlobalFilterLandingPage] [verifyingGlobalFilterLandingPage] Successfully scrolled to element: By.xpath: //yt-multi-page-menu-section-renderer[@class='style-scope ytd-multi-page-menu-renderer']//yt-formatted-string[@id='label' and text()='Slovenščina']
2026-02-26 18:44:03.783 [TestNG-test-Yt Master Tests-2] INFO  [verifyingGlobalFilterLandingPage] Looking for language element with name: Slovenščina
2026-02-26 18:44:03.783 [TestNG-test-Yt Master Tests-2] INFO  [verifyingGlobalFilterLandingPage] [verifyingGlobalFilterLandingPage] Trying to find element: By.xpath: //yt-multi-page-menu-section-renderer[@class='style-scope ytd-multi-page-menu-renderer']//yt-formatted-string[@id='label' and text()='Slovenščina']
2026-02-26 18:44:03.886 [TestNG-test-Yt Master Tests-2] INFO  [verifyingGlobalFilterLandingPage] [verifyingGlobalFilterLandingPage] Element found and ready (attempt 1): By.xpath: //yt-multi-page-menu-section-renderer[@class='style-scope ytd-multi-page-menu-renderer']//yt-formatted-string[@id='label' and text()='Slovenščina']
2026-02-26 18:44:12.693 [TestNG-test-Yt Master Tests-2] INFO  [verifyingGlobalFilterLandingPage] Clicking settings ellipses button...
2026-02-26 18:44:12.693 [TestNG-test-Yt Master Tests-2] INFO  [verifyingGlobalFilterLandingPage] [verifyingGlobalFilterLandingPage] Trying to find element: By.xpath: //ytd-topbar-menu-button-renderer[@class='style-scope ytd-masthead style-default']
2026-02-26 18:44:12.861 [TestNG-test-Yt Master Tests-2] INFO  [verifyingGlobalFilterLandingPage] [verifyingGlobalFilterLandingPage] Element found and ready (attempt 1): By.xpath: //ytd-topbar-menu-button-renderer[@class='style-scope ytd-masthead style-default']
2026-02-26 18:44:12.994 [TestNG-test-Yt Master Tests-2] INFO  [verifyingGlobalFilterLandingPage] [verifyingGlobalFilterLandingPage] Waiting until element is visible in viewport
2026-02-26 18:44:13.640 [TestNG-test-Yt Master Tests-2] INFO  [verifyingGlobalFilterLandingPage] [verifyingGlobalFilterLandingPage] Capturing screenshot: Filter Applied is Slovenščina__2026-02-26_184413.jpg
2026-02-26 18:44:13.919 [TestNG-test-Yt Master Tests-2] INFO  [verifyingGlobalFilterLandingPage] [verifyingGlobalFilterLandingPage] Screenshot saved at: test-output/screenshots/Run_2026-02-26_18-32-27/verifyingGlobalFilterLandingPage/Filter Applied is Slovenščina__2026-02-26_184413.jpg
2026-02-26 18:44:13.919 [TestNG-test-Yt Master Tests-2] INFO  [verifyingGlobalFilterLandingPage] Clicking settings ellipses button...
2026-02-26 18:44:13.919 [TestNG-test-Yt Master Tests-2] INFO  [verifyingGlobalFilterLandingPage] [verifyingGlobalFilterLandingPage] Trying to find element: By.xpath: //ytd-topbar-menu-button-renderer[@class='style-scope ytd-masthead style-default']
2026-02-26 18:44:13.997 [TestNG-test-Yt Master Tests-2] INFO  [verifyingGlobalFilterLandingPage] [verifyingGlobalFilterLandingPage] Element found and ready (attempt 1): By.xpath: //ytd-topbar-menu-button-renderer[@class='style-scope ytd-masthead style-default']
2026-02-26 18:44:14.062 [TestNG-test-Yt Master Tests-2] INFO  [verifyingGlobalFilterLandingPage] Clicking on global filter button in landing page..
2026-02-26 18:44:14.062 [TestNG-test-Yt Master Tests-2] INFO  [verifyingGlobalFilterLandingPage] [verifyingGlobalFilterLandingPage] Trying to click element: By.xpath: //div[@id='filter-button']
2026-02-26 18:44:14.306 [TestNG-test-Yt Master Tests-2] INFO  [verifyingGlobalFilterLandingPage] [verifyingGlobalFilterLandingPage] Clicked successfully (attempt 1): By.xpath: //div[@id='filter-button']
2026-02-26 18:44:14.306 [TestNG-test-Yt Master Tests-2] INFO  [verifyingGlobalFilterLandingPage] [verifyingGlobalFilterLandingPage] Waiting until element is visible in viewport
2026-02-26 18:44:14.333 [TestNG-test-Yt Master Tests-2] INFO  [verifyingGlobalFilterLandingPage] [verifyingGlobalFilterLandingPage] Capturing screenshot: Filter Applied is Slovenščina__2026-02-26_184414.jpg
2026-02-26 18:44:14.558 [TestNG-test-Yt Master Tests-2] INFO  [verifyingGlobalFilterLandingPage] [verifyingGlobalFilterLandingPage] Screenshot saved at: test-output/screenshots/Run_2026-02-26_18-32-27/verifyingGlobalFilterLandingPage/Filter Applied is Slovenščina__2026-02-26_184414.jpg
2026-02-26 18:44:14.558 [TestNG-test-Yt Master Tests-2] INFO  [verifyingGlobalFilterLandingPage] Fetching the data from the global filter in landing page
2026-02-26 18:44:14.558 [TestNG-test-Yt Master Tests-2] INFO  [verifyingGlobalFilterLandingPage] [verifyingGlobalFilterLandingPage] Trying to find element: By.xpath: //ytd-search-filter-options-dialog-renderer[@class='style-scope ytd-popup-container']
2026-02-26 18:44:14.650 [TestNG-test-Yt Master Tests-2] INFO  [verifyingGlobalFilterLandingPage] [verifyingGlobalFilterLandingPage] Element found and ready (attempt 1): By.xpath: //ytd-search-filter-options-dialog-renderer[@class='style-scope ytd-popup-container']
2026-02-26 18:44:14.696 [TestNG-test-Yt Master Tests-2] INFO  [verifyingGlobalFilterLandingPage] Closing the global filter pop-up in landing page..
2026-02-26 18:44:14.696 [TestNG-test-Yt Master Tests-2] INFO  [verifyingGlobalFilterLandingPage] [verifyingGlobalFilterLandingPage] Trying to find element: By.xpath: //yt-icon[@icon='close']
2026-02-26 18:44:14.804 [TestNG-test-Yt Master Tests-2] INFO  [verifyingGlobalFilterLandingPage] [verifyingGlobalFilterLandingPage] Element found and ready (attempt 1): By.xpath: //yt-icon[@icon='close']
2026-02-26 18:44:14.888 [TestNG-test-Yt Master Tests-2] INFO  [verifyingGlobalFilterLandingPage] Clicking settings ellipses button...
2026-02-26 18:44:14.888 [TestNG-test-Yt Master Tests-2] INFO  [verifyingGlobalFilterLandingPage] [verifyingGlobalFilterLandingPage] Trying to find element: By.xpath: //ytd-topbar-menu-button-renderer[@class='style-scope ytd-masthead style-default']
2026-02-26 18:44:15.132 [TestNG-test-Yt Master Tests-2] INFO  [verifyingGlobalFilterLandingPage] [verifyingGlobalFilterLandingPage] Element found and ready (attempt 1): By.xpath: //ytd-topbar-menu-button-renderer[@class='style-scope ytd-masthead style-default']
2026-02-26 18:44:15.240 [TestNG-test-Yt Master Tests-2] INFO  [verifyingGlobalFilterLandingPage] Clicking language dropdown...
2026-02-26 18:44:15.240 [TestNG-test-Yt Master Tests-2] INFO  [verifyingGlobalFilterLandingPage] [verifyingGlobalFilterLandingPage] Trying to find element: By.xpath: (//div[@id='content-icon'])[2]
2026-02-26 18:44:15.821 [TestNG-test-Yt Master Tests-2] INFO  [verifyingGlobalFilterLandingPage] [verifyingGlobalFilterLandingPage] Element found and ready (attempt 1): By.xpath: (//div[@id='content-icon'])[2]
2026-02-26 18:44:16.256 [TestNG-test-Yt Master Tests-2] INFO  [verifyingGlobalFilterLandingPage] [verifyingGlobalFilterLandingPage] Trying to find element: By.xpath: //yt-multi-page-menu-section-renderer[@class='style-scope ytd-multi-page-menu-renderer']//yt-formatted-string[@id='label' and text()='Suomi']
2026-02-26 18:44:16.389 [TestNG-test-Yt Master Tests-2] INFO  [verifyingGlobalFilterLandingPage] [verifyingGlobalFilterLandingPage] Element found and ready (attempt 1): By.xpath: //yt-multi-page-menu-section-renderer[@class='style-scope ytd-multi-page-menu-renderer']//yt-formatted-string[@id='label' and text()='Suomi']
2026-02-26 18:44:16.389 [TestNG-test-Yt Master Tests-2] INFO  [verifyingGlobalFilterLandingPage] Looking for language element with name: Suomi
2026-02-26 18:44:16.389 [TestNG-test-Yt Master Tests-2] INFO  [verifyingGlobalFilterLandingPage] [verifyingGlobalFilterLandingPage] Within smoothScrollToElement method
2026-02-26 18:44:16.389 [TestNG-test-Yt Master Tests-2] INFO  [verifyingGlobalFilterLandingPage] SafeActions initialized with driver ChromeDriver: chrome on windows (937905abe1e91b515f960d9fa6849c47)
2026-02-26 18:44:16.389 [TestNG-test-Yt Master Tests-2] INFO  [verifyingGlobalFilterLandingPage] [verifyingGlobalFilterLandingPage] Trying to find element: By.xpath: //yt-multi-page-menu-section-renderer[@class='style-scope ytd-multi-page-menu-renderer']//yt-formatted-string[@id='label' and text()='Suomi']
2026-02-26 18:44:16.453 [TestNG-test-Yt Master Tests-2] INFO  [verifyingGlobalFilterLandingPage] [verifyingGlobalFilterLandingPage] Element found and ready (attempt 1): By.xpath: //yt-multi-page-menu-section-renderer[@class='style-scope ytd-multi-page-menu-renderer']//yt-formatted-string[@id='label' and text()='Suomi']
2026-02-26 18:44:16.486 [TestNG-test-Yt Master Tests-2] INFO  [verifyingGlobalFilterLandingPage] [verifyingGlobalFilterLandingPage] Successfully scrolled to element: By.xpath: //yt-multi-page-menu-section-renderer[@class='style-scope ytd-multi-page-menu-renderer']//yt-formatted-string[@id='label' and text()='Suomi']
2026-02-26 18:44:16.486 [TestNG-test-Yt Master Tests-2] INFO  [verifyingGlobalFilterLandingPage] Looking for language element with name: Suomi
2026-02-26 18:44:16.486 [TestNG-test-Yt Master Tests-2] INFO  [verifyingGlobalFilterLandingPage] [verifyingGlobalFilterLandingPage] Trying to find element: By.xpath: //yt-multi-page-menu-section-renderer[@class='style-scope ytd-multi-page-menu-renderer']//yt-formatted-string[@id='label' and text()='Suomi']
2026-02-26 18:44:16.574 [TestNG-test-Yt Master Tests-2] INFO  [verifyingGlobalFilterLandingPage] [verifyingGlobalFilterLandingPage] Element found and ready (attempt 1): By.xpath: //yt-multi-page-menu-section-renderer[@class='style-scope ytd-multi-page-menu-renderer']//yt-formatted-string[@id='label' and text()='Suomi']
2026-02-26 18:44:20.591 [TestNG-test-Yt Master Tests-2] INFO  [verifyingGlobalFilterLandingPage] Clicking settings ellipses button...
2026-02-26 18:44:20.594 [TestNG-test-Yt Master Tests-2] INFO  [verifyingGlobalFilterLandingPage] [verifyingGlobalFilterLandingPage] Trying to find element: By.xpath: //ytd-topbar-menu-button-renderer[@class='style-scope ytd-masthead style-default']
2026-02-26 18:44:21.280 [TestNG-test-Yt Master Tests-2] INFO  [verifyingGlobalFilterLandingPage] [verifyingGlobalFilterLandingPage] Element found and ready (attempt 1): By.xpath: //ytd-topbar-menu-button-renderer[@class='style-scope ytd-masthead style-default']
2026-02-26 18:44:21.422 [TestNG-test-Yt Master Tests-2] INFO  [verifyingGlobalFilterLandingPage] [verifyingGlobalFilterLandingPage] Waiting until element is visible in viewport
2026-02-26 18:44:22.128 [TestNG-test-Yt Master Tests-2] INFO  [verifyingGlobalFilterLandingPage] [verifyingGlobalFilterLandingPage] Capturing screenshot: Filter Applied is Suomi__2026-02-26_184422.jpg
2026-02-26 18:44:22.319 [TestNG-test-Yt Master Tests-2] INFO  [verifyingGlobalFilterLandingPage] [verifyingGlobalFilterLandingPage] Screenshot saved at: test-output/screenshots/Run_2026-02-26_18-32-27/verifyingGlobalFilterLandingPage/Filter Applied is Suomi__2026-02-26_184422.jpg
2026-02-26 18:44:22.319 [TestNG-test-Yt Master Tests-2] INFO  [verifyingGlobalFilterLandingPage] Clicking settings ellipses button...
2026-02-26 18:44:22.319 [TestNG-test-Yt Master Tests-2] INFO  [verifyingGlobalFilterLandingPage] [verifyingGlobalFilterLandingPage] Trying to find element: By.xpath: //ytd-topbar-menu-button-renderer[@class='style-scope ytd-masthead style-default']
2026-02-26 18:44:22.380 [TestNG-test-Yt Master Tests-2] INFO  [verifyingGlobalFilterLandingPage] [verifyingGlobalFilterLandingPage] Element found and ready (attempt 1): By.xpath: //ytd-topbar-menu-button-renderer[@class='style-scope ytd-masthead style-default']
2026-02-26 18:44:22.444 [TestNG-test-Yt Master Tests-2] INFO  [verifyingGlobalFilterLandingPage] Clicking on global filter button in landing page..
2026-02-26 18:44:22.444 [TestNG-test-Yt Master Tests-2] INFO  [verifyingGlobalFilterLandingPage] [verifyingGlobalFilterLandingPage] Trying to click element: By.xpath: //div[@id='filter-button']
2026-02-26 18:44:22.693 [TestNG-test-Yt Master Tests-2] INFO  [verifyingGlobalFilterLandingPage] [verifyingGlobalFilterLandingPage] Clicked successfully (attempt 1): By.xpath: //div[@id='filter-button']
2026-02-26 18:44:22.693 [TestNG-test-Yt Master Tests-2] INFO  [verifyingGlobalFilterLandingPage] [verifyingGlobalFilterLandingPage] Waiting until element is visible in viewport
2026-02-26 18:44:22.721 [TestNG-test-Yt Master Tests-2] INFO  [verifyingGlobalFilterLandingPage] [verifyingGlobalFilterLandingPage] Capturing screenshot: Filter Applied is Suomi__2026-02-26_184422.jpg
2026-02-26 18:44:22.921 [TestNG-test-Yt Master Tests-2] INFO  [verifyingGlobalFilterLandingPage] [verifyingGlobalFilterLandingPage] Screenshot saved at: test-output/screenshots/Run_2026-02-26_18-32-27/verifyingGlobalFilterLandingPage/Filter Applied is Suomi__2026-02-26_184422.jpg
2026-02-26 18:44:22.922 [TestNG-test-Yt Master Tests-2] INFO  [verifyingGlobalFilterLandingPage] Fetching the data from the global filter in landing page
2026-02-26 18:44:22.922 [TestNG-test-Yt Master Tests-2] INFO  [verifyingGlobalFilterLandingPage] [verifyingGlobalFilterLandingPage] Trying to find element: By.xpath: //ytd-search-filter-options-dialog-renderer[@class='style-scope ytd-popup-container']
2026-02-26 18:44:22.999 [TestNG-test-Yt Master Tests-2] INFO  [verifyingGlobalFilterLandingPage] [verifyingGlobalFilterLandingPage] Element found and ready (attempt 1): By.xpath: //ytd-search-filter-options-dialog-renderer[@class='style-scope ytd-popup-container']
2026-02-26 18:44:23.039 [TestNG-test-Yt Master Tests-2] INFO  [verifyingGlobalFilterLandingPage] Closing the global filter pop-up in landing page..
2026-02-26 18:44:23.039 [TestNG-test-Yt Master Tests-2] INFO  [verifyingGlobalFilterLandingPage] [verifyingGlobalFilterLandingPage] Trying to find element: By.xpath: //yt-icon[@icon='close']
2026-02-26 18:44:23.166 [TestNG-test-Yt Master Tests-2] INFO  [verifyingGlobalFilterLandingPage] [verifyingGlobalFilterLandingPage] Element found and ready (attempt 1): By.xpath: //yt-icon[@icon='close']
2026-02-26 18:44:23.246 [TestNG-test-Yt Master Tests-2] INFO  [verifyingGlobalFilterLandingPage] Clicking settings ellipses button...
2026-02-26 18:44:23.246 [TestNG-test-Yt Master Tests-2] INFO  [verifyingGlobalFilterLandingPage] [verifyingGlobalFilterLandingPage] Trying to find element: By.xpath: //ytd-topbar-menu-button-renderer[@class='style-scope ytd-masthead style-default']
2026-02-26 18:44:23.360 [TestNG-test-Yt Master Tests-2] INFO  [verifyingGlobalFilterLandingPage] [verifyingGlobalFilterLandingPage] Element found and ready (attempt 1): By.xpath: //ytd-topbar-menu-button-renderer[@class='style-scope ytd-masthead style-default']
2026-02-26 18:44:23.509 [TestNG-test-Yt Master Tests-2] INFO  [verifyingGlobalFilterLandingPage] Clicking language dropdown...
2026-02-26 18:44:23.509 [TestNG-test-Yt Master Tests-2] INFO  [verifyingGlobalFilterLandingPage] [verifyingGlobalFilterLandingPage] Trying to find element: By.xpath: (//div[@id='content-icon'])[2]
2026-02-26 18:44:24.101 [TestNG-test-Yt Master Tests-2] INFO  [verifyingGlobalFilterLandingPage] [verifyingGlobalFilterLandingPage] Element found and ready (attempt 1): By.xpath: (//div[@id='content-icon'])[2]
2026-02-26 18:44:24.668 [TestNG-test-Yt Master Tests-2] INFO  [verifyingGlobalFilterLandingPage] [verifyingGlobalFilterLandingPage] Trying to find element: By.xpath: //yt-multi-page-menu-section-renderer[@class='style-scope ytd-multi-page-menu-renderer']//yt-formatted-string[@id='label' and text()='Svenska']
2026-02-26 18:44:24.772 [TestNG-test-Yt Master Tests-2] INFO  [verifyingGlobalFilterLandingPage] [verifyingGlobalFilterLandingPage] Element found and ready (attempt 1): By.xpath: //yt-multi-page-menu-section-renderer[@class='style-scope ytd-multi-page-menu-renderer']//yt-formatted-string[@id='label' and text()='Svenska']
2026-02-26 18:44:24.773 [TestNG-test-Yt Master Tests-2] INFO  [verifyingGlobalFilterLandingPage] Looking for language element with name: Svenska
2026-02-26 18:44:24.773 [TestNG-test-Yt Master Tests-2] INFO  [verifyingGlobalFilterLandingPage] [verifyingGlobalFilterLandingPage] Within smoothScrollToElement method
2026-02-26 18:44:24.773 [TestNG-test-Yt Master Tests-2] INFO  [verifyingGlobalFilterLandingPage] SafeActions initialized with driver ChromeDriver: chrome on windows (937905abe1e91b515f960d9fa6849c47)
2026-02-26 18:44:24.773 [TestNG-test-Yt Master Tests-2] INFO  [verifyingGlobalFilterLandingPage] [verifyingGlobalFilterLandingPage] Trying to find element: By.xpath: //yt-multi-page-menu-section-renderer[@class='style-scope ytd-multi-page-menu-renderer']//yt-formatted-string[@id='label' and text()='Svenska']
2026-02-26 18:44:24.835 [TestNG-test-Yt Master Tests-2] INFO  [verifyingGlobalFilterLandingPage] [verifyingGlobalFilterLandingPage] Element found and ready (attempt 1): By.xpath: //yt-multi-page-menu-section-renderer[@class='style-scope ytd-multi-page-menu-renderer']//yt-formatted-string[@id='label' and text()='Svenska']
2026-02-26 18:44:24.870 [TestNG-test-Yt Master Tests-2] INFO  [verifyingGlobalFilterLandingPage] [verifyingGlobalFilterLandingPage] Successfully scrolled to element: By.xpath: //yt-multi-page-menu-section-renderer[@class='style-scope ytd-multi-page-menu-renderer']//yt-formatted-string[@id='label' and text()='Svenska']
2026-02-26 18:44:24.870 [TestNG-test-Yt Master Tests-2] INFO  [verifyingGlobalFilterLandingPage] Looking for language element with name: Svenska
2026-02-26 18:44:24.872 [TestNG-test-Yt Master Tests-2] INFO  [verifyingGlobalFilterLandingPage] [verifyingGlobalFilterLandingPage] Trying to find element: By.xpath: //yt-multi-page-menu-section-renderer[@class='style-scope ytd-multi-page-menu-renderer']//yt-formatted-string[@id='label' and text()='Svenska']
2026-02-26 18:44:24.992 [TestNG-test-Yt Master Tests-2] INFO  [verifyingGlobalFilterLandingPage] [verifyingGlobalFilterLandingPage] Element found and ready (attempt 1): By.xpath: //yt-multi-page-menu-section-renderer[@class='style-scope ytd-multi-page-menu-renderer']//yt-formatted-string[@id='label' and text()='Svenska']
2026-02-26 18:44:27.412 [TestNG-test-Yt Master Tests-2] INFO  [verifyingGlobalFilterLandingPage] Clicking settings ellipses button...
2026-02-26 18:44:27.413 [TestNG-test-Yt Master Tests-2] INFO  [verifyingGlobalFilterLandingPage] [verifyingGlobalFilterLandingPage] Trying to find element: By.xpath: //ytd-topbar-menu-button-renderer[@class='style-scope ytd-masthead style-default']
2026-02-26 18:44:29.527 [TestNG-test-Yt Master Tests-2] INFO  [verifyingGlobalFilterLandingPage] [verifyingGlobalFilterLandingPage] Element found and ready (attempt 1): By.xpath: //ytd-topbar-menu-button-renderer[@class='style-scope ytd-masthead style-default']
2026-02-26 18:44:29.649 [TestNG-test-Yt Master Tests-2] INFO  [verifyingGlobalFilterLandingPage] [verifyingGlobalFilterLandingPage] Waiting until element is visible in viewport
2026-02-26 18:44:30.318 [TestNG-test-Yt Master Tests-2] INFO  [verifyingGlobalFilterLandingPage] [verifyingGlobalFilterLandingPage] Capturing screenshot: Filter Applied is Svenska__2026-02-26_184430.jpg
2026-02-26 18:44:30.538 [TestNG-test-Yt Master Tests-2] INFO  [verifyingGlobalFilterLandingPage] [verifyingGlobalFilterLandingPage] Screenshot saved at: test-output/screenshots/Run_2026-02-26_18-32-27/verifyingGlobalFilterLandingPage/Filter Applied is Svenska__2026-02-26_184430.jpg
2026-02-26 18:44:30.538 [TestNG-test-Yt Master Tests-2] INFO  [verifyingGlobalFilterLandingPage] Clicking settings ellipses button...
2026-02-26 18:44:30.538 [TestNG-test-Yt Master Tests-2] INFO  [verifyingGlobalFilterLandingPage] [verifyingGlobalFilterLandingPage] Trying to find element: By.xpath: //ytd-topbar-menu-button-renderer[@class='style-scope ytd-masthead style-default']
2026-02-26 18:44:30.596 [TestNG-test-Yt Master Tests-2] INFO  [verifyingGlobalFilterLandingPage] [verifyingGlobalFilterLandingPage] Element found and ready (attempt 1): By.xpath: //ytd-topbar-menu-button-renderer[@class='style-scope ytd-masthead style-default']
2026-02-26 18:44:30.659 [TestNG-test-Yt Master Tests-2] INFO  [verifyingGlobalFilterLandingPage] Clicking on global filter button in landing page..
2026-02-26 18:44:30.659 [TestNG-test-Yt Master Tests-2] INFO  [verifyingGlobalFilterLandingPage] [verifyingGlobalFilterLandingPage] Trying to click element: By.xpath: //div[@id='filter-button']
2026-02-26 18:44:30.895 [TestNG-test-Yt Master Tests-2] INFO  [verifyingGlobalFilterLandingPage] [verifyingGlobalFilterLandingPage] Clicked successfully (attempt 1): By.xpath: //div[@id='filter-button']
2026-02-26 18:44:30.895 [TestNG-test-Yt Master Tests-2] INFO  [verifyingGlobalFilterLandingPage] [verifyingGlobalFilterLandingPage] Waiting until element is visible in viewport
2026-02-26 18:44:30.930 [TestNG-test-Yt Master Tests-2] INFO  [verifyingGlobalFilterLandingPage] [verifyingGlobalFilterLandingPage] Capturing screenshot: Filter Applied is Svenska__2026-02-26_184430.jpg
2026-02-26 18:44:31.182 [TestNG-test-Yt Master Tests-2] INFO  [verifyingGlobalFilterLandingPage] [verifyingGlobalFilterLandingPage] Screenshot saved at: test-output/screenshots/Run_2026-02-26_18-32-27/verifyingGlobalFilterLandingPage/Filter Applied is Svenska__2026-02-26_184430.jpg
2026-02-26 18:44:31.182 [TestNG-test-Yt Master Tests-2] INFO  [verifyingGlobalFilterLandingPage] Fetching the data from the global filter in landing page
2026-02-26 18:44:31.182 [TestNG-test-Yt Master Tests-2] INFO  [verifyingGlobalFilterLandingPage] [verifyingGlobalFilterLandingPage] Trying to find element: By.xpath: //ytd-search-filter-options-dialog-renderer[@class='style-scope ytd-popup-container']
2026-02-26 18:44:31.254 [TestNG-test-Yt Master Tests-2] INFO  [verifyingGlobalFilterLandingPage] [verifyingGlobalFilterLandingPage] Element found and ready (attempt 1): By.xpath: //ytd-search-filter-options-dialog-renderer[@class='style-scope ytd-popup-container']
2026-02-26 18:44:31.295 [TestNG-test-Yt Master Tests-2] INFO  [verifyingGlobalFilterLandingPage] Closing the global filter pop-up in landing page..
2026-02-26 18:44:31.295 [TestNG-test-Yt Master Tests-2] INFO  [verifyingGlobalFilterLandingPage] [verifyingGlobalFilterLandingPage] Trying to find element: By.xpath: //yt-icon[@icon='close']
2026-02-26 18:44:31.390 [TestNG-test-Yt Master Tests-2] INFO  [verifyingGlobalFilterLandingPage] [verifyingGlobalFilterLandingPage] Element found and ready (attempt 1): By.xpath: //yt-icon[@icon='close']
2026-02-26 18:44:31.468 [TestNG-test-Yt Master Tests-2] INFO  [verifyingGlobalFilterLandingPage] Clicking settings ellipses button...
2026-02-26 18:44:31.469 [TestNG-test-Yt Master Tests-2] INFO  [verifyingGlobalFilterLandingPage] [verifyingGlobalFilterLandingPage] Trying to find element: By.xpath: //ytd-topbar-menu-button-renderer[@class='style-scope ytd-masthead style-default']
2026-02-26 18:44:31.594 [TestNG-test-Yt Master Tests-2] INFO  [verifyingGlobalFilterLandingPage] [verifyingGlobalFilterLandingPage] Element found and ready (attempt 1): By.xpath: //ytd-topbar-menu-button-renderer[@class='style-scope ytd-masthead style-default']
2026-02-26 18:44:31.713 [TestNG-test-Yt Master Tests-2] INFO  [verifyingGlobalFilterLandingPage] Clicking language dropdown...
2026-02-26 18:44:31.713 [TestNG-test-Yt Master Tests-2] INFO  [verifyingGlobalFilterLandingPage] [verifyingGlobalFilterLandingPage] Trying to find element: By.xpath: (//div[@id='content-icon'])[2]
2026-02-26 18:44:31.915 [TestNG-test-Yt Master Tests-2] INFO  [verifyingGlobalFilterLandingPage] [verifyingGlobalFilterLandingPage] Element found and ready (attempt 1): By.xpath: (//div[@id='content-icon'])[2]
2026-02-26 18:44:32.399 [TestNG-test-Yt Master Tests-2] INFO  [verifyingGlobalFilterLandingPage] [verifyingGlobalFilterLandingPage] Trying to find element: By.xpath: //yt-multi-page-menu-section-renderer[@class='style-scope ytd-multi-page-menu-renderer']//yt-formatted-string[@id='label' and text()='Tiếng Việt']
2026-02-26 18:44:32.612 [TestNG-test-Yt Master Tests-2] INFO  [verifyingGlobalFilterLandingPage] [verifyingGlobalFilterLandingPage] Element found and ready (attempt 1): By.xpath: //yt-multi-page-menu-section-renderer[@class='style-scope ytd-multi-page-menu-renderer']//yt-formatted-string[@id='label' and text()='Tiếng Việt']
2026-02-26 18:44:32.612 [TestNG-test-Yt Master Tests-2] INFO  [verifyingGlobalFilterLandingPage] Looking for language element with name: Tiếng Việt
2026-02-26 18:44:32.612 [TestNG-test-Yt Master Tests-2] INFO  [verifyingGlobalFilterLandingPage] [verifyingGlobalFilterLandingPage] Within smoothScrollToElement method
2026-02-26 18:44:32.612 [TestNG-test-Yt Master Tests-2] INFO  [verifyingGlobalFilterLandingPage] SafeActions initialized with driver ChromeDriver: chrome on windows (937905abe1e91b515f960d9fa6849c47)
2026-02-26 18:44:32.612 [TestNG-test-Yt Master Tests-2] INFO  [verifyingGlobalFilterLandingPage] [verifyingGlobalFilterLandingPage] Trying to find element: By.xpath: //yt-multi-page-menu-section-renderer[@class='style-scope ytd-multi-page-menu-renderer']//yt-formatted-string[@id='label' and text()='Tiếng Việt']
2026-02-26 18:44:32.677 [TestNG-test-Yt Master Tests-2] INFO  [verifyingGlobalFilterLandingPage] [verifyingGlobalFilterLandingPage] Element found and ready (attempt 1): By.xpath: //yt-multi-page-menu-section-renderer[@class='style-scope ytd-multi-page-menu-renderer']//yt-formatted-string[@id='label' and text()='Tiếng Việt']
2026-02-26 18:44:32.712 [TestNG-test-Yt Master Tests-2] INFO  [verifyingGlobalFilterLandingPage] [verifyingGlobalFilterLandingPage] Successfully scrolled to element: By.xpath: //yt-multi-page-menu-section-renderer[@class='style-scope ytd-multi-page-menu-renderer']//yt-formatted-string[@id='label' and text()='Tiếng Việt']
2026-02-26 18:44:32.712 [TestNG-test-Yt Master Tests-2] INFO  [verifyingGlobalFilterLandingPage] Looking for language element with name: Tiếng Việt
2026-02-26 18:44:32.712 [TestNG-test-Yt Master Tests-2] INFO  [verifyingGlobalFilterLandingPage] [verifyingGlobalFilterLandingPage] Trying to find element: By.xpath: //yt-multi-page-menu-section-renderer[@class='style-scope ytd-multi-page-menu-renderer']//yt-formatted-string[@id='label' and text()='Tiếng Việt']
2026-02-26 18:44:32.804 [TestNG-test-Yt Master Tests-2] INFO  [verifyingGlobalFilterLandingPage] [verifyingGlobalFilterLandingPage] Element found and ready (attempt 1): By.xpath: //yt-multi-page-menu-section-renderer[@class='style-scope ytd-multi-page-menu-renderer']//yt-formatted-string[@id='label' and text()='Tiếng Việt']
2026-02-26 18:44:35.970 [TestNG-test-Yt Master Tests-2] INFO  [verifyingGlobalFilterLandingPage] Clicking settings ellipses button...
2026-02-26 18:44:35.970 [TestNG-test-Yt Master Tests-2] INFO  [verifyingGlobalFilterLandingPage] [verifyingGlobalFilterLandingPage] Trying to find element: By.xpath: //ytd-topbar-menu-button-renderer[@class='style-scope ytd-masthead style-default']
2026-02-26 18:44:37.893 [TestNG-test-Yt Master Tests-2] INFO  [verifyingGlobalFilterLandingPage] [verifyingGlobalFilterLandingPage] Element found and ready (attempt 1): By.xpath: //ytd-topbar-menu-button-renderer[@class='style-scope ytd-masthead style-default']
2026-02-26 18:44:38.204 [TestNG-test-Yt Master Tests-2] INFO  [verifyingGlobalFilterLandingPage] [verifyingGlobalFilterLandingPage] Waiting until element is visible in viewport
2026-02-26 18:44:38.339 [TestNG-test-Yt Master Tests-2] INFO  [verifyingGlobalFilterLandingPage] [verifyingGlobalFilterLandingPage] Capturing screenshot: Filter Applied is Tiếng Việt__2026-02-26_184438.jpg
2026-02-26 18:44:38.698 [TestNG-test-Yt Master Tests-2] INFO  [verifyingGlobalFilterLandingPage] [verifyingGlobalFilterLandingPage] Screenshot saved at: test-output/screenshots/Run_2026-02-26_18-32-27/verifyingGlobalFilterLandingPage/Filter Applied is Tiếng Việt__2026-02-26_184438.jpg
2026-02-26 18:44:38.698 [TestNG-test-Yt Master Tests-2] INFO  [verifyingGlobalFilterLandingPage] Clicking settings ellipses button...
2026-02-26 18:44:38.698 [TestNG-test-Yt Master Tests-2] INFO  [verifyingGlobalFilterLandingPage] [verifyingGlobalFilterLandingPage] Trying to find element: By.xpath: //ytd-topbar-menu-button-renderer[@class='style-scope ytd-masthead style-default']
2026-02-26 18:44:38.760 [TestNG-test-Yt Master Tests-2] INFO  [verifyingGlobalFilterLandingPage] [verifyingGlobalFilterLandingPage] Element found and ready (attempt 1): By.xpath: //ytd-topbar-menu-button-renderer[@class='style-scope ytd-masthead style-default']
2026-02-26 18:44:38.827 [TestNG-test-Yt Master Tests-2] INFO  [verifyingGlobalFilterLandingPage] Clicking on global filter button in landing page..
2026-02-26 18:44:38.827 [TestNG-test-Yt Master Tests-2] INFO  [verifyingGlobalFilterLandingPage] [verifyingGlobalFilterLandingPage] Trying to click element: By.xpath: //div[@id='filter-button']
2026-02-26 18:44:39.117 [TestNG-test-Yt Master Tests-2] INFO  [verifyingGlobalFilterLandingPage] [verifyingGlobalFilterLandingPage] Clicked successfully (attempt 1): By.xpath: //div[@id='filter-button']
2026-02-26 18:44:39.117 [TestNG-test-Yt Master Tests-2] INFO  [verifyingGlobalFilterLandingPage] [verifyingGlobalFilterLandingPage] Waiting until element is visible in viewport
2026-02-26 18:44:39.148 [TestNG-test-Yt Master Tests-2] INFO  [verifyingGlobalFilterLandingPage] [verifyingGlobalFilterLandingPage] Capturing screenshot: Filter Applied is Tiếng Việt__2026-02-26_184439.jpg
2026-02-26 18:44:39.419 [TestNG-test-Yt Master Tests-2] INFO  [verifyingGlobalFilterLandingPage] [verifyingGlobalFilterLandingPage] Screenshot saved at: test-output/screenshots/Run_2026-02-26_18-32-27/verifyingGlobalFilterLandingPage/Filter Applied is Tiếng Việt__2026-02-26_184439.jpg
2026-02-26 18:44:39.419 [TestNG-test-Yt Master Tests-2] INFO  [verifyingGlobalFilterLandingPage] Fetching the data from the global filter in landing page
2026-02-26 18:44:39.419 [TestNG-test-Yt Master Tests-2] INFO  [verifyingGlobalFilterLandingPage] [verifyingGlobalFilterLandingPage] Trying to find element: By.xpath: //ytd-search-filter-options-dialog-renderer[@class='style-scope ytd-popup-container']
2026-02-26 18:44:39.496 [TestNG-test-Yt Master Tests-2] INFO  [verifyingGlobalFilterLandingPage] [verifyingGlobalFilterLandingPage] Element found and ready (attempt 1): By.xpath: //ytd-search-filter-options-dialog-renderer[@class='style-scope ytd-popup-container']
2026-02-26 18:44:39.538 [TestNG-test-Yt Master Tests-2] INFO  [verifyingGlobalFilterLandingPage] Closing the global filter pop-up in landing page..
2026-02-26 18:44:39.538 [TestNG-test-Yt Master Tests-2] INFO  [verifyingGlobalFilterLandingPage] [verifyingGlobalFilterLandingPage] Trying to find element: By.xpath: //yt-icon[@icon='close']
2026-02-26 18:44:39.605 [TestNG-test-Yt Master Tests-2] INFO  [verifyingGlobalFilterLandingPage] [verifyingGlobalFilterLandingPage] Element found and ready (attempt 1): By.xpath: //yt-icon[@icon='close']
2026-02-26 18:44:39.685 [TestNG-test-Yt Master Tests-2] INFO  [verifyingGlobalFilterLandingPage] Clicking settings ellipses button...
2026-02-26 18:44:39.685 [TestNG-test-Yt Master Tests-2] INFO  [verifyingGlobalFilterLandingPage] [verifyingGlobalFilterLandingPage] Trying to find element: By.xpath: //ytd-topbar-menu-button-renderer[@class='style-scope ytd-masthead style-default']
2026-02-26 18:44:39.770 [TestNG-test-Yt Master Tests-2] INFO  [verifyingGlobalFilterLandingPage] [verifyingGlobalFilterLandingPage] Element found and ready (attempt 1): By.xpath: //ytd-topbar-menu-button-renderer[@class='style-scope ytd-masthead style-default']
2026-02-26 18:44:39.879 [TestNG-test-Yt Master Tests-2] INFO  [verifyingGlobalFilterLandingPage] Clicking language dropdown...
2026-02-26 18:44:39.879 [TestNG-test-Yt Master Tests-2] INFO  [verifyingGlobalFilterLandingPage] [verifyingGlobalFilterLandingPage] Trying to find element: By.xpath: (//div[@id='content-icon'])[2]
2026-02-26 18:44:40.059 [TestNG-test-Yt Master Tests-2] INFO  [verifyingGlobalFilterLandingPage] [verifyingGlobalFilterLandingPage] Element found and ready (attempt 1): By.xpath: (//div[@id='content-icon'])[2]
2026-02-26 18:44:40.622 [TestNG-test-Yt Master Tests-2] INFO  [verifyingGlobalFilterLandingPage] [verifyingGlobalFilterLandingPage] Trying to find element: By.xpath: //yt-multi-page-menu-section-renderer[@class='style-scope ytd-multi-page-menu-renderer']//yt-formatted-string[@id='label' and text()='Türkçe']
2026-02-26 18:44:40.850 [TestNG-test-Yt Master Tests-2] INFO  [verifyingGlobalFilterLandingPage] [verifyingGlobalFilterLandingPage] Element found and ready (attempt 1): By.xpath: //yt-multi-page-menu-section-renderer[@class='style-scope ytd-multi-page-menu-renderer']//yt-formatted-string[@id='label' and text()='Türkçe']
2026-02-26 18:44:40.850 [TestNG-test-Yt Master Tests-2] INFO  [verifyingGlobalFilterLandingPage] Looking for language element with name: Türkçe
2026-02-26 18:44:40.850 [TestNG-test-Yt Master Tests-2] INFO  [verifyingGlobalFilterLandingPage] [verifyingGlobalFilterLandingPage] Within smoothScrollToElement method
2026-02-26 18:44:40.850 [TestNG-test-Yt Master Tests-2] INFO  [verifyingGlobalFilterLandingPage] SafeActions initialized with driver ChromeDriver: chrome on windows (937905abe1e91b515f960d9fa6849c47)
2026-02-26 18:44:40.850 [TestNG-test-Yt Master Tests-2] INFO  [verifyingGlobalFilterLandingPage] [verifyingGlobalFilterLandingPage] Trying to find element: By.xpath: //yt-multi-page-menu-section-renderer[@class='style-scope ytd-multi-page-menu-renderer']//yt-formatted-string[@id='label' and text()='Türkçe']
2026-02-26 18:44:40.931 [TestNG-test-Yt Master Tests-2] INFO  [verifyingGlobalFilterLandingPage] [verifyingGlobalFilterLandingPage] Element found and ready (attempt 1): By.xpath: //yt-multi-page-menu-section-renderer[@class='style-scope ytd-multi-page-menu-renderer']//yt-formatted-string[@id='label' and text()='Türkçe']
2026-02-26 18:44:40.990 [TestNG-test-Yt Master Tests-2] INFO  [verifyingGlobalFilterLandingPage] [verifyingGlobalFilterLandingPage] Successfully scrolled to element: By.xpath: //yt-multi-page-menu-section-renderer[@class='style-scope ytd-multi-page-menu-renderer']//yt-formatted-string[@id='label' and text()='Türkçe']
2026-02-26 18:44:40.990 [TestNG-test-Yt Master Tests-2] INFO  [verifyingGlobalFilterLandingPage] Looking for language element with name: Türkçe
2026-02-26 18:44:40.990 [TestNG-test-Yt Master Tests-2] INFO  [verifyingGlobalFilterLandingPage] [verifyingGlobalFilterLandingPage] Trying to find element: By.xpath: //yt-multi-page-menu-section-renderer[@class='style-scope ytd-multi-page-menu-renderer']//yt-formatted-string[@id='label' and text()='Türkçe']
2026-02-26 18:44:41.106 [TestNG-test-Yt Master Tests-2] INFO  [verifyingGlobalFilterLandingPage] [verifyingGlobalFilterLandingPage] Element found and ready (attempt 1): By.xpath: //yt-multi-page-menu-section-renderer[@class='style-scope ytd-multi-page-menu-renderer']//yt-formatted-string[@id='label' and text()='Türkçe']
2026-02-26 18:44:44.459 [TestNG-test-Yt Master Tests-2] INFO  [verifyingGlobalFilterLandingPage] Clicking settings ellipses button...
2026-02-26 18:44:44.459 [TestNG-test-Yt Master Tests-2] INFO  [verifyingGlobalFilterLandingPage] [verifyingGlobalFilterLandingPage] Trying to find element: By.xpath: //ytd-topbar-menu-button-renderer[@class='style-scope ytd-masthead style-default']
2026-02-26 18:44:46.154 [TestNG-test-Yt Master Tests-2] INFO  [verifyingGlobalFilterLandingPage] [verifyingGlobalFilterLandingPage] Element found and ready (attempt 1): By.xpath: //ytd-topbar-menu-button-renderer[@class='style-scope ytd-masthead style-default']
2026-02-26 18:44:46.464 [TestNG-test-Yt Master Tests-2] INFO  [verifyingGlobalFilterLandingPage] [verifyingGlobalFilterLandingPage] Waiting until element is visible in viewport
2026-02-26 18:44:46.638 [TestNG-test-Yt Master Tests-2] INFO  [verifyingGlobalFilterLandingPage] [verifyingGlobalFilterLandingPage] Capturing screenshot: Filter Applied is Türkçe__2026-02-26_184446.jpg
2026-02-26 18:44:46.962 [TestNG-test-Yt Master Tests-2] INFO  [verifyingGlobalFilterLandingPage] [verifyingGlobalFilterLandingPage] Screenshot saved at: test-output/screenshots/Run_2026-02-26_18-32-27/verifyingGlobalFilterLandingPage/Filter Applied is Türkçe__2026-02-26_184446.jpg
2026-02-26 18:44:46.963 [TestNG-test-Yt Master Tests-2] INFO  [verifyingGlobalFilterLandingPage] Clicking settings ellipses button...
2026-02-26 18:44:46.963 [TestNG-test-Yt Master Tests-2] INFO  [verifyingGlobalFilterLandingPage] [verifyingGlobalFilterLandingPage] Trying to find element: By.xpath: //ytd-topbar-menu-button-renderer[@class='style-scope ytd-masthead style-default']
2026-02-26 18:44:47.026 [TestNG-test-Yt Master Tests-2] INFO  [verifyingGlobalFilterLandingPage] [verifyingGlobalFilterLandingPage] Element found and ready (attempt 1): By.xpath: //ytd-topbar-menu-button-renderer[@class='style-scope ytd-masthead style-default']
2026-02-26 18:44:47.094 [TestNG-test-Yt Master Tests-2] INFO  [verifyingGlobalFilterLandingPage] Clicking on global filter button in landing page..
2026-02-26 18:44:47.095 [TestNG-test-Yt Master Tests-2] INFO  [verifyingGlobalFilterLandingPage] [verifyingGlobalFilterLandingPage] Trying to click element: By.xpath: //div[@id='filter-button']
2026-02-26 18:44:47.403 [TestNG-test-Yt Master Tests-2] INFO  [verifyingGlobalFilterLandingPage] [verifyingGlobalFilterLandingPage] Clicked successfully (attempt 1): By.xpath: //div[@id='filter-button']
2026-02-26 18:44:47.403 [TestNG-test-Yt Master Tests-2] INFO  [verifyingGlobalFilterLandingPage] [verifyingGlobalFilterLandingPage] Waiting until element is visible in viewport
2026-02-26 18:44:47.432 [TestNG-test-Yt Master Tests-2] INFO  [verifyingGlobalFilterLandingPage] [verifyingGlobalFilterLandingPage] Capturing screenshot: Filter Applied is Türkçe__2026-02-26_184447.jpg
2026-02-26 18:44:47.680 [TestNG-test-Yt Master Tests-2] INFO  [verifyingGlobalFilterLandingPage] [verifyingGlobalFilterLandingPage] Screenshot saved at: test-output/screenshots/Run_2026-02-26_18-32-27/verifyingGlobalFilterLandingPage/Filter Applied is Türkçe__2026-02-26_184447.jpg
2026-02-26 18:44:47.680 [TestNG-test-Yt Master Tests-2] INFO  [verifyingGlobalFilterLandingPage] Fetching the data from the global filter in landing page
2026-02-26 18:44:47.680 [TestNG-test-Yt Master Tests-2] INFO  [verifyingGlobalFilterLandingPage] [verifyingGlobalFilterLandingPage] Trying to find element: By.xpath: //ytd-search-filter-options-dialog-renderer[@class='style-scope ytd-popup-container']
2026-02-26 18:44:47.757 [TestNG-test-Yt Master Tests-2] INFO  [verifyingGlobalFilterLandingPage] [verifyingGlobalFilterLandingPage] Element found and ready (attempt 1): By.xpath: //ytd-search-filter-options-dialog-renderer[@class='style-scope ytd-popup-container']
2026-02-26 18:44:47.795 [TestNG-test-Yt Master Tests-2] INFO  [verifyingGlobalFilterLandingPage] Closing the global filter pop-up in landing page..
2026-02-26 18:44:47.795 [TestNG-test-Yt Master Tests-2] INFO  [verifyingGlobalFilterLandingPage] [verifyingGlobalFilterLandingPage] Trying to find element: By.xpath: //yt-icon[@icon='close']
2026-02-26 18:44:47.874 [TestNG-test-Yt Master Tests-2] INFO  [verifyingGlobalFilterLandingPage] [verifyingGlobalFilterLandingPage] Element found and ready (attempt 1): By.xpath: //yt-icon[@icon='close']
2026-02-26 18:44:47.947 [TestNG-test-Yt Master Tests-2] INFO  [verifyingGlobalFilterLandingPage] Clicking settings ellipses button...
2026-02-26 18:44:47.947 [TestNG-test-Yt Master Tests-2] INFO  [verifyingGlobalFilterLandingPage] [verifyingGlobalFilterLandingPage] Trying to find element: By.xpath: //ytd-topbar-menu-button-renderer[@class='style-scope ytd-masthead style-default']
2026-02-26 18:44:48.029 [TestNG-test-Yt Master Tests-2] INFO  [verifyingGlobalFilterLandingPage] [verifyingGlobalFilterLandingPage] Element found and ready (attempt 1): By.xpath: //ytd-topbar-menu-button-renderer[@class='style-scope ytd-masthead style-default']
2026-02-26 18:44:48.129 [TestNG-test-Yt Master Tests-2] INFO  [verifyingGlobalFilterLandingPage] Clicking language dropdown...
2026-02-26 18:44:48.129 [TestNG-test-Yt Master Tests-2] INFO  [verifyingGlobalFilterLandingPage] [verifyingGlobalFilterLandingPage] Trying to find element: By.xpath: (//div[@id='content-icon'])[2]
2026-02-26 18:44:48.825 [TestNG-test-Yt Master Tests-2] INFO  [verifyingGlobalFilterLandingPage] [verifyingGlobalFilterLandingPage] Element found and ready (attempt 1): By.xpath: (//div[@id='content-icon'])[2]
2026-02-26 18:44:49.521 [TestNG-test-Yt Master Tests-2] INFO  [verifyingGlobalFilterLandingPage] [verifyingGlobalFilterLandingPage] Trying to find element: By.xpath: //yt-multi-page-menu-section-renderer[@class='style-scope ytd-multi-page-menu-renderer']//yt-formatted-string[@id='label' and text()='Беларуская']
2026-02-26 18:44:49.669 [TestNG-test-Yt Master Tests-2] INFO  [verifyingGlobalFilterLandingPage] [verifyingGlobalFilterLandingPage] Element found and ready (attempt 1): By.xpath: //yt-multi-page-menu-section-renderer[@class='style-scope ytd-multi-page-menu-renderer']//yt-formatted-string[@id='label' and text()='Беларуская']
2026-02-26 18:44:49.670 [TestNG-test-Yt Master Tests-2] INFO  [verifyingGlobalFilterLandingPage] Looking for language element with name: Беларуская
2026-02-26 18:44:49.670 [TestNG-test-Yt Master Tests-2] INFO  [verifyingGlobalFilterLandingPage] [verifyingGlobalFilterLandingPage] Within smoothScrollToElement method
2026-02-26 18:44:49.670 [TestNG-test-Yt Master Tests-2] INFO  [verifyingGlobalFilterLandingPage] SafeActions initialized with driver ChromeDriver: chrome on windows (937905abe1e91b515f960d9fa6849c47)
2026-02-26 18:44:49.670 [TestNG-test-Yt Master Tests-2] INFO  [verifyingGlobalFilterLandingPage] [verifyingGlobalFilterLandingPage] Trying to find element: By.xpath: //yt-multi-page-menu-section-renderer[@class='style-scope ytd-multi-page-menu-renderer']//yt-formatted-string[@id='label' and text()='Беларуская']
2026-02-26 18:44:49.761 [TestNG-test-Yt Master Tests-2] INFO  [verifyingGlobalFilterLandingPage] [verifyingGlobalFilterLandingPage] Element found and ready (attempt 1): By.xpath: //yt-multi-page-menu-section-renderer[@class='style-scope ytd-multi-page-menu-renderer']//yt-formatted-string[@id='label' and text()='Беларуская']
2026-02-26 18:44:49.808 [TestNG-test-Yt Master Tests-2] INFO  [verifyingGlobalFilterLandingPage] [verifyingGlobalFilterLandingPage] Successfully scrolled to element: By.xpath: //yt-multi-page-menu-section-renderer[@class='style-scope ytd-multi-page-menu-renderer']//yt-formatted-string[@id='label' and text()='Беларуская']
2026-02-26 18:44:49.808 [TestNG-test-Yt Master Tests-2] INFO  [verifyingGlobalFilterLandingPage] Looking for language element with name: Беларуская
2026-02-26 18:44:49.808 [TestNG-test-Yt Master Tests-2] INFO  [verifyingGlobalFilterLandingPage] [verifyingGlobalFilterLandingPage] Trying to find element: By.xpath: //yt-multi-page-menu-section-renderer[@class='style-scope ytd-multi-page-menu-renderer']//yt-formatted-string[@id='label' and text()='Беларуская']
2026-02-26 18:44:49.923 [TestNG-test-Yt Master Tests-2] INFO  [verifyingGlobalFilterLandingPage] [verifyingGlobalFilterLandingPage] Element found and ready (attempt 1): By.xpath: //yt-multi-page-menu-section-renderer[@class='style-scope ytd-multi-page-menu-renderer']//yt-formatted-string[@id='label' and text()='Беларуская']
2026-02-26 18:44:52.470 [TestNG-test-Yt Master Tests-2] INFO  [verifyingGlobalFilterLandingPage] Clicking settings ellipses button...
2026-02-26 18:44:52.472 [TestNG-test-Yt Master Tests-2] INFO  [verifyingGlobalFilterLandingPage] [verifyingGlobalFilterLandingPage] Trying to find element: By.xpath: //ytd-topbar-menu-button-renderer[@class='style-scope ytd-masthead style-default']
2026-02-26 18:44:54.546 [TestNG-test-Yt Master Tests-2] INFO  [verifyingGlobalFilterLandingPage] [verifyingGlobalFilterLandingPage] Element found and ready (attempt 1): By.xpath: //ytd-topbar-menu-button-renderer[@class='style-scope ytd-masthead style-default']
2026-02-26 18:44:54.877 [TestNG-test-Yt Master Tests-2] INFO  [verifyingGlobalFilterLandingPage] [verifyingGlobalFilterLandingPage] Waiting until element is visible in viewport
2026-02-26 18:44:55.042 [TestNG-test-Yt Master Tests-2] INFO  [verifyingGlobalFilterLandingPage] [verifyingGlobalFilterLandingPage] Capturing screenshot: Filter Applied is Беларуская__2026-02-26_184455.jpg
2026-02-26 18:44:55.347 [TestNG-test-Yt Master Tests-2] INFO  [verifyingGlobalFilterLandingPage] [verifyingGlobalFilterLandingPage] Screenshot saved at: test-output/screenshots/Run_2026-02-26_18-32-27/verifyingGlobalFilterLandingPage/Filter Applied is Беларуская__2026-02-26_184455.jpg
2026-02-26 18:44:55.347 [TestNG-test-Yt Master Tests-2] INFO  [verifyingGlobalFilterLandingPage] Clicking settings ellipses button...
2026-02-26 18:44:55.347 [TestNG-test-Yt Master Tests-2] INFO  [verifyingGlobalFilterLandingPage] [verifyingGlobalFilterLandingPage] Trying to find element: By.xpath: //ytd-topbar-menu-button-renderer[@class='style-scope ytd-masthead style-default']
2026-02-26 18:44:55.412 [TestNG-test-Yt Master Tests-2] INFO  [verifyingGlobalFilterLandingPage] [verifyingGlobalFilterLandingPage] Element found and ready (attempt 1): By.xpath: //ytd-topbar-menu-button-renderer[@class='style-scope ytd-masthead style-default']
2026-02-26 18:44:55.482 [TestNG-test-Yt Master Tests-2] INFO  [verifyingGlobalFilterLandingPage] Clicking on global filter button in landing page..
2026-02-26 18:44:55.483 [TestNG-test-Yt Master Tests-2] INFO  [verifyingGlobalFilterLandingPage] [verifyingGlobalFilterLandingPage] Trying to click element: By.xpath: //div[@id='filter-button']
2026-02-26 18:44:55.747 [TestNG-test-Yt Master Tests-2] INFO  [verifyingGlobalFilterLandingPage] [verifyingGlobalFilterLandingPage] Clicked successfully (attempt 1): By.xpath: //div[@id='filter-button']
2026-02-26 18:44:55.748 [TestNG-test-Yt Master Tests-2] INFO  [verifyingGlobalFilterLandingPage] [verifyingGlobalFilterLandingPage] Waiting until element is visible in viewport
2026-02-26 18:44:55.852 [TestNG-test-Yt Master Tests-2] INFO  [verifyingGlobalFilterLandingPage] [verifyingGlobalFilterLandingPage] Capturing screenshot: Filter Applied is Беларуская__2026-02-26_184455.jpg
2026-02-26 18:44:56.115 [TestNG-test-Yt Master Tests-2] INFO  [verifyingGlobalFilterLandingPage] [verifyingGlobalFilterLandingPage] Screenshot saved at: test-output/screenshots/Run_2026-02-26_18-32-27/verifyingGlobalFilterLandingPage/Filter Applied is Беларуская__2026-02-26_184455.jpg
2026-02-26 18:44:56.115 [TestNG-test-Yt Master Tests-2] INFO  [verifyingGlobalFilterLandingPage] Fetching the data from the global filter in landing page
2026-02-26 18:44:56.115 [TestNG-test-Yt Master Tests-2] INFO  [verifyingGlobalFilterLandingPage] [verifyingGlobalFilterLandingPage] Trying to find element: By.xpath: //ytd-search-filter-options-dialog-renderer[@class='style-scope ytd-popup-container']
2026-02-26 18:44:56.191 [TestNG-test-Yt Master Tests-2] INFO  [verifyingGlobalFilterLandingPage] [verifyingGlobalFilterLandingPage] Element found and ready (attempt 1): By.xpath: //ytd-search-filter-options-dialog-renderer[@class='style-scope ytd-popup-container']
2026-02-26 18:44:56.221 [TestNG-test-Yt Master Tests-2] INFO  [verifyingGlobalFilterLandingPage] Closing the global filter pop-up in landing page..
2026-02-26 18:44:56.222 [TestNG-test-Yt Master Tests-2] INFO  [verifyingGlobalFilterLandingPage] [verifyingGlobalFilterLandingPage] Trying to find element: By.xpath: //yt-icon[@icon='close']
2026-02-26 18:44:56.286 [TestNG-test-Yt Master Tests-2] INFO  [verifyingGlobalFilterLandingPage] [verifyingGlobalFilterLandingPage] Element found and ready (attempt 1): By.xpath: //yt-icon[@icon='close']
2026-02-26 18:44:56.355 [TestNG-test-Yt Master Tests-2] INFO  [verifyingGlobalFilterLandingPage] Clicking settings ellipses button...
2026-02-26 18:44:56.356 [TestNG-test-Yt Master Tests-2] INFO  [verifyingGlobalFilterLandingPage] [verifyingGlobalFilterLandingPage] Trying to find element: By.xpath: //ytd-topbar-menu-button-renderer[@class='style-scope ytd-masthead style-default']
2026-02-26 18:44:56.434 [TestNG-test-Yt Master Tests-2] INFO  [verifyingGlobalFilterLandingPage] [verifyingGlobalFilterLandingPage] Element found and ready (attempt 1): By.xpath: //ytd-topbar-menu-button-renderer[@class='style-scope ytd-masthead style-default']
2026-02-26 18:44:56.534 [TestNG-test-Yt Master Tests-2] INFO  [verifyingGlobalFilterLandingPage] Clicking language dropdown...
2026-02-26 18:44:56.534 [TestNG-test-Yt Master Tests-2] INFO  [verifyingGlobalFilterLandingPage] [verifyingGlobalFilterLandingPage] Trying to find element: By.xpath: (//div[@id='content-icon'])[2]
2026-02-26 18:44:57.204 [TestNG-test-Yt Master Tests-2] INFO  [verifyingGlobalFilterLandingPage] [verifyingGlobalFilterLandingPage] Element found and ready (attempt 1): By.xpath: (//div[@id='content-icon'])[2]
2026-02-26 18:44:57.868 [TestNG-test-Yt Master Tests-2] INFO  [verifyingGlobalFilterLandingPage] [verifyingGlobalFilterLandingPage] Trying to find element: By.xpath: //yt-multi-page-menu-section-renderer[@class='style-scope ytd-multi-page-menu-renderer']//yt-formatted-string[@id='label' and text()='Български']
2026-02-26 18:44:58.022 [TestNG-test-Yt Master Tests-2] INFO  [verifyingGlobalFilterLandingPage] [verifyingGlobalFilterLandingPage] Element found and ready (attempt 1): By.xpath: //yt-multi-page-menu-section-renderer[@class='style-scope ytd-multi-page-menu-renderer']//yt-formatted-string[@id='label' and text()='Български']
2026-02-26 18:44:58.022 [TestNG-test-Yt Master Tests-2] INFO  [verifyingGlobalFilterLandingPage] Looking for language element with name: Български
2026-02-26 18:44:58.022 [TestNG-test-Yt Master Tests-2] INFO  [verifyingGlobalFilterLandingPage] [verifyingGlobalFilterLandingPage] Within smoothScrollToElement method
2026-02-26 18:44:58.022 [TestNG-test-Yt Master Tests-2] INFO  [verifyingGlobalFilterLandingPage] SafeActions initialized with driver ChromeDriver: chrome on windows (937905abe1e91b515f960d9fa6849c47)
2026-02-26 18:44:58.022 [TestNG-test-Yt Master Tests-2] INFO  [verifyingGlobalFilterLandingPage] [verifyingGlobalFilterLandingPage] Trying to find element: By.xpath: //yt-multi-page-menu-section-renderer[@class='style-scope ytd-multi-page-menu-renderer']//yt-formatted-string[@id='label' and text()='Български']
2026-02-26 18:44:58.128 [TestNG-test-Yt Master Tests-2] INFO  [verifyingGlobalFilterLandingPage] [verifyingGlobalFilterLandingPage] Element found and ready (attempt 1): By.xpath: //yt-multi-page-menu-section-renderer[@class='style-scope ytd-multi-page-menu-renderer']//yt-formatted-string[@id='label' and text()='Български']
2026-02-26 18:44:58.168 [TestNG-test-Yt Master Tests-2] INFO  [verifyingGlobalFilterLandingPage] [verifyingGlobalFilterLandingPage] Successfully scrolled to element: By.xpath: //yt-multi-page-menu-section-renderer[@class='style-scope ytd-multi-page-menu-renderer']//yt-formatted-string[@id='label' and text()='Български']
2026-02-26 18:44:58.168 [TestNG-test-Yt Master Tests-2] INFO  [verifyingGlobalFilterLandingPage] Looking for language element with name: Български
2026-02-26 18:44:58.168 [TestNG-test-Yt Master Tests-2] INFO  [verifyingGlobalFilterLandingPage] [verifyingGlobalFilterLandingPage] Trying to find element: By.xpath: //yt-multi-page-menu-section-renderer[@class='style-scope ytd-multi-page-menu-renderer']//yt-formatted-string[@id='label' and text()='Български']
2026-02-26 18:44:58.269 [TestNG-test-Yt Master Tests-2] INFO  [verifyingGlobalFilterLandingPage] [verifyingGlobalFilterLandingPage] Element found and ready (attempt 1): By.xpath: //yt-multi-page-menu-section-renderer[@class='style-scope ytd-multi-page-menu-renderer']//yt-formatted-string[@id='label' and text()='Български']
2026-02-26 18:45:01.153 [TestNG-test-Yt Master Tests-2] INFO  [verifyingGlobalFilterLandingPage] Clicking settings ellipses button...
2026-02-26 18:45:01.153 [TestNG-test-Yt Master Tests-2] INFO  [verifyingGlobalFilterLandingPage] [verifyingGlobalFilterLandingPage] Trying to find element: By.xpath: //ytd-topbar-menu-button-renderer[@class='style-scope ytd-masthead style-default']
2026-02-26 18:45:03.169 [TestNG-test-Yt Master Tests-2] INFO  [verifyingGlobalFilterLandingPage] [verifyingGlobalFilterLandingPage] Element found and ready (attempt 1): By.xpath: //ytd-topbar-menu-button-renderer[@class='style-scope ytd-masthead style-default']
2026-02-26 18:45:03.488 [TestNG-test-Yt Master Tests-2] INFO  [verifyingGlobalFilterLandingPage] [verifyingGlobalFilterLandingPage] Waiting until element is visible in viewport
2026-02-26 18:45:03.601 [TestNG-test-Yt Master Tests-2] INFO  [verifyingGlobalFilterLandingPage] [verifyingGlobalFilterLandingPage] Capturing screenshot: Filter Applied is Български__2026-02-26_184503.jpg
2026-02-26 18:45:03.874 [TestNG-test-Yt Master Tests-2] INFO  [verifyingGlobalFilterLandingPage] [verifyingGlobalFilterLandingPage] Screenshot saved at: test-output/screenshots/Run_2026-02-26_18-32-27/verifyingGlobalFilterLandingPage/Filter Applied is Български__2026-02-26_184503.jpg
2026-02-26 18:45:03.874 [TestNG-test-Yt Master Tests-2] INFO  [verifyingGlobalFilterLandingPage] Clicking settings ellipses button...
2026-02-26 18:45:03.874 [TestNG-test-Yt Master Tests-2] INFO  [verifyingGlobalFilterLandingPage] [verifyingGlobalFilterLandingPage] Trying to find element: By.xpath: //ytd-topbar-menu-button-renderer[@class='style-scope ytd-masthead style-default']
2026-02-26 18:45:03.951 [TestNG-test-Yt Master Tests-2] INFO  [verifyingGlobalFilterLandingPage] [verifyingGlobalFilterLandingPage] Element found and ready (attempt 1): By.xpath: //ytd-topbar-menu-button-renderer[@class='style-scope ytd-masthead style-default']
2026-02-26 18:45:04.033 [TestNG-test-Yt Master Tests-2] INFO  [verifyingGlobalFilterLandingPage] Clicking on global filter button in landing page..
2026-02-26 18:45:04.033 [TestNG-test-Yt Master Tests-2] INFO  [verifyingGlobalFilterLandingPage] [verifyingGlobalFilterLandingPage] Trying to click element: By.xpath: //div[@id='filter-button']
2026-02-26 18:45:04.510 [TestNG-test-Yt Master Tests-2] INFO  [verifyingGlobalFilterLandingPage] [verifyingGlobalFilterLandingPage] Clicked successfully (attempt 1): By.xpath: //div[@id='filter-button']
2026-02-26 18:45:04.510 [TestNG-test-Yt Master Tests-2] INFO  [verifyingGlobalFilterLandingPage] [verifyingGlobalFilterLandingPage] Waiting until element is visible in viewport
2026-02-26 18:45:04.543 [TestNG-test-Yt Master Tests-2] INFO  [verifyingGlobalFilterLandingPage] [verifyingGlobalFilterLandingPage] Capturing screenshot: Filter Applied is Български__2026-02-26_184504.jpg
2026-02-26 18:45:04.783 [TestNG-test-Yt Master Tests-2] INFO  [verifyingGlobalFilterLandingPage] [verifyingGlobalFilterLandingPage] Screenshot saved at: test-output/screenshots/Run_2026-02-26_18-32-27/verifyingGlobalFilterLandingPage/Filter Applied is Български__2026-02-26_184504.jpg
2026-02-26 18:45:04.783 [TestNG-test-Yt Master Tests-2] INFO  [verifyingGlobalFilterLandingPage] Fetching the data from the global filter in landing page
2026-02-26 18:45:04.783 [TestNG-test-Yt Master Tests-2] INFO  [verifyingGlobalFilterLandingPage] [verifyingGlobalFilterLandingPage] Trying to find element: By.xpath: //ytd-search-filter-options-dialog-renderer[@class='style-scope ytd-popup-container']
2026-02-26 18:45:04.865 [TestNG-test-Yt Master Tests-2] INFO  [verifyingGlobalFilterLandingPage] [verifyingGlobalFilterLandingPage] Element found and ready (attempt 1): By.xpath: //ytd-search-filter-options-dialog-renderer[@class='style-scope ytd-popup-container']
2026-02-26 18:45:04.915 [TestNG-test-Yt Master Tests-2] INFO  [verifyingGlobalFilterLandingPage] Closing the global filter pop-up in landing page..
2026-02-26 18:45:04.915 [TestNG-test-Yt Master Tests-2] INFO  [verifyingGlobalFilterLandingPage] [verifyingGlobalFilterLandingPage] Trying to find element: By.xpath: //yt-icon[@icon='close']
2026-02-26 18:45:04.990 [TestNG-test-Yt Master Tests-2] INFO  [verifyingGlobalFilterLandingPage] [verifyingGlobalFilterLandingPage] Element found and ready (attempt 1): By.xpath: //yt-icon[@icon='close']
2026-02-26 18:45:05.069 [TestNG-test-Yt Master Tests-2] INFO  [verifyingGlobalFilterLandingPage] Clicking settings ellipses button...
2026-02-26 18:45:05.069 [TestNG-test-Yt Master Tests-2] INFO  [verifyingGlobalFilterLandingPage] [verifyingGlobalFilterLandingPage] Trying to find element: By.xpath: //ytd-topbar-menu-button-renderer[@class='style-scope ytd-masthead style-default']
2026-02-26 18:45:05.298 [TestNG-test-Yt Master Tests-2] INFO  [verifyingGlobalFilterLandingPage] [verifyingGlobalFilterLandingPage] Element found and ready (attempt 1): By.xpath: //ytd-topbar-menu-button-renderer[@class='style-scope ytd-masthead style-default']
2026-02-26 18:45:05.445 [TestNG-test-Yt Master Tests-2] INFO  [verifyingGlobalFilterLandingPage] Clicking language dropdown...
2026-02-26 18:45:05.445 [TestNG-test-Yt Master Tests-2] INFO  [verifyingGlobalFilterLandingPage] [verifyingGlobalFilterLandingPage] Trying to find element: By.xpath: (//div[@id='content-icon'])[2]
2026-02-26 18:45:05.921 [TestNG-test-Yt Master Tests-2] INFO  [verifyingGlobalFilterLandingPage] [verifyingGlobalFilterLandingPage] Element found and ready (attempt 1): By.xpath: (//div[@id='content-icon'])[2]
2026-02-26 18:45:06.745 [TestNG-test-Yt Master Tests-2] INFO  [verifyingGlobalFilterLandingPage] [verifyingGlobalFilterLandingPage] Trying to find element: By.xpath: //yt-multi-page-menu-section-renderer[@class='style-scope ytd-multi-page-menu-renderer']//yt-formatted-string[@id='label' and text()='Русский']
2026-02-26 18:45:06.918 [TestNG-test-Yt Master Tests-2] INFO  [verifyingGlobalFilterLandingPage] [verifyingGlobalFilterLandingPage] Element found and ready (attempt 1): By.xpath: //yt-multi-page-menu-section-renderer[@class='style-scope ytd-multi-page-menu-renderer']//yt-formatted-string[@id='label' and text()='Русский']
2026-02-26 18:45:06.918 [TestNG-test-Yt Master Tests-2] INFO  [verifyingGlobalFilterLandingPage] Looking for language element with name: Русский
2026-02-26 18:45:06.918 [TestNG-test-Yt Master Tests-2] INFO  [verifyingGlobalFilterLandingPage] [verifyingGlobalFilterLandingPage] Within smoothScrollToElement method
2026-02-26 18:45:06.918 [TestNG-test-Yt Master Tests-2] INFO  [verifyingGlobalFilterLandingPage] SafeActions initialized with driver ChromeDriver: chrome on windows (937905abe1e91b515f960d9fa6849c47)
2026-02-26 18:45:06.918 [TestNG-test-Yt Master Tests-2] INFO  [verifyingGlobalFilterLandingPage] [verifyingGlobalFilterLandingPage] Trying to find element: By.xpath: //yt-multi-page-menu-section-renderer[@class='style-scope ytd-multi-page-menu-renderer']//yt-formatted-string[@id='label' and text()='Русский']
2026-02-26 18:45:06.991 [TestNG-test-Yt Master Tests-2] INFO  [verifyingGlobalFilterLandingPage] [verifyingGlobalFilterLandingPage] Element found and ready (attempt 1): By.xpath: //yt-multi-page-menu-section-renderer[@class='style-scope ytd-multi-page-menu-renderer']//yt-formatted-string[@id='label' and text()='Русский']
2026-02-26 18:45:07.034 [TestNG-test-Yt Master Tests-2] INFO  [verifyingGlobalFilterLandingPage] [verifyingGlobalFilterLandingPage] Successfully scrolled to element: By.xpath: //yt-multi-page-menu-section-renderer[@class='style-scope ytd-multi-page-menu-renderer']//yt-formatted-string[@id='label' and text()='Русский']
2026-02-26 18:45:07.034 [TestNG-test-Yt Master Tests-2] INFO  [verifyingGlobalFilterLandingPage] Looking for language element with name: Русский
2026-02-26 18:45:07.034 [TestNG-test-Yt Master Tests-2] INFO  [verifyingGlobalFilterLandingPage] [verifyingGlobalFilterLandingPage] Trying to find element: By.xpath: //yt-multi-page-menu-section-renderer[@class='style-scope ytd-multi-page-menu-renderer']//yt-formatted-string[@id='label' and text()='Русский']
2026-02-26 18:45:07.115 [TestNG-test-Yt Master Tests-2] INFO  [verifyingGlobalFilterLandingPage] [verifyingGlobalFilterLandingPage] Element found and ready (attempt 1): By.xpath: //yt-multi-page-menu-section-renderer[@class='style-scope ytd-multi-page-menu-renderer']//yt-formatted-string[@id='label' and text()='Русский']
2026-02-26 18:45:10.450 [TestNG-test-Yt Master Tests-2] INFO  [verifyingGlobalFilterLandingPage] Clicking settings ellipses button...
2026-02-26 18:45:10.451 [TestNG-test-Yt Master Tests-2] INFO  [verifyingGlobalFilterLandingPage] [verifyingGlobalFilterLandingPage] Trying to find element: By.xpath: //ytd-topbar-menu-button-renderer[@class='style-scope ytd-masthead style-default']
2026-02-26 18:45:12.408 [TestNG-test-Yt Master Tests-2] INFO  [verifyingGlobalFilterLandingPage] [verifyingGlobalFilterLandingPage] Element found and ready (attempt 1): By.xpath: //ytd-topbar-menu-button-renderer[@class='style-scope ytd-masthead style-default']
2026-02-26 18:45:13.082 [TestNG-test-Yt Master Tests-2] INFO  [verifyingGlobalFilterLandingPage] [verifyingGlobalFilterLandingPage] Waiting until element is visible in viewport
2026-02-26 18:45:13.137 [TestNG-test-Yt Master Tests-2] INFO  [verifyingGlobalFilterLandingPage] [verifyingGlobalFilterLandingPage] Capturing screenshot: Filter Applied is Русский__2026-02-26_184513.jpg
2026-02-26 18:45:13.726 [TestNG-test-Yt Master Tests-2] INFO  [verifyingGlobalFilterLandingPage] [verifyingGlobalFilterLandingPage] Screenshot saved at: test-output/screenshots/Run_2026-02-26_18-32-27/verifyingGlobalFilterLandingPage/Filter Applied is Русский__2026-02-26_184513.jpg
2026-02-26 18:45:13.726 [TestNG-test-Yt Master Tests-2] INFO  [verifyingGlobalFilterLandingPage] Clicking settings ellipses button...
2026-02-26 18:45:13.726 [TestNG-test-Yt Master Tests-2] INFO  [verifyingGlobalFilterLandingPage] [verifyingGlobalFilterLandingPage] Trying to find element: By.xpath: //ytd-topbar-menu-button-renderer[@class='style-scope ytd-masthead style-default']
2026-02-26 18:45:13.803 [TestNG-test-Yt Master Tests-2] INFO  [verifyingGlobalFilterLandingPage] [verifyingGlobalFilterLandingPage] Element found and ready (attempt 1): By.xpath: //ytd-topbar-menu-button-renderer[@class='style-scope ytd-masthead style-default']
2026-02-26 18:45:13.867 [TestNG-test-Yt Master Tests-2] INFO  [verifyingGlobalFilterLandingPage] Clicking on global filter button in landing page..
2026-02-26 18:45:13.867 [TestNG-test-Yt Master Tests-2] INFO  [verifyingGlobalFilterLandingPage] [verifyingGlobalFilterLandingPage] Trying to click element: By.xpath: //div[@id='filter-button']
2026-02-26 18:45:14.124 [TestNG-test-Yt Master Tests-2] INFO  [verifyingGlobalFilterLandingPage] [verifyingGlobalFilterLandingPage] Clicked successfully (attempt 1): By.xpath: //div[@id='filter-button']
2026-02-26 18:45:14.124 [TestNG-test-Yt Master Tests-2] INFO  [verifyingGlobalFilterLandingPage] [verifyingGlobalFilterLandingPage] Waiting until element is visible in viewport
2026-02-26 18:45:14.164 [TestNG-test-Yt Master Tests-2] INFO  [verifyingGlobalFilterLandingPage] [verifyingGlobalFilterLandingPage] Capturing screenshot: Filter Applied is Русский__2026-02-26_184514.jpg
2026-02-26 18:45:14.560 [TestNG-test-Yt Master Tests-2] INFO  [verifyingGlobalFilterLandingPage] [verifyingGlobalFilterLandingPage] Screenshot saved at: test-output/screenshots/Run_2026-02-26_18-32-27/verifyingGlobalFilterLandingPage/Filter Applied is Русский__2026-02-26_184514.jpg
2026-02-26 18:45:14.561 [TestNG-test-Yt Master Tests-2] INFO  [verifyingGlobalFilterLandingPage] Fetching the data from the global filter in landing page
2026-02-26 18:45:14.561 [TestNG-test-Yt Master Tests-2] INFO  [verifyingGlobalFilterLandingPage] [verifyingGlobalFilterLandingPage] Trying to find element: By.xpath: //ytd-search-filter-options-dialog-renderer[@class='style-scope ytd-popup-container']
2026-02-26 18:45:14.654 [TestNG-test-Yt Master Tests-2] INFO  [verifyingGlobalFilterLandingPage] [verifyingGlobalFilterLandingPage] Element found and ready (attempt 1): By.xpath: //ytd-search-filter-options-dialog-renderer[@class='style-scope ytd-popup-container']
2026-02-26 18:45:14.694 [TestNG-test-Yt Master Tests-2] INFO  [verifyingGlobalFilterLandingPage] Closing the global filter pop-up in landing page..
2026-02-26 18:45:14.694 [TestNG-test-Yt Master Tests-2] INFO  [verifyingGlobalFilterLandingPage] [verifyingGlobalFilterLandingPage] Trying to find element: By.xpath: //yt-icon[@icon='close']
2026-02-26 18:45:14.763 [TestNG-test-Yt Master Tests-2] INFO  [verifyingGlobalFilterLandingPage] [verifyingGlobalFilterLandingPage] Element found and ready (attempt 1): By.xpath: //yt-icon[@icon='close']
2026-02-26 18:45:14.857 [TestNG-test-Yt Master Tests-2] INFO  [verifyingGlobalFilterLandingPage] Clicking settings ellipses button...
2026-02-26 18:45:14.857 [TestNG-test-Yt Master Tests-2] INFO  [verifyingGlobalFilterLandingPage] [verifyingGlobalFilterLandingPage] Trying to find element: By.xpath: //ytd-topbar-menu-button-renderer[@class='style-scope ytd-masthead style-default']
2026-02-26 18:45:14.967 [TestNG-test-Yt Master Tests-2] INFO  [verifyingGlobalFilterLandingPage] [verifyingGlobalFilterLandingPage] Element found and ready (attempt 1): By.xpath: //ytd-topbar-menu-button-renderer[@class='style-scope ytd-masthead style-default']
2026-02-26 18:45:15.353 [TestNG-test-Yt Master Tests-2] INFO  [verifyingGlobalFilterLandingPage] Clicking language dropdown...
2026-02-26 18:45:15.353 [TestNG-test-Yt Master Tests-2] INFO  [verifyingGlobalFilterLandingPage] [verifyingGlobalFilterLandingPage] Trying to find element: By.xpath: (//div[@id='content-icon'])[2]
2026-02-26 18:45:15.656 [TestNG-test-Yt Master Tests-2] INFO  [verifyingGlobalFilterLandingPage] [verifyingGlobalFilterLandingPage] Element found and ready (attempt 1): By.xpath: (//div[@id='content-icon'])[2]
2026-02-26 18:45:16.116 [TestNG-test-Yt Master Tests-2] INFO  [verifyingGlobalFilterLandingPage] [verifyingGlobalFilterLandingPage] Trying to find element: By.xpath: //yt-multi-page-menu-section-renderer[@class='style-scope ytd-multi-page-menu-renderer']//yt-formatted-string[@id='label' and text()='Українська']
2026-02-26 18:45:16.336 [TestNG-test-Yt Master Tests-2] INFO  [verifyingGlobalFilterLandingPage] [verifyingGlobalFilterLandingPage] Element found and ready (attempt 1): By.xpath: //yt-multi-page-menu-section-renderer[@class='style-scope ytd-multi-page-menu-renderer']//yt-formatted-string[@id='label' and text()='Українська']
2026-02-26 18:45:16.336 [TestNG-test-Yt Master Tests-2] INFO  [verifyingGlobalFilterLandingPage] Looking for language element with name: Українська
2026-02-26 18:45:16.336 [TestNG-test-Yt Master Tests-2] INFO  [verifyingGlobalFilterLandingPage] [verifyingGlobalFilterLandingPage] Within smoothScrollToElement method
2026-02-26 18:45:16.336 [TestNG-test-Yt Master Tests-2] INFO  [verifyingGlobalFilterLandingPage] SafeActions initialized with driver ChromeDriver: chrome on windows (937905abe1e91b515f960d9fa6849c47)
2026-02-26 18:45:16.336 [TestNG-test-Yt Master Tests-2] INFO  [verifyingGlobalFilterLandingPage] [verifyingGlobalFilterLandingPage] Trying to find element: By.xpath: //yt-multi-page-menu-section-renderer[@class='style-scope ytd-multi-page-menu-renderer']//yt-formatted-string[@id='label' and text()='Українська']
2026-02-26 18:45:16.404 [TestNG-test-Yt Master Tests-2] INFO  [verifyingGlobalFilterLandingPage] [verifyingGlobalFilterLandingPage] Element found and ready (attempt 1): By.xpath: //yt-multi-page-menu-section-renderer[@class='style-scope ytd-multi-page-menu-renderer']//yt-formatted-string[@id='label' and text()='Українська']
2026-02-26 18:45:16.439 [TestNG-test-Yt Master Tests-2] INFO  [verifyingGlobalFilterLandingPage] [verifyingGlobalFilterLandingPage] Successfully scrolled to element: By.xpath: //yt-multi-page-menu-section-renderer[@class='style-scope ytd-multi-page-menu-renderer']//yt-formatted-string[@id='label' and text()='Українська']
2026-02-26 18:45:16.439 [TestNG-test-Yt Master Tests-2] INFO  [verifyingGlobalFilterLandingPage] Looking for language element with name: Українська
2026-02-26 18:45:16.439 [TestNG-test-Yt Master Tests-2] INFO  [verifyingGlobalFilterLandingPage] [verifyingGlobalFilterLandingPage] Trying to find element: By.xpath: //yt-multi-page-menu-section-renderer[@class='style-scope ytd-multi-page-menu-renderer']//yt-formatted-string[@id='label' and text()='Українська']
2026-02-26 18:45:16.512 [TestNG-test-Yt Master Tests-2] INFO  [verifyingGlobalFilterLandingPage] [verifyingGlobalFilterLandingPage] Element found and ready (attempt 1): By.xpath: //yt-multi-page-menu-section-renderer[@class='style-scope ytd-multi-page-menu-renderer']//yt-formatted-string[@id='label' and text()='Українська']
2026-02-26 18:45:19.818 [TestNG-test-Yt Master Tests-2] INFO  [verifyingGlobalFilterLandingPage] Clicking settings ellipses button...
2026-02-26 18:45:19.818 [TestNG-test-Yt Master Tests-2] INFO  [verifyingGlobalFilterLandingPage] [verifyingGlobalFilterLandingPage] Trying to find element: By.xpath: //ytd-topbar-menu-button-renderer[@class='style-scope ytd-masthead style-default']
2026-02-26 18:45:21.746 [TestNG-test-Yt Master Tests-2] INFO  [verifyingGlobalFilterLandingPage] [verifyingGlobalFilterLandingPage] Element found and ready (attempt 1): By.xpath: //ytd-topbar-menu-button-renderer[@class='style-scope ytd-masthead style-default']
2026-02-26 18:45:22.116 [TestNG-test-Yt Master Tests-2] INFO  [verifyingGlobalFilterLandingPage] [verifyingGlobalFilterLandingPage] Waiting until element is visible in viewport
2026-02-26 18:45:22.271 [TestNG-test-Yt Master Tests-2] INFO  [verifyingGlobalFilterLandingPage] [verifyingGlobalFilterLandingPage] Capturing screenshot: Filter Applied is Українська__2026-02-26_184522.jpg
2026-02-26 18:45:22.544 [TestNG-test-Yt Master Tests-2] INFO  [verifyingGlobalFilterLandingPage] [verifyingGlobalFilterLandingPage] Screenshot saved at: test-output/screenshots/Run_2026-02-26_18-32-27/verifyingGlobalFilterLandingPage/Filter Applied is Українська__2026-02-26_184522.jpg
2026-02-26 18:45:22.544 [TestNG-test-Yt Master Tests-2] INFO  [verifyingGlobalFilterLandingPage] Clicking settings ellipses button...
2026-02-26 18:45:22.544 [TestNG-test-Yt Master Tests-2] INFO  [verifyingGlobalFilterLandingPage] [verifyingGlobalFilterLandingPage] Trying to find element: By.xpath: //ytd-topbar-menu-button-renderer[@class='style-scope ytd-masthead style-default']
2026-02-26 18:45:22.610 [TestNG-test-Yt Master Tests-2] INFO  [verifyingGlobalFilterLandingPage] [verifyingGlobalFilterLandingPage] Element found and ready (attempt 1): By.xpath: //ytd-topbar-menu-button-renderer[@class='style-scope ytd-masthead style-default']
2026-02-26 18:45:22.674 [TestNG-test-Yt Master Tests-2] INFO  [verifyingGlobalFilterLandingPage] Clicking on global filter button in landing page..
2026-02-26 18:45:22.674 [TestNG-test-Yt Master Tests-2] INFO  [verifyingGlobalFilterLandingPage] [verifyingGlobalFilterLandingPage] Trying to click element: By.xpath: //div[@id='filter-button']
2026-02-26 18:45:22.976 [TestNG-test-Yt Master Tests-2] INFO  [verifyingGlobalFilterLandingPage] [verifyingGlobalFilterLandingPage] Clicked successfully (attempt 1): By.xpath: //div[@id='filter-button']
2026-02-26 18:45:22.976 [TestNG-test-Yt Master Tests-2] INFO  [verifyingGlobalFilterLandingPage] [verifyingGlobalFilterLandingPage] Waiting until element is visible in viewport
2026-02-26 18:45:23.023 [TestNG-test-Yt Master Tests-2] INFO  [verifyingGlobalFilterLandingPage] [verifyingGlobalFilterLandingPage] Capturing screenshot: Filter Applied is Українська__2026-02-26_184523.jpg
2026-02-26 18:45:23.280 [TestNG-test-Yt Master Tests-2] INFO  [verifyingGlobalFilterLandingPage] [verifyingGlobalFilterLandingPage] Screenshot saved at: test-output/screenshots/Run_2026-02-26_18-32-27/verifyingGlobalFilterLandingPage/Filter Applied is Українська__2026-02-26_184523.jpg
2026-02-26 18:45:23.280 [TestNG-test-Yt Master Tests-2] INFO  [verifyingGlobalFilterLandingPage] Fetching the data from the global filter in landing page
2026-02-26 18:45:23.281 [TestNG-test-Yt Master Tests-2] INFO  [verifyingGlobalFilterLandingPage] [verifyingGlobalFilterLandingPage] Trying to find element: By.xpath: //ytd-search-filter-options-dialog-renderer[@class='style-scope ytd-popup-container']
2026-02-26 18:45:23.399 [TestNG-test-Yt Master Tests-2] INFO  [verifyingGlobalFilterLandingPage] [verifyingGlobalFilterLandingPage] Element found and ready (attempt 1): By.xpath: //ytd-search-filter-options-dialog-renderer[@class='style-scope ytd-popup-container']
2026-02-26 18:45:23.444 [TestNG-test-Yt Master Tests-2] INFO  [verifyingGlobalFilterLandingPage] Closing the global filter pop-up in landing page..
2026-02-26 18:45:23.444 [TestNG-test-Yt Master Tests-2] INFO  [verifyingGlobalFilterLandingPage] [verifyingGlobalFilterLandingPage] Trying to find element: By.xpath: //yt-icon[@icon='close']
2026-02-26 18:45:23.511 [TestNG-test-Yt Master Tests-2] INFO  [verifyingGlobalFilterLandingPage] [verifyingGlobalFilterLandingPage] Element found and ready (attempt 1): By.xpath: //yt-icon[@icon='close']
2026-02-26 18:45:23.577 [TestNG-test-Yt Master Tests-2] INFO  [verifyingGlobalFilterLandingPage] Clicking settings ellipses button...
2026-02-26 18:45:23.577 [TestNG-test-Yt Master Tests-2] INFO  [verifyingGlobalFilterLandingPage] [verifyingGlobalFilterLandingPage] Trying to find element: By.xpath: //ytd-topbar-menu-button-renderer[@class='style-scope ytd-masthead style-default']
2026-02-26 18:45:23.658 [TestNG-test-Yt Master Tests-2] INFO  [verifyingGlobalFilterLandingPage] [verifyingGlobalFilterLandingPage] Element found and ready (attempt 1): By.xpath: //ytd-topbar-menu-button-renderer[@class='style-scope ytd-masthead style-default']
2026-02-26 18:45:23.756 [TestNG-test-Yt Master Tests-2] INFO  [verifyingGlobalFilterLandingPage] Clicking language dropdown...
2026-02-26 18:45:23.756 [TestNG-test-Yt Master Tests-2] INFO  [verifyingGlobalFilterLandingPage] [verifyingGlobalFilterLandingPage] Trying to find element: By.xpath: (//div[@id='content-icon'])[2]
2026-02-26 18:45:24.349 [TestNG-test-Yt Master Tests-2] INFO  [verifyingGlobalFilterLandingPage] [verifyingGlobalFilterLandingPage] Element found and ready (attempt 1): By.xpath: (//div[@id='content-icon'])[2]
2026-02-26 18:45:24.894 [TestNG-test-Yt Master Tests-2] INFO  [verifyingGlobalFilterLandingPage] [verifyingGlobalFilterLandingPage] Trying to find element: By.xpath: //yt-multi-page-menu-section-renderer[@class='style-scope ytd-multi-page-menu-renderer']//yt-formatted-string[@id='label' and text()='Ελληνικά']
2026-02-26 18:45:25.066 [TestNG-test-Yt Master Tests-2] INFO  [verifyingGlobalFilterLandingPage] [verifyingGlobalFilterLandingPage] Element found and ready (attempt 1): By.xpath: //yt-multi-page-menu-section-renderer[@class='style-scope ytd-multi-page-menu-renderer']//yt-formatted-string[@id='label' and text()='Ελληνικά']
2026-02-26 18:45:25.066 [TestNG-test-Yt Master Tests-2] INFO  [verifyingGlobalFilterLandingPage] Looking for language element with name: Ελληνικά
2026-02-26 18:45:25.066 [TestNG-test-Yt Master Tests-2] INFO  [verifyingGlobalFilterLandingPage] [verifyingGlobalFilterLandingPage] Within smoothScrollToElement method
2026-02-26 18:45:25.066 [TestNG-test-Yt Master Tests-2] INFO  [verifyingGlobalFilterLandingPage] SafeActions initialized with driver ChromeDriver: chrome on windows (937905abe1e91b515f960d9fa6849c47)
2026-02-26 18:45:25.066 [TestNG-test-Yt Master Tests-2] INFO  [verifyingGlobalFilterLandingPage] [verifyingGlobalFilterLandingPage] Trying to find element: By.xpath: //yt-multi-page-menu-section-renderer[@class='style-scope ytd-multi-page-menu-renderer']//yt-formatted-string[@id='label' and text()='Ελληνικά']
2026-02-26 18:45:25.130 [TestNG-test-Yt Master Tests-2] INFO  [verifyingGlobalFilterLandingPage] [verifyingGlobalFilterLandingPage] Element found and ready (attempt 1): By.xpath: //yt-multi-page-menu-section-renderer[@class='style-scope ytd-multi-page-menu-renderer']//yt-formatted-string[@id='label' and text()='Ελληνικά']
2026-02-26 18:45:25.190 [TestNG-test-Yt Master Tests-2] INFO  [verifyingGlobalFilterLandingPage] [verifyingGlobalFilterLandingPage] Successfully scrolled to element: By.xpath: //yt-multi-page-menu-section-renderer[@class='style-scope ytd-multi-page-menu-renderer']//yt-formatted-string[@id='label' and text()='Ελληνικά']
2026-02-26 18:45:25.190 [TestNG-test-Yt Master Tests-2] INFO  [verifyingGlobalFilterLandingPage] Looking for language element with name: Ελληνικά
2026-02-26 18:45:25.190 [TestNG-test-Yt Master Tests-2] INFO  [verifyingGlobalFilterLandingPage] [verifyingGlobalFilterLandingPage] Trying to find element: By.xpath: //yt-multi-page-menu-section-renderer[@class='style-scope ytd-multi-page-menu-renderer']//yt-formatted-string[@id='label' and text()='Ελληνικά']
2026-02-26 18:45:25.268 [TestNG-test-Yt Master Tests-2] INFO  [verifyingGlobalFilterLandingPage] [verifyingGlobalFilterLandingPage] Element found and ready (attempt 1): By.xpath: //yt-multi-page-menu-section-renderer[@class='style-scope ytd-multi-page-menu-renderer']//yt-formatted-string[@id='label' and text()='Ελληνικά']
2026-02-26 18:48:25.273 [TestNG-test-Yt Master Tests-2] INFO  [verifyingGlobalFilterLandingPage] [verifyingGlobalFilterLandingPage] Not retrying test 'verifyingGlobalFilterLandingPage'. Retry count: 1, Cause: java.util.concurrent.TimeoutException
Build info: version: '4.27.0', revision: 'd6e718d134'
System info: os.name: 'Windows Server 2025', os.arch: 'amd64', os.version: '10.0', java.version: '24.0.2'
Driver info: org.openqa.selenium.chrome.ChromeDriver
Command: [937905abe1e91b515f960d9fa6849c47, clickElement {id=f.73AE3AC07D15255EBF87B6C6C852F630.d.BD5BA66305B9428DF7733F24B893E9D7.e.1787}]
Capabilities {acceptInsecureCerts: false, browserName: chrome, browserVersion: 145.0.7632.76, chrome: {chromedriverVersion: 145.0.7632.117 (de4e5d6e13b..., userDataDir: C:\Windows\SystemTemp\scope...}, fedcm:accounts: true, goog:chromeOptions: {debuggerAddress: localhost:59927}, goog:processID: 7936, networkConnectionEnabled: false, pageLoadStrategy: normal, platformName: windows, proxy: Proxy(), se:cdp: ws://localhost:59927/devtoo..., se:cdpVersion: 145.0.7632.76, setWindowRect: true, strictFileInteractability: false, timeouts: {implicit: 0, pageLoad: 300000, script: 30000}, unhandledPromptBehavior: dismiss and notify, webauthn:extension:credBlob: true, webauthn:extension:largeBlob: true, webauthn:extension:minPinLength: true, webauthn:extension:prf: true, webauthn:virtualAuthenticators: true}
Element: [[ChromeDriver: chrome on windows (937905abe1e91b515f960d9fa6849c47)] -> xpath: //yt-multi-page-menu-section-renderer[@class='style-scope ytd-multi-page-menu-renderer']//yt-formatted-string[@id='label' and text()='Ελληνικά']]
Session ID: 937905abe1e91b515f960d9fa6849c47
2026-02-26 18:48:25.298 [TestNG-test-Yt Master Tests-2] ERROR [verifyingGlobalFilterLandingPage] Test FAILED: verifyingGlobalFilterLandingPage - org.openqa.selenium.TimeoutException: java.util.concurrent.TimeoutException
Build info: version: '4.27.0', revision: 'd6e718d134'
System info: os.name: 'Windows Server 2025', os.arch: 'amd64', os.version: '10.0', java.version: '24.0.2'
Driver info: org.openqa.selenium.chrome.ChromeDriver
Command: [937905abe1e91b515f960d9fa6849c47, clickElement {id=f.73AE3AC07D15255EBF87B6C6C852F630.d.BD5BA66305B9428DF7733F24B893E9D7.e.1787}]
Capabilities {acceptInsecureCerts: false, browserName: chrome, browserVersion: 145.0.7632.76, chrome: {chromedriverVersion: 145.0.7632.117 (de4e5d6e13b..., userDataDir: C:\Windows\SystemTemp\scope...}, fedcm:accounts: true, goog:chromeOptions: {debuggerAddress: localhost:59927}, goog:processID: 7936, networkConnectionEnabled: false, pageLoadStrategy: normal, platformName: windows, proxy: Proxy(), se:cdp: ws://localhost:59927/devtoo..., se:cdpVersion: 145.0.7632.76, setWindowRect: true, strictFileInteractability: false, timeouts: {implicit: 0, pageLoad: 300000, script: 30000}, unhandledPromptBehavior: dismiss and notify, webauthn:extension:credBlob: true, webauthn:extension:largeBlob: true, webauthn:extension:minPinLength: true, webauthn:extension:prf: true, webauthn:virtualAuthenticators: true}
Element: [[ChromeDriver: chrome on windows (937905abe1e91b515f960d9fa6849c47)] -> xpath: //yt-multi-page-menu-section-renderer[@class='style-scope ytd-multi-page-menu-renderer']//yt-formatted-string[@id='label' and text()='Ελληνικά']]
Session ID: 937905abe1e91b515f960d9fa6849c47
2026-02-26 18:48:25.299 [TestNG-test-Yt Master Tests-2] INFO  [verifyingGlobalFilterLandingPage] Closing WebDriver for thread: 35
2026-02-26 18:48:56.327 [TestNG-test-Yt Master Tests-2] INFO  [verifyingGlobalFilterLandingPage] WebDriver instance removed from ThreadLocal for thread: 35
2026-02-26 18:48:56.327 [TestNG-test-Yt Master Tests-2] INFO  [verifyingGlobalFilterLandingPage] Driver closed for test: verifyingGlobalFilterLandingPage
