2026-03-05 19:19:57.697 [TestNG-test-Yt Master Tests-2] INFO  [verifyingSideMenuCollapsedLangAsInSettings] ===== STARTING TEST: verifyingSideMenuCollapsedLangAsInSettings  | Thread: 35 =====
2026-03-05 19:19:57.704 [TestNG-test-Yt Master Tests-2] INFO  [verifyingSideMenuCollapsedLangAsInSettings] No existing WebDriver found for current thread. Initializing a new ChromeDriver...
2026-03-05 19:19:57.721 [TestNG-test-Yt Master Tests-2] INFO  [verifyingSideMenuCollapsedLangAsInSettings] WebDriverManager: chromedriver setup OK
2026-03-05 19:19:59.173 [TestNG-test-Yt Master Tests-2] INFO  [verifyingSideMenuCollapsedLangAsInSettings] ChromeDriver initialized successfully for thread: 35
2026-03-05 19:19:59.173 [TestNG-test-Yt Master Tests-2] INFO  [verifyingSideMenuCollapsedLangAsInSettings] Driver initialized successfully for test: verifyingSideMenuCollapsedLangAsInSettings
2026-03-05 19:19:59.174 [TestNG-test-Yt Master Tests-2] INFO  [verifyingSideMenuCollapsedLangAsInSettings] SafeActions initialized with driver ChromeDriver: chrome on windows (cfd994645f87a5a81509740c159294bb)
2026-03-05 19:19:59.174 [TestNG-test-Yt Master Tests-2] INFO  [verifyingSideMenuCollapsedLangAsInSettings] Initialized YtLandingPage with driver: ChromeDriver: chrome on windows (cfd994645f87a5a81509740c159294bb)
2026-03-05 19:19:59.174 [TestNG-test-Yt Master Tests-2] INFO  [verifyingSideMenuCollapsedLangAsInSettings] SafeActions initialized with driver ChromeDriver: chrome on windows (cfd994645f87a5a81509740c159294bb)
2026-03-05 19:20:01.728 [TestNG-test-Yt Master Tests-2] INFO  [verifyingSideMenuCollapsedLangAsInSettings] Opened YouTube landing page.
2026-03-05 19:20:01.728 [TestNG-test-Yt Master Tests-2] INFO  [verifyingSideMenuCollapsedLangAsInSettings] Clicking left ellipses in the landing page
2026-03-05 19:20:01.728 [TestNG-test-Yt Master Tests-2] INFO  [verifyingSideMenuCollapsedLangAsInSettings] [verifyingSideMenuCollapsedLangAsInSettings] Trying to find element: By.xpath: //ytd-topbar-logo-renderer[@id='logo']/preceding-sibling::*[@id='guide-button']
2026-03-05 19:20:02.011 [TestNG-test-Yt Master Tests-2] INFO  [verifyingSideMenuCollapsedLangAsInSettings] [verifyingSideMenuCollapsedLangAsInSettings] Element found and ready (attempt 1): By.xpath: //ytd-topbar-logo-renderer[@id='logo']/preceding-sibling::*[@id='guide-button']
2026-03-05 19:20:02.140 [TestNG-test-Yt Master Tests-2] INFO  [verifyingSideMenuCollapsedLangAsInSettings] Clicking settings ellipses button...
2026-03-05 19:20:02.213 [TestNG-test-Yt Master Tests-2] INFO  [verifyingSideMenuCollapsedLangAsInSettings] [verifyingSideMenuCollapsedLangAsInSettings] Trying to find element: By.xpath: //ytd-topbar-menu-button-renderer[@class='style-scope ytd-masthead style-default']
2026-03-05 19:20:02.306 [TestNG-test-Yt Master Tests-2] INFO  [verifyingSideMenuCollapsedLangAsInSettings] [verifyingSideMenuCollapsedLangAsInSettings] Element found and ready (attempt 1): By.xpath: //ytd-topbar-menu-button-renderer[@class='style-scope ytd-masthead style-default']
2026-03-05 19:20:02.447 [TestNG-test-Yt Master Tests-2] INFO  [verifyingSideMenuCollapsedLangAsInSettings] Clicking language dropdown...
2026-03-05 19:20:02.447 [TestNG-test-Yt Master Tests-2] INFO  [verifyingSideMenuCollapsedLangAsInSettings] [verifyingSideMenuCollapsedLangAsInSettings] Trying to find element: By.xpath: (//div[@id='content-icon'])[2]
2026-03-05 19:20:03.125 [TestNG-test-Yt Master Tests-2] INFO  [verifyingSideMenuCollapsedLangAsInSettings] [verifyingSideMenuCollapsedLangAsInSettings] Element found and ready (attempt 1): By.xpath: (//div[@id='content-icon'])[2]
2026-03-05 19:20:03.626 [TestNG-test-Yt Master Tests-2] INFO  [verifyingSideMenuCollapsedLangAsInSettings] [verifyingSideMenuCollapsedLangAsInSettings] Execution is scheduled type /CRON Job on CI Hence refering to CI keys from UtilData
2026-03-05 19:20:03.627 [TestNG-test-Yt Master Tests-2] INFO  [verifyingSideMenuCollapsedLangAsInSettings] Looking for language element with name: Afrikaans
2026-03-05 19:20:03.627 [TestNG-test-Yt Master Tests-2] INFO  [verifyingSideMenuCollapsedLangAsInSettings] [verifyingSideMenuCollapsedLangAsInSettings] Trying to find element: By.xpath: //yt-multi-page-menu-section-renderer[@class='style-scope ytd-multi-page-menu-renderer']//yt-formatted-string[@id='label' and text()='Afrikaans']
2026-03-05 19:20:03.781 [TestNG-test-Yt Master Tests-2] INFO  [verifyingSideMenuCollapsedLangAsInSettings] [verifyingSideMenuCollapsedLangAsInSettings] Element found and ready (attempt 1): By.xpath: //yt-multi-page-menu-section-renderer[@class='style-scope ytd-multi-page-menu-renderer']//yt-formatted-string[@id='label' and text()='Afrikaans']
2026-03-05 19:20:03.781 [TestNG-test-Yt Master Tests-2] INFO  [verifyingSideMenuCollapsedLangAsInSettings] [verifyingSideMenuCollapsedLangAsInSettings] Trying to find element: By.xpath: //yt-multi-page-menu-section-renderer[@class='style-scope ytd-multi-page-menu-renderer']//yt-formatted-string[@id='label' and text()='Afrikaans']
2026-03-05 19:20:03.861 [TestNG-test-Yt Master Tests-2] INFO  [verifyingSideMenuCollapsedLangAsInSettings] [verifyingSideMenuCollapsedLangAsInSettings] Element found and ready (attempt 1): By.xpath: //yt-multi-page-menu-section-renderer[@class='style-scope ytd-multi-page-menu-renderer']//yt-formatted-string[@id='label' and text()='Afrikaans']
2026-03-05 19:20:05.725 [TestNG-test-Yt Master Tests-2] INFO  [verifyingSideMenuCollapsedLangAsInSettings] Clicking settings ellipses button...
2026-03-05 19:20:05.906 [TestNG-test-Yt Master Tests-2] INFO  [verifyingSideMenuCollapsedLangAsInSettings] [verifyingSideMenuCollapsedLangAsInSettings] Trying to find element: By.xpath: //ytd-topbar-menu-button-renderer[@class='style-scope ytd-masthead style-default']
2026-03-05 19:20:05.964 [TestNG-test-Yt Master Tests-2] INFO  [verifyingSideMenuCollapsedLangAsInSettings] [verifyingSideMenuCollapsedLangAsInSettings] Element found and ready (attempt 1): By.xpath: //ytd-topbar-menu-button-renderer[@class='style-scope ytd-masthead style-default']
2026-03-05 19:20:06.107 [TestNG-test-Yt Master Tests-2] INFO  [verifyingSideMenuCollapsedLangAsInSettings] [verifyingSideMenuCollapsedLangAsInSettings] Waiting until element is visible in viewport
2026-03-05 19:20:06.605 [TestNG-test-Yt Master Tests-2] INFO  [verifyingSideMenuCollapsedLangAsInSettings] [verifyingSideMenuCollapsedLangAsInSettings] Capturing screenshot: Filter Applied is Afrikaans__2026-03-05_192006.jpg
2026-03-05 19:20:06.877 [TestNG-test-Yt Master Tests-2] INFO  [verifyingSideMenuCollapsedLangAsInSettings] [verifyingSideMenuCollapsedLangAsInSettings] Screenshot saved at: test-output/screenshots/Run_2026-03-05_19-02-45/verifyingSideMenuCollapsedLangAsInSettings/Filter Applied is Afrikaans__2026-03-05_192006.jpg
2026-03-05 19:20:06.877 [TestNG-test-Yt Master Tests-2] INFO  [verifyingSideMenuCollapsedLangAsInSettings] Clicking settings ellipses button...
2026-03-05 19:20:06.980 [TestNG-test-Yt Master Tests-2] INFO  [verifyingSideMenuCollapsedLangAsInSettings] [verifyingSideMenuCollapsedLangAsInSettings] Trying to find element: By.xpath: //ytd-topbar-menu-button-renderer[@class='style-scope ytd-masthead style-default']
2026-03-05 19:20:07.070 [TestNG-test-Yt Master Tests-2] INFO  [verifyingSideMenuCollapsedLangAsInSettings] [verifyingSideMenuCollapsedLangAsInSettings] Element found and ready (attempt 1): By.xpath: //ytd-topbar-menu-button-renderer[@class='style-scope ytd-masthead style-default']
2026-03-05 19:20:07.175 [TestNG-test-Yt Master Tests-2] INFO  [verifyingSideMenuCollapsedLangAsInSettings] getLangAttribute() - locating <html> and reading lang property
2026-03-05 19:20:07.248 [TestNG-test-Yt Master Tests-2] INFO  [verifyingSideMenuCollapsedLangAsInSettings] Language attribute read: af-ZA
2026-03-05 19:20:07.248 [TestNG-test-Yt Master Tests-2] INFO  [verifyingSideMenuCollapsedLangAsInSettings] Fetching the side menu in collapsed view
2026-03-05 19:20:07.248 [TestNG-test-Yt Master Tests-2] INFO  [verifyingSideMenuCollapsedLangAsInSettings] [verifyingSideMenuCollapsedLangAsInSettings] Finding elements list: By.xpath: //ytd-mini-guide-renderer[@class='style-scope ytd-app']//ytd-mini-guide-entry-renderer
2026-03-05 19:20:07.328 [TestNG-test-Yt Master Tests-2] INFO  [verifyingSideMenuCollapsedLangAsInSettings] [verifyingSideMenuCollapsedLangAsInSettings] Found 4 ready elements (attempt 1): By.xpath: //ytd-mini-guide-renderer[@class='style-scope ytd-app']//ytd-mini-guide-entry-renderer
2026-03-05 19:20:07.505 [TestNG-test-Yt Master Tests-2] INFO  [verifyingSideMenuCollapsedLangAsInSettings] Clicking settings ellipses button...
2026-03-05 19:20:07.530 [TestNG-test-Yt Master Tests-2] INFO  [verifyingSideMenuCollapsedLangAsInSettings] [verifyingSideMenuCollapsedLangAsInSettings] Trying to find element: By.xpath: //ytd-topbar-menu-button-renderer[@class='style-scope ytd-masthead style-default']
2026-03-05 19:20:07.597 [TestNG-test-Yt Master Tests-2] INFO  [verifyingSideMenuCollapsedLangAsInSettings] [verifyingSideMenuCollapsedLangAsInSettings] Element found and ready (attempt 1): By.xpath: //ytd-topbar-menu-button-renderer[@class='style-scope ytd-masthead style-default']
2026-03-05 19:20:07.674 [TestNG-test-Yt Master Tests-2] INFO  [verifyingSideMenuCollapsedLangAsInSettings] Clicking language dropdown...
2026-03-05 19:20:07.674 [TestNG-test-Yt Master Tests-2] INFO  [verifyingSideMenuCollapsedLangAsInSettings] [verifyingSideMenuCollapsedLangAsInSettings] Trying to find element: By.xpath: (//div[@id='content-icon'])[2]
2026-03-05 19:20:08.238 [TestNG-test-Yt Master Tests-2] INFO  [verifyingSideMenuCollapsedLangAsInSettings] [verifyingSideMenuCollapsedLangAsInSettings] Element found and ready (attempt 1): By.xpath: (//div[@id='content-icon'])[2]
2026-03-05 19:20:08.724 [TestNG-test-Yt Master Tests-2] INFO  [verifyingSideMenuCollapsedLangAsInSettings] Looking for language element with name: Azərbaycan
2026-03-05 19:20:08.724 [TestNG-test-Yt Master Tests-2] INFO  [verifyingSideMenuCollapsedLangAsInSettings] [verifyingSideMenuCollapsedLangAsInSettings] Trying to find element: By.xpath: //yt-multi-page-menu-section-renderer[@class='style-scope ytd-multi-page-menu-renderer']//yt-formatted-string[@id='label' and text()='Azərbaycan']
2026-03-05 19:20:08.846 [TestNG-test-Yt Master Tests-2] INFO  [verifyingSideMenuCollapsedLangAsInSettings] [verifyingSideMenuCollapsedLangAsInSettings] Element found and ready (attempt 1): By.xpath: //yt-multi-page-menu-section-renderer[@class='style-scope ytd-multi-page-menu-renderer']//yt-formatted-string[@id='label' and text()='Azərbaycan']
2026-03-05 19:20:08.846 [TestNG-test-Yt Master Tests-2] INFO  [verifyingSideMenuCollapsedLangAsInSettings] [verifyingSideMenuCollapsedLangAsInSettings] Trying to find element: By.xpath: //yt-multi-page-menu-section-renderer[@class='style-scope ytd-multi-page-menu-renderer']//yt-formatted-string[@id='label' and text()='Azərbaycan']
2026-03-05 19:20:08.928 [TestNG-test-Yt Master Tests-2] INFO  [verifyingSideMenuCollapsedLangAsInSettings] [verifyingSideMenuCollapsedLangAsInSettings] Element found and ready (attempt 1): By.xpath: //yt-multi-page-menu-section-renderer[@class='style-scope ytd-multi-page-menu-renderer']//yt-formatted-string[@id='label' and text()='Azərbaycan']
2026-03-05 19:20:09.766 [TestNG-test-Yt Master Tests-2] INFO  [verifyingSideMenuCollapsedLangAsInSettings] Clicking settings ellipses button...
2026-03-05 19:20:09.917 [TestNG-test-Yt Master Tests-2] INFO  [verifyingSideMenuCollapsedLangAsInSettings] [verifyingSideMenuCollapsedLangAsInSettings] Trying to find element: By.xpath: //ytd-topbar-menu-button-renderer[@class='style-scope ytd-masthead style-default']
2026-03-05 19:20:10.052 [TestNG-test-Yt Master Tests-2] INFO  [verifyingSideMenuCollapsedLangAsInSettings] [verifyingSideMenuCollapsedLangAsInSettings] Element found and ready (attempt 1): By.xpath: //ytd-topbar-menu-button-renderer[@class='style-scope ytd-masthead style-default']
2026-03-05 19:20:10.520 [TestNG-test-Yt Master Tests-2] INFO  [verifyingSideMenuCollapsedLangAsInSettings] [verifyingSideMenuCollapsedLangAsInSettings] Waiting until element is visible in viewport
2026-03-05 19:20:10.563 [TestNG-test-Yt Master Tests-2] INFO  [verifyingSideMenuCollapsedLangAsInSettings] [verifyingSideMenuCollapsedLangAsInSettings] Capturing screenshot: Filter Applied is Azərbaycan__2026-03-05_192010.jpg
2026-03-05 19:20:10.918 [TestNG-test-Yt Master Tests-2] INFO  [verifyingSideMenuCollapsedLangAsInSettings] [verifyingSideMenuCollapsedLangAsInSettings] Screenshot saved at: test-output/screenshots/Run_2026-03-05_19-02-45/verifyingSideMenuCollapsedLangAsInSettings/Filter Applied is Azərbaycan__2026-03-05_192010.jpg
2026-03-05 19:20:10.918 [TestNG-test-Yt Master Tests-2] INFO  [verifyingSideMenuCollapsedLangAsInSettings] Clicking settings ellipses button...
2026-03-05 19:20:10.942 [TestNG-test-Yt Master Tests-2] INFO  [verifyingSideMenuCollapsedLangAsInSettings] [verifyingSideMenuCollapsedLangAsInSettings] Trying to find element: By.xpath: //ytd-topbar-menu-button-renderer[@class='style-scope ytd-masthead style-default']
2026-03-05 19:20:11.002 [TestNG-test-Yt Master Tests-2] INFO  [verifyingSideMenuCollapsedLangAsInSettings] [verifyingSideMenuCollapsedLangAsInSettings] Element found and ready (attempt 1): By.xpath: //ytd-topbar-menu-button-renderer[@class='style-scope ytd-masthead style-default']
2026-03-05 19:20:11.078 [TestNG-test-Yt Master Tests-2] INFO  [verifyingSideMenuCollapsedLangAsInSettings] getLangAttribute() - locating <html> and reading lang property
2026-03-05 19:20:11.100 [TestNG-test-Yt Master Tests-2] INFO  [verifyingSideMenuCollapsedLangAsInSettings] Language attribute read: az-Latn-AZ
2026-03-05 19:20:11.100 [TestNG-test-Yt Master Tests-2] INFO  [verifyingSideMenuCollapsedLangAsInSettings] Fetching the side menu in collapsed view
2026-03-05 19:20:11.100 [TestNG-test-Yt Master Tests-2] INFO  [verifyingSideMenuCollapsedLangAsInSettings] [verifyingSideMenuCollapsedLangAsInSettings] Finding elements list: By.xpath: //ytd-mini-guide-renderer[@class='style-scope ytd-app']//ytd-mini-guide-entry-renderer
2026-03-05 19:20:11.168 [TestNG-test-Yt Master Tests-2] INFO  [verifyingSideMenuCollapsedLangAsInSettings] [verifyingSideMenuCollapsedLangAsInSettings] Found 4 ready elements (attempt 1): By.xpath: //ytd-mini-guide-renderer[@class='style-scope ytd-app']//ytd-mini-guide-entry-renderer
2026-03-05 19:20:11.259 [TestNG-test-Yt Master Tests-2] INFO  [verifyingSideMenuCollapsedLangAsInSettings] Clicking settings ellipses button...
2026-03-05 19:20:11.283 [TestNG-test-Yt Master Tests-2] INFO  [verifyingSideMenuCollapsedLangAsInSettings] [verifyingSideMenuCollapsedLangAsInSettings] Trying to find element: By.xpath: //ytd-topbar-menu-button-renderer[@class='style-scope ytd-masthead style-default']
2026-03-05 19:20:11.342 [TestNG-test-Yt Master Tests-2] INFO  [verifyingSideMenuCollapsedLangAsInSettings] [verifyingSideMenuCollapsedLangAsInSettings] Element found and ready (attempt 1): By.xpath: //ytd-topbar-menu-button-renderer[@class='style-scope ytd-masthead style-default']
2026-03-05 19:20:11.413 [TestNG-test-Yt Master Tests-2] INFO  [verifyingSideMenuCollapsedLangAsInSettings] Clicking language dropdown...
2026-03-05 19:20:11.413 [TestNG-test-Yt Master Tests-2] INFO  [verifyingSideMenuCollapsedLangAsInSettings] [verifyingSideMenuCollapsedLangAsInSettings] Trying to find element: By.xpath: (//div[@id='content-icon'])[2]
2026-03-05 19:20:11.995 [TestNG-test-Yt Master Tests-2] INFO  [verifyingSideMenuCollapsedLangAsInSettings] [verifyingSideMenuCollapsedLangAsInSettings] Element found and ready (attempt 1): By.xpath: (//div[@id='content-icon'])[2]
2026-03-05 19:20:12.386 [TestNG-test-Yt Master Tests-2] INFO  [verifyingSideMenuCollapsedLangAsInSettings] Looking for language element with name: Bahasa Indonesia
2026-03-05 19:20:12.386 [TestNG-test-Yt Master Tests-2] INFO  [verifyingSideMenuCollapsedLangAsInSettings] [verifyingSideMenuCollapsedLangAsInSettings] Trying to find element: By.xpath: //yt-multi-page-menu-section-renderer[@class='style-scope ytd-multi-page-menu-renderer']//yt-formatted-string[@id='label' and text()='Bahasa Indonesia']
2026-03-05 19:20:12.536 [TestNG-test-Yt Master Tests-2] INFO  [verifyingSideMenuCollapsedLangAsInSettings] [verifyingSideMenuCollapsedLangAsInSettings] Element found and ready (attempt 1): By.xpath: //yt-multi-page-menu-section-renderer[@class='style-scope ytd-multi-page-menu-renderer']//yt-formatted-string[@id='label' and text()='Bahasa Indonesia']
2026-03-05 19:20:12.536 [TestNG-test-Yt Master Tests-2] INFO  [verifyingSideMenuCollapsedLangAsInSettings] [verifyingSideMenuCollapsedLangAsInSettings] Trying to find element: By.xpath: //yt-multi-page-menu-section-renderer[@class='style-scope ytd-multi-page-menu-renderer']//yt-formatted-string[@id='label' and text()='Bahasa Indonesia']
2026-03-05 19:20:12.614 [TestNG-test-Yt Master Tests-2] INFO  [verifyingSideMenuCollapsedLangAsInSettings] [verifyingSideMenuCollapsedLangAsInSettings] Element found and ready (attempt 1): By.xpath: //yt-multi-page-menu-section-renderer[@class='style-scope ytd-multi-page-menu-renderer']//yt-formatted-string[@id='label' and text()='Bahasa Indonesia']
2026-03-05 19:20:13.680 [TestNG-test-Yt Master Tests-2] INFO  [verifyingSideMenuCollapsedLangAsInSettings] Clicking settings ellipses button...
2026-03-05 19:20:13.858 [TestNG-test-Yt Master Tests-2] INFO  [verifyingSideMenuCollapsedLangAsInSettings] [verifyingSideMenuCollapsedLangAsInSettings] Trying to find element: By.xpath: //ytd-topbar-menu-button-renderer[@class='style-scope ytd-masthead style-default']
2026-03-05 19:20:13.931 [TestNG-test-Yt Master Tests-2] INFO  [verifyingSideMenuCollapsedLangAsInSettings] [verifyingSideMenuCollapsedLangAsInSettings] Element found and ready (attempt 1): By.xpath: //ytd-topbar-menu-button-renderer[@class='style-scope ytd-masthead style-default']
2026-03-05 19:20:14.324 [TestNG-test-Yt Master Tests-2] INFO  [verifyingSideMenuCollapsedLangAsInSettings] [verifyingSideMenuCollapsedLangAsInSettings] Waiting until element is visible in viewport
2026-03-05 19:20:14.387 [TestNG-test-Yt Master Tests-2] INFO  [verifyingSideMenuCollapsedLangAsInSettings] [verifyingSideMenuCollapsedLangAsInSettings] Capturing screenshot: Filter Applied is Bahasa Indonesia__2026-03-05_192014.jpg
2026-03-05 19:20:14.671 [TestNG-test-Yt Master Tests-2] INFO  [verifyingSideMenuCollapsedLangAsInSettings] [verifyingSideMenuCollapsedLangAsInSettings] Screenshot saved at: test-output/screenshots/Run_2026-03-05_19-02-45/verifyingSideMenuCollapsedLangAsInSettings/Filter Applied is Bahasa Indonesia__2026-03-05_192014.jpg
2026-03-05 19:20:14.671 [TestNG-test-Yt Master Tests-2] INFO  [verifyingSideMenuCollapsedLangAsInSettings] Clicking settings ellipses button...
2026-03-05 19:20:14.695 [TestNG-test-Yt Master Tests-2] INFO  [verifyingSideMenuCollapsedLangAsInSettings] [verifyingSideMenuCollapsedLangAsInSettings] Trying to find element: By.xpath: //ytd-topbar-menu-button-renderer[@class='style-scope ytd-masthead style-default']
2026-03-05 19:20:14.757 [TestNG-test-Yt Master Tests-2] INFO  [verifyingSideMenuCollapsedLangAsInSettings] [verifyingSideMenuCollapsedLangAsInSettings] Element found and ready (attempt 1): By.xpath: //ytd-topbar-menu-button-renderer[@class='style-scope ytd-masthead style-default']
2026-03-05 19:20:14.824 [TestNG-test-Yt Master Tests-2] INFO  [verifyingSideMenuCollapsedLangAsInSettings] getLangAttribute() - locating <html> and reading lang property
2026-03-05 19:20:14.839 [TestNG-test-Yt Master Tests-2] INFO  [verifyingSideMenuCollapsedLangAsInSettings] Language attribute read: id-ID
2026-03-05 19:20:14.839 [TestNG-test-Yt Master Tests-2] INFO  [verifyingSideMenuCollapsedLangAsInSettings] Fetching the side menu in collapsed view
2026-03-05 19:20:14.839 [TestNG-test-Yt Master Tests-2] INFO  [verifyingSideMenuCollapsedLangAsInSettings] [verifyingSideMenuCollapsedLangAsInSettings] Finding elements list: By.xpath: //ytd-mini-guide-renderer[@class='style-scope ytd-app']//ytd-mini-guide-entry-renderer
2026-03-05 19:20:14.984 [TestNG-test-Yt Master Tests-2] INFO  [verifyingSideMenuCollapsedLangAsInSettings] [verifyingSideMenuCollapsedLangAsInSettings] Found 4 ready elements (attempt 1): By.xpath: //ytd-mini-guide-renderer[@class='style-scope ytd-app']//ytd-mini-guide-entry-renderer
2026-03-05 19:20:15.120 [TestNG-test-Yt Master Tests-2] INFO  [verifyingSideMenuCollapsedLangAsInSettings] Clicking settings ellipses button...
2026-03-05 19:20:15.145 [TestNG-test-Yt Master Tests-2] INFO  [verifyingSideMenuCollapsedLangAsInSettings] [verifyingSideMenuCollapsedLangAsInSettings] Trying to find element: By.xpath: //ytd-topbar-menu-button-renderer[@class='style-scope ytd-masthead style-default']
2026-03-05 19:20:15.239 [TestNG-test-Yt Master Tests-2] INFO  [verifyingSideMenuCollapsedLangAsInSettings] [verifyingSideMenuCollapsedLangAsInSettings] Element found and ready (attempt 1): By.xpath: //ytd-topbar-menu-button-renderer[@class='style-scope ytd-masthead style-default']
2026-03-05 19:20:15.336 [TestNG-test-Yt Master Tests-2] INFO  [verifyingSideMenuCollapsedLangAsInSettings] Clicking language dropdown...
2026-03-05 19:20:15.336 [TestNG-test-Yt Master Tests-2] INFO  [verifyingSideMenuCollapsedLangAsInSettings] [verifyingSideMenuCollapsedLangAsInSettings] Trying to find element: By.xpath: (//div[@id='content-icon'])[2]
2026-03-05 19:20:15.909 [TestNG-test-Yt Master Tests-2] INFO  [verifyingSideMenuCollapsedLangAsInSettings] [verifyingSideMenuCollapsedLangAsInSettings] Element found and ready (attempt 1): By.xpath: (//div[@id='content-icon'])[2]
2026-03-05 19:20:16.278 [TestNG-test-Yt Master Tests-2] INFO  [verifyingSideMenuCollapsedLangAsInSettings] Looking for language element with name: Bosanski
2026-03-05 19:20:16.278 [TestNG-test-Yt Master Tests-2] INFO  [verifyingSideMenuCollapsedLangAsInSettings] [verifyingSideMenuCollapsedLangAsInSettings] Trying to find element: By.xpath: //yt-multi-page-menu-section-renderer[@class='style-scope ytd-multi-page-menu-renderer']//yt-formatted-string[@id='label' and text()='Bosanski']
2026-03-05 19:20:16.394 [TestNG-test-Yt Master Tests-2] INFO  [verifyingSideMenuCollapsedLangAsInSettings] [verifyingSideMenuCollapsedLangAsInSettings] Element found and ready (attempt 1): By.xpath: //yt-multi-page-menu-section-renderer[@class='style-scope ytd-multi-page-menu-renderer']//yt-formatted-string[@id='label' and text()='Bosanski']
2026-03-05 19:20:16.394 [TestNG-test-Yt Master Tests-2] INFO  [verifyingSideMenuCollapsedLangAsInSettings] [verifyingSideMenuCollapsedLangAsInSettings] Trying to find element: By.xpath: //yt-multi-page-menu-section-renderer[@class='style-scope ytd-multi-page-menu-renderer']//yt-formatted-string[@id='label' and text()='Bosanski']
2026-03-05 19:20:16.459 [TestNG-test-Yt Master Tests-2] INFO  [verifyingSideMenuCollapsedLangAsInSettings] [verifyingSideMenuCollapsedLangAsInSettings] Element found and ready (attempt 1): By.xpath: //yt-multi-page-menu-section-renderer[@class='style-scope ytd-multi-page-menu-renderer']//yt-formatted-string[@id='label' and text()='Bosanski']
2026-03-05 19:20:17.474 [TestNG-test-Yt Master Tests-2] INFO  [verifyingSideMenuCollapsedLangAsInSettings] Clicking settings ellipses button...
2026-03-05 19:20:17.558 [TestNG-test-Yt Master Tests-2] INFO  [verifyingSideMenuCollapsedLangAsInSettings] [verifyingSideMenuCollapsedLangAsInSettings] Trying to find element: By.xpath: //ytd-topbar-menu-button-renderer[@class='style-scope ytd-masthead style-default']
2026-03-05 19:20:17.625 [TestNG-test-Yt Master Tests-2] INFO  [verifyingSideMenuCollapsedLangAsInSettings] [verifyingSideMenuCollapsedLangAsInSettings] Element found and ready (attempt 1): By.xpath: //ytd-topbar-menu-button-renderer[@class='style-scope ytd-masthead style-default']
2026-03-05 19:20:17.975 [TestNG-test-Yt Master Tests-2] INFO  [verifyingSideMenuCollapsedLangAsInSettings] [verifyingSideMenuCollapsedLangAsInSettings] Waiting until element is visible in viewport
2026-03-05 19:20:18.094 [TestNG-test-Yt Master Tests-2] INFO  [verifyingSideMenuCollapsedLangAsInSettings] [verifyingSideMenuCollapsedLangAsInSettings] Capturing screenshot: Filter Applied is Bosanski__2026-03-05_192018.jpg
2026-03-05 19:20:18.416 [TestNG-test-Yt Master Tests-2] INFO  [verifyingSideMenuCollapsedLangAsInSettings] [verifyingSideMenuCollapsedLangAsInSettings] Screenshot saved at: test-output/screenshots/Run_2026-03-05_19-02-45/verifyingSideMenuCollapsedLangAsInSettings/Filter Applied is Bosanski__2026-03-05_192018.jpg
2026-03-05 19:20:18.416 [TestNG-test-Yt Master Tests-2] INFO  [verifyingSideMenuCollapsedLangAsInSettings] Clicking settings ellipses button...
2026-03-05 19:20:18.438 [TestNG-test-Yt Master Tests-2] INFO  [verifyingSideMenuCollapsedLangAsInSettings] [verifyingSideMenuCollapsedLangAsInSettings] Trying to find element: By.xpath: //ytd-topbar-menu-button-renderer[@class='style-scope ytd-masthead style-default']
2026-03-05 19:20:18.496 [TestNG-test-Yt Master Tests-2] INFO  [verifyingSideMenuCollapsedLangAsInSettings] [verifyingSideMenuCollapsedLangAsInSettings] Element found and ready (attempt 1): By.xpath: //ytd-topbar-menu-button-renderer[@class='style-scope ytd-masthead style-default']
2026-03-05 19:20:18.551 [TestNG-test-Yt Master Tests-2] INFO  [verifyingSideMenuCollapsedLangAsInSettings] getLangAttribute() - locating <html> and reading lang property
2026-03-05 19:20:18.565 [TestNG-test-Yt Master Tests-2] INFO  [verifyingSideMenuCollapsedLangAsInSettings] Language attribute read: bs-Latn-BA
2026-03-05 19:20:18.565 [TestNG-test-Yt Master Tests-2] INFO  [verifyingSideMenuCollapsedLangAsInSettings] Fetching the side menu in collapsed view
2026-03-05 19:20:18.565 [TestNG-test-Yt Master Tests-2] INFO  [verifyingSideMenuCollapsedLangAsInSettings] [verifyingSideMenuCollapsedLangAsInSettings] Finding elements list: By.xpath: //ytd-mini-guide-renderer[@class='style-scope ytd-app']//ytd-mini-guide-entry-renderer
2026-03-05 19:20:18.625 [TestNG-test-Yt Master Tests-2] INFO  [verifyingSideMenuCollapsedLangAsInSettings] [verifyingSideMenuCollapsedLangAsInSettings] Found 4 ready elements (attempt 1): By.xpath: //ytd-mini-guide-renderer[@class='style-scope ytd-app']//ytd-mini-guide-entry-renderer
2026-03-05 19:20:18.813 [TestNG-test-Yt Master Tests-2] INFO  [verifyingSideMenuCollapsedLangAsInSettings] Clicking settings ellipses button...
2026-03-05 19:20:18.838 [TestNG-test-Yt Master Tests-2] INFO  [verifyingSideMenuCollapsedLangAsInSettings] [verifyingSideMenuCollapsedLangAsInSettings] Trying to find element: By.xpath: //ytd-topbar-menu-button-renderer[@class='style-scope ytd-masthead style-default']
2026-03-05 19:20:18.924 [TestNG-test-Yt Master Tests-2] INFO  [verifyingSideMenuCollapsedLangAsInSettings] [verifyingSideMenuCollapsedLangAsInSettings] Element found and ready (attempt 1): By.xpath: //ytd-topbar-menu-button-renderer[@class='style-scope ytd-masthead style-default']
2026-03-05 19:20:19.015 [TestNG-test-Yt Master Tests-2] INFO  [verifyingSideMenuCollapsedLangAsInSettings] Clicking language dropdown...
2026-03-05 19:20:19.015 [TestNG-test-Yt Master Tests-2] INFO  [verifyingSideMenuCollapsedLangAsInSettings] [verifyingSideMenuCollapsedLangAsInSettings] Trying to find element: By.xpath: (//div[@id='content-icon'])[2]
2026-03-05 19:20:19.358 [TestNG-test-Yt Master Tests-2] INFO  [verifyingSideMenuCollapsedLangAsInSettings] [verifyingSideMenuCollapsedLangAsInSettings] Element found and ready (attempt 1): By.xpath: (//div[@id='content-icon'])[2]
2026-03-05 19:20:19.803 [TestNG-test-Yt Master Tests-2] INFO  [verifyingSideMenuCollapsedLangAsInSettings] Looking for language element with name: Català
2026-03-05 19:20:19.803 [TestNG-test-Yt Master Tests-2] INFO  [verifyingSideMenuCollapsedLangAsInSettings] [verifyingSideMenuCollapsedLangAsInSettings] Trying to find element: By.xpath: //yt-multi-page-menu-section-renderer[@class='style-scope ytd-multi-page-menu-renderer']//yt-formatted-string[@id='label' and text()='Català']
2026-03-05 19:20:19.936 [TestNG-test-Yt Master Tests-2] INFO  [verifyingSideMenuCollapsedLangAsInSettings] [verifyingSideMenuCollapsedLangAsInSettings] Element found and ready (attempt 1): By.xpath: //yt-multi-page-menu-section-renderer[@class='style-scope ytd-multi-page-menu-renderer']//yt-formatted-string[@id='label' and text()='Català']
2026-03-05 19:20:19.936 [TestNG-test-Yt Master Tests-2] INFO  [verifyingSideMenuCollapsedLangAsInSettings] [verifyingSideMenuCollapsedLangAsInSettings] Trying to find element: By.xpath: //yt-multi-page-menu-section-renderer[@class='style-scope ytd-multi-page-menu-renderer']//yt-formatted-string[@id='label' and text()='Català']
2026-03-05 19:20:20.007 [TestNG-test-Yt Master Tests-2] INFO  [verifyingSideMenuCollapsedLangAsInSettings] [verifyingSideMenuCollapsedLangAsInSettings] Element found and ready (attempt 1): By.xpath: //yt-multi-page-menu-section-renderer[@class='style-scope ytd-multi-page-menu-renderer']//yt-formatted-string[@id='label' and text()='Català']
2026-03-05 19:20:21.110 [TestNG-test-Yt Master Tests-2] INFO  [verifyingSideMenuCollapsedLangAsInSettings] Clicking settings ellipses button...
2026-03-05 19:20:21.144 [TestNG-test-Yt Master Tests-2] INFO  [verifyingSideMenuCollapsedLangAsInSettings] [verifyingSideMenuCollapsedLangAsInSettings] Trying to find element: By.xpath: //ytd-topbar-menu-button-renderer[@class='style-scope ytd-masthead style-default']
2026-03-05 19:20:21.336 [TestNG-test-Yt Master Tests-2] INFO  [verifyingSideMenuCollapsedLangAsInSettings] [verifyingSideMenuCollapsedLangAsInSettings] Element found and ready (attempt 1): By.xpath: //ytd-topbar-menu-button-renderer[@class='style-scope ytd-masthead style-default']
2026-03-05 19:20:21.575 [TestNG-test-Yt Master Tests-2] INFO  [verifyingSideMenuCollapsedLangAsInSettings] [verifyingSideMenuCollapsedLangAsInSettings] Waiting until element is visible in viewport
2026-03-05 19:20:21.824 [TestNG-test-Yt Master Tests-2] INFO  [verifyingSideMenuCollapsedLangAsInSettings] [verifyingSideMenuCollapsedLangAsInSettings] Capturing screenshot: Filter Applied is Català__2026-03-05_192021.jpg
2026-03-05 19:20:22.151 [TestNG-test-Yt Master Tests-2] INFO  [verifyingSideMenuCollapsedLangAsInSettings] [verifyingSideMenuCollapsedLangAsInSettings] Screenshot saved at: test-output/screenshots/Run_2026-03-05_19-02-45/verifyingSideMenuCollapsedLangAsInSettings/Filter Applied is Català__2026-03-05_192021.jpg
2026-03-05 19:20:22.152 [TestNG-test-Yt Master Tests-2] INFO  [verifyingSideMenuCollapsedLangAsInSettings] Clicking settings ellipses button...
2026-03-05 19:20:22.183 [TestNG-test-Yt Master Tests-2] INFO  [verifyingSideMenuCollapsedLangAsInSettings] [verifyingSideMenuCollapsedLangAsInSettings] Trying to find element: By.xpath: //ytd-topbar-menu-button-renderer[@class='style-scope ytd-masthead style-default']
2026-03-05 19:20:22.240 [TestNG-test-Yt Master Tests-2] INFO  [verifyingSideMenuCollapsedLangAsInSettings] [verifyingSideMenuCollapsedLangAsInSettings] Element found and ready (attempt 1): By.xpath: //ytd-topbar-menu-button-renderer[@class='style-scope ytd-masthead style-default']
2026-03-05 19:20:22.294 [TestNG-test-Yt Master Tests-2] INFO  [verifyingSideMenuCollapsedLangAsInSettings] getLangAttribute() - locating <html> and reading lang property
2026-03-05 19:20:22.308 [TestNG-test-Yt Master Tests-2] INFO  [verifyingSideMenuCollapsedLangAsInSettings] Language attribute read: ca-ES
2026-03-05 19:20:22.308 [TestNG-test-Yt Master Tests-2] INFO  [verifyingSideMenuCollapsedLangAsInSettings] Fetching the side menu in collapsed view
2026-03-05 19:20:22.308 [TestNG-test-Yt Master Tests-2] INFO  [verifyingSideMenuCollapsedLangAsInSettings] [verifyingSideMenuCollapsedLangAsInSettings] Finding elements list: By.xpath: //ytd-mini-guide-renderer[@class='style-scope ytd-app']//ytd-mini-guide-entry-renderer
2026-03-05 19:20:22.375 [TestNG-test-Yt Master Tests-2] INFO  [verifyingSideMenuCollapsedLangAsInSettings] [verifyingSideMenuCollapsedLangAsInSettings] Found 4 ready elements (attempt 1): By.xpath: //ytd-mini-guide-renderer[@class='style-scope ytd-app']//ytd-mini-guide-entry-renderer
2026-03-05 19:20:22.457 [TestNG-test-Yt Master Tests-2] INFO  [verifyingSideMenuCollapsedLangAsInSettings] Clicking settings ellipses button...
2026-03-05 19:20:22.476 [TestNG-test-Yt Master Tests-2] INFO  [verifyingSideMenuCollapsedLangAsInSettings] [verifyingSideMenuCollapsedLangAsInSettings] Trying to find element: By.xpath: //ytd-topbar-menu-button-renderer[@class='style-scope ytd-masthead style-default']
2026-03-05 19:20:22.533 [TestNG-test-Yt Master Tests-2] INFO  [verifyingSideMenuCollapsedLangAsInSettings] [verifyingSideMenuCollapsedLangAsInSettings] Element found and ready (attempt 1): By.xpath: //ytd-topbar-menu-button-renderer[@class='style-scope ytd-masthead style-default']
2026-03-05 19:20:22.619 [TestNG-test-Yt Master Tests-2] INFO  [verifyingSideMenuCollapsedLangAsInSettings] Clicking language dropdown...
2026-03-05 19:20:22.619 [TestNG-test-Yt Master Tests-2] INFO  [verifyingSideMenuCollapsedLangAsInSettings] [verifyingSideMenuCollapsedLangAsInSettings] Trying to find element: By.xpath: (//div[@id='content-icon'])[2]
2026-03-05 19:20:23.191 [TestNG-test-Yt Master Tests-2] INFO  [verifyingSideMenuCollapsedLangAsInSettings] [verifyingSideMenuCollapsedLangAsInSettings] Element found and ready (attempt 1): By.xpath: (//div[@id='content-icon'])[2]
2026-03-05 19:20:23.608 [TestNG-test-Yt Master Tests-2] INFO  [verifyingSideMenuCollapsedLangAsInSettings] Looking for language element with name: Dansk
2026-03-05 19:20:23.608 [TestNG-test-Yt Master Tests-2] INFO  [verifyingSideMenuCollapsedLangAsInSettings] [verifyingSideMenuCollapsedLangAsInSettings] Trying to find element: By.xpath: //yt-multi-page-menu-section-renderer[@class='style-scope ytd-multi-page-menu-renderer']//yt-formatted-string[@id='label' and text()='Dansk']
2026-03-05 19:20:23.725 [TestNG-test-Yt Master Tests-2] INFO  [verifyingSideMenuCollapsedLangAsInSettings] [verifyingSideMenuCollapsedLangAsInSettings] Element found and ready (attempt 1): By.xpath: //yt-multi-page-menu-section-renderer[@class='style-scope ytd-multi-page-menu-renderer']//yt-formatted-string[@id='label' and text()='Dansk']
2026-03-05 19:20:23.725 [TestNG-test-Yt Master Tests-2] INFO  [verifyingSideMenuCollapsedLangAsInSettings] [verifyingSideMenuCollapsedLangAsInSettings] Trying to find element: By.xpath: //yt-multi-page-menu-section-renderer[@class='style-scope ytd-multi-page-menu-renderer']//yt-formatted-string[@id='label' and text()='Dansk']
2026-03-05 19:20:23.793 [TestNG-test-Yt Master Tests-2] INFO  [verifyingSideMenuCollapsedLangAsInSettings] [verifyingSideMenuCollapsedLangAsInSettings] Element found and ready (attempt 1): By.xpath: //yt-multi-page-menu-section-renderer[@class='style-scope ytd-multi-page-menu-renderer']//yt-formatted-string[@id='label' and text()='Dansk']
2026-03-05 19:20:25.106 [TestNG-test-Yt Master Tests-2] INFO  [verifyingSideMenuCollapsedLangAsInSettings] Clicking settings ellipses button...
2026-03-05 19:20:25.127 [TestNG-test-Yt Master Tests-2] INFO  [verifyingSideMenuCollapsedLangAsInSettings] [verifyingSideMenuCollapsedLangAsInSettings] Trying to find element: By.xpath: //ytd-topbar-menu-button-renderer[@class='style-scope ytd-masthead style-default']
2026-03-05 19:20:25.215 [TestNG-test-Yt Master Tests-2] INFO  [verifyingSideMenuCollapsedLangAsInSettings] [verifyingSideMenuCollapsedLangAsInSettings] Element found and ready (attempt 1): By.xpath: //ytd-topbar-menu-button-renderer[@class='style-scope ytd-masthead style-default']
2026-03-05 19:20:25.623 [TestNG-test-Yt Master Tests-2] INFO  [verifyingSideMenuCollapsedLangAsInSettings] [verifyingSideMenuCollapsedLangAsInSettings] Waiting until element is visible in viewport
2026-03-05 19:20:25.844 [TestNG-test-Yt Master Tests-2] INFO  [verifyingSideMenuCollapsedLangAsInSettings] [verifyingSideMenuCollapsedLangAsInSettings] Capturing screenshot: Filter Applied is Dansk__2026-03-05_192025.jpg
2026-03-05 19:20:26.221 [TestNG-test-Yt Master Tests-2] INFO  [verifyingSideMenuCollapsedLangAsInSettings] [verifyingSideMenuCollapsedLangAsInSettings] Screenshot saved at: test-output/screenshots/Run_2026-03-05_19-02-45/verifyingSideMenuCollapsedLangAsInSettings/Filter Applied is Dansk__2026-03-05_192025.jpg
2026-03-05 19:20:26.222 [TestNG-test-Yt Master Tests-2] INFO  [verifyingSideMenuCollapsedLangAsInSettings] Clicking settings ellipses button...
2026-03-05 19:20:26.252 [TestNG-test-Yt Master Tests-2] INFO  [verifyingSideMenuCollapsedLangAsInSettings] [verifyingSideMenuCollapsedLangAsInSettings] Trying to find element: By.xpath: //ytd-topbar-menu-button-renderer[@class='style-scope ytd-masthead style-default']
2026-03-05 19:20:26.315 [TestNG-test-Yt Master Tests-2] INFO  [verifyingSideMenuCollapsedLangAsInSettings] [verifyingSideMenuCollapsedLangAsInSettings] Element found and ready (attempt 1): By.xpath: //ytd-topbar-menu-button-renderer[@class='style-scope ytd-masthead style-default']
2026-03-05 19:20:26.372 [TestNG-test-Yt Master Tests-2] INFO  [verifyingSideMenuCollapsedLangAsInSettings] getLangAttribute() - locating <html> and reading lang property
2026-03-05 19:20:26.385 [TestNG-test-Yt Master Tests-2] INFO  [verifyingSideMenuCollapsedLangAsInSettings] Language attribute read: da-DK
2026-03-05 19:20:26.386 [TestNG-test-Yt Master Tests-2] INFO  [verifyingSideMenuCollapsedLangAsInSettings] Fetching the side menu in collapsed view
2026-03-05 19:20:26.386 [TestNG-test-Yt Master Tests-2] INFO  [verifyingSideMenuCollapsedLangAsInSettings] [verifyingSideMenuCollapsedLangAsInSettings] Finding elements list: By.xpath: //ytd-mini-guide-renderer[@class='style-scope ytd-app']//ytd-mini-guide-entry-renderer
2026-03-05 19:20:26.454 [TestNG-test-Yt Master Tests-2] INFO  [verifyingSideMenuCollapsedLangAsInSettings] [verifyingSideMenuCollapsedLangAsInSettings] Found 4 ready elements (attempt 1): By.xpath: //ytd-mini-guide-renderer[@class='style-scope ytd-app']//ytd-mini-guide-entry-renderer
2026-03-05 19:20:26.621 [TestNG-test-Yt Master Tests-2] INFO  [verifyingSideMenuCollapsedLangAsInSettings] Clicking settings ellipses button...
2026-03-05 19:20:26.647 [TestNG-test-Yt Master Tests-2] INFO  [verifyingSideMenuCollapsedLangAsInSettings] [verifyingSideMenuCollapsedLangAsInSettings] Trying to find element: By.xpath: //ytd-topbar-menu-button-renderer[@class='style-scope ytd-masthead style-default']
2026-03-05 19:20:26.723 [TestNG-test-Yt Master Tests-2] INFO  [verifyingSideMenuCollapsedLangAsInSettings] [verifyingSideMenuCollapsedLangAsInSettings] Element found and ready (attempt 1): By.xpath: //ytd-topbar-menu-button-renderer[@class='style-scope ytd-masthead style-default']
2026-03-05 19:20:26.798 [TestNG-test-Yt Master Tests-2] INFO  [verifyingSideMenuCollapsedLangAsInSettings] Clicking language dropdown...
2026-03-05 19:20:26.798 [TestNG-test-Yt Master Tests-2] INFO  [verifyingSideMenuCollapsedLangAsInSettings] [verifyingSideMenuCollapsedLangAsInSettings] Trying to find element: By.xpath: (//div[@id='content-icon'])[2]
2026-03-05 19:20:27.372 [TestNG-test-Yt Master Tests-2] INFO  [verifyingSideMenuCollapsedLangAsInSettings] [verifyingSideMenuCollapsedLangAsInSettings] Element found and ready (attempt 1): By.xpath: (//div[@id='content-icon'])[2]
2026-03-05 19:20:27.755 [TestNG-test-Yt Master Tests-2] INFO  [verifyingSideMenuCollapsedLangAsInSettings] Looking for language element with name: Deutsch
2026-03-05 19:20:27.755 [TestNG-test-Yt Master Tests-2] INFO  [verifyingSideMenuCollapsedLangAsInSettings] [verifyingSideMenuCollapsedLangAsInSettings] Trying to find element: By.xpath: //yt-multi-page-menu-section-renderer[@class='style-scope ytd-multi-page-menu-renderer']//yt-formatted-string[@id='label' and text()='Deutsch']
2026-03-05 19:20:27.900 [TestNG-test-Yt Master Tests-2] INFO  [verifyingSideMenuCollapsedLangAsInSettings] [verifyingSideMenuCollapsedLangAsInSettings] Element found and ready (attempt 1): By.xpath: //yt-multi-page-menu-section-renderer[@class='style-scope ytd-multi-page-menu-renderer']//yt-formatted-string[@id='label' and text()='Deutsch']
2026-03-05 19:20:27.900 [TestNG-test-Yt Master Tests-2] INFO  [verifyingSideMenuCollapsedLangAsInSettings] [verifyingSideMenuCollapsedLangAsInSettings] Trying to find element: By.xpath: //yt-multi-page-menu-section-renderer[@class='style-scope ytd-multi-page-menu-renderer']//yt-formatted-string[@id='label' and text()='Deutsch']
2026-03-05 19:20:27.956 [TestNG-test-Yt Master Tests-2] INFO  [verifyingSideMenuCollapsedLangAsInSettings] [verifyingSideMenuCollapsedLangAsInSettings] Element found and ready (attempt 1): By.xpath: //yt-multi-page-menu-section-renderer[@class='style-scope ytd-multi-page-menu-renderer']//yt-formatted-string[@id='label' and text()='Deutsch']
2026-03-05 19:20:28.814 [TestNG-test-Yt Master Tests-2] INFO  [verifyingSideMenuCollapsedLangAsInSettings] Clicking settings ellipses button...
2026-03-05 19:20:29.004 [TestNG-test-Yt Master Tests-2] INFO  [verifyingSideMenuCollapsedLangAsInSettings] [verifyingSideMenuCollapsedLangAsInSettings] Trying to find element: By.xpath: //ytd-topbar-menu-button-renderer[@class='style-scope ytd-masthead style-default']
2026-03-05 19:20:29.298 [TestNG-test-Yt Master Tests-2] INFO  [verifyingSideMenuCollapsedLangAsInSettings] [verifyingSideMenuCollapsedLangAsInSettings] Element found and ready (attempt 1): By.xpath: //ytd-topbar-menu-button-renderer[@class='style-scope ytd-masthead style-default']
2026-03-05 19:20:29.500 [TestNG-test-Yt Master Tests-2] INFO  [verifyingSideMenuCollapsedLangAsInSettings] [verifyingSideMenuCollapsedLangAsInSettings] Waiting until element is visible in viewport
2026-03-05 19:20:30.116 [TestNG-test-Yt Master Tests-2] INFO  [verifyingSideMenuCollapsedLangAsInSettings] [verifyingSideMenuCollapsedLangAsInSettings] Capturing screenshot: Filter Applied is Deutsch__2026-03-05_192030.jpg
2026-03-05 19:20:30.359 [TestNG-test-Yt Master Tests-2] INFO  [verifyingSideMenuCollapsedLangAsInSettings] [verifyingSideMenuCollapsedLangAsInSettings] Screenshot saved at: test-output/screenshots/Run_2026-03-05_19-02-45/verifyingSideMenuCollapsedLangAsInSettings/Filter Applied is Deutsch__2026-03-05_192030.jpg
2026-03-05 19:20:30.359 [TestNG-test-Yt Master Tests-2] INFO  [verifyingSideMenuCollapsedLangAsInSettings] Clicking settings ellipses button...
2026-03-05 19:20:30.387 [TestNG-test-Yt Master Tests-2] INFO  [verifyingSideMenuCollapsedLangAsInSettings] [verifyingSideMenuCollapsedLangAsInSettings] Trying to find element: By.xpath: //ytd-topbar-menu-button-renderer[@class='style-scope ytd-masthead style-default']
2026-03-05 19:20:30.441 [TestNG-test-Yt Master Tests-2] INFO  [verifyingSideMenuCollapsedLangAsInSettings] [verifyingSideMenuCollapsedLangAsInSettings] Element found and ready (attempt 1): By.xpath: //ytd-topbar-menu-button-renderer[@class='style-scope ytd-masthead style-default']
2026-03-05 19:20:30.495 [TestNG-test-Yt Master Tests-2] INFO  [verifyingSideMenuCollapsedLangAsInSettings] getLangAttribute() - locating <html> and reading lang property
2026-03-05 19:20:30.507 [TestNG-test-Yt Master Tests-2] INFO  [verifyingSideMenuCollapsedLangAsInSettings] Language attribute read: de-DE
2026-03-05 19:20:30.507 [TestNG-test-Yt Master Tests-2] INFO  [verifyingSideMenuCollapsedLangAsInSettings] Fetching the side menu in collapsed view
2026-03-05 19:20:30.508 [TestNG-test-Yt Master Tests-2] INFO  [verifyingSideMenuCollapsedLangAsInSettings] [verifyingSideMenuCollapsedLangAsInSettings] Finding elements list: By.xpath: //ytd-mini-guide-renderer[@class='style-scope ytd-app']//ytd-mini-guide-entry-renderer
2026-03-05 19:20:30.684 [TestNG-test-Yt Master Tests-2] INFO  [verifyingSideMenuCollapsedLangAsInSettings] [verifyingSideMenuCollapsedLangAsInSettings] Found 4 ready elements (attempt 1): By.xpath: //ytd-mini-guide-renderer[@class='style-scope ytd-app']//ytd-mini-guide-entry-renderer
2026-03-05 19:20:30.826 [TestNG-test-Yt Master Tests-2] INFO  [verifyingSideMenuCollapsedLangAsInSettings] Clicking settings ellipses button...
2026-03-05 19:20:30.857 [TestNG-test-Yt Master Tests-2] INFO  [verifyingSideMenuCollapsedLangAsInSettings] [verifyingSideMenuCollapsedLangAsInSettings] Trying to find element: By.xpath: //ytd-topbar-menu-button-renderer[@class='style-scope ytd-masthead style-default']
2026-03-05 19:20:30.933 [TestNG-test-Yt Master Tests-2] INFO  [verifyingSideMenuCollapsedLangAsInSettings] [verifyingSideMenuCollapsedLangAsInSettings] Element found and ready (attempt 1): By.xpath: //ytd-topbar-menu-button-renderer[@class='style-scope ytd-masthead style-default']
2026-03-05 19:20:31.187 [TestNG-test-Yt Master Tests-2] INFO  [verifyingSideMenuCollapsedLangAsInSettings] Clicking language dropdown...
2026-03-05 19:20:31.187 [TestNG-test-Yt Master Tests-2] INFO  [verifyingSideMenuCollapsedLangAsInSettings] [verifyingSideMenuCollapsedLangAsInSettings] Trying to find element: By.xpath: (//div[@id='content-icon'])[2]
2026-03-05 19:20:31.307 [TestNG-test-Yt Master Tests-2] INFO  [verifyingSideMenuCollapsedLangAsInSettings] [verifyingSideMenuCollapsedLangAsInSettings] Element found and ready (attempt 1): By.xpath: (//div[@id='content-icon'])[2]
2026-03-05 19:20:31.841 [TestNG-test-Yt Master Tests-2] INFO  [verifyingSideMenuCollapsedLangAsInSettings] Looking for language element with name: Eesti
2026-03-05 19:20:31.841 [TestNG-test-Yt Master Tests-2] INFO  [verifyingSideMenuCollapsedLangAsInSettings] [verifyingSideMenuCollapsedLangAsInSettings] Trying to find element: By.xpath: //yt-multi-page-menu-section-renderer[@class='style-scope ytd-multi-page-menu-renderer']//yt-formatted-string[@id='label' and text()='Eesti']
2026-03-05 19:20:31.948 [TestNG-test-Yt Master Tests-2] INFO  [verifyingSideMenuCollapsedLangAsInSettings] [verifyingSideMenuCollapsedLangAsInSettings] Element found and ready (attempt 1): By.xpath: //yt-multi-page-menu-section-renderer[@class='style-scope ytd-multi-page-menu-renderer']//yt-formatted-string[@id='label' and text()='Eesti']
2026-03-05 19:20:31.948 [TestNG-test-Yt Master Tests-2] INFO  [verifyingSideMenuCollapsedLangAsInSettings] [verifyingSideMenuCollapsedLangAsInSettings] Trying to find element: By.xpath: //yt-multi-page-menu-section-renderer[@class='style-scope ytd-multi-page-menu-renderer']//yt-formatted-string[@id='label' and text()='Eesti']
2026-03-05 19:20:32.006 [TestNG-test-Yt Master Tests-2] INFO  [verifyingSideMenuCollapsedLangAsInSettings] [verifyingSideMenuCollapsedLangAsInSettings] Element found and ready (attempt 1): By.xpath: //yt-multi-page-menu-section-renderer[@class='style-scope ytd-multi-page-menu-renderer']//yt-formatted-string[@id='label' and text()='Eesti']
2026-03-05 19:20:33.360 [TestNG-test-Yt Master Tests-2] INFO  [verifyingSideMenuCollapsedLangAsInSettings] Clicking settings ellipses button...
2026-03-05 19:20:33.400 [TestNG-test-Yt Master Tests-2] INFO  [verifyingSideMenuCollapsedLangAsInSettings] [verifyingSideMenuCollapsedLangAsInSettings] Trying to find element: By.xpath: //ytd-topbar-menu-button-renderer[@class='style-scope ytd-masthead style-default']
2026-03-05 19:20:33.464 [TestNG-test-Yt Master Tests-2] INFO  [verifyingSideMenuCollapsedLangAsInSettings] [verifyingSideMenuCollapsedLangAsInSettings] Element found and ready (attempt 1): By.xpath: //ytd-topbar-menu-button-renderer[@class='style-scope ytd-masthead style-default']
2026-03-05 19:20:33.770 [TestNG-test-Yt Master Tests-2] INFO  [verifyingSideMenuCollapsedLangAsInSettings] [verifyingSideMenuCollapsedLangAsInSettings] Waiting until element is visible in viewport
2026-03-05 19:20:33.876 [TestNG-test-Yt Master Tests-2] INFO  [verifyingSideMenuCollapsedLangAsInSettings] [verifyingSideMenuCollapsedLangAsInSettings] Capturing screenshot: Filter Applied is Eesti__2026-03-05_192033.jpg
2026-03-05 19:20:34.219 [TestNG-test-Yt Master Tests-2] INFO  [verifyingSideMenuCollapsedLangAsInSettings] [verifyingSideMenuCollapsedLangAsInSettings] Screenshot saved at: test-output/screenshots/Run_2026-03-05_19-02-45/verifyingSideMenuCollapsedLangAsInSettings/Filter Applied is Eesti__2026-03-05_192033.jpg
2026-03-05 19:20:34.220 [TestNG-test-Yt Master Tests-2] INFO  [verifyingSideMenuCollapsedLangAsInSettings] Clicking settings ellipses button...
2026-03-05 19:20:34.245 [TestNG-test-Yt Master Tests-2] INFO  [verifyingSideMenuCollapsedLangAsInSettings] [verifyingSideMenuCollapsedLangAsInSettings] Trying to find element: By.xpath: //ytd-topbar-menu-button-renderer[@class='style-scope ytd-masthead style-default']
2026-03-05 19:20:34.292 [TestNG-test-Yt Master Tests-2] INFO  [verifyingSideMenuCollapsedLangAsInSettings] [verifyingSideMenuCollapsedLangAsInSettings] Element found and ready (attempt 1): By.xpath: //ytd-topbar-menu-button-renderer[@class='style-scope ytd-masthead style-default']
2026-03-05 19:20:34.340 [TestNG-test-Yt Master Tests-2] INFO  [verifyingSideMenuCollapsedLangAsInSettings] getLangAttribute() - locating <html> and reading lang property
2026-03-05 19:20:34.352 [TestNG-test-Yt Master Tests-2] INFO  [verifyingSideMenuCollapsedLangAsInSettings] Language attribute read: et-EE
2026-03-05 19:20:34.352 [TestNG-test-Yt Master Tests-2] INFO  [verifyingSideMenuCollapsedLangAsInSettings] Fetching the side menu in collapsed view
2026-03-05 19:20:34.352 [TestNG-test-Yt Master Tests-2] INFO  [verifyingSideMenuCollapsedLangAsInSettings] [verifyingSideMenuCollapsedLangAsInSettings] Finding elements list: By.xpath: //ytd-mini-guide-renderer[@class='style-scope ytd-app']//ytd-mini-guide-entry-renderer
2026-03-05 19:20:34.418 [TestNG-test-Yt Master Tests-2] INFO  [verifyingSideMenuCollapsedLangAsInSettings] [verifyingSideMenuCollapsedLangAsInSettings] Found 4 ready elements (attempt 1): By.xpath: //ytd-mini-guide-renderer[@class='style-scope ytd-app']//ytd-mini-guide-entry-renderer
2026-03-05 19:20:34.506 [TestNG-test-Yt Master Tests-2] INFO  [verifyingSideMenuCollapsedLangAsInSettings] Clicking settings ellipses button...
2026-03-05 19:20:34.529 [TestNG-test-Yt Master Tests-2] INFO  [verifyingSideMenuCollapsedLangAsInSettings] [verifyingSideMenuCollapsedLangAsInSettings] Trying to find element: By.xpath: //ytd-topbar-menu-button-renderer[@class='style-scope ytd-masthead style-default']
2026-03-05 19:20:34.602 [TestNG-test-Yt Master Tests-2] INFO  [verifyingSideMenuCollapsedLangAsInSettings] [verifyingSideMenuCollapsedLangAsInSettings] Element found and ready (attempt 1): By.xpath: //ytd-topbar-menu-button-renderer[@class='style-scope ytd-masthead style-default']
2026-03-05 19:20:34.676 [TestNG-test-Yt Master Tests-2] INFO  [verifyingSideMenuCollapsedLangAsInSettings] Clicking language dropdown...
2026-03-05 19:20:34.676 [TestNG-test-Yt Master Tests-2] INFO  [verifyingSideMenuCollapsedLangAsInSettings] [verifyingSideMenuCollapsedLangAsInSettings] Trying to find element: By.xpath: (//div[@id='content-icon'])[2]
2026-03-05 19:20:35.339 [TestNG-test-Yt Master Tests-2] INFO  [verifyingSideMenuCollapsedLangAsInSettings] [verifyingSideMenuCollapsedLangAsInSettings] Element found and ready (attempt 1): By.xpath: (//div[@id='content-icon'])[2]
2026-03-05 19:20:35.710 [TestNG-test-Yt Master Tests-2] INFO  [verifyingSideMenuCollapsedLangAsInSettings] Looking for language element with name: English (India)
2026-03-05 19:20:35.710 [TestNG-test-Yt Master Tests-2] INFO  [verifyingSideMenuCollapsedLangAsInSettings] [verifyingSideMenuCollapsedLangAsInSettings] Trying to find element: By.xpath: //yt-multi-page-menu-section-renderer[@class='style-scope ytd-multi-page-menu-renderer']//yt-formatted-string[@id='label' and text()='English (India)']
2026-03-05 19:20:35.825 [TestNG-test-Yt Master Tests-2] INFO  [verifyingSideMenuCollapsedLangAsInSettings] [verifyingSideMenuCollapsedLangAsInSettings] Element found and ready (attempt 1): By.xpath: //yt-multi-page-menu-section-renderer[@class='style-scope ytd-multi-page-menu-renderer']//yt-formatted-string[@id='label' and text()='English (India)']
2026-03-05 19:20:35.825 [TestNG-test-Yt Master Tests-2] INFO  [verifyingSideMenuCollapsedLangAsInSettings] [verifyingSideMenuCollapsedLangAsInSettings] Trying to find element: By.xpath: //yt-multi-page-menu-section-renderer[@class='style-scope ytd-multi-page-menu-renderer']//yt-formatted-string[@id='label' and text()='English (India)']
2026-03-05 19:20:35.893 [TestNG-test-Yt Master Tests-2] INFO  [verifyingSideMenuCollapsedLangAsInSettings] [verifyingSideMenuCollapsedLangAsInSettings] Element found and ready (attempt 1): By.xpath: //yt-multi-page-menu-section-renderer[@class='style-scope ytd-multi-page-menu-renderer']//yt-formatted-string[@id='label' and text()='English (India)']
2026-03-05 19:20:36.812 [TestNG-test-Yt Master Tests-2] INFO  [verifyingSideMenuCollapsedLangAsInSettings] Clicking settings ellipses button...
2026-03-05 19:20:36.922 [TestNG-test-Yt Master Tests-2] INFO  [verifyingSideMenuCollapsedLangAsInSettings] [verifyingSideMenuCollapsedLangAsInSettings] Trying to find element: By.xpath: //ytd-topbar-menu-button-renderer[@class='style-scope ytd-masthead style-default']
2026-03-05 19:20:37.010 [TestNG-test-Yt Master Tests-2] INFO  [verifyingSideMenuCollapsedLangAsInSettings] [verifyingSideMenuCollapsedLangAsInSettings] Element found and ready (attempt 1): By.xpath: //ytd-topbar-menu-button-renderer[@class='style-scope ytd-masthead style-default']
2026-03-05 19:20:37.641 [TestNG-test-Yt Master Tests-2] INFO  [verifyingSideMenuCollapsedLangAsInSettings] [verifyingSideMenuCollapsedLangAsInSettings] Waiting until element is visible in viewport
2026-03-05 19:20:37.725 [TestNG-test-Yt Master Tests-2] INFO  [verifyingSideMenuCollapsedLangAsInSettings] [verifyingSideMenuCollapsedLangAsInSettings] Capturing screenshot: Filter Applied is English (India)__2026-03-05_192037.jpg
2026-03-05 19:20:38.221 [TestNG-test-Yt Master Tests-2] INFO  [verifyingSideMenuCollapsedLangAsInSettings] [verifyingSideMenuCollapsedLangAsInSettings] Screenshot saved at: test-output/screenshots/Run_2026-03-05_19-02-45/verifyingSideMenuCollapsedLangAsInSettings/Filter Applied is English (India)__2026-03-05_192037.jpg
2026-03-05 19:20:38.221 [TestNG-test-Yt Master Tests-2] INFO  [verifyingSideMenuCollapsedLangAsInSettings] Clicking settings ellipses button...
2026-03-05 19:20:38.244 [TestNG-test-Yt Master Tests-2] INFO  [verifyingSideMenuCollapsedLangAsInSettings] [verifyingSideMenuCollapsedLangAsInSettings] Trying to find element: By.xpath: //ytd-topbar-menu-button-renderer[@class='style-scope ytd-masthead style-default']
2026-03-05 19:20:38.300 [TestNG-test-Yt Master Tests-2] INFO  [verifyingSideMenuCollapsedLangAsInSettings] [verifyingSideMenuCollapsedLangAsInSettings] Element found and ready (attempt 1): By.xpath: //ytd-topbar-menu-button-renderer[@class='style-scope ytd-masthead style-default']
2026-03-05 19:20:38.356 [TestNG-test-Yt Master Tests-2] INFO  [verifyingSideMenuCollapsedLangAsInSettings] getLangAttribute() - locating <html> and reading lang property
2026-03-05 19:20:38.372 [TestNG-test-Yt Master Tests-2] INFO  [verifyingSideMenuCollapsedLangAsInSettings] Language attribute read: en-IN
2026-03-05 19:20:38.372 [TestNG-test-Yt Master Tests-2] INFO  [verifyingSideMenuCollapsedLangAsInSettings] Fetching the side menu in collapsed view
2026-03-05 19:20:38.372 [TestNG-test-Yt Master Tests-2] INFO  [verifyingSideMenuCollapsedLangAsInSettings] [verifyingSideMenuCollapsedLangAsInSettings] Finding elements list: By.xpath: //ytd-mini-guide-renderer[@class='style-scope ytd-app']//ytd-mini-guide-entry-renderer
2026-03-05 19:20:38.441 [TestNG-test-Yt Master Tests-2] INFO  [verifyingSideMenuCollapsedLangAsInSettings] [verifyingSideMenuCollapsedLangAsInSettings] Found 4 ready elements (attempt 1): By.xpath: //ytd-mini-guide-renderer[@class='style-scope ytd-app']//ytd-mini-guide-entry-renderer
2026-03-05 19:20:38.527 [TestNG-test-Yt Master Tests-2] INFO  [verifyingSideMenuCollapsedLangAsInSettings] Clicking settings ellipses button...
2026-03-05 19:20:38.554 [TestNG-test-Yt Master Tests-2] INFO  [verifyingSideMenuCollapsedLangAsInSettings] [verifyingSideMenuCollapsedLangAsInSettings] Trying to find element: By.xpath: //ytd-topbar-menu-button-renderer[@class='style-scope ytd-masthead style-default']
2026-03-05 19:20:38.614 [TestNG-test-Yt Master Tests-2] INFO  [verifyingSideMenuCollapsedLangAsInSettings] [verifyingSideMenuCollapsedLangAsInSettings] Element found and ready (attempt 1): By.xpath: //ytd-topbar-menu-button-renderer[@class='style-scope ytd-masthead style-default']
2026-03-05 19:20:38.691 [TestNG-test-Yt Master Tests-2] INFO  [verifyingSideMenuCollapsedLangAsInSettings] Clicking language dropdown...
2026-03-05 19:20:38.691 [TestNG-test-Yt Master Tests-2] INFO  [verifyingSideMenuCollapsedLangAsInSettings] [verifyingSideMenuCollapsedLangAsInSettings] Trying to find element: By.xpath: (//div[@id='content-icon'])[2]
2026-03-05 19:20:39.268 [TestNG-test-Yt Master Tests-2] INFO  [verifyingSideMenuCollapsedLangAsInSettings] [verifyingSideMenuCollapsedLangAsInSettings] Element found and ready (attempt 1): By.xpath: (//div[@id='content-icon'])[2]
2026-03-05 19:20:39.642 [TestNG-test-Yt Master Tests-2] INFO  [verifyingSideMenuCollapsedLangAsInSettings] Looking for language element with name: English (UK)
2026-03-05 19:20:39.642 [TestNG-test-Yt Master Tests-2] INFO  [verifyingSideMenuCollapsedLangAsInSettings] [verifyingSideMenuCollapsedLangAsInSettings] Trying to find element: By.xpath: //yt-multi-page-menu-section-renderer[@class='style-scope ytd-multi-page-menu-renderer']//yt-formatted-string[@id='label' and text()='English (UK)']
2026-03-05 19:20:39.757 [TestNG-test-Yt Master Tests-2] INFO  [verifyingSideMenuCollapsedLangAsInSettings] [verifyingSideMenuCollapsedLangAsInSettings] Element found and ready (attempt 1): By.xpath: //yt-multi-page-menu-section-renderer[@class='style-scope ytd-multi-page-menu-renderer']//yt-formatted-string[@id='label' and text()='English (UK)']
2026-03-05 19:20:39.757 [TestNG-test-Yt Master Tests-2] INFO  [verifyingSideMenuCollapsedLangAsInSettings] [verifyingSideMenuCollapsedLangAsInSettings] Trying to find element: By.xpath: //yt-multi-page-menu-section-renderer[@class='style-scope ytd-multi-page-menu-renderer']//yt-formatted-string[@id='label' and text()='English (UK)']
2026-03-05 19:20:39.820 [TestNG-test-Yt Master Tests-2] INFO  [verifyingSideMenuCollapsedLangAsInSettings] [verifyingSideMenuCollapsedLangAsInSettings] Element found and ready (attempt 1): By.xpath: //yt-multi-page-menu-section-renderer[@class='style-scope ytd-multi-page-menu-renderer']//yt-formatted-string[@id='label' and text()='English (UK)']
2026-03-05 19:20:41.135 [TestNG-test-Yt Master Tests-2] INFO  [verifyingSideMenuCollapsedLangAsInSettings] Clicking settings ellipses button...
2026-03-05 19:20:41.156 [TestNG-test-Yt Master Tests-2] INFO  [verifyingSideMenuCollapsedLangAsInSettings] [verifyingSideMenuCollapsedLangAsInSettings] Trying to find element: By.xpath: //ytd-topbar-menu-button-renderer[@class='style-scope ytd-masthead style-default']
2026-03-05 19:20:41.210 [TestNG-test-Yt Master Tests-2] INFO  [verifyingSideMenuCollapsedLangAsInSettings] [verifyingSideMenuCollapsedLangAsInSettings] Element found and ready (attempt 1): By.xpath: //ytd-topbar-menu-button-renderer[@class='style-scope ytd-masthead style-default']
2026-03-05 19:20:41.405 [TestNG-test-Yt Master Tests-2] INFO  [verifyingSideMenuCollapsedLangAsInSettings] [verifyingSideMenuCollapsedLangAsInSettings] Waiting until element is visible in viewport
2026-03-05 19:20:41.502 [TestNG-test-Yt Master Tests-2] INFO  [verifyingSideMenuCollapsedLangAsInSettings] [verifyingSideMenuCollapsedLangAsInSettings] Capturing screenshot: Filter Applied is English (UK)__2026-03-05_192041.jpg
2026-03-05 19:20:41.832 [TestNG-test-Yt Master Tests-2] INFO  [verifyingSideMenuCollapsedLangAsInSettings] [verifyingSideMenuCollapsedLangAsInSettings] Screenshot saved at: test-output/screenshots/Run_2026-03-05_19-02-45/verifyingSideMenuCollapsedLangAsInSettings/Filter Applied is English (UK)__2026-03-05_192041.jpg
2026-03-05 19:20:41.832 [TestNG-test-Yt Master Tests-2] INFO  [verifyingSideMenuCollapsedLangAsInSettings] Clicking settings ellipses button...
2026-03-05 19:20:41.852 [TestNG-test-Yt Master Tests-2] INFO  [verifyingSideMenuCollapsedLangAsInSettings] [verifyingSideMenuCollapsedLangAsInSettings] Trying to find element: By.xpath: //ytd-topbar-menu-button-renderer[@class='style-scope ytd-masthead style-default']
2026-03-05 19:20:41.910 [TestNG-test-Yt Master Tests-2] INFO  [verifyingSideMenuCollapsedLangAsInSettings] [verifyingSideMenuCollapsedLangAsInSettings] Element found and ready (attempt 1): By.xpath: //ytd-topbar-menu-button-renderer[@class='style-scope ytd-masthead style-default']
2026-03-05 19:20:41.965 [TestNG-test-Yt Master Tests-2] INFO  [verifyingSideMenuCollapsedLangAsInSettings] getLangAttribute() - locating <html> and reading lang property
2026-03-05 19:20:41.979 [TestNG-test-Yt Master Tests-2] INFO  [verifyingSideMenuCollapsedLangAsInSettings] Language attribute read: en-GB
2026-03-05 19:20:41.979 [TestNG-test-Yt Master Tests-2] INFO  [verifyingSideMenuCollapsedLangAsInSettings] Fetching the side menu in collapsed view
2026-03-05 19:20:41.979 [TestNG-test-Yt Master Tests-2] INFO  [verifyingSideMenuCollapsedLangAsInSettings] [verifyingSideMenuCollapsedLangAsInSettings] Finding elements list: By.xpath: //ytd-mini-guide-renderer[@class='style-scope ytd-app']//ytd-mini-guide-entry-renderer
2026-03-05 19:20:42.047 [TestNG-test-Yt Master Tests-2] INFO  [verifyingSideMenuCollapsedLangAsInSettings] [verifyingSideMenuCollapsedLangAsInSettings] Found 4 ready elements (attempt 1): By.xpath: //ytd-mini-guide-renderer[@class='style-scope ytd-app']//ytd-mini-guide-entry-renderer
2026-03-05 19:20:42.140 [TestNG-test-Yt Master Tests-2] INFO  [verifyingSideMenuCollapsedLangAsInSettings] Clicking settings ellipses button...
2026-03-05 19:20:42.165 [TestNG-test-Yt Master Tests-2] INFO  [verifyingSideMenuCollapsedLangAsInSettings] [verifyingSideMenuCollapsedLangAsInSettings] Trying to find element: By.xpath: //ytd-topbar-menu-button-renderer[@class='style-scope ytd-masthead style-default']
2026-03-05 19:20:42.224 [TestNG-test-Yt Master Tests-2] INFO  [verifyingSideMenuCollapsedLangAsInSettings] [verifyingSideMenuCollapsedLangAsInSettings] Element found and ready (attempt 1): By.xpath: //ytd-topbar-menu-button-renderer[@class='style-scope ytd-masthead style-default']
2026-03-05 19:20:42.318 [TestNG-test-Yt Master Tests-2] INFO  [verifyingSideMenuCollapsedLangAsInSettings] Clicking language dropdown...
2026-03-05 19:20:42.318 [TestNG-test-Yt Master Tests-2] INFO  [verifyingSideMenuCollapsedLangAsInSettings] [verifyingSideMenuCollapsedLangAsInSettings] Trying to find element: By.xpath: (//div[@id='content-icon'])[2]
2026-03-05 19:20:43.062 [TestNG-test-Yt Master Tests-2] INFO  [verifyingSideMenuCollapsedLangAsInSettings] [verifyingSideMenuCollapsedLangAsInSettings] Element found and ready (attempt 1): By.xpath: (//div[@id='content-icon'])[2]
2026-03-05 19:20:43.521 [TestNG-test-Yt Master Tests-2] INFO  [verifyingSideMenuCollapsedLangAsInSettings] Looking for language element with name: English (US)
2026-03-05 19:20:43.521 [TestNG-test-Yt Master Tests-2] INFO  [verifyingSideMenuCollapsedLangAsInSettings] [verifyingSideMenuCollapsedLangAsInSettings] Trying to find element: By.xpath: //yt-multi-page-menu-section-renderer[@class='style-scope ytd-multi-page-menu-renderer']//yt-formatted-string[@id='label' and text()='English (US)']
2026-03-05 19:20:43.619 [TestNG-test-Yt Master Tests-2] INFO  [verifyingSideMenuCollapsedLangAsInSettings] [verifyingSideMenuCollapsedLangAsInSettings] Element found and ready (attempt 1): By.xpath: //yt-multi-page-menu-section-renderer[@class='style-scope ytd-multi-page-menu-renderer']//yt-formatted-string[@id='label' and text()='English (US)']
2026-03-05 19:20:43.619 [TestNG-test-Yt Master Tests-2] INFO  [verifyingSideMenuCollapsedLangAsInSettings] [verifyingSideMenuCollapsedLangAsInSettings] Trying to find element: By.xpath: //yt-multi-page-menu-section-renderer[@class='style-scope ytd-multi-page-menu-renderer']//yt-formatted-string[@id='label' and text()='English (US)']
2026-03-05 19:20:43.694 [TestNG-test-Yt Master Tests-2] INFO  [verifyingSideMenuCollapsedLangAsInSettings] [verifyingSideMenuCollapsedLangAsInSettings] Element found and ready (attempt 1): By.xpath: //yt-multi-page-menu-section-renderer[@class='style-scope ytd-multi-page-menu-renderer']//yt-formatted-string[@id='label' and text()='English (US)']
2026-03-05 19:20:44.480 [TestNG-test-Yt Master Tests-2] INFO  [verifyingSideMenuCollapsedLangAsInSettings] Clicking settings ellipses button...
2026-03-05 19:20:44.708 [TestNG-test-Yt Master Tests-2] INFO  [verifyingSideMenuCollapsedLangAsInSettings] [verifyingSideMenuCollapsedLangAsInSettings] Trying to find element: By.xpath: //ytd-topbar-menu-button-renderer[@class='style-scope ytd-masthead style-default']
2026-03-05 19:20:44.937 [TestNG-test-Yt Master Tests-2] INFO  [verifyingSideMenuCollapsedLangAsInSettings] [verifyingSideMenuCollapsedLangAsInSettings] Element found and ready (attempt 1): By.xpath: //ytd-topbar-menu-button-renderer[@class='style-scope ytd-masthead style-default']
2026-03-05 19:20:45.315 [TestNG-test-Yt Master Tests-2] INFO  [verifyingSideMenuCollapsedLangAsInSettings] [verifyingSideMenuCollapsedLangAsInSettings] Waiting until element is visible in viewport
2026-03-05 19:20:45.428 [TestNG-test-Yt Master Tests-2] INFO  [verifyingSideMenuCollapsedLangAsInSettings] [verifyingSideMenuCollapsedLangAsInSettings] Capturing screenshot: Filter Applied is English (US)__2026-03-05_192045.jpg
2026-03-05 19:20:45.830 [TestNG-test-Yt Master Tests-2] INFO  [verifyingSideMenuCollapsedLangAsInSettings] [verifyingSideMenuCollapsedLangAsInSettings] Screenshot saved at: test-output/screenshots/Run_2026-03-05_19-02-45/verifyingSideMenuCollapsedLangAsInSettings/Filter Applied is English (US)__2026-03-05_192045.jpg
2026-03-05 19:20:45.830 [TestNG-test-Yt Master Tests-2] INFO  [verifyingSideMenuCollapsedLangAsInSettings] Clicking settings ellipses button...
2026-03-05 19:20:45.851 [TestNG-test-Yt Master Tests-2] INFO  [verifyingSideMenuCollapsedLangAsInSettings] [verifyingSideMenuCollapsedLangAsInSettings] Trying to find element: By.xpath: //ytd-topbar-menu-button-renderer[@class='style-scope ytd-masthead style-default']
2026-03-05 19:20:45.909 [TestNG-test-Yt Master Tests-2] INFO  [verifyingSideMenuCollapsedLangAsInSettings] [verifyingSideMenuCollapsedLangAsInSettings] Element found and ready (attempt 1): By.xpath: //ytd-topbar-menu-button-renderer[@class='style-scope ytd-masthead style-default']
2026-03-05 19:20:45.964 [TestNG-test-Yt Master Tests-2] INFO  [verifyingSideMenuCollapsedLangAsInSettings] getLangAttribute() - locating <html> and reading lang property
2026-03-05 19:20:45.976 [TestNG-test-Yt Master Tests-2] INFO  [verifyingSideMenuCollapsedLangAsInSettings] Language attribute read: en
2026-03-05 19:20:45.976 [TestNG-test-Yt Master Tests-2] INFO  [verifyingSideMenuCollapsedLangAsInSettings] Fetching the side menu in collapsed view
2026-03-05 19:20:45.976 [TestNG-test-Yt Master Tests-2] INFO  [verifyingSideMenuCollapsedLangAsInSettings] [verifyingSideMenuCollapsedLangAsInSettings] Finding elements list: By.xpath: //ytd-mini-guide-renderer[@class='style-scope ytd-app']//ytd-mini-guide-entry-renderer
2026-03-05 19:20:46.040 [TestNG-test-Yt Master Tests-2] INFO  [verifyingSideMenuCollapsedLangAsInSettings] [verifyingSideMenuCollapsedLangAsInSettings] Found 4 ready elements (attempt 1): By.xpath: //ytd-mini-guide-renderer[@class='style-scope ytd-app']//ytd-mini-guide-entry-renderer
2026-03-05 19:20:46.122 [TestNG-test-Yt Master Tests-2] INFO  [verifyingSideMenuCollapsedLangAsInSettings] Clicking settings ellipses button...
2026-03-05 19:20:46.146 [TestNG-test-Yt Master Tests-2] INFO  [verifyingSideMenuCollapsedLangAsInSettings] [verifyingSideMenuCollapsedLangAsInSettings] Trying to find element: By.xpath: //ytd-topbar-menu-button-renderer[@class='style-scope ytd-masthead style-default']
2026-03-05 19:20:46.205 [TestNG-test-Yt Master Tests-2] INFO  [verifyingSideMenuCollapsedLangAsInSettings] [verifyingSideMenuCollapsedLangAsInSettings] Element found and ready (attempt 1): By.xpath: //ytd-topbar-menu-button-renderer[@class='style-scope ytd-masthead style-default']
2026-03-05 19:20:46.258 [TestNG-test-Yt Master Tests-2] INFO  [verifyingSideMenuCollapsedLangAsInSettings] Clicking language dropdown...
2026-03-05 19:20:46.258 [TestNG-test-Yt Master Tests-2] INFO  [verifyingSideMenuCollapsedLangAsInSettings] [verifyingSideMenuCollapsedLangAsInSettings] Trying to find element: By.xpath: (//div[@id='content-icon'])[2]
2026-03-05 19:20:46.846 [TestNG-test-Yt Master Tests-2] INFO  [verifyingSideMenuCollapsedLangAsInSettings] [verifyingSideMenuCollapsedLangAsInSettings] Element found and ready (attempt 1): By.xpath: (//div[@id='content-icon'])[2]
2026-03-05 19:20:47.298 [TestNG-test-Yt Master Tests-2] INFO  [verifyingSideMenuCollapsedLangAsInSettings] Looking for language element with name: Español (España)
2026-03-05 19:20:47.298 [TestNG-test-Yt Master Tests-2] INFO  [verifyingSideMenuCollapsedLangAsInSettings] [verifyingSideMenuCollapsedLangAsInSettings] Trying to find element: By.xpath: //yt-multi-page-menu-section-renderer[@class='style-scope ytd-multi-page-menu-renderer']//yt-formatted-string[@id='label' and text()='Español (España)']
2026-03-05 19:20:47.418 [TestNG-test-Yt Master Tests-2] INFO  [verifyingSideMenuCollapsedLangAsInSettings] [verifyingSideMenuCollapsedLangAsInSettings] Element found and ready (attempt 1): By.xpath: //yt-multi-page-menu-section-renderer[@class='style-scope ytd-multi-page-menu-renderer']//yt-formatted-string[@id='label' and text()='Español (España)']
2026-03-05 19:20:47.419 [TestNG-test-Yt Master Tests-2] INFO  [verifyingSideMenuCollapsedLangAsInSettings] [verifyingSideMenuCollapsedLangAsInSettings] Trying to find element: By.xpath: //yt-multi-page-menu-section-renderer[@class='style-scope ytd-multi-page-menu-renderer']//yt-formatted-string[@id='label' and text()='Español (España)']
2026-03-05 19:20:47.478 [TestNG-test-Yt Master Tests-2] INFO  [verifyingSideMenuCollapsedLangAsInSettings] [verifyingSideMenuCollapsedLangAsInSettings] Element found and ready (attempt 1): By.xpath: //yt-multi-page-menu-section-renderer[@class='style-scope ytd-multi-page-menu-renderer']//yt-formatted-string[@id='label' and text()='Español (España)']
2026-03-05 19:20:48.543 [TestNG-test-Yt Master Tests-2] INFO  [verifyingSideMenuCollapsedLangAsInSettings] Clicking settings ellipses button...
2026-03-05 19:20:48.704 [TestNG-test-Yt Master Tests-2] INFO  [verifyingSideMenuCollapsedLangAsInSettings] [verifyingSideMenuCollapsedLangAsInSettings] Trying to find element: By.xpath: //ytd-topbar-menu-button-renderer[@class='style-scope ytd-masthead style-default']
2026-03-05 19:20:48.994 [TestNG-test-Yt Master Tests-2] INFO  [verifyingSideMenuCollapsedLangAsInSettings] [verifyingSideMenuCollapsedLangAsInSettings] Element found and ready (attempt 1): By.xpath: //ytd-topbar-menu-button-renderer[@class='style-scope ytd-masthead style-default']
2026-03-05 19:20:49.609 [TestNG-test-Yt Master Tests-2] INFO  [verifyingSideMenuCollapsedLangAsInSettings] [verifyingSideMenuCollapsedLangAsInSettings] Waiting until element is visible in viewport
2026-03-05 19:20:49.673 [TestNG-test-Yt Master Tests-2] INFO  [verifyingSideMenuCollapsedLangAsInSettings] [verifyingSideMenuCollapsedLangAsInSettings] Capturing screenshot: Filter Applied is Español (España)__2026-03-05_192049.jpg
2026-03-05 19:20:50.028 [TestNG-test-Yt Master Tests-2] INFO  [verifyingSideMenuCollapsedLangAsInSettings] [verifyingSideMenuCollapsedLangAsInSettings] Screenshot saved at: test-output/screenshots/Run_2026-03-05_19-02-45/verifyingSideMenuCollapsedLangAsInSettings/Filter Applied is Español (España)__2026-03-05_192049.jpg
2026-03-05 19:20:50.028 [TestNG-test-Yt Master Tests-2] INFO  [verifyingSideMenuCollapsedLangAsInSettings] Clicking settings ellipses button...
2026-03-05 19:20:50.055 [TestNG-test-Yt Master Tests-2] INFO  [verifyingSideMenuCollapsedLangAsInSettings] [verifyingSideMenuCollapsedLangAsInSettings] Trying to find element: By.xpath: //ytd-topbar-menu-button-renderer[@class='style-scope ytd-masthead style-default']
2026-03-05 19:20:50.132 [TestNG-test-Yt Master Tests-2] INFO  [verifyingSideMenuCollapsedLangAsInSettings] [verifyingSideMenuCollapsedLangAsInSettings] Element found and ready (attempt 1): By.xpath: //ytd-topbar-menu-button-renderer[@class='style-scope ytd-masthead style-default']
2026-03-05 19:20:50.204 [TestNG-test-Yt Master Tests-2] INFO  [verifyingSideMenuCollapsedLangAsInSettings] getLangAttribute() - locating <html> and reading lang property
2026-03-05 19:20:50.227 [TestNG-test-Yt Master Tests-2] INFO  [verifyingSideMenuCollapsedLangAsInSettings] Language attribute read: es-ES
2026-03-05 19:20:50.227 [TestNG-test-Yt Master Tests-2] INFO  [verifyingSideMenuCollapsedLangAsInSettings] Fetching the side menu in collapsed view
2026-03-05 19:20:50.227 [TestNG-test-Yt Master Tests-2] INFO  [verifyingSideMenuCollapsedLangAsInSettings] [verifyingSideMenuCollapsedLangAsInSettings] Finding elements list: By.xpath: //ytd-mini-guide-renderer[@class='style-scope ytd-app']//ytd-mini-guide-entry-renderer
2026-03-05 19:20:50.442 [TestNG-test-Yt Master Tests-2] INFO  [verifyingSideMenuCollapsedLangAsInSettings] [verifyingSideMenuCollapsedLangAsInSettings] Found 4 ready elements (attempt 1): By.xpath: //ytd-mini-guide-renderer[@class='style-scope ytd-app']//ytd-mini-guide-entry-renderer
2026-03-05 19:20:50.547 [TestNG-test-Yt Master Tests-2] INFO  [verifyingSideMenuCollapsedLangAsInSettings] Clicking settings ellipses button...
2026-03-05 19:20:50.571 [TestNG-test-Yt Master Tests-2] INFO  [verifyingSideMenuCollapsedLangAsInSettings] [verifyingSideMenuCollapsedLangAsInSettings] Trying to find element: By.xpath: //ytd-topbar-menu-button-renderer[@class='style-scope ytd-masthead style-default']
2026-03-05 19:20:50.640 [TestNG-test-Yt Master Tests-2] INFO  [verifyingSideMenuCollapsedLangAsInSettings] [verifyingSideMenuCollapsedLangAsInSettings] Element found and ready (attempt 1): By.xpath: //ytd-topbar-menu-button-renderer[@class='style-scope ytd-masthead style-default']
2026-03-05 19:20:50.716 [TestNG-test-Yt Master Tests-2] INFO  [verifyingSideMenuCollapsedLangAsInSettings] Clicking language dropdown...
2026-03-05 19:20:50.716 [TestNG-test-Yt Master Tests-2] INFO  [verifyingSideMenuCollapsedLangAsInSettings] [verifyingSideMenuCollapsedLangAsInSettings] Trying to find element: By.xpath: (//div[@id='content-icon'])[2]
2026-03-05 19:20:51.302 [TestNG-test-Yt Master Tests-2] INFO  [verifyingSideMenuCollapsedLangAsInSettings] [verifyingSideMenuCollapsedLangAsInSettings] Element found and ready (attempt 1): By.xpath: (//div[@id='content-icon'])[2]
2026-03-05 19:20:51.901 [TestNG-test-Yt Master Tests-2] INFO  [verifyingSideMenuCollapsedLangAsInSettings] Looking for language element with name: Español (Latinoamérica)
2026-03-05 19:20:51.901 [TestNG-test-Yt Master Tests-2] INFO  [verifyingSideMenuCollapsedLangAsInSettings] [verifyingSideMenuCollapsedLangAsInSettings] Trying to find element: By.xpath: //yt-multi-page-menu-section-renderer[@class='style-scope ytd-multi-page-menu-renderer']//yt-formatted-string[@id='label' and text()='Español (Latinoamérica)']
2026-03-05 19:20:52.045 [TestNG-test-Yt Master Tests-2] INFO  [verifyingSideMenuCollapsedLangAsInSettings] [verifyingSideMenuCollapsedLangAsInSettings] Element found and ready (attempt 1): By.xpath: //yt-multi-page-menu-section-renderer[@class='style-scope ytd-multi-page-menu-renderer']//yt-formatted-string[@id='label' and text()='Español (Latinoamérica)']
2026-03-05 19:20:52.045 [TestNG-test-Yt Master Tests-2] INFO  [verifyingSideMenuCollapsedLangAsInSettings] [verifyingSideMenuCollapsedLangAsInSettings] Trying to find element: By.xpath: //yt-multi-page-menu-section-renderer[@class='style-scope ytd-multi-page-menu-renderer']//yt-formatted-string[@id='label' and text()='Español (Latinoamérica)']
2026-03-05 19:20:52.120 [TestNG-test-Yt Master Tests-2] INFO  [verifyingSideMenuCollapsedLangAsInSettings] [verifyingSideMenuCollapsedLangAsInSettings] Element found and ready (attempt 1): By.xpath: //yt-multi-page-menu-section-renderer[@class='style-scope ytd-multi-page-menu-renderer']//yt-formatted-string[@id='label' and text()='Español (Latinoamérica)']
2026-03-05 19:20:54.296 [TestNG-test-Yt Master Tests-2] INFO  [verifyingSideMenuCollapsedLangAsInSettings] Clicking settings ellipses button...
2026-03-05 19:20:54.398 [TestNG-test-Yt Master Tests-2] INFO  [verifyingSideMenuCollapsedLangAsInSettings] [verifyingSideMenuCollapsedLangAsInSettings] Trying to find element: By.xpath: //ytd-topbar-menu-button-renderer[@class='style-scope ytd-masthead style-default']
2026-03-05 19:20:54.470 [TestNG-test-Yt Master Tests-2] INFO  [verifyingSideMenuCollapsedLangAsInSettings] [verifyingSideMenuCollapsedLangAsInSettings] Element found and ready (attempt 1): By.xpath: //ytd-topbar-menu-button-renderer[@class='style-scope ytd-masthead style-default']
2026-03-05 19:20:55.152 [TestNG-test-Yt Master Tests-2] INFO  [verifyingSideMenuCollapsedLangAsInSettings] [verifyingSideMenuCollapsedLangAsInSettings] Waiting until element is visible in viewport
2026-03-05 19:20:55.407 [TestNG-test-Yt Master Tests-2] INFO  [verifyingSideMenuCollapsedLangAsInSettings] [verifyingSideMenuCollapsedLangAsInSettings] Capturing screenshot: Filter Applied is Español (Latinoamérica)__2026-03-05_192055.jpg
2026-03-05 19:20:56.007 [TestNG-test-Yt Master Tests-2] INFO  [verifyingSideMenuCollapsedLangAsInSettings] [verifyingSideMenuCollapsedLangAsInSettings] Screenshot saved at: test-output/screenshots/Run_2026-03-05_19-02-45/verifyingSideMenuCollapsedLangAsInSettings/Filter Applied is Español (Latinoamérica)__2026-03-05_192055.jpg
2026-03-05 19:20:56.007 [TestNG-test-Yt Master Tests-2] INFO  [verifyingSideMenuCollapsedLangAsInSettings] Clicking settings ellipses button...
2026-03-05 19:20:56.102 [TestNG-test-Yt Master Tests-2] INFO  [verifyingSideMenuCollapsedLangAsInSettings] [verifyingSideMenuCollapsedLangAsInSettings] Trying to find element: By.xpath: //ytd-topbar-menu-button-renderer[@class='style-scope ytd-masthead style-default']
2026-03-05 19:20:56.215 [TestNG-test-Yt Master Tests-2] INFO  [verifyingSideMenuCollapsedLangAsInSettings] [verifyingSideMenuCollapsedLangAsInSettings] Element found and ready (attempt 1): By.xpath: //ytd-topbar-menu-button-renderer[@class='style-scope ytd-masthead style-default']
2026-03-05 19:20:56.583 [TestNG-test-Yt Master Tests-2] INFO  [verifyingSideMenuCollapsedLangAsInSettings] getLangAttribute() - locating <html> and reading lang property
2026-03-05 19:20:56.628 [TestNG-test-Yt Master Tests-2] INFO  [verifyingSideMenuCollapsedLangAsInSettings] Language attribute read: es-419
2026-03-05 19:20:56.628 [TestNG-test-Yt Master Tests-2] INFO  [verifyingSideMenuCollapsedLangAsInSettings] Fetching the side menu in collapsed view
2026-03-05 19:20:56.628 [TestNG-test-Yt Master Tests-2] INFO  [verifyingSideMenuCollapsedLangAsInSettings] [verifyingSideMenuCollapsedLangAsInSettings] Finding elements list: By.xpath: //ytd-mini-guide-renderer[@class='style-scope ytd-app']//ytd-mini-guide-entry-renderer
2026-03-05 19:20:56.731 [TestNG-test-Yt Master Tests-2] INFO  [verifyingSideMenuCollapsedLangAsInSettings] [verifyingSideMenuCollapsedLangAsInSettings] Found 4 ready elements (attempt 1): By.xpath: //ytd-mini-guide-renderer[@class='style-scope ytd-app']//ytd-mini-guide-entry-renderer
2026-03-05 19:20:56.848 [TestNG-test-Yt Master Tests-2] INFO  [verifyingSideMenuCollapsedLangAsInSettings] Clicking settings ellipses button...
2026-03-05 19:20:56.881 [TestNG-test-Yt Master Tests-2] INFO  [verifyingSideMenuCollapsedLangAsInSettings] [verifyingSideMenuCollapsedLangAsInSettings] Trying to find element: By.xpath: //ytd-topbar-menu-button-renderer[@class='style-scope ytd-masthead style-default']
2026-03-05 19:20:56.977 [TestNG-test-Yt Master Tests-2] INFO  [verifyingSideMenuCollapsedLangAsInSettings] [verifyingSideMenuCollapsedLangAsInSettings] Element found and ready (attempt 1): By.xpath: //ytd-topbar-menu-button-renderer[@class='style-scope ytd-masthead style-default']
2026-03-05 19:20:57.082 [TestNG-test-Yt Master Tests-2] INFO  [verifyingSideMenuCollapsedLangAsInSettings] Clicking language dropdown...
2026-03-05 19:20:57.082 [TestNG-test-Yt Master Tests-2] INFO  [verifyingSideMenuCollapsedLangAsInSettings] [verifyingSideMenuCollapsedLangAsInSettings] Trying to find element: By.xpath: (//div[@id='content-icon'])[2]
2026-03-05 19:20:57.377 [TestNG-test-Yt Master Tests-2] INFO  [verifyingSideMenuCollapsedLangAsInSettings] [verifyingSideMenuCollapsedLangAsInSettings] Element found and ready (attempt 1): By.xpath: (//div[@id='content-icon'])[2]
2026-03-05 19:20:57.938 [TestNG-test-Yt Master Tests-2] INFO  [verifyingSideMenuCollapsedLangAsInSettings] Looking for language element with name: Español (US)
2026-03-05 19:20:57.938 [TestNG-test-Yt Master Tests-2] INFO  [verifyingSideMenuCollapsedLangAsInSettings] [verifyingSideMenuCollapsedLangAsInSettings] Trying to find element: By.xpath: //yt-multi-page-menu-section-renderer[@class='style-scope ytd-multi-page-menu-renderer']//yt-formatted-string[@id='label' and text()='Español (US)']
2026-03-05 19:20:58.041 [TestNG-test-Yt Master Tests-2] INFO  [verifyingSideMenuCollapsedLangAsInSettings] [verifyingSideMenuCollapsedLangAsInSettings] Element found and ready (attempt 1): By.xpath: //yt-multi-page-menu-section-renderer[@class='style-scope ytd-multi-page-menu-renderer']//yt-formatted-string[@id='label' and text()='Español (US)']
2026-03-05 19:20:58.041 [TestNG-test-Yt Master Tests-2] INFO  [verifyingSideMenuCollapsedLangAsInSettings] [verifyingSideMenuCollapsedLangAsInSettings] Trying to find element: By.xpath: //yt-multi-page-menu-section-renderer[@class='style-scope ytd-multi-page-menu-renderer']//yt-formatted-string[@id='label' and text()='Español (US)']
2026-03-05 19:20:58.115 [TestNG-test-Yt Master Tests-2] INFO  [verifyingSideMenuCollapsedLangAsInSettings] [verifyingSideMenuCollapsedLangAsInSettings] Element found and ready (attempt 1): By.xpath: //yt-multi-page-menu-section-renderer[@class='style-scope ytd-multi-page-menu-renderer']//yt-formatted-string[@id='label' and text()='Español (US)']
2026-03-05 19:21:00.228 [TestNG-test-Yt Master Tests-2] INFO  [verifyingSideMenuCollapsedLangAsInSettings] Clicking settings ellipses button...
2026-03-05 19:21:00.406 [TestNG-test-Yt Master Tests-2] INFO  [verifyingSideMenuCollapsedLangAsInSettings] [verifyingSideMenuCollapsedLangAsInSettings] Trying to find element: By.xpath: //ytd-topbar-menu-button-renderer[@class='style-scope ytd-masthead style-default']
2026-03-05 19:21:00.608 [TestNG-test-Yt Master Tests-2] INFO  [verifyingSideMenuCollapsedLangAsInSettings] [verifyingSideMenuCollapsedLangAsInSettings] Element found and ready (attempt 1): By.xpath: //ytd-topbar-menu-button-renderer[@class='style-scope ytd-masthead style-default']
2026-03-05 19:21:00.843 [TestNG-test-Yt Master Tests-2] INFO  [verifyingSideMenuCollapsedLangAsInSettings] [verifyingSideMenuCollapsedLangAsInSettings] Waiting until element is visible in viewport
2026-03-05 19:21:00.975 [TestNG-test-Yt Master Tests-2] INFO  [verifyingSideMenuCollapsedLangAsInSettings] [verifyingSideMenuCollapsedLangAsInSettings] Capturing screenshot: Filter Applied is Español (US)__2026-03-05_192100.jpg
2026-03-05 19:21:01.373 [TestNG-test-Yt Master Tests-2] INFO  [verifyingSideMenuCollapsedLangAsInSettings] [verifyingSideMenuCollapsedLangAsInSettings] Screenshot saved at: test-output/screenshots/Run_2026-03-05_19-02-45/verifyingSideMenuCollapsedLangAsInSettings/Filter Applied is Español (US)__2026-03-05_192100.jpg
2026-03-05 19:21:01.373 [TestNG-test-Yt Master Tests-2] INFO  [verifyingSideMenuCollapsedLangAsInSettings] Clicking settings ellipses button...
2026-03-05 19:21:01.397 [TestNG-test-Yt Master Tests-2] INFO  [verifyingSideMenuCollapsedLangAsInSettings] [verifyingSideMenuCollapsedLangAsInSettings] Trying to find element: By.xpath: //ytd-topbar-menu-button-renderer[@class='style-scope ytd-masthead style-default']
2026-03-05 19:21:01.467 [TestNG-test-Yt Master Tests-2] INFO  [verifyingSideMenuCollapsedLangAsInSettings] [verifyingSideMenuCollapsedLangAsInSettings] Element found and ready (attempt 1): By.xpath: //ytd-topbar-menu-button-renderer[@class='style-scope ytd-masthead style-default']
2026-03-05 19:21:01.524 [TestNG-test-Yt Master Tests-2] INFO  [verifyingSideMenuCollapsedLangAsInSettings] getLangAttribute() - locating <html> and reading lang property
2026-03-05 19:21:01.545 [TestNG-test-Yt Master Tests-2] INFO  [verifyingSideMenuCollapsedLangAsInSettings] Language attribute read: es-US
2026-03-05 19:21:01.545 [TestNG-test-Yt Master Tests-2] INFO  [verifyingSideMenuCollapsedLangAsInSettings] Fetching the side menu in collapsed view
2026-03-05 19:21:01.545 [TestNG-test-Yt Master Tests-2] INFO  [verifyingSideMenuCollapsedLangAsInSettings] [verifyingSideMenuCollapsedLangAsInSettings] Finding elements list: By.xpath: //ytd-mini-guide-renderer[@class='style-scope ytd-app']//ytd-mini-guide-entry-renderer
2026-03-05 19:21:01.626 [TestNG-test-Yt Master Tests-2] INFO  [verifyingSideMenuCollapsedLangAsInSettings] [verifyingSideMenuCollapsedLangAsInSettings] Found 4 ready elements (attempt 1): By.xpath: //ytd-mini-guide-renderer[@class='style-scope ytd-app']//ytd-mini-guide-entry-renderer
2026-03-05 19:21:01.918 [TestNG-test-Yt Master Tests-2] INFO  [verifyingSideMenuCollapsedLangAsInSettings] Clicking settings ellipses button...
2026-03-05 19:21:01.941 [TestNG-test-Yt Master Tests-2] INFO  [verifyingSideMenuCollapsedLangAsInSettings] [verifyingSideMenuCollapsedLangAsInSettings] Trying to find element: By.xpath: //ytd-topbar-menu-button-renderer[@class='style-scope ytd-masthead style-default']
2026-03-05 19:21:02.084 [TestNG-test-Yt Master Tests-2] INFO  [verifyingSideMenuCollapsedLangAsInSettings] [verifyingSideMenuCollapsedLangAsInSettings] Element found and ready (attempt 1): By.xpath: //ytd-topbar-menu-button-renderer[@class='style-scope ytd-masthead style-default']
2026-03-05 19:21:02.155 [TestNG-test-Yt Master Tests-2] INFO  [verifyingSideMenuCollapsedLangAsInSettings] Clicking language dropdown...
2026-03-05 19:21:02.155 [TestNG-test-Yt Master Tests-2] INFO  [verifyingSideMenuCollapsedLangAsInSettings] [verifyingSideMenuCollapsedLangAsInSettings] Trying to find element: By.xpath: (//div[@id='content-icon'])[2]
2026-03-05 19:21:02.721 [TestNG-test-Yt Master Tests-2] INFO  [verifyingSideMenuCollapsedLangAsInSettings] [verifyingSideMenuCollapsedLangAsInSettings] Element found and ready (attempt 1): By.xpath: (//div[@id='content-icon'])[2]
2026-03-05 19:21:03.071 [TestNG-test-Yt Master Tests-2] INFO  [verifyingSideMenuCollapsedLangAsInSettings] Looking for language element with name: Euskara
2026-03-05 19:21:03.071 [TestNG-test-Yt Master Tests-2] INFO  [verifyingSideMenuCollapsedLangAsInSettings] [verifyingSideMenuCollapsedLangAsInSettings] Trying to find element: By.xpath: //yt-multi-page-menu-section-renderer[@class='style-scope ytd-multi-page-menu-renderer']//yt-formatted-string[@id='label' and text()='Euskara']
2026-03-05 19:21:03.204 [TestNG-test-Yt Master Tests-2] INFO  [verifyingSideMenuCollapsedLangAsInSettings] [verifyingSideMenuCollapsedLangAsInSettings] Element found and ready (attempt 1): By.xpath: //yt-multi-page-menu-section-renderer[@class='style-scope ytd-multi-page-menu-renderer']//yt-formatted-string[@id='label' and text()='Euskara']
2026-03-05 19:21:03.204 [TestNG-test-Yt Master Tests-2] INFO  [verifyingSideMenuCollapsedLangAsInSettings] [verifyingSideMenuCollapsedLangAsInSettings] Trying to find element: By.xpath: //yt-multi-page-menu-section-renderer[@class='style-scope ytd-multi-page-menu-renderer']//yt-formatted-string[@id='label' and text()='Euskara']
2026-03-05 19:21:03.264 [TestNG-test-Yt Master Tests-2] INFO  [verifyingSideMenuCollapsedLangAsInSettings] [verifyingSideMenuCollapsedLangAsInSettings] Element found and ready (attempt 1): By.xpath: //yt-multi-page-menu-section-renderer[@class='style-scope ytd-multi-page-menu-renderer']//yt-formatted-string[@id='label' and text()='Euskara']
2026-03-05 19:21:05.528 [TestNG-test-Yt Master Tests-2] INFO  [verifyingSideMenuCollapsedLangAsInSettings] Clicking settings ellipses button...
2026-03-05 19:21:05.690 [TestNG-test-Yt Master Tests-2] INFO  [verifyingSideMenuCollapsedLangAsInSettings] [verifyingSideMenuCollapsedLangAsInSettings] Trying to find element: By.xpath: //ytd-topbar-menu-button-renderer[@class='style-scope ytd-masthead style-default']
2026-03-05 19:21:05.929 [TestNG-test-Yt Master Tests-2] INFO  [verifyingSideMenuCollapsedLangAsInSettings] [verifyingSideMenuCollapsedLangAsInSettings] Element found and ready (attempt 1): By.xpath: //ytd-topbar-menu-button-renderer[@class='style-scope ytd-masthead style-default']
2026-03-05 19:21:06.158 [TestNG-test-Yt Master Tests-2] INFO  [verifyingSideMenuCollapsedLangAsInSettings] [verifyingSideMenuCollapsedLangAsInSettings] Waiting until element is visible in viewport
2026-03-05 19:21:06.294 [TestNG-test-Yt Master Tests-2] INFO  [verifyingSideMenuCollapsedLangAsInSettings] [verifyingSideMenuCollapsedLangAsInSettings] Capturing screenshot: Filter Applied is Euskara__2026-03-05_192106.jpg
2026-03-05 19:21:06.578 [TestNG-test-Yt Master Tests-2] INFO  [verifyingSideMenuCollapsedLangAsInSettings] [verifyingSideMenuCollapsedLangAsInSettings] Screenshot saved at: test-output/screenshots/Run_2026-03-05_19-02-45/verifyingSideMenuCollapsedLangAsInSettings/Filter Applied is Euskara__2026-03-05_192106.jpg
2026-03-05 19:21:06.579 [TestNG-test-Yt Master Tests-2] INFO  [verifyingSideMenuCollapsedLangAsInSettings] Clicking settings ellipses button...
2026-03-05 19:21:06.600 [TestNG-test-Yt Master Tests-2] INFO  [verifyingSideMenuCollapsedLangAsInSettings] [verifyingSideMenuCollapsedLangAsInSettings] Trying to find element: By.xpath: //ytd-topbar-menu-button-renderer[@class='style-scope ytd-masthead style-default']
2026-03-05 19:21:06.657 [TestNG-test-Yt Master Tests-2] INFO  [verifyingSideMenuCollapsedLangAsInSettings] [verifyingSideMenuCollapsedLangAsInSettings] Element found and ready (attempt 1): By.xpath: //ytd-topbar-menu-button-renderer[@class='style-scope ytd-masthead style-default']
2026-03-05 19:21:06.710 [TestNG-test-Yt Master Tests-2] INFO  [verifyingSideMenuCollapsedLangAsInSettings] getLangAttribute() - locating <html> and reading lang property
2026-03-05 19:21:06.726 [TestNG-test-Yt Master Tests-2] INFO  [verifyingSideMenuCollapsedLangAsInSettings] Language attribute read: eu-ES
2026-03-05 19:21:06.726 [TestNG-test-Yt Master Tests-2] INFO  [verifyingSideMenuCollapsedLangAsInSettings] Fetching the side menu in collapsed view
2026-03-05 19:21:06.726 [TestNG-test-Yt Master Tests-2] INFO  [verifyingSideMenuCollapsedLangAsInSettings] [verifyingSideMenuCollapsedLangAsInSettings] Finding elements list: By.xpath: //ytd-mini-guide-renderer[@class='style-scope ytd-app']//ytd-mini-guide-entry-renderer
2026-03-05 19:21:06.805 [TestNG-test-Yt Master Tests-2] INFO  [verifyingSideMenuCollapsedLangAsInSettings] [verifyingSideMenuCollapsedLangAsInSettings] Found 4 ready elements (attempt 1): By.xpath: //ytd-mini-guide-renderer[@class='style-scope ytd-app']//ytd-mini-guide-entry-renderer
2026-03-05 19:21:06.891 [TestNG-test-Yt Master Tests-2] INFO  [verifyingSideMenuCollapsedLangAsInSettings] Clicking settings ellipses button...
2026-03-05 19:21:06.915 [TestNG-test-Yt Master Tests-2] INFO  [verifyingSideMenuCollapsedLangAsInSettings] [verifyingSideMenuCollapsedLangAsInSettings] Trying to find element: By.xpath: //ytd-topbar-menu-button-renderer[@class='style-scope ytd-masthead style-default']
2026-03-05 19:21:06.980 [TestNG-test-Yt Master Tests-2] INFO  [verifyingSideMenuCollapsedLangAsInSettings] [verifyingSideMenuCollapsedLangAsInSettings] Element found and ready (attempt 1): By.xpath: //ytd-topbar-menu-button-renderer[@class='style-scope ytd-masthead style-default']
2026-03-05 19:21:07.042 [TestNG-test-Yt Master Tests-2] INFO  [verifyingSideMenuCollapsedLangAsInSettings] Clicking language dropdown...
2026-03-05 19:21:07.042 [TestNG-test-Yt Master Tests-2] INFO  [verifyingSideMenuCollapsedLangAsInSettings] [verifyingSideMenuCollapsedLangAsInSettings] Trying to find element: By.xpath: (//div[@id='content-icon'])[2]
2026-03-05 19:21:07.738 [TestNG-test-Yt Master Tests-2] INFO  [verifyingSideMenuCollapsedLangAsInSettings] [verifyingSideMenuCollapsedLangAsInSettings] Element found and ready (attempt 1): By.xpath: (//div[@id='content-icon'])[2]
2026-03-05 19:21:08.205 [TestNG-test-Yt Master Tests-2] INFO  [verifyingSideMenuCollapsedLangAsInSettings] Looking for language element with name: Français
2026-03-05 19:21:08.205 [TestNG-test-Yt Master Tests-2] INFO  [verifyingSideMenuCollapsedLangAsInSettings] [verifyingSideMenuCollapsedLangAsInSettings] Trying to find element: By.xpath: //yt-multi-page-menu-section-renderer[@class='style-scope ytd-multi-page-menu-renderer']//yt-formatted-string[@id='label' and text()='Français']
2026-03-05 19:21:08.409 [TestNG-test-Yt Master Tests-2] INFO  [verifyingSideMenuCollapsedLangAsInSettings] [verifyingSideMenuCollapsedLangAsInSettings] Element found and ready (attempt 1): By.xpath: //yt-multi-page-menu-section-renderer[@class='style-scope ytd-multi-page-menu-renderer']//yt-formatted-string[@id='label' and text()='Français']
2026-03-05 19:21:08.409 [TestNG-test-Yt Master Tests-2] INFO  [verifyingSideMenuCollapsedLangAsInSettings] [verifyingSideMenuCollapsedLangAsInSettings] Trying to find element: By.xpath: //yt-multi-page-menu-section-renderer[@class='style-scope ytd-multi-page-menu-renderer']//yt-formatted-string[@id='label' and text()='Français']
2026-03-05 19:21:08.485 [TestNG-test-Yt Master Tests-2] INFO  [verifyingSideMenuCollapsedLangAsInSettings] [verifyingSideMenuCollapsedLangAsInSettings] Element found and ready (attempt 1): By.xpath: //yt-multi-page-menu-section-renderer[@class='style-scope ytd-multi-page-menu-renderer']//yt-formatted-string[@id='label' and text()='Français']
2026-03-05 19:21:10.847 [TestNG-test-Yt Master Tests-2] INFO  [verifyingSideMenuCollapsedLangAsInSettings] Clicking settings ellipses button...
2026-03-05 19:21:10.952 [TestNG-test-Yt Master Tests-2] INFO  [verifyingSideMenuCollapsedLangAsInSettings] [verifyingSideMenuCollapsedLangAsInSettings] Trying to find element: By.xpath: //ytd-topbar-menu-button-renderer[@class='style-scope ytd-masthead style-default']
2026-03-05 19:21:11.144 [TestNG-test-Yt Master Tests-2] INFO  [verifyingSideMenuCollapsedLangAsInSettings] [verifyingSideMenuCollapsedLangAsInSettings] Element found and ready (attempt 1): By.xpath: //ytd-topbar-menu-button-renderer[@class='style-scope ytd-masthead style-default']
2026-03-05 19:21:11.399 [TestNG-test-Yt Master Tests-2] INFO  [verifyingSideMenuCollapsedLangAsInSettings] [verifyingSideMenuCollapsedLangAsInSettings] Waiting until element is visible in viewport
2026-03-05 19:21:11.498 [TestNG-test-Yt Master Tests-2] INFO  [verifyingSideMenuCollapsedLangAsInSettings] [verifyingSideMenuCollapsedLangAsInSettings] Capturing screenshot: Filter Applied is Français__2026-03-05_192111.jpg
2026-03-05 19:21:11.813 [TestNG-test-Yt Master Tests-2] INFO  [verifyingSideMenuCollapsedLangAsInSettings] [verifyingSideMenuCollapsedLangAsInSettings] Screenshot saved at: test-output/screenshots/Run_2026-03-05_19-02-45/verifyingSideMenuCollapsedLangAsInSettings/Filter Applied is Français__2026-03-05_192111.jpg
2026-03-05 19:21:11.813 [TestNG-test-Yt Master Tests-2] INFO  [verifyingSideMenuCollapsedLangAsInSettings] Clicking settings ellipses button...
2026-03-05 19:21:11.834 [TestNG-test-Yt Master Tests-2] INFO  [verifyingSideMenuCollapsedLangAsInSettings] [verifyingSideMenuCollapsedLangAsInSettings] Trying to find element: By.xpath: //ytd-topbar-menu-button-renderer[@class='style-scope ytd-masthead style-default']
2026-03-05 19:21:11.888 [TestNG-test-Yt Master Tests-2] INFO  [verifyingSideMenuCollapsedLangAsInSettings] [verifyingSideMenuCollapsedLangAsInSettings] Element found and ready (attempt 1): By.xpath: //ytd-topbar-menu-button-renderer[@class='style-scope ytd-masthead style-default']
2026-03-05 19:21:11.943 [TestNG-test-Yt Master Tests-2] INFO  [verifyingSideMenuCollapsedLangAsInSettings] getLangAttribute() - locating <html> and reading lang property
2026-03-05 19:21:11.957 [TestNG-test-Yt Master Tests-2] INFO  [verifyingSideMenuCollapsedLangAsInSettings] Language attribute read: fr-FR
2026-03-05 19:21:11.957 [TestNG-test-Yt Master Tests-2] INFO  [verifyingSideMenuCollapsedLangAsInSettings] Fetching the side menu in collapsed view
2026-03-05 19:21:11.957 [TestNG-test-Yt Master Tests-2] INFO  [verifyingSideMenuCollapsedLangAsInSettings] [verifyingSideMenuCollapsedLangAsInSettings] Finding elements list: By.xpath: //ytd-mini-guide-renderer[@class='style-scope ytd-app']//ytd-mini-guide-entry-renderer
2026-03-05 19:21:12.021 [TestNG-test-Yt Master Tests-2] INFO  [verifyingSideMenuCollapsedLangAsInSettings] [verifyingSideMenuCollapsedLangAsInSettings] Found 4 ready elements (attempt 1): By.xpath: //ytd-mini-guide-renderer[@class='style-scope ytd-app']//ytd-mini-guide-entry-renderer
2026-03-05 19:21:12.106 [TestNG-test-Yt Master Tests-2] INFO  [verifyingSideMenuCollapsedLangAsInSettings] Clicking settings ellipses button...
2026-03-05 19:21:12.131 [TestNG-test-Yt Master Tests-2] INFO  [verifyingSideMenuCollapsedLangAsInSettings] [verifyingSideMenuCollapsedLangAsInSettings] Trying to find element: By.xpath: //ytd-topbar-menu-button-renderer[@class='style-scope ytd-masthead style-default']
2026-03-05 19:21:12.198 [TestNG-test-Yt Master Tests-2] INFO  [verifyingSideMenuCollapsedLangAsInSettings] [verifyingSideMenuCollapsedLangAsInSettings] Element found and ready (attempt 1): By.xpath: //ytd-topbar-menu-button-renderer[@class='style-scope ytd-masthead style-default']
2026-03-05 19:21:12.271 [TestNG-test-Yt Master Tests-2] INFO  [verifyingSideMenuCollapsedLangAsInSettings] Clicking language dropdown...
2026-03-05 19:21:12.271 [TestNG-test-Yt Master Tests-2] INFO  [verifyingSideMenuCollapsedLangAsInSettings] [verifyingSideMenuCollapsedLangAsInSettings] Trying to find element: By.xpath: (//div[@id='content-icon'])[2]
2026-03-05 19:21:12.857 [TestNG-test-Yt Master Tests-2] INFO  [verifyingSideMenuCollapsedLangAsInSettings] [verifyingSideMenuCollapsedLangAsInSettings] Element found and ready (attempt 1): By.xpath: (//div[@id='content-icon'])[2]
2026-03-05 19:21:13.438 [TestNG-test-Yt Master Tests-2] INFO  [verifyingSideMenuCollapsedLangAsInSettings] Looking for language element with name: Français (Canada)
2026-03-05 19:21:13.438 [TestNG-test-Yt Master Tests-2] INFO  [verifyingSideMenuCollapsedLangAsInSettings] [verifyingSideMenuCollapsedLangAsInSettings] Trying to find element: By.xpath: //yt-multi-page-menu-section-renderer[@class='style-scope ytd-multi-page-menu-renderer']//yt-formatted-string[@id='label' and text()='Français (Canada)']
2026-03-05 19:21:13.626 [TestNG-test-Yt Master Tests-2] INFO  [verifyingSideMenuCollapsedLangAsInSettings] [verifyingSideMenuCollapsedLangAsInSettings] Element found and ready (attempt 1): By.xpath: //yt-multi-page-menu-section-renderer[@class='style-scope ytd-multi-page-menu-renderer']//yt-formatted-string[@id='label' and text()='Français (Canada)']
2026-03-05 19:21:13.626 [TestNG-test-Yt Master Tests-2] INFO  [verifyingSideMenuCollapsedLangAsInSettings] [verifyingSideMenuCollapsedLangAsInSettings] Trying to find element: By.xpath: //yt-multi-page-menu-section-renderer[@class='style-scope ytd-multi-page-menu-renderer']//yt-formatted-string[@id='label' and text()='Français (Canada)']
2026-03-05 19:21:13.692 [TestNG-test-Yt Master Tests-2] INFO  [verifyingSideMenuCollapsedLangAsInSettings] [verifyingSideMenuCollapsedLangAsInSettings] Element found and ready (attempt 1): By.xpath: //yt-multi-page-menu-section-renderer[@class='style-scope ytd-multi-page-menu-renderer']//yt-formatted-string[@id='label' and text()='Français (Canada)']
2026-03-05 19:21:16.280 [TestNG-test-Yt Master Tests-2] INFO  [verifyingSideMenuCollapsedLangAsInSettings] Clicking settings ellipses button...
2026-03-05 19:21:16.463 [TestNG-test-Yt Master Tests-2] INFO  [verifyingSideMenuCollapsedLangAsInSettings] [verifyingSideMenuCollapsedLangAsInSettings] Trying to find element: By.xpath: //ytd-topbar-menu-button-renderer[@class='style-scope ytd-masthead style-default']
2026-03-05 19:21:16.534 [TestNG-test-Yt Master Tests-2] INFO  [verifyingSideMenuCollapsedLangAsInSettings] [verifyingSideMenuCollapsedLangAsInSettings] Element found and ready (attempt 1): By.xpath: //ytd-topbar-menu-button-renderer[@class='style-scope ytd-masthead style-default']
2026-03-05 19:21:16.882 [TestNG-test-Yt Master Tests-2] INFO  [verifyingSideMenuCollapsedLangAsInSettings] [verifyingSideMenuCollapsedLangAsInSettings] Waiting until element is visible in viewport
2026-03-05 19:21:17.009 [TestNG-test-Yt Master Tests-2] INFO  [verifyingSideMenuCollapsedLangAsInSettings] [verifyingSideMenuCollapsedLangAsInSettings] Capturing screenshot: Filter Applied is Français (Canada)__2026-03-05_192117.jpg
2026-03-05 19:21:17.469 [TestNG-test-Yt Master Tests-2] INFO  [verifyingSideMenuCollapsedLangAsInSettings] [verifyingSideMenuCollapsedLangAsInSettings] Screenshot saved at: test-output/screenshots/Run_2026-03-05_19-02-45/verifyingSideMenuCollapsedLangAsInSettings/Filter Applied is Français (Canada)__2026-03-05_192117.jpg
2026-03-05 19:21:17.469 [TestNG-test-Yt Master Tests-2] INFO  [verifyingSideMenuCollapsedLangAsInSettings] Clicking settings ellipses button...
2026-03-05 19:21:17.495 [TestNG-test-Yt Master Tests-2] INFO  [verifyingSideMenuCollapsedLangAsInSettings] [verifyingSideMenuCollapsedLangAsInSettings] Trying to find element: By.xpath: //ytd-topbar-menu-button-renderer[@class='style-scope ytd-masthead style-default']
2026-03-05 19:21:17.551 [TestNG-test-Yt Master Tests-2] INFO  [verifyingSideMenuCollapsedLangAsInSettings] [verifyingSideMenuCollapsedLangAsInSettings] Element found and ready (attempt 1): By.xpath: //ytd-topbar-menu-button-renderer[@class='style-scope ytd-masthead style-default']
2026-03-05 19:21:17.606 [TestNG-test-Yt Master Tests-2] INFO  [verifyingSideMenuCollapsedLangAsInSettings] getLangAttribute() - locating <html> and reading lang property
2026-03-05 19:21:17.620 [TestNG-test-Yt Master Tests-2] INFO  [verifyingSideMenuCollapsedLangAsInSettings] Language attribute read: fr-CA
2026-03-05 19:21:17.620 [TestNG-test-Yt Master Tests-2] INFO  [verifyingSideMenuCollapsedLangAsInSettings] Fetching the side menu in collapsed view
2026-03-05 19:21:17.620 [TestNG-test-Yt Master Tests-2] INFO  [verifyingSideMenuCollapsedLangAsInSettings] [verifyingSideMenuCollapsedLangAsInSettings] Finding elements list: By.xpath: //ytd-mini-guide-renderer[@class='style-scope ytd-app']//ytd-mini-guide-entry-renderer
2026-03-05 19:21:17.691 [TestNG-test-Yt Master Tests-2] INFO  [verifyingSideMenuCollapsedLangAsInSettings] [verifyingSideMenuCollapsedLangAsInSettings] Found 4 ready elements (attempt 1): By.xpath: //ytd-mini-guide-renderer[@class='style-scope ytd-app']//ytd-mini-guide-entry-renderer
2026-03-05 19:21:17.781 [TestNG-test-Yt Master Tests-2] INFO  [verifyingSideMenuCollapsedLangAsInSettings] Clicking settings ellipses button...
2026-03-05 19:21:17.803 [TestNG-test-Yt Master Tests-2] INFO  [verifyingSideMenuCollapsedLangAsInSettings] [verifyingSideMenuCollapsedLangAsInSettings] Trying to find element: By.xpath: //ytd-topbar-menu-button-renderer[@class='style-scope ytd-masthead style-default']
2026-03-05 19:21:17.868 [TestNG-test-Yt Master Tests-2] INFO  [verifyingSideMenuCollapsedLangAsInSettings] [verifyingSideMenuCollapsedLangAsInSettings] Element found and ready (attempt 1): By.xpath: //ytd-topbar-menu-button-renderer[@class='style-scope ytd-masthead style-default']
2026-03-05 19:21:17.930 [TestNG-test-Yt Master Tests-2] INFO  [verifyingSideMenuCollapsedLangAsInSettings] Clicking language dropdown...
2026-03-05 19:21:17.930 [TestNG-test-Yt Master Tests-2] INFO  [verifyingSideMenuCollapsedLangAsInSettings] [verifyingSideMenuCollapsedLangAsInSettings] Trying to find element: By.xpath: (//div[@id='content-icon'])[2]
2026-03-05 19:21:18.508 [TestNG-test-Yt Master Tests-2] INFO  [verifyingSideMenuCollapsedLangAsInSettings] [verifyingSideMenuCollapsedLangAsInSettings] Element found and ready (attempt 1): By.xpath: (//div[@id='content-icon'])[2]
2026-03-05 19:21:19.005 [TestNG-test-Yt Master Tests-2] INFO  [verifyingSideMenuCollapsedLangAsInSettings] Looking for language element with name: Hrvatski
2026-03-05 19:21:19.005 [TestNG-test-Yt Master Tests-2] INFO  [verifyingSideMenuCollapsedLangAsInSettings] [verifyingSideMenuCollapsedLangAsInSettings] Trying to find element: By.xpath: //yt-multi-page-menu-section-renderer[@class='style-scope ytd-multi-page-menu-renderer']//yt-formatted-string[@id='label' and text()='Hrvatski']
2026-03-05 19:21:19.150 [TestNG-test-Yt Master Tests-2] INFO  [verifyingSideMenuCollapsedLangAsInSettings] [verifyingSideMenuCollapsedLangAsInSettings] Element found and ready (attempt 1): By.xpath: //yt-multi-page-menu-section-renderer[@class='style-scope ytd-multi-page-menu-renderer']//yt-formatted-string[@id='label' and text()='Hrvatski']
2026-03-05 19:21:19.150 [TestNG-test-Yt Master Tests-2] INFO  [verifyingSideMenuCollapsedLangAsInSettings] [verifyingSideMenuCollapsedLangAsInSettings] Trying to find element: By.xpath: //yt-multi-page-menu-section-renderer[@class='style-scope ytd-multi-page-menu-renderer']//yt-formatted-string[@id='label' and text()='Hrvatski']
2026-03-05 19:21:19.306 [TestNG-test-Yt Master Tests-2] INFO  [verifyingSideMenuCollapsedLangAsInSettings] [verifyingSideMenuCollapsedLangAsInSettings] Element found and ready (attempt 1): By.xpath: //yt-multi-page-menu-section-renderer[@class='style-scope ytd-multi-page-menu-renderer']//yt-formatted-string[@id='label' and text()='Hrvatski']
2026-03-05 19:21:21.668 [TestNG-test-Yt Master Tests-2] INFO  [verifyingSideMenuCollapsedLangAsInSettings] Clicking settings ellipses button...
2026-03-05 19:21:21.769 [TestNG-test-Yt Master Tests-2] INFO  [verifyingSideMenuCollapsedLangAsInSettings] [verifyingSideMenuCollapsedLangAsInSettings] Trying to find element: By.xpath: //ytd-topbar-menu-button-renderer[@class='style-scope ytd-masthead style-default']
2026-03-05 19:21:21.833 [TestNG-test-Yt Master Tests-2] INFO  [verifyingSideMenuCollapsedLangAsInSettings] [verifyingSideMenuCollapsedLangAsInSettings] Element found and ready (attempt 1): By.xpath: //ytd-topbar-menu-button-renderer[@class='style-scope ytd-masthead style-default']
2026-03-05 19:21:22.147 [TestNG-test-Yt Master Tests-2] INFO  [verifyingSideMenuCollapsedLangAsInSettings] [verifyingSideMenuCollapsedLangAsInSettings] Waiting until element is visible in viewport
2026-03-05 19:21:22.330 [TestNG-test-Yt Master Tests-2] INFO  [verifyingSideMenuCollapsedLangAsInSettings] [verifyingSideMenuCollapsedLangAsInSettings] Capturing screenshot: Filter Applied is Hrvatski__2026-03-05_192122.jpg
2026-03-05 19:21:22.617 [TestNG-test-Yt Master Tests-2] INFO  [verifyingSideMenuCollapsedLangAsInSettings] [verifyingSideMenuCollapsedLangAsInSettings] Screenshot saved at: test-output/screenshots/Run_2026-03-05_19-02-45/verifyingSideMenuCollapsedLangAsInSettings/Filter Applied is Hrvatski__2026-03-05_192122.jpg
2026-03-05 19:21:22.617 [TestNG-test-Yt Master Tests-2] INFO  [verifyingSideMenuCollapsedLangAsInSettings] Clicking settings ellipses button...
2026-03-05 19:21:22.640 [TestNG-test-Yt Master Tests-2] INFO  [verifyingSideMenuCollapsedLangAsInSettings] [verifyingSideMenuCollapsedLangAsInSettings] Trying to find element: By.xpath: //ytd-topbar-menu-button-renderer[@class='style-scope ytd-masthead style-default']
2026-03-05 19:21:22.700 [TestNG-test-Yt Master Tests-2] INFO  [verifyingSideMenuCollapsedLangAsInSettings] [verifyingSideMenuCollapsedLangAsInSettings] Element found and ready (attempt 1): By.xpath: //ytd-topbar-menu-button-renderer[@class='style-scope ytd-masthead style-default']
2026-03-05 19:21:22.761 [TestNG-test-Yt Master Tests-2] INFO  [verifyingSideMenuCollapsedLangAsInSettings] getLangAttribute() - locating <html> and reading lang property
2026-03-05 19:21:22.791 [TestNG-test-Yt Master Tests-2] INFO  [verifyingSideMenuCollapsedLangAsInSettings] Language attribute read: hr-HR
2026-03-05 19:21:22.791 [TestNG-test-Yt Master Tests-2] INFO  [verifyingSideMenuCollapsedLangAsInSettings] Fetching the side menu in collapsed view
2026-03-05 19:21:22.791 [TestNG-test-Yt Master Tests-2] INFO  [verifyingSideMenuCollapsedLangAsInSettings] [verifyingSideMenuCollapsedLangAsInSettings] Finding elements list: By.xpath: //ytd-mini-guide-renderer[@class='style-scope ytd-app']//ytd-mini-guide-entry-renderer
2026-03-05 19:21:22.864 [TestNG-test-Yt Master Tests-2] INFO  [verifyingSideMenuCollapsedLangAsInSettings] [verifyingSideMenuCollapsedLangAsInSettings] Found 4 ready elements (attempt 1): By.xpath: //ytd-mini-guide-renderer[@class='style-scope ytd-app']//ytd-mini-guide-entry-renderer
2026-03-05 19:21:22.954 [TestNG-test-Yt Master Tests-2] INFO  [verifyingSideMenuCollapsedLangAsInSettings] Clicking settings ellipses button...
2026-03-05 19:21:22.984 [TestNG-test-Yt Master Tests-2] INFO  [verifyingSideMenuCollapsedLangAsInSettings] [verifyingSideMenuCollapsedLangAsInSettings] Trying to find element: By.xpath: //ytd-topbar-menu-button-renderer[@class='style-scope ytd-masthead style-default']
2026-03-05 19:21:23.099 [TestNG-test-Yt Master Tests-2] INFO  [verifyingSideMenuCollapsedLangAsInSettings] [verifyingSideMenuCollapsedLangAsInSettings] Element found and ready (attempt 1): By.xpath: //ytd-topbar-menu-button-renderer[@class='style-scope ytd-masthead style-default']
2026-03-05 19:21:23.233 [TestNG-test-Yt Master Tests-2] INFO  [verifyingSideMenuCollapsedLangAsInSettings] Clicking language dropdown...
2026-03-05 19:21:23.233 [TestNG-test-Yt Master Tests-2] INFO  [verifyingSideMenuCollapsedLangAsInSettings] [verifyingSideMenuCollapsedLangAsInSettings] Trying to find element: By.xpath: (//div[@id='content-icon'])[2]
2026-03-05 19:21:23.803 [TestNG-test-Yt Master Tests-2] INFO  [verifyingSideMenuCollapsedLangAsInSettings] [verifyingSideMenuCollapsedLangAsInSettings] Element found and ready (attempt 1): By.xpath: (//div[@id='content-icon'])[2]
2026-03-05 19:21:24.219 [TestNG-test-Yt Master Tests-2] INFO  [verifyingSideMenuCollapsedLangAsInSettings] Looking for language element with name: Íslenska
2026-03-05 19:21:24.219 [TestNG-test-Yt Master Tests-2] INFO  [verifyingSideMenuCollapsedLangAsInSettings] [verifyingSideMenuCollapsedLangAsInSettings] Trying to find element: By.xpath: //yt-multi-page-menu-section-renderer[@class='style-scope ytd-multi-page-menu-renderer']//yt-formatted-string[@id='label' and text()='Íslenska']
2026-03-05 19:21:24.347 [TestNG-test-Yt Master Tests-2] INFO  [verifyingSideMenuCollapsedLangAsInSettings] [verifyingSideMenuCollapsedLangAsInSettings] Element found and ready (attempt 1): By.xpath: //yt-multi-page-menu-section-renderer[@class='style-scope ytd-multi-page-menu-renderer']//yt-formatted-string[@id='label' and text()='Íslenska']
2026-03-05 19:21:24.347 [TestNG-test-Yt Master Tests-2] INFO  [verifyingSideMenuCollapsedLangAsInSettings] [verifyingSideMenuCollapsedLangAsInSettings] Trying to find element: By.xpath: //yt-multi-page-menu-section-renderer[@class='style-scope ytd-multi-page-menu-renderer']//yt-formatted-string[@id='label' and text()='Íslenska']
2026-03-05 19:21:24.413 [TestNG-test-Yt Master Tests-2] INFO  [verifyingSideMenuCollapsedLangAsInSettings] [verifyingSideMenuCollapsedLangAsInSettings] Element found and ready (attempt 1): By.xpath: //yt-multi-page-menu-section-renderer[@class='style-scope ytd-multi-page-menu-renderer']//yt-formatted-string[@id='label' and text()='Íslenska']
2026-03-05 19:21:26.983 [TestNG-test-Yt Master Tests-2] INFO  [verifyingSideMenuCollapsedLangAsInSettings] Clicking settings ellipses button...
2026-03-05 19:21:27.141 [TestNG-test-Yt Master Tests-2] INFO  [verifyingSideMenuCollapsedLangAsInSettings] [verifyingSideMenuCollapsedLangAsInSettings] Trying to find element: By.xpath: //ytd-topbar-menu-button-renderer[@class='style-scope ytd-masthead style-default']
2026-03-05 19:21:27.369 [TestNG-test-Yt Master Tests-2] INFO  [verifyingSideMenuCollapsedLangAsInSettings] [verifyingSideMenuCollapsedLangAsInSettings] Element found and ready (attempt 1): By.xpath: //ytd-topbar-menu-button-renderer[@class='style-scope ytd-masthead style-default']
2026-03-05 19:21:27.750 [TestNG-test-Yt Master Tests-2] INFO  [verifyingSideMenuCollapsedLangAsInSettings] [verifyingSideMenuCollapsedLangAsInSettings] Waiting until element is visible in viewport
2026-03-05 19:21:27.800 [TestNG-test-Yt Master Tests-2] INFO  [verifyingSideMenuCollapsedLangAsInSettings] [verifyingSideMenuCollapsedLangAsInSettings] Capturing screenshot: Filter Applied is Íslenska__2026-03-05_192127.jpg
2026-03-05 19:21:28.089 [TestNG-test-Yt Master Tests-2] INFO  [verifyingSideMenuCollapsedLangAsInSettings] [verifyingSideMenuCollapsedLangAsInSettings] Screenshot saved at: test-output/screenshots/Run_2026-03-05_19-02-45/verifyingSideMenuCollapsedLangAsInSettings/Filter Applied is Íslenska__2026-03-05_192127.jpg
2026-03-05 19:21:28.089 [TestNG-test-Yt Master Tests-2] INFO  [verifyingSideMenuCollapsedLangAsInSettings] Clicking settings ellipses button...
2026-03-05 19:21:28.110 [TestNG-test-Yt Master Tests-2] INFO  [verifyingSideMenuCollapsedLangAsInSettings] [verifyingSideMenuCollapsedLangAsInSettings] Trying to find element: By.xpath: //ytd-topbar-menu-button-renderer[@class='style-scope ytd-masthead style-default']
2026-03-05 19:21:28.165 [TestNG-test-Yt Master Tests-2] INFO  [verifyingSideMenuCollapsedLangAsInSettings] [verifyingSideMenuCollapsedLangAsInSettings] Element found and ready (attempt 1): By.xpath: //ytd-topbar-menu-button-renderer[@class='style-scope ytd-masthead style-default']
2026-03-05 19:21:28.221 [TestNG-test-Yt Master Tests-2] INFO  [verifyingSideMenuCollapsedLangAsInSettings] getLangAttribute() - locating <html> and reading lang property
2026-03-05 19:21:28.236 [TestNG-test-Yt Master Tests-2] INFO  [verifyingSideMenuCollapsedLangAsInSettings] Language attribute read: is-IS
2026-03-05 19:21:28.236 [TestNG-test-Yt Master Tests-2] INFO  [verifyingSideMenuCollapsedLangAsInSettings] Fetching the side menu in collapsed view
2026-03-05 19:21:28.236 [TestNG-test-Yt Master Tests-2] INFO  [verifyingSideMenuCollapsedLangAsInSettings] [verifyingSideMenuCollapsedLangAsInSettings] Finding elements list: By.xpath: //ytd-mini-guide-renderer[@class='style-scope ytd-app']//ytd-mini-guide-entry-renderer
2026-03-05 19:21:28.302 [TestNG-test-Yt Master Tests-2] INFO  [verifyingSideMenuCollapsedLangAsInSettings] [verifyingSideMenuCollapsedLangAsInSettings] Found 4 ready elements (attempt 1): By.xpath: //ytd-mini-guide-renderer[@class='style-scope ytd-app']//ytd-mini-guide-entry-renderer
2026-03-05 19:21:28.385 [TestNG-test-Yt Master Tests-2] INFO  [verifyingSideMenuCollapsedLangAsInSettings] Clicking settings ellipses button...
2026-03-05 19:21:28.408 [TestNG-test-Yt Master Tests-2] INFO  [verifyingSideMenuCollapsedLangAsInSettings] [verifyingSideMenuCollapsedLangAsInSettings] Trying to find element: By.xpath: //ytd-topbar-menu-button-renderer[@class='style-scope ytd-masthead style-default']
2026-03-05 19:21:28.472 [TestNG-test-Yt Master Tests-2] INFO  [verifyingSideMenuCollapsedLangAsInSettings] [verifyingSideMenuCollapsedLangAsInSettings] Element found and ready (attempt 1): By.xpath: //ytd-topbar-menu-button-renderer[@class='style-scope ytd-masthead style-default']
2026-03-05 19:21:28.545 [TestNG-test-Yt Master Tests-2] INFO  [verifyingSideMenuCollapsedLangAsInSettings] Clicking language dropdown...
2026-03-05 19:21:28.545 [TestNG-test-Yt Master Tests-2] INFO  [verifyingSideMenuCollapsedLangAsInSettings] [verifyingSideMenuCollapsedLangAsInSettings] Trying to find element: By.xpath: (//div[@id='content-icon'])[2]
2026-03-05 19:21:28.720 [TestNG-test-Yt Master Tests-2] INFO  [verifyingSideMenuCollapsedLangAsInSettings] [verifyingSideMenuCollapsedLangAsInSettings] Element found and ready (attempt 1): By.xpath: (//div[@id='content-icon'])[2]
2026-03-05 19:21:29.180 [TestNG-test-Yt Master Tests-2] INFO  [verifyingSideMenuCollapsedLangAsInSettings] Looking for language element with name: Italiano
2026-03-05 19:21:29.180 [TestNG-test-Yt Master Tests-2] INFO  [verifyingSideMenuCollapsedLangAsInSettings] [verifyingSideMenuCollapsedLangAsInSettings] Trying to find element: By.xpath: //yt-multi-page-menu-section-renderer[@class='style-scope ytd-multi-page-menu-renderer']//yt-formatted-string[@id='label' and text()='Italiano']
2026-03-05 19:21:29.289 [TestNG-test-Yt Master Tests-2] INFO  [verifyingSideMenuCollapsedLangAsInSettings] [verifyingSideMenuCollapsedLangAsInSettings] Element found and ready (attempt 1): By.xpath: //yt-multi-page-menu-section-renderer[@class='style-scope ytd-multi-page-menu-renderer']//yt-formatted-string[@id='label' and text()='Italiano']
2026-03-05 19:21:29.289 [TestNG-test-Yt Master Tests-2] INFO  [verifyingSideMenuCollapsedLangAsInSettings] [verifyingSideMenuCollapsedLangAsInSettings] Trying to find element: By.xpath: //yt-multi-page-menu-section-renderer[@class='style-scope ytd-multi-page-menu-renderer']//yt-formatted-string[@id='label' and text()='Italiano']
2026-03-05 19:21:29.362 [TestNG-test-Yt Master Tests-2] INFO  [verifyingSideMenuCollapsedLangAsInSettings] [verifyingSideMenuCollapsedLangAsInSettings] Element found and ready (attempt 1): By.xpath: //yt-multi-page-menu-section-renderer[@class='style-scope ytd-multi-page-menu-renderer']//yt-formatted-string[@id='label' and text()='Italiano']
2026-03-05 19:21:47.406 [TestNG-test-Yt Master Tests-2] WARN  [verifyingSideMenuCollapsedLangAsInSettings] [verifyingSideMenuCollapsedLangAsInSettings] Retrying test 'verifyingSideMenuCollapsedLangAsInSettings' (attempt 1) due to: Expected condition failed: waiting for presence of element located by: By.xpath: //ytd-mini-guide-renderer[@class='style-scope ytd-app']//ytd-mini-guide-entry-renderer (tried for 15 second(s) with 500 milliseconds interval)
2026-03-05 19:21:47.410 [TestNG-test-Yt Master Tests-2] WARN  [verifyingSideMenuCollapsedLangAsInSettings] Test SKIPPED: verifyingSideMenuCollapsedLangAsInSettings
2026-03-05 19:21:47.410 [TestNG-test-Yt Master Tests-2] INFO  [verifyingSideMenuCollapsedLangAsInSettings] Closing WebDriver for thread: 35
2026-03-05 19:21:47.949 [TestNG-test-Yt Master Tests-2] INFO  [verifyingSideMenuCollapsedLangAsInSettings] WebDriver instance removed from ThreadLocal for thread: 35
2026-03-05 19:21:47.949 [TestNG-test-Yt Master Tests-2] INFO  [verifyingSideMenuCollapsedLangAsInSettings] Driver closed for test: verifyingSideMenuCollapsedLangAsInSettings
2026-03-05 19:21:47.951 [TestNG-test-Yt Master Tests-2] INFO  [verifyingSideMenuCollapsedLangAsInSettings] ===== STARTING TEST: verifyingSideMenuCollapsedLangAsInSettings  | Thread: 35 =====
2026-03-05 19:21:47.951 [TestNG-test-Yt Master Tests-2] INFO  [verifyingSideMenuCollapsedLangAsInSettings] No existing WebDriver found for current thread. Initializing a new ChromeDriver...
2026-03-05 19:21:47.962 [TestNG-test-Yt Master Tests-2] INFO  [verifyingSideMenuCollapsedLangAsInSettings] WebDriverManager: chromedriver setup OK
2026-03-05 19:21:49.118 [TestNG-test-Yt Master Tests-2] INFO  [verifyingSideMenuCollapsedLangAsInSettings] ChromeDriver initialized successfully for thread: 35
2026-03-05 19:21:49.118 [TestNG-test-Yt Master Tests-2] INFO  [verifyingSideMenuCollapsedLangAsInSettings] Driver initialized successfully for test: verifyingSideMenuCollapsedLangAsInSettings
2026-03-05 19:21:49.118 [TestNG-test-Yt Master Tests-2] INFO  [verifyingSideMenuCollapsedLangAsInSettings] SafeActions initialized with driver ChromeDriver: chrome on windows (697732b15e2ef0bfb8a38c276dc07f23)
2026-03-05 19:21:49.118 [TestNG-test-Yt Master Tests-2] INFO  [verifyingSideMenuCollapsedLangAsInSettings] Initialized YtLandingPage with driver: ChromeDriver: chrome on windows (697732b15e2ef0bfb8a38c276dc07f23)
2026-03-05 19:21:49.118 [TestNG-test-Yt Master Tests-2] INFO  [verifyingSideMenuCollapsedLangAsInSettings] SafeActions initialized with driver ChromeDriver: chrome on windows (697732b15e2ef0bfb8a38c276dc07f23)
2026-03-05 19:21:50.788 [TestNG-test-Yt Master Tests-2] INFO  [verifyingSideMenuCollapsedLangAsInSettings] Opened YouTube landing page.
2026-03-05 19:21:50.788 [TestNG-test-Yt Master Tests-2] INFO  [verifyingSideMenuCollapsedLangAsInSettings] Clicking left ellipses in the landing page
2026-03-05 19:21:50.788 [TestNG-test-Yt Master Tests-2] INFO  [verifyingSideMenuCollapsedLangAsInSettings] [verifyingSideMenuCollapsedLangAsInSettings] Trying to find element: By.xpath: //ytd-topbar-logo-renderer[@id='logo']/preceding-sibling::*[@id='guide-button']
2026-03-05 19:21:51.286 [TestNG-test-Yt Master Tests-2] INFO  [verifyingSideMenuCollapsedLangAsInSettings] [verifyingSideMenuCollapsedLangAsInSettings] Element found and ready (attempt 1): By.xpath: //ytd-topbar-logo-renderer[@id='logo']/preceding-sibling::*[@id='guide-button']
2026-03-05 19:21:51.399 [TestNG-test-Yt Master Tests-2] INFO  [verifyingSideMenuCollapsedLangAsInSettings] Clicking settings ellipses button...
2026-03-05 19:21:51.444 [TestNG-test-Yt Master Tests-2] INFO  [verifyingSideMenuCollapsedLangAsInSettings] [verifyingSideMenuCollapsedLangAsInSettings] Trying to find element: By.xpath: //ytd-topbar-menu-button-renderer[@class='style-scope ytd-masthead style-default']
2026-03-05 19:21:51.547 [TestNG-test-Yt Master Tests-2] INFO  [verifyingSideMenuCollapsedLangAsInSettings] [verifyingSideMenuCollapsedLangAsInSettings] Element found and ready (attempt 1): By.xpath: //ytd-topbar-menu-button-renderer[@class='style-scope ytd-masthead style-default']
2026-03-05 19:21:51.661 [TestNG-test-Yt Master Tests-2] INFO  [verifyingSideMenuCollapsedLangAsInSettings] Clicking language dropdown...
2026-03-05 19:21:51.662 [TestNG-test-Yt Master Tests-2] INFO  [verifyingSideMenuCollapsedLangAsInSettings] [verifyingSideMenuCollapsedLangAsInSettings] Trying to find element: By.xpath: (//div[@id='content-icon'])[2]
2026-03-05 19:21:52.278 [TestNG-test-Yt Master Tests-2] INFO  [verifyingSideMenuCollapsedLangAsInSettings] [verifyingSideMenuCollapsedLangAsInSettings] Element found and ready (attempt 1): By.xpath: (//div[@id='content-icon'])[2]
2026-03-05 19:21:52.650 [TestNG-test-Yt Master Tests-2] INFO  [verifyingSideMenuCollapsedLangAsInSettings] [verifyingSideMenuCollapsedLangAsInSettings] Execution is scheduled type /CRON Job on CI Hence refering to CI keys from UtilData
2026-03-05 19:21:52.650 [TestNG-test-Yt Master Tests-2] INFO  [verifyingSideMenuCollapsedLangAsInSettings] Looking for language element with name: Afrikaans
2026-03-05 19:21:52.650 [TestNG-test-Yt Master Tests-2] INFO  [verifyingSideMenuCollapsedLangAsInSettings] [verifyingSideMenuCollapsedLangAsInSettings] Trying to find element: By.xpath: //yt-multi-page-menu-section-renderer[@class='style-scope ytd-multi-page-menu-renderer']//yt-formatted-string[@id='label' and text()='Afrikaans']
2026-03-05 19:21:52.769 [TestNG-test-Yt Master Tests-2] INFO  [verifyingSideMenuCollapsedLangAsInSettings] [verifyingSideMenuCollapsedLangAsInSettings] Element found and ready (attempt 1): By.xpath: //yt-multi-page-menu-section-renderer[@class='style-scope ytd-multi-page-menu-renderer']//yt-formatted-string[@id='label' and text()='Afrikaans']
2026-03-05 19:21:52.769 [TestNG-test-Yt Master Tests-2] INFO  [verifyingSideMenuCollapsedLangAsInSettings] [verifyingSideMenuCollapsedLangAsInSettings] Trying to find element: By.xpath: //yt-multi-page-menu-section-renderer[@class='style-scope ytd-multi-page-menu-renderer']//yt-formatted-string[@id='label' and text()='Afrikaans']
2026-03-05 19:21:52.819 [TestNG-test-Yt Master Tests-2] INFO  [verifyingSideMenuCollapsedLangAsInSettings] [verifyingSideMenuCollapsedLangAsInSettings] Element found and ready (attempt 1): By.xpath: //yt-multi-page-menu-section-renderer[@class='style-scope ytd-multi-page-menu-renderer']//yt-formatted-string[@id='label' and text()='Afrikaans']
2026-03-05 19:21:54.280 [TestNG-test-Yt Master Tests-2] INFO  [verifyingSideMenuCollapsedLangAsInSettings] Clicking settings ellipses button...
2026-03-05 19:21:54.447 [TestNG-test-Yt Master Tests-2] INFO  [verifyingSideMenuCollapsedLangAsInSettings] [verifyingSideMenuCollapsedLangAsInSettings] Trying to find element: By.xpath: //ytd-topbar-menu-button-renderer[@class='style-scope ytd-masthead style-default']
2026-03-05 19:21:54.502 [TestNG-test-Yt Master Tests-2] INFO  [verifyingSideMenuCollapsedLangAsInSettings] [verifyingSideMenuCollapsedLangAsInSettings] Element found and ready (attempt 1): By.xpath: //ytd-topbar-menu-button-renderer[@class='style-scope ytd-masthead style-default']
2026-03-05 19:21:54.722 [TestNG-test-Yt Master Tests-2] INFO  [verifyingSideMenuCollapsedLangAsInSettings] [verifyingSideMenuCollapsedLangAsInSettings] Waiting until element is visible in viewport
2026-03-05 19:21:54.850 [TestNG-test-Yt Master Tests-2] INFO  [verifyingSideMenuCollapsedLangAsInSettings] [verifyingSideMenuCollapsedLangAsInSettings] Capturing screenshot: Filter Applied is Afrikaans__2026-03-05_192154.jpg
2026-03-05 19:21:55.153 [TestNG-test-Yt Master Tests-2] INFO  [verifyingSideMenuCollapsedLangAsInSettings] [verifyingSideMenuCollapsedLangAsInSettings] Screenshot saved at: test-output/screenshots/Run_2026-03-05_19-02-45/verifyingSideMenuCollapsedLangAsInSettings/Filter Applied is Afrikaans__2026-03-05_192154.jpg
2026-03-05 19:21:55.154 [TestNG-test-Yt Master Tests-2] INFO  [verifyingSideMenuCollapsedLangAsInSettings] Clicking settings ellipses button...
2026-03-05 19:21:55.182 [TestNG-test-Yt Master Tests-2] INFO  [verifyingSideMenuCollapsedLangAsInSettings] [verifyingSideMenuCollapsedLangAsInSettings] Trying to find element: By.xpath: //ytd-topbar-menu-button-renderer[@class='style-scope ytd-masthead style-default']
2026-03-05 19:21:55.227 [TestNG-test-Yt Master Tests-2] INFO  [verifyingSideMenuCollapsedLangAsInSettings] [verifyingSideMenuCollapsedLangAsInSettings] Element found and ready (attempt 1): By.xpath: //ytd-topbar-menu-button-renderer[@class='style-scope ytd-masthead style-default']
2026-03-05 19:21:55.272 [TestNG-test-Yt Master Tests-2] INFO  [verifyingSideMenuCollapsedLangAsInSettings] getLangAttribute() - locating <html> and reading lang property
2026-03-05 19:21:55.287 [TestNG-test-Yt Master Tests-2] INFO  [verifyingSideMenuCollapsedLangAsInSettings] Language attribute read: af-ZA
2026-03-05 19:21:55.287 [TestNG-test-Yt Master Tests-2] INFO  [verifyingSideMenuCollapsedLangAsInSettings] Fetching the side menu in collapsed view
2026-03-05 19:21:55.287 [TestNG-test-Yt Master Tests-2] INFO  [verifyingSideMenuCollapsedLangAsInSettings] [verifyingSideMenuCollapsedLangAsInSettings] Finding elements list: By.xpath: //ytd-mini-guide-renderer[@class='style-scope ytd-app']//ytd-mini-guide-entry-renderer
2026-03-05 19:21:55.343 [TestNG-test-Yt Master Tests-2] INFO  [verifyingSideMenuCollapsedLangAsInSettings] [verifyingSideMenuCollapsedLangAsInSettings] Found 4 ready elements (attempt 1): By.xpath: //ytd-mini-guide-renderer[@class='style-scope ytd-app']//ytd-mini-guide-entry-renderer
2026-03-05 19:21:55.413 [TestNG-test-Yt Master Tests-2] INFO  [verifyingSideMenuCollapsedLangAsInSettings] Clicking settings ellipses button...
2026-03-05 19:21:55.432 [TestNG-test-Yt Master Tests-2] INFO  [verifyingSideMenuCollapsedLangAsInSettings] [verifyingSideMenuCollapsedLangAsInSettings] Trying to find element: By.xpath: //ytd-topbar-menu-button-renderer[@class='style-scope ytd-masthead style-default']
2026-03-05 19:21:55.479 [TestNG-test-Yt Master Tests-2] INFO  [verifyingSideMenuCollapsedLangAsInSettings] [verifyingSideMenuCollapsedLangAsInSettings] Element found and ready (attempt 1): By.xpath: //ytd-topbar-menu-button-renderer[@class='style-scope ytd-masthead style-default']
2026-03-05 19:21:55.541 [TestNG-test-Yt Master Tests-2] INFO  [verifyingSideMenuCollapsedLangAsInSettings] Clicking language dropdown...
2026-03-05 19:21:55.541 [TestNG-test-Yt Master Tests-2] INFO  [verifyingSideMenuCollapsedLangAsInSettings] [verifyingSideMenuCollapsedLangAsInSettings] Trying to find element: By.xpath: (//div[@id='content-icon'])[2]
2026-03-05 19:21:56.097 [TestNG-test-Yt Master Tests-2] INFO  [verifyingSideMenuCollapsedLangAsInSettings] [verifyingSideMenuCollapsedLangAsInSettings] Element found and ready (attempt 1): By.xpath: (//div[@id='content-icon'])[2]
2026-03-05 19:21:56.386 [TestNG-test-Yt Master Tests-2] INFO  [verifyingSideMenuCollapsedLangAsInSettings] Looking for language element with name: Azərbaycan
2026-03-05 19:21:56.386 [TestNG-test-Yt Master Tests-2] INFO  [verifyingSideMenuCollapsedLangAsInSettings] [verifyingSideMenuCollapsedLangAsInSettings] Trying to find element: By.xpath: //yt-multi-page-menu-section-renderer[@class='style-scope ytd-multi-page-menu-renderer']//yt-formatted-string[@id='label' and text()='Azərbaycan']
2026-03-05 19:21:56.507 [TestNG-test-Yt Master Tests-2] INFO  [verifyingSideMenuCollapsedLangAsInSettings] [verifyingSideMenuCollapsedLangAsInSettings] Element found and ready (attempt 1): By.xpath: //yt-multi-page-menu-section-renderer[@class='style-scope ytd-multi-page-menu-renderer']//yt-formatted-string[@id='label' and text()='Azərbaycan']
2026-03-05 19:21:56.507 [TestNG-test-Yt Master Tests-2] INFO  [verifyingSideMenuCollapsedLangAsInSettings] [verifyingSideMenuCollapsedLangAsInSettings] Trying to find element: By.xpath: //yt-multi-page-menu-section-renderer[@class='style-scope ytd-multi-page-menu-renderer']//yt-formatted-string[@id='label' and text()='Azərbaycan']
2026-03-05 19:21:56.558 [TestNG-test-Yt Master Tests-2] INFO  [verifyingSideMenuCollapsedLangAsInSettings] [verifyingSideMenuCollapsedLangAsInSettings] Element found and ready (attempt 1): By.xpath: //yt-multi-page-menu-section-renderer[@class='style-scope ytd-multi-page-menu-renderer']//yt-formatted-string[@id='label' and text()='Azərbaycan']
2026-03-05 19:21:57.217 [TestNG-test-Yt Master Tests-2] INFO  [verifyingSideMenuCollapsedLangAsInSettings] Clicking settings ellipses button...
2026-03-05 19:21:57.331 [TestNG-test-Yt Master Tests-2] INFO  [verifyingSideMenuCollapsedLangAsInSettings] [verifyingSideMenuCollapsedLangAsInSettings] Trying to find element: By.xpath: //ytd-topbar-menu-button-renderer[@class='style-scope ytd-masthead style-default']
2026-03-05 19:21:57.428 [TestNG-test-Yt Master Tests-2] INFO  [verifyingSideMenuCollapsedLangAsInSettings] [verifyingSideMenuCollapsedLangAsInSettings] Element found and ready (attempt 1): By.xpath: //ytd-topbar-menu-button-renderer[@class='style-scope ytd-masthead style-default']
2026-03-05 19:21:57.598 [TestNG-test-Yt Master Tests-2] INFO  [verifyingSideMenuCollapsedLangAsInSettings] [verifyingSideMenuCollapsedLangAsInSettings] Waiting until element is visible in viewport
2026-03-05 19:21:57.795 [TestNG-test-Yt Master Tests-2] INFO  [verifyingSideMenuCollapsedLangAsInSettings] [verifyingSideMenuCollapsedLangAsInSettings] Capturing screenshot: Filter Applied is Azərbaycan__2026-03-05_192157.jpg
2026-03-05 19:21:58.082 [TestNG-test-Yt Master Tests-2] INFO  [verifyingSideMenuCollapsedLangAsInSettings] [verifyingSideMenuCollapsedLangAsInSettings] Screenshot saved at: test-output/screenshots/Run_2026-03-05_19-02-45/verifyingSideMenuCollapsedLangAsInSettings/Filter Applied is Azərbaycan__2026-03-05_192157.jpg
2026-03-05 19:21:58.083 [TestNG-test-Yt Master Tests-2] INFO  [verifyingSideMenuCollapsedLangAsInSettings] Clicking settings ellipses button...
2026-03-05 19:21:58.103 [TestNG-test-Yt Master Tests-2] INFO  [verifyingSideMenuCollapsedLangAsInSettings] [verifyingSideMenuCollapsedLangAsInSettings] Trying to find element: By.xpath: //ytd-topbar-menu-button-renderer[@class='style-scope ytd-masthead style-default']
2026-03-05 19:21:58.149 [TestNG-test-Yt Master Tests-2] INFO  [verifyingSideMenuCollapsedLangAsInSettings] [verifyingSideMenuCollapsedLangAsInSettings] Element found and ready (attempt 1): By.xpath: //ytd-topbar-menu-button-renderer[@class='style-scope ytd-masthead style-default']
2026-03-05 19:21:58.198 [TestNG-test-Yt Master Tests-2] INFO  [verifyingSideMenuCollapsedLangAsInSettings] getLangAttribute() - locating <html> and reading lang property
2026-03-05 19:21:58.209 [TestNG-test-Yt Master Tests-2] INFO  [verifyingSideMenuCollapsedLangAsInSettings] Language attribute read: az-Latn-AZ
2026-03-05 19:21:58.209 [TestNG-test-Yt Master Tests-2] INFO  [verifyingSideMenuCollapsedLangAsInSettings] Fetching the side menu in collapsed view
2026-03-05 19:21:58.209 [TestNG-test-Yt Master Tests-2] INFO  [verifyingSideMenuCollapsedLangAsInSettings] [verifyingSideMenuCollapsedLangAsInSettings] Finding elements list: By.xpath: //ytd-mini-guide-renderer[@class='style-scope ytd-app']//ytd-mini-guide-entry-renderer
2026-03-05 19:21:58.266 [TestNG-test-Yt Master Tests-2] INFO  [verifyingSideMenuCollapsedLangAsInSettings] [verifyingSideMenuCollapsedLangAsInSettings] Found 4 ready elements (attempt 1): By.xpath: //ytd-mini-guide-renderer[@class='style-scope ytd-app']//ytd-mini-guide-entry-renderer
2026-03-05 19:21:58.334 [TestNG-test-Yt Master Tests-2] INFO  [verifyingSideMenuCollapsedLangAsInSettings] Clicking settings ellipses button...
2026-03-05 19:21:58.352 [TestNG-test-Yt Master Tests-2] INFO  [verifyingSideMenuCollapsedLangAsInSettings] [verifyingSideMenuCollapsedLangAsInSettings] Trying to find element: By.xpath: //ytd-topbar-menu-button-renderer[@class='style-scope ytd-masthead style-default']
2026-03-05 19:21:58.417 [TestNG-test-Yt Master Tests-2] INFO  [verifyingSideMenuCollapsedLangAsInSettings] [verifyingSideMenuCollapsedLangAsInSettings] Element found and ready (attempt 1): By.xpath: //ytd-topbar-menu-button-renderer[@class='style-scope ytd-masthead style-default']
2026-03-05 19:21:58.488 [TestNG-test-Yt Master Tests-2] INFO  [verifyingSideMenuCollapsedLangAsInSettings] Clicking language dropdown...
2026-03-05 19:21:58.489 [TestNG-test-Yt Master Tests-2] INFO  [verifyingSideMenuCollapsedLangAsInSettings] [verifyingSideMenuCollapsedLangAsInSettings] Trying to find element: By.xpath: (//div[@id='content-icon'])[2]
2026-03-05 19:21:59.052 [TestNG-test-Yt Master Tests-2] INFO  [verifyingSideMenuCollapsedLangAsInSettings] [verifyingSideMenuCollapsedLangAsInSettings] Element found and ready (attempt 1): By.xpath: (//div[@id='content-icon'])[2]
2026-03-05 19:21:59.383 [TestNG-test-Yt Master Tests-2] INFO  [verifyingSideMenuCollapsedLangAsInSettings] Looking for language element with name: Bahasa Indonesia
2026-03-05 19:21:59.383 [TestNG-test-Yt Master Tests-2] INFO  [verifyingSideMenuCollapsedLangAsInSettings] [verifyingSideMenuCollapsedLangAsInSettings] Trying to find element: By.xpath: //yt-multi-page-menu-section-renderer[@class='style-scope ytd-multi-page-menu-renderer']//yt-formatted-string[@id='label' and text()='Bahasa Indonesia']
2026-03-05 19:21:59.502 [TestNG-test-Yt Master Tests-2] INFO  [verifyingSideMenuCollapsedLangAsInSettings] [verifyingSideMenuCollapsedLangAsInSettings] Element found and ready (attempt 1): By.xpath: //yt-multi-page-menu-section-renderer[@class='style-scope ytd-multi-page-menu-renderer']//yt-formatted-string[@id='label' and text()='Bahasa Indonesia']
2026-03-05 19:21:59.502 [TestNG-test-Yt Master Tests-2] INFO  [verifyingSideMenuCollapsedLangAsInSettings] [verifyingSideMenuCollapsedLangAsInSettings] Trying to find element: By.xpath: //yt-multi-page-menu-section-renderer[@class='style-scope ytd-multi-page-menu-renderer']//yt-formatted-string[@id='label' and text()='Bahasa Indonesia']
2026-03-05 19:21:59.561 [TestNG-test-Yt Master Tests-2] INFO  [verifyingSideMenuCollapsedLangAsInSettings] [verifyingSideMenuCollapsedLangAsInSettings] Element found and ready (attempt 1): By.xpath: //yt-multi-page-menu-section-renderer[@class='style-scope ytd-multi-page-menu-renderer']//yt-formatted-string[@id='label' and text()='Bahasa Indonesia']
2026-03-05 19:22:00.506 [TestNG-test-Yt Master Tests-2] INFO  [verifyingSideMenuCollapsedLangAsInSettings] Clicking settings ellipses button...
2026-03-05 19:22:00.729 [TestNG-test-Yt Master Tests-2] INFO  [verifyingSideMenuCollapsedLangAsInSettings] [verifyingSideMenuCollapsedLangAsInSettings] Trying to find element: By.xpath: //ytd-topbar-menu-button-renderer[@class='style-scope ytd-masthead style-default']
2026-03-05 19:22:00.789 [TestNG-test-Yt Master Tests-2] INFO  [verifyingSideMenuCollapsedLangAsInSettings] [verifyingSideMenuCollapsedLangAsInSettings] Element found and ready (attempt 1): By.xpath: //ytd-topbar-menu-button-renderer[@class='style-scope ytd-masthead style-default']
2026-03-05 19:22:01.192 [TestNG-test-Yt Master Tests-2] INFO  [verifyingSideMenuCollapsedLangAsInSettings] [verifyingSideMenuCollapsedLangAsInSettings] Waiting until element is visible in viewport
2026-03-05 19:22:01.316 [TestNG-test-Yt Master Tests-2] INFO  [verifyingSideMenuCollapsedLangAsInSettings] [verifyingSideMenuCollapsedLangAsInSettings] Capturing screenshot: Filter Applied is Bahasa Indonesia__2026-03-05_192201.jpg
2026-03-05 19:22:01.553 [TestNG-test-Yt Master Tests-2] INFO  [verifyingSideMenuCollapsedLangAsInSettings] [verifyingSideMenuCollapsedLangAsInSettings] Screenshot saved at: test-output/screenshots/Run_2026-03-05_19-02-45/verifyingSideMenuCollapsedLangAsInSettings/Filter Applied is Bahasa Indonesia__2026-03-05_192201.jpg
2026-03-05 19:22:01.553 [TestNG-test-Yt Master Tests-2] INFO  [verifyingSideMenuCollapsedLangAsInSettings] Clicking settings ellipses button...
2026-03-05 19:22:01.573 [TestNG-test-Yt Master Tests-2] INFO  [verifyingSideMenuCollapsedLangAsInSettings] [verifyingSideMenuCollapsedLangAsInSettings] Trying to find element: By.xpath: //ytd-topbar-menu-button-renderer[@class='style-scope ytd-masthead style-default']
2026-03-05 19:22:01.618 [TestNG-test-Yt Master Tests-2] INFO  [verifyingSideMenuCollapsedLangAsInSettings] [verifyingSideMenuCollapsedLangAsInSettings] Element found and ready (attempt 1): By.xpath: //ytd-topbar-menu-button-renderer[@class='style-scope ytd-masthead style-default']
2026-03-05 19:22:01.664 [TestNG-test-Yt Master Tests-2] INFO  [verifyingSideMenuCollapsedLangAsInSettings] getLangAttribute() - locating <html> and reading lang property
2026-03-05 19:22:01.676 [TestNG-test-Yt Master Tests-2] INFO  [verifyingSideMenuCollapsedLangAsInSettings] Language attribute read: id-ID
2026-03-05 19:22:01.676 [TestNG-test-Yt Master Tests-2] INFO  [verifyingSideMenuCollapsedLangAsInSettings] Fetching the side menu in collapsed view
2026-03-05 19:22:01.676 [TestNG-test-Yt Master Tests-2] INFO  [verifyingSideMenuCollapsedLangAsInSettings] [verifyingSideMenuCollapsedLangAsInSettings] Finding elements list: By.xpath: //ytd-mini-guide-renderer[@class='style-scope ytd-app']//ytd-mini-guide-entry-renderer
2026-03-05 19:22:01.741 [TestNG-test-Yt Master Tests-2] INFO  [verifyingSideMenuCollapsedLangAsInSettings] [verifyingSideMenuCollapsedLangAsInSettings] Found 4 ready elements (attempt 1): By.xpath: //ytd-mini-guide-renderer[@class='style-scope ytd-app']//ytd-mini-guide-entry-renderer
2026-03-05 19:22:01.812 [TestNG-test-Yt Master Tests-2] INFO  [verifyingSideMenuCollapsedLangAsInSettings] Clicking settings ellipses button...
2026-03-05 19:22:01.831 [TestNG-test-Yt Master Tests-2] INFO  [verifyingSideMenuCollapsedLangAsInSettings] [verifyingSideMenuCollapsedLangAsInSettings] Trying to find element: By.xpath: //ytd-topbar-menu-button-renderer[@class='style-scope ytd-masthead style-default']
2026-03-05 19:22:01.879 [TestNG-test-Yt Master Tests-2] INFO  [verifyingSideMenuCollapsedLangAsInSettings] [verifyingSideMenuCollapsedLangAsInSettings] Element found and ready (attempt 1): By.xpath: //ytd-topbar-menu-button-renderer[@class='style-scope ytd-masthead style-default']
2026-03-05 19:22:01.940 [TestNG-test-Yt Master Tests-2] INFO  [verifyingSideMenuCollapsedLangAsInSettings] Clicking language dropdown...
2026-03-05 19:22:01.940 [TestNG-test-Yt Master Tests-2] INFO  [verifyingSideMenuCollapsedLangAsInSettings] [verifyingSideMenuCollapsedLangAsInSettings] Trying to find element: By.xpath: (//div[@id='content-icon'])[2]
2026-03-05 19:22:02.497 [TestNG-test-Yt Master Tests-2] INFO  [verifyingSideMenuCollapsedLangAsInSettings] [verifyingSideMenuCollapsedLangAsInSettings] Element found and ready (attempt 1): By.xpath: (//div[@id='content-icon'])[2]
2026-03-05 19:22:02.784 [TestNG-test-Yt Master Tests-2] INFO  [verifyingSideMenuCollapsedLangAsInSettings] Looking for language element with name: Bosanski
2026-03-05 19:22:02.784 [TestNG-test-Yt Master Tests-2] INFO  [verifyingSideMenuCollapsedLangAsInSettings] [verifyingSideMenuCollapsedLangAsInSettings] Trying to find element: By.xpath: //yt-multi-page-menu-section-renderer[@class='style-scope ytd-multi-page-menu-renderer']//yt-formatted-string[@id='label' and text()='Bosanski']
2026-03-05 19:22:02.879 [TestNG-test-Yt Master Tests-2] INFO  [verifyingSideMenuCollapsedLangAsInSettings] [verifyingSideMenuCollapsedLangAsInSettings] Element found and ready (attempt 1): By.xpath: //yt-multi-page-menu-section-renderer[@class='style-scope ytd-multi-page-menu-renderer']//yt-formatted-string[@id='label' and text()='Bosanski']
2026-03-05 19:22:02.879 [TestNG-test-Yt Master Tests-2] INFO  [verifyingSideMenuCollapsedLangAsInSettings] [verifyingSideMenuCollapsedLangAsInSettings] Trying to find element: By.xpath: //yt-multi-page-menu-section-renderer[@class='style-scope ytd-multi-page-menu-renderer']//yt-formatted-string[@id='label' and text()='Bosanski']
2026-03-05 19:22:02.929 [TestNG-test-Yt Master Tests-2] INFO  [verifyingSideMenuCollapsedLangAsInSettings] [verifyingSideMenuCollapsedLangAsInSettings] Element found and ready (attempt 1): By.xpath: //yt-multi-page-menu-section-renderer[@class='style-scope ytd-multi-page-menu-renderer']//yt-formatted-string[@id='label' and text()='Bosanski']
2026-03-05 19:22:03.566 [TestNG-test-Yt Master Tests-2] INFO  [verifyingSideMenuCollapsedLangAsInSettings] Clicking settings ellipses button...
2026-03-05 19:22:03.672 [TestNG-test-Yt Master Tests-2] INFO  [verifyingSideMenuCollapsedLangAsInSettings] [verifyingSideMenuCollapsedLangAsInSettings] Trying to find element: By.xpath: //ytd-topbar-menu-button-renderer[@class='style-scope ytd-masthead style-default']
2026-03-05 19:22:03.760 [TestNG-test-Yt Master Tests-2] INFO  [verifyingSideMenuCollapsedLangAsInSettings] [verifyingSideMenuCollapsedLangAsInSettings] Element found and ready (attempt 1): By.xpath: //ytd-topbar-menu-button-renderer[@class='style-scope ytd-masthead style-default']
2026-03-05 19:22:03.932 [TestNG-test-Yt Master Tests-2] INFO  [verifyingSideMenuCollapsedLangAsInSettings] [verifyingSideMenuCollapsedLangAsInSettings] Waiting until element is visible in viewport
2026-03-05 19:22:04.132 [TestNG-test-Yt Master Tests-2] INFO  [verifyingSideMenuCollapsedLangAsInSettings] [verifyingSideMenuCollapsedLangAsInSettings] Capturing screenshot: Filter Applied is Bosanski__2026-03-05_192204.jpg
2026-03-05 19:22:04.386 [TestNG-test-Yt Master Tests-2] INFO  [verifyingSideMenuCollapsedLangAsInSettings] [verifyingSideMenuCollapsedLangAsInSettings] Screenshot saved at: test-output/screenshots/Run_2026-03-05_19-02-45/verifyingSideMenuCollapsedLangAsInSettings/Filter Applied is Bosanski__2026-03-05_192204.jpg
2026-03-05 19:22:04.386 [TestNG-test-Yt Master Tests-2] INFO  [verifyingSideMenuCollapsedLangAsInSettings] Clicking settings ellipses button...
2026-03-05 19:22:04.404 [TestNG-test-Yt Master Tests-2] INFO  [verifyingSideMenuCollapsedLangAsInSettings] [verifyingSideMenuCollapsedLangAsInSettings] Trying to find element: By.xpath: //ytd-topbar-menu-button-renderer[@class='style-scope ytd-masthead style-default']
2026-03-05 19:22:04.449 [TestNG-test-Yt Master Tests-2] INFO  [verifyingSideMenuCollapsedLangAsInSettings] [verifyingSideMenuCollapsedLangAsInSettings] Element found and ready (attempt 1): By.xpath: //ytd-topbar-menu-button-renderer[@class='style-scope ytd-masthead style-default']
2026-03-05 19:22:04.493 [TestNG-test-Yt Master Tests-2] INFO  [verifyingSideMenuCollapsedLangAsInSettings] getLangAttribute() - locating <html> and reading lang property
2026-03-05 19:22:04.506 [TestNG-test-Yt Master Tests-2] INFO  [verifyingSideMenuCollapsedLangAsInSettings] Language attribute read: bs-Latn-BA
2026-03-05 19:22:04.506 [TestNG-test-Yt Master Tests-2] INFO  [verifyingSideMenuCollapsedLangAsInSettings] Fetching the side menu in collapsed view
2026-03-05 19:22:04.506 [TestNG-test-Yt Master Tests-2] INFO  [verifyingSideMenuCollapsedLangAsInSettings] [verifyingSideMenuCollapsedLangAsInSettings] Finding elements list: By.xpath: //ytd-mini-guide-renderer[@class='style-scope ytd-app']//ytd-mini-guide-entry-renderer
2026-03-05 19:22:04.559 [TestNG-test-Yt Master Tests-2] INFO  [verifyingSideMenuCollapsedLangAsInSettings] [verifyingSideMenuCollapsedLangAsInSettings] Found 4 ready elements (attempt 1): By.xpath: //ytd-mini-guide-renderer[@class='style-scope ytd-app']//ytd-mini-guide-entry-renderer
2026-03-05 19:22:04.629 [TestNG-test-Yt Master Tests-2] INFO  [verifyingSideMenuCollapsedLangAsInSettings] Clicking settings ellipses button...
2026-03-05 19:22:04.648 [TestNG-test-Yt Master Tests-2] INFO  [verifyingSideMenuCollapsedLangAsInSettings] [verifyingSideMenuCollapsedLangAsInSettings] Trying to find element: By.xpath: //ytd-topbar-menu-button-renderer[@class='style-scope ytd-masthead style-default']
2026-03-05 19:22:04.698 [TestNG-test-Yt Master Tests-2] INFO  [verifyingSideMenuCollapsedLangAsInSettings] [verifyingSideMenuCollapsedLangAsInSettings] Element found and ready (attempt 1): By.xpath: //ytd-topbar-menu-button-renderer[@class='style-scope ytd-masthead style-default']
2026-03-05 19:22:04.773 [TestNG-test-Yt Master Tests-2] INFO  [verifyingSideMenuCollapsedLangAsInSettings] Clicking language dropdown...
2026-03-05 19:22:04.773 [TestNG-test-Yt Master Tests-2] INFO  [verifyingSideMenuCollapsedLangAsInSettings] [verifyingSideMenuCollapsedLangAsInSettings] Trying to find element: By.xpath: (//div[@id='content-icon'])[2]
2026-03-05 19:22:05.328 [TestNG-test-Yt Master Tests-2] INFO  [verifyingSideMenuCollapsedLangAsInSettings] [verifyingSideMenuCollapsedLangAsInSettings] Element found and ready (attempt 1): By.xpath: (//div[@id='content-icon'])[2]
2026-03-05 19:22:05.615 [TestNG-test-Yt Master Tests-2] INFO  [verifyingSideMenuCollapsedLangAsInSettings] Looking for language element with name: Català
2026-03-05 19:22:05.615 [TestNG-test-Yt Master Tests-2] INFO  [verifyingSideMenuCollapsedLangAsInSettings] [verifyingSideMenuCollapsedLangAsInSettings] Trying to find element: By.xpath: //yt-multi-page-menu-section-renderer[@class='style-scope ytd-multi-page-menu-renderer']//yt-formatted-string[@id='label' and text()='Català']
2026-03-05 19:22:05.712 [TestNG-test-Yt Master Tests-2] INFO  [verifyingSideMenuCollapsedLangAsInSettings] [verifyingSideMenuCollapsedLangAsInSettings] Element found and ready (attempt 1): By.xpath: //yt-multi-page-menu-section-renderer[@class='style-scope ytd-multi-page-menu-renderer']//yt-formatted-string[@id='label' and text()='Català']
2026-03-05 19:22:05.712 [TestNG-test-Yt Master Tests-2] INFO  [verifyingSideMenuCollapsedLangAsInSettings] [verifyingSideMenuCollapsedLangAsInSettings] Trying to find element: By.xpath: //yt-multi-page-menu-section-renderer[@class='style-scope ytd-multi-page-menu-renderer']//yt-formatted-string[@id='label' and text()='Català']
2026-03-05 19:22:05.769 [TestNG-test-Yt Master Tests-2] INFO  [verifyingSideMenuCollapsedLangAsInSettings] [verifyingSideMenuCollapsedLangAsInSettings] Element found and ready (attempt 1): By.xpath: //yt-multi-page-menu-section-renderer[@class='style-scope ytd-multi-page-menu-renderer']//yt-formatted-string[@id='label' and text()='Català']
2026-03-05 19:22:06.451 [TestNG-test-Yt Master Tests-2] INFO  [verifyingSideMenuCollapsedLangAsInSettings] Clicking settings ellipses button...
2026-03-05 19:22:06.601 [TestNG-test-Yt Master Tests-2] INFO  [verifyingSideMenuCollapsedLangAsInSettings] [verifyingSideMenuCollapsedLangAsInSettings] Trying to find element: By.xpath: //ytd-topbar-menu-button-renderer[@class='style-scope ytd-masthead style-default']
2026-03-05 19:22:06.653 [TestNG-test-Yt Master Tests-2] INFO  [verifyingSideMenuCollapsedLangAsInSettings] [verifyingSideMenuCollapsedLangAsInSettings] Element found and ready (attempt 1): By.xpath: //ytd-topbar-menu-button-renderer[@class='style-scope ytd-masthead style-default']
2026-03-05 19:22:06.924 [TestNG-test-Yt Master Tests-2] INFO  [verifyingSideMenuCollapsedLangAsInSettings] [verifyingSideMenuCollapsedLangAsInSettings] Waiting until element is visible in viewport
2026-03-05 19:22:07.021 [TestNG-test-Yt Master Tests-2] INFO  [verifyingSideMenuCollapsedLangAsInSettings] [verifyingSideMenuCollapsedLangAsInSettings] Capturing screenshot: Filter Applied is Català__2026-03-05_192207.jpg
2026-03-05 19:22:07.291 [TestNG-test-Yt Master Tests-2] INFO  [verifyingSideMenuCollapsedLangAsInSettings] [verifyingSideMenuCollapsedLangAsInSettings] Screenshot saved at: test-output/screenshots/Run_2026-03-05_19-02-45/verifyingSideMenuCollapsedLangAsInSettings/Filter Applied is Català__2026-03-05_192207.jpg
2026-03-05 19:22:07.291 [TestNG-test-Yt Master Tests-2] INFO  [verifyingSideMenuCollapsedLangAsInSettings] Clicking settings ellipses button...
2026-03-05 19:22:07.311 [TestNG-test-Yt Master Tests-2] INFO  [verifyingSideMenuCollapsedLangAsInSettings] [verifyingSideMenuCollapsedLangAsInSettings] Trying to find element: By.xpath: //ytd-topbar-menu-button-renderer[@class='style-scope ytd-masthead style-default']
2026-03-05 19:22:07.356 [TestNG-test-Yt Master Tests-2] INFO  [verifyingSideMenuCollapsedLangAsInSettings] [verifyingSideMenuCollapsedLangAsInSettings] Element found and ready (attempt 1): By.xpath: //ytd-topbar-menu-button-renderer[@class='style-scope ytd-masthead style-default']
2026-03-05 19:22:07.402 [TestNG-test-Yt Master Tests-2] INFO  [verifyingSideMenuCollapsedLangAsInSettings] getLangAttribute() - locating <html> and reading lang property
2026-03-05 19:22:07.413 [TestNG-test-Yt Master Tests-2] INFO  [verifyingSideMenuCollapsedLangAsInSettings] Language attribute read: ca-ES
2026-03-05 19:22:07.413 [TestNG-test-Yt Master Tests-2] INFO  [verifyingSideMenuCollapsedLangAsInSettings] Fetching the side menu in collapsed view
2026-03-05 19:22:07.413 [TestNG-test-Yt Master Tests-2] INFO  [verifyingSideMenuCollapsedLangAsInSettings] [verifyingSideMenuCollapsedLangAsInSettings] Finding elements list: By.xpath: //ytd-mini-guide-renderer[@class='style-scope ytd-app']//ytd-mini-guide-entry-renderer
2026-03-05 19:22:07.468 [TestNG-test-Yt Master Tests-2] INFO  [verifyingSideMenuCollapsedLangAsInSettings] [verifyingSideMenuCollapsedLangAsInSettings] Found 4 ready elements (attempt 1): By.xpath: //ytd-mini-guide-renderer[@class='style-scope ytd-app']//ytd-mini-guide-entry-renderer
2026-03-05 19:22:07.537 [TestNG-test-Yt Master Tests-2] INFO  [verifyingSideMenuCollapsedLangAsInSettings] Clicking settings ellipses button...
2026-03-05 19:22:07.556 [TestNG-test-Yt Master Tests-2] INFO  [verifyingSideMenuCollapsedLangAsInSettings] [verifyingSideMenuCollapsedLangAsInSettings] Trying to find element: By.xpath: //ytd-topbar-menu-button-renderer[@class='style-scope ytd-masthead style-default']
2026-03-05 19:22:07.623 [TestNG-test-Yt Master Tests-2] INFO  [verifyingSideMenuCollapsedLangAsInSettings] [verifyingSideMenuCollapsedLangAsInSettings] Element found and ready (attempt 1): By.xpath: //ytd-topbar-menu-button-renderer[@class='style-scope ytd-masthead style-default']
2026-03-05 19:22:07.685 [TestNG-test-Yt Master Tests-2] INFO  [verifyingSideMenuCollapsedLangAsInSettings] Clicking language dropdown...
2026-03-05 19:22:07.685 [TestNG-test-Yt Master Tests-2] INFO  [verifyingSideMenuCollapsedLangAsInSettings] [verifyingSideMenuCollapsedLangAsInSettings] Trying to find element: By.xpath: (//div[@id='content-icon'])[2]
2026-03-05 19:22:08.242 [TestNG-test-Yt Master Tests-2] INFO  [verifyingSideMenuCollapsedLangAsInSettings] [verifyingSideMenuCollapsedLangAsInSettings] Element found and ready (attempt 1): By.xpath: (//div[@id='content-icon'])[2]
2026-03-05 19:22:08.522 [TestNG-test-Yt Master Tests-2] INFO  [verifyingSideMenuCollapsedLangAsInSettings] Looking for language element with name: Dansk
2026-03-05 19:22:08.522 [TestNG-test-Yt Master Tests-2] INFO  [verifyingSideMenuCollapsedLangAsInSettings] [verifyingSideMenuCollapsedLangAsInSettings] Trying to find element: By.xpath: //yt-multi-page-menu-section-renderer[@class='style-scope ytd-multi-page-menu-renderer']//yt-formatted-string[@id='label' and text()='Dansk']
2026-03-05 19:22:08.618 [TestNG-test-Yt Master Tests-2] INFO  [verifyingSideMenuCollapsedLangAsInSettings] [verifyingSideMenuCollapsedLangAsInSettings] Element found and ready (attempt 1): By.xpath: //yt-multi-page-menu-section-renderer[@class='style-scope ytd-multi-page-menu-renderer']//yt-formatted-string[@id='label' and text()='Dansk']
2026-03-05 19:22:08.618 [TestNG-test-Yt Master Tests-2] INFO  [verifyingSideMenuCollapsedLangAsInSettings] [verifyingSideMenuCollapsedLangAsInSettings] Trying to find element: By.xpath: //yt-multi-page-menu-section-renderer[@class='style-scope ytd-multi-page-menu-renderer']//yt-formatted-string[@id='label' and text()='Dansk']
2026-03-05 19:22:08.676 [TestNG-test-Yt Master Tests-2] INFO  [verifyingSideMenuCollapsedLangAsInSettings] [verifyingSideMenuCollapsedLangAsInSettings] Element found and ready (attempt 1): By.xpath: //yt-multi-page-menu-section-renderer[@class='style-scope ytd-multi-page-menu-renderer']//yt-formatted-string[@id='label' and text()='Dansk']
2026-03-05 19:22:09.323 [TestNG-test-Yt Master Tests-2] INFO  [verifyingSideMenuCollapsedLangAsInSettings] Clicking settings ellipses button...
2026-03-05 19:22:09.539 [TestNG-test-Yt Master Tests-2] INFO  [verifyingSideMenuCollapsedLangAsInSettings] [verifyingSideMenuCollapsedLangAsInSettings] Trying to find element: By.xpath: //ytd-topbar-menu-button-renderer[@class='style-scope ytd-masthead style-default']
2026-03-05 19:22:09.603 [TestNG-test-Yt Master Tests-2] INFO  [verifyingSideMenuCollapsedLangAsInSettings] [verifyingSideMenuCollapsedLangAsInSettings] Element found and ready (attempt 1): By.xpath: //ytd-topbar-menu-button-renderer[@class='style-scope ytd-masthead style-default']
2026-03-05 19:22:09.694 [TestNG-test-Yt Master Tests-2] INFO  [verifyingSideMenuCollapsedLangAsInSettings] [verifyingSideMenuCollapsedLangAsInSettings] Waiting until element is visible in viewport
2026-03-05 19:22:10.302 [TestNG-test-Yt Master Tests-2] INFO  [verifyingSideMenuCollapsedLangAsInSettings] [verifyingSideMenuCollapsedLangAsInSettings] Capturing screenshot: Filter Applied is Dansk__2026-03-05_192210.jpg
2026-03-05 19:22:10.537 [TestNG-test-Yt Master Tests-2] INFO  [verifyingSideMenuCollapsedLangAsInSettings] [verifyingSideMenuCollapsedLangAsInSettings] Screenshot saved at: test-output/screenshots/Run_2026-03-05_19-02-45/verifyingSideMenuCollapsedLangAsInSettings/Filter Applied is Dansk__2026-03-05_192210.jpg
2026-03-05 19:22:10.537 [TestNG-test-Yt Master Tests-2] INFO  [verifyingSideMenuCollapsedLangAsInSettings] Clicking settings ellipses button...
2026-03-05 19:22:10.556 [TestNG-test-Yt Master Tests-2] INFO  [verifyingSideMenuCollapsedLangAsInSettings] [verifyingSideMenuCollapsedLangAsInSettings] Trying to find element: By.xpath: //ytd-topbar-menu-button-renderer[@class='style-scope ytd-masthead style-default']
2026-03-05 19:22:10.604 [TestNG-test-Yt Master Tests-2] INFO  [verifyingSideMenuCollapsedLangAsInSettings] [verifyingSideMenuCollapsedLangAsInSettings] Element found and ready (attempt 1): By.xpath: //ytd-topbar-menu-button-renderer[@class='style-scope ytd-masthead style-default']
2026-03-05 19:22:10.658 [TestNG-test-Yt Master Tests-2] INFO  [verifyingSideMenuCollapsedLangAsInSettings] getLangAttribute() - locating <html> and reading lang property
2026-03-05 19:22:10.670 [TestNG-test-Yt Master Tests-2] INFO  [verifyingSideMenuCollapsedLangAsInSettings] Language attribute read: da-DK
2026-03-05 19:22:10.670 [TestNG-test-Yt Master Tests-2] INFO  [verifyingSideMenuCollapsedLangAsInSettings] Fetching the side menu in collapsed view
2026-03-05 19:22:10.670 [TestNG-test-Yt Master Tests-2] INFO  [verifyingSideMenuCollapsedLangAsInSettings] [verifyingSideMenuCollapsedLangAsInSettings] Finding elements list: By.xpath: //ytd-mini-guide-renderer[@class='style-scope ytd-app']//ytd-mini-guide-entry-renderer
2026-03-05 19:22:10.727 [TestNG-test-Yt Master Tests-2] INFO  [verifyingSideMenuCollapsedLangAsInSettings] [verifyingSideMenuCollapsedLangAsInSettings] Found 4 ready elements (attempt 1): By.xpath: //ytd-mini-guide-renderer[@class='style-scope ytd-app']//ytd-mini-guide-entry-renderer
2026-03-05 19:22:10.795 [TestNG-test-Yt Master Tests-2] INFO  [verifyingSideMenuCollapsedLangAsInSettings] Clicking settings ellipses button...
2026-03-05 19:22:10.814 [TestNG-test-Yt Master Tests-2] INFO  [verifyingSideMenuCollapsedLangAsInSettings] [verifyingSideMenuCollapsedLangAsInSettings] Trying to find element: By.xpath: //ytd-topbar-menu-button-renderer[@class='style-scope ytd-masthead style-default']
2026-03-05 19:22:10.865 [TestNG-test-Yt Master Tests-2] INFO  [verifyingSideMenuCollapsedLangAsInSettings] [verifyingSideMenuCollapsedLangAsInSettings] Element found and ready (attempt 1): By.xpath: //ytd-topbar-menu-button-renderer[@class='style-scope ytd-masthead style-default']
2026-03-05 19:22:10.920 [TestNG-test-Yt Master Tests-2] INFO  [verifyingSideMenuCollapsedLangAsInSettings] Clicking language dropdown...
2026-03-05 19:22:10.920 [TestNG-test-Yt Master Tests-2] INFO  [verifyingSideMenuCollapsedLangAsInSettings] [verifyingSideMenuCollapsedLangAsInSettings] Trying to find element: By.xpath: (//div[@id='content-icon'])[2]
2026-03-05 19:22:11.504 [TestNG-test-Yt Master Tests-2] INFO  [verifyingSideMenuCollapsedLangAsInSettings] [verifyingSideMenuCollapsedLangAsInSettings] Element found and ready (attempt 1): By.xpath: (//div[@id='content-icon'])[2]
2026-03-05 19:22:11.928 [TestNG-test-Yt Master Tests-2] INFO  [verifyingSideMenuCollapsedLangAsInSettings] Looking for language element with name: Deutsch
2026-03-05 19:22:11.929 [TestNG-test-Yt Master Tests-2] INFO  [verifyingSideMenuCollapsedLangAsInSettings] [verifyingSideMenuCollapsedLangAsInSettings] Trying to find element: By.xpath: //yt-multi-page-menu-section-renderer[@class='style-scope ytd-multi-page-menu-renderer']//yt-formatted-string[@id='label' and text()='Deutsch']
2026-03-05 19:22:12.033 [TestNG-test-Yt Master Tests-2] INFO  [verifyingSideMenuCollapsedLangAsInSettings] [verifyingSideMenuCollapsedLangAsInSettings] Element found and ready (attempt 1): By.xpath: //yt-multi-page-menu-section-renderer[@class='style-scope ytd-multi-page-menu-renderer']//yt-formatted-string[@id='label' and text()='Deutsch']
2026-03-05 19:22:12.033 [TestNG-test-Yt Master Tests-2] INFO  [verifyingSideMenuCollapsedLangAsInSettings] [verifyingSideMenuCollapsedLangAsInSettings] Trying to find element: By.xpath: //yt-multi-page-menu-section-renderer[@class='style-scope ytd-multi-page-menu-renderer']//yt-formatted-string[@id='label' and text()='Deutsch']
2026-03-05 19:22:12.093 [TestNG-test-Yt Master Tests-2] INFO  [verifyingSideMenuCollapsedLangAsInSettings] [verifyingSideMenuCollapsedLangAsInSettings] Element found and ready (attempt 1): By.xpath: //yt-multi-page-menu-section-renderer[@class='style-scope ytd-multi-page-menu-renderer']//yt-formatted-string[@id='label' and text()='Deutsch']
2026-03-05 19:22:13.054 [TestNG-test-Yt Master Tests-2] INFO  [verifyingSideMenuCollapsedLangAsInSettings] Clicking settings ellipses button...
2026-03-05 19:22:13.170 [TestNG-test-Yt Master Tests-2] INFO  [verifyingSideMenuCollapsedLangAsInSettings] [verifyingSideMenuCollapsedLangAsInSettings] Trying to find element: By.xpath: //ytd-topbar-menu-button-renderer[@class='style-scope ytd-masthead style-default']
2026-03-05 19:22:13.375 [TestNG-test-Yt Master Tests-2] INFO  [verifyingSideMenuCollapsedLangAsInSettings] [verifyingSideMenuCollapsedLangAsInSettings] Element found and ready (attempt 1): By.xpath: //ytd-topbar-menu-button-renderer[@class='style-scope ytd-masthead style-default']
2026-03-05 19:22:13.580 [TestNG-test-Yt Master Tests-2] INFO  [verifyingSideMenuCollapsedLangAsInSettings] [verifyingSideMenuCollapsedLangAsInSettings] Waiting until element is visible in viewport
2026-03-05 19:22:13.697 [TestNG-test-Yt Master Tests-2] INFO  [verifyingSideMenuCollapsedLangAsInSettings] [verifyingSideMenuCollapsedLangAsInSettings] Capturing screenshot: Filter Applied is Deutsch__2026-03-05_192213.jpg
2026-03-05 19:22:14.036 [TestNG-test-Yt Master Tests-2] INFO  [verifyingSideMenuCollapsedLangAsInSettings] [verifyingSideMenuCollapsedLangAsInSettings] Screenshot saved at: test-output/screenshots/Run_2026-03-05_19-02-45/verifyingSideMenuCollapsedLangAsInSettings/Filter Applied is Deutsch__2026-03-05_192213.jpg
2026-03-05 19:22:14.036 [TestNG-test-Yt Master Tests-2] INFO  [verifyingSideMenuCollapsedLangAsInSettings] Clicking settings ellipses button...
2026-03-05 19:22:14.058 [TestNG-test-Yt Master Tests-2] INFO  [verifyingSideMenuCollapsedLangAsInSettings] [verifyingSideMenuCollapsedLangAsInSettings] Trying to find element: By.xpath: //ytd-topbar-menu-button-renderer[@class='style-scope ytd-masthead style-default']
2026-03-05 19:22:14.124 [TestNG-test-Yt Master Tests-2] INFO  [verifyingSideMenuCollapsedLangAsInSettings] [verifyingSideMenuCollapsedLangAsInSettings] Element found and ready (attempt 1): By.xpath: //ytd-topbar-menu-button-renderer[@class='style-scope ytd-masthead style-default']
2026-03-05 19:22:14.182 [TestNG-test-Yt Master Tests-2] INFO  [verifyingSideMenuCollapsedLangAsInSettings] getLangAttribute() - locating <html> and reading lang property
2026-03-05 19:22:14.196 [TestNG-test-Yt Master Tests-2] INFO  [verifyingSideMenuCollapsedLangAsInSettings] Language attribute read: de-DE
2026-03-05 19:22:14.196 [TestNG-test-Yt Master Tests-2] INFO  [verifyingSideMenuCollapsedLangAsInSettings] Fetching the side menu in collapsed view
2026-03-05 19:22:14.196 [TestNG-test-Yt Master Tests-2] INFO  [verifyingSideMenuCollapsedLangAsInSettings] [verifyingSideMenuCollapsedLangAsInSettings] Finding elements list: By.xpath: //ytd-mini-guide-renderer[@class='style-scope ytd-app']//ytd-mini-guide-entry-renderer
2026-03-05 19:22:14.333 [TestNG-test-Yt Master Tests-2] INFO  [verifyingSideMenuCollapsedLangAsInSettings] [verifyingSideMenuCollapsedLangAsInSettings] Found 4 ready elements (attempt 1): By.xpath: //ytd-mini-guide-renderer[@class='style-scope ytd-app']//ytd-mini-guide-entry-renderer
2026-03-05 19:22:14.447 [TestNG-test-Yt Master Tests-2] INFO  [verifyingSideMenuCollapsedLangAsInSettings] Clicking settings ellipses button...
2026-03-05 19:22:14.501 [TestNG-test-Yt Master Tests-2] INFO  [verifyingSideMenuCollapsedLangAsInSettings] [verifyingSideMenuCollapsedLangAsInSettings] Trying to find element: By.xpath: //ytd-topbar-menu-button-renderer[@class='style-scope ytd-masthead style-default']
2026-03-05 19:22:14.571 [TestNG-test-Yt Master Tests-2] INFO  [verifyingSideMenuCollapsedLangAsInSettings] [verifyingSideMenuCollapsedLangAsInSettings] Element found and ready (attempt 1): By.xpath: //ytd-topbar-menu-button-renderer[@class='style-scope ytd-masthead style-default']
2026-03-05 19:22:14.655 [TestNG-test-Yt Master Tests-2] INFO  [verifyingSideMenuCollapsedLangAsInSettings] Clicking language dropdown...
2026-03-05 19:22:14.655 [TestNG-test-Yt Master Tests-2] INFO  [verifyingSideMenuCollapsedLangAsInSettings] [verifyingSideMenuCollapsedLangAsInSettings] Trying to find element: By.xpath: (//div[@id='content-icon'])[2]
2026-03-05 19:22:15.254 [TestNG-test-Yt Master Tests-2] INFO  [verifyingSideMenuCollapsedLangAsInSettings] [verifyingSideMenuCollapsedLangAsInSettings] Element found and ready (attempt 1): By.xpath: (//div[@id='content-icon'])[2]
2026-03-05 19:22:15.639 [TestNG-test-Yt Master Tests-2] INFO  [verifyingSideMenuCollapsedLangAsInSettings] Looking for language element with name: Eesti
2026-03-05 19:22:15.639 [TestNG-test-Yt Master Tests-2] INFO  [verifyingSideMenuCollapsedLangAsInSettings] [verifyingSideMenuCollapsedLangAsInSettings] Trying to find element: By.xpath: //yt-multi-page-menu-section-renderer[@class='style-scope ytd-multi-page-menu-renderer']//yt-formatted-string[@id='label' and text()='Eesti']
2026-03-05 19:22:15.752 [TestNG-test-Yt Master Tests-2] INFO  [verifyingSideMenuCollapsedLangAsInSettings] [verifyingSideMenuCollapsedLangAsInSettings] Element found and ready (attempt 1): By.xpath: //yt-multi-page-menu-section-renderer[@class='style-scope ytd-multi-page-menu-renderer']//yt-formatted-string[@id='label' and text()='Eesti']
2026-03-05 19:22:15.752 [TestNG-test-Yt Master Tests-2] INFO  [verifyingSideMenuCollapsedLangAsInSettings] [verifyingSideMenuCollapsedLangAsInSettings] Trying to find element: By.xpath: //yt-multi-page-menu-section-renderer[@class='style-scope ytd-multi-page-menu-renderer']//yt-formatted-string[@id='label' and text()='Eesti']
2026-03-05 19:22:15.810 [TestNG-test-Yt Master Tests-2] INFO  [verifyingSideMenuCollapsedLangAsInSettings] [verifyingSideMenuCollapsedLangAsInSettings] Element found and ready (attempt 1): By.xpath: //yt-multi-page-menu-section-renderer[@class='style-scope ytd-multi-page-menu-renderer']//yt-formatted-string[@id='label' and text()='Eesti']
2026-03-05 19:22:17.119 [TestNG-test-Yt Master Tests-2] INFO  [verifyingSideMenuCollapsedLangAsInSettings] Clicking settings ellipses button...
2026-03-05 19:22:17.137 [TestNG-test-Yt Master Tests-2] INFO  [verifyingSideMenuCollapsedLangAsInSettings] [verifyingSideMenuCollapsedLangAsInSettings] Trying to find element: By.xpath: //ytd-topbar-menu-button-renderer[@class='style-scope ytd-masthead style-default']
2026-03-05 19:22:17.184 [TestNG-test-Yt Master Tests-2] INFO  [verifyingSideMenuCollapsedLangAsInSettings] [verifyingSideMenuCollapsedLangAsInSettings] Element found and ready (attempt 1): By.xpath: //ytd-topbar-menu-button-renderer[@class='style-scope ytd-masthead style-default']
2026-03-05 19:22:17.365 [TestNG-test-Yt Master Tests-2] INFO  [verifyingSideMenuCollapsedLangAsInSettings] [verifyingSideMenuCollapsedLangAsInSettings] Waiting until element is visible in viewport
2026-03-05 19:22:17.464 [TestNG-test-Yt Master Tests-2] INFO  [verifyingSideMenuCollapsedLangAsInSettings] [verifyingSideMenuCollapsedLangAsInSettings] Capturing screenshot: Filter Applied is Eesti__2026-03-05_192217.jpg
2026-03-05 19:22:17.732 [TestNG-test-Yt Master Tests-2] INFO  [verifyingSideMenuCollapsedLangAsInSettings] [verifyingSideMenuCollapsedLangAsInSettings] Screenshot saved at: test-output/screenshots/Run_2026-03-05_19-02-45/verifyingSideMenuCollapsedLangAsInSettings/Filter Applied is Eesti__2026-03-05_192217.jpg
2026-03-05 19:22:17.732 [TestNG-test-Yt Master Tests-2] INFO  [verifyingSideMenuCollapsedLangAsInSettings] Clicking settings ellipses button...
2026-03-05 19:22:17.752 [TestNG-test-Yt Master Tests-2] INFO  [verifyingSideMenuCollapsedLangAsInSettings] [verifyingSideMenuCollapsedLangAsInSettings] Trying to find element: By.xpath: //ytd-topbar-menu-button-renderer[@class='style-scope ytd-masthead style-default']
2026-03-05 19:22:17.798 [TestNG-test-Yt Master Tests-2] INFO  [verifyingSideMenuCollapsedLangAsInSettings] [verifyingSideMenuCollapsedLangAsInSettings] Element found and ready (attempt 1): By.xpath: //ytd-topbar-menu-button-renderer[@class='style-scope ytd-masthead style-default']
2026-03-05 19:22:17.848 [TestNG-test-Yt Master Tests-2] INFO  [verifyingSideMenuCollapsedLangAsInSettings] getLangAttribute() - locating <html> and reading lang property
2026-03-05 19:22:17.860 [TestNG-test-Yt Master Tests-2] INFO  [verifyingSideMenuCollapsedLangAsInSettings] Language attribute read: et-EE
2026-03-05 19:22:17.860 [TestNG-test-Yt Master Tests-2] INFO  [verifyingSideMenuCollapsedLangAsInSettings] Fetching the side menu in collapsed view
2026-03-05 19:22:17.860 [TestNG-test-Yt Master Tests-2] INFO  [verifyingSideMenuCollapsedLangAsInSettings] [verifyingSideMenuCollapsedLangAsInSettings] Finding elements list: By.xpath: //ytd-mini-guide-renderer[@class='style-scope ytd-app']//ytd-mini-guide-entry-renderer
2026-03-05 19:22:17.918 [TestNG-test-Yt Master Tests-2] INFO  [verifyingSideMenuCollapsedLangAsInSettings] [verifyingSideMenuCollapsedLangAsInSettings] Found 4 ready elements (attempt 1): By.xpath: //ytd-mini-guide-renderer[@class='style-scope ytd-app']//ytd-mini-guide-entry-renderer
2026-03-05 19:22:17.994 [TestNG-test-Yt Master Tests-2] INFO  [verifyingSideMenuCollapsedLangAsInSettings] Clicking settings ellipses button...
2026-03-05 19:22:18.013 [TestNG-test-Yt Master Tests-2] INFO  [verifyingSideMenuCollapsedLangAsInSettings] [verifyingSideMenuCollapsedLangAsInSettings] Trying to find element: By.xpath: //ytd-topbar-menu-button-renderer[@class='style-scope ytd-masthead style-default']
2026-03-05 19:22:18.066 [TestNG-test-Yt Master Tests-2] INFO  [verifyingSideMenuCollapsedLangAsInSettings] [verifyingSideMenuCollapsedLangAsInSettings] Element found and ready (attempt 1): By.xpath: //ytd-topbar-menu-button-renderer[@class='style-scope ytd-masthead style-default']
2026-03-05 19:22:18.125 [TestNG-test-Yt Master Tests-2] INFO  [verifyingSideMenuCollapsedLangAsInSettings] Clicking language dropdown...
2026-03-05 19:22:18.125 [TestNG-test-Yt Master Tests-2] INFO  [verifyingSideMenuCollapsedLangAsInSettings] [verifyingSideMenuCollapsedLangAsInSettings] Trying to find element: By.xpath: (//div[@id='content-icon'])[2]
2026-03-05 19:22:18.684 [TestNG-test-Yt Master Tests-2] INFO  [verifyingSideMenuCollapsedLangAsInSettings] [verifyingSideMenuCollapsedLangAsInSettings] Element found and ready (attempt 1): By.xpath: (//div[@id='content-icon'])[2]
2026-03-05 19:22:18.972 [TestNG-test-Yt Master Tests-2] INFO  [verifyingSideMenuCollapsedLangAsInSettings] Looking for language element with name: English (India)
2026-03-05 19:22:18.972 [TestNG-test-Yt Master Tests-2] INFO  [verifyingSideMenuCollapsedLangAsInSettings] [verifyingSideMenuCollapsedLangAsInSettings] Trying to find element: By.xpath: //yt-multi-page-menu-section-renderer[@class='style-scope ytd-multi-page-menu-renderer']//yt-formatted-string[@id='label' and text()='English (India)']
2026-03-05 19:22:19.069 [TestNG-test-Yt Master Tests-2] INFO  [verifyingSideMenuCollapsedLangAsInSettings] [verifyingSideMenuCollapsedLangAsInSettings] Element found and ready (attempt 1): By.xpath: //yt-multi-page-menu-section-renderer[@class='style-scope ytd-multi-page-menu-renderer']//yt-formatted-string[@id='label' and text()='English (India)']
2026-03-05 19:22:19.069 [TestNG-test-Yt Master Tests-2] INFO  [verifyingSideMenuCollapsedLangAsInSettings] [verifyingSideMenuCollapsedLangAsInSettings] Trying to find element: By.xpath: //yt-multi-page-menu-section-renderer[@class='style-scope ytd-multi-page-menu-renderer']//yt-formatted-string[@id='label' and text()='English (India)']
2026-03-05 19:22:19.122 [TestNG-test-Yt Master Tests-2] INFO  [verifyingSideMenuCollapsedLangAsInSettings] [verifyingSideMenuCollapsedLangAsInSettings] Element found and ready (attempt 1): By.xpath: //yt-multi-page-menu-section-renderer[@class='style-scope ytd-multi-page-menu-renderer']//yt-formatted-string[@id='label' and text()='English (India)']
2026-03-05 19:22:19.770 [TestNG-test-Yt Master Tests-2] INFO  [verifyingSideMenuCollapsedLangAsInSettings] Clicking settings ellipses button...
2026-03-05 19:22:19.922 [TestNG-test-Yt Master Tests-2] INFO  [verifyingSideMenuCollapsedLangAsInSettings] [verifyingSideMenuCollapsedLangAsInSettings] Trying to find element: By.xpath: //ytd-topbar-menu-button-renderer[@class='style-scope ytd-masthead style-default']
2026-03-05 19:22:19.978 [TestNG-test-Yt Master Tests-2] INFO  [verifyingSideMenuCollapsedLangAsInSettings] [verifyingSideMenuCollapsedLangAsInSettings] Element found and ready (attempt 1): By.xpath: //ytd-topbar-menu-button-renderer[@class='style-scope ytd-masthead style-default']
2026-03-05 19:22:20.257 [TestNG-test-Yt Master Tests-2] INFO  [verifyingSideMenuCollapsedLangAsInSettings] [verifyingSideMenuCollapsedLangAsInSettings] Waiting until element is visible in viewport
2026-03-05 19:22:20.356 [TestNG-test-Yt Master Tests-2] INFO  [verifyingSideMenuCollapsedLangAsInSettings] [verifyingSideMenuCollapsedLangAsInSettings] Capturing screenshot: Filter Applied is English (India)__2026-03-05_192220.jpg
2026-03-05 19:22:20.659 [TestNG-test-Yt Master Tests-2] INFO  [verifyingSideMenuCollapsedLangAsInSettings] [verifyingSideMenuCollapsedLangAsInSettings] Screenshot saved at: test-output/screenshots/Run_2026-03-05_19-02-45/verifyingSideMenuCollapsedLangAsInSettings/Filter Applied is English (India)__2026-03-05_192220.jpg
2026-03-05 19:22:20.659 [TestNG-test-Yt Master Tests-2] INFO  [verifyingSideMenuCollapsedLangAsInSettings] Clicking settings ellipses button...
2026-03-05 19:22:20.687 [TestNG-test-Yt Master Tests-2] INFO  [verifyingSideMenuCollapsedLangAsInSettings] [verifyingSideMenuCollapsedLangAsInSettings] Trying to find element: By.xpath: //ytd-topbar-menu-button-renderer[@class='style-scope ytd-masthead style-default']
2026-03-05 19:22:20.735 [TestNG-test-Yt Master Tests-2] INFO  [verifyingSideMenuCollapsedLangAsInSettings] [verifyingSideMenuCollapsedLangAsInSettings] Element found and ready (attempt 1): By.xpath: //ytd-topbar-menu-button-renderer[@class='style-scope ytd-masthead style-default']
2026-03-05 19:22:20.783 [TestNG-test-Yt Master Tests-2] INFO  [verifyingSideMenuCollapsedLangAsInSettings] getLangAttribute() - locating <html> and reading lang property
2026-03-05 19:22:20.794 [TestNG-test-Yt Master Tests-2] INFO  [verifyingSideMenuCollapsedLangAsInSettings] Language attribute read: en-IN
2026-03-05 19:22:20.794 [TestNG-test-Yt Master Tests-2] INFO  [verifyingSideMenuCollapsedLangAsInSettings] Fetching the side menu in collapsed view
2026-03-05 19:22:20.794 [TestNG-test-Yt Master Tests-2] INFO  [verifyingSideMenuCollapsedLangAsInSettings] [verifyingSideMenuCollapsedLangAsInSettings] Finding elements list: By.xpath: //ytd-mini-guide-renderer[@class='style-scope ytd-app']//ytd-mini-guide-entry-renderer
2026-03-05 19:22:20.849 [TestNG-test-Yt Master Tests-2] INFO  [verifyingSideMenuCollapsedLangAsInSettings] [verifyingSideMenuCollapsedLangAsInSettings] Found 4 ready elements (attempt 1): By.xpath: //ytd-mini-guide-renderer[@class='style-scope ytd-app']//ytd-mini-guide-entry-renderer
2026-03-05 19:22:20.937 [TestNG-test-Yt Master Tests-2] INFO  [verifyingSideMenuCollapsedLangAsInSettings] Clicking settings ellipses button...
2026-03-05 19:22:20.956 [TestNG-test-Yt Master Tests-2] INFO  [verifyingSideMenuCollapsedLangAsInSettings] [verifyingSideMenuCollapsedLangAsInSettings] Trying to find element: By.xpath: //ytd-topbar-menu-button-renderer[@class='style-scope ytd-masthead style-default']
2026-03-05 19:22:21.008 [TestNG-test-Yt Master Tests-2] INFO  [verifyingSideMenuCollapsedLangAsInSettings] [verifyingSideMenuCollapsedLangAsInSettings] Element found and ready (attempt 1): By.xpath: //ytd-topbar-menu-button-renderer[@class='style-scope ytd-masthead style-default']
2026-03-05 19:22:21.069 [TestNG-test-Yt Master Tests-2] INFO  [verifyingSideMenuCollapsedLangAsInSettings] Clicking language dropdown...
2026-03-05 19:22:21.069 [TestNG-test-Yt Master Tests-2] INFO  [verifyingSideMenuCollapsedLangAsInSettings] [verifyingSideMenuCollapsedLangAsInSettings] Trying to find element: By.xpath: (//div[@id='content-icon'])[2]
2026-03-05 19:22:21.626 [TestNG-test-Yt Master Tests-2] INFO  [verifyingSideMenuCollapsedLangAsInSettings] [verifyingSideMenuCollapsedLangAsInSettings] Element found and ready (attempt 1): By.xpath: (//div[@id='content-icon'])[2]
2026-03-05 19:22:21.912 [TestNG-test-Yt Master Tests-2] INFO  [verifyingSideMenuCollapsedLangAsInSettings] Looking for language element with name: English (UK)
2026-03-05 19:22:21.912 [TestNG-test-Yt Master Tests-2] INFO  [verifyingSideMenuCollapsedLangAsInSettings] [verifyingSideMenuCollapsedLangAsInSettings] Trying to find element: By.xpath: //yt-multi-page-menu-section-renderer[@class='style-scope ytd-multi-page-menu-renderer']//yt-formatted-string[@id='label' and text()='English (UK)']
2026-03-05 19:22:22.014 [TestNG-test-Yt Master Tests-2] INFO  [verifyingSideMenuCollapsedLangAsInSettings] [verifyingSideMenuCollapsedLangAsInSettings] Element found and ready (attempt 1): By.xpath: //yt-multi-page-menu-section-renderer[@class='style-scope ytd-multi-page-menu-renderer']//yt-formatted-string[@id='label' and text()='English (UK)']
2026-03-05 19:22:22.014 [TestNG-test-Yt Master Tests-2] INFO  [verifyingSideMenuCollapsedLangAsInSettings] [verifyingSideMenuCollapsedLangAsInSettings] Trying to find element: By.xpath: //yt-multi-page-menu-section-renderer[@class='style-scope ytd-multi-page-menu-renderer']//yt-formatted-string[@id='label' and text()='English (UK)']
2026-03-05 19:22:22.067 [TestNG-test-Yt Master Tests-2] INFO  [verifyingSideMenuCollapsedLangAsInSettings] [verifyingSideMenuCollapsedLangAsInSettings] Element found and ready (attempt 1): By.xpath: //yt-multi-page-menu-section-renderer[@class='style-scope ytd-multi-page-menu-renderer']//yt-formatted-string[@id='label' and text()='English (UK)']
2026-03-05 19:22:22.758 [TestNG-test-Yt Master Tests-2] INFO  [verifyingSideMenuCollapsedLangAsInSettings] Clicking settings ellipses button...
2026-03-05 19:22:23.001 [TestNG-test-Yt Master Tests-2] INFO  [verifyingSideMenuCollapsedLangAsInSettings] [verifyingSideMenuCollapsedLangAsInSettings] Trying to find element: By.xpath: //ytd-topbar-menu-button-renderer[@class='style-scope ytd-masthead style-default']
2026-03-05 19:22:23.143 [TestNG-test-Yt Master Tests-2] INFO  [verifyingSideMenuCollapsedLangAsInSettings] [verifyingSideMenuCollapsedLangAsInSettings] Element found and ready (attempt 1): By.xpath: //ytd-topbar-menu-button-renderer[@class='style-scope ytd-masthead style-default']
2026-03-05 19:22:23.313 [TestNG-test-Yt Master Tests-2] INFO  [verifyingSideMenuCollapsedLangAsInSettings] [verifyingSideMenuCollapsedLangAsInSettings] Waiting until element is visible in viewport
2026-03-05 19:22:23.412 [TestNG-test-Yt Master Tests-2] INFO  [verifyingSideMenuCollapsedLangAsInSettings] [verifyingSideMenuCollapsedLangAsInSettings] Capturing screenshot: Filter Applied is English (UK)__2026-03-05_192223.jpg
2026-03-05 19:22:23.674 [TestNG-test-Yt Master Tests-2] INFO  [verifyingSideMenuCollapsedLangAsInSettings] [verifyingSideMenuCollapsedLangAsInSettings] Screenshot saved at: test-output/screenshots/Run_2026-03-05_19-02-45/verifyingSideMenuCollapsedLangAsInSettings/Filter Applied is English (UK)__2026-03-05_192223.jpg
2026-03-05 19:22:23.674 [TestNG-test-Yt Master Tests-2] INFO  [verifyingSideMenuCollapsedLangAsInSettings] Clicking settings ellipses button...
2026-03-05 19:22:23.692 [TestNG-test-Yt Master Tests-2] INFO  [verifyingSideMenuCollapsedLangAsInSettings] [verifyingSideMenuCollapsedLangAsInSettings] Trying to find element: By.xpath: //ytd-topbar-menu-button-renderer[@class='style-scope ytd-masthead style-default']
2026-03-05 19:22:23.736 [TestNG-test-Yt Master Tests-2] INFO  [verifyingSideMenuCollapsedLangAsInSettings] [verifyingSideMenuCollapsedLangAsInSettings] Element found and ready (attempt 1): By.xpath: //ytd-topbar-menu-button-renderer[@class='style-scope ytd-masthead style-default']
2026-03-05 19:22:23.784 [TestNG-test-Yt Master Tests-2] INFO  [verifyingSideMenuCollapsedLangAsInSettings] getLangAttribute() - locating <html> and reading lang property
2026-03-05 19:22:23.795 [TestNG-test-Yt Master Tests-2] INFO  [verifyingSideMenuCollapsedLangAsInSettings] Language attribute read: en-GB
2026-03-05 19:22:23.795 [TestNG-test-Yt Master Tests-2] INFO  [verifyingSideMenuCollapsedLangAsInSettings] Fetching the side menu in collapsed view
2026-03-05 19:22:23.795 [TestNG-test-Yt Master Tests-2] INFO  [verifyingSideMenuCollapsedLangAsInSettings] [verifyingSideMenuCollapsedLangAsInSettings] Finding elements list: By.xpath: //ytd-mini-guide-renderer[@class='style-scope ytd-app']//ytd-mini-guide-entry-renderer
2026-03-05 19:22:23.849 [TestNG-test-Yt Master Tests-2] INFO  [verifyingSideMenuCollapsedLangAsInSettings] [verifyingSideMenuCollapsedLangAsInSettings] Found 4 ready elements (attempt 1): By.xpath: //ytd-mini-guide-renderer[@class='style-scope ytd-app']//ytd-mini-guide-entry-renderer
2026-03-05 19:22:23.917 [TestNG-test-Yt Master Tests-2] INFO  [verifyingSideMenuCollapsedLangAsInSettings] Clicking settings ellipses button...
2026-03-05 19:22:23.937 [TestNG-test-Yt Master Tests-2] INFO  [verifyingSideMenuCollapsedLangAsInSettings] [verifyingSideMenuCollapsedLangAsInSettings] Trying to find element: By.xpath: //ytd-topbar-menu-button-renderer[@class='style-scope ytd-masthead style-default']
2026-03-05 19:22:23.986 [TestNG-test-Yt Master Tests-2] INFO  [verifyingSideMenuCollapsedLangAsInSettings] [verifyingSideMenuCollapsedLangAsInSettings] Element found and ready (attempt 1): By.xpath: //ytd-topbar-menu-button-renderer[@class='style-scope ytd-masthead style-default']
2026-03-05 19:22:24.069 [TestNG-test-Yt Master Tests-2] INFO  [verifyingSideMenuCollapsedLangAsInSettings] Clicking language dropdown...
2026-03-05 19:22:24.069 [TestNG-test-Yt Master Tests-2] INFO  [verifyingSideMenuCollapsedLangAsInSettings] [verifyingSideMenuCollapsedLangAsInSettings] Trying to find element: By.xpath: (//div[@id='content-icon'])[2]
2026-03-05 19:22:24.625 [TestNG-test-Yt Master Tests-2] INFO  [verifyingSideMenuCollapsedLangAsInSettings] [verifyingSideMenuCollapsedLangAsInSettings] Element found and ready (attempt 1): By.xpath: (//div[@id='content-icon'])[2]
2026-03-05 19:22:24.913 [TestNG-test-Yt Master Tests-2] INFO  [verifyingSideMenuCollapsedLangAsInSettings] Looking for language element with name: English (US)
2026-03-05 19:22:24.913 [TestNG-test-Yt Master Tests-2] INFO  [verifyingSideMenuCollapsedLangAsInSettings] [verifyingSideMenuCollapsedLangAsInSettings] Trying to find element: By.xpath: //yt-multi-page-menu-section-renderer[@class='style-scope ytd-multi-page-menu-renderer']//yt-formatted-string[@id='label' and text()='English (US)']
2026-03-05 19:22:25.002 [TestNG-test-Yt Master Tests-2] INFO  [verifyingSideMenuCollapsedLangAsInSettings] [verifyingSideMenuCollapsedLangAsInSettings] Element found and ready (attempt 1): By.xpath: //yt-multi-page-menu-section-renderer[@class='style-scope ytd-multi-page-menu-renderer']//yt-formatted-string[@id='label' and text()='English (US)']
2026-03-05 19:22:25.002 [TestNG-test-Yt Master Tests-2] INFO  [verifyingSideMenuCollapsedLangAsInSettings] [verifyingSideMenuCollapsedLangAsInSettings] Trying to find element: By.xpath: //yt-multi-page-menu-section-renderer[@class='style-scope ytd-multi-page-menu-renderer']//yt-formatted-string[@id='label' and text()='English (US)']
2026-03-05 19:22:25.049 [TestNG-test-Yt Master Tests-2] INFO  [verifyingSideMenuCollapsedLangAsInSettings] [verifyingSideMenuCollapsedLangAsInSettings] Element found and ready (attempt 1): By.xpath: //yt-multi-page-menu-section-renderer[@class='style-scope ytd-multi-page-menu-renderer']//yt-formatted-string[@id='label' and text()='English (US)']
2026-03-05 19:22:25.676 [TestNG-test-Yt Master Tests-2] INFO  [verifyingSideMenuCollapsedLangAsInSettings] Clicking settings ellipses button...
2026-03-05 19:22:25.840 [TestNG-test-Yt Master Tests-2] INFO  [verifyingSideMenuCollapsedLangAsInSettings] [verifyingSideMenuCollapsedLangAsInSettings] Trying to find element: By.xpath: //ytd-topbar-menu-button-renderer[@class='style-scope ytd-masthead style-default']
2026-03-05 19:22:25.982 [TestNG-test-Yt Master Tests-2] INFO  [verifyingSideMenuCollapsedLangAsInSettings] [verifyingSideMenuCollapsedLangAsInSettings] Element found and ready (attempt 1): By.xpath: //ytd-topbar-menu-button-renderer[@class='style-scope ytd-masthead style-default']
2026-03-05 19:22:26.148 [TestNG-test-Yt Master Tests-2] INFO  [verifyingSideMenuCollapsedLangAsInSettings] [verifyingSideMenuCollapsedLangAsInSettings] Waiting until element is visible in viewport
2026-03-05 19:22:26.255 [TestNG-test-Yt Master Tests-2] INFO  [verifyingSideMenuCollapsedLangAsInSettings] [verifyingSideMenuCollapsedLangAsInSettings] Capturing screenshot: Filter Applied is English (US)__2026-03-05_192226.jpg
2026-03-05 19:22:26.528 [TestNG-test-Yt Master Tests-2] INFO  [verifyingSideMenuCollapsedLangAsInSettings] [verifyingSideMenuCollapsedLangAsInSettings] Screenshot saved at: test-output/screenshots/Run_2026-03-05_19-02-45/verifyingSideMenuCollapsedLangAsInSettings/Filter Applied is English (US)__2026-03-05_192226.jpg
2026-03-05 19:22:26.528 [TestNG-test-Yt Master Tests-2] INFO  [verifyingSideMenuCollapsedLangAsInSettings] Clicking settings ellipses button...
2026-03-05 19:22:26.547 [TestNG-test-Yt Master Tests-2] INFO  [verifyingSideMenuCollapsedLangAsInSettings] [verifyingSideMenuCollapsedLangAsInSettings] Trying to find element: By.xpath: //ytd-topbar-menu-button-renderer[@class='style-scope ytd-masthead style-default']
2026-03-05 19:22:26.592 [TestNG-test-Yt Master Tests-2] INFO  [verifyingSideMenuCollapsedLangAsInSettings] [verifyingSideMenuCollapsedLangAsInSettings] Element found and ready (attempt 1): By.xpath: //ytd-topbar-menu-button-renderer[@class='style-scope ytd-masthead style-default']
2026-03-05 19:22:26.637 [TestNG-test-Yt Master Tests-2] INFO  [verifyingSideMenuCollapsedLangAsInSettings] getLangAttribute() - locating <html> and reading lang property
2026-03-05 19:22:26.650 [TestNG-test-Yt Master Tests-2] INFO  [verifyingSideMenuCollapsedLangAsInSettings] Language attribute read: en
2026-03-05 19:22:26.650 [TestNG-test-Yt Master Tests-2] INFO  [verifyingSideMenuCollapsedLangAsInSettings] Fetching the side menu in collapsed view
2026-03-05 19:22:26.650 [TestNG-test-Yt Master Tests-2] INFO  [verifyingSideMenuCollapsedLangAsInSettings] [verifyingSideMenuCollapsedLangAsInSettings] Finding elements list: By.xpath: //ytd-mini-guide-renderer[@class='style-scope ytd-app']//ytd-mini-guide-entry-renderer
2026-03-05 19:22:26.705 [TestNG-test-Yt Master Tests-2] INFO  [verifyingSideMenuCollapsedLangAsInSettings] [verifyingSideMenuCollapsedLangAsInSettings] Found 4 ready elements (attempt 1): By.xpath: //ytd-mini-guide-renderer[@class='style-scope ytd-app']//ytd-mini-guide-entry-renderer
2026-03-05 19:22:26.776 [TestNG-test-Yt Master Tests-2] INFO  [verifyingSideMenuCollapsedLangAsInSettings] Clicking settings ellipses button...
2026-03-05 19:22:26.794 [TestNG-test-Yt Master Tests-2] INFO  [verifyingSideMenuCollapsedLangAsInSettings] [verifyingSideMenuCollapsedLangAsInSettings] Trying to find element: By.xpath: //ytd-topbar-menu-button-renderer[@class='style-scope ytd-masthead style-default']
2026-03-05 19:22:26.845 [TestNG-test-Yt Master Tests-2] INFO  [verifyingSideMenuCollapsedLangAsInSettings] [verifyingSideMenuCollapsedLangAsInSettings] Element found and ready (attempt 1): By.xpath: //ytd-topbar-menu-button-renderer[@class='style-scope ytd-masthead style-default']
2026-03-05 19:22:26.906 [TestNG-test-Yt Master Tests-2] INFO  [verifyingSideMenuCollapsedLangAsInSettings] Clicking language dropdown...
2026-03-05 19:22:26.906 [TestNG-test-Yt Master Tests-2] INFO  [verifyingSideMenuCollapsedLangAsInSettings] [verifyingSideMenuCollapsedLangAsInSettings] Trying to find element: By.xpath: (//div[@id='content-icon'])[2]
2026-03-05 19:22:27.467 [TestNG-test-Yt Master Tests-2] INFO  [verifyingSideMenuCollapsedLangAsInSettings] [verifyingSideMenuCollapsedLangAsInSettings] Element found and ready (attempt 1): By.xpath: (//div[@id='content-icon'])[2]
2026-03-05 19:22:27.753 [TestNG-test-Yt Master Tests-2] INFO  [verifyingSideMenuCollapsedLangAsInSettings] Looking for language element with name: Español (España)
2026-03-05 19:22:27.753 [TestNG-test-Yt Master Tests-2] INFO  [verifyingSideMenuCollapsedLangAsInSettings] [verifyingSideMenuCollapsedLangAsInSettings] Trying to find element: By.xpath: //yt-multi-page-menu-section-renderer[@class='style-scope ytd-multi-page-menu-renderer']//yt-formatted-string[@id='label' and text()='Español (España)']
2026-03-05 19:22:27.850 [TestNG-test-Yt Master Tests-2] INFO  [verifyingSideMenuCollapsedLangAsInSettings] [verifyingSideMenuCollapsedLangAsInSettings] Element found and ready (attempt 1): By.xpath: //yt-multi-page-menu-section-renderer[@class='style-scope ytd-multi-page-menu-renderer']//yt-formatted-string[@id='label' and text()='Español (España)']
2026-03-05 19:22:27.850 [TestNG-test-Yt Master Tests-2] INFO  [verifyingSideMenuCollapsedLangAsInSettings] [verifyingSideMenuCollapsedLangAsInSettings] Trying to find element: By.xpath: //yt-multi-page-menu-section-renderer[@class='style-scope ytd-multi-page-menu-renderer']//yt-formatted-string[@id='label' and text()='Español (España)']
2026-03-05 19:22:27.902 [TestNG-test-Yt Master Tests-2] INFO  [verifyingSideMenuCollapsedLangAsInSettings] [verifyingSideMenuCollapsedLangAsInSettings] Element found and ready (attempt 1): By.xpath: //yt-multi-page-menu-section-renderer[@class='style-scope ytd-multi-page-menu-renderer']//yt-formatted-string[@id='label' and text()='Español (España)']
2026-03-05 19:22:28.523 [TestNG-test-Yt Master Tests-2] INFO  [verifyingSideMenuCollapsedLangAsInSettings] Clicking settings ellipses button...
2026-03-05 19:22:28.678 [TestNG-test-Yt Master Tests-2] INFO  [verifyingSideMenuCollapsedLangAsInSettings] [verifyingSideMenuCollapsedLangAsInSettings] Trying to find element: By.xpath: //ytd-topbar-menu-button-renderer[@class='style-scope ytd-masthead style-default']
2026-03-05 19:22:28.731 [TestNG-test-Yt Master Tests-2] INFO  [verifyingSideMenuCollapsedLangAsInSettings] [verifyingSideMenuCollapsedLangAsInSettings] Element found and ready (attempt 1): By.xpath: //ytd-topbar-menu-button-renderer[@class='style-scope ytd-masthead style-default']
2026-03-05 19:22:29.011 [TestNG-test-Yt Master Tests-2] INFO  [verifyingSideMenuCollapsedLangAsInSettings] [verifyingSideMenuCollapsedLangAsInSettings] Waiting until element is visible in viewport
2026-03-05 19:22:29.103 [TestNG-test-Yt Master Tests-2] INFO  [verifyingSideMenuCollapsedLangAsInSettings] [verifyingSideMenuCollapsedLangAsInSettings] Capturing screenshot: Filter Applied is Español (España)__2026-03-05_192229.jpg
2026-03-05 19:22:29.364 [TestNG-test-Yt Master Tests-2] INFO  [verifyingSideMenuCollapsedLangAsInSettings] [verifyingSideMenuCollapsedLangAsInSettings] Screenshot saved at: test-output/screenshots/Run_2026-03-05_19-02-45/verifyingSideMenuCollapsedLangAsInSettings/Filter Applied is Español (España)__2026-03-05_192229.jpg
2026-03-05 19:22:29.364 [TestNG-test-Yt Master Tests-2] INFO  [verifyingSideMenuCollapsedLangAsInSettings] Clicking settings ellipses button...
2026-03-05 19:22:29.382 [TestNG-test-Yt Master Tests-2] INFO  [verifyingSideMenuCollapsedLangAsInSettings] [verifyingSideMenuCollapsedLangAsInSettings] Trying to find element: By.xpath: //ytd-topbar-menu-button-renderer[@class='style-scope ytd-masthead style-default']
2026-03-05 19:22:29.427 [TestNG-test-Yt Master Tests-2] INFO  [verifyingSideMenuCollapsedLangAsInSettings] [verifyingSideMenuCollapsedLangAsInSettings] Element found and ready (attempt 1): By.xpath: //ytd-topbar-menu-button-renderer[@class='style-scope ytd-masthead style-default']
2026-03-05 19:22:29.473 [TestNG-test-Yt Master Tests-2] INFO  [verifyingSideMenuCollapsedLangAsInSettings] getLangAttribute() - locating <html> and reading lang property
2026-03-05 19:22:29.485 [TestNG-test-Yt Master Tests-2] INFO  [verifyingSideMenuCollapsedLangAsInSettings] Language attribute read: es-ES
2026-03-05 19:22:29.485 [TestNG-test-Yt Master Tests-2] INFO  [verifyingSideMenuCollapsedLangAsInSettings] Fetching the side menu in collapsed view
2026-03-05 19:22:29.485 [TestNG-test-Yt Master Tests-2] INFO  [verifyingSideMenuCollapsedLangAsInSettings] [verifyingSideMenuCollapsedLangAsInSettings] Finding elements list: By.xpath: //ytd-mini-guide-renderer[@class='style-scope ytd-app']//ytd-mini-guide-entry-renderer
2026-03-05 19:22:29.540 [TestNG-test-Yt Master Tests-2] INFO  [verifyingSideMenuCollapsedLangAsInSettings] [verifyingSideMenuCollapsedLangAsInSettings] Found 4 ready elements (attempt 1): By.xpath: //ytd-mini-guide-renderer[@class='style-scope ytd-app']//ytd-mini-guide-entry-renderer
2026-03-05 19:22:29.608 [TestNG-test-Yt Master Tests-2] INFO  [verifyingSideMenuCollapsedLangAsInSettings] Clicking settings ellipses button...
2026-03-05 19:22:29.626 [TestNG-test-Yt Master Tests-2] INFO  [verifyingSideMenuCollapsedLangAsInSettings] [verifyingSideMenuCollapsedLangAsInSettings] Trying to find element: By.xpath: //ytd-topbar-menu-button-renderer[@class='style-scope ytd-masthead style-default']
2026-03-05 19:22:29.673 [TestNG-test-Yt Master Tests-2] INFO  [verifyingSideMenuCollapsedLangAsInSettings] [verifyingSideMenuCollapsedLangAsInSettings] Element found and ready (attempt 1): By.xpath: //ytd-topbar-menu-button-renderer[@class='style-scope ytd-masthead style-default']
2026-03-05 19:22:29.733 [TestNG-test-Yt Master Tests-2] INFO  [verifyingSideMenuCollapsedLangAsInSettings] Clicking language dropdown...
2026-03-05 19:22:29.733 [TestNG-test-Yt Master Tests-2] INFO  [verifyingSideMenuCollapsedLangAsInSettings] [verifyingSideMenuCollapsedLangAsInSettings] Trying to find element: By.xpath: (//div[@id='content-icon'])[2]
2026-03-05 19:22:30.287 [TestNG-test-Yt Master Tests-2] INFO  [verifyingSideMenuCollapsedLangAsInSettings] [verifyingSideMenuCollapsedLangAsInSettings] Element found and ready (attempt 1): By.xpath: (//div[@id='content-icon'])[2]
2026-03-05 19:22:30.589 [TestNG-test-Yt Master Tests-2] INFO  [verifyingSideMenuCollapsedLangAsInSettings] Looking for language element with name: Español (Latinoamérica)
2026-03-05 19:22:30.589 [TestNG-test-Yt Master Tests-2] INFO  [verifyingSideMenuCollapsedLangAsInSettings] [verifyingSideMenuCollapsedLangAsInSettings] Trying to find element: By.xpath: //yt-multi-page-menu-section-renderer[@class='style-scope ytd-multi-page-menu-renderer']//yt-formatted-string[@id='label' and text()='Español (Latinoamérica)']
2026-03-05 19:22:30.681 [TestNG-test-Yt Master Tests-2] INFO  [verifyingSideMenuCollapsedLangAsInSettings] [verifyingSideMenuCollapsedLangAsInSettings] Element found and ready (attempt 1): By.xpath: //yt-multi-page-menu-section-renderer[@class='style-scope ytd-multi-page-menu-renderer']//yt-formatted-string[@id='label' and text()='Español (Latinoamérica)']
2026-03-05 19:22:30.681 [TestNG-test-Yt Master Tests-2] INFO  [verifyingSideMenuCollapsedLangAsInSettings] [verifyingSideMenuCollapsedLangAsInSettings] Trying to find element: By.xpath: //yt-multi-page-menu-section-renderer[@class='style-scope ytd-multi-page-menu-renderer']//yt-formatted-string[@id='label' and text()='Español (Latinoamérica)']
2026-03-05 19:22:30.729 [TestNG-test-Yt Master Tests-2] INFO  [verifyingSideMenuCollapsedLangAsInSettings] [verifyingSideMenuCollapsedLangAsInSettings] Element found and ready (attempt 1): By.xpath: //yt-multi-page-menu-section-renderer[@class='style-scope ytd-multi-page-menu-renderer']//yt-formatted-string[@id='label' and text()='Español (Latinoamérica)']
2026-03-05 19:22:31.412 [TestNG-test-Yt Master Tests-2] INFO  [verifyingSideMenuCollapsedLangAsInSettings] Clicking settings ellipses button...
2026-03-05 19:22:31.572 [TestNG-test-Yt Master Tests-2] INFO  [verifyingSideMenuCollapsedLangAsInSettings] [verifyingSideMenuCollapsedLangAsInSettings] Trying to find element: By.xpath: //ytd-topbar-menu-button-renderer[@class='style-scope ytd-masthead style-default']
2026-03-05 19:22:31.722 [TestNG-test-Yt Master Tests-2] INFO  [verifyingSideMenuCollapsedLangAsInSettings] [verifyingSideMenuCollapsedLangAsInSettings] Element found and ready (attempt 1): By.xpath: //ytd-topbar-menu-button-renderer[@class='style-scope ytd-masthead style-default']
2026-03-05 19:22:31.887 [TestNG-test-Yt Master Tests-2] INFO  [verifyingSideMenuCollapsedLangAsInSettings] [verifyingSideMenuCollapsedLangAsInSettings] Waiting until element is visible in viewport
2026-03-05 19:22:31.986 [TestNG-test-Yt Master Tests-2] INFO  [verifyingSideMenuCollapsedLangAsInSettings] [verifyingSideMenuCollapsedLangAsInSettings] Capturing screenshot: Filter Applied is Español (Latinoamérica)__2026-03-05_192231.jpg
2026-03-05 19:22:32.269 [TestNG-test-Yt Master Tests-2] INFO  [verifyingSideMenuCollapsedLangAsInSettings] [verifyingSideMenuCollapsedLangAsInSettings] Screenshot saved at: test-output/screenshots/Run_2026-03-05_19-02-45/verifyingSideMenuCollapsedLangAsInSettings/Filter Applied is Español (Latinoamérica)__2026-03-05_192231.jpg
2026-03-05 19:22:32.269 [TestNG-test-Yt Master Tests-2] INFO  [verifyingSideMenuCollapsedLangAsInSettings] Clicking settings ellipses button...
2026-03-05 19:22:32.288 [TestNG-test-Yt Master Tests-2] INFO  [verifyingSideMenuCollapsedLangAsInSettings] [verifyingSideMenuCollapsedLangAsInSettings] Trying to find element: By.xpath: //ytd-topbar-menu-button-renderer[@class='style-scope ytd-masthead style-default']
2026-03-05 19:22:32.332 [TestNG-test-Yt Master Tests-2] INFO  [verifyingSideMenuCollapsedLangAsInSettings] [verifyingSideMenuCollapsedLangAsInSettings] Element found and ready (attempt 1): By.xpath: //ytd-topbar-menu-button-renderer[@class='style-scope ytd-masthead style-default']
2026-03-05 19:22:32.376 [TestNG-test-Yt Master Tests-2] INFO  [verifyingSideMenuCollapsedLangAsInSettings] getLangAttribute() - locating <html> and reading lang property
2026-03-05 19:22:32.388 [TestNG-test-Yt Master Tests-2] INFO  [verifyingSideMenuCollapsedLangAsInSettings] Language attribute read: es-419
2026-03-05 19:22:32.388 [TestNG-test-Yt Master Tests-2] INFO  [verifyingSideMenuCollapsedLangAsInSettings] Fetching the side menu in collapsed view
2026-03-05 19:22:32.388 [TestNG-test-Yt Master Tests-2] INFO  [verifyingSideMenuCollapsedLangAsInSettings] [verifyingSideMenuCollapsedLangAsInSettings] Finding elements list: By.xpath: //ytd-mini-guide-renderer[@class='style-scope ytd-app']//ytd-mini-guide-entry-renderer
2026-03-05 19:22:32.444 [TestNG-test-Yt Master Tests-2] INFO  [verifyingSideMenuCollapsedLangAsInSettings] [verifyingSideMenuCollapsedLangAsInSettings] Found 4 ready elements (attempt 1): By.xpath: //ytd-mini-guide-renderer[@class='style-scope ytd-app']//ytd-mini-guide-entry-renderer
2026-03-05 19:22:32.512 [TestNG-test-Yt Master Tests-2] INFO  [verifyingSideMenuCollapsedLangAsInSettings] Clicking settings ellipses button...
2026-03-05 19:22:32.530 [TestNG-test-Yt Master Tests-2] INFO  [verifyingSideMenuCollapsedLangAsInSettings] [verifyingSideMenuCollapsedLangAsInSettings] Trying to find element: By.xpath: //ytd-topbar-menu-button-renderer[@class='style-scope ytd-masthead style-default']
2026-03-05 19:22:32.581 [TestNG-test-Yt Master Tests-2] INFO  [verifyingSideMenuCollapsedLangAsInSettings] [verifyingSideMenuCollapsedLangAsInSettings] Element found and ready (attempt 1): By.xpath: //ytd-topbar-menu-button-renderer[@class='style-scope ytd-masthead style-default']
2026-03-05 19:22:32.640 [TestNG-test-Yt Master Tests-2] INFO  [verifyingSideMenuCollapsedLangAsInSettings] Clicking language dropdown...
2026-03-05 19:22:32.640 [TestNG-test-Yt Master Tests-2] INFO  [verifyingSideMenuCollapsedLangAsInSettings] [verifyingSideMenuCollapsedLangAsInSettings] Trying to find element: By.xpath: (//div[@id='content-icon'])[2]
2026-03-05 19:22:33.204 [TestNG-test-Yt Master Tests-2] INFO  [verifyingSideMenuCollapsedLangAsInSettings] [verifyingSideMenuCollapsedLangAsInSettings] Element found and ready (attempt 1): By.xpath: (//div[@id='content-icon'])[2]
2026-03-05 19:22:33.494 [TestNG-test-Yt Master Tests-2] INFO  [verifyingSideMenuCollapsedLangAsInSettings] Looking for language element with name: Español (US)
2026-03-05 19:22:33.494 [TestNG-test-Yt Master Tests-2] INFO  [verifyingSideMenuCollapsedLangAsInSettings] [verifyingSideMenuCollapsedLangAsInSettings] Trying to find element: By.xpath: //yt-multi-page-menu-section-renderer[@class='style-scope ytd-multi-page-menu-renderer']//yt-formatted-string[@id='label' and text()='Español (US)']
2026-03-05 19:22:33.597 [TestNG-test-Yt Master Tests-2] INFO  [verifyingSideMenuCollapsedLangAsInSettings] [verifyingSideMenuCollapsedLangAsInSettings] Element found and ready (attempt 1): By.xpath: //yt-multi-page-menu-section-renderer[@class='style-scope ytd-multi-page-menu-renderer']//yt-formatted-string[@id='label' and text()='Español (US)']
2026-03-05 19:22:33.597 [TestNG-test-Yt Master Tests-2] INFO  [verifyingSideMenuCollapsedLangAsInSettings] [verifyingSideMenuCollapsedLangAsInSettings] Trying to find element: By.xpath: //yt-multi-page-menu-section-renderer[@class='style-scope ytd-multi-page-menu-renderer']//yt-formatted-string[@id='label' and text()='Español (US)']
2026-03-05 19:22:33.649 [TestNG-test-Yt Master Tests-2] INFO  [verifyingSideMenuCollapsedLangAsInSettings] [verifyingSideMenuCollapsedLangAsInSettings] Element found and ready (attempt 1): By.xpath: //yt-multi-page-menu-section-renderer[@class='style-scope ytd-multi-page-menu-renderer']//yt-formatted-string[@id='label' and text()='Español (US)']
2026-03-05 19:22:34.283 [TestNG-test-Yt Master Tests-2] INFO  [verifyingSideMenuCollapsedLangAsInSettings] Clicking settings ellipses button...
2026-03-05 19:22:34.652 [TestNG-test-Yt Master Tests-2] INFO  [verifyingSideMenuCollapsedLangAsInSettings] [verifyingSideMenuCollapsedLangAsInSettings] Trying to find element: By.xpath: //ytd-topbar-menu-button-renderer[@class='style-scope ytd-masthead style-default']
2026-03-05 19:22:34.721 [TestNG-test-Yt Master Tests-2] INFO  [verifyingSideMenuCollapsedLangAsInSettings] [verifyingSideMenuCollapsedLangAsInSettings] Element found and ready (attempt 1): By.xpath: //ytd-topbar-menu-button-renderer[@class='style-scope ytd-masthead style-default']
2026-03-05 19:22:35.054 [TestNG-test-Yt Master Tests-2] INFO  [verifyingSideMenuCollapsedLangAsInSettings] [verifyingSideMenuCollapsedLangAsInSettings] Waiting until element is visible in viewport
2026-03-05 19:22:35.096 [TestNG-test-Yt Master Tests-2] INFO  [verifyingSideMenuCollapsedLangAsInSettings] [verifyingSideMenuCollapsedLangAsInSettings] Capturing screenshot: Filter Applied is Español (US)__2026-03-05_192235.jpg
2026-03-05 19:22:35.366 [TestNG-test-Yt Master Tests-2] INFO  [verifyingSideMenuCollapsedLangAsInSettings] [verifyingSideMenuCollapsedLangAsInSettings] Screenshot saved at: test-output/screenshots/Run_2026-03-05_19-02-45/verifyingSideMenuCollapsedLangAsInSettings/Filter Applied is Español (US)__2026-03-05_192235.jpg
2026-03-05 19:22:35.366 [TestNG-test-Yt Master Tests-2] INFO  [verifyingSideMenuCollapsedLangAsInSettings] Clicking settings ellipses button...
2026-03-05 19:22:35.385 [TestNG-test-Yt Master Tests-2] INFO  [verifyingSideMenuCollapsedLangAsInSettings] [verifyingSideMenuCollapsedLangAsInSettings] Trying to find element: By.xpath: //ytd-topbar-menu-button-renderer[@class='style-scope ytd-masthead style-default']
2026-03-05 19:22:35.434 [TestNG-test-Yt Master Tests-2] INFO  [verifyingSideMenuCollapsedLangAsInSettings] [verifyingSideMenuCollapsedLangAsInSettings] Element found and ready (attempt 1): By.xpath: //ytd-topbar-menu-button-renderer[@class='style-scope ytd-masthead style-default']
2026-03-05 19:22:35.483 [TestNG-test-Yt Master Tests-2] INFO  [verifyingSideMenuCollapsedLangAsInSettings] getLangAttribute() - locating <html> and reading lang property
2026-03-05 19:22:35.497 [TestNG-test-Yt Master Tests-2] INFO  [verifyingSideMenuCollapsedLangAsInSettings] Language attribute read: es-US
2026-03-05 19:22:35.497 [TestNG-test-Yt Master Tests-2] INFO  [verifyingSideMenuCollapsedLangAsInSettings] Fetching the side menu in collapsed view
2026-03-05 19:22:35.497 [TestNG-test-Yt Master Tests-2] INFO  [verifyingSideMenuCollapsedLangAsInSettings] [verifyingSideMenuCollapsedLangAsInSettings] Finding elements list: By.xpath: //ytd-mini-guide-renderer[@class='style-scope ytd-app']//ytd-mini-guide-entry-renderer
2026-03-05 19:22:35.555 [TestNG-test-Yt Master Tests-2] INFO  [verifyingSideMenuCollapsedLangAsInSettings] [verifyingSideMenuCollapsedLangAsInSettings] Found 4 ready elements (attempt 1): By.xpath: //ytd-mini-guide-renderer[@class='style-scope ytd-app']//ytd-mini-guide-entry-renderer
2026-03-05 19:22:35.624 [TestNG-test-Yt Master Tests-2] INFO  [verifyingSideMenuCollapsedLangAsInSettings] Clicking settings ellipses button...
2026-03-05 19:22:35.643 [TestNG-test-Yt Master Tests-2] INFO  [verifyingSideMenuCollapsedLangAsInSettings] [verifyingSideMenuCollapsedLangAsInSettings] Trying to find element: By.xpath: //ytd-topbar-menu-button-renderer[@class='style-scope ytd-masthead style-default']
2026-03-05 19:22:35.692 [TestNG-test-Yt Master Tests-2] INFO  [verifyingSideMenuCollapsedLangAsInSettings] [verifyingSideMenuCollapsedLangAsInSettings] Element found and ready (attempt 1): By.xpath: //ytd-topbar-menu-button-renderer[@class='style-scope ytd-masthead style-default']
2026-03-05 19:22:35.754 [TestNG-test-Yt Master Tests-2] INFO  [verifyingSideMenuCollapsedLangAsInSettings] Clicking language dropdown...
2026-03-05 19:22:35.755 [TestNG-test-Yt Master Tests-2] INFO  [verifyingSideMenuCollapsedLangAsInSettings] [verifyingSideMenuCollapsedLangAsInSettings] Trying to find element: By.xpath: (//div[@id='content-icon'])[2]
2026-03-05 19:22:36.311 [TestNG-test-Yt Master Tests-2] INFO  [verifyingSideMenuCollapsedLangAsInSettings] [verifyingSideMenuCollapsedLangAsInSettings] Element found and ready (attempt 1): By.xpath: (//div[@id='content-icon'])[2]
2026-03-05 19:22:36.608 [TestNG-test-Yt Master Tests-2] INFO  [verifyingSideMenuCollapsedLangAsInSettings] Looking for language element with name: Euskara
2026-03-05 19:22:36.608 [TestNG-test-Yt Master Tests-2] INFO  [verifyingSideMenuCollapsedLangAsInSettings] [verifyingSideMenuCollapsedLangAsInSettings] Trying to find element: By.xpath: //yt-multi-page-menu-section-renderer[@class='style-scope ytd-multi-page-menu-renderer']//yt-formatted-string[@id='label' and text()='Euskara']
2026-03-05 19:22:36.697 [TestNG-test-Yt Master Tests-2] INFO  [verifyingSideMenuCollapsedLangAsInSettings] [verifyingSideMenuCollapsedLangAsInSettings] Element found and ready (attempt 1): By.xpath: //yt-multi-page-menu-section-renderer[@class='style-scope ytd-multi-page-menu-renderer']//yt-formatted-string[@id='label' and text()='Euskara']
2026-03-05 19:22:36.697 [TestNG-test-Yt Master Tests-2] INFO  [verifyingSideMenuCollapsedLangAsInSettings] [verifyingSideMenuCollapsedLangAsInSettings] Trying to find element: By.xpath: //yt-multi-page-menu-section-renderer[@class='style-scope ytd-multi-page-menu-renderer']//yt-formatted-string[@id='label' and text()='Euskara']
2026-03-05 19:22:36.751 [TestNG-test-Yt Master Tests-2] INFO  [verifyingSideMenuCollapsedLangAsInSettings] [verifyingSideMenuCollapsedLangAsInSettings] Element found and ready (attempt 1): By.xpath: //yt-multi-page-menu-section-renderer[@class='style-scope ytd-multi-page-menu-renderer']//yt-formatted-string[@id='label' and text()='Euskara']
2026-03-05 19:22:37.545 [TestNG-test-Yt Master Tests-2] INFO  [verifyingSideMenuCollapsedLangAsInSettings] Clicking settings ellipses button...
2026-03-05 19:22:37.716 [TestNG-test-Yt Master Tests-2] INFO  [verifyingSideMenuCollapsedLangAsInSettings] [verifyingSideMenuCollapsedLangAsInSettings] Trying to find element: By.xpath: //ytd-topbar-menu-button-renderer[@class='style-scope ytd-masthead style-default']
2026-03-05 19:22:37.771 [TestNG-test-Yt Master Tests-2] INFO  [verifyingSideMenuCollapsedLangAsInSettings] [verifyingSideMenuCollapsedLangAsInSettings] Element found and ready (attempt 1): By.xpath: //ytd-topbar-menu-button-renderer[@class='style-scope ytd-masthead style-default']
2026-03-05 19:22:38.110 [TestNG-test-Yt Master Tests-2] INFO  [verifyingSideMenuCollapsedLangAsInSettings] [verifyingSideMenuCollapsedLangAsInSettings] Waiting until element is visible in viewport
2026-03-05 19:22:38.146 [TestNG-test-Yt Master Tests-2] INFO  [verifyingSideMenuCollapsedLangAsInSettings] [verifyingSideMenuCollapsedLangAsInSettings] Capturing screenshot: Filter Applied is Euskara__2026-03-05_192238.jpg
2026-03-05 19:22:38.580 [TestNG-test-Yt Master Tests-2] INFO  [verifyingSideMenuCollapsedLangAsInSettings] [verifyingSideMenuCollapsedLangAsInSettings] Screenshot saved at: test-output/screenshots/Run_2026-03-05_19-02-45/verifyingSideMenuCollapsedLangAsInSettings/Filter Applied is Euskara__2026-03-05_192238.jpg
2026-03-05 19:22:38.580 [TestNG-test-Yt Master Tests-2] INFO  [verifyingSideMenuCollapsedLangAsInSettings] Clicking settings ellipses button...
2026-03-05 19:22:38.607 [TestNG-test-Yt Master Tests-2] INFO  [verifyingSideMenuCollapsedLangAsInSettings] [verifyingSideMenuCollapsedLangAsInSettings] Trying to find element: By.xpath: //ytd-topbar-menu-button-renderer[@class='style-scope ytd-masthead style-default']
2026-03-05 19:22:38.671 [TestNG-test-Yt Master Tests-2] INFO  [verifyingSideMenuCollapsedLangAsInSettings] [verifyingSideMenuCollapsedLangAsInSettings] Element found and ready (attempt 1): By.xpath: //ytd-topbar-menu-button-renderer[@class='style-scope ytd-masthead style-default']
2026-03-05 19:22:38.752 [TestNG-test-Yt Master Tests-2] INFO  [verifyingSideMenuCollapsedLangAsInSettings] getLangAttribute() - locating <html> and reading lang property
2026-03-05 19:22:38.769 [TestNG-test-Yt Master Tests-2] INFO  [verifyingSideMenuCollapsedLangAsInSettings] Language attribute read: eu-ES
2026-03-05 19:22:38.769 [TestNG-test-Yt Master Tests-2] INFO  [verifyingSideMenuCollapsedLangAsInSettings] Fetching the side menu in collapsed view
2026-03-05 19:22:38.769 [TestNG-test-Yt Master Tests-2] INFO  [verifyingSideMenuCollapsedLangAsInSettings] [verifyingSideMenuCollapsedLangAsInSettings] Finding elements list: By.xpath: //ytd-mini-guide-renderer[@class='style-scope ytd-app']//ytd-mini-guide-entry-renderer
2026-03-05 19:22:38.976 [TestNG-test-Yt Master Tests-2] INFO  [verifyingSideMenuCollapsedLangAsInSettings] [verifyingSideMenuCollapsedLangAsInSettings] Found 4 ready elements (attempt 1): By.xpath: //ytd-mini-guide-renderer[@class='style-scope ytd-app']//ytd-mini-guide-entry-renderer
2026-03-05 19:22:39.065 [TestNG-test-Yt Master Tests-2] INFO  [verifyingSideMenuCollapsedLangAsInSettings] Clicking settings ellipses button...
2026-03-05 19:22:39.158 [TestNG-test-Yt Master Tests-2] INFO  [verifyingSideMenuCollapsedLangAsInSettings] [verifyingSideMenuCollapsedLangAsInSettings] Trying to find element: By.xpath: //ytd-topbar-menu-button-renderer[@class='style-scope ytd-masthead style-default']
2026-03-05 19:22:39.218 [TestNG-test-Yt Master Tests-2] INFO  [verifyingSideMenuCollapsedLangAsInSettings] [verifyingSideMenuCollapsedLangAsInSettings] Element found and ready (attempt 1): By.xpath: //ytd-topbar-menu-button-renderer[@class='style-scope ytd-masthead style-default']
2026-03-05 19:22:39.288 [TestNG-test-Yt Master Tests-2] INFO  [verifyingSideMenuCollapsedLangAsInSettings] Clicking language dropdown...
2026-03-05 19:22:39.288 [TestNG-test-Yt Master Tests-2] INFO  [verifyingSideMenuCollapsedLangAsInSettings] [verifyingSideMenuCollapsedLangAsInSettings] Trying to find element: By.xpath: (//div[@id='content-icon'])[2]
2026-03-05 19:22:39.846 [TestNG-test-Yt Master Tests-2] INFO  [verifyingSideMenuCollapsedLangAsInSettings] [verifyingSideMenuCollapsedLangAsInSettings] Element found and ready (attempt 1): By.xpath: (//div[@id='content-icon'])[2]
2026-03-05 19:22:40.150 [TestNG-test-Yt Master Tests-2] INFO  [verifyingSideMenuCollapsedLangAsInSettings] Looking for language element with name: Français
2026-03-05 19:22:40.151 [TestNG-test-Yt Master Tests-2] INFO  [verifyingSideMenuCollapsedLangAsInSettings] [verifyingSideMenuCollapsedLangAsInSettings] Trying to find element: By.xpath: //yt-multi-page-menu-section-renderer[@class='style-scope ytd-multi-page-menu-renderer']//yt-formatted-string[@id='label' and text()='Français']
2026-03-05 19:22:40.236 [TestNG-test-Yt Master Tests-2] INFO  [verifyingSideMenuCollapsedLangAsInSettings] [verifyingSideMenuCollapsedLangAsInSettings] Element found and ready (attempt 1): By.xpath: //yt-multi-page-menu-section-renderer[@class='style-scope ytd-multi-page-menu-renderer']//yt-formatted-string[@id='label' and text()='Français']
2026-03-05 19:22:40.236 [TestNG-test-Yt Master Tests-2] INFO  [verifyingSideMenuCollapsedLangAsInSettings] [verifyingSideMenuCollapsedLangAsInSettings] Trying to find element: By.xpath: //yt-multi-page-menu-section-renderer[@class='style-scope ytd-multi-page-menu-renderer']//yt-formatted-string[@id='label' and text()='Français']
2026-03-05 19:22:40.288 [TestNG-test-Yt Master Tests-2] INFO  [verifyingSideMenuCollapsedLangAsInSettings] [verifyingSideMenuCollapsedLangAsInSettings] Element found and ready (attempt 1): By.xpath: //yt-multi-page-menu-section-renderer[@class='style-scope ytd-multi-page-menu-renderer']//yt-formatted-string[@id='label' and text()='Français']
2026-03-05 19:22:40.954 [TestNG-test-Yt Master Tests-2] INFO  [verifyingSideMenuCollapsedLangAsInSettings] Clicking settings ellipses button...
2026-03-05 19:22:41.101 [TestNG-test-Yt Master Tests-2] INFO  [verifyingSideMenuCollapsedLangAsInSettings] [verifyingSideMenuCollapsedLangAsInSettings] Trying to find element: By.xpath: //ytd-topbar-menu-button-renderer[@class='style-scope ytd-masthead style-default']
2026-03-05 19:22:41.151 [TestNG-test-Yt Master Tests-2] INFO  [verifyingSideMenuCollapsedLangAsInSettings] [verifyingSideMenuCollapsedLangAsInSettings] Element found and ready (attempt 1): By.xpath: //ytd-topbar-menu-button-renderer[@class='style-scope ytd-masthead style-default']
2026-03-05 19:22:41.343 [TestNG-test-Yt Master Tests-2] INFO  [verifyingSideMenuCollapsedLangAsInSettings] [verifyingSideMenuCollapsedLangAsInSettings] Waiting until element is visible in viewport
2026-03-05 19:22:41.563 [TestNG-test-Yt Master Tests-2] INFO  [verifyingSideMenuCollapsedLangAsInSettings] [verifyingSideMenuCollapsedLangAsInSettings] Capturing screenshot: Filter Applied is Français__2026-03-05_192241.jpg
2026-03-05 19:22:41.834 [TestNG-test-Yt Master Tests-2] INFO  [verifyingSideMenuCollapsedLangAsInSettings] [verifyingSideMenuCollapsedLangAsInSettings] Screenshot saved at: test-output/screenshots/Run_2026-03-05_19-02-45/verifyingSideMenuCollapsedLangAsInSettings/Filter Applied is Français__2026-03-05_192241.jpg
2026-03-05 19:22:41.835 [TestNG-test-Yt Master Tests-2] INFO  [verifyingSideMenuCollapsedLangAsInSettings] Clicking settings ellipses button...
2026-03-05 19:22:41.859 [TestNG-test-Yt Master Tests-2] INFO  [verifyingSideMenuCollapsedLangAsInSettings] [verifyingSideMenuCollapsedLangAsInSettings] Trying to find element: By.xpath: //ytd-topbar-menu-button-renderer[@class='style-scope ytd-masthead style-default']
2026-03-05 19:22:41.905 [TestNG-test-Yt Master Tests-2] INFO  [verifyingSideMenuCollapsedLangAsInSettings] [verifyingSideMenuCollapsedLangAsInSettings] Element found and ready (attempt 1): By.xpath: //ytd-topbar-menu-button-renderer[@class='style-scope ytd-masthead style-default']
2026-03-05 19:22:41.958 [TestNG-test-Yt Master Tests-2] INFO  [verifyingSideMenuCollapsedLangAsInSettings] getLangAttribute() - locating <html> and reading lang property
2026-03-05 19:22:41.972 [TestNG-test-Yt Master Tests-2] INFO  [verifyingSideMenuCollapsedLangAsInSettings] Language attribute read: fr-FR
2026-03-05 19:22:41.972 [TestNG-test-Yt Master Tests-2] INFO  [verifyingSideMenuCollapsedLangAsInSettings] Fetching the side menu in collapsed view
2026-03-05 19:22:41.972 [TestNG-test-Yt Master Tests-2] INFO  [verifyingSideMenuCollapsedLangAsInSettings] [verifyingSideMenuCollapsedLangAsInSettings] Finding elements list: By.xpath: //ytd-mini-guide-renderer[@class='style-scope ytd-app']//ytd-mini-guide-entry-renderer
2026-03-05 19:22:42.029 [TestNG-test-Yt Master Tests-2] INFO  [verifyingSideMenuCollapsedLangAsInSettings] [verifyingSideMenuCollapsedLangAsInSettings] Found 4 ready elements (attempt 1): By.xpath: //ytd-mini-guide-renderer[@class='style-scope ytd-app']//ytd-mini-guide-entry-renderer
2026-03-05 19:22:42.116 [TestNG-test-Yt Master Tests-2] INFO  [verifyingSideMenuCollapsedLangAsInSettings] Clicking settings ellipses button...
2026-03-05 19:22:42.136 [TestNG-test-Yt Master Tests-2] INFO  [verifyingSideMenuCollapsedLangAsInSettings] [verifyingSideMenuCollapsedLangAsInSettings] Trying to find element: By.xpath: //ytd-topbar-menu-button-renderer[@class='style-scope ytd-masthead style-default']
2026-03-05 19:22:42.187 [TestNG-test-Yt Master Tests-2] INFO  [verifyingSideMenuCollapsedLangAsInSettings] [verifyingSideMenuCollapsedLangAsInSettings] Element found and ready (attempt 1): By.xpath: //ytd-topbar-menu-button-renderer[@class='style-scope ytd-masthead style-default']
2026-03-05 19:22:42.250 [TestNG-test-Yt Master Tests-2] INFO  [verifyingSideMenuCollapsedLangAsInSettings] Clicking language dropdown...
2026-03-05 19:22:42.250 [TestNG-test-Yt Master Tests-2] INFO  [verifyingSideMenuCollapsedLangAsInSettings] [verifyingSideMenuCollapsedLangAsInSettings] Trying to find element: By.xpath: (//div[@id='content-icon'])[2]
2026-03-05 19:22:42.806 [TestNG-test-Yt Master Tests-2] INFO  [verifyingSideMenuCollapsedLangAsInSettings] [verifyingSideMenuCollapsedLangAsInSettings] Element found and ready (attempt 1): By.xpath: (//div[@id='content-icon'])[2]
2026-03-05 19:22:43.103 [TestNG-test-Yt Master Tests-2] INFO  [verifyingSideMenuCollapsedLangAsInSettings] Looking for language element with name: Français (Canada)
2026-03-05 19:22:43.103 [TestNG-test-Yt Master Tests-2] INFO  [verifyingSideMenuCollapsedLangAsInSettings] [verifyingSideMenuCollapsedLangAsInSettings] Trying to find element: By.xpath: //yt-multi-page-menu-section-renderer[@class='style-scope ytd-multi-page-menu-renderer']//yt-formatted-string[@id='label' and text()='Français (Canada)']
2026-03-05 19:22:43.185 [TestNG-test-Yt Master Tests-2] INFO  [verifyingSideMenuCollapsedLangAsInSettings] [verifyingSideMenuCollapsedLangAsInSettings] Element found and ready (attempt 1): By.xpath: //yt-multi-page-menu-section-renderer[@class='style-scope ytd-multi-page-menu-renderer']//yt-formatted-string[@id='label' and text()='Français (Canada)']
2026-03-05 19:22:43.185 [TestNG-test-Yt Master Tests-2] INFO  [verifyingSideMenuCollapsedLangAsInSettings] [verifyingSideMenuCollapsedLangAsInSettings] Trying to find element: By.xpath: //yt-multi-page-menu-section-renderer[@class='style-scope ytd-multi-page-menu-renderer']//yt-formatted-string[@id='label' and text()='Français (Canada)']
2026-03-05 19:22:43.237 [TestNG-test-Yt Master Tests-2] INFO  [verifyingSideMenuCollapsedLangAsInSettings] [verifyingSideMenuCollapsedLangAsInSettings] Element found and ready (attempt 1): By.xpath: //yt-multi-page-menu-section-renderer[@class='style-scope ytd-multi-page-menu-renderer']//yt-formatted-string[@id='label' and text()='Français (Canada)']
2026-03-05 19:22:43.898 [TestNG-test-Yt Master Tests-2] INFO  [verifyingSideMenuCollapsedLangAsInSettings] Clicking settings ellipses button...
2026-03-05 19:22:44.061 [TestNG-test-Yt Master Tests-2] INFO  [verifyingSideMenuCollapsedLangAsInSettings] [verifyingSideMenuCollapsedLangAsInSettings] Trying to find element: By.xpath: //ytd-topbar-menu-button-renderer[@class='style-scope ytd-masthead style-default']
2026-03-05 19:22:44.108 [TestNG-test-Yt Master Tests-2] INFO  [verifyingSideMenuCollapsedLangAsInSettings] [verifyingSideMenuCollapsedLangAsInSettings] Element found and ready (attempt 1): By.xpath: //ytd-topbar-menu-button-renderer[@class='style-scope ytd-masthead style-default']
2026-03-05 19:22:44.289 [TestNG-test-Yt Master Tests-2] INFO  [verifyingSideMenuCollapsedLangAsInSettings] [verifyingSideMenuCollapsedLangAsInSettings] Waiting until element is visible in viewport
2026-03-05 19:22:44.472 [TestNG-test-Yt Master Tests-2] INFO  [verifyingSideMenuCollapsedLangAsInSettings] [verifyingSideMenuCollapsedLangAsInSettings] Capturing screenshot: Filter Applied is Français (Canada)__2026-03-05_192244.jpg
2026-03-05 19:22:44.739 [TestNG-test-Yt Master Tests-2] INFO  [verifyingSideMenuCollapsedLangAsInSettings] [verifyingSideMenuCollapsedLangAsInSettings] Screenshot saved at: test-output/screenshots/Run_2026-03-05_19-02-45/verifyingSideMenuCollapsedLangAsInSettings/Filter Applied is Français (Canada)__2026-03-05_192244.jpg
2026-03-05 19:22:44.739 [TestNG-test-Yt Master Tests-2] INFO  [verifyingSideMenuCollapsedLangAsInSettings] Clicking settings ellipses button...
2026-03-05 19:22:44.759 [TestNG-test-Yt Master Tests-2] INFO  [verifyingSideMenuCollapsedLangAsInSettings] [verifyingSideMenuCollapsedLangAsInSettings] Trying to find element: By.xpath: //ytd-topbar-menu-button-renderer[@class='style-scope ytd-masthead style-default']
2026-03-05 19:22:44.806 [TestNG-test-Yt Master Tests-2] INFO  [verifyingSideMenuCollapsedLangAsInSettings] [verifyingSideMenuCollapsedLangAsInSettings] Element found and ready (attempt 1): By.xpath: //ytd-topbar-menu-button-renderer[@class='style-scope ytd-masthead style-default']
2026-03-05 19:22:44.851 [TestNG-test-Yt Master Tests-2] INFO  [verifyingSideMenuCollapsedLangAsInSettings] getLangAttribute() - locating <html> and reading lang property
2026-03-05 19:22:44.864 [TestNG-test-Yt Master Tests-2] INFO  [verifyingSideMenuCollapsedLangAsInSettings] Language attribute read: fr-CA
2026-03-05 19:22:44.864 [TestNG-test-Yt Master Tests-2] INFO  [verifyingSideMenuCollapsedLangAsInSettings] Fetching the side menu in collapsed view
2026-03-05 19:22:44.864 [TestNG-test-Yt Master Tests-2] INFO  [verifyingSideMenuCollapsedLangAsInSettings] [verifyingSideMenuCollapsedLangAsInSettings] Finding elements list: By.xpath: //ytd-mini-guide-renderer[@class='style-scope ytd-app']//ytd-mini-guide-entry-renderer
2026-03-05 19:22:44.918 [TestNG-test-Yt Master Tests-2] INFO  [verifyingSideMenuCollapsedLangAsInSettings] [verifyingSideMenuCollapsedLangAsInSettings] Found 4 ready elements (attempt 1): By.xpath: //ytd-mini-guide-renderer[@class='style-scope ytd-app']//ytd-mini-guide-entry-renderer
2026-03-05 19:22:44.990 [TestNG-test-Yt Master Tests-2] INFO  [verifyingSideMenuCollapsedLangAsInSettings] Clicking settings ellipses button...
2026-03-05 19:22:45.008 [TestNG-test-Yt Master Tests-2] INFO  [verifyingSideMenuCollapsedLangAsInSettings] [verifyingSideMenuCollapsedLangAsInSettings] Trying to find element: By.xpath: //ytd-topbar-menu-button-renderer[@class='style-scope ytd-masthead style-default']
2026-03-05 19:22:45.056 [TestNG-test-Yt Master Tests-2] INFO  [verifyingSideMenuCollapsedLangAsInSettings] [verifyingSideMenuCollapsedLangAsInSettings] Element found and ready (attempt 1): By.xpath: //ytd-topbar-menu-button-renderer[@class='style-scope ytd-masthead style-default']
2026-03-05 19:22:45.117 [TestNG-test-Yt Master Tests-2] INFO  [verifyingSideMenuCollapsedLangAsInSettings] Clicking language dropdown...
2026-03-05 19:22:45.117 [TestNG-test-Yt Master Tests-2] INFO  [verifyingSideMenuCollapsedLangAsInSettings] [verifyingSideMenuCollapsedLangAsInSettings] Trying to find element: By.xpath: (//div[@id='content-icon'])[2]
2026-03-05 19:22:45.673 [TestNG-test-Yt Master Tests-2] INFO  [verifyingSideMenuCollapsedLangAsInSettings] [verifyingSideMenuCollapsedLangAsInSettings] Element found and ready (attempt 1): By.xpath: (//div[@id='content-icon'])[2]
2026-03-05 19:22:45.977 [TestNG-test-Yt Master Tests-2] INFO  [verifyingSideMenuCollapsedLangAsInSettings] Looking for language element with name: Hrvatski
2026-03-05 19:22:45.977 [TestNG-test-Yt Master Tests-2] INFO  [verifyingSideMenuCollapsedLangAsInSettings] [verifyingSideMenuCollapsedLangAsInSettings] Trying to find element: By.xpath: //yt-multi-page-menu-section-renderer[@class='style-scope ytd-multi-page-menu-renderer']//yt-formatted-string[@id='label' and text()='Hrvatski']
2026-03-05 19:22:46.054 [TestNG-test-Yt Master Tests-2] INFO  [verifyingSideMenuCollapsedLangAsInSettings] [verifyingSideMenuCollapsedLangAsInSettings] Element found and ready (attempt 1): By.xpath: //yt-multi-page-menu-section-renderer[@class='style-scope ytd-multi-page-menu-renderer']//yt-formatted-string[@id='label' and text()='Hrvatski']
2026-03-05 19:22:46.055 [TestNG-test-Yt Master Tests-2] INFO  [verifyingSideMenuCollapsedLangAsInSettings] [verifyingSideMenuCollapsedLangAsInSettings] Trying to find element: By.xpath: //yt-multi-page-menu-section-renderer[@class='style-scope ytd-multi-page-menu-renderer']//yt-formatted-string[@id='label' and text()='Hrvatski']
2026-03-05 19:22:46.103 [TestNG-test-Yt Master Tests-2] INFO  [verifyingSideMenuCollapsedLangAsInSettings] [verifyingSideMenuCollapsedLangAsInSettings] Element found and ready (attempt 1): By.xpath: //yt-multi-page-menu-section-renderer[@class='style-scope ytd-multi-page-menu-renderer']//yt-formatted-string[@id='label' and text()='Hrvatski']
2026-03-05 19:22:46.751 [TestNG-test-Yt Master Tests-2] INFO  [verifyingSideMenuCollapsedLangAsInSettings] Clicking settings ellipses button...
2026-03-05 19:22:46.896 [TestNG-test-Yt Master Tests-2] INFO  [verifyingSideMenuCollapsedLangAsInSettings] [verifyingSideMenuCollapsedLangAsInSettings] Trying to find element: By.xpath: //ytd-topbar-menu-button-renderer[@class='style-scope ytd-masthead style-default']
2026-03-05 19:22:46.941 [TestNG-test-Yt Master Tests-2] INFO  [verifyingSideMenuCollapsedLangAsInSettings] [verifyingSideMenuCollapsedLangAsInSettings] Element found and ready (attempt 1): By.xpath: //ytd-topbar-menu-button-renderer[@class='style-scope ytd-masthead style-default']
2026-03-05 19:22:47.120 [TestNG-test-Yt Master Tests-2] INFO  [verifyingSideMenuCollapsedLangAsInSettings] [verifyingSideMenuCollapsedLangAsInSettings] Waiting until element is visible in viewport
2026-03-05 19:22:47.319 [TestNG-test-Yt Master Tests-2] INFO  [verifyingSideMenuCollapsedLangAsInSettings] [verifyingSideMenuCollapsedLangAsInSettings] Capturing screenshot: Filter Applied is Hrvatski__2026-03-05_192247.jpg
2026-03-05 19:22:47.585 [TestNG-test-Yt Master Tests-2] INFO  [verifyingSideMenuCollapsedLangAsInSettings] [verifyingSideMenuCollapsedLangAsInSettings] Screenshot saved at: test-output/screenshots/Run_2026-03-05_19-02-45/verifyingSideMenuCollapsedLangAsInSettings/Filter Applied is Hrvatski__2026-03-05_192247.jpg
2026-03-05 19:22:47.585 [TestNG-test-Yt Master Tests-2] INFO  [verifyingSideMenuCollapsedLangAsInSettings] Clicking settings ellipses button...
2026-03-05 19:22:47.604 [TestNG-test-Yt Master Tests-2] INFO  [verifyingSideMenuCollapsedLangAsInSettings] [verifyingSideMenuCollapsedLangAsInSettings] Trying to find element: By.xpath: //ytd-topbar-menu-button-renderer[@class='style-scope ytd-masthead style-default']
2026-03-05 19:22:47.650 [TestNG-test-Yt Master Tests-2] INFO  [verifyingSideMenuCollapsedLangAsInSettings] [verifyingSideMenuCollapsedLangAsInSettings] Element found and ready (attempt 1): By.xpath: //ytd-topbar-menu-button-renderer[@class='style-scope ytd-masthead style-default']
2026-03-05 19:22:47.699 [TestNG-test-Yt Master Tests-2] INFO  [verifyingSideMenuCollapsedLangAsInSettings] getLangAttribute() - locating <html> and reading lang property
2026-03-05 19:22:47.711 [TestNG-test-Yt Master Tests-2] INFO  [verifyingSideMenuCollapsedLangAsInSettings] Language attribute read: hr-HR
2026-03-05 19:22:47.711 [TestNG-test-Yt Master Tests-2] INFO  [verifyingSideMenuCollapsedLangAsInSettings] Fetching the side menu in collapsed view
2026-03-05 19:22:47.711 [TestNG-test-Yt Master Tests-2] INFO  [verifyingSideMenuCollapsedLangAsInSettings] [verifyingSideMenuCollapsedLangAsInSettings] Finding elements list: By.xpath: //ytd-mini-guide-renderer[@class='style-scope ytd-app']//ytd-mini-guide-entry-renderer
2026-03-05 19:22:47.768 [TestNG-test-Yt Master Tests-2] INFO  [verifyingSideMenuCollapsedLangAsInSettings] [verifyingSideMenuCollapsedLangAsInSettings] Found 4 ready elements (attempt 1): By.xpath: //ytd-mini-guide-renderer[@class='style-scope ytd-app']//ytd-mini-guide-entry-renderer
2026-03-05 19:22:47.838 [TestNG-test-Yt Master Tests-2] INFO  [verifyingSideMenuCollapsedLangAsInSettings] Clicking settings ellipses button...
2026-03-05 19:22:47.857 [TestNG-test-Yt Master Tests-2] INFO  [verifyingSideMenuCollapsedLangAsInSettings] [verifyingSideMenuCollapsedLangAsInSettings] Trying to find element: By.xpath: //ytd-topbar-menu-button-renderer[@class='style-scope ytd-masthead style-default']
2026-03-05 19:22:47.908 [TestNG-test-Yt Master Tests-2] INFO  [verifyingSideMenuCollapsedLangAsInSettings] [verifyingSideMenuCollapsedLangAsInSettings] Element found and ready (attempt 1): By.xpath: //ytd-topbar-menu-button-renderer[@class='style-scope ytd-masthead style-default']
2026-03-05 19:22:47.969 [TestNG-test-Yt Master Tests-2] INFO  [verifyingSideMenuCollapsedLangAsInSettings] Clicking language dropdown...
2026-03-05 19:22:47.969 [TestNG-test-Yt Master Tests-2] INFO  [verifyingSideMenuCollapsedLangAsInSettings] [verifyingSideMenuCollapsedLangAsInSettings] Trying to find element: By.xpath: (//div[@id='content-icon'])[2]
2026-03-05 19:22:48.526 [TestNG-test-Yt Master Tests-2] INFO  [verifyingSideMenuCollapsedLangAsInSettings] [verifyingSideMenuCollapsedLangAsInSettings] Element found and ready (attempt 1): By.xpath: (//div[@id='content-icon'])[2]
2026-03-05 19:22:48.857 [TestNG-test-Yt Master Tests-2] INFO  [verifyingSideMenuCollapsedLangAsInSettings] Looking for language element with name: Íslenska
2026-03-05 19:22:48.858 [TestNG-test-Yt Master Tests-2] INFO  [verifyingSideMenuCollapsedLangAsInSettings] [verifyingSideMenuCollapsedLangAsInSettings] Trying to find element: By.xpath: //yt-multi-page-menu-section-renderer[@class='style-scope ytd-multi-page-menu-renderer']//yt-formatted-string[@id='label' and text()='Íslenska']
2026-03-05 19:22:48.938 [TestNG-test-Yt Master Tests-2] INFO  [verifyingSideMenuCollapsedLangAsInSettings] [verifyingSideMenuCollapsedLangAsInSettings] Element found and ready (attempt 1): By.xpath: //yt-multi-page-menu-section-renderer[@class='style-scope ytd-multi-page-menu-renderer']//yt-formatted-string[@id='label' and text()='Íslenska']
2026-03-05 19:22:48.938 [TestNG-test-Yt Master Tests-2] INFO  [verifyingSideMenuCollapsedLangAsInSettings] [verifyingSideMenuCollapsedLangAsInSettings] Trying to find element: By.xpath: //yt-multi-page-menu-section-renderer[@class='style-scope ytd-multi-page-menu-renderer']//yt-formatted-string[@id='label' and text()='Íslenska']
2026-03-05 19:22:48.989 [TestNG-test-Yt Master Tests-2] INFO  [verifyingSideMenuCollapsedLangAsInSettings] [verifyingSideMenuCollapsedLangAsInSettings] Element found and ready (attempt 1): By.xpath: //yt-multi-page-menu-section-renderer[@class='style-scope ytd-multi-page-menu-renderer']//yt-formatted-string[@id='label' and text()='Íslenska']
2026-03-05 19:22:49.782 [TestNG-test-Yt Master Tests-2] INFO  [verifyingSideMenuCollapsedLangAsInSettings] Clicking settings ellipses button...
2026-03-05 19:22:49.997 [TestNG-test-Yt Master Tests-2] INFO  [verifyingSideMenuCollapsedLangAsInSettings] [verifyingSideMenuCollapsedLangAsInSettings] Trying to find element: By.xpath: //ytd-topbar-menu-button-renderer[@class='style-scope ytd-masthead style-default']
2026-03-05 19:22:50.074 [TestNG-test-Yt Master Tests-2] INFO  [verifyingSideMenuCollapsedLangAsInSettings] [verifyingSideMenuCollapsedLangAsInSettings] Element found and ready (attempt 1): By.xpath: //ytd-topbar-menu-button-renderer[@class='style-scope ytd-masthead style-default']
2026-03-05 19:22:50.339 [TestNG-test-Yt Master Tests-2] INFO  [verifyingSideMenuCollapsedLangAsInSettings] [verifyingSideMenuCollapsedLangAsInSettings] Waiting until element is visible in viewport
2026-03-05 19:22:50.696 [TestNG-test-Yt Master Tests-2] INFO  [verifyingSideMenuCollapsedLangAsInSettings] [verifyingSideMenuCollapsedLangAsInSettings] Capturing screenshot: Filter Applied is Íslenska__2026-03-05_192250.jpg
2026-03-05 19:22:51.125 [TestNG-test-Yt Master Tests-2] INFO  [verifyingSideMenuCollapsedLangAsInSettings] [verifyingSideMenuCollapsedLangAsInSettings] Screenshot saved at: test-output/screenshots/Run_2026-03-05_19-02-45/verifyingSideMenuCollapsedLangAsInSettings/Filter Applied is Íslenska__2026-03-05_192250.jpg
2026-03-05 19:22:51.125 [TestNG-test-Yt Master Tests-2] INFO  [verifyingSideMenuCollapsedLangAsInSettings] Clicking settings ellipses button...
2026-03-05 19:22:51.149 [TestNG-test-Yt Master Tests-2] INFO  [verifyingSideMenuCollapsedLangAsInSettings] [verifyingSideMenuCollapsedLangAsInSettings] Trying to find element: By.xpath: //ytd-topbar-menu-button-renderer[@class='style-scope ytd-masthead style-default']
2026-03-05 19:22:51.219 [TestNG-test-Yt Master Tests-2] INFO  [verifyingSideMenuCollapsedLangAsInSettings] [verifyingSideMenuCollapsedLangAsInSettings] Element found and ready (attempt 1): By.xpath: //ytd-topbar-menu-button-renderer[@class='style-scope ytd-masthead style-default']
2026-03-05 19:22:51.285 [TestNG-test-Yt Master Tests-2] INFO  [verifyingSideMenuCollapsedLangAsInSettings] getLangAttribute() - locating <html> and reading lang property
2026-03-05 19:22:51.307 [TestNG-test-Yt Master Tests-2] INFO  [verifyingSideMenuCollapsedLangAsInSettings] Language attribute read: is-IS
2026-03-05 19:22:51.307 [TestNG-test-Yt Master Tests-2] INFO  [verifyingSideMenuCollapsedLangAsInSettings] Fetching the side menu in collapsed view
2026-03-05 19:22:51.307 [TestNG-test-Yt Master Tests-2] INFO  [verifyingSideMenuCollapsedLangAsInSettings] [verifyingSideMenuCollapsedLangAsInSettings] Finding elements list: By.xpath: //ytd-mini-guide-renderer[@class='style-scope ytd-app']//ytd-mini-guide-entry-renderer
2026-03-05 19:22:51.383 [TestNG-test-Yt Master Tests-2] INFO  [verifyingSideMenuCollapsedLangAsInSettings] [verifyingSideMenuCollapsedLangAsInSettings] Found 4 ready elements (attempt 1): By.xpath: //ytd-mini-guide-renderer[@class='style-scope ytd-app']//ytd-mini-guide-entry-renderer
2026-03-05 19:22:51.484 [TestNG-test-Yt Master Tests-2] INFO  [verifyingSideMenuCollapsedLangAsInSettings] Clicking settings ellipses button...
2026-03-05 19:22:51.508 [TestNG-test-Yt Master Tests-2] INFO  [verifyingSideMenuCollapsedLangAsInSettings] [verifyingSideMenuCollapsedLangAsInSettings] Trying to find element: By.xpath: //ytd-topbar-menu-button-renderer[@class='style-scope ytd-masthead style-default']
2026-03-05 19:22:51.584 [TestNG-test-Yt Master Tests-2] INFO  [verifyingSideMenuCollapsedLangAsInSettings] [verifyingSideMenuCollapsedLangAsInSettings] Element found and ready (attempt 1): By.xpath: //ytd-topbar-menu-button-renderer[@class='style-scope ytd-masthead style-default']
2026-03-05 19:22:51.667 [TestNG-test-Yt Master Tests-2] INFO  [verifyingSideMenuCollapsedLangAsInSettings] Clicking language dropdown...
2026-03-05 19:22:51.667 [TestNG-test-Yt Master Tests-2] INFO  [verifyingSideMenuCollapsedLangAsInSettings] [verifyingSideMenuCollapsedLangAsInSettings] Trying to find element: By.xpath: (//div[@id='content-icon'])[2]
2026-03-05 19:22:52.271 [TestNG-test-Yt Master Tests-2] INFO  [verifyingSideMenuCollapsedLangAsInSettings] [verifyingSideMenuCollapsedLangAsInSettings] Element found and ready (attempt 1): By.xpath: (//div[@id='content-icon'])[2]
2026-03-05 19:22:52.743 [TestNG-test-Yt Master Tests-2] INFO  [verifyingSideMenuCollapsedLangAsInSettings] Looking for language element with name: Italiano
2026-03-05 19:22:52.743 [TestNG-test-Yt Master Tests-2] INFO  [verifyingSideMenuCollapsedLangAsInSettings] [verifyingSideMenuCollapsedLangAsInSettings] Trying to find element: By.xpath: //yt-multi-page-menu-section-renderer[@class='style-scope ytd-multi-page-menu-renderer']//yt-formatted-string[@id='label' and text()='Italiano']
2026-03-05 19:22:52.865 [TestNG-test-Yt Master Tests-2] INFO  [verifyingSideMenuCollapsedLangAsInSettings] [verifyingSideMenuCollapsedLangAsInSettings] Element found and ready (attempt 1): By.xpath: //yt-multi-page-menu-section-renderer[@class='style-scope ytd-multi-page-menu-renderer']//yt-formatted-string[@id='label' and text()='Italiano']
2026-03-05 19:22:52.865 [TestNG-test-Yt Master Tests-2] INFO  [verifyingSideMenuCollapsedLangAsInSettings] [verifyingSideMenuCollapsedLangAsInSettings] Trying to find element: By.xpath: //yt-multi-page-menu-section-renderer[@class='style-scope ytd-multi-page-menu-renderer']//yt-formatted-string[@id='label' and text()='Italiano']
2026-03-05 19:22:52.935 [TestNG-test-Yt Master Tests-2] INFO  [verifyingSideMenuCollapsedLangAsInSettings] [verifyingSideMenuCollapsedLangAsInSettings] Element found and ready (attempt 1): By.xpath: //yt-multi-page-menu-section-renderer[@class='style-scope ytd-multi-page-menu-renderer']//yt-formatted-string[@id='label' and text()='Italiano']
2026-03-05 19:22:53.952 [TestNG-test-Yt Master Tests-2] INFO  [verifyingSideMenuCollapsedLangAsInSettings] Clicking settings ellipses button...
2026-03-05 19:22:54.035 [TestNG-test-Yt Master Tests-2] INFO  [verifyingSideMenuCollapsedLangAsInSettings] [verifyingSideMenuCollapsedLangAsInSettings] Trying to find element: By.xpath: //ytd-topbar-menu-button-renderer[@class='style-scope ytd-masthead style-default']
2026-03-05 19:22:54.097 [TestNG-test-Yt Master Tests-2] INFO  [verifyingSideMenuCollapsedLangAsInSettings] [verifyingSideMenuCollapsedLangAsInSettings] Element found and ready (attempt 1): By.xpath: //ytd-topbar-menu-button-renderer[@class='style-scope ytd-masthead style-default']
2026-03-05 19:22:54.462 [TestNG-test-Yt Master Tests-2] INFO  [verifyingSideMenuCollapsedLangAsInSettings] [verifyingSideMenuCollapsedLangAsInSettings] Waiting until element is visible in viewport
2026-03-05 19:22:54.589 [TestNG-test-Yt Master Tests-2] INFO  [verifyingSideMenuCollapsedLangAsInSettings] [verifyingSideMenuCollapsedLangAsInSettings] Capturing screenshot: Filter Applied is Italiano__2026-03-05_192254.jpg
2026-03-05 19:22:54.837 [TestNG-test-Yt Master Tests-2] INFO  [verifyingSideMenuCollapsedLangAsInSettings] [verifyingSideMenuCollapsedLangAsInSettings] Screenshot saved at: test-output/screenshots/Run_2026-03-05_19-02-45/verifyingSideMenuCollapsedLangAsInSettings/Filter Applied is Italiano__2026-03-05_192254.jpg
2026-03-05 19:22:54.837 [TestNG-test-Yt Master Tests-2] INFO  [verifyingSideMenuCollapsedLangAsInSettings] Clicking settings ellipses button...
2026-03-05 19:22:54.855 [TestNG-test-Yt Master Tests-2] INFO  [verifyingSideMenuCollapsedLangAsInSettings] [verifyingSideMenuCollapsedLangAsInSettings] Trying to find element: By.xpath: //ytd-topbar-menu-button-renderer[@class='style-scope ytd-masthead style-default']
2026-03-05 19:22:54.905 [TestNG-test-Yt Master Tests-2] INFO  [verifyingSideMenuCollapsedLangAsInSettings] [verifyingSideMenuCollapsedLangAsInSettings] Element found and ready (attempt 1): By.xpath: //ytd-topbar-menu-button-renderer[@class='style-scope ytd-masthead style-default']
2026-03-05 19:22:54.965 [TestNG-test-Yt Master Tests-2] INFO  [verifyingSideMenuCollapsedLangAsInSettings] getLangAttribute() - locating <html> and reading lang property
2026-03-05 19:22:54.978 [TestNG-test-Yt Master Tests-2] INFO  [verifyingSideMenuCollapsedLangAsInSettings] Language attribute read: it-IT
2026-03-05 19:22:54.978 [TestNG-test-Yt Master Tests-2] INFO  [verifyingSideMenuCollapsedLangAsInSettings] Fetching the side menu in collapsed view
2026-03-05 19:22:54.978 [TestNG-test-Yt Master Tests-2] INFO  [verifyingSideMenuCollapsedLangAsInSettings] [verifyingSideMenuCollapsedLangAsInSettings] Finding elements list: By.xpath: //ytd-mini-guide-renderer[@class='style-scope ytd-app']//ytd-mini-guide-entry-renderer
2026-03-05 19:22:55.035 [TestNG-test-Yt Master Tests-2] INFO  [verifyingSideMenuCollapsedLangAsInSettings] [verifyingSideMenuCollapsedLangAsInSettings] Found 4 ready elements (attempt 1): By.xpath: //ytd-mini-guide-renderer[@class='style-scope ytd-app']//ytd-mini-guide-entry-renderer
2026-03-05 19:22:55.102 [TestNG-test-Yt Master Tests-2] INFO  [verifyingSideMenuCollapsedLangAsInSettings] Clicking settings ellipses button...
2026-03-05 19:22:55.121 [TestNG-test-Yt Master Tests-2] INFO  [verifyingSideMenuCollapsedLangAsInSettings] [verifyingSideMenuCollapsedLangAsInSettings] Trying to find element: By.xpath: //ytd-topbar-menu-button-renderer[@class='style-scope ytd-masthead style-default']
2026-03-05 19:22:55.175 [TestNG-test-Yt Master Tests-2] INFO  [verifyingSideMenuCollapsedLangAsInSettings] [verifyingSideMenuCollapsedLangAsInSettings] Element found and ready (attempt 1): By.xpath: //ytd-topbar-menu-button-renderer[@class='style-scope ytd-masthead style-default']
2026-03-05 19:22:55.253 [TestNG-test-Yt Master Tests-2] INFO  [verifyingSideMenuCollapsedLangAsInSettings] Clicking language dropdown...
2026-03-05 19:22:55.253 [TestNG-test-Yt Master Tests-2] INFO  [verifyingSideMenuCollapsedLangAsInSettings] [verifyingSideMenuCollapsedLangAsInSettings] Trying to find element: By.xpath: (//div[@id='content-icon'])[2]
2026-03-05 19:22:55.811 [TestNG-test-Yt Master Tests-2] INFO  [verifyingSideMenuCollapsedLangAsInSettings] [verifyingSideMenuCollapsedLangAsInSettings] Element found and ready (attempt 1): By.xpath: (//div[@id='content-icon'])[2]
2026-03-05 19:22:56.095 [TestNG-test-Yt Master Tests-2] INFO  [verifyingSideMenuCollapsedLangAsInSettings] Looking for language element with name: Latviešu valoda
2026-03-05 19:22:56.095 [TestNG-test-Yt Master Tests-2] INFO  [verifyingSideMenuCollapsedLangAsInSettings] [verifyingSideMenuCollapsedLangAsInSettings] Trying to find element: By.xpath: //yt-multi-page-menu-section-renderer[@class='style-scope ytd-multi-page-menu-renderer']//yt-formatted-string[@id='label' and text()='Latviešu valoda']
2026-03-05 19:22:56.191 [TestNG-test-Yt Master Tests-2] INFO  [verifyingSideMenuCollapsedLangAsInSettings] [verifyingSideMenuCollapsedLangAsInSettings] Element found and ready (attempt 1): By.xpath: //yt-multi-page-menu-section-renderer[@class='style-scope ytd-multi-page-menu-renderer']//yt-formatted-string[@id='label' and text()='Latviešu valoda']
2026-03-05 19:22:56.191 [TestNG-test-Yt Master Tests-2] INFO  [verifyingSideMenuCollapsedLangAsInSettings] [verifyingSideMenuCollapsedLangAsInSettings] Trying to find element: By.xpath: //yt-multi-page-menu-section-renderer[@class='style-scope ytd-multi-page-menu-renderer']//yt-formatted-string[@id='label' and text()='Latviešu valoda']
2026-03-05 19:22:56.248 [TestNG-test-Yt Master Tests-2] INFO  [verifyingSideMenuCollapsedLangAsInSettings] [verifyingSideMenuCollapsedLangAsInSettings] Element found and ready (attempt 1): By.xpath: //yt-multi-page-menu-section-renderer[@class='style-scope ytd-multi-page-menu-renderer']//yt-formatted-string[@id='label' and text()='Latviešu valoda']
2026-03-05 19:22:56.922 [TestNG-test-Yt Master Tests-2] INFO  [verifyingSideMenuCollapsedLangAsInSettings] Clicking settings ellipses button...
2026-03-05 19:22:57.073 [TestNG-test-Yt Master Tests-2] INFO  [verifyingSideMenuCollapsedLangAsInSettings] [verifyingSideMenuCollapsedLangAsInSettings] Trying to find element: By.xpath: //ytd-topbar-menu-button-renderer[@class='style-scope ytd-masthead style-default']
2026-03-05 19:22:57.126 [TestNG-test-Yt Master Tests-2] INFO  [verifyingSideMenuCollapsedLangAsInSettings] [verifyingSideMenuCollapsedLangAsInSettings] Element found and ready (attempt 1): By.xpath: //ytd-topbar-menu-button-renderer[@class='style-scope ytd-masthead style-default']
2026-03-05 19:22:57.403 [TestNG-test-Yt Master Tests-2] INFO  [verifyingSideMenuCollapsedLangAsInSettings] [verifyingSideMenuCollapsedLangAsInSettings] Waiting until element is visible in viewport
2026-03-05 19:22:57.511 [TestNG-test-Yt Master Tests-2] INFO  [verifyingSideMenuCollapsedLangAsInSettings] [verifyingSideMenuCollapsedLangAsInSettings] Capturing screenshot: Filter Applied is Latviešu valoda__2026-03-05_192257.jpg
2026-03-05 19:22:57.802 [TestNG-test-Yt Master Tests-2] INFO  [verifyingSideMenuCollapsedLangAsInSettings] [verifyingSideMenuCollapsedLangAsInSettings] Screenshot saved at: test-output/screenshots/Run_2026-03-05_19-02-45/verifyingSideMenuCollapsedLangAsInSettings/Filter Applied is Latviešu valoda__2026-03-05_192257.jpg
2026-03-05 19:22:57.802 [TestNG-test-Yt Master Tests-2] INFO  [verifyingSideMenuCollapsedLangAsInSettings] Clicking settings ellipses button...
2026-03-05 19:22:57.824 [TestNG-test-Yt Master Tests-2] INFO  [verifyingSideMenuCollapsedLangAsInSettings] [verifyingSideMenuCollapsedLangAsInSettings] Trying to find element: By.xpath: //ytd-topbar-menu-button-renderer[@class='style-scope ytd-masthead style-default']
2026-03-05 19:22:57.869 [TestNG-test-Yt Master Tests-2] INFO  [verifyingSideMenuCollapsedLangAsInSettings] [verifyingSideMenuCollapsedLangAsInSettings] Element found and ready (attempt 1): By.xpath: //ytd-topbar-menu-button-renderer[@class='style-scope ytd-masthead style-default']
2026-03-05 19:22:57.915 [TestNG-test-Yt Master Tests-2] INFO  [verifyingSideMenuCollapsedLangAsInSettings] getLangAttribute() - locating <html> and reading lang property
2026-03-05 19:22:57.927 [TestNG-test-Yt Master Tests-2] INFO  [verifyingSideMenuCollapsedLangAsInSettings] Language attribute read: lv-LV
2026-03-05 19:22:57.927 [TestNG-test-Yt Master Tests-2] INFO  [verifyingSideMenuCollapsedLangAsInSettings] Fetching the side menu in collapsed view
2026-03-05 19:22:57.927 [TestNG-test-Yt Master Tests-2] INFO  [verifyingSideMenuCollapsedLangAsInSettings] [verifyingSideMenuCollapsedLangAsInSettings] Finding elements list: By.xpath: //ytd-mini-guide-renderer[@class='style-scope ytd-app']//ytd-mini-guide-entry-renderer
2026-03-05 19:22:57.983 [TestNG-test-Yt Master Tests-2] INFO  [verifyingSideMenuCollapsedLangAsInSettings] [verifyingSideMenuCollapsedLangAsInSettings] Found 4 ready elements (attempt 1): By.xpath: //ytd-mini-guide-renderer[@class='style-scope ytd-app']//ytd-mini-guide-entry-renderer
2026-03-05 19:22:58.052 [TestNG-test-Yt Master Tests-2] INFO  [verifyingSideMenuCollapsedLangAsInSettings] Clicking settings ellipses button...
2026-03-05 19:22:58.071 [TestNG-test-Yt Master Tests-2] INFO  [verifyingSideMenuCollapsedLangAsInSettings] [verifyingSideMenuCollapsedLangAsInSettings] Trying to find element: By.xpath: //ytd-topbar-menu-button-renderer[@class='style-scope ytd-masthead style-default']
2026-03-05 19:22:58.120 [TestNG-test-Yt Master Tests-2] INFO  [verifyingSideMenuCollapsedLangAsInSettings] [verifyingSideMenuCollapsedLangAsInSettings] Element found and ready (attempt 1): By.xpath: //ytd-topbar-menu-button-renderer[@class='style-scope ytd-masthead style-default']
2026-03-05 19:22:58.174 [TestNG-test-Yt Master Tests-2] INFO  [verifyingSideMenuCollapsedLangAsInSettings] Clicking language dropdown...
2026-03-05 19:22:58.174 [TestNG-test-Yt Master Tests-2] INFO  [verifyingSideMenuCollapsedLangAsInSettings] [verifyingSideMenuCollapsedLangAsInSettings] Trying to find element: By.xpath: (//div[@id='content-icon'])[2]
2026-03-05 19:22:58.741 [TestNG-test-Yt Master Tests-2] INFO  [verifyingSideMenuCollapsedLangAsInSettings] [verifyingSideMenuCollapsedLangAsInSettings] Element found and ready (attempt 1): By.xpath: (//div[@id='content-icon'])[2]
2026-03-05 19:22:59.032 [TestNG-test-Yt Master Tests-2] INFO  [verifyingSideMenuCollapsedLangAsInSettings] Looking for language element with name: Lietuvių
2026-03-05 19:22:59.032 [TestNG-test-Yt Master Tests-2] INFO  [verifyingSideMenuCollapsedLangAsInSettings] [verifyingSideMenuCollapsedLangAsInSettings] Trying to find element: By.xpath: //yt-multi-page-menu-section-renderer[@class='style-scope ytd-multi-page-menu-renderer']//yt-formatted-string[@id='label' and text()='Lietuvių']
2026-03-05 19:22:59.124 [TestNG-test-Yt Master Tests-2] INFO  [verifyingSideMenuCollapsedLangAsInSettings] [verifyingSideMenuCollapsedLangAsInSettings] Element found and ready (attempt 1): By.xpath: //yt-multi-page-menu-section-renderer[@class='style-scope ytd-multi-page-menu-renderer']//yt-formatted-string[@id='label' and text()='Lietuvių']
2026-03-05 19:22:59.124 [TestNG-test-Yt Master Tests-2] INFO  [verifyingSideMenuCollapsedLangAsInSettings] [verifyingSideMenuCollapsedLangAsInSettings] Trying to find element: By.xpath: //yt-multi-page-menu-section-renderer[@class='style-scope ytd-multi-page-menu-renderer']//yt-formatted-string[@id='label' and text()='Lietuvių']
2026-03-05 19:22:59.174 [TestNG-test-Yt Master Tests-2] INFO  [verifyingSideMenuCollapsedLangAsInSettings] [verifyingSideMenuCollapsedLangAsInSettings] Element found and ready (attempt 1): By.xpath: //yt-multi-page-menu-section-renderer[@class='style-scope ytd-multi-page-menu-renderer']//yt-formatted-string[@id='label' and text()='Lietuvių']
2026-03-05 19:22:59.960 [TestNG-test-Yt Master Tests-2] INFO  [verifyingSideMenuCollapsedLangAsInSettings] Clicking settings ellipses button...
2026-03-05 19:23:00.036 [TestNG-test-Yt Master Tests-2] INFO  [verifyingSideMenuCollapsedLangAsInSettings] [verifyingSideMenuCollapsedLangAsInSettings] Trying to find element: By.xpath: //ytd-topbar-menu-button-renderer[@class='style-scope ytd-masthead style-default']
2026-03-05 19:23:00.090 [TestNG-test-Yt Master Tests-2] INFO  [verifyingSideMenuCollapsedLangAsInSettings] [verifyingSideMenuCollapsedLangAsInSettings] Element found and ready (attempt 1): By.xpath: //ytd-topbar-menu-button-renderer[@class='style-scope ytd-masthead style-default']
2026-03-05 19:23:00.362 [TestNG-test-Yt Master Tests-2] INFO  [verifyingSideMenuCollapsedLangAsInSettings] [verifyingSideMenuCollapsedLangAsInSettings] Waiting until element is visible in viewport
2026-03-05 19:23:00.479 [TestNG-test-Yt Master Tests-2] INFO  [verifyingSideMenuCollapsedLangAsInSettings] [verifyingSideMenuCollapsedLangAsInSettings] Capturing screenshot: Filter Applied is Lietuvių__2026-03-05_192300.jpg
2026-03-05 19:23:00.781 [TestNG-test-Yt Master Tests-2] INFO  [verifyingSideMenuCollapsedLangAsInSettings] [verifyingSideMenuCollapsedLangAsInSettings] Screenshot saved at: test-output/screenshots/Run_2026-03-05_19-02-45/verifyingSideMenuCollapsedLangAsInSettings/Filter Applied is Lietuvių__2026-03-05_192300.jpg
2026-03-05 19:23:00.781 [TestNG-test-Yt Master Tests-2] INFO  [verifyingSideMenuCollapsedLangAsInSettings] Clicking settings ellipses button...
2026-03-05 19:23:00.802 [TestNG-test-Yt Master Tests-2] INFO  [verifyingSideMenuCollapsedLangAsInSettings] [verifyingSideMenuCollapsedLangAsInSettings] Trying to find element: By.xpath: //ytd-topbar-menu-button-renderer[@class='style-scope ytd-masthead style-default']
2026-03-05 19:23:00.846 [TestNG-test-Yt Master Tests-2] INFO  [verifyingSideMenuCollapsedLangAsInSettings] [verifyingSideMenuCollapsedLangAsInSettings] Element found and ready (attempt 1): By.xpath: //ytd-topbar-menu-button-renderer[@class='style-scope ytd-masthead style-default']
2026-03-05 19:23:00.894 [TestNG-test-Yt Master Tests-2] INFO  [verifyingSideMenuCollapsedLangAsInSettings] getLangAttribute() - locating <html> and reading lang property
2026-03-05 19:23:00.906 [TestNG-test-Yt Master Tests-2] INFO  [verifyingSideMenuCollapsedLangAsInSettings] Language attribute read: lt-LT
2026-03-05 19:23:00.906 [TestNG-test-Yt Master Tests-2] INFO  [verifyingSideMenuCollapsedLangAsInSettings] Fetching the side menu in collapsed view
2026-03-05 19:23:00.906 [TestNG-test-Yt Master Tests-2] INFO  [verifyingSideMenuCollapsedLangAsInSettings] [verifyingSideMenuCollapsedLangAsInSettings] Finding elements list: By.xpath: //ytd-mini-guide-renderer[@class='style-scope ytd-app']//ytd-mini-guide-entry-renderer
2026-03-05 19:23:00.963 [TestNG-test-Yt Master Tests-2] INFO  [verifyingSideMenuCollapsedLangAsInSettings] [verifyingSideMenuCollapsedLangAsInSettings] Found 4 ready elements (attempt 1): By.xpath: //ytd-mini-guide-renderer[@class='style-scope ytd-app']//ytd-mini-guide-entry-renderer
2026-03-05 19:23:01.035 [TestNG-test-Yt Master Tests-2] INFO  [verifyingSideMenuCollapsedLangAsInSettings] Clicking settings ellipses button...
2026-03-05 19:23:01.059 [TestNG-test-Yt Master Tests-2] INFO  [verifyingSideMenuCollapsedLangAsInSettings] [verifyingSideMenuCollapsedLangAsInSettings] Trying to find element: By.xpath: //ytd-topbar-menu-button-renderer[@class='style-scope ytd-masthead style-default']
2026-03-05 19:23:01.112 [TestNG-test-Yt Master Tests-2] INFO  [verifyingSideMenuCollapsedLangAsInSettings] [verifyingSideMenuCollapsedLangAsInSettings] Element found and ready (attempt 1): By.xpath: //ytd-topbar-menu-button-renderer[@class='style-scope ytd-masthead style-default']
2026-03-05 19:23:01.172 [TestNG-test-Yt Master Tests-2] INFO  [verifyingSideMenuCollapsedLangAsInSettings] Clicking language dropdown...
2026-03-05 19:23:01.172 [TestNG-test-Yt Master Tests-2] INFO  [verifyingSideMenuCollapsedLangAsInSettings] [verifyingSideMenuCollapsedLangAsInSettings] Trying to find element: By.xpath: (//div[@id='content-icon'])[2]
2026-03-05 19:23:01.736 [TestNG-test-Yt Master Tests-2] INFO  [verifyingSideMenuCollapsedLangAsInSettings] [verifyingSideMenuCollapsedLangAsInSettings] Element found and ready (attempt 1): By.xpath: (//div[@id='content-icon'])[2]
2026-03-05 19:23:02.032 [TestNG-test-Yt Master Tests-2] INFO  [verifyingSideMenuCollapsedLangAsInSettings] Looking for language element with name: Magyar
2026-03-05 19:23:02.032 [TestNG-test-Yt Master Tests-2] INFO  [verifyingSideMenuCollapsedLangAsInSettings] [verifyingSideMenuCollapsedLangAsInSettings] Trying to find element: By.xpath: //yt-multi-page-menu-section-renderer[@class='style-scope ytd-multi-page-menu-renderer']//yt-formatted-string[@id='label' and text()='Magyar']
2026-03-05 19:23:02.118 [TestNG-test-Yt Master Tests-2] INFO  [verifyingSideMenuCollapsedLangAsInSettings] [verifyingSideMenuCollapsedLangAsInSettings] Element found and ready (attempt 1): By.xpath: //yt-multi-page-menu-section-renderer[@class='style-scope ytd-multi-page-menu-renderer']//yt-formatted-string[@id='label' and text()='Magyar']
2026-03-05 19:23:02.118 [TestNG-test-Yt Master Tests-2] INFO  [verifyingSideMenuCollapsedLangAsInSettings] [verifyingSideMenuCollapsedLangAsInSettings] Trying to find element: By.xpath: //yt-multi-page-menu-section-renderer[@class='style-scope ytd-multi-page-menu-renderer']//yt-formatted-string[@id='label' and text()='Magyar']
2026-03-05 19:23:02.172 [TestNG-test-Yt Master Tests-2] INFO  [verifyingSideMenuCollapsedLangAsInSettings] [verifyingSideMenuCollapsedLangAsInSettings] Element found and ready (attempt 1): By.xpath: //yt-multi-page-menu-section-renderer[@class='style-scope ytd-multi-page-menu-renderer']//yt-formatted-string[@id='label' and text()='Magyar']
2026-03-05 19:23:03.415 [TestNG-test-Yt Master Tests-2] INFO  [verifyingSideMenuCollapsedLangAsInSettings] Clicking settings ellipses button...
2026-03-05 19:23:03.433 [TestNG-test-Yt Master Tests-2] INFO  [verifyingSideMenuCollapsedLangAsInSettings] [verifyingSideMenuCollapsedLangAsInSettings] Trying to find element: By.xpath: //ytd-topbar-menu-button-renderer[@class='style-scope ytd-masthead style-default']
2026-03-05 19:23:03.481 [TestNG-test-Yt Master Tests-2] INFO  [verifyingSideMenuCollapsedLangAsInSettings] [verifyingSideMenuCollapsedLangAsInSettings] Element found and ready (attempt 1): By.xpath: //ytd-topbar-menu-button-renderer[@class='style-scope ytd-masthead style-default']
2026-03-05 19:23:03.650 [TestNG-test-Yt Master Tests-2] INFO  [verifyingSideMenuCollapsedLangAsInSettings] [verifyingSideMenuCollapsedLangAsInSettings] Waiting until element is visible in viewport
2026-03-05 19:23:03.749 [TestNG-test-Yt Master Tests-2] INFO  [verifyingSideMenuCollapsedLangAsInSettings] [verifyingSideMenuCollapsedLangAsInSettings] Capturing screenshot: Filter Applied is Magyar__2026-03-05_192303.jpg
2026-03-05 19:23:04.005 [TestNG-test-Yt Master Tests-2] INFO  [verifyingSideMenuCollapsedLangAsInSettings] [verifyingSideMenuCollapsedLangAsInSettings] Screenshot saved at: test-output/screenshots/Run_2026-03-05_19-02-45/verifyingSideMenuCollapsedLangAsInSettings/Filter Applied is Magyar__2026-03-05_192303.jpg
2026-03-05 19:23:04.005 [TestNG-test-Yt Master Tests-2] INFO  [verifyingSideMenuCollapsedLangAsInSettings] Clicking settings ellipses button...
2026-03-05 19:23:04.026 [TestNG-test-Yt Master Tests-2] INFO  [verifyingSideMenuCollapsedLangAsInSettings] [verifyingSideMenuCollapsedLangAsInSettings] Trying to find element: By.xpath: //ytd-topbar-menu-button-renderer[@class='style-scope ytd-masthead style-default']
2026-03-05 19:23:04.074 [TestNG-test-Yt Master Tests-2] INFO  [verifyingSideMenuCollapsedLangAsInSettings] [verifyingSideMenuCollapsedLangAsInSettings] Element found and ready (attempt 1): By.xpath: //ytd-topbar-menu-button-renderer[@class='style-scope ytd-masthead style-default']
2026-03-05 19:23:04.120 [TestNG-test-Yt Master Tests-2] INFO  [verifyingSideMenuCollapsedLangAsInSettings] getLangAttribute() - locating <html> and reading lang property
2026-03-05 19:23:04.133 [TestNG-test-Yt Master Tests-2] INFO  [verifyingSideMenuCollapsedLangAsInSettings] Language attribute read: hu-HU
2026-03-05 19:23:04.133 [TestNG-test-Yt Master Tests-2] INFO  [verifyingSideMenuCollapsedLangAsInSettings] Fetching the side menu in collapsed view
2026-03-05 19:23:04.133 [TestNG-test-Yt Master Tests-2] INFO  [verifyingSideMenuCollapsedLangAsInSettings] [verifyingSideMenuCollapsedLangAsInSettings] Finding elements list: By.xpath: //ytd-mini-guide-renderer[@class='style-scope ytd-app']//ytd-mini-guide-entry-renderer
2026-03-05 19:23:04.189 [TestNG-test-Yt Master Tests-2] INFO  [verifyingSideMenuCollapsedLangAsInSettings] [verifyingSideMenuCollapsedLangAsInSettings] Found 4 ready elements (attempt 1): By.xpath: //ytd-mini-guide-renderer[@class='style-scope ytd-app']//ytd-mini-guide-entry-renderer
2026-03-05 19:23:04.261 [TestNG-test-Yt Master Tests-2] INFO  [verifyingSideMenuCollapsedLangAsInSettings] Clicking settings ellipses button...
2026-03-05 19:23:04.280 [TestNG-test-Yt Master Tests-2] INFO  [verifyingSideMenuCollapsedLangAsInSettings] [verifyingSideMenuCollapsedLangAsInSettings] Trying to find element: By.xpath: //ytd-topbar-menu-button-renderer[@class='style-scope ytd-masthead style-default']
2026-03-05 19:23:04.329 [TestNG-test-Yt Master Tests-2] INFO  [verifyingSideMenuCollapsedLangAsInSettings] [verifyingSideMenuCollapsedLangAsInSettings] Element found and ready (attempt 1): By.xpath: //ytd-topbar-menu-button-renderer[@class='style-scope ytd-masthead style-default']
2026-03-05 19:23:04.386 [TestNG-test-Yt Master Tests-2] INFO  [verifyingSideMenuCollapsedLangAsInSettings] Clicking language dropdown...
2026-03-05 19:23:04.386 [TestNG-test-Yt Master Tests-2] INFO  [verifyingSideMenuCollapsedLangAsInSettings] [verifyingSideMenuCollapsedLangAsInSettings] Trying to find element: By.xpath: (//div[@id='content-icon'])[2]
2026-03-05 19:23:04.941 [TestNG-test-Yt Master Tests-2] INFO  [verifyingSideMenuCollapsedLangAsInSettings] [verifyingSideMenuCollapsedLangAsInSettings] Element found and ready (attempt 1): By.xpath: (//div[@id='content-icon'])[2]
2026-03-05 19:23:05.228 [TestNG-test-Yt Master Tests-2] INFO  [verifyingSideMenuCollapsedLangAsInSettings] Looking for language element with name: Nederlands
2026-03-05 19:23:05.228 [TestNG-test-Yt Master Tests-2] INFO  [verifyingSideMenuCollapsedLangAsInSettings] [verifyingSideMenuCollapsedLangAsInSettings] Trying to find element: By.xpath: //yt-multi-page-menu-section-renderer[@class='style-scope ytd-multi-page-menu-renderer']//yt-formatted-string[@id='label' and text()='Nederlands']
2026-03-05 19:23:05.332 [TestNG-test-Yt Master Tests-2] INFO  [verifyingSideMenuCollapsedLangAsInSettings] [verifyingSideMenuCollapsedLangAsInSettings] Element found and ready (attempt 1): By.xpath: //yt-multi-page-menu-section-renderer[@class='style-scope ytd-multi-page-menu-renderer']//yt-formatted-string[@id='label' and text()='Nederlands']
2026-03-05 19:23:05.332 [TestNG-test-Yt Master Tests-2] INFO  [verifyingSideMenuCollapsedLangAsInSettings] [verifyingSideMenuCollapsedLangAsInSettings] Trying to find element: By.xpath: //yt-multi-page-menu-section-renderer[@class='style-scope ytd-multi-page-menu-renderer']//yt-formatted-string[@id='label' and text()='Nederlands']
2026-03-05 19:23:05.391 [TestNG-test-Yt Master Tests-2] INFO  [verifyingSideMenuCollapsedLangAsInSettings] [verifyingSideMenuCollapsedLangAsInSettings] Element found and ready (attempt 1): By.xpath: //yt-multi-page-menu-section-renderer[@class='style-scope ytd-multi-page-menu-renderer']//yt-formatted-string[@id='label' and text()='Nederlands']
2026-03-05 19:23:06.590 [TestNG-test-Yt Master Tests-2] INFO  [verifyingSideMenuCollapsedLangAsInSettings] Clicking settings ellipses button...
2026-03-05 19:23:06.611 [TestNG-test-Yt Master Tests-2] INFO  [verifyingSideMenuCollapsedLangAsInSettings] [verifyingSideMenuCollapsedLangAsInSettings] Trying to find element: By.xpath: //ytd-topbar-menu-button-renderer[@class='style-scope ytd-masthead style-default']
2026-03-05 19:23:06.659 [TestNG-test-Yt Master Tests-2] INFO  [verifyingSideMenuCollapsedLangAsInSettings] [verifyingSideMenuCollapsedLangAsInSettings] Element found and ready (attempt 1): By.xpath: //ytd-topbar-menu-button-renderer[@class='style-scope ytd-masthead style-default']
2026-03-05 19:23:06.844 [TestNG-test-Yt Master Tests-2] INFO  [verifyingSideMenuCollapsedLangAsInSettings] [verifyingSideMenuCollapsedLangAsInSettings] Waiting until element is visible in viewport
2026-03-05 19:23:06.948 [TestNG-test-Yt Master Tests-2] INFO  [verifyingSideMenuCollapsedLangAsInSettings] [verifyingSideMenuCollapsedLangAsInSettings] Capturing screenshot: Filter Applied is Nederlands__2026-03-05_192306.jpg
2026-03-05 19:23:07.196 [TestNG-test-Yt Master Tests-2] INFO  [verifyingSideMenuCollapsedLangAsInSettings] [verifyingSideMenuCollapsedLangAsInSettings] Screenshot saved at: test-output/screenshots/Run_2026-03-05_19-02-45/verifyingSideMenuCollapsedLangAsInSettings/Filter Applied is Nederlands__2026-03-05_192306.jpg
2026-03-05 19:23:07.196 [TestNG-test-Yt Master Tests-2] INFO  [verifyingSideMenuCollapsedLangAsInSettings] Clicking settings ellipses button...
2026-03-05 19:23:07.214 [TestNG-test-Yt Master Tests-2] INFO  [verifyingSideMenuCollapsedLangAsInSettings] [verifyingSideMenuCollapsedLangAsInSettings] Trying to find element: By.xpath: //ytd-topbar-menu-button-renderer[@class='style-scope ytd-masthead style-default']
2026-03-05 19:23:07.262 [TestNG-test-Yt Master Tests-2] INFO  [verifyingSideMenuCollapsedLangAsInSettings] [verifyingSideMenuCollapsedLangAsInSettings] Element found and ready (attempt 1): By.xpath: //ytd-topbar-menu-button-renderer[@class='style-scope ytd-masthead style-default']
2026-03-05 19:23:07.309 [TestNG-test-Yt Master Tests-2] INFO  [verifyingSideMenuCollapsedLangAsInSettings] getLangAttribute() - locating <html> and reading lang property
2026-03-05 19:23:07.321 [TestNG-test-Yt Master Tests-2] INFO  [verifyingSideMenuCollapsedLangAsInSettings] Language attribute read: nl-NL
2026-03-05 19:23:07.321 [TestNG-test-Yt Master Tests-2] INFO  [verifyingSideMenuCollapsedLangAsInSettings] Fetching the side menu in collapsed view
2026-03-05 19:23:07.321 [TestNG-test-Yt Master Tests-2] INFO  [verifyingSideMenuCollapsedLangAsInSettings] [verifyingSideMenuCollapsedLangAsInSettings] Finding elements list: By.xpath: //ytd-mini-guide-renderer[@class='style-scope ytd-app']//ytd-mini-guide-entry-renderer
2026-03-05 19:23:07.390 [TestNG-test-Yt Master Tests-2] INFO  [verifyingSideMenuCollapsedLangAsInSettings] [verifyingSideMenuCollapsedLangAsInSettings] Found 4 ready elements (attempt 1): By.xpath: //ytd-mini-guide-renderer[@class='style-scope ytd-app']//ytd-mini-guide-entry-renderer
2026-03-05 19:23:07.460 [TestNG-test-Yt Master Tests-2] INFO  [verifyingSideMenuCollapsedLangAsInSettings] Clicking settings ellipses button...
2026-03-05 19:23:07.479 [TestNG-test-Yt Master Tests-2] INFO  [verifyingSideMenuCollapsedLangAsInSettings] [verifyingSideMenuCollapsedLangAsInSettings] Trying to find element: By.xpath: //ytd-topbar-menu-button-renderer[@class='style-scope ytd-masthead style-default']
2026-03-05 19:23:07.530 [TestNG-test-Yt Master Tests-2] INFO  [verifyingSideMenuCollapsedLangAsInSettings] [verifyingSideMenuCollapsedLangAsInSettings] Element found and ready (attempt 1): By.xpath: //ytd-topbar-menu-button-renderer[@class='style-scope ytd-masthead style-default']
2026-03-05 19:23:07.590 [TestNG-test-Yt Master Tests-2] INFO  [verifyingSideMenuCollapsedLangAsInSettings] Clicking language dropdown...
2026-03-05 19:23:07.590 [TestNG-test-Yt Master Tests-2] INFO  [verifyingSideMenuCollapsedLangAsInSettings] [verifyingSideMenuCollapsedLangAsInSettings] Trying to find element: By.xpath: (//div[@id='content-icon'])[2]
2026-03-05 19:23:08.149 [TestNG-test-Yt Master Tests-2] INFO  [verifyingSideMenuCollapsedLangAsInSettings] [verifyingSideMenuCollapsedLangAsInSettings] Element found and ready (attempt 1): By.xpath: (//div[@id='content-icon'])[2]
2026-03-05 19:23:08.440 [TestNG-test-Yt Master Tests-2] INFO  [verifyingSideMenuCollapsedLangAsInSettings] Looking for language element with name: Polski
2026-03-05 19:23:08.440 [TestNG-test-Yt Master Tests-2] INFO  [verifyingSideMenuCollapsedLangAsInSettings] [verifyingSideMenuCollapsedLangAsInSettings] Trying to find element: By.xpath: //yt-multi-page-menu-section-renderer[@class='style-scope ytd-multi-page-menu-renderer']//yt-formatted-string[@id='label' and text()='Polski']
2026-03-05 19:23:08.537 [TestNG-test-Yt Master Tests-2] INFO  [verifyingSideMenuCollapsedLangAsInSettings] [verifyingSideMenuCollapsedLangAsInSettings] Element found and ready (attempt 1): By.xpath: //yt-multi-page-menu-section-renderer[@class='style-scope ytd-multi-page-menu-renderer']//yt-formatted-string[@id='label' and text()='Polski']
2026-03-05 19:23:08.537 [TestNG-test-Yt Master Tests-2] INFO  [verifyingSideMenuCollapsedLangAsInSettings] [verifyingSideMenuCollapsedLangAsInSettings] Trying to find element: By.xpath: //yt-multi-page-menu-section-renderer[@class='style-scope ytd-multi-page-menu-renderer']//yt-formatted-string[@id='label' and text()='Polski']
2026-03-05 19:23:08.587 [TestNG-test-Yt Master Tests-2] INFO  [verifyingSideMenuCollapsedLangAsInSettings] [verifyingSideMenuCollapsedLangAsInSettings] Element found and ready (attempt 1): By.xpath: //yt-multi-page-menu-section-renderer[@class='style-scope ytd-multi-page-menu-renderer']//yt-formatted-string[@id='label' and text()='Polski']
2026-03-05 19:23:09.306 [TestNG-test-Yt Master Tests-2] INFO  [verifyingSideMenuCollapsedLangAsInSettings] Clicking settings ellipses button...
2026-03-05 19:23:09.463 [TestNG-test-Yt Master Tests-2] INFO  [verifyingSideMenuCollapsedLangAsInSettings] [verifyingSideMenuCollapsedLangAsInSettings] Trying to find element: By.xpath: //ytd-topbar-menu-button-renderer[@class='style-scope ytd-masthead style-default']
2026-03-05 19:23:09.512 [TestNG-test-Yt Master Tests-2] INFO  [verifyingSideMenuCollapsedLangAsInSettings] [verifyingSideMenuCollapsedLangAsInSettings] Element found and ready (attempt 1): By.xpath: //ytd-topbar-menu-button-renderer[@class='style-scope ytd-masthead style-default']
2026-03-05 19:23:09.603 [TestNG-test-Yt Master Tests-2] INFO  [verifyingSideMenuCollapsedLangAsInSettings] [verifyingSideMenuCollapsedLangAsInSettings] Waiting until element is visible in viewport
2026-03-05 19:23:09.886 [TestNG-test-Yt Master Tests-2] INFO  [verifyingSideMenuCollapsedLangAsInSettings] [verifyingSideMenuCollapsedLangAsInSettings] Capturing screenshot: Filter Applied is Polski__2026-03-05_192309.jpg
2026-03-05 19:23:10.180 [TestNG-test-Yt Master Tests-2] INFO  [verifyingSideMenuCollapsedLangAsInSettings] [verifyingSideMenuCollapsedLangAsInSettings] Screenshot saved at: test-output/screenshots/Run_2026-03-05_19-02-45/verifyingSideMenuCollapsedLangAsInSettings/Filter Applied is Polski__2026-03-05_192309.jpg
2026-03-05 19:23:10.180 [TestNG-test-Yt Master Tests-2] INFO  [verifyingSideMenuCollapsedLangAsInSettings] Clicking settings ellipses button...
2026-03-05 19:23:10.200 [TestNG-test-Yt Master Tests-2] INFO  [verifyingSideMenuCollapsedLangAsInSettings] [verifyingSideMenuCollapsedLangAsInSettings] Trying to find element: By.xpath: //ytd-topbar-menu-button-renderer[@class='style-scope ytd-masthead style-default']
2026-03-05 19:23:10.248 [TestNG-test-Yt Master Tests-2] INFO  [verifyingSideMenuCollapsedLangAsInSettings] [verifyingSideMenuCollapsedLangAsInSettings] Element found and ready (attempt 1): By.xpath: //ytd-topbar-menu-button-renderer[@class='style-scope ytd-masthead style-default']
2026-03-05 19:23:10.296 [TestNG-test-Yt Master Tests-2] INFO  [verifyingSideMenuCollapsedLangAsInSettings] getLangAttribute() - locating <html> and reading lang property
2026-03-05 19:23:10.308 [TestNG-test-Yt Master Tests-2] INFO  [verifyingSideMenuCollapsedLangAsInSettings] Language attribute read: pl-PL
2026-03-05 19:23:10.308 [TestNG-test-Yt Master Tests-2] INFO  [verifyingSideMenuCollapsedLangAsInSettings] Fetching the side menu in collapsed view
2026-03-05 19:23:10.308 [TestNG-test-Yt Master Tests-2] INFO  [verifyingSideMenuCollapsedLangAsInSettings] [verifyingSideMenuCollapsedLangAsInSettings] Finding elements list: By.xpath: //ytd-mini-guide-renderer[@class='style-scope ytd-app']//ytd-mini-guide-entry-renderer
2026-03-05 19:23:10.365 [TestNG-test-Yt Master Tests-2] INFO  [verifyingSideMenuCollapsedLangAsInSettings] [verifyingSideMenuCollapsedLangAsInSettings] Found 4 ready elements (attempt 1): By.xpath: //ytd-mini-guide-renderer[@class='style-scope ytd-app']//ytd-mini-guide-entry-renderer
2026-03-05 19:23:10.433 [TestNG-test-Yt Master Tests-2] INFO  [verifyingSideMenuCollapsedLangAsInSettings] Clicking settings ellipses button...
2026-03-05 19:23:10.453 [TestNG-test-Yt Master Tests-2] INFO  [verifyingSideMenuCollapsedLangAsInSettings] [verifyingSideMenuCollapsedLangAsInSettings] Trying to find element: By.xpath: //ytd-topbar-menu-button-renderer[@class='style-scope ytd-masthead style-default']
2026-03-05 19:23:10.501 [TestNG-test-Yt Master Tests-2] INFO  [verifyingSideMenuCollapsedLangAsInSettings] [verifyingSideMenuCollapsedLangAsInSettings] Element found and ready (attempt 1): By.xpath: //ytd-topbar-menu-button-renderer[@class='style-scope ytd-masthead style-default']
2026-03-05 19:23:10.556 [TestNG-test-Yt Master Tests-2] INFO  [verifyingSideMenuCollapsedLangAsInSettings] Clicking language dropdown...
2026-03-05 19:23:10.556 [TestNG-test-Yt Master Tests-2] INFO  [verifyingSideMenuCollapsedLangAsInSettings] [verifyingSideMenuCollapsedLangAsInSettings] Trying to find element: By.xpath: (//div[@id='content-icon'])[2]
2026-03-05 19:23:11.121 [TestNG-test-Yt Master Tests-2] INFO  [verifyingSideMenuCollapsedLangAsInSettings] [verifyingSideMenuCollapsedLangAsInSettings] Element found and ready (attempt 1): By.xpath: (//div[@id='content-icon'])[2]
2026-03-05 19:23:11.417 [TestNG-test-Yt Master Tests-2] INFO  [verifyingSideMenuCollapsedLangAsInSettings] Looking for language element with name: Português
2026-03-05 19:23:11.417 [TestNG-test-Yt Master Tests-2] INFO  [verifyingSideMenuCollapsedLangAsInSettings] [verifyingSideMenuCollapsedLangAsInSettings] Trying to find element: By.xpath: //yt-multi-page-menu-section-renderer[@class='style-scope ytd-multi-page-menu-renderer']//yt-formatted-string[@id='label' and text()='Português']
2026-03-05 19:23:11.527 [TestNG-test-Yt Master Tests-2] INFO  [verifyingSideMenuCollapsedLangAsInSettings] [verifyingSideMenuCollapsedLangAsInSettings] Element found and ready (attempt 1): By.xpath: //yt-multi-page-menu-section-renderer[@class='style-scope ytd-multi-page-menu-renderer']//yt-formatted-string[@id='label' and text()='Português']
2026-03-05 19:23:11.527 [TestNG-test-Yt Master Tests-2] INFO  [verifyingSideMenuCollapsedLangAsInSettings] [verifyingSideMenuCollapsedLangAsInSettings] Trying to find element: By.xpath: //yt-multi-page-menu-section-renderer[@class='style-scope ytd-multi-page-menu-renderer']//yt-formatted-string[@id='label' and text()='Português']
2026-03-05 19:23:11.581 [TestNG-test-Yt Master Tests-2] INFO  [verifyingSideMenuCollapsedLangAsInSettings] [verifyingSideMenuCollapsedLangAsInSettings] Element found and ready (attempt 1): By.xpath: //yt-multi-page-menu-section-renderer[@class='style-scope ytd-multi-page-menu-renderer']//yt-formatted-string[@id='label' and text()='Português']
2026-03-05 19:23:12.280 [TestNG-test-Yt Master Tests-2] INFO  [verifyingSideMenuCollapsedLangAsInSettings] Clicking settings ellipses button...
2026-03-05 19:23:12.433 [TestNG-test-Yt Master Tests-2] INFO  [verifyingSideMenuCollapsedLangAsInSettings] [verifyingSideMenuCollapsedLangAsInSettings] Trying to find element: By.xpath: //ytd-topbar-menu-button-renderer[@class='style-scope ytd-masthead style-default']
2026-03-05 19:23:12.487 [TestNG-test-Yt Master Tests-2] INFO  [verifyingSideMenuCollapsedLangAsInSettings] [verifyingSideMenuCollapsedLangAsInSettings] Element found and ready (attempt 1): By.xpath: //ytd-topbar-menu-button-renderer[@class='style-scope ytd-masthead style-default']
2026-03-05 19:23:12.904 [TestNG-test-Yt Master Tests-2] INFO  [verifyingSideMenuCollapsedLangAsInSettings] [verifyingSideMenuCollapsedLangAsInSettings] Waiting until element is visible in viewport
2026-03-05 19:23:12.973 [TestNG-test-Yt Master Tests-2] INFO  [verifyingSideMenuCollapsedLangAsInSettings] [verifyingSideMenuCollapsedLangAsInSettings] Capturing screenshot: Filter Applied is Português__2026-03-05_192312.jpg
2026-03-05 19:23:13.213 [TestNG-test-Yt Master Tests-2] INFO  [verifyingSideMenuCollapsedLangAsInSettings] [verifyingSideMenuCollapsedLangAsInSettings] Screenshot saved at: test-output/screenshots/Run_2026-03-05_19-02-45/verifyingSideMenuCollapsedLangAsInSettings/Filter Applied is Português__2026-03-05_192312.jpg
2026-03-05 19:23:13.213 [TestNG-test-Yt Master Tests-2] INFO  [verifyingSideMenuCollapsedLangAsInSettings] Clicking settings ellipses button...
2026-03-05 19:23:13.232 [TestNG-test-Yt Master Tests-2] INFO  [verifyingSideMenuCollapsedLangAsInSettings] [verifyingSideMenuCollapsedLangAsInSettings] Trying to find element: By.xpath: //ytd-topbar-menu-button-renderer[@class='style-scope ytd-masthead style-default']
2026-03-05 19:23:13.281 [TestNG-test-Yt Master Tests-2] INFO  [verifyingSideMenuCollapsedLangAsInSettings] [verifyingSideMenuCollapsedLangAsInSettings] Element found and ready (attempt 1): By.xpath: //ytd-topbar-menu-button-renderer[@class='style-scope ytd-masthead style-default']
2026-03-05 19:23:13.329 [TestNG-test-Yt Master Tests-2] INFO  [verifyingSideMenuCollapsedLangAsInSettings] getLangAttribute() - locating <html> and reading lang property
2026-03-05 19:23:13.341 [TestNG-test-Yt Master Tests-2] INFO  [verifyingSideMenuCollapsedLangAsInSettings] Language attribute read: pt-PT
2026-03-05 19:23:13.341 [TestNG-test-Yt Master Tests-2] INFO  [verifyingSideMenuCollapsedLangAsInSettings] Fetching the side menu in collapsed view
2026-03-05 19:23:13.341 [TestNG-test-Yt Master Tests-2] INFO  [verifyingSideMenuCollapsedLangAsInSettings] [verifyingSideMenuCollapsedLangAsInSettings] Finding elements list: By.xpath: //ytd-mini-guide-renderer[@class='style-scope ytd-app']//ytd-mini-guide-entry-renderer
2026-03-05 19:23:13.401 [TestNG-test-Yt Master Tests-2] INFO  [verifyingSideMenuCollapsedLangAsInSettings] [verifyingSideMenuCollapsedLangAsInSettings] Found 4 ready elements (attempt 1): By.xpath: //ytd-mini-guide-renderer[@class='style-scope ytd-app']//ytd-mini-guide-entry-renderer
2026-03-05 19:23:13.480 [TestNG-test-Yt Master Tests-2] INFO  [verifyingSideMenuCollapsedLangAsInSettings] Clicking settings ellipses button...
2026-03-05 19:23:13.500 [TestNG-test-Yt Master Tests-2] INFO  [verifyingSideMenuCollapsedLangAsInSettings] [verifyingSideMenuCollapsedLangAsInSettings] Trying to find element: By.xpath: //ytd-topbar-menu-button-renderer[@class='style-scope ytd-masthead style-default']
2026-03-05 19:23:13.553 [TestNG-test-Yt Master Tests-2] INFO  [verifyingSideMenuCollapsedLangAsInSettings] [verifyingSideMenuCollapsedLangAsInSettings] Element found and ready (attempt 1): By.xpath: //ytd-topbar-menu-button-renderer[@class='style-scope ytd-masthead style-default']
2026-03-05 19:23:13.616 [TestNG-test-Yt Master Tests-2] INFO  [verifyingSideMenuCollapsedLangAsInSettings] Clicking language dropdown...
2026-03-05 19:23:13.616 [TestNG-test-Yt Master Tests-2] INFO  [verifyingSideMenuCollapsedLangAsInSettings] [verifyingSideMenuCollapsedLangAsInSettings] Trying to find element: By.xpath: (//div[@id='content-icon'])[2]
2026-03-05 19:23:14.173 [TestNG-test-Yt Master Tests-2] INFO  [verifyingSideMenuCollapsedLangAsInSettings] [verifyingSideMenuCollapsedLangAsInSettings] Element found and ready (attempt 1): By.xpath: (//div[@id='content-icon'])[2]
2026-03-05 19:23:14.472 [TestNG-test-Yt Master Tests-2] INFO  [verifyingSideMenuCollapsedLangAsInSettings] Looking for language element with name: Português (Brasil)
2026-03-05 19:23:14.472 [TestNG-test-Yt Master Tests-2] INFO  [verifyingSideMenuCollapsedLangAsInSettings] [verifyingSideMenuCollapsedLangAsInSettings] Trying to find element: By.xpath: //yt-multi-page-menu-section-renderer[@class='style-scope ytd-multi-page-menu-renderer']//yt-formatted-string[@id='label' and text()='Português (Brasil)']
2026-03-05 19:23:14.565 [TestNG-test-Yt Master Tests-2] INFO  [verifyingSideMenuCollapsedLangAsInSettings] [verifyingSideMenuCollapsedLangAsInSettings] Element found and ready (attempt 1): By.xpath: //yt-multi-page-menu-section-renderer[@class='style-scope ytd-multi-page-menu-renderer']//yt-formatted-string[@id='label' and text()='Português (Brasil)']
2026-03-05 19:23:14.565 [TestNG-test-Yt Master Tests-2] INFO  [verifyingSideMenuCollapsedLangAsInSettings] [verifyingSideMenuCollapsedLangAsInSettings] Trying to find element: By.xpath: //yt-multi-page-menu-section-renderer[@class='style-scope ytd-multi-page-menu-renderer']//yt-formatted-string[@id='label' and text()='Português (Brasil)']
2026-03-05 19:23:14.617 [TestNG-test-Yt Master Tests-2] INFO  [verifyingSideMenuCollapsedLangAsInSettings] [verifyingSideMenuCollapsedLangAsInSettings] Element found and ready (attempt 1): By.xpath: //yt-multi-page-menu-section-renderer[@class='style-scope ytd-multi-page-menu-renderer']//yt-formatted-string[@id='label' and text()='Português (Brasil)']
2026-03-05 19:23:16.058 [TestNG-test-Yt Master Tests-2] INFO  [verifyingSideMenuCollapsedLangAsInSettings] Clicking settings ellipses button...
2026-03-05 19:23:16.080 [TestNG-test-Yt Master Tests-2] INFO  [verifyingSideMenuCollapsedLangAsInSettings] [verifyingSideMenuCollapsedLangAsInSettings] Trying to find element: By.xpath: //ytd-topbar-menu-button-renderer[@class='style-scope ytd-masthead style-default']
2026-03-05 19:23:16.173 [TestNG-test-Yt Master Tests-2] INFO  [verifyingSideMenuCollapsedLangAsInSettings] [verifyingSideMenuCollapsedLangAsInSettings] Element found and ready (attempt 1): By.xpath: //ytd-topbar-menu-button-renderer[@class='style-scope ytd-masthead style-default']
2026-03-05 19:23:16.396 [TestNG-test-Yt Master Tests-2] INFO  [verifyingSideMenuCollapsedLangAsInSettings] [verifyingSideMenuCollapsedLangAsInSettings] Waiting until element is visible in viewport
2026-03-05 19:23:16.502 [TestNG-test-Yt Master Tests-2] INFO  [verifyingSideMenuCollapsedLangAsInSettings] [verifyingSideMenuCollapsedLangAsInSettings] Capturing screenshot: Filter Applied is Português (Brasil)__2026-03-05_192316.jpg
2026-03-05 19:23:16.904 [TestNG-test-Yt Master Tests-2] INFO  [verifyingSideMenuCollapsedLangAsInSettings] [verifyingSideMenuCollapsedLangAsInSettings] Screenshot saved at: test-output/screenshots/Run_2026-03-05_19-02-45/verifyingSideMenuCollapsedLangAsInSettings/Filter Applied is Português (Brasil)__2026-03-05_192316.jpg
2026-03-05 19:23:16.904 [TestNG-test-Yt Master Tests-2] INFO  [verifyingSideMenuCollapsedLangAsInSettings] Clicking settings ellipses button...
2026-03-05 19:23:16.929 [TestNG-test-Yt Master Tests-2] INFO  [verifyingSideMenuCollapsedLangAsInSettings] [verifyingSideMenuCollapsedLangAsInSettings] Trying to find element: By.xpath: //ytd-topbar-menu-button-renderer[@class='style-scope ytd-masthead style-default']
2026-03-05 19:23:16.986 [TestNG-test-Yt Master Tests-2] INFO  [verifyingSideMenuCollapsedLangAsInSettings] [verifyingSideMenuCollapsedLangAsInSettings] Element found and ready (attempt 1): By.xpath: //ytd-topbar-menu-button-renderer[@class='style-scope ytd-masthead style-default']
2026-03-05 19:23:17.117 [TestNG-test-Yt Master Tests-2] INFO  [verifyingSideMenuCollapsedLangAsInSettings] getLangAttribute() - locating <html> and reading lang property
2026-03-05 19:23:17.130 [TestNG-test-Yt Master Tests-2] INFO  [verifyingSideMenuCollapsedLangAsInSettings] Language attribute read: pt-BR
2026-03-05 19:23:17.130 [TestNG-test-Yt Master Tests-2] INFO  [verifyingSideMenuCollapsedLangAsInSettings] Fetching the side menu in collapsed view
2026-03-05 19:23:17.130 [TestNG-test-Yt Master Tests-2] INFO  [verifyingSideMenuCollapsedLangAsInSettings] [verifyingSideMenuCollapsedLangAsInSettings] Finding elements list: By.xpath: //ytd-mini-guide-renderer[@class='style-scope ytd-app']//ytd-mini-guide-entry-renderer
2026-03-05 19:23:17.233 [TestNG-test-Yt Master Tests-2] INFO  [verifyingSideMenuCollapsedLangAsInSettings] [verifyingSideMenuCollapsedLangAsInSettings] Found 4 ready elements (attempt 1): By.xpath: //ytd-mini-guide-renderer[@class='style-scope ytd-app']//ytd-mini-guide-entry-renderer
2026-03-05 19:23:17.395 [TestNG-test-Yt Master Tests-2] INFO  [verifyingSideMenuCollapsedLangAsInSettings] Clicking settings ellipses button...
2026-03-05 19:23:17.419 [TestNG-test-Yt Master Tests-2] INFO  [verifyingSideMenuCollapsedLangAsInSettings] [verifyingSideMenuCollapsedLangAsInSettings] Trying to find element: By.xpath: //ytd-topbar-menu-button-renderer[@class='style-scope ytd-masthead style-default']
2026-03-05 19:23:17.489 [TestNG-test-Yt Master Tests-2] INFO  [verifyingSideMenuCollapsedLangAsInSettings] [verifyingSideMenuCollapsedLangAsInSettings] Element found and ready (attempt 1): By.xpath: //ytd-topbar-menu-button-renderer[@class='style-scope ytd-masthead style-default']
2026-03-05 19:23:17.584 [TestNG-test-Yt Master Tests-2] INFO  [verifyingSideMenuCollapsedLangAsInSettings] Clicking language dropdown...
2026-03-05 19:23:17.584 [TestNG-test-Yt Master Tests-2] INFO  [verifyingSideMenuCollapsedLangAsInSettings] [verifyingSideMenuCollapsedLangAsInSettings] Trying to find element: By.xpath: (//div[@id='content-icon'])[2]
2026-03-05 19:23:17.722 [TestNG-test-Yt Master Tests-2] INFO  [verifyingSideMenuCollapsedLangAsInSettings] [verifyingSideMenuCollapsedLangAsInSettings] Element found and ready (attempt 1): By.xpath: (//div[@id='content-icon'])[2]
2026-03-05 19:23:18.041 [TestNG-test-Yt Master Tests-2] INFO  [verifyingSideMenuCollapsedLangAsInSettings] Looking for language element with name: Shqip
2026-03-05 19:23:18.041 [TestNG-test-Yt Master Tests-2] INFO  [verifyingSideMenuCollapsedLangAsInSettings] [verifyingSideMenuCollapsedLangAsInSettings] Trying to find element: By.xpath: //yt-multi-page-menu-section-renderer[@class='style-scope ytd-multi-page-menu-renderer']//yt-formatted-string[@id='label' and text()='Shqip']
2026-03-05 19:23:18.144 [TestNG-test-Yt Master Tests-2] INFO  [verifyingSideMenuCollapsedLangAsInSettings] [verifyingSideMenuCollapsedLangAsInSettings] Element found and ready (attempt 1): By.xpath: //yt-multi-page-menu-section-renderer[@class='style-scope ytd-multi-page-menu-renderer']//yt-formatted-string[@id='label' and text()='Shqip']
2026-03-05 19:23:18.144 [TestNG-test-Yt Master Tests-2] INFO  [verifyingSideMenuCollapsedLangAsInSettings] [verifyingSideMenuCollapsedLangAsInSettings] Trying to find element: By.xpath: //yt-multi-page-menu-section-renderer[@class='style-scope ytd-multi-page-menu-renderer']//yt-formatted-string[@id='label' and text()='Shqip']
2026-03-05 19:23:18.193 [TestNG-test-Yt Master Tests-2] INFO  [verifyingSideMenuCollapsedLangAsInSettings] [verifyingSideMenuCollapsedLangAsInSettings] Element found and ready (attempt 1): By.xpath: //yt-multi-page-menu-section-renderer[@class='style-scope ytd-multi-page-menu-renderer']//yt-formatted-string[@id='label' and text()='Shqip']
2026-03-05 19:23:18.889 [TestNG-test-Yt Master Tests-2] INFO  [verifyingSideMenuCollapsedLangAsInSettings] Clicking settings ellipses button...
2026-03-05 19:23:19.033 [TestNG-test-Yt Master Tests-2] INFO  [verifyingSideMenuCollapsedLangAsInSettings] [verifyingSideMenuCollapsedLangAsInSettings] Trying to find element: By.xpath: //ytd-topbar-menu-button-renderer[@class='style-scope ytd-masthead style-default']
2026-03-05 19:23:19.090 [TestNG-test-Yt Master Tests-2] INFO  [verifyingSideMenuCollapsedLangAsInSettings] [verifyingSideMenuCollapsedLangAsInSettings] Element found and ready (attempt 1): By.xpath: //ytd-topbar-menu-button-renderer[@class='style-scope ytd-masthead style-default']
2026-03-05 19:23:19.285 [TestNG-test-Yt Master Tests-2] INFO  [verifyingSideMenuCollapsedLangAsInSettings] [verifyingSideMenuCollapsedLangAsInSettings] Waiting until element is visible in viewport
2026-03-05 19:23:19.448 [TestNG-test-Yt Master Tests-2] INFO  [verifyingSideMenuCollapsedLangAsInSettings] [verifyingSideMenuCollapsedLangAsInSettings] Capturing screenshot: Filter Applied is Shqip__2026-03-05_192319.jpg
2026-03-05 19:23:19.713 [TestNG-test-Yt Master Tests-2] INFO  [verifyingSideMenuCollapsedLangAsInSettings] [verifyingSideMenuCollapsedLangAsInSettings] Screenshot saved at: test-output/screenshots/Run_2026-03-05_19-02-45/verifyingSideMenuCollapsedLangAsInSettings/Filter Applied is Shqip__2026-03-05_192319.jpg
2026-03-05 19:23:19.713 [TestNG-test-Yt Master Tests-2] INFO  [verifyingSideMenuCollapsedLangAsInSettings] Clicking settings ellipses button...
2026-03-05 19:23:19.731 [TestNG-test-Yt Master Tests-2] INFO  [verifyingSideMenuCollapsedLangAsInSettings] [verifyingSideMenuCollapsedLangAsInSettings] Trying to find element: By.xpath: //ytd-topbar-menu-button-renderer[@class='style-scope ytd-masthead style-default']
2026-03-05 19:23:19.777 [TestNG-test-Yt Master Tests-2] INFO  [verifyingSideMenuCollapsedLangAsInSettings] [verifyingSideMenuCollapsedLangAsInSettings] Element found and ready (attempt 1): By.xpath: //ytd-topbar-menu-button-renderer[@class='style-scope ytd-masthead style-default']
2026-03-05 19:23:19.822 [TestNG-test-Yt Master Tests-2] INFO  [verifyingSideMenuCollapsedLangAsInSettings] getLangAttribute() - locating <html> and reading lang property
2026-03-05 19:23:19.836 [TestNG-test-Yt Master Tests-2] INFO  [verifyingSideMenuCollapsedLangAsInSettings] Language attribute read: sq-AL
2026-03-05 19:23:19.836 [TestNG-test-Yt Master Tests-2] INFO  [verifyingSideMenuCollapsedLangAsInSettings] Fetching the side menu in collapsed view
2026-03-05 19:23:19.836 [TestNG-test-Yt Master Tests-2] INFO  [verifyingSideMenuCollapsedLangAsInSettings] [verifyingSideMenuCollapsedLangAsInSettings] Finding elements list: By.xpath: //ytd-mini-guide-renderer[@class='style-scope ytd-app']//ytd-mini-guide-entry-renderer
2026-03-05 19:23:19.891 [TestNG-test-Yt Master Tests-2] INFO  [verifyingSideMenuCollapsedLangAsInSettings] [verifyingSideMenuCollapsedLangAsInSettings] Found 4 ready elements (attempt 1): By.xpath: //ytd-mini-guide-renderer[@class='style-scope ytd-app']//ytd-mini-guide-entry-renderer
2026-03-05 19:23:19.963 [TestNG-test-Yt Master Tests-2] INFO  [verifyingSideMenuCollapsedLangAsInSettings] Clicking settings ellipses button...
2026-03-05 19:23:19.982 [TestNG-test-Yt Master Tests-2] INFO  [verifyingSideMenuCollapsedLangAsInSettings] [verifyingSideMenuCollapsedLangAsInSettings] Trying to find element: By.xpath: //ytd-topbar-menu-button-renderer[@class='style-scope ytd-masthead style-default']
2026-03-05 19:23:20.035 [TestNG-test-Yt Master Tests-2] INFO  [verifyingSideMenuCollapsedLangAsInSettings] [verifyingSideMenuCollapsedLangAsInSettings] Element found and ready (attempt 1): By.xpath: //ytd-topbar-menu-button-renderer[@class='style-scope ytd-masthead style-default']
2026-03-05 19:23:20.106 [TestNG-test-Yt Master Tests-2] INFO  [verifyingSideMenuCollapsedLangAsInSettings] Clicking language dropdown...
2026-03-05 19:23:20.106 [TestNG-test-Yt Master Tests-2] INFO  [verifyingSideMenuCollapsedLangAsInSettings] [verifyingSideMenuCollapsedLangAsInSettings] Trying to find element: By.xpath: (//div[@id='content-icon'])[2]
2026-03-05 19:23:20.671 [TestNG-test-Yt Master Tests-2] INFO  [verifyingSideMenuCollapsedLangAsInSettings] [verifyingSideMenuCollapsedLangAsInSettings] Element found and ready (attempt 1): By.xpath: (//div[@id='content-icon'])[2]
2026-03-05 19:23:20.970 [TestNG-test-Yt Master Tests-2] INFO  [verifyingSideMenuCollapsedLangAsInSettings] Looking for language element with name: Slovenščina
2026-03-05 19:23:20.970 [TestNG-test-Yt Master Tests-2] INFO  [verifyingSideMenuCollapsedLangAsInSettings] [verifyingSideMenuCollapsedLangAsInSettings] Trying to find element: By.xpath: //yt-multi-page-menu-section-renderer[@class='style-scope ytd-multi-page-menu-renderer']//yt-formatted-string[@id='label' and text()='Slovenščina']
2026-03-05 19:23:21.060 [TestNG-test-Yt Master Tests-2] INFO  [verifyingSideMenuCollapsedLangAsInSettings] [verifyingSideMenuCollapsedLangAsInSettings] Element found and ready (attempt 1): By.xpath: //yt-multi-page-menu-section-renderer[@class='style-scope ytd-multi-page-menu-renderer']//yt-formatted-string[@id='label' and text()='Slovenščina']
2026-03-05 19:23:21.060 [TestNG-test-Yt Master Tests-2] INFO  [verifyingSideMenuCollapsedLangAsInSettings] [verifyingSideMenuCollapsedLangAsInSettings] Trying to find element: By.xpath: //yt-multi-page-menu-section-renderer[@class='style-scope ytd-multi-page-menu-renderer']//yt-formatted-string[@id='label' and text()='Slovenščina']
2026-03-05 19:23:21.118 [TestNG-test-Yt Master Tests-2] INFO  [verifyingSideMenuCollapsedLangAsInSettings] [verifyingSideMenuCollapsedLangAsInSettings] Element found and ready (attempt 1): By.xpath: //yt-multi-page-menu-section-renderer[@class='style-scope ytd-multi-page-menu-renderer']//yt-formatted-string[@id='label' and text()='Slovenščina']
2026-03-05 19:23:21.822 [TestNG-test-Yt Master Tests-2] INFO  [verifyingSideMenuCollapsedLangAsInSettings] Clicking settings ellipses button...
2026-03-05 19:23:21.968 [TestNG-test-Yt Master Tests-2] INFO  [verifyingSideMenuCollapsedLangAsInSettings] [verifyingSideMenuCollapsedLangAsInSettings] Trying to find element: By.xpath: //ytd-topbar-menu-button-renderer[@class='style-scope ytd-masthead style-default']
2026-03-05 19:23:22.032 [TestNG-test-Yt Master Tests-2] INFO  [verifyingSideMenuCollapsedLangAsInSettings] [verifyingSideMenuCollapsedLangAsInSettings] Element found and ready (attempt 1): By.xpath: //ytd-topbar-menu-button-renderer[@class='style-scope ytd-masthead style-default']
2026-03-05 19:23:22.358 [TestNG-test-Yt Master Tests-2] INFO  [verifyingSideMenuCollapsedLangAsInSettings] [verifyingSideMenuCollapsedLangAsInSettings] Waiting until element is visible in viewport
2026-03-05 19:23:22.456 [TestNG-test-Yt Master Tests-2] INFO  [verifyingSideMenuCollapsedLangAsInSettings] [verifyingSideMenuCollapsedLangAsInSettings] Capturing screenshot: Filter Applied is Slovenščina__2026-03-05_192322.jpg
2026-03-05 19:23:22.733 [TestNG-test-Yt Master Tests-2] INFO  [verifyingSideMenuCollapsedLangAsInSettings] [verifyingSideMenuCollapsedLangAsInSettings] Screenshot saved at: test-output/screenshots/Run_2026-03-05_19-02-45/verifyingSideMenuCollapsedLangAsInSettings/Filter Applied is Slovenščina__2026-03-05_192322.jpg
2026-03-05 19:23:22.733 [TestNG-test-Yt Master Tests-2] INFO  [verifyingSideMenuCollapsedLangAsInSettings] Clicking settings ellipses button...
2026-03-05 19:23:22.760 [TestNG-test-Yt Master Tests-2] INFO  [verifyingSideMenuCollapsedLangAsInSettings] [verifyingSideMenuCollapsedLangAsInSettings] Trying to find element: By.xpath: //ytd-topbar-menu-button-renderer[@class='style-scope ytd-masthead style-default']
2026-03-05 19:23:22.806 [TestNG-test-Yt Master Tests-2] INFO  [verifyingSideMenuCollapsedLangAsInSettings] [verifyingSideMenuCollapsedLangAsInSettings] Element found and ready (attempt 1): By.xpath: //ytd-topbar-menu-button-renderer[@class='style-scope ytd-masthead style-default']
2026-03-05 19:23:22.853 [TestNG-test-Yt Master Tests-2] INFO  [verifyingSideMenuCollapsedLangAsInSettings] getLangAttribute() - locating <html> and reading lang property
2026-03-05 19:23:22.866 [TestNG-test-Yt Master Tests-2] INFO  [verifyingSideMenuCollapsedLangAsInSettings] Language attribute read: sl-SI
2026-03-05 19:23:22.866 [TestNG-test-Yt Master Tests-2] INFO  [verifyingSideMenuCollapsedLangAsInSettings] Fetching the side menu in collapsed view
2026-03-05 19:23:22.866 [TestNG-test-Yt Master Tests-2] INFO  [verifyingSideMenuCollapsedLangAsInSettings] [verifyingSideMenuCollapsedLangAsInSettings] Finding elements list: By.xpath: //ytd-mini-guide-renderer[@class='style-scope ytd-app']//ytd-mini-guide-entry-renderer
2026-03-05 19:23:22.922 [TestNG-test-Yt Master Tests-2] INFO  [verifyingSideMenuCollapsedLangAsInSettings] [verifyingSideMenuCollapsedLangAsInSettings] Found 4 ready elements (attempt 1): By.xpath: //ytd-mini-guide-renderer[@class='style-scope ytd-app']//ytd-mini-guide-entry-renderer
2026-03-05 19:23:22.994 [TestNG-test-Yt Master Tests-2] INFO  [verifyingSideMenuCollapsedLangAsInSettings] Clicking settings ellipses button...
2026-03-05 19:23:23.015 [TestNG-test-Yt Master Tests-2] INFO  [verifyingSideMenuCollapsedLangAsInSettings] [verifyingSideMenuCollapsedLangAsInSettings] Trying to find element: By.xpath: //ytd-topbar-menu-button-renderer[@class='style-scope ytd-masthead style-default']
2026-03-05 19:23:23.066 [TestNG-test-Yt Master Tests-2] INFO  [verifyingSideMenuCollapsedLangAsInSettings] [verifyingSideMenuCollapsedLangAsInSettings] Element found and ready (attempt 1): By.xpath: //ytd-topbar-menu-button-renderer[@class='style-scope ytd-masthead style-default']
2026-03-05 19:23:23.134 [TestNG-test-Yt Master Tests-2] INFO  [verifyingSideMenuCollapsedLangAsInSettings] Clicking language dropdown...
2026-03-05 19:23:23.134 [TestNG-test-Yt Master Tests-2] INFO  [verifyingSideMenuCollapsedLangAsInSettings] [verifyingSideMenuCollapsedLangAsInSettings] Trying to find element: By.xpath: (//div[@id='content-icon'])[2]
2026-03-05 19:23:23.692 [TestNG-test-Yt Master Tests-2] INFO  [verifyingSideMenuCollapsedLangAsInSettings] [verifyingSideMenuCollapsedLangAsInSettings] Element found and ready (attempt 1): By.xpath: (//div[@id='content-icon'])[2]
2026-03-05 19:23:23.981 [TestNG-test-Yt Master Tests-2] INFO  [verifyingSideMenuCollapsedLangAsInSettings] Looking for language element with name: Suomi
2026-03-05 19:23:23.981 [TestNG-test-Yt Master Tests-2] INFO  [verifyingSideMenuCollapsedLangAsInSettings] [verifyingSideMenuCollapsedLangAsInSettings] Trying to find element: By.xpath: //yt-multi-page-menu-section-renderer[@class='style-scope ytd-multi-page-menu-renderer']//yt-formatted-string[@id='label' and text()='Suomi']
2026-03-05 19:23:24.075 [TestNG-test-Yt Master Tests-2] INFO  [verifyingSideMenuCollapsedLangAsInSettings] [verifyingSideMenuCollapsedLangAsInSettings] Element found and ready (attempt 1): By.xpath: //yt-multi-page-menu-section-renderer[@class='style-scope ytd-multi-page-menu-renderer']//yt-formatted-string[@id='label' and text()='Suomi']
2026-03-05 19:23:24.075 [TestNG-test-Yt Master Tests-2] INFO  [verifyingSideMenuCollapsedLangAsInSettings] [verifyingSideMenuCollapsedLangAsInSettings] Trying to find element: By.xpath: //yt-multi-page-menu-section-renderer[@class='style-scope ytd-multi-page-menu-renderer']//yt-formatted-string[@id='label' and text()='Suomi']
2026-03-05 19:23:24.125 [TestNG-test-Yt Master Tests-2] INFO  [verifyingSideMenuCollapsedLangAsInSettings] [verifyingSideMenuCollapsedLangAsInSettings] Element found and ready (attempt 1): By.xpath: //yt-multi-page-menu-section-renderer[@class='style-scope ytd-multi-page-menu-renderer']//yt-formatted-string[@id='label' and text()='Suomi']
2026-03-05 19:23:24.923 [TestNG-test-Yt Master Tests-2] INFO  [verifyingSideMenuCollapsedLangAsInSettings] Clicking settings ellipses button...
2026-03-05 19:23:25.019 [TestNG-test-Yt Master Tests-2] INFO  [verifyingSideMenuCollapsedLangAsInSettings] [verifyingSideMenuCollapsedLangAsInSettings] Trying to find element: By.xpath: //ytd-topbar-menu-button-renderer[@class='style-scope ytd-masthead style-default']
2026-03-05 19:23:25.158 [TestNG-test-Yt Master Tests-2] INFO  [verifyingSideMenuCollapsedLangAsInSettings] [verifyingSideMenuCollapsedLangAsInSettings] Element found and ready (attempt 1): By.xpath: //ytd-topbar-menu-button-renderer[@class='style-scope ytd-masthead style-default']
2026-03-05 19:23:25.346 [TestNG-test-Yt Master Tests-2] INFO  [verifyingSideMenuCollapsedLangAsInSettings] [verifyingSideMenuCollapsedLangAsInSettings] Waiting until element is visible in viewport
2026-03-05 19:23:25.448 [TestNG-test-Yt Master Tests-2] INFO  [verifyingSideMenuCollapsedLangAsInSettings] [verifyingSideMenuCollapsedLangAsInSettings] Capturing screenshot: Filter Applied is Suomi__2026-03-05_192325.jpg
2026-03-05 19:23:25.708 [TestNG-test-Yt Master Tests-2] INFO  [verifyingSideMenuCollapsedLangAsInSettings] [verifyingSideMenuCollapsedLangAsInSettings] Screenshot saved at: test-output/screenshots/Run_2026-03-05_19-02-45/verifyingSideMenuCollapsedLangAsInSettings/Filter Applied is Suomi__2026-03-05_192325.jpg
2026-03-05 19:23:25.708 [TestNG-test-Yt Master Tests-2] INFO  [verifyingSideMenuCollapsedLangAsInSettings] Clicking settings ellipses button...
2026-03-05 19:23:25.727 [TestNG-test-Yt Master Tests-2] INFO  [verifyingSideMenuCollapsedLangAsInSettings] [verifyingSideMenuCollapsedLangAsInSettings] Trying to find element: By.xpath: //ytd-topbar-menu-button-renderer[@class='style-scope ytd-masthead style-default']
2026-03-05 19:23:25.773 [TestNG-test-Yt Master Tests-2] INFO  [verifyingSideMenuCollapsedLangAsInSettings] [verifyingSideMenuCollapsedLangAsInSettings] Element found and ready (attempt 1): By.xpath: //ytd-topbar-menu-button-renderer[@class='style-scope ytd-masthead style-default']
2026-03-05 19:23:25.820 [TestNG-test-Yt Master Tests-2] INFO  [verifyingSideMenuCollapsedLangAsInSettings] getLangAttribute() - locating <html> and reading lang property
2026-03-05 19:23:25.832 [TestNG-test-Yt Master Tests-2] INFO  [verifyingSideMenuCollapsedLangAsInSettings] Language attribute read: fi-FI
2026-03-05 19:23:25.832 [TestNG-test-Yt Master Tests-2] INFO  [verifyingSideMenuCollapsedLangAsInSettings] Fetching the side menu in collapsed view
2026-03-05 19:23:25.832 [TestNG-test-Yt Master Tests-2] INFO  [verifyingSideMenuCollapsedLangAsInSettings] [verifyingSideMenuCollapsedLangAsInSettings] Finding elements list: By.xpath: //ytd-mini-guide-renderer[@class='style-scope ytd-app']//ytd-mini-guide-entry-renderer
2026-03-05 19:23:25.895 [TestNG-test-Yt Master Tests-2] INFO  [verifyingSideMenuCollapsedLangAsInSettings] [verifyingSideMenuCollapsedLangAsInSettings] Found 4 ready elements (attempt 1): By.xpath: //ytd-mini-guide-renderer[@class='style-scope ytd-app']//ytd-mini-guide-entry-renderer
2026-03-05 19:23:25.969 [TestNG-test-Yt Master Tests-2] INFO  [verifyingSideMenuCollapsedLangAsInSettings] Clicking settings ellipses button...
2026-03-05 19:23:25.989 [TestNG-test-Yt Master Tests-2] INFO  [verifyingSideMenuCollapsedLangAsInSettings] [verifyingSideMenuCollapsedLangAsInSettings] Trying to find element: By.xpath: //ytd-topbar-menu-button-renderer[@class='style-scope ytd-masthead style-default']
2026-03-05 19:23:26.038 [TestNG-test-Yt Master Tests-2] INFO  [verifyingSideMenuCollapsedLangAsInSettings] [verifyingSideMenuCollapsedLangAsInSettings] Element found and ready (attempt 1): By.xpath: //ytd-topbar-menu-button-renderer[@class='style-scope ytd-masthead style-default']
2026-03-05 19:23:26.103 [TestNG-test-Yt Master Tests-2] INFO  [verifyingSideMenuCollapsedLangAsInSettings] Clicking language dropdown...
2026-03-05 19:23:26.103 [TestNG-test-Yt Master Tests-2] INFO  [verifyingSideMenuCollapsedLangAsInSettings] [verifyingSideMenuCollapsedLangAsInSettings] Trying to find element: By.xpath: (//div[@id='content-icon'])[2]
2026-03-05 19:23:26.658 [TestNG-test-Yt Master Tests-2] INFO  [verifyingSideMenuCollapsedLangAsInSettings] [verifyingSideMenuCollapsedLangAsInSettings] Element found and ready (attempt 1): By.xpath: (//div[@id='content-icon'])[2]
2026-03-05 19:23:26.942 [TestNG-test-Yt Master Tests-2] INFO  [verifyingSideMenuCollapsedLangAsInSettings] Looking for language element with name: Svenska
2026-03-05 19:23:26.942 [TestNG-test-Yt Master Tests-2] INFO  [verifyingSideMenuCollapsedLangAsInSettings] [verifyingSideMenuCollapsedLangAsInSettings] Trying to find element: By.xpath: //yt-multi-page-menu-section-renderer[@class='style-scope ytd-multi-page-menu-renderer']//yt-formatted-string[@id='label' and text()='Svenska']
2026-03-05 19:23:27.038 [TestNG-test-Yt Master Tests-2] INFO  [verifyingSideMenuCollapsedLangAsInSettings] [verifyingSideMenuCollapsedLangAsInSettings] Element found and ready (attempt 1): By.xpath: //yt-multi-page-menu-section-renderer[@class='style-scope ytd-multi-page-menu-renderer']//yt-formatted-string[@id='label' and text()='Svenska']
2026-03-05 19:23:27.038 [TestNG-test-Yt Master Tests-2] INFO  [verifyingSideMenuCollapsedLangAsInSettings] [verifyingSideMenuCollapsedLangAsInSettings] Trying to find element: By.xpath: //yt-multi-page-menu-section-renderer[@class='style-scope ytd-multi-page-menu-renderer']//yt-formatted-string[@id='label' and text()='Svenska']
2026-03-05 19:23:27.094 [TestNG-test-Yt Master Tests-2] INFO  [verifyingSideMenuCollapsedLangAsInSettings] [verifyingSideMenuCollapsedLangAsInSettings] Element found and ready (attempt 1): By.xpath: //yt-multi-page-menu-section-renderer[@class='style-scope ytd-multi-page-menu-renderer']//yt-formatted-string[@id='label' and text()='Svenska']
2026-03-05 19:23:27.839 [TestNG-test-Yt Master Tests-2] INFO  [verifyingSideMenuCollapsedLangAsInSettings] Clicking settings ellipses button...
2026-03-05 19:23:28.066 [TestNG-test-Yt Master Tests-2] INFO  [verifyingSideMenuCollapsedLangAsInSettings] [verifyingSideMenuCollapsedLangAsInSettings] Trying to find element: By.xpath: //ytd-topbar-menu-button-renderer[@class='style-scope ytd-masthead style-default']
2026-03-05 19:23:28.188 [TestNG-test-Yt Master Tests-2] INFO  [verifyingSideMenuCollapsedLangAsInSettings] [verifyingSideMenuCollapsedLangAsInSettings] Element found and ready (attempt 1): By.xpath: //ytd-topbar-menu-button-renderer[@class='style-scope ytd-masthead style-default']
2026-03-05 19:23:28.597 [TestNG-test-Yt Master Tests-2] INFO  [verifyingSideMenuCollapsedLangAsInSettings] [verifyingSideMenuCollapsedLangAsInSettings] Waiting until element is visible in viewport
2026-03-05 19:23:28.804 [TestNG-test-Yt Master Tests-2] INFO  [verifyingSideMenuCollapsedLangAsInSettings] [verifyingSideMenuCollapsedLangAsInSettings] Capturing screenshot: Filter Applied is Svenska__2026-03-05_192328.jpg
2026-03-05 19:23:29.239 [TestNG-test-Yt Master Tests-2] INFO  [verifyingSideMenuCollapsedLangAsInSettings] [verifyingSideMenuCollapsedLangAsInSettings] Screenshot saved at: test-output/screenshots/Run_2026-03-05_19-02-45/verifyingSideMenuCollapsedLangAsInSettings/Filter Applied is Svenska__2026-03-05_192328.jpg
2026-03-05 19:23:29.239 [TestNG-test-Yt Master Tests-2] INFO  [verifyingSideMenuCollapsedLangAsInSettings] Clicking settings ellipses button...
2026-03-05 19:23:29.261 [TestNG-test-Yt Master Tests-2] INFO  [verifyingSideMenuCollapsedLangAsInSettings] [verifyingSideMenuCollapsedLangAsInSettings] Trying to find element: By.xpath: //ytd-topbar-menu-button-renderer[@class='style-scope ytd-masthead style-default']
2026-03-05 19:23:29.325 [TestNG-test-Yt Master Tests-2] INFO  [verifyingSideMenuCollapsedLangAsInSettings] [verifyingSideMenuCollapsedLangAsInSettings] Element found and ready (attempt 1): By.xpath: //ytd-topbar-menu-button-renderer[@class='style-scope ytd-masthead style-default']
2026-03-05 19:23:29.382 [TestNG-test-Yt Master Tests-2] INFO  [verifyingSideMenuCollapsedLangAsInSettings] getLangAttribute() - locating <html> and reading lang property
2026-03-05 19:23:29.397 [TestNG-test-Yt Master Tests-2] INFO  [verifyingSideMenuCollapsedLangAsInSettings] Language attribute read: sv-SE
2026-03-05 19:23:29.397 [TestNG-test-Yt Master Tests-2] INFO  [verifyingSideMenuCollapsedLangAsInSettings] Fetching the side menu in collapsed view
2026-03-05 19:23:29.397 [TestNG-test-Yt Master Tests-2] INFO  [verifyingSideMenuCollapsedLangAsInSettings] [verifyingSideMenuCollapsedLangAsInSettings] Finding elements list: By.xpath: //ytd-mini-guide-renderer[@class='style-scope ytd-app']//ytd-mini-guide-entry-renderer
2026-03-05 19:23:29.467 [TestNG-test-Yt Master Tests-2] INFO  [verifyingSideMenuCollapsedLangAsInSettings] [verifyingSideMenuCollapsedLangAsInSettings] Found 4 ready elements (attempt 1): By.xpath: //ytd-mini-guide-renderer[@class='style-scope ytd-app']//ytd-mini-guide-entry-renderer
2026-03-05 19:23:29.557 [TestNG-test-Yt Master Tests-2] INFO  [verifyingSideMenuCollapsedLangAsInSettings] Clicking settings ellipses button...
2026-03-05 19:23:29.580 [TestNG-test-Yt Master Tests-2] INFO  [verifyingSideMenuCollapsedLangAsInSettings] [verifyingSideMenuCollapsedLangAsInSettings] Trying to find element: By.xpath: //ytd-topbar-menu-button-renderer[@class='style-scope ytd-masthead style-default']
2026-03-05 19:23:29.645 [TestNG-test-Yt Master Tests-2] INFO  [verifyingSideMenuCollapsedLangAsInSettings] [verifyingSideMenuCollapsedLangAsInSettings] Element found and ready (attempt 1): By.xpath: //ytd-topbar-menu-button-renderer[@class='style-scope ytd-masthead style-default']
2026-03-05 19:23:29.721 [TestNG-test-Yt Master Tests-2] INFO  [verifyingSideMenuCollapsedLangAsInSettings] Clicking language dropdown...
2026-03-05 19:23:29.721 [TestNG-test-Yt Master Tests-2] INFO  [verifyingSideMenuCollapsedLangAsInSettings] [verifyingSideMenuCollapsedLangAsInSettings] Trying to find element: By.xpath: (//div[@id='content-icon'])[2]
2026-03-05 19:23:30.325 [TestNG-test-Yt Master Tests-2] INFO  [verifyingSideMenuCollapsedLangAsInSettings] [verifyingSideMenuCollapsedLangAsInSettings] Element found and ready (attempt 1): By.xpath: (//div[@id='content-icon'])[2]
2026-03-05 19:23:30.736 [TestNG-test-Yt Master Tests-2] INFO  [verifyingSideMenuCollapsedLangAsInSettings] Looking for language element with name: Tiếng Việt
2026-03-05 19:23:30.736 [TestNG-test-Yt Master Tests-2] INFO  [verifyingSideMenuCollapsedLangAsInSettings] [verifyingSideMenuCollapsedLangAsInSettings] Trying to find element: By.xpath: //yt-multi-page-menu-section-renderer[@class='style-scope ytd-multi-page-menu-renderer']//yt-formatted-string[@id='label' and text()='Tiếng Việt']
2026-03-05 19:23:30.878 [TestNG-test-Yt Master Tests-2] INFO  [verifyingSideMenuCollapsedLangAsInSettings] [verifyingSideMenuCollapsedLangAsInSettings] Element found and ready (attempt 1): By.xpath: //yt-multi-page-menu-section-renderer[@class='style-scope ytd-multi-page-menu-renderer']//yt-formatted-string[@id='label' and text()='Tiếng Việt']
2026-03-05 19:23:30.878 [TestNG-test-Yt Master Tests-2] INFO  [verifyingSideMenuCollapsedLangAsInSettings] [verifyingSideMenuCollapsedLangAsInSettings] Trying to find element: By.xpath: //yt-multi-page-menu-section-renderer[@class='style-scope ytd-multi-page-menu-renderer']//yt-formatted-string[@id='label' and text()='Tiếng Việt']
2026-03-05 19:23:30.950 [TestNG-test-Yt Master Tests-2] INFO  [verifyingSideMenuCollapsedLangAsInSettings] [verifyingSideMenuCollapsedLangAsInSettings] Element found and ready (attempt 1): By.xpath: //yt-multi-page-menu-section-renderer[@class='style-scope ytd-multi-page-menu-renderer']//yt-formatted-string[@id='label' and text()='Tiếng Việt']
2026-03-05 19:23:32.058 [TestNG-test-Yt Master Tests-2] INFO  [verifyingSideMenuCollapsedLangAsInSettings] Clicking settings ellipses button...
2026-03-05 19:23:32.151 [TestNG-test-Yt Master Tests-2] INFO  [verifyingSideMenuCollapsedLangAsInSettings] [verifyingSideMenuCollapsedLangAsInSettings] Trying to find element: By.xpath: //ytd-topbar-menu-button-renderer[@class='style-scope ytd-masthead style-default']
2026-03-05 19:23:32.217 [TestNG-test-Yt Master Tests-2] INFO  [verifyingSideMenuCollapsedLangAsInSettings] [verifyingSideMenuCollapsedLangAsInSettings] Element found and ready (attempt 1): By.xpath: //ytd-topbar-menu-button-renderer[@class='style-scope ytd-masthead style-default']
2026-03-05 19:23:32.586 [TestNG-test-Yt Master Tests-2] INFO  [verifyingSideMenuCollapsedLangAsInSettings] [verifyingSideMenuCollapsedLangAsInSettings] Waiting until element is visible in viewport
2026-03-05 19:23:32.687 [TestNG-test-Yt Master Tests-2] INFO  [verifyingSideMenuCollapsedLangAsInSettings] [verifyingSideMenuCollapsedLangAsInSettings] Capturing screenshot: Filter Applied is Tiếng Việt__2026-03-05_192332.jpg
2026-03-05 19:23:32.942 [TestNG-test-Yt Master Tests-2] INFO  [verifyingSideMenuCollapsedLangAsInSettings] [verifyingSideMenuCollapsedLangAsInSettings] Screenshot saved at: test-output/screenshots/Run_2026-03-05_19-02-45/verifyingSideMenuCollapsedLangAsInSettings/Filter Applied is Tiếng Việt__2026-03-05_192332.jpg
2026-03-05 19:23:32.942 [TestNG-test-Yt Master Tests-2] INFO  [verifyingSideMenuCollapsedLangAsInSettings] Clicking settings ellipses button...
2026-03-05 19:23:32.961 [TestNG-test-Yt Master Tests-2] INFO  [verifyingSideMenuCollapsedLangAsInSettings] [verifyingSideMenuCollapsedLangAsInSettings] Trying to find element: By.xpath: //ytd-topbar-menu-button-renderer[@class='style-scope ytd-masthead style-default']
2026-03-05 19:23:33.007 [TestNG-test-Yt Master Tests-2] INFO  [verifyingSideMenuCollapsedLangAsInSettings] [verifyingSideMenuCollapsedLangAsInSettings] Element found and ready (attempt 1): By.xpath: //ytd-topbar-menu-button-renderer[@class='style-scope ytd-masthead style-default']
2026-03-05 19:23:33.053 [TestNG-test-Yt Master Tests-2] INFO  [verifyingSideMenuCollapsedLangAsInSettings] getLangAttribute() - locating <html> and reading lang property
2026-03-05 19:23:33.065 [TestNG-test-Yt Master Tests-2] INFO  [verifyingSideMenuCollapsedLangAsInSettings] Language attribute read: vi-VN
2026-03-05 19:23:33.066 [TestNG-test-Yt Master Tests-2] INFO  [verifyingSideMenuCollapsedLangAsInSettings] Fetching the side menu in collapsed view
2026-03-05 19:23:33.066 [TestNG-test-Yt Master Tests-2] INFO  [verifyingSideMenuCollapsedLangAsInSettings] [verifyingSideMenuCollapsedLangAsInSettings] Finding elements list: By.xpath: //ytd-mini-guide-renderer[@class='style-scope ytd-app']//ytd-mini-guide-entry-renderer
2026-03-05 19:23:33.125 [TestNG-test-Yt Master Tests-2] INFO  [verifyingSideMenuCollapsedLangAsInSettings] [verifyingSideMenuCollapsedLangAsInSettings] Found 4 ready elements (attempt 1): By.xpath: //ytd-mini-guide-renderer[@class='style-scope ytd-app']//ytd-mini-guide-entry-renderer
2026-03-05 19:23:33.212 [TestNG-test-Yt Master Tests-2] INFO  [verifyingSideMenuCollapsedLangAsInSettings] Clicking settings ellipses button...
2026-03-05 19:23:33.231 [TestNG-test-Yt Master Tests-2] INFO  [verifyingSideMenuCollapsedLangAsInSettings] [verifyingSideMenuCollapsedLangAsInSettings] Trying to find element: By.xpath: //ytd-topbar-menu-button-renderer[@class='style-scope ytd-masthead style-default']
2026-03-05 19:23:33.281 [TestNG-test-Yt Master Tests-2] INFO  [verifyingSideMenuCollapsedLangAsInSettings] [verifyingSideMenuCollapsedLangAsInSettings] Element found and ready (attempt 1): By.xpath: //ytd-topbar-menu-button-renderer[@class='style-scope ytd-masthead style-default']
2026-03-05 19:23:33.336 [TestNG-test-Yt Master Tests-2] INFO  [verifyingSideMenuCollapsedLangAsInSettings] Clicking language dropdown...
2026-03-05 19:23:33.336 [TestNG-test-Yt Master Tests-2] INFO  [verifyingSideMenuCollapsedLangAsInSettings] [verifyingSideMenuCollapsedLangAsInSettings] Trying to find element: By.xpath: (//div[@id='content-icon'])[2]
2026-03-05 19:23:33.904 [TestNG-test-Yt Master Tests-2] INFO  [verifyingSideMenuCollapsedLangAsInSettings] [verifyingSideMenuCollapsedLangAsInSettings] Element found and ready (attempt 1): By.xpath: (//div[@id='content-icon'])[2]
2026-03-05 19:23:34.204 [TestNG-test-Yt Master Tests-2] INFO  [verifyingSideMenuCollapsedLangAsInSettings] Looking for language element with name: Türkçe
2026-03-05 19:23:34.204 [TestNG-test-Yt Master Tests-2] INFO  [verifyingSideMenuCollapsedLangAsInSettings] [verifyingSideMenuCollapsedLangAsInSettings] Trying to find element: By.xpath: //yt-multi-page-menu-section-renderer[@class='style-scope ytd-multi-page-menu-renderer']//yt-formatted-string[@id='label' and text()='Türkçe']
2026-03-05 19:23:34.303 [TestNG-test-Yt Master Tests-2] INFO  [verifyingSideMenuCollapsedLangAsInSettings] [verifyingSideMenuCollapsedLangAsInSettings] Element found and ready (attempt 1): By.xpath: //yt-multi-page-menu-section-renderer[@class='style-scope ytd-multi-page-menu-renderer']//yt-formatted-string[@id='label' and text()='Türkçe']
2026-03-05 19:23:34.303 [TestNG-test-Yt Master Tests-2] INFO  [verifyingSideMenuCollapsedLangAsInSettings] [verifyingSideMenuCollapsedLangAsInSettings] Trying to find element: By.xpath: //yt-multi-page-menu-section-renderer[@class='style-scope ytd-multi-page-menu-renderer']//yt-formatted-string[@id='label' and text()='Türkçe']
2026-03-05 19:23:34.362 [TestNG-test-Yt Master Tests-2] INFO  [verifyingSideMenuCollapsedLangAsInSettings] [verifyingSideMenuCollapsedLangAsInSettings] Element found and ready (attempt 1): By.xpath: //yt-multi-page-menu-section-renderer[@class='style-scope ytd-multi-page-menu-renderer']//yt-formatted-string[@id='label' and text()='Türkçe']
2026-03-05 19:23:35.030 [TestNG-test-Yt Master Tests-2] INFO  [verifyingSideMenuCollapsedLangAsInSettings] Clicking settings ellipses button...
2026-03-05 19:23:35.202 [TestNG-test-Yt Master Tests-2] INFO  [verifyingSideMenuCollapsedLangAsInSettings] [verifyingSideMenuCollapsedLangAsInSettings] Trying to find element: By.xpath: //ytd-topbar-menu-button-renderer[@class='style-scope ytd-masthead style-default']
2026-03-05 19:23:35.248 [TestNG-test-Yt Master Tests-2] INFO  [verifyingSideMenuCollapsedLangAsInSettings] [verifyingSideMenuCollapsedLangAsInSettings] Element found and ready (attempt 1): By.xpath: //ytd-topbar-menu-button-renderer[@class='style-scope ytd-masthead style-default']
2026-03-05 19:23:35.428 [TestNG-test-Yt Master Tests-2] INFO  [verifyingSideMenuCollapsedLangAsInSettings] [verifyingSideMenuCollapsedLangAsInSettings] Waiting until element is visible in viewport
2026-03-05 19:23:35.572 [TestNG-test-Yt Master Tests-2] INFO  [verifyingSideMenuCollapsedLangAsInSettings] [verifyingSideMenuCollapsedLangAsInSettings] Capturing screenshot: Filter Applied is Türkçe__2026-03-05_192335.jpg
2026-03-05 19:23:35.865 [TestNG-test-Yt Master Tests-2] INFO  [verifyingSideMenuCollapsedLangAsInSettings] [verifyingSideMenuCollapsedLangAsInSettings] Screenshot saved at: test-output/screenshots/Run_2026-03-05_19-02-45/verifyingSideMenuCollapsedLangAsInSettings/Filter Applied is Türkçe__2026-03-05_192335.jpg
2026-03-05 19:23:35.865 [TestNG-test-Yt Master Tests-2] INFO  [verifyingSideMenuCollapsedLangAsInSettings] Clicking settings ellipses button...
2026-03-05 19:23:35.885 [TestNG-test-Yt Master Tests-2] INFO  [verifyingSideMenuCollapsedLangAsInSettings] [verifyingSideMenuCollapsedLangAsInSettings] Trying to find element: By.xpath: //ytd-topbar-menu-button-renderer[@class='style-scope ytd-masthead style-default']
2026-03-05 19:23:35.932 [TestNG-test-Yt Master Tests-2] INFO  [verifyingSideMenuCollapsedLangAsInSettings] [verifyingSideMenuCollapsedLangAsInSettings] Element found and ready (attempt 1): By.xpath: //ytd-topbar-menu-button-renderer[@class='style-scope ytd-masthead style-default']
2026-03-05 19:23:35.980 [TestNG-test-Yt Master Tests-2] INFO  [verifyingSideMenuCollapsedLangAsInSettings] getLangAttribute() - locating <html> and reading lang property
2026-03-05 19:23:35.991 [TestNG-test-Yt Master Tests-2] INFO  [verifyingSideMenuCollapsedLangAsInSettings] Language attribute read: tr-TR
2026-03-05 19:23:35.991 [TestNG-test-Yt Master Tests-2] INFO  [verifyingSideMenuCollapsedLangAsInSettings] Fetching the side menu in collapsed view
2026-03-05 19:23:35.991 [TestNG-test-Yt Master Tests-2] INFO  [verifyingSideMenuCollapsedLangAsInSettings] [verifyingSideMenuCollapsedLangAsInSettings] Finding elements list: By.xpath: //ytd-mini-guide-renderer[@class='style-scope ytd-app']//ytd-mini-guide-entry-renderer
2026-03-05 19:23:36.047 [TestNG-test-Yt Master Tests-2] INFO  [verifyingSideMenuCollapsedLangAsInSettings] [verifyingSideMenuCollapsedLangAsInSettings] Found 4 ready elements (attempt 1): By.xpath: //ytd-mini-guide-renderer[@class='style-scope ytd-app']//ytd-mini-guide-entry-renderer
2026-03-05 19:23:36.117 [TestNG-test-Yt Master Tests-2] INFO  [verifyingSideMenuCollapsedLangAsInSettings] Clicking settings ellipses button...
2026-03-05 19:23:36.136 [TestNG-test-Yt Master Tests-2] INFO  [verifyingSideMenuCollapsedLangAsInSettings] [verifyingSideMenuCollapsedLangAsInSettings] Trying to find element: By.xpath: //ytd-topbar-menu-button-renderer[@class='style-scope ytd-masthead style-default']
2026-03-05 19:23:36.188 [TestNG-test-Yt Master Tests-2] INFO  [verifyingSideMenuCollapsedLangAsInSettings] [verifyingSideMenuCollapsedLangAsInSettings] Element found and ready (attempt 1): By.xpath: //ytd-topbar-menu-button-renderer[@class='style-scope ytd-masthead style-default']
2026-03-05 19:23:36.251 [TestNG-test-Yt Master Tests-2] INFO  [verifyingSideMenuCollapsedLangAsInSettings] Clicking language dropdown...
2026-03-05 19:23:36.251 [TestNG-test-Yt Master Tests-2] INFO  [verifyingSideMenuCollapsedLangAsInSettings] [verifyingSideMenuCollapsedLangAsInSettings] Trying to find element: By.xpath: (//div[@id='content-icon'])[2]
2026-03-05 19:23:36.809 [TestNG-test-Yt Master Tests-2] INFO  [verifyingSideMenuCollapsedLangAsInSettings] [verifyingSideMenuCollapsedLangAsInSettings] Element found and ready (attempt 1): By.xpath: (//div[@id='content-icon'])[2]
2026-03-05 19:23:37.118 [TestNG-test-Yt Master Tests-2] INFO  [verifyingSideMenuCollapsedLangAsInSettings] Looking for language element with name: Беларуская
2026-03-05 19:23:37.118 [TestNG-test-Yt Master Tests-2] INFO  [verifyingSideMenuCollapsedLangAsInSettings] [verifyingSideMenuCollapsedLangAsInSettings] Trying to find element: By.xpath: //yt-multi-page-menu-section-renderer[@class='style-scope ytd-multi-page-menu-renderer']//yt-formatted-string[@id='label' and text()='Беларуская']
2026-03-05 19:23:37.202 [TestNG-test-Yt Master Tests-2] INFO  [verifyingSideMenuCollapsedLangAsInSettings] [verifyingSideMenuCollapsedLangAsInSettings] Element found and ready (attempt 1): By.xpath: //yt-multi-page-menu-section-renderer[@class='style-scope ytd-multi-page-menu-renderer']//yt-formatted-string[@id='label' and text()='Беларуская']
2026-03-05 19:23:37.202 [TestNG-test-Yt Master Tests-2] INFO  [verifyingSideMenuCollapsedLangAsInSettings] [verifyingSideMenuCollapsedLangAsInSettings] Trying to find element: By.xpath: //yt-multi-page-menu-section-renderer[@class='style-scope ytd-multi-page-menu-renderer']//yt-formatted-string[@id='label' and text()='Беларуская']
2026-03-05 19:23:37.254 [TestNG-test-Yt Master Tests-2] INFO  [verifyingSideMenuCollapsedLangAsInSettings] [verifyingSideMenuCollapsedLangAsInSettings] Element found and ready (attempt 1): By.xpath: //yt-multi-page-menu-section-renderer[@class='style-scope ytd-multi-page-menu-renderer']//yt-formatted-string[@id='label' and text()='Беларуская']
2026-03-05 19:23:37.936 [TestNG-test-Yt Master Tests-2] INFO  [verifyingSideMenuCollapsedLangAsInSettings] Clicking settings ellipses button...
2026-03-05 19:23:38.085 [TestNG-test-Yt Master Tests-2] INFO  [verifyingSideMenuCollapsedLangAsInSettings] [verifyingSideMenuCollapsedLangAsInSettings] Trying to find element: By.xpath: //ytd-topbar-menu-button-renderer[@class='style-scope ytd-masthead style-default']
2026-03-05 19:23:38.136 [TestNG-test-Yt Master Tests-2] INFO  [verifyingSideMenuCollapsedLangAsInSettings] [verifyingSideMenuCollapsedLangAsInSettings] Element found and ready (attempt 1): By.xpath: //ytd-topbar-menu-button-renderer[@class='style-scope ytd-masthead style-default']
2026-03-05 19:23:38.310 [TestNG-test-Yt Master Tests-2] INFO  [verifyingSideMenuCollapsedLangAsInSettings] [verifyingSideMenuCollapsedLangAsInSettings] Waiting until element is visible in viewport
2026-03-05 19:23:38.589 [TestNG-test-Yt Master Tests-2] INFO  [verifyingSideMenuCollapsedLangAsInSettings] [verifyingSideMenuCollapsedLangAsInSettings] Capturing screenshot: Filter Applied is Беларуская__2026-03-05_192338.jpg
2026-03-05 19:23:38.841 [TestNG-test-Yt Master Tests-2] INFO  [verifyingSideMenuCollapsedLangAsInSettings] [verifyingSideMenuCollapsedLangAsInSettings] Screenshot saved at: test-output/screenshots/Run_2026-03-05_19-02-45/verifyingSideMenuCollapsedLangAsInSettings/Filter Applied is Беларуская__2026-03-05_192338.jpg
2026-03-05 19:23:38.841 [TestNG-test-Yt Master Tests-2] INFO  [verifyingSideMenuCollapsedLangAsInSettings] Clicking settings ellipses button...
2026-03-05 19:23:38.859 [TestNG-test-Yt Master Tests-2] INFO  [verifyingSideMenuCollapsedLangAsInSettings] [verifyingSideMenuCollapsedLangAsInSettings] Trying to find element: By.xpath: //ytd-topbar-menu-button-renderer[@class='style-scope ytd-masthead style-default']
2026-03-05 19:23:38.904 [TestNG-test-Yt Master Tests-2] INFO  [verifyingSideMenuCollapsedLangAsInSettings] [verifyingSideMenuCollapsedLangAsInSettings] Element found and ready (attempt 1): By.xpath: //ytd-topbar-menu-button-renderer[@class='style-scope ytd-masthead style-default']
2026-03-05 19:23:38.950 [TestNG-test-Yt Master Tests-2] INFO  [verifyingSideMenuCollapsedLangAsInSettings] getLangAttribute() - locating <html> and reading lang property
2026-03-05 19:23:38.963 [TestNG-test-Yt Master Tests-2] INFO  [verifyingSideMenuCollapsedLangAsInSettings] Language attribute read: be-BY
2026-03-05 19:23:38.963 [TestNG-test-Yt Master Tests-2] INFO  [verifyingSideMenuCollapsedLangAsInSettings] Fetching the side menu in collapsed view
2026-03-05 19:23:38.963 [TestNG-test-Yt Master Tests-2] INFO  [verifyingSideMenuCollapsedLangAsInSettings] [verifyingSideMenuCollapsedLangAsInSettings] Finding elements list: By.xpath: //ytd-mini-guide-renderer[@class='style-scope ytd-app']//ytd-mini-guide-entry-renderer
2026-03-05 19:23:39.022 [TestNG-test-Yt Master Tests-2] INFO  [verifyingSideMenuCollapsedLangAsInSettings] [verifyingSideMenuCollapsedLangAsInSettings] Found 4 ready elements (attempt 1): By.xpath: //ytd-mini-guide-renderer[@class='style-scope ytd-app']//ytd-mini-guide-entry-renderer
2026-03-05 19:23:39.094 [TestNG-test-Yt Master Tests-2] INFO  [verifyingSideMenuCollapsedLangAsInSettings] Clicking settings ellipses button...
2026-03-05 19:23:39.113 [TestNG-test-Yt Master Tests-2] INFO  [verifyingSideMenuCollapsedLangAsInSettings] [verifyingSideMenuCollapsedLangAsInSettings] Trying to find element: By.xpath: //ytd-topbar-menu-button-renderer[@class='style-scope ytd-masthead style-default']
2026-03-05 19:23:39.166 [TestNG-test-Yt Master Tests-2] INFO  [verifyingSideMenuCollapsedLangAsInSettings] [verifyingSideMenuCollapsedLangAsInSettings] Element found and ready (attempt 1): By.xpath: //ytd-topbar-menu-button-renderer[@class='style-scope ytd-masthead style-default']
2026-03-05 19:23:39.219 [TestNG-test-Yt Master Tests-2] INFO  [verifyingSideMenuCollapsedLangAsInSettings] Clicking language dropdown...
2026-03-05 19:23:39.219 [TestNG-test-Yt Master Tests-2] INFO  [verifyingSideMenuCollapsedLangAsInSettings] [verifyingSideMenuCollapsedLangAsInSettings] Trying to find element: By.xpath: (//div[@id='content-icon'])[2]
2026-03-05 19:23:39.783 [TestNG-test-Yt Master Tests-2] INFO  [verifyingSideMenuCollapsedLangAsInSettings] [verifyingSideMenuCollapsedLangAsInSettings] Element found and ready (attempt 1): By.xpath: (//div[@id='content-icon'])[2]
2026-03-05 19:23:40.070 [TestNG-test-Yt Master Tests-2] INFO  [verifyingSideMenuCollapsedLangAsInSettings] Looking for language element with name: Български
2026-03-05 19:23:40.071 [TestNG-test-Yt Master Tests-2] INFO  [verifyingSideMenuCollapsedLangAsInSettings] [verifyingSideMenuCollapsedLangAsInSettings] Trying to find element: By.xpath: //yt-multi-page-menu-section-renderer[@class='style-scope ytd-multi-page-menu-renderer']//yt-formatted-string[@id='label' and text()='Български']
2026-03-05 19:23:40.178 [TestNG-test-Yt Master Tests-2] INFO  [verifyingSideMenuCollapsedLangAsInSettings] [verifyingSideMenuCollapsedLangAsInSettings] Element found and ready (attempt 1): By.xpath: //yt-multi-page-menu-section-renderer[@class='style-scope ytd-multi-page-menu-renderer']//yt-formatted-string[@id='label' and text()='Български']
2026-03-05 19:23:40.178 [TestNG-test-Yt Master Tests-2] INFO  [verifyingSideMenuCollapsedLangAsInSettings] [verifyingSideMenuCollapsedLangAsInSettings] Trying to find element: By.xpath: //yt-multi-page-menu-section-renderer[@class='style-scope ytd-multi-page-menu-renderer']//yt-formatted-string[@id='label' and text()='Български']
2026-03-05 19:23:40.228 [TestNG-test-Yt Master Tests-2] INFO  [verifyingSideMenuCollapsedLangAsInSettings] [verifyingSideMenuCollapsedLangAsInSettings] Element found and ready (attempt 1): By.xpath: //yt-multi-page-menu-section-renderer[@class='style-scope ytd-multi-page-menu-renderer']//yt-formatted-string[@id='label' and text()='Български']
2026-03-05 19:23:40.963 [TestNG-test-Yt Master Tests-2] INFO  [verifyingSideMenuCollapsedLangAsInSettings] Clicking settings ellipses button...
2026-03-05 19:23:41.048 [TestNG-test-Yt Master Tests-2] INFO  [verifyingSideMenuCollapsedLangAsInSettings] [verifyingSideMenuCollapsedLangAsInSettings] Trying to find element: By.xpath: //ytd-topbar-menu-button-renderer[@class='style-scope ytd-masthead style-default']
2026-03-05 19:23:41.103 [TestNG-test-Yt Master Tests-2] INFO  [verifyingSideMenuCollapsedLangAsInSettings] [verifyingSideMenuCollapsedLangAsInSettings] Element found and ready (attempt 1): By.xpath: //ytd-topbar-menu-button-renderer[@class='style-scope ytd-masthead style-default']
2026-03-05 19:23:41.526 [TestNG-test-Yt Master Tests-2] INFO  [verifyingSideMenuCollapsedLangAsInSettings] [verifyingSideMenuCollapsedLangAsInSettings] Waiting until element is visible in viewport
2026-03-05 19:23:41.594 [TestNG-test-Yt Master Tests-2] INFO  [verifyingSideMenuCollapsedLangAsInSettings] [verifyingSideMenuCollapsedLangAsInSettings] Capturing screenshot: Filter Applied is Български__2026-03-05_192341.jpg
2026-03-05 19:23:41.853 [TestNG-test-Yt Master Tests-2] INFO  [verifyingSideMenuCollapsedLangAsInSettings] [verifyingSideMenuCollapsedLangAsInSettings] Screenshot saved at: test-output/screenshots/Run_2026-03-05_19-02-45/verifyingSideMenuCollapsedLangAsInSettings/Filter Applied is Български__2026-03-05_192341.jpg
2026-03-05 19:23:41.854 [TestNG-test-Yt Master Tests-2] INFO  [verifyingSideMenuCollapsedLangAsInSettings] Clicking settings ellipses button...
2026-03-05 19:23:41.876 [TestNG-test-Yt Master Tests-2] INFO  [verifyingSideMenuCollapsedLangAsInSettings] [verifyingSideMenuCollapsedLangAsInSettings] Trying to find element: By.xpath: //ytd-topbar-menu-button-renderer[@class='style-scope ytd-masthead style-default']
2026-03-05 19:23:41.921 [TestNG-test-Yt Master Tests-2] INFO  [verifyingSideMenuCollapsedLangAsInSettings] [verifyingSideMenuCollapsedLangAsInSettings] Element found and ready (attempt 1): By.xpath: //ytd-topbar-menu-button-renderer[@class='style-scope ytd-masthead style-default']
2026-03-05 19:23:41.966 [TestNG-test-Yt Master Tests-2] INFO  [verifyingSideMenuCollapsedLangAsInSettings] getLangAttribute() - locating <html> and reading lang property
2026-03-05 19:23:41.979 [TestNG-test-Yt Master Tests-2] INFO  [verifyingSideMenuCollapsedLangAsInSettings] Language attribute read: bg-BG
2026-03-05 19:23:41.979 [TestNG-test-Yt Master Tests-2] INFO  [verifyingSideMenuCollapsedLangAsInSettings] Fetching the side menu in collapsed view
2026-03-05 19:23:41.979 [TestNG-test-Yt Master Tests-2] INFO  [verifyingSideMenuCollapsedLangAsInSettings] [verifyingSideMenuCollapsedLangAsInSettings] Finding elements list: By.xpath: //ytd-mini-guide-renderer[@class='style-scope ytd-app']//ytd-mini-guide-entry-renderer
2026-03-05 19:23:42.035 [TestNG-test-Yt Master Tests-2] INFO  [verifyingSideMenuCollapsedLangAsInSettings] [verifyingSideMenuCollapsedLangAsInSettings] Found 4 ready elements (attempt 1): By.xpath: //ytd-mini-guide-renderer[@class='style-scope ytd-app']//ytd-mini-guide-entry-renderer
2026-03-05 19:23:42.118 [TestNG-test-Yt Master Tests-2] INFO  [verifyingSideMenuCollapsedLangAsInSettings] Clicking settings ellipses button...
2026-03-05 19:23:42.143 [TestNG-test-Yt Master Tests-2] INFO  [verifyingSideMenuCollapsedLangAsInSettings] [verifyingSideMenuCollapsedLangAsInSettings] Trying to find element: By.xpath: //ytd-topbar-menu-button-renderer[@class='style-scope ytd-masthead style-default']
2026-03-05 19:23:42.194 [TestNG-test-Yt Master Tests-2] INFO  [verifyingSideMenuCollapsedLangAsInSettings] [verifyingSideMenuCollapsedLangAsInSettings] Element found and ready (attempt 1): By.xpath: //ytd-topbar-menu-button-renderer[@class='style-scope ytd-masthead style-default']
2026-03-05 19:23:42.257 [TestNG-test-Yt Master Tests-2] INFO  [verifyingSideMenuCollapsedLangAsInSettings] Clicking language dropdown...
2026-03-05 19:23:42.257 [TestNG-test-Yt Master Tests-2] INFO  [verifyingSideMenuCollapsedLangAsInSettings] [verifyingSideMenuCollapsedLangAsInSettings] Trying to find element: By.xpath: (//div[@id='content-icon'])[2]
2026-03-05 19:23:42.819 [TestNG-test-Yt Master Tests-2] INFO  [verifyingSideMenuCollapsedLangAsInSettings] [verifyingSideMenuCollapsedLangAsInSettings] Element found and ready (attempt 1): By.xpath: (//div[@id='content-icon'])[2]
2026-03-05 19:23:43.114 [TestNG-test-Yt Master Tests-2] INFO  [verifyingSideMenuCollapsedLangAsInSettings] Looking for language element with name: Русский
2026-03-05 19:23:43.114 [TestNG-test-Yt Master Tests-2] INFO  [verifyingSideMenuCollapsedLangAsInSettings] [verifyingSideMenuCollapsedLangAsInSettings] Trying to find element: By.xpath: //yt-multi-page-menu-section-renderer[@class='style-scope ytd-multi-page-menu-renderer']//yt-formatted-string[@id='label' and text()='Русский']
2026-03-05 19:23:43.207 [TestNG-test-Yt Master Tests-2] INFO  [verifyingSideMenuCollapsedLangAsInSettings] [verifyingSideMenuCollapsedLangAsInSettings] Element found and ready (attempt 1): By.xpath: //yt-multi-page-menu-section-renderer[@class='style-scope ytd-multi-page-menu-renderer']//yt-formatted-string[@id='label' and text()='Русский']
2026-03-05 19:23:43.207 [TestNG-test-Yt Master Tests-2] INFO  [verifyingSideMenuCollapsedLangAsInSettings] [verifyingSideMenuCollapsedLangAsInSettings] Trying to find element: By.xpath: //yt-multi-page-menu-section-renderer[@class='style-scope ytd-multi-page-menu-renderer']//yt-formatted-string[@id='label' and text()='Русский']
2026-03-05 19:23:43.259 [TestNG-test-Yt Master Tests-2] INFO  [verifyingSideMenuCollapsedLangAsInSettings] [verifyingSideMenuCollapsedLangAsInSettings] Element found and ready (attempt 1): By.xpath: //yt-multi-page-menu-section-renderer[@class='style-scope ytd-multi-page-menu-renderer']//yt-formatted-string[@id='label' and text()='Русский']
2026-03-05 19:23:43.894 [TestNG-test-Yt Master Tests-2] INFO  [verifyingSideMenuCollapsedLangAsInSettings] Clicking settings ellipses button...
2026-03-05 19:23:44.072 [TestNG-test-Yt Master Tests-2] INFO  [verifyingSideMenuCollapsedLangAsInSettings] [verifyingSideMenuCollapsedLangAsInSettings] Trying to find element: By.xpath: //ytd-topbar-menu-button-renderer[@class='style-scope ytd-masthead style-default']
2026-03-05 19:23:44.229 [TestNG-test-Yt Master Tests-2] INFO  [verifyingSideMenuCollapsedLangAsInSettings] [verifyingSideMenuCollapsedLangAsInSettings] Element found and ready (attempt 1): By.xpath: //ytd-topbar-menu-button-renderer[@class='style-scope ytd-masthead style-default']
2026-03-05 19:23:44.406 [TestNG-test-Yt Master Tests-2] INFO  [verifyingSideMenuCollapsedLangAsInSettings] [verifyingSideMenuCollapsedLangAsInSettings] Waiting until element is visible in viewport
2026-03-05 19:23:44.505 [TestNG-test-Yt Master Tests-2] INFO  [verifyingSideMenuCollapsedLangAsInSettings] [verifyingSideMenuCollapsedLangAsInSettings] Capturing screenshot: Filter Applied is Русский__2026-03-05_192344.jpg
2026-03-05 19:23:44.789 [TestNG-test-Yt Master Tests-2] INFO  [verifyingSideMenuCollapsedLangAsInSettings] [verifyingSideMenuCollapsedLangAsInSettings] Screenshot saved at: test-output/screenshots/Run_2026-03-05_19-02-45/verifyingSideMenuCollapsedLangAsInSettings/Filter Applied is Русский__2026-03-05_192344.jpg
2026-03-05 19:23:44.789 [TestNG-test-Yt Master Tests-2] INFO  [verifyingSideMenuCollapsedLangAsInSettings] Clicking settings ellipses button...
2026-03-05 19:23:44.809 [TestNG-test-Yt Master Tests-2] INFO  [verifyingSideMenuCollapsedLangAsInSettings] [verifyingSideMenuCollapsedLangAsInSettings] Trying to find element: By.xpath: //ytd-topbar-menu-button-renderer[@class='style-scope ytd-masthead style-default']
2026-03-05 19:23:44.853 [TestNG-test-Yt Master Tests-2] INFO  [verifyingSideMenuCollapsedLangAsInSettings] [verifyingSideMenuCollapsedLangAsInSettings] Element found and ready (attempt 1): By.xpath: //ytd-topbar-menu-button-renderer[@class='style-scope ytd-masthead style-default']
2026-03-05 19:23:44.898 [TestNG-test-Yt Master Tests-2] INFO  [verifyingSideMenuCollapsedLangAsInSettings] getLangAttribute() - locating <html> and reading lang property
2026-03-05 19:23:44.910 [TestNG-test-Yt Master Tests-2] INFO  [verifyingSideMenuCollapsedLangAsInSettings] Language attribute read: ru-RU
2026-03-05 19:23:44.910 [TestNG-test-Yt Master Tests-2] INFO  [verifyingSideMenuCollapsedLangAsInSettings] Fetching the side menu in collapsed view
2026-03-05 19:23:44.910 [TestNG-test-Yt Master Tests-2] INFO  [verifyingSideMenuCollapsedLangAsInSettings] [verifyingSideMenuCollapsedLangAsInSettings] Finding elements list: By.xpath: //ytd-mini-guide-renderer[@class='style-scope ytd-app']//ytd-mini-guide-entry-renderer
2026-03-05 19:23:44.964 [TestNG-test-Yt Master Tests-2] INFO  [verifyingSideMenuCollapsedLangAsInSettings] [verifyingSideMenuCollapsedLangAsInSettings] Found 4 ready elements (attempt 1): By.xpath: //ytd-mini-guide-renderer[@class='style-scope ytd-app']//ytd-mini-guide-entry-renderer
2026-03-05 19:23:45.036 [TestNG-test-Yt Master Tests-2] INFO  [verifyingSideMenuCollapsedLangAsInSettings] Clicking settings ellipses button...
2026-03-05 19:23:45.073 [TestNG-test-Yt Master Tests-2] INFO  [verifyingSideMenuCollapsedLangAsInSettings] [verifyingSideMenuCollapsedLangAsInSettings] Trying to find element: By.xpath: //ytd-topbar-menu-button-renderer[@class='style-scope ytd-masthead style-default']
2026-03-05 19:23:45.227 [TestNG-test-Yt Master Tests-2] INFO  [verifyingSideMenuCollapsedLangAsInSettings] [verifyingSideMenuCollapsedLangAsInSettings] Element found and ready (attempt 1): By.xpath: //ytd-topbar-menu-button-renderer[@class='style-scope ytd-masthead style-default']
2026-03-05 19:23:45.297 [TestNG-test-Yt Master Tests-2] INFO  [verifyingSideMenuCollapsedLangAsInSettings] Clicking language dropdown...
2026-03-05 19:23:45.297 [TestNG-test-Yt Master Tests-2] INFO  [verifyingSideMenuCollapsedLangAsInSettings] [verifyingSideMenuCollapsedLangAsInSettings] Trying to find element: By.xpath: (//div[@id='content-icon'])[2]
2026-03-05 19:23:45.854 [TestNG-test-Yt Master Tests-2] INFO  [verifyingSideMenuCollapsedLangAsInSettings] [verifyingSideMenuCollapsedLangAsInSettings] Element found and ready (attempt 1): By.xpath: (//div[@id='content-icon'])[2]
2026-03-05 19:23:46.199 [TestNG-test-Yt Master Tests-2] INFO  [verifyingSideMenuCollapsedLangAsInSettings] Looking for language element with name: Українська
2026-03-05 19:23:46.199 [TestNG-test-Yt Master Tests-2] INFO  [verifyingSideMenuCollapsedLangAsInSettings] [verifyingSideMenuCollapsedLangAsInSettings] Trying to find element: By.xpath: //yt-multi-page-menu-section-renderer[@class='style-scope ytd-multi-page-menu-renderer']//yt-formatted-string[@id='label' and text()='Українська']
2026-03-05 19:23:46.293 [TestNG-test-Yt Master Tests-2] INFO  [verifyingSideMenuCollapsedLangAsInSettings] [verifyingSideMenuCollapsedLangAsInSettings] Element found and ready (attempt 1): By.xpath: //yt-multi-page-menu-section-renderer[@class='style-scope ytd-multi-page-menu-renderer']//yt-formatted-string[@id='label' and text()='Українська']
2026-03-05 19:23:46.293 [TestNG-test-Yt Master Tests-2] INFO  [verifyingSideMenuCollapsedLangAsInSettings] [verifyingSideMenuCollapsedLangAsInSettings] Trying to find element: By.xpath: //yt-multi-page-menu-section-renderer[@class='style-scope ytd-multi-page-menu-renderer']//yt-formatted-string[@id='label' and text()='Українська']
2026-03-05 19:23:46.351 [TestNG-test-Yt Master Tests-2] INFO  [verifyingSideMenuCollapsedLangAsInSettings] [verifyingSideMenuCollapsedLangAsInSettings] Element found and ready (attempt 1): By.xpath: //yt-multi-page-menu-section-renderer[@class='style-scope ytd-multi-page-menu-renderer']//yt-formatted-string[@id='label' and text()='Українська']
2026-03-05 19:23:47.047 [TestNG-test-Yt Master Tests-2] INFO  [verifyingSideMenuCollapsedLangAsInSettings] Clicking settings ellipses button...
2026-03-05 19:23:47.280 [TestNG-test-Yt Master Tests-2] INFO  [verifyingSideMenuCollapsedLangAsInSettings] [verifyingSideMenuCollapsedLangAsInSettings] Trying to find element: By.xpath: //ytd-topbar-menu-button-renderer[@class='style-scope ytd-masthead style-default']
2026-03-05 19:23:47.335 [TestNG-test-Yt Master Tests-2] INFO  [verifyingSideMenuCollapsedLangAsInSettings] [verifyingSideMenuCollapsedLangAsInSettings] Element found and ready (attempt 1): By.xpath: //ytd-topbar-menu-button-renderer[@class='style-scope ytd-masthead style-default']
2026-03-05 19:23:47.431 [TestNG-test-Yt Master Tests-2] INFO  [verifyingSideMenuCollapsedLangAsInSettings] [verifyingSideMenuCollapsedLangAsInSettings] Waiting until element is visible in viewport
2026-03-05 19:23:47.633 [TestNG-test-Yt Master Tests-2] INFO  [verifyingSideMenuCollapsedLangAsInSettings] [verifyingSideMenuCollapsedLangAsInSettings] Capturing screenshot: Filter Applied is Українська__2026-03-05_192347.jpg
2026-03-05 19:23:47.904 [TestNG-test-Yt Master Tests-2] INFO  [verifyingSideMenuCollapsedLangAsInSettings] [verifyingSideMenuCollapsedLangAsInSettings] Screenshot saved at: test-output/screenshots/Run_2026-03-05_19-02-45/verifyingSideMenuCollapsedLangAsInSettings/Filter Applied is Українська__2026-03-05_192347.jpg
2026-03-05 19:23:47.904 [TestNG-test-Yt Master Tests-2] INFO  [verifyingSideMenuCollapsedLangAsInSettings] Clicking settings ellipses button...
2026-03-05 19:23:47.922 [TestNG-test-Yt Master Tests-2] INFO  [verifyingSideMenuCollapsedLangAsInSettings] [verifyingSideMenuCollapsedLangAsInSettings] Trying to find element: By.xpath: //ytd-topbar-menu-button-renderer[@class='style-scope ytd-masthead style-default']
2026-03-05 19:23:47.968 [TestNG-test-Yt Master Tests-2] INFO  [verifyingSideMenuCollapsedLangAsInSettings] [verifyingSideMenuCollapsedLangAsInSettings] Element found and ready (attempt 1): By.xpath: //ytd-topbar-menu-button-renderer[@class='style-scope ytd-masthead style-default']
2026-03-05 19:23:48.016 [TestNG-test-Yt Master Tests-2] INFO  [verifyingSideMenuCollapsedLangAsInSettings] getLangAttribute() - locating <html> and reading lang property
2026-03-05 19:23:48.029 [TestNG-test-Yt Master Tests-2] INFO  [verifyingSideMenuCollapsedLangAsInSettings] Language attribute read: uk-UA
2026-03-05 19:23:48.029 [TestNG-test-Yt Master Tests-2] INFO  [verifyingSideMenuCollapsedLangAsInSettings] Fetching the side menu in collapsed view
2026-03-05 19:23:48.029 [TestNG-test-Yt Master Tests-2] INFO  [verifyingSideMenuCollapsedLangAsInSettings] [verifyingSideMenuCollapsedLangAsInSettings] Finding elements list: By.xpath: //ytd-mini-guide-renderer[@class='style-scope ytd-app']//ytd-mini-guide-entry-renderer
2026-03-05 19:23:48.087 [TestNG-test-Yt Master Tests-2] INFO  [verifyingSideMenuCollapsedLangAsInSettings] [verifyingSideMenuCollapsedLangAsInSettings] Found 4 ready elements (attempt 1): By.xpath: //ytd-mini-guide-renderer[@class='style-scope ytd-app']//ytd-mini-guide-entry-renderer
2026-03-05 19:23:48.165 [TestNG-test-Yt Master Tests-2] INFO  [verifyingSideMenuCollapsedLangAsInSettings] Clicking settings ellipses button...
2026-03-05 19:23:48.184 [TestNG-test-Yt Master Tests-2] INFO  [verifyingSideMenuCollapsedLangAsInSettings] [verifyingSideMenuCollapsedLangAsInSettings] Trying to find element: By.xpath: //ytd-topbar-menu-button-renderer[@class='style-scope ytd-masthead style-default']
2026-03-05 19:23:48.236 [TestNG-test-Yt Master Tests-2] INFO  [verifyingSideMenuCollapsedLangAsInSettings] [verifyingSideMenuCollapsedLangAsInSettings] Element found and ready (attempt 1): By.xpath: //ytd-topbar-menu-button-renderer[@class='style-scope ytd-masthead style-default']
2026-03-05 19:23:48.303 [TestNG-test-Yt Master Tests-2] INFO  [verifyingSideMenuCollapsedLangAsInSettings] Clicking language dropdown...
2026-03-05 19:23:48.303 [TestNG-test-Yt Master Tests-2] INFO  [verifyingSideMenuCollapsedLangAsInSettings] [verifyingSideMenuCollapsedLangAsInSettings] Trying to find element: By.xpath: (//div[@id='content-icon'])[2]
2026-03-05 19:23:48.443 [TestNG-test-Yt Master Tests-2] INFO  [verifyingSideMenuCollapsedLangAsInSettings] [verifyingSideMenuCollapsedLangAsInSettings] Element found and ready (attempt 1): By.xpath: (//div[@id='content-icon'])[2]
2026-03-05 19:23:48.760 [TestNG-test-Yt Master Tests-2] INFO  [verifyingSideMenuCollapsedLangAsInSettings] Looking for language element with name: Ελληνικά
2026-03-05 19:23:48.760 [TestNG-test-Yt Master Tests-2] INFO  [verifyingSideMenuCollapsedLangAsInSettings] [verifyingSideMenuCollapsedLangAsInSettings] Trying to find element: By.xpath: //yt-multi-page-menu-section-renderer[@class='style-scope ytd-multi-page-menu-renderer']//yt-formatted-string[@id='label' and text()='Ελληνικά']
2026-03-05 19:23:48.845 [TestNG-test-Yt Master Tests-2] INFO  [verifyingSideMenuCollapsedLangAsInSettings] [verifyingSideMenuCollapsedLangAsInSettings] Element found and ready (attempt 1): By.xpath: //yt-multi-page-menu-section-renderer[@class='style-scope ytd-multi-page-menu-renderer']//yt-formatted-string[@id='label' and text()='Ελληνικά']
2026-03-05 19:23:48.845 [TestNG-test-Yt Master Tests-2] INFO  [verifyingSideMenuCollapsedLangAsInSettings] [verifyingSideMenuCollapsedLangAsInSettings] Trying to find element: By.xpath: //yt-multi-page-menu-section-renderer[@class='style-scope ytd-multi-page-menu-renderer']//yt-formatted-string[@id='label' and text()='Ελληνικά']
2026-03-05 19:23:48.897 [TestNG-test-Yt Master Tests-2] INFO  [verifyingSideMenuCollapsedLangAsInSettings] [verifyingSideMenuCollapsedLangAsInSettings] Element found and ready (attempt 1): By.xpath: //yt-multi-page-menu-section-renderer[@class='style-scope ytd-multi-page-menu-renderer']//yt-formatted-string[@id='label' and text()='Ελληνικά']
2026-03-05 19:23:50.075 [TestNG-test-Yt Master Tests-2] INFO  [verifyingSideMenuCollapsedLangAsInSettings] Clicking settings ellipses button...
2026-03-05 19:23:50.094 [TestNG-test-Yt Master Tests-2] INFO  [verifyingSideMenuCollapsedLangAsInSettings] [verifyingSideMenuCollapsedLangAsInSettings] Trying to find element: By.xpath: //ytd-topbar-menu-button-renderer[@class='style-scope ytd-masthead style-default']
2026-03-05 19:23:50.140 [TestNG-test-Yt Master Tests-2] INFO  [verifyingSideMenuCollapsedLangAsInSettings] [verifyingSideMenuCollapsedLangAsInSettings] Element found and ready (attempt 1): By.xpath: //ytd-topbar-menu-button-renderer[@class='style-scope ytd-masthead style-default']
2026-03-05 19:23:50.328 [TestNG-test-Yt Master Tests-2] INFO  [verifyingSideMenuCollapsedLangAsInSettings] [verifyingSideMenuCollapsedLangAsInSettings] Waiting until element is visible in viewport
2026-03-05 19:23:50.437 [TestNG-test-Yt Master Tests-2] INFO  [verifyingSideMenuCollapsedLangAsInSettings] [verifyingSideMenuCollapsedLangAsInSettings] Capturing screenshot: Filter Applied is Ελληνικά__2026-03-05_192350.jpg
2026-03-05 19:23:50.702 [TestNG-test-Yt Master Tests-2] INFO  [verifyingSideMenuCollapsedLangAsInSettings] [verifyingSideMenuCollapsedLangAsInSettings] Screenshot saved at: test-output/screenshots/Run_2026-03-05_19-02-45/verifyingSideMenuCollapsedLangAsInSettings/Filter Applied is Ελληνικά__2026-03-05_192350.jpg
2026-03-05 19:23:50.702 [TestNG-test-Yt Master Tests-2] INFO  [verifyingSideMenuCollapsedLangAsInSettings] Clicking settings ellipses button...
2026-03-05 19:23:50.721 [TestNG-test-Yt Master Tests-2] INFO  [verifyingSideMenuCollapsedLangAsInSettings] [verifyingSideMenuCollapsedLangAsInSettings] Trying to find element: By.xpath: //ytd-topbar-menu-button-renderer[@class='style-scope ytd-masthead style-default']
2026-03-05 19:23:50.766 [TestNG-test-Yt Master Tests-2] INFO  [verifyingSideMenuCollapsedLangAsInSettings] [verifyingSideMenuCollapsedLangAsInSettings] Element found and ready (attempt 1): By.xpath: //ytd-topbar-menu-button-renderer[@class='style-scope ytd-masthead style-default']
2026-03-05 19:23:50.817 [TestNG-test-Yt Master Tests-2] INFO  [verifyingSideMenuCollapsedLangAsInSettings] getLangAttribute() - locating <html> and reading lang property
2026-03-05 19:23:50.830 [TestNG-test-Yt Master Tests-2] INFO  [verifyingSideMenuCollapsedLangAsInSettings] Language attribute read: el-GR
2026-03-05 19:23:50.830 [TestNG-test-Yt Master Tests-2] INFO  [verifyingSideMenuCollapsedLangAsInSettings] Fetching the side menu in collapsed view
2026-03-05 19:23:50.830 [TestNG-test-Yt Master Tests-2] INFO  [verifyingSideMenuCollapsedLangAsInSettings] [verifyingSideMenuCollapsedLangAsInSettings] Finding elements list: By.xpath: //ytd-mini-guide-renderer[@class='style-scope ytd-app']//ytd-mini-guide-entry-renderer
2026-03-05 19:23:50.885 [TestNG-test-Yt Master Tests-2] INFO  [verifyingSideMenuCollapsedLangAsInSettings] [verifyingSideMenuCollapsedLangAsInSettings] Found 4 ready elements (attempt 1): By.xpath: //ytd-mini-guide-renderer[@class='style-scope ytd-app']//ytd-mini-guide-entry-renderer
2026-03-05 19:23:50.963 [TestNG-test-Yt Master Tests-2] INFO  [verifyingSideMenuCollapsedLangAsInSettings] Clicking settings ellipses button...
2026-03-05 19:23:50.982 [TestNG-test-Yt Master Tests-2] INFO  [verifyingSideMenuCollapsedLangAsInSettings] [verifyingSideMenuCollapsedLangAsInSettings] Trying to find element: By.xpath: //ytd-topbar-menu-button-renderer[@class='style-scope ytd-masthead style-default']
2026-03-05 19:23:51.034 [TestNG-test-Yt Master Tests-2] INFO  [verifyingSideMenuCollapsedLangAsInSettings] [verifyingSideMenuCollapsedLangAsInSettings] Element found and ready (attempt 1): By.xpath: //ytd-topbar-menu-button-renderer[@class='style-scope ytd-masthead style-default']
2026-03-05 19:23:51.089 [TestNG-test-Yt Master Tests-2] INFO  [verifyingSideMenuCollapsedLangAsInSettings] Clicking language dropdown...
2026-03-05 19:23:51.089 [TestNG-test-Yt Master Tests-2] INFO  [verifyingSideMenuCollapsedLangAsInSettings] [verifyingSideMenuCollapsedLangAsInSettings] Trying to find element: By.xpath: (//div[@id='content-icon'])[2]
2026-03-05 19:23:51.655 [TestNG-test-Yt Master Tests-2] INFO  [verifyingSideMenuCollapsedLangAsInSettings] [verifyingSideMenuCollapsedLangAsInSettings] Element found and ready (attempt 1): By.xpath: (//div[@id='content-icon'])[2]
2026-03-05 19:23:51.945 [TestNG-test-Yt Master Tests-2] INFO  [verifyingSideMenuCollapsedLangAsInSettings] Looking for language element with name: Հայերեն
2026-03-05 19:23:51.945 [TestNG-test-Yt Master Tests-2] INFO  [verifyingSideMenuCollapsedLangAsInSettings] [verifyingSideMenuCollapsedLangAsInSettings] Trying to find element: By.xpath: //yt-multi-page-menu-section-renderer[@class='style-scope ytd-multi-page-menu-renderer']//yt-formatted-string[@id='label' and text()='Հայերեն']
2026-03-05 19:23:52.045 [TestNG-test-Yt Master Tests-2] INFO  [verifyingSideMenuCollapsedLangAsInSettings] [verifyingSideMenuCollapsedLangAsInSettings] Element found and ready (attempt 1): By.xpath: //yt-multi-page-menu-section-renderer[@class='style-scope ytd-multi-page-menu-renderer']//yt-formatted-string[@id='label' and text()='Հայերեն']
2026-03-05 19:23:52.045 [TestNG-test-Yt Master Tests-2] INFO  [verifyingSideMenuCollapsedLangAsInSettings] [verifyingSideMenuCollapsedLangAsInSettings] Trying to find element: By.xpath: //yt-multi-page-menu-section-renderer[@class='style-scope ytd-multi-page-menu-renderer']//yt-formatted-string[@id='label' and text()='Հայերեն']
2026-03-05 19:23:52.101 [TestNG-test-Yt Master Tests-2] INFO  [verifyingSideMenuCollapsedLangAsInSettings] [verifyingSideMenuCollapsedLangAsInSettings] Element found and ready (attempt 1): By.xpath: //yt-multi-page-menu-section-renderer[@class='style-scope ytd-multi-page-menu-renderer']//yt-formatted-string[@id='label' and text()='Հայերեն']
2026-03-05 19:23:52.826 [TestNG-test-Yt Master Tests-2] INFO  [verifyingSideMenuCollapsedLangAsInSettings] Clicking settings ellipses button...
2026-03-05 19:23:52.964 [TestNG-test-Yt Master Tests-2] INFO  [verifyingSideMenuCollapsedLangAsInSettings] [verifyingSideMenuCollapsedLangAsInSettings] Trying to find element: By.xpath: //ytd-topbar-menu-button-renderer[@class='style-scope ytd-masthead style-default']
2026-03-05 19:23:53.020 [TestNG-test-Yt Master Tests-2] INFO  [verifyingSideMenuCollapsedLangAsInSettings] [verifyingSideMenuCollapsedLangAsInSettings] Element found and ready (attempt 1): By.xpath: //ytd-topbar-menu-button-renderer[@class='style-scope ytd-masthead style-default']
2026-03-05 19:23:53.375 [TestNG-test-Yt Master Tests-2] INFO  [verifyingSideMenuCollapsedLangAsInSettings] [verifyingSideMenuCollapsedLangAsInSettings] Waiting until element is visible in viewport
2026-03-05 19:23:53.495 [TestNG-test-Yt Master Tests-2] INFO  [verifyingSideMenuCollapsedLangAsInSettings] [verifyingSideMenuCollapsedLangAsInSettings] Capturing screenshot: Filter Applied is Հայերեն__2026-03-05_192353.jpg
2026-03-05 19:23:53.843 [TestNG-test-Yt Master Tests-2] INFO  [verifyingSideMenuCollapsedLangAsInSettings] [verifyingSideMenuCollapsedLangAsInSettings] Screenshot saved at: test-output/screenshots/Run_2026-03-05_19-02-45/verifyingSideMenuCollapsedLangAsInSettings/Filter Applied is Հայերեն__2026-03-05_192353.jpg
2026-03-05 19:23:53.843 [TestNG-test-Yt Master Tests-2] INFO  [verifyingSideMenuCollapsedLangAsInSettings] Clicking settings ellipses button...
2026-03-05 19:23:53.865 [TestNG-test-Yt Master Tests-2] INFO  [verifyingSideMenuCollapsedLangAsInSettings] [verifyingSideMenuCollapsedLangAsInSettings] Trying to find element: By.xpath: //ytd-topbar-menu-button-renderer[@class='style-scope ytd-masthead style-default']
2026-03-05 19:23:53.919 [TestNG-test-Yt Master Tests-2] INFO  [verifyingSideMenuCollapsedLangAsInSettings] [verifyingSideMenuCollapsedLangAsInSettings] Element found and ready (attempt 1): By.xpath: //ytd-topbar-menu-button-renderer[@class='style-scope ytd-masthead style-default']
2026-03-05 19:23:53.973 [TestNG-test-Yt Master Tests-2] INFO  [verifyingSideMenuCollapsedLangAsInSettings] getLangAttribute() - locating <html> and reading lang property
2026-03-05 19:23:54.006 [TestNG-test-Yt Master Tests-2] INFO  [verifyingSideMenuCollapsedLangAsInSettings] Language attribute read: hy-AM
2026-03-05 19:23:54.006 [TestNG-test-Yt Master Tests-2] INFO  [verifyingSideMenuCollapsedLangAsInSettings] Fetching the side menu in collapsed view
2026-03-05 19:23:54.006 [TestNG-test-Yt Master Tests-2] INFO  [verifyingSideMenuCollapsedLangAsInSettings] [verifyingSideMenuCollapsedLangAsInSettings] Finding elements list: By.xpath: //ytd-mini-guide-renderer[@class='style-scope ytd-app']//ytd-mini-guide-entry-renderer
2026-03-05 19:23:54.073 [TestNG-test-Yt Master Tests-2] INFO  [verifyingSideMenuCollapsedLangAsInSettings] [verifyingSideMenuCollapsedLangAsInSettings] Found 4 ready elements (attempt 1): By.xpath: //ytd-mini-guide-renderer[@class='style-scope ytd-app']//ytd-mini-guide-entry-renderer
2026-03-05 19:23:54.154 [TestNG-test-Yt Master Tests-2] INFO  [verifyingSideMenuCollapsedLangAsInSettings] Clicking settings ellipses button...
2026-03-05 19:23:54.174 [TestNG-test-Yt Master Tests-2] INFO  [verifyingSideMenuCollapsedLangAsInSettings] [verifyingSideMenuCollapsedLangAsInSettings] Trying to find element: By.xpath: //ytd-topbar-menu-button-renderer[@class='style-scope ytd-masthead style-default']
2026-03-05 19:23:54.238 [TestNG-test-Yt Master Tests-2] INFO  [verifyingSideMenuCollapsedLangAsInSettings] [verifyingSideMenuCollapsedLangAsInSettings] Element found and ready (attempt 1): By.xpath: //ytd-topbar-menu-button-renderer[@class='style-scope ytd-masthead style-default']
2026-03-05 19:23:54.311 [TestNG-test-Yt Master Tests-2] INFO  [verifyingSideMenuCollapsedLangAsInSettings] Clicking language dropdown...
2026-03-05 19:23:54.312 [TestNG-test-Yt Master Tests-2] INFO  [verifyingSideMenuCollapsedLangAsInSettings] [verifyingSideMenuCollapsedLangAsInSettings] Trying to find element: By.xpath: (//div[@id='content-icon'])[2]
2026-03-05 19:23:54.900 [TestNG-test-Yt Master Tests-2] INFO  [verifyingSideMenuCollapsedLangAsInSettings] [verifyingSideMenuCollapsedLangAsInSettings] Element found and ready (attempt 1): By.xpath: (//div[@id='content-icon'])[2]
2026-03-05 19:23:55.403 [TestNG-test-Yt Master Tests-2] INFO  [verifyingSideMenuCollapsedLangAsInSettings] Looking for language element with name: עברית
2026-03-05 19:23:55.403 [TestNG-test-Yt Master Tests-2] INFO  [verifyingSideMenuCollapsedLangAsInSettings] [verifyingSideMenuCollapsedLangAsInSettings] Trying to find element: By.xpath: //yt-multi-page-menu-section-renderer[@class='style-scope ytd-multi-page-menu-renderer']//yt-formatted-string[@id='label' and text()='עברית']
2026-03-05 19:23:55.492 [TestNG-test-Yt Master Tests-2] INFO  [verifyingSideMenuCollapsedLangAsInSettings] [verifyingSideMenuCollapsedLangAsInSettings] Element found and ready (attempt 1): By.xpath: //yt-multi-page-menu-section-renderer[@class='style-scope ytd-multi-page-menu-renderer']//yt-formatted-string[@id='label' and text()='עברית']
2026-03-05 19:23:55.492 [TestNG-test-Yt Master Tests-2] INFO  [verifyingSideMenuCollapsedLangAsInSettings] [verifyingSideMenuCollapsedLangAsInSettings] Trying to find element: By.xpath: //yt-multi-page-menu-section-renderer[@class='style-scope ytd-multi-page-menu-renderer']//yt-formatted-string[@id='label' and text()='עברית']
2026-03-05 19:23:55.553 [TestNG-test-Yt Master Tests-2] INFO  [verifyingSideMenuCollapsedLangAsInSettings] [verifyingSideMenuCollapsedLangAsInSettings] Element found and ready (attempt 1): By.xpath: //yt-multi-page-menu-section-renderer[@class='style-scope ytd-multi-page-menu-renderer']//yt-formatted-string[@id='label' and text()='עברית']
2026-03-05 19:23:56.465 [TestNG-test-Yt Master Tests-2] INFO  [verifyingSideMenuCollapsedLangAsInSettings] Clicking settings ellipses button...
2026-03-05 19:23:56.618 [TestNG-test-Yt Master Tests-2] INFO  [verifyingSideMenuCollapsedLangAsInSettings] [verifyingSideMenuCollapsedLangAsInSettings] Trying to find element: By.xpath: //ytd-topbar-menu-button-renderer[@class='style-scope ytd-masthead style-default']
2026-03-05 19:23:56.674 [TestNG-test-Yt Master Tests-2] INFO  [verifyingSideMenuCollapsedLangAsInSettings] [verifyingSideMenuCollapsedLangAsInSettings] Element found and ready (attempt 1): By.xpath: //ytd-topbar-menu-button-renderer[@class='style-scope ytd-masthead style-default']
2026-03-05 19:23:56.958 [TestNG-test-Yt Master Tests-2] INFO  [verifyingSideMenuCollapsedLangAsInSettings] [verifyingSideMenuCollapsedLangAsInSettings] Waiting until element is visible in viewport
2026-03-05 19:23:57.051 [TestNG-test-Yt Master Tests-2] INFO  [verifyingSideMenuCollapsedLangAsInSettings] [verifyingSideMenuCollapsedLangAsInSettings] Capturing screenshot: Filter Applied is עברית__2026-03-05_192357.jpg
2026-03-05 19:23:57.336 [TestNG-test-Yt Master Tests-2] INFO  [verifyingSideMenuCollapsedLangAsInSettings] [verifyingSideMenuCollapsedLangAsInSettings] Screenshot saved at: test-output/screenshots/Run_2026-03-05_19-02-45/verifyingSideMenuCollapsedLangAsInSettings/Filter Applied is עברית__2026-03-05_192357.jpg
2026-03-05 19:23:57.336 [TestNG-test-Yt Master Tests-2] INFO  [verifyingSideMenuCollapsedLangAsInSettings] Clicking settings ellipses button...
2026-03-05 19:23:57.355 [TestNG-test-Yt Master Tests-2] INFO  [verifyingSideMenuCollapsedLangAsInSettings] [verifyingSideMenuCollapsedLangAsInSettings] Trying to find element: By.xpath: //ytd-topbar-menu-button-renderer[@class='style-scope ytd-masthead style-default']
2026-03-05 19:23:57.401 [TestNG-test-Yt Master Tests-2] INFO  [verifyingSideMenuCollapsedLangAsInSettings] [verifyingSideMenuCollapsedLangAsInSettings] Element found and ready (attempt 1): By.xpath: //ytd-topbar-menu-button-renderer[@class='style-scope ytd-masthead style-default']
2026-03-05 19:23:57.447 [TestNG-test-Yt Master Tests-2] INFO  [verifyingSideMenuCollapsedLangAsInSettings] getLangAttribute() - locating <html> and reading lang property
2026-03-05 19:23:57.459 [TestNG-test-Yt Master Tests-2] INFO  [verifyingSideMenuCollapsedLangAsInSettings] Language attribute read: he-IL
2026-03-05 19:23:57.459 [TestNG-test-Yt Master Tests-2] INFO  [verifyingSideMenuCollapsedLangAsInSettings] Fetching the side menu in collapsed view
2026-03-05 19:23:57.459 [TestNG-test-Yt Master Tests-2] INFO  [verifyingSideMenuCollapsedLangAsInSettings] [verifyingSideMenuCollapsedLangAsInSettings] Finding elements list: By.xpath: //ytd-mini-guide-renderer[@class='style-scope ytd-app']//ytd-mini-guide-entry-renderer
2026-03-05 19:23:57.516 [TestNG-test-Yt Master Tests-2] INFO  [verifyingSideMenuCollapsedLangAsInSettings] [verifyingSideMenuCollapsedLangAsInSettings] Found 4 ready elements (attempt 1): By.xpath: //ytd-mini-guide-renderer[@class='style-scope ytd-app']//ytd-mini-guide-entry-renderer
2026-03-05 19:23:57.586 [TestNG-test-Yt Master Tests-2] INFO  [verifyingSideMenuCollapsedLangAsInSettings] Clicking settings ellipses button...
2026-03-05 19:23:57.605 [TestNG-test-Yt Master Tests-2] INFO  [verifyingSideMenuCollapsedLangAsInSettings] [verifyingSideMenuCollapsedLangAsInSettings] Trying to find element: By.xpath: //ytd-topbar-menu-button-renderer[@class='style-scope ytd-masthead style-default']
2026-03-05 19:23:57.656 [TestNG-test-Yt Master Tests-2] INFO  [verifyingSideMenuCollapsedLangAsInSettings] [verifyingSideMenuCollapsedLangAsInSettings] Element found and ready (attempt 1): By.xpath: //ytd-topbar-menu-button-renderer[@class='style-scope ytd-masthead style-default']
2026-03-05 19:23:57.718 [TestNG-test-Yt Master Tests-2] INFO  [verifyingSideMenuCollapsedLangAsInSettings] Clicking language dropdown...
2026-03-05 19:23:57.718 [TestNG-test-Yt Master Tests-2] INFO  [verifyingSideMenuCollapsedLangAsInSettings] [verifyingSideMenuCollapsedLangAsInSettings] Trying to find element: By.xpath: (//div[@id='content-icon'])[2]
2026-03-05 19:23:58.276 [TestNG-test-Yt Master Tests-2] INFO  [verifyingSideMenuCollapsedLangAsInSettings] [verifyingSideMenuCollapsedLangAsInSettings] Element found and ready (attempt 1): By.xpath: (//div[@id='content-icon'])[2]
2026-03-05 19:23:58.574 [TestNG-test-Yt Master Tests-2] INFO  [verifyingSideMenuCollapsedLangAsInSettings] Looking for language element with name: العربية
2026-03-05 19:23:58.574 [TestNG-test-Yt Master Tests-2] INFO  [verifyingSideMenuCollapsedLangAsInSettings] [verifyingSideMenuCollapsedLangAsInSettings] Trying to find element: By.xpath: //yt-multi-page-menu-section-renderer[@class='style-scope ytd-multi-page-menu-renderer']//yt-formatted-string[@id='label' and text()='العربية']
2026-03-05 19:23:58.666 [TestNG-test-Yt Master Tests-2] INFO  [verifyingSideMenuCollapsedLangAsInSettings] [verifyingSideMenuCollapsedLangAsInSettings] Element found and ready (attempt 1): By.xpath: //yt-multi-page-menu-section-renderer[@class='style-scope ytd-multi-page-menu-renderer']//yt-formatted-string[@id='label' and text()='العربية']
2026-03-05 19:23:58.666 [TestNG-test-Yt Master Tests-2] INFO  [verifyingSideMenuCollapsedLangAsInSettings] [verifyingSideMenuCollapsedLangAsInSettings] Trying to find element: By.xpath: //yt-multi-page-menu-section-renderer[@class='style-scope ytd-multi-page-menu-renderer']//yt-formatted-string[@id='label' and text()='العربية']
2026-03-05 19:23:58.719 [TestNG-test-Yt Master Tests-2] INFO  [verifyingSideMenuCollapsedLangAsInSettings] [verifyingSideMenuCollapsedLangAsInSettings] Element found and ready (attempt 1): By.xpath: //yt-multi-page-menu-section-renderer[@class='style-scope ytd-multi-page-menu-renderer']//yt-formatted-string[@id='label' and text()='العربية']
2026-03-05 19:23:59.475 [TestNG-test-Yt Master Tests-2] INFO  [verifyingSideMenuCollapsedLangAsInSettings] Clicking settings ellipses button...
2026-03-05 19:23:59.636 [TestNG-test-Yt Master Tests-2] INFO  [verifyingSideMenuCollapsedLangAsInSettings] [verifyingSideMenuCollapsedLangAsInSettings] Trying to find element: By.xpath: //ytd-topbar-menu-button-renderer[@class='style-scope ytd-masthead style-default']
2026-03-05 19:23:59.691 [TestNG-test-Yt Master Tests-2] INFO  [verifyingSideMenuCollapsedLangAsInSettings] [verifyingSideMenuCollapsedLangAsInSettings] Element found and ready (attempt 1): By.xpath: //ytd-topbar-menu-button-renderer[@class='style-scope ytd-masthead style-default']
2026-03-05 19:23:59.972 [TestNG-test-Yt Master Tests-2] INFO  [verifyingSideMenuCollapsedLangAsInSettings] [verifyingSideMenuCollapsedLangAsInSettings] Waiting until element is visible in viewport
2026-03-05 19:24:00.083 [TestNG-test-Yt Master Tests-2] INFO  [verifyingSideMenuCollapsedLangAsInSettings] [verifyingSideMenuCollapsedLangAsInSettings] Capturing screenshot: Filter Applied is العربية__2026-03-05_192400.jpg
2026-03-05 19:24:00.338 [TestNG-test-Yt Master Tests-2] INFO  [verifyingSideMenuCollapsedLangAsInSettings] [verifyingSideMenuCollapsedLangAsInSettings] Screenshot saved at: test-output/screenshots/Run_2026-03-05_19-02-45/verifyingSideMenuCollapsedLangAsInSettings/Filter Applied is العربية__2026-03-05_192400.jpg
2026-03-05 19:24:00.338 [TestNG-test-Yt Master Tests-2] INFO  [verifyingSideMenuCollapsedLangAsInSettings] Clicking settings ellipses button...
2026-03-05 19:24:00.357 [TestNG-test-Yt Master Tests-2] INFO  [verifyingSideMenuCollapsedLangAsInSettings] [verifyingSideMenuCollapsedLangAsInSettings] Trying to find element: By.xpath: //ytd-topbar-menu-button-renderer[@class='style-scope ytd-masthead style-default']
2026-03-05 19:24:00.404 [TestNG-test-Yt Master Tests-2] INFO  [verifyingSideMenuCollapsedLangAsInSettings] [verifyingSideMenuCollapsedLangAsInSettings] Element found and ready (attempt 1): By.xpath: //ytd-topbar-menu-button-renderer[@class='style-scope ytd-masthead style-default']
2026-03-05 19:24:00.458 [TestNG-test-Yt Master Tests-2] INFO  [verifyingSideMenuCollapsedLangAsInSettings] getLangAttribute() - locating <html> and reading lang property
2026-03-05 19:24:00.471 [TestNG-test-Yt Master Tests-2] INFO  [verifyingSideMenuCollapsedLangAsInSettings] Language attribute read: ar
2026-03-05 19:24:00.471 [TestNG-test-Yt Master Tests-2] INFO  [verifyingSideMenuCollapsedLangAsInSettings] Fetching the side menu in collapsed view
2026-03-05 19:24:00.471 [TestNG-test-Yt Master Tests-2] INFO  [verifyingSideMenuCollapsedLangAsInSettings] [verifyingSideMenuCollapsedLangAsInSettings] Finding elements list: By.xpath: //ytd-mini-guide-renderer[@class='style-scope ytd-app']//ytd-mini-guide-entry-renderer
2026-03-05 19:24:00.537 [TestNG-test-Yt Master Tests-2] INFO  [verifyingSideMenuCollapsedLangAsInSettings] [verifyingSideMenuCollapsedLangAsInSettings] Found 4 ready elements (attempt 1): By.xpath: //ytd-mini-guide-renderer[@class='style-scope ytd-app']//ytd-mini-guide-entry-renderer
2026-03-05 19:24:00.614 [TestNG-test-Yt Master Tests-2] INFO  [verifyingSideMenuCollapsedLangAsInSettings] Clicking settings ellipses button...
2026-03-05 19:24:00.655 [TestNG-test-Yt Master Tests-2] INFO  [verifyingSideMenuCollapsedLangAsInSettings] [verifyingSideMenuCollapsedLangAsInSettings] Trying to find element: By.xpath: //ytd-topbar-menu-button-renderer[@class='style-scope ytd-masthead style-default']
2026-03-05 19:24:00.707 [TestNG-test-Yt Master Tests-2] INFO  [verifyingSideMenuCollapsedLangAsInSettings] [verifyingSideMenuCollapsedLangAsInSettings] Element found and ready (attempt 1): By.xpath: //ytd-topbar-menu-button-renderer[@class='style-scope ytd-masthead style-default']
2026-03-05 19:24:00.769 [TestNG-test-Yt Master Tests-2] INFO  [verifyingSideMenuCollapsedLangAsInSettings] Clicking language dropdown...
2026-03-05 19:24:00.769 [TestNG-test-Yt Master Tests-2] INFO  [verifyingSideMenuCollapsedLangAsInSettings] [verifyingSideMenuCollapsedLangAsInSettings] Trying to find element: By.xpath: (//div[@id='content-icon'])[2]
2026-03-05 19:24:01.328 [TestNG-test-Yt Master Tests-2] INFO  [verifyingSideMenuCollapsedLangAsInSettings] [verifyingSideMenuCollapsedLangAsInSettings] Element found and ready (attempt 1): By.xpath: (//div[@id='content-icon'])[2]
2026-03-05 19:24:01.633 [TestNG-test-Yt Master Tests-2] INFO  [verifyingSideMenuCollapsedLangAsInSettings] Looking for language element with name: فارسی
2026-03-05 19:24:01.633 [TestNG-test-Yt Master Tests-2] INFO  [verifyingSideMenuCollapsedLangAsInSettings] [verifyingSideMenuCollapsedLangAsInSettings] Trying to find element: By.xpath: //yt-multi-page-menu-section-renderer[@class='style-scope ytd-multi-page-menu-renderer']//yt-formatted-string[@id='label' and text()='فارسی']
2026-03-05 19:24:01.732 [TestNG-test-Yt Master Tests-2] INFO  [verifyingSideMenuCollapsedLangAsInSettings] [verifyingSideMenuCollapsedLangAsInSettings] Element found and ready (attempt 1): By.xpath: //yt-multi-page-menu-section-renderer[@class='style-scope ytd-multi-page-menu-renderer']//yt-formatted-string[@id='label' and text()='فارسی']
2026-03-05 19:24:01.733 [TestNG-test-Yt Master Tests-2] INFO  [verifyingSideMenuCollapsedLangAsInSettings] [verifyingSideMenuCollapsedLangAsInSettings] Trying to find element: By.xpath: //yt-multi-page-menu-section-renderer[@class='style-scope ytd-multi-page-menu-renderer']//yt-formatted-string[@id='label' and text()='فارسی']
2026-03-05 19:24:01.787 [TestNG-test-Yt Master Tests-2] INFO  [verifyingSideMenuCollapsedLangAsInSettings] [verifyingSideMenuCollapsedLangAsInSettings] Element found and ready (attempt 1): By.xpath: //yt-multi-page-menu-section-renderer[@class='style-scope ytd-multi-page-menu-renderer']//yt-formatted-string[@id='label' and text()='فارسی']
2026-03-05 19:24:02.475 [TestNG-test-Yt Master Tests-2] INFO  [verifyingSideMenuCollapsedLangAsInSettings] Clicking settings ellipses button...
2026-03-05 19:24:02.702 [TestNG-test-Yt Master Tests-2] INFO  [verifyingSideMenuCollapsedLangAsInSettings] [verifyingSideMenuCollapsedLangAsInSettings] Trying to find element: By.xpath: //ytd-topbar-menu-button-renderer[@class='style-scope ytd-masthead style-default']
2026-03-05 19:24:02.757 [TestNG-test-Yt Master Tests-2] INFO  [verifyingSideMenuCollapsedLangAsInSettings] [verifyingSideMenuCollapsedLangAsInSettings] Element found and ready (attempt 1): By.xpath: //ytd-topbar-menu-button-renderer[@class='style-scope ytd-masthead style-default']
2026-03-05 19:24:02.849 [TestNG-test-Yt Master Tests-2] INFO  [verifyingSideMenuCollapsedLangAsInSettings] [verifyingSideMenuCollapsedLangAsInSettings] Waiting until element is visible in viewport
2026-03-05 19:24:03.377 [TestNG-test-Yt Master Tests-2] INFO  [verifyingSideMenuCollapsedLangAsInSettings] [verifyingSideMenuCollapsedLangAsInSettings] Capturing screenshot: Filter Applied is فارسی__2026-03-05_192403.jpg
2026-03-05 19:24:03.566 [TestNG-test-Yt Master Tests-2] INFO  [verifyingSideMenuCollapsedLangAsInSettings] [verifyingSideMenuCollapsedLangAsInSettings] Screenshot saved at: test-output/screenshots/Run_2026-03-05_19-02-45/verifyingSideMenuCollapsedLangAsInSettings/Filter Applied is فارسی__2026-03-05_192403.jpg
2026-03-05 19:24:03.566 [TestNG-test-Yt Master Tests-2] INFO  [verifyingSideMenuCollapsedLangAsInSettings] Clicking settings ellipses button...
2026-03-05 19:24:03.585 [TestNG-test-Yt Master Tests-2] INFO  [verifyingSideMenuCollapsedLangAsInSettings] [verifyingSideMenuCollapsedLangAsInSettings] Trying to find element: By.xpath: //ytd-topbar-menu-button-renderer[@class='style-scope ytd-masthead style-default']
2026-03-05 19:24:03.634 [TestNG-test-Yt Master Tests-2] INFO  [verifyingSideMenuCollapsedLangAsInSettings] [verifyingSideMenuCollapsedLangAsInSettings] Element found and ready (attempt 1): By.xpath: //ytd-topbar-menu-button-renderer[@class='style-scope ytd-masthead style-default']
2026-03-05 19:24:03.681 [TestNG-test-Yt Master Tests-2] INFO  [verifyingSideMenuCollapsedLangAsInSettings] getLangAttribute() - locating <html> and reading lang property
2026-03-05 19:24:03.693 [TestNG-test-Yt Master Tests-2] INFO  [verifyingSideMenuCollapsedLangAsInSettings] Language attribute read: fa-IR
2026-03-05 19:24:03.693 [TestNG-test-Yt Master Tests-2] INFO  [verifyingSideMenuCollapsedLangAsInSettings] Fetching the side menu in collapsed view
2026-03-05 19:24:03.693 [TestNG-test-Yt Master Tests-2] INFO  [verifyingSideMenuCollapsedLangAsInSettings] [verifyingSideMenuCollapsedLangAsInSettings] Finding elements list: By.xpath: //ytd-mini-guide-renderer[@class='style-scope ytd-app']//ytd-mini-guide-entry-renderer
2026-03-05 19:24:03.753 [TestNG-test-Yt Master Tests-2] INFO  [verifyingSideMenuCollapsedLangAsInSettings] [verifyingSideMenuCollapsedLangAsInSettings] Found 4 ready elements (attempt 1): By.xpath: //ytd-mini-guide-renderer[@class='style-scope ytd-app']//ytd-mini-guide-entry-renderer
2026-03-05 19:24:03.825 [TestNG-test-Yt Master Tests-2] INFO  [verifyingSideMenuCollapsedLangAsInSettings] Clicking settings ellipses button...
2026-03-05 19:24:03.845 [TestNG-test-Yt Master Tests-2] INFO  [verifyingSideMenuCollapsedLangAsInSettings] [verifyingSideMenuCollapsedLangAsInSettings] Trying to find element: By.xpath: //ytd-topbar-menu-button-renderer[@class='style-scope ytd-masthead style-default']
2026-03-05 19:24:03.897 [TestNG-test-Yt Master Tests-2] INFO  [verifyingSideMenuCollapsedLangAsInSettings] [verifyingSideMenuCollapsedLangAsInSettings] Element found and ready (attempt 1): By.xpath: //ytd-topbar-menu-button-renderer[@class='style-scope ytd-masthead style-default']
2026-03-05 19:24:03.950 [TestNG-test-Yt Master Tests-2] INFO  [verifyingSideMenuCollapsedLangAsInSettings] Clicking language dropdown...
2026-03-05 19:24:03.950 [TestNG-test-Yt Master Tests-2] INFO  [verifyingSideMenuCollapsedLangAsInSettings] [verifyingSideMenuCollapsedLangAsInSettings] Trying to find element: By.xpath: (//div[@id='content-icon'])[2]
2026-03-05 19:24:04.583 [TestNG-test-Yt Master Tests-2] INFO  [verifyingSideMenuCollapsedLangAsInSettings] [verifyingSideMenuCollapsedLangAsInSettings] Element found and ready (attempt 1): By.xpath: (//div[@id='content-icon'])[2]
2026-03-05 19:24:04.879 [TestNG-test-Yt Master Tests-2] INFO  [verifyingSideMenuCollapsedLangAsInSettings] Looking for language element with name: हिन्दी
2026-03-05 19:24:04.879 [TestNG-test-Yt Master Tests-2] INFO  [verifyingSideMenuCollapsedLangAsInSettings] [verifyingSideMenuCollapsedLangAsInSettings] Trying to find element: By.xpath: //yt-multi-page-menu-section-renderer[@class='style-scope ytd-multi-page-menu-renderer']//yt-formatted-string[@id='label' and text()='हिन्दी']
2026-03-05 19:24:04.963 [TestNG-test-Yt Master Tests-2] INFO  [verifyingSideMenuCollapsedLangAsInSettings] [verifyingSideMenuCollapsedLangAsInSettings] Element found and ready (attempt 1): By.xpath: //yt-multi-page-menu-section-renderer[@class='style-scope ytd-multi-page-menu-renderer']//yt-formatted-string[@id='label' and text()='हिन्दी']
2026-03-05 19:24:04.963 [TestNG-test-Yt Master Tests-2] INFO  [verifyingSideMenuCollapsedLangAsInSettings] [verifyingSideMenuCollapsedLangAsInSettings] Trying to find element: By.xpath: //yt-multi-page-menu-section-renderer[@class='style-scope ytd-multi-page-menu-renderer']//yt-formatted-string[@id='label' and text()='हिन्दी']
2026-03-05 19:24:05.016 [TestNG-test-Yt Master Tests-2] INFO  [verifyingSideMenuCollapsedLangAsInSettings] [verifyingSideMenuCollapsedLangAsInSettings] Element found and ready (attempt 1): By.xpath: //yt-multi-page-menu-section-renderer[@class='style-scope ytd-multi-page-menu-renderer']//yt-formatted-string[@id='label' and text()='हिन्दी']
2026-03-05 19:24:05.797 [TestNG-test-Yt Master Tests-2] INFO  [verifyingSideMenuCollapsedLangAsInSettings] Clicking settings ellipses button...
2026-03-05 19:24:05.983 [TestNG-test-Yt Master Tests-2] INFO  [verifyingSideMenuCollapsedLangAsInSettings] [verifyingSideMenuCollapsedLangAsInSettings] Trying to find element: By.xpath: //ytd-topbar-menu-button-renderer[@class='style-scope ytd-masthead style-default']
2026-03-05 19:24:06.111 [TestNG-test-Yt Master Tests-2] INFO  [verifyingSideMenuCollapsedLangAsInSettings] [verifyingSideMenuCollapsedLangAsInSettings] Element found and ready (attempt 1): By.xpath: //ytd-topbar-menu-button-renderer[@class='style-scope ytd-masthead style-default']
2026-03-05 19:24:06.490 [TestNG-test-Yt Master Tests-2] INFO  [verifyingSideMenuCollapsedLangAsInSettings] [verifyingSideMenuCollapsedLangAsInSettings] Waiting until element is visible in viewport
2026-03-05 19:24:06.760 [TestNG-test-Yt Master Tests-2] INFO  [verifyingSideMenuCollapsedLangAsInSettings] [verifyingSideMenuCollapsedLangAsInSettings] Capturing screenshot: Filter Applied is हिन्दी__2026-03-05_192406.jpg
2026-03-05 19:24:07.077 [TestNG-test-Yt Master Tests-2] INFO  [verifyingSideMenuCollapsedLangAsInSettings] [verifyingSideMenuCollapsedLangAsInSettings] Screenshot saved at: test-output/screenshots/Run_2026-03-05_19-02-45/verifyingSideMenuCollapsedLangAsInSettings/Filter Applied is हिन्दी__2026-03-05_192406.jpg
2026-03-05 19:24:07.077 [TestNG-test-Yt Master Tests-2] INFO  [verifyingSideMenuCollapsedLangAsInSettings] Clicking settings ellipses button...
2026-03-05 19:24:07.100 [TestNG-test-Yt Master Tests-2] INFO  [verifyingSideMenuCollapsedLangAsInSettings] [verifyingSideMenuCollapsedLangAsInSettings] Trying to find element: By.xpath: //ytd-topbar-menu-button-renderer[@class='style-scope ytd-masthead style-default']
2026-03-05 19:24:07.176 [TestNG-test-Yt Master Tests-2] INFO  [verifyingSideMenuCollapsedLangAsInSettings] [verifyingSideMenuCollapsedLangAsInSettings] Element found and ready (attempt 1): By.xpath: //ytd-topbar-menu-button-renderer[@class='style-scope ytd-masthead style-default']
2026-03-05 19:24:07.344 [TestNG-test-Yt Master Tests-2] INFO  [verifyingSideMenuCollapsedLangAsInSettings] getLangAttribute() - locating <html> and reading lang property
2026-03-05 19:24:07.378 [TestNG-test-Yt Master Tests-2] INFO  [verifyingSideMenuCollapsedLangAsInSettings] Language attribute read: hi-IN
2026-03-05 19:24:07.378 [TestNG-test-Yt Master Tests-2] INFO  [verifyingSideMenuCollapsedLangAsInSettings] Fetching the side menu in collapsed view
2026-03-05 19:24:07.378 [TestNG-test-Yt Master Tests-2] INFO  [verifyingSideMenuCollapsedLangAsInSettings] [verifyingSideMenuCollapsedLangAsInSettings] Finding elements list: By.xpath: //ytd-mini-guide-renderer[@class='style-scope ytd-app']//ytd-mini-guide-entry-renderer
2026-03-05 19:24:07.463 [TestNG-test-Yt Master Tests-2] INFO  [verifyingSideMenuCollapsedLangAsInSettings] [verifyingSideMenuCollapsedLangAsInSettings] Found 4 ready elements (attempt 1): By.xpath: //ytd-mini-guide-renderer[@class='style-scope ytd-app']//ytd-mini-guide-entry-renderer
2026-03-05 19:24:07.591 [TestNG-test-Yt Master Tests-2] INFO  [verifyingSideMenuCollapsedLangAsInSettings] Clicking settings ellipses button...
2026-03-05 19:24:07.615 [TestNG-test-Yt Master Tests-2] INFO  [verifyingSideMenuCollapsedLangAsInSettings] [verifyingSideMenuCollapsedLangAsInSettings] Trying to find element: By.xpath: //ytd-topbar-menu-button-renderer[@class='style-scope ytd-masthead style-default']
2026-03-05 19:24:07.672 [TestNG-test-Yt Master Tests-2] INFO  [verifyingSideMenuCollapsedLangAsInSettings] [verifyingSideMenuCollapsedLangAsInSettings] Element found and ready (attempt 1): By.xpath: //ytd-topbar-menu-button-renderer[@class='style-scope ytd-masthead style-default']
2026-03-05 19:24:07.736 [TestNG-test-Yt Master Tests-2] INFO  [verifyingSideMenuCollapsedLangAsInSettings] Clicking language dropdown...
2026-03-05 19:24:07.736 [TestNG-test-Yt Master Tests-2] INFO  [verifyingSideMenuCollapsedLangAsInSettings] [verifyingSideMenuCollapsedLangAsInSettings] Trying to find element: By.xpath: (//div[@id='content-icon'])[2]
2026-03-05 19:24:08.321 [TestNG-test-Yt Master Tests-2] INFO  [verifyingSideMenuCollapsedLangAsInSettings] [verifyingSideMenuCollapsedLangAsInSettings] Element found and ready (attempt 1): By.xpath: (//div[@id='content-icon'])[2]
2026-03-05 19:24:08.705 [TestNG-test-Yt Master Tests-2] INFO  [verifyingSideMenuCollapsedLangAsInSettings] Looking for language element with name: বাংলা
2026-03-05 19:24:08.705 [TestNG-test-Yt Master Tests-2] INFO  [verifyingSideMenuCollapsedLangAsInSettings] [verifyingSideMenuCollapsedLangAsInSettings] Trying to find element: By.xpath: //yt-multi-page-menu-section-renderer[@class='style-scope ytd-multi-page-menu-renderer']//yt-formatted-string[@id='label' and text()='বাংলা']
2026-03-05 19:24:08.894 [TestNG-test-Yt Master Tests-2] INFO  [verifyingSideMenuCollapsedLangAsInSettings] [verifyingSideMenuCollapsedLangAsInSettings] Element found and ready (attempt 1): By.xpath: //yt-multi-page-menu-section-renderer[@class='style-scope ytd-multi-page-menu-renderer']//yt-formatted-string[@id='label' and text()='বাংলা']
2026-03-05 19:24:08.894 [TestNG-test-Yt Master Tests-2] INFO  [verifyingSideMenuCollapsedLangAsInSettings] [verifyingSideMenuCollapsedLangAsInSettings] Trying to find element: By.xpath: //yt-multi-page-menu-section-renderer[@class='style-scope ytd-multi-page-menu-renderer']//yt-formatted-string[@id='label' and text()='বাংলা']
2026-03-05 19:24:08.965 [TestNG-test-Yt Master Tests-2] INFO  [verifyingSideMenuCollapsedLangAsInSettings] [verifyingSideMenuCollapsedLangAsInSettings] Element found and ready (attempt 1): By.xpath: //yt-multi-page-menu-section-renderer[@class='style-scope ytd-multi-page-menu-renderer']//yt-formatted-string[@id='label' and text()='বাংলা']
2026-03-05 19:24:10.191 [TestNG-test-Yt Master Tests-2] INFO  [verifyingSideMenuCollapsedLangAsInSettings] Clicking settings ellipses button...
2026-03-05 19:24:10.217 [TestNG-test-Yt Master Tests-2] INFO  [verifyingSideMenuCollapsedLangAsInSettings] [verifyingSideMenuCollapsedLangAsInSettings] Trying to find element: By.xpath: //ytd-topbar-menu-button-renderer[@class='style-scope ytd-masthead style-default']
2026-03-05 19:24:10.369 [TestNG-test-Yt Master Tests-2] INFO  [verifyingSideMenuCollapsedLangAsInSettings] [verifyingSideMenuCollapsedLangAsInSettings] Element found and ready (attempt 1): By.xpath: //ytd-topbar-menu-button-renderer[@class='style-scope ytd-masthead style-default']
2026-03-05 19:24:10.596 [TestNG-test-Yt Master Tests-2] INFO  [verifyingSideMenuCollapsedLangAsInSettings] [verifyingSideMenuCollapsedLangAsInSettings] Waiting until element is visible in viewport
2026-03-05 19:24:10.704 [TestNG-test-Yt Master Tests-2] INFO  [verifyingSideMenuCollapsedLangAsInSettings] [verifyingSideMenuCollapsedLangAsInSettings] Capturing screenshot: Filter Applied is বাংলা__2026-03-05_192410.jpg
2026-03-05 19:24:10.991 [TestNG-test-Yt Master Tests-2] INFO  [verifyingSideMenuCollapsedLangAsInSettings] [verifyingSideMenuCollapsedLangAsInSettings] Screenshot saved at: test-output/screenshots/Run_2026-03-05_19-02-45/verifyingSideMenuCollapsedLangAsInSettings/Filter Applied is বাংলা__2026-03-05_192410.jpg
2026-03-05 19:24:10.991 [TestNG-test-Yt Master Tests-2] INFO  [verifyingSideMenuCollapsedLangAsInSettings] Clicking settings ellipses button...
2026-03-05 19:24:11.011 [TestNG-test-Yt Master Tests-2] INFO  [verifyingSideMenuCollapsedLangAsInSettings] [verifyingSideMenuCollapsedLangAsInSettings] Trying to find element: By.xpath: //ytd-topbar-menu-button-renderer[@class='style-scope ytd-masthead style-default']
2026-03-05 19:24:11.061 [TestNG-test-Yt Master Tests-2] INFO  [verifyingSideMenuCollapsedLangAsInSettings] [verifyingSideMenuCollapsedLangAsInSettings] Element found and ready (attempt 1): By.xpath: //ytd-topbar-menu-button-renderer[@class='style-scope ytd-masthead style-default']
2026-03-05 19:24:11.107 [TestNG-test-Yt Master Tests-2] INFO  [verifyingSideMenuCollapsedLangAsInSettings] getLangAttribute() - locating <html> and reading lang property
2026-03-05 19:24:11.118 [TestNG-test-Yt Master Tests-2] INFO  [verifyingSideMenuCollapsedLangAsInSettings] Language attribute read: bn-BD
2026-03-05 19:24:11.118 [TestNG-test-Yt Master Tests-2] INFO  [verifyingSideMenuCollapsedLangAsInSettings] Fetching the side menu in collapsed view
2026-03-05 19:24:11.118 [TestNG-test-Yt Master Tests-2] INFO  [verifyingSideMenuCollapsedLangAsInSettings] [verifyingSideMenuCollapsedLangAsInSettings] Finding elements list: By.xpath: //ytd-mini-guide-renderer[@class='style-scope ytd-app']//ytd-mini-guide-entry-renderer
2026-03-05 19:24:11.173 [TestNG-test-Yt Master Tests-2] INFO  [verifyingSideMenuCollapsedLangAsInSettings] [verifyingSideMenuCollapsedLangAsInSettings] Found 4 ready elements (attempt 1): By.xpath: //ytd-mini-guide-renderer[@class='style-scope ytd-app']//ytd-mini-guide-entry-renderer
2026-03-05 19:24:11.260 [TestNG-test-Yt Master Tests-2] INFO  [verifyingSideMenuCollapsedLangAsInSettings] Clicking settings ellipses button...
2026-03-05 19:24:11.279 [TestNG-test-Yt Master Tests-2] INFO  [verifyingSideMenuCollapsedLangAsInSettings] [verifyingSideMenuCollapsedLangAsInSettings] Trying to find element: By.xpath: //ytd-topbar-menu-button-renderer[@class='style-scope ytd-masthead style-default']
2026-03-05 19:24:11.332 [TestNG-test-Yt Master Tests-2] INFO  [verifyingSideMenuCollapsedLangAsInSettings] [verifyingSideMenuCollapsedLangAsInSettings] Element found and ready (attempt 1): By.xpath: //ytd-topbar-menu-button-renderer[@class='style-scope ytd-masthead style-default']
2026-03-05 19:24:11.402 [TestNG-test-Yt Master Tests-2] INFO  [verifyingSideMenuCollapsedLangAsInSettings] Clicking language dropdown...
2026-03-05 19:24:11.403 [TestNG-test-Yt Master Tests-2] INFO  [verifyingSideMenuCollapsedLangAsInSettings] [verifyingSideMenuCollapsedLangAsInSettings] Trying to find element: By.xpath: (//div[@id='content-icon'])[2]
2026-03-05 19:24:11.958 [TestNG-test-Yt Master Tests-2] INFO  [verifyingSideMenuCollapsedLangAsInSettings] [verifyingSideMenuCollapsedLangAsInSettings] Element found and ready (attempt 1): By.xpath: (//div[@id='content-icon'])[2]
2026-03-05 19:24:12.269 [TestNG-test-Yt Master Tests-2] INFO  [verifyingSideMenuCollapsedLangAsInSettings] Looking for language element with name: ਪੰਜਾਬੀ
2026-03-05 19:24:12.269 [TestNG-test-Yt Master Tests-2] INFO  [verifyingSideMenuCollapsedLangAsInSettings] [verifyingSideMenuCollapsedLangAsInSettings] Trying to find element: By.xpath: //yt-multi-page-menu-section-renderer[@class='style-scope ytd-multi-page-menu-renderer']//yt-formatted-string[@id='label' and text()='ਪੰਜਾਬੀ']
2026-03-05 19:24:12.358 [TestNG-test-Yt Master Tests-2] INFO  [verifyingSideMenuCollapsedLangAsInSettings] [verifyingSideMenuCollapsedLangAsInSettings] Element found and ready (attempt 1): By.xpath: //yt-multi-page-menu-section-renderer[@class='style-scope ytd-multi-page-menu-renderer']//yt-formatted-string[@id='label' and text()='ਪੰਜਾਬੀ']
2026-03-05 19:24:12.359 [TestNG-test-Yt Master Tests-2] INFO  [verifyingSideMenuCollapsedLangAsInSettings] [verifyingSideMenuCollapsedLangAsInSettings] Trying to find element: By.xpath: //yt-multi-page-menu-section-renderer[@class='style-scope ytd-multi-page-menu-renderer']//yt-formatted-string[@id='label' and text()='ਪੰਜਾਬੀ']
2026-03-05 19:24:12.408 [TestNG-test-Yt Master Tests-2] INFO  [verifyingSideMenuCollapsedLangAsInSettings] [verifyingSideMenuCollapsedLangAsInSettings] Element found and ready (attempt 1): By.xpath: //yt-multi-page-menu-section-renderer[@class='style-scope ytd-multi-page-menu-renderer']//yt-formatted-string[@id='label' and text()='ਪੰਜਾਬੀ']
2026-03-05 19:24:13.110 [TestNG-test-Yt Master Tests-2] INFO  [verifyingSideMenuCollapsedLangAsInSettings] Clicking settings ellipses button...
2026-03-05 19:24:13.262 [TestNG-test-Yt Master Tests-2] INFO  [verifyingSideMenuCollapsedLangAsInSettings] [verifyingSideMenuCollapsedLangAsInSettings] Trying to find element: By.xpath: //ytd-topbar-menu-button-renderer[@class='style-scope ytd-masthead style-default']
2026-03-05 19:24:13.307 [TestNG-test-Yt Master Tests-2] INFO  [verifyingSideMenuCollapsedLangAsInSettings] [verifyingSideMenuCollapsedLangAsInSettings] Element found and ready (attempt 1): By.xpath: //ytd-topbar-menu-button-renderer[@class='style-scope ytd-masthead style-default']
2026-03-05 19:24:13.490 [TestNG-test-Yt Master Tests-2] INFO  [verifyingSideMenuCollapsedLangAsInSettings] [verifyingSideMenuCollapsedLangAsInSettings] Waiting until element is visible in viewport
2026-03-05 19:24:13.683 [TestNG-test-Yt Master Tests-2] INFO  [verifyingSideMenuCollapsedLangAsInSettings] [verifyingSideMenuCollapsedLangAsInSettings] Capturing screenshot: Filter Applied is ਪੰਜਾਬੀ__2026-03-05_192413.jpg
2026-03-05 19:24:13.961 [TestNG-test-Yt Master Tests-2] INFO  [verifyingSideMenuCollapsedLangAsInSettings] [verifyingSideMenuCollapsedLangAsInSettings] Screenshot saved at: test-output/screenshots/Run_2026-03-05_19-02-45/verifyingSideMenuCollapsedLangAsInSettings/Filter Applied is ਪੰਜਾਬੀ__2026-03-05_192413.jpg
2026-03-05 19:24:13.961 [TestNG-test-Yt Master Tests-2] INFO  [verifyingSideMenuCollapsedLangAsInSettings] Clicking settings ellipses button...
2026-03-05 19:24:13.979 [TestNG-test-Yt Master Tests-2] INFO  [verifyingSideMenuCollapsedLangAsInSettings] [verifyingSideMenuCollapsedLangAsInSettings] Trying to find element: By.xpath: //ytd-topbar-menu-button-renderer[@class='style-scope ytd-masthead style-default']
2026-03-05 19:24:14.023 [TestNG-test-Yt Master Tests-2] INFO  [verifyingSideMenuCollapsedLangAsInSettings] [verifyingSideMenuCollapsedLangAsInSettings] Element found and ready (attempt 1): By.xpath: //ytd-topbar-menu-button-renderer[@class='style-scope ytd-masthead style-default']
2026-03-05 19:24:14.071 [TestNG-test-Yt Master Tests-2] INFO  [verifyingSideMenuCollapsedLangAsInSettings] getLangAttribute() - locating <html> and reading lang property
2026-03-05 19:24:14.084 [TestNG-test-Yt Master Tests-2] INFO  [verifyingSideMenuCollapsedLangAsInSettings] Language attribute read: pa-Guru-IN
2026-03-05 19:24:14.084 [TestNG-test-Yt Master Tests-2] INFO  [verifyingSideMenuCollapsedLangAsInSettings] Fetching the side menu in collapsed view
2026-03-05 19:24:14.084 [TestNG-test-Yt Master Tests-2] INFO  [verifyingSideMenuCollapsedLangAsInSettings] [verifyingSideMenuCollapsedLangAsInSettings] Finding elements list: By.xpath: //ytd-mini-guide-renderer[@class='style-scope ytd-app']//ytd-mini-guide-entry-renderer
2026-03-05 19:24:14.139 [TestNG-test-Yt Master Tests-2] INFO  [verifyingSideMenuCollapsedLangAsInSettings] [verifyingSideMenuCollapsedLangAsInSettings] Found 4 ready elements (attempt 1): By.xpath: //ytd-mini-guide-renderer[@class='style-scope ytd-app']//ytd-mini-guide-entry-renderer
2026-03-05 19:24:14.207 [TestNG-test-Yt Master Tests-2] INFO  [verifyingSideMenuCollapsedLangAsInSettings] Clicking settings ellipses button...
2026-03-05 19:24:14.227 [TestNG-test-Yt Master Tests-2] INFO  [verifyingSideMenuCollapsedLangAsInSettings] [verifyingSideMenuCollapsedLangAsInSettings] Trying to find element: By.xpath: //ytd-topbar-menu-button-renderer[@class='style-scope ytd-masthead style-default']
2026-03-05 19:24:14.275 [TestNG-test-Yt Master Tests-2] INFO  [verifyingSideMenuCollapsedLangAsInSettings] [verifyingSideMenuCollapsedLangAsInSettings] Element found and ready (attempt 1): By.xpath: //ytd-topbar-menu-button-renderer[@class='style-scope ytd-masthead style-default']
2026-03-05 19:24:14.335 [TestNG-test-Yt Master Tests-2] INFO  [verifyingSideMenuCollapsedLangAsInSettings] Clicking language dropdown...
2026-03-05 19:24:14.335 [TestNG-test-Yt Master Tests-2] INFO  [verifyingSideMenuCollapsedLangAsInSettings] [verifyingSideMenuCollapsedLangAsInSettings] Trying to find element: By.xpath: (//div[@id='content-icon'])[2]
2026-03-05 19:24:14.890 [TestNG-test-Yt Master Tests-2] INFO  [verifyingSideMenuCollapsedLangAsInSettings] [verifyingSideMenuCollapsedLangAsInSettings] Element found and ready (attempt 1): By.xpath: (//div[@id='content-icon'])[2]
2026-03-05 19:24:15.177 [TestNG-test-Yt Master Tests-2] INFO  [verifyingSideMenuCollapsedLangAsInSettings] Looking for language element with name: ગુજરાતી
2026-03-05 19:24:15.177 [TestNG-test-Yt Master Tests-2] INFO  [verifyingSideMenuCollapsedLangAsInSettings] [verifyingSideMenuCollapsedLangAsInSettings] Trying to find element: By.xpath: //yt-multi-page-menu-section-renderer[@class='style-scope ytd-multi-page-menu-renderer']//yt-formatted-string[@id='label' and text()='ગુજરાતી']
2026-03-05 19:24:15.274 [TestNG-test-Yt Master Tests-2] INFO  [verifyingSideMenuCollapsedLangAsInSettings] [verifyingSideMenuCollapsedLangAsInSettings] Element found and ready (attempt 1): By.xpath: //yt-multi-page-menu-section-renderer[@class='style-scope ytd-multi-page-menu-renderer']//yt-formatted-string[@id='label' and text()='ગુજરાતી']
2026-03-05 19:24:15.275 [TestNG-test-Yt Master Tests-2] INFO  [verifyingSideMenuCollapsedLangAsInSettings] [verifyingSideMenuCollapsedLangAsInSettings] Trying to find element: By.xpath: //yt-multi-page-menu-section-renderer[@class='style-scope ytd-multi-page-menu-renderer']//yt-formatted-string[@id='label' and text()='ગુજરાતી']
2026-03-05 19:24:15.323 [TestNG-test-Yt Master Tests-2] INFO  [verifyingSideMenuCollapsedLangAsInSettings] [verifyingSideMenuCollapsedLangAsInSettings] Element found and ready (attempt 1): By.xpath: //yt-multi-page-menu-section-renderer[@class='style-scope ytd-multi-page-menu-renderer']//yt-formatted-string[@id='label' and text()='ગુજરાતી']
2026-03-05 19:24:16.038 [TestNG-test-Yt Master Tests-2] INFO  [verifyingSideMenuCollapsedLangAsInSettings] Clicking settings ellipses button...
2026-03-05 19:24:16.159 [TestNG-test-Yt Master Tests-2] INFO  [verifyingSideMenuCollapsedLangAsInSettings] [verifyingSideMenuCollapsedLangAsInSettings] Trying to find element: By.xpath: //ytd-topbar-menu-button-renderer[@class='style-scope ytd-masthead style-default']
2026-03-05 19:24:16.244 [TestNG-test-Yt Master Tests-2] INFO  [verifyingSideMenuCollapsedLangAsInSettings] [verifyingSideMenuCollapsedLangAsInSettings] Element found and ready (attempt 1): By.xpath: //ytd-topbar-menu-button-renderer[@class='style-scope ytd-masthead style-default']
2026-03-05 19:24:16.503 [TestNG-test-Yt Master Tests-2] INFO  [verifyingSideMenuCollapsedLangAsInSettings] [verifyingSideMenuCollapsedLangAsInSettings] Waiting until element is visible in viewport
2026-03-05 19:24:16.622 [TestNG-test-Yt Master Tests-2] INFO  [verifyingSideMenuCollapsedLangAsInSettings] [verifyingSideMenuCollapsedLangAsInSettings] Capturing screenshot: Filter Applied is ગુજરાતી__2026-03-05_192416.jpg
2026-03-05 19:24:16.907 [TestNG-test-Yt Master Tests-2] INFO  [verifyingSideMenuCollapsedLangAsInSettings] [verifyingSideMenuCollapsedLangAsInSettings] Screenshot saved at: test-output/screenshots/Run_2026-03-05_19-02-45/verifyingSideMenuCollapsedLangAsInSettings/Filter Applied is ગુજરાતી__2026-03-05_192416.jpg
2026-03-05 19:24:16.907 [TestNG-test-Yt Master Tests-2] INFO  [verifyingSideMenuCollapsedLangAsInSettings] Clicking settings ellipses button...
2026-03-05 19:24:16.925 [TestNG-test-Yt Master Tests-2] INFO  [verifyingSideMenuCollapsedLangAsInSettings] [verifyingSideMenuCollapsedLangAsInSettings] Trying to find element: By.xpath: //ytd-topbar-menu-button-renderer[@class='style-scope ytd-masthead style-default']
2026-03-05 19:24:16.970 [TestNG-test-Yt Master Tests-2] INFO  [verifyingSideMenuCollapsedLangAsInSettings] [verifyingSideMenuCollapsedLangAsInSettings] Element found and ready (attempt 1): By.xpath: //ytd-topbar-menu-button-renderer[@class='style-scope ytd-masthead style-default']
2026-03-05 19:24:17.015 [TestNG-test-Yt Master Tests-2] INFO  [verifyingSideMenuCollapsedLangAsInSettings] getLangAttribute() - locating <html> and reading lang property
2026-03-05 19:24:17.027 [TestNG-test-Yt Master Tests-2] INFO  [verifyingSideMenuCollapsedLangAsInSettings] Language attribute read: gu-IN
2026-03-05 19:24:17.028 [TestNG-test-Yt Master Tests-2] INFO  [verifyingSideMenuCollapsedLangAsInSettings] Fetching the side menu in collapsed view
2026-03-05 19:24:17.028 [TestNG-test-Yt Master Tests-2] INFO  [verifyingSideMenuCollapsedLangAsInSettings] [verifyingSideMenuCollapsedLangAsInSettings] Finding elements list: By.xpath: //ytd-mini-guide-renderer[@class='style-scope ytd-app']//ytd-mini-guide-entry-renderer
2026-03-05 19:24:17.082 [TestNG-test-Yt Master Tests-2] INFO  [verifyingSideMenuCollapsedLangAsInSettings] [verifyingSideMenuCollapsedLangAsInSettings] Found 4 ready elements (attempt 1): By.xpath: //ytd-mini-guide-renderer[@class='style-scope ytd-app']//ytd-mini-guide-entry-renderer
2026-03-05 19:24:17.148 [TestNG-test-Yt Master Tests-2] INFO  [verifyingSideMenuCollapsedLangAsInSettings] Clicking settings ellipses button...
2026-03-05 19:24:17.167 [TestNG-test-Yt Master Tests-2] INFO  [verifyingSideMenuCollapsedLangAsInSettings] [verifyingSideMenuCollapsedLangAsInSettings] Trying to find element: By.xpath: //ytd-topbar-menu-button-renderer[@class='style-scope ytd-masthead style-default']
2026-03-05 19:24:17.231 [TestNG-test-Yt Master Tests-2] INFO  [verifyingSideMenuCollapsedLangAsInSettings] [verifyingSideMenuCollapsedLangAsInSettings] Element found and ready (attempt 1): By.xpath: //ytd-topbar-menu-button-renderer[@class='style-scope ytd-masthead style-default']
2026-03-05 19:24:17.284 [TestNG-test-Yt Master Tests-2] INFO  [verifyingSideMenuCollapsedLangAsInSettings] Clicking language dropdown...
2026-03-05 19:24:17.284 [TestNG-test-Yt Master Tests-2] INFO  [verifyingSideMenuCollapsedLangAsInSettings] [verifyingSideMenuCollapsedLangAsInSettings] Trying to find element: By.xpath: (//div[@id='content-icon'])[2]
2026-03-05 19:24:17.850 [TestNG-test-Yt Master Tests-2] INFO  [verifyingSideMenuCollapsedLangAsInSettings] [verifyingSideMenuCollapsedLangAsInSettings] Element found and ready (attempt 1): By.xpath: (//div[@id='content-icon'])[2]
2026-03-05 19:24:18.140 [TestNG-test-Yt Master Tests-2] INFO  [verifyingSideMenuCollapsedLangAsInSettings] Looking for language element with name: தமிழ்
2026-03-05 19:24:18.140 [TestNG-test-Yt Master Tests-2] INFO  [verifyingSideMenuCollapsedLangAsInSettings] [verifyingSideMenuCollapsedLangAsInSettings] Trying to find element: By.xpath: //yt-multi-page-menu-section-renderer[@class='style-scope ytd-multi-page-menu-renderer']//yt-formatted-string[@id='label' and text()='தமிழ்']
2026-03-05 19:24:18.232 [TestNG-test-Yt Master Tests-2] INFO  [verifyingSideMenuCollapsedLangAsInSettings] [verifyingSideMenuCollapsedLangAsInSettings] Element found and ready (attempt 1): By.xpath: //yt-multi-page-menu-section-renderer[@class='style-scope ytd-multi-page-menu-renderer']//yt-formatted-string[@id='label' and text()='தமிழ்']
2026-03-05 19:24:18.232 [TestNG-test-Yt Master Tests-2] INFO  [verifyingSideMenuCollapsedLangAsInSettings] [verifyingSideMenuCollapsedLangAsInSettings] Trying to find element: By.xpath: //yt-multi-page-menu-section-renderer[@class='style-scope ytd-multi-page-menu-renderer']//yt-formatted-string[@id='label' and text()='தமிழ்']
2026-03-05 19:24:18.292 [TestNG-test-Yt Master Tests-2] INFO  [verifyingSideMenuCollapsedLangAsInSettings] [verifyingSideMenuCollapsedLangAsInSettings] Element found and ready (attempt 1): By.xpath: //yt-multi-page-menu-section-renderer[@class='style-scope ytd-multi-page-menu-renderer']//yt-formatted-string[@id='label' and text()='தமிழ்']
2026-03-05 19:24:19.048 [TestNG-test-Yt Master Tests-2] INFO  [verifyingSideMenuCollapsedLangAsInSettings] Clicking settings ellipses button...
2026-03-05 19:24:19.191 [TestNG-test-Yt Master Tests-2] INFO  [verifyingSideMenuCollapsedLangAsInSettings] [verifyingSideMenuCollapsedLangAsInSettings] Trying to find element: By.xpath: //ytd-topbar-menu-button-renderer[@class='style-scope ytd-masthead style-default']
2026-03-05 19:24:19.237 [TestNG-test-Yt Master Tests-2] INFO  [verifyingSideMenuCollapsedLangAsInSettings] [verifyingSideMenuCollapsedLangAsInSettings] Element found and ready (attempt 1): By.xpath: //ytd-topbar-menu-button-renderer[@class='style-scope ytd-masthead style-default']
2026-03-05 19:24:19.445 [TestNG-test-Yt Master Tests-2] INFO  [verifyingSideMenuCollapsedLangAsInSettings] [verifyingSideMenuCollapsedLangAsInSettings] Waiting until element is visible in viewport
2026-03-05 19:24:19.515 [TestNG-test-Yt Master Tests-2] INFO  [verifyingSideMenuCollapsedLangAsInSettings] [verifyingSideMenuCollapsedLangAsInSettings] Capturing screenshot: Filter Applied is தமிழ்__2026-03-05_192419.jpg
2026-03-05 19:24:19.830 [TestNG-test-Yt Master Tests-2] INFO  [verifyingSideMenuCollapsedLangAsInSettings] [verifyingSideMenuCollapsedLangAsInSettings] Screenshot saved at: test-output/screenshots/Run_2026-03-05_19-02-45/verifyingSideMenuCollapsedLangAsInSettings/Filter Applied is தமிழ்__2026-03-05_192419.jpg
2026-03-05 19:24:19.830 [TestNG-test-Yt Master Tests-2] INFO  [verifyingSideMenuCollapsedLangAsInSettings] Clicking settings ellipses button...
2026-03-05 19:24:19.854 [TestNG-test-Yt Master Tests-2] INFO  [verifyingSideMenuCollapsedLangAsInSettings] [verifyingSideMenuCollapsedLangAsInSettings] Trying to find element: By.xpath: //ytd-topbar-menu-button-renderer[@class='style-scope ytd-masthead style-default']
2026-03-05 19:24:19.905 [TestNG-test-Yt Master Tests-2] INFO  [verifyingSideMenuCollapsedLangAsInSettings] [verifyingSideMenuCollapsedLangAsInSettings] Element found and ready (attempt 1): By.xpath: //ytd-topbar-menu-button-renderer[@class='style-scope ytd-masthead style-default']
2026-03-05 19:24:19.957 [TestNG-test-Yt Master Tests-2] INFO  [verifyingSideMenuCollapsedLangAsInSettings] getLangAttribute() - locating <html> and reading lang property
2026-03-05 19:24:19.969 [TestNG-test-Yt Master Tests-2] INFO  [verifyingSideMenuCollapsedLangAsInSettings] Language attribute read: ta-IN
2026-03-05 19:24:19.969 [TestNG-test-Yt Master Tests-2] INFO  [verifyingSideMenuCollapsedLangAsInSettings] Fetching the side menu in collapsed view
2026-03-05 19:24:19.969 [TestNG-test-Yt Master Tests-2] INFO  [verifyingSideMenuCollapsedLangAsInSettings] [verifyingSideMenuCollapsedLangAsInSettings] Finding elements list: By.xpath: //ytd-mini-guide-renderer[@class='style-scope ytd-app']//ytd-mini-guide-entry-renderer
2026-03-05 19:24:20.023 [TestNG-test-Yt Master Tests-2] INFO  [verifyingSideMenuCollapsedLangAsInSettings] [verifyingSideMenuCollapsedLangAsInSettings] Found 4 ready elements (attempt 1): By.xpath: //ytd-mini-guide-renderer[@class='style-scope ytd-app']//ytd-mini-guide-entry-renderer
2026-03-05 19:24:20.097 [TestNG-test-Yt Master Tests-2] INFO  [verifyingSideMenuCollapsedLangAsInSettings] Clicking settings ellipses button...
2026-03-05 19:24:20.117 [TestNG-test-Yt Master Tests-2] INFO  [verifyingSideMenuCollapsedLangAsInSettings] [verifyingSideMenuCollapsedLangAsInSettings] Trying to find element: By.xpath: //ytd-topbar-menu-button-renderer[@class='style-scope ytd-masthead style-default']
2026-03-05 19:24:20.167 [TestNG-test-Yt Master Tests-2] INFO  [verifyingSideMenuCollapsedLangAsInSettings] [verifyingSideMenuCollapsedLangAsInSettings] Element found and ready (attempt 1): By.xpath: //ytd-topbar-menu-button-renderer[@class='style-scope ytd-masthead style-default']
2026-03-05 19:24:20.246 [TestNG-test-Yt Master Tests-2] INFO  [verifyingSideMenuCollapsedLangAsInSettings] Clicking language dropdown...
2026-03-05 19:24:20.246 [TestNG-test-Yt Master Tests-2] INFO  [verifyingSideMenuCollapsedLangAsInSettings] [verifyingSideMenuCollapsedLangAsInSettings] Trying to find element: By.xpath: (//div[@id='content-icon'])[2]
2026-03-05 19:24:20.810 [TestNG-test-Yt Master Tests-2] INFO  [verifyingSideMenuCollapsedLangAsInSettings] [verifyingSideMenuCollapsedLangAsInSettings] Element found and ready (attempt 1): By.xpath: (//div[@id='content-icon'])[2]
2026-03-05 19:24:21.111 [TestNG-test-Yt Master Tests-2] INFO  [verifyingSideMenuCollapsedLangAsInSettings] Looking for language element with name: తెలుగు
2026-03-05 19:24:21.111 [TestNG-test-Yt Master Tests-2] INFO  [verifyingSideMenuCollapsedLangAsInSettings] [verifyingSideMenuCollapsedLangAsInSettings] Trying to find element: By.xpath: //yt-multi-page-menu-section-renderer[@class='style-scope ytd-multi-page-menu-renderer']//yt-formatted-string[@id='label' and text()='తెలుగు']
2026-03-05 19:24:21.194 [TestNG-test-Yt Master Tests-2] INFO  [verifyingSideMenuCollapsedLangAsInSettings] [verifyingSideMenuCollapsedLangAsInSettings] Element found and ready (attempt 1): By.xpath: //yt-multi-page-menu-section-renderer[@class='style-scope ytd-multi-page-menu-renderer']//yt-formatted-string[@id='label' and text()='తెలుగు']
2026-03-05 19:24:21.194 [TestNG-test-Yt Master Tests-2] INFO  [verifyingSideMenuCollapsedLangAsInSettings] [verifyingSideMenuCollapsedLangAsInSettings] Trying to find element: By.xpath: //yt-multi-page-menu-section-renderer[@class='style-scope ytd-multi-page-menu-renderer']//yt-formatted-string[@id='label' and text()='తెలుగు']
2026-03-05 19:24:21.245 [TestNG-test-Yt Master Tests-2] INFO  [verifyingSideMenuCollapsedLangAsInSettings] [verifyingSideMenuCollapsedLangAsInSettings] Element found and ready (attempt 1): By.xpath: //yt-multi-page-menu-section-renderer[@class='style-scope ytd-multi-page-menu-renderer']//yt-formatted-string[@id='label' and text()='తెలుగు']
2026-03-05 19:24:21.911 [TestNG-test-Yt Master Tests-2] INFO  [verifyingSideMenuCollapsedLangAsInSettings] Clicking settings ellipses button...
2026-03-05 19:24:22.045 [TestNG-test-Yt Master Tests-2] INFO  [verifyingSideMenuCollapsedLangAsInSettings] [verifyingSideMenuCollapsedLangAsInSettings] Trying to find element: By.xpath: //ytd-topbar-menu-button-renderer[@class='style-scope ytd-masthead style-default']
2026-03-05 19:24:22.102 [TestNG-test-Yt Master Tests-2] INFO  [verifyingSideMenuCollapsedLangAsInSettings] [verifyingSideMenuCollapsedLangAsInSettings] Element found and ready (attempt 1): By.xpath: //ytd-topbar-menu-button-renderer[@class='style-scope ytd-masthead style-default']
2026-03-05 19:24:22.369 [TestNG-test-Yt Master Tests-2] INFO  [verifyingSideMenuCollapsedLangAsInSettings] [verifyingSideMenuCollapsedLangAsInSettings] Waiting until element is visible in viewport
2026-03-05 19:24:22.496 [TestNG-test-Yt Master Tests-2] INFO  [verifyingSideMenuCollapsedLangAsInSettings] [verifyingSideMenuCollapsedLangAsInSettings] Capturing screenshot: Filter Applied is తెలుగు__2026-03-05_192422.jpg
2026-03-05 19:24:22.767 [TestNG-test-Yt Master Tests-2] INFO  [verifyingSideMenuCollapsedLangAsInSettings] [verifyingSideMenuCollapsedLangAsInSettings] Screenshot saved at: test-output/screenshots/Run_2026-03-05_19-02-45/verifyingSideMenuCollapsedLangAsInSettings/Filter Applied is తెలుగు__2026-03-05_192422.jpg
2026-03-05 19:24:22.767 [TestNG-test-Yt Master Tests-2] INFO  [verifyingSideMenuCollapsedLangAsInSettings] Clicking settings ellipses button...
2026-03-05 19:24:22.785 [TestNG-test-Yt Master Tests-2] INFO  [verifyingSideMenuCollapsedLangAsInSettings] [verifyingSideMenuCollapsedLangAsInSettings] Trying to find element: By.xpath: //ytd-topbar-menu-button-renderer[@class='style-scope ytd-masthead style-default']
2026-03-05 19:24:22.829 [TestNG-test-Yt Master Tests-2] INFO  [verifyingSideMenuCollapsedLangAsInSettings] [verifyingSideMenuCollapsedLangAsInSettings] Element found and ready (attempt 1): By.xpath: //ytd-topbar-menu-button-renderer[@class='style-scope ytd-masthead style-default']
2026-03-05 19:24:22.876 [TestNG-test-Yt Master Tests-2] INFO  [verifyingSideMenuCollapsedLangAsInSettings] getLangAttribute() - locating <html> and reading lang property
2026-03-05 19:24:22.887 [TestNG-test-Yt Master Tests-2] INFO  [verifyingSideMenuCollapsedLangAsInSettings] Language attribute read: te-IN
2026-03-05 19:24:22.887 [TestNG-test-Yt Master Tests-2] INFO  [verifyingSideMenuCollapsedLangAsInSettings] Fetching the side menu in collapsed view
2026-03-05 19:24:22.887 [TestNG-test-Yt Master Tests-2] INFO  [verifyingSideMenuCollapsedLangAsInSettings] [verifyingSideMenuCollapsedLangAsInSettings] Finding elements list: By.xpath: //ytd-mini-guide-renderer[@class='style-scope ytd-app']//ytd-mini-guide-entry-renderer
2026-03-05 19:24:22.942 [TestNG-test-Yt Master Tests-2] INFO  [verifyingSideMenuCollapsedLangAsInSettings] [verifyingSideMenuCollapsedLangAsInSettings] Found 4 ready elements (attempt 1): By.xpath: //ytd-mini-guide-renderer[@class='style-scope ytd-app']//ytd-mini-guide-entry-renderer
2026-03-05 19:24:23.010 [TestNG-test-Yt Master Tests-2] INFO  [verifyingSideMenuCollapsedLangAsInSettings] Clicking settings ellipses button...
2026-03-05 19:24:23.029 [TestNG-test-Yt Master Tests-2] INFO  [verifyingSideMenuCollapsedLangAsInSettings] [verifyingSideMenuCollapsedLangAsInSettings] Trying to find element: By.xpath: //ytd-topbar-menu-button-renderer[@class='style-scope ytd-masthead style-default']
2026-03-05 19:24:23.078 [TestNG-test-Yt Master Tests-2] INFO  [verifyingSideMenuCollapsedLangAsInSettings] [verifyingSideMenuCollapsedLangAsInSettings] Element found and ready (attempt 1): By.xpath: //ytd-topbar-menu-button-renderer[@class='style-scope ytd-masthead style-default']
2026-03-05 19:24:23.136 [TestNG-test-Yt Master Tests-2] INFO  [verifyingSideMenuCollapsedLangAsInSettings] Clicking language dropdown...
2026-03-05 19:24:23.137 [TestNG-test-Yt Master Tests-2] INFO  [verifyingSideMenuCollapsedLangAsInSettings] [verifyingSideMenuCollapsedLangAsInSettings] Trying to find element: By.xpath: (//div[@id='content-icon'])[2]
2026-03-05 19:24:23.702 [TestNG-test-Yt Master Tests-2] INFO  [verifyingSideMenuCollapsedLangAsInSettings] [verifyingSideMenuCollapsedLangAsInSettings] Element found and ready (attempt 1): By.xpath: (//div[@id='content-icon'])[2]
2026-03-05 19:24:23.993 [TestNG-test-Yt Master Tests-2] INFO  [verifyingSideMenuCollapsedLangAsInSettings] Looking for language element with name: 中文 (简体)
2026-03-05 19:24:23.993 [TestNG-test-Yt Master Tests-2] INFO  [verifyingSideMenuCollapsedLangAsInSettings] [verifyingSideMenuCollapsedLangAsInSettings] Trying to find element: By.xpath: //yt-multi-page-menu-section-renderer[@class='style-scope ytd-multi-page-menu-renderer']//yt-formatted-string[@id='label' and text()='中文 (简体)']
2026-03-05 19:24:24.092 [TestNG-test-Yt Master Tests-2] INFO  [verifyingSideMenuCollapsedLangAsInSettings] [verifyingSideMenuCollapsedLangAsInSettings] Element found and ready (attempt 1): By.xpath: //yt-multi-page-menu-section-renderer[@class='style-scope ytd-multi-page-menu-renderer']//yt-formatted-string[@id='label' and text()='中文 (简体)']
2026-03-05 19:24:24.092 [TestNG-test-Yt Master Tests-2] INFO  [verifyingSideMenuCollapsedLangAsInSettings] [verifyingSideMenuCollapsedLangAsInSettings] Trying to find element: By.xpath: //yt-multi-page-menu-section-renderer[@class='style-scope ytd-multi-page-menu-renderer']//yt-formatted-string[@id='label' and text()='中文 (简体)']
2026-03-05 19:24:24.146 [TestNG-test-Yt Master Tests-2] INFO  [verifyingSideMenuCollapsedLangAsInSettings] [verifyingSideMenuCollapsedLangAsInSettings] Element found and ready (attempt 1): By.xpath: //yt-multi-page-menu-section-renderer[@class='style-scope ytd-multi-page-menu-renderer']//yt-formatted-string[@id='label' and text()='中文 (简体)']
2026-03-05 19:24:24.873 [TestNG-test-Yt Master Tests-2] INFO  [verifyingSideMenuCollapsedLangAsInSettings] Clicking settings ellipses button...
2026-03-05 19:24:25.020 [TestNG-test-Yt Master Tests-2] INFO  [verifyingSideMenuCollapsedLangAsInSettings] [verifyingSideMenuCollapsedLangAsInSettings] Trying to find element: By.xpath: //ytd-topbar-menu-button-renderer[@class='style-scope ytd-masthead style-default']
2026-03-05 19:24:25.076 [TestNG-test-Yt Master Tests-2] INFO  [verifyingSideMenuCollapsedLangAsInSettings] [verifyingSideMenuCollapsedLangAsInSettings] Element found and ready (attempt 1): By.xpath: //ytd-topbar-menu-button-renderer[@class='style-scope ytd-masthead style-default']
2026-03-05 19:24:25.310 [TestNG-test-Yt Master Tests-2] INFO  [verifyingSideMenuCollapsedLangAsInSettings] [verifyingSideMenuCollapsedLangAsInSettings] Waiting until element is visible in viewport
2026-03-05 19:24:25.446 [TestNG-test-Yt Master Tests-2] INFO  [verifyingSideMenuCollapsedLangAsInSettings] [verifyingSideMenuCollapsedLangAsInSettings] Capturing screenshot: Filter Applied is 中文 (简体)__2026-03-05_192425.jpg
2026-03-05 19:24:25.742 [TestNG-test-Yt Master Tests-2] INFO  [verifyingSideMenuCollapsedLangAsInSettings] [verifyingSideMenuCollapsedLangAsInSettings] Screenshot saved at: test-output/screenshots/Run_2026-03-05_19-02-45/verifyingSideMenuCollapsedLangAsInSettings/Filter Applied is 中文 (简体)__2026-03-05_192425.jpg
2026-03-05 19:24:25.742 [TestNG-test-Yt Master Tests-2] INFO  [verifyingSideMenuCollapsedLangAsInSettings] Clicking settings ellipses button...
2026-03-05 19:24:25.759 [TestNG-test-Yt Master Tests-2] INFO  [verifyingSideMenuCollapsedLangAsInSettings] [verifyingSideMenuCollapsedLangAsInSettings] Trying to find element: By.xpath: //ytd-topbar-menu-button-renderer[@class='style-scope ytd-masthead style-default']
2026-03-05 19:24:25.802 [TestNG-test-Yt Master Tests-2] INFO  [verifyingSideMenuCollapsedLangAsInSettings] [verifyingSideMenuCollapsedLangAsInSettings] Element found and ready (attempt 1): By.xpath: //ytd-topbar-menu-button-renderer[@class='style-scope ytd-masthead style-default']
2026-03-05 19:24:25.848 [TestNG-test-Yt Master Tests-2] INFO  [verifyingSideMenuCollapsedLangAsInSettings] getLangAttribute() - locating <html> and reading lang property
2026-03-05 19:24:25.859 [TestNG-test-Yt Master Tests-2] INFO  [verifyingSideMenuCollapsedLangAsInSettings] Language attribute read: zh-Hans-CN
2026-03-05 19:24:25.860 [TestNG-test-Yt Master Tests-2] INFO  [verifyingSideMenuCollapsedLangAsInSettings] Fetching the side menu in collapsed view
2026-03-05 19:24:25.860 [TestNG-test-Yt Master Tests-2] INFO  [verifyingSideMenuCollapsedLangAsInSettings] [verifyingSideMenuCollapsedLangAsInSettings] Finding elements list: By.xpath: //ytd-mini-guide-renderer[@class='style-scope ytd-app']//ytd-mini-guide-entry-renderer
2026-03-05 19:24:25.914 [TestNG-test-Yt Master Tests-2] INFO  [verifyingSideMenuCollapsedLangAsInSettings] [verifyingSideMenuCollapsedLangAsInSettings] Found 4 ready elements (attempt 1): By.xpath: //ytd-mini-guide-renderer[@class='style-scope ytd-app']//ytd-mini-guide-entry-renderer
2026-03-05 19:24:25.989 [TestNG-test-Yt Master Tests-2] INFO  [verifyingSideMenuCollapsedLangAsInSettings] Clicking settings ellipses button...
2026-03-05 19:24:26.008 [TestNG-test-Yt Master Tests-2] INFO  [verifyingSideMenuCollapsedLangAsInSettings] [verifyingSideMenuCollapsedLangAsInSettings] Trying to find element: By.xpath: //ytd-topbar-menu-button-renderer[@class='style-scope ytd-masthead style-default']
2026-03-05 19:24:26.083 [TestNG-test-Yt Master Tests-2] INFO  [verifyingSideMenuCollapsedLangAsInSettings] [verifyingSideMenuCollapsedLangAsInSettings] Element found and ready (attempt 1): By.xpath: //ytd-topbar-menu-button-renderer[@class='style-scope ytd-masthead style-default']
2026-03-05 19:24:26.149 [TestNG-test-Yt Master Tests-2] INFO  [verifyingSideMenuCollapsedLangAsInSettings] Clicking language dropdown...
2026-03-05 19:24:26.149 [TestNG-test-Yt Master Tests-2] INFO  [verifyingSideMenuCollapsedLangAsInSettings] [verifyingSideMenuCollapsedLangAsInSettings] Trying to find element: By.xpath: (//div[@id='content-icon'])[2]
2026-03-05 19:24:26.704 [TestNG-test-Yt Master Tests-2] INFO  [verifyingSideMenuCollapsedLangAsInSettings] [verifyingSideMenuCollapsedLangAsInSettings] Element found and ready (attempt 1): By.xpath: (//div[@id='content-icon'])[2]
2026-03-05 19:24:26.988 [TestNG-test-Yt Master Tests-2] INFO  [verifyingSideMenuCollapsedLangAsInSettings] Looking for language element with name: 中文 (繁體)
2026-03-05 19:24:26.988 [TestNG-test-Yt Master Tests-2] INFO  [verifyingSideMenuCollapsedLangAsInSettings] [verifyingSideMenuCollapsedLangAsInSettings] Trying to find element: By.xpath: //yt-multi-page-menu-section-renderer[@class='style-scope ytd-multi-page-menu-renderer']//yt-formatted-string[@id='label' and text()='中文 (繁體)']
2026-03-05 19:24:27.078 [TestNG-test-Yt Master Tests-2] INFO  [verifyingSideMenuCollapsedLangAsInSettings] [verifyingSideMenuCollapsedLangAsInSettings] Element found and ready (attempt 1): By.xpath: //yt-multi-page-menu-section-renderer[@class='style-scope ytd-multi-page-menu-renderer']//yt-formatted-string[@id='label' and text()='中文 (繁體)']
2026-03-05 19:24:27.078 [TestNG-test-Yt Master Tests-2] INFO  [verifyingSideMenuCollapsedLangAsInSettings] [verifyingSideMenuCollapsedLangAsInSettings] Trying to find element: By.xpath: //yt-multi-page-menu-section-renderer[@class='style-scope ytd-multi-page-menu-renderer']//yt-formatted-string[@id='label' and text()='中文 (繁體)']
2026-03-05 19:24:27.129 [TestNG-test-Yt Master Tests-2] INFO  [verifyingSideMenuCollapsedLangAsInSettings] [verifyingSideMenuCollapsedLangAsInSettings] Element found and ready (attempt 1): By.xpath: //yt-multi-page-menu-section-renderer[@class='style-scope ytd-multi-page-menu-renderer']//yt-formatted-string[@id='label' and text()='中文 (繁體)']
2026-03-05 19:24:27.880 [TestNG-test-Yt Master Tests-2] INFO  [verifyingSideMenuCollapsedLangAsInSettings] Clicking settings ellipses button...
2026-03-05 19:24:27.994 [TestNG-test-Yt Master Tests-2] INFO  [verifyingSideMenuCollapsedLangAsInSettings] [verifyingSideMenuCollapsedLangAsInSettings] Trying to find element: By.xpath: //ytd-topbar-menu-button-renderer[@class='style-scope ytd-masthead style-default']
2026-03-05 19:24:28.050 [TestNG-test-Yt Master Tests-2] INFO  [verifyingSideMenuCollapsedLangAsInSettings] [verifyingSideMenuCollapsedLangAsInSettings] Element found and ready (attempt 1): By.xpath: //ytd-topbar-menu-button-renderer[@class='style-scope ytd-masthead style-default']
2026-03-05 19:24:28.141 [TestNG-test-Yt Master Tests-2] INFO  [verifyingSideMenuCollapsedLangAsInSettings] [verifyingSideMenuCollapsedLangAsInSettings] Waiting until element is visible in viewport
2026-03-05 19:24:28.349 [TestNG-test-Yt Master Tests-2] INFO  [verifyingSideMenuCollapsedLangAsInSettings] [verifyingSideMenuCollapsedLangAsInSettings] Capturing screenshot: Filter Applied is 中文 (繁體)__2026-03-05_192428.jpg
2026-03-05 19:24:28.651 [TestNG-test-Yt Master Tests-2] INFO  [verifyingSideMenuCollapsedLangAsInSettings] [verifyingSideMenuCollapsedLangAsInSettings] Screenshot saved at: test-output/screenshots/Run_2026-03-05_19-02-45/verifyingSideMenuCollapsedLangAsInSettings/Filter Applied is 中文 (繁體)__2026-03-05_192428.jpg
2026-03-05 19:24:28.651 [TestNG-test-Yt Master Tests-2] INFO  [verifyingSideMenuCollapsedLangAsInSettings] Clicking settings ellipses button...
2026-03-05 19:24:28.672 [TestNG-test-Yt Master Tests-2] INFO  [verifyingSideMenuCollapsedLangAsInSettings] [verifyingSideMenuCollapsedLangAsInSettings] Trying to find element: By.xpath: //ytd-topbar-menu-button-renderer[@class='style-scope ytd-masthead style-default']
2026-03-05 19:24:28.717 [TestNG-test-Yt Master Tests-2] INFO  [verifyingSideMenuCollapsedLangAsInSettings] [verifyingSideMenuCollapsedLangAsInSettings] Element found and ready (attempt 1): By.xpath: //ytd-topbar-menu-button-renderer[@class='style-scope ytd-masthead style-default']
2026-03-05 19:24:28.767 [TestNG-test-Yt Master Tests-2] INFO  [verifyingSideMenuCollapsedLangAsInSettings] getLangAttribute() - locating <html> and reading lang property
2026-03-05 19:24:28.779 [TestNG-test-Yt Master Tests-2] INFO  [verifyingSideMenuCollapsedLangAsInSettings] Language attribute read: zh-Hant-TW
2026-03-05 19:24:28.779 [TestNG-test-Yt Master Tests-2] INFO  [verifyingSideMenuCollapsedLangAsInSettings] Fetching the side menu in collapsed view
2026-03-05 19:24:28.779 [TestNG-test-Yt Master Tests-2] INFO  [verifyingSideMenuCollapsedLangAsInSettings] [verifyingSideMenuCollapsedLangAsInSettings] Finding elements list: By.xpath: //ytd-mini-guide-renderer[@class='style-scope ytd-app']//ytd-mini-guide-entry-renderer
2026-03-05 19:24:28.835 [TestNG-test-Yt Master Tests-2] INFO  [verifyingSideMenuCollapsedLangAsInSettings] [verifyingSideMenuCollapsedLangAsInSettings] Found 4 ready elements (attempt 1): By.xpath: //ytd-mini-guide-renderer[@class='style-scope ytd-app']//ytd-mini-guide-entry-renderer
2026-03-05 19:24:28.927 [TestNG-test-Yt Master Tests-2] INFO  [verifyingSideMenuCollapsedLangAsInSettings] Clicking settings ellipses button...
2026-03-05 19:24:28.950 [TestNG-test-Yt Master Tests-2] INFO  [verifyingSideMenuCollapsedLangAsInSettings] [verifyingSideMenuCollapsedLangAsInSettings] Trying to find element: By.xpath: //ytd-topbar-menu-button-renderer[@class='style-scope ytd-masthead style-default']
2026-03-05 19:24:29.002 [TestNG-test-Yt Master Tests-2] INFO  [verifyingSideMenuCollapsedLangAsInSettings] [verifyingSideMenuCollapsedLangAsInSettings] Element found and ready (attempt 1): By.xpath: //ytd-topbar-menu-button-renderer[@class='style-scope ytd-masthead style-default']
2026-03-05 19:24:29.053 [TestNG-test-Yt Master Tests-2] INFO  [verifyingSideMenuCollapsedLangAsInSettings] Clicking language dropdown...
2026-03-05 19:24:29.053 [TestNG-test-Yt Master Tests-2] INFO  [verifyingSideMenuCollapsedLangAsInSettings] [verifyingSideMenuCollapsedLangAsInSettings] Trying to find element: By.xpath: (//div[@id='content-icon'])[2]
2026-03-05 19:24:29.618 [TestNG-test-Yt Master Tests-2] INFO  [verifyingSideMenuCollapsedLangAsInSettings] [verifyingSideMenuCollapsedLangAsInSettings] Element found and ready (attempt 1): By.xpath: (//div[@id='content-icon'])[2]
2026-03-05 19:24:29.939 [TestNG-test-Yt Master Tests-2] INFO  [verifyingSideMenuCollapsedLangAsInSettings] Looking for language element with name: 中文 (香港)
2026-03-05 19:24:29.939 [TestNG-test-Yt Master Tests-2] INFO  [verifyingSideMenuCollapsedLangAsInSettings] [verifyingSideMenuCollapsedLangAsInSettings] Trying to find element: By.xpath: //yt-multi-page-menu-section-renderer[@class='style-scope ytd-multi-page-menu-renderer']//yt-formatted-string[@id='label' and text()='中文 (香港)']
2026-03-05 19:24:30.022 [TestNG-test-Yt Master Tests-2] INFO  [verifyingSideMenuCollapsedLangAsInSettings] [verifyingSideMenuCollapsedLangAsInSettings] Element found and ready (attempt 1): By.xpath: //yt-multi-page-menu-section-renderer[@class='style-scope ytd-multi-page-menu-renderer']//yt-formatted-string[@id='label' and text()='中文 (香港)']
2026-03-05 19:24:30.022 [TestNG-test-Yt Master Tests-2] INFO  [verifyingSideMenuCollapsedLangAsInSettings] [verifyingSideMenuCollapsedLangAsInSettings] Trying to find element: By.xpath: //yt-multi-page-menu-section-renderer[@class='style-scope ytd-multi-page-menu-renderer']//yt-formatted-string[@id='label' and text()='中文 (香港)']
2026-03-05 19:24:30.076 [TestNG-test-Yt Master Tests-2] INFO  [verifyingSideMenuCollapsedLangAsInSettings] [verifyingSideMenuCollapsedLangAsInSettings] Element found and ready (attempt 1): By.xpath: //yt-multi-page-menu-section-renderer[@class='style-scope ytd-multi-page-menu-renderer']//yt-formatted-string[@id='label' and text()='中文 (香港)']
2026-03-05 19:24:31.247 [TestNG-test-Yt Master Tests-2] INFO  [verifyingSideMenuCollapsedLangAsInSettings] Clicking settings ellipses button...
2026-03-05 19:24:31.265 [TestNG-test-Yt Master Tests-2] INFO  [verifyingSideMenuCollapsedLangAsInSettings] [verifyingSideMenuCollapsedLangAsInSettings] Trying to find element: By.xpath: //ytd-topbar-menu-button-renderer[@class='style-scope ytd-masthead style-default']
2026-03-05 19:24:31.343 [TestNG-test-Yt Master Tests-2] INFO  [verifyingSideMenuCollapsedLangAsInSettings] [verifyingSideMenuCollapsedLangAsInSettings] Element found and ready (attempt 1): By.xpath: //ytd-topbar-menu-button-renderer[@class='style-scope ytd-masthead style-default']
2026-03-05 19:24:31.469 [TestNG-test-Yt Master Tests-2] INFO  [verifyingSideMenuCollapsedLangAsInSettings] [verifyingSideMenuCollapsedLangAsInSettings] Waiting until element is visible in viewport
2026-03-05 19:24:32.002 [TestNG-test-Yt Master Tests-2] INFO  [verifyingSideMenuCollapsedLangAsInSettings] [verifyingSideMenuCollapsedLangAsInSettings] Capturing screenshot: Filter Applied is 中文 (香港)__2026-03-05_192432.jpg
2026-03-05 19:24:32.204 [TestNG-test-Yt Master Tests-2] INFO  [verifyingSideMenuCollapsedLangAsInSettings] [verifyingSideMenuCollapsedLangAsInSettings] Screenshot saved at: test-output/screenshots/Run_2026-03-05_19-02-45/verifyingSideMenuCollapsedLangAsInSettings/Filter Applied is 中文 (香港)__2026-03-05_192432.jpg
2026-03-05 19:24:32.204 [TestNG-test-Yt Master Tests-2] INFO  [verifyingSideMenuCollapsedLangAsInSettings] Clicking settings ellipses button...
2026-03-05 19:24:32.225 [TestNG-test-Yt Master Tests-2] INFO  [verifyingSideMenuCollapsedLangAsInSettings] [verifyingSideMenuCollapsedLangAsInSettings] Trying to find element: By.xpath: //ytd-topbar-menu-button-renderer[@class='style-scope ytd-masthead style-default']
2026-03-05 19:24:32.275 [TestNG-test-Yt Master Tests-2] INFO  [verifyingSideMenuCollapsedLangAsInSettings] [verifyingSideMenuCollapsedLangAsInSettings] Element found and ready (attempt 1): By.xpath: //ytd-topbar-menu-button-renderer[@class='style-scope ytd-masthead style-default']
2026-03-05 19:24:32.327 [TestNG-test-Yt Master Tests-2] INFO  [verifyingSideMenuCollapsedLangAsInSettings] getLangAttribute() - locating <html> and reading lang property
2026-03-05 19:24:32.341 [TestNG-test-Yt Master Tests-2] INFO  [verifyingSideMenuCollapsedLangAsInSettings] Language attribute read: zh-Hant-HK
2026-03-05 19:24:32.341 [TestNG-test-Yt Master Tests-2] INFO  [verifyingSideMenuCollapsedLangAsInSettings] Fetching the side menu in collapsed view
2026-03-05 19:24:32.341 [TestNG-test-Yt Master Tests-2] INFO  [verifyingSideMenuCollapsedLangAsInSettings] [verifyingSideMenuCollapsedLangAsInSettings] Finding elements list: By.xpath: //ytd-mini-guide-renderer[@class='style-scope ytd-app']//ytd-mini-guide-entry-renderer
2026-03-05 19:24:32.410 [TestNG-test-Yt Master Tests-2] INFO  [verifyingSideMenuCollapsedLangAsInSettings] [verifyingSideMenuCollapsedLangAsInSettings] Found 4 ready elements (attempt 1): By.xpath: //ytd-mini-guide-renderer[@class='style-scope ytd-app']//ytd-mini-guide-entry-renderer
2026-03-05 19:24:32.493 [TestNG-test-Yt Master Tests-2] INFO  [verifyingSideMenuCollapsedLangAsInSettings] Clicking settings ellipses button...
2026-03-05 19:24:32.520 [TestNG-test-Yt Master Tests-2] INFO  [verifyingSideMenuCollapsedLangAsInSettings] [verifyingSideMenuCollapsedLangAsInSettings] Trying to find element: By.xpath: //ytd-topbar-menu-button-renderer[@class='style-scope ytd-masthead style-default']
2026-03-05 19:24:32.585 [TestNG-test-Yt Master Tests-2] INFO  [verifyingSideMenuCollapsedLangAsInSettings] [verifyingSideMenuCollapsedLangAsInSettings] Element found and ready (attempt 1): By.xpath: //ytd-topbar-menu-button-renderer[@class='style-scope ytd-masthead style-default']
2026-03-05 19:24:32.651 [TestNG-test-Yt Master Tests-2] INFO  [verifyingSideMenuCollapsedLangAsInSettings] Clicking language dropdown...
2026-03-05 19:24:32.651 [TestNG-test-Yt Master Tests-2] INFO  [verifyingSideMenuCollapsedLangAsInSettings] [verifyingSideMenuCollapsedLangAsInSettings] Trying to find element: By.xpath: (//div[@id='content-icon'])[2]
2026-03-05 19:24:33.293 [TestNG-test-Yt Master Tests-2] INFO  [verifyingSideMenuCollapsedLangAsInSettings] [verifyingSideMenuCollapsedLangAsInSettings] Element found and ready (attempt 1): By.xpath: (//div[@id='content-icon'])[2]
2026-03-05 19:24:33.776 [TestNG-test-Yt Master Tests-2] INFO  [verifyingSideMenuCollapsedLangAsInSettings] Looking for language element with name: 日本語
2026-03-05 19:24:33.776 [TestNG-test-Yt Master Tests-2] INFO  [verifyingSideMenuCollapsedLangAsInSettings] [verifyingSideMenuCollapsedLangAsInSettings] Trying to find element: By.xpath: //yt-multi-page-menu-section-renderer[@class='style-scope ytd-multi-page-menu-renderer']//yt-formatted-string[@id='label' and text()='日本語']
2026-03-05 19:24:33.881 [TestNG-test-Yt Master Tests-2] INFO  [verifyingSideMenuCollapsedLangAsInSettings] [verifyingSideMenuCollapsedLangAsInSettings] Element found and ready (attempt 1): By.xpath: //yt-multi-page-menu-section-renderer[@class='style-scope ytd-multi-page-menu-renderer']//yt-formatted-string[@id='label' and text()='日本語']
2026-03-05 19:24:33.881 [TestNG-test-Yt Master Tests-2] INFO  [verifyingSideMenuCollapsedLangAsInSettings] [verifyingSideMenuCollapsedLangAsInSettings] Trying to find element: By.xpath: //yt-multi-page-menu-section-renderer[@class='style-scope ytd-multi-page-menu-renderer']//yt-formatted-string[@id='label' and text()='日本語']
2026-03-05 19:24:33.951 [TestNG-test-Yt Master Tests-2] INFO  [verifyingSideMenuCollapsedLangAsInSettings] [verifyingSideMenuCollapsedLangAsInSettings] Element found and ready (attempt 1): By.xpath: //yt-multi-page-menu-section-renderer[@class='style-scope ytd-multi-page-menu-renderer']//yt-formatted-string[@id='label' and text()='日本語']
2026-03-05 19:24:36.362 [TestNG-test-Yt Master Tests-2] INFO  [verifyingSideMenuCollapsedLangAsInSettings] Clicking settings ellipses button...
2026-03-05 19:24:36.506 [TestNG-test-Yt Master Tests-2] INFO  [verifyingSideMenuCollapsedLangAsInSettings] [verifyingSideMenuCollapsedLangAsInSettings] Trying to find element: By.xpath: //ytd-topbar-menu-button-renderer[@class='style-scope ytd-masthead style-default']
2026-03-05 19:24:36.552 [TestNG-test-Yt Master Tests-2] INFO  [verifyingSideMenuCollapsedLangAsInSettings] [verifyingSideMenuCollapsedLangAsInSettings] Element found and ready (attempt 1): By.xpath: //ytd-topbar-menu-button-renderer[@class='style-scope ytd-masthead style-default']
2026-03-05 19:24:36.720 [TestNG-test-Yt Master Tests-2] INFO  [verifyingSideMenuCollapsedLangAsInSettings] [verifyingSideMenuCollapsedLangAsInSettings] Waiting until element is visible in viewport
2026-03-05 19:24:36.875 [TestNG-test-Yt Master Tests-2] INFO  [verifyingSideMenuCollapsedLangAsInSettings] [verifyingSideMenuCollapsedLangAsInSettings] Capturing screenshot: Filter Applied is 日本語__2026-03-05_192436.jpg
2026-03-05 19:24:37.339 [TestNG-test-Yt Master Tests-2] INFO  [verifyingSideMenuCollapsedLangAsInSettings] [verifyingSideMenuCollapsedLangAsInSettings] Screenshot saved at: test-output/screenshots/Run_2026-03-05_19-02-45/verifyingSideMenuCollapsedLangAsInSettings/Filter Applied is 日本語__2026-03-05_192436.jpg
2026-03-05 19:24:37.339 [TestNG-test-Yt Master Tests-2] INFO  [verifyingSideMenuCollapsedLangAsInSettings] Clicking settings ellipses button...
2026-03-05 19:24:37.371 [TestNG-test-Yt Master Tests-2] INFO  [verifyingSideMenuCollapsedLangAsInSettings] [verifyingSideMenuCollapsedLangAsInSettings] Trying to find element: By.xpath: //ytd-topbar-menu-button-renderer[@class='style-scope ytd-masthead style-default']
2026-03-05 19:24:37.456 [TestNG-test-Yt Master Tests-2] INFO  [verifyingSideMenuCollapsedLangAsInSettings] [verifyingSideMenuCollapsedLangAsInSettings] Element found and ready (attempt 1): By.xpath: //ytd-topbar-menu-button-renderer[@class='style-scope ytd-masthead style-default']
2026-03-05 19:24:37.534 [TestNG-test-Yt Master Tests-2] INFO  [verifyingSideMenuCollapsedLangAsInSettings] getLangAttribute() - locating <html> and reading lang property
2026-03-05 19:24:37.573 [TestNG-test-Yt Master Tests-2] INFO  [verifyingSideMenuCollapsedLangAsInSettings] Language attribute read: ja-JP
2026-03-05 19:24:37.573 [TestNG-test-Yt Master Tests-2] INFO  [verifyingSideMenuCollapsedLangAsInSettings] Fetching the side menu in collapsed view
2026-03-05 19:24:37.573 [TestNG-test-Yt Master Tests-2] INFO  [verifyingSideMenuCollapsedLangAsInSettings] [verifyingSideMenuCollapsedLangAsInSettings] Finding elements list: By.xpath: //ytd-mini-guide-renderer[@class='style-scope ytd-app']//ytd-mini-guide-entry-renderer
2026-03-05 19:24:37.710 [TestNG-test-Yt Master Tests-2] INFO  [verifyingSideMenuCollapsedLangAsInSettings] [verifyingSideMenuCollapsedLangAsInSettings] Found 4 ready elements (attempt 1): By.xpath: //ytd-mini-guide-renderer[@class='style-scope ytd-app']//ytd-mini-guide-entry-renderer
2026-03-05 19:24:37.858 [TestNG-test-Yt Master Tests-2] INFO  [verifyingSideMenuCollapsedLangAsInSettings] Clicking settings ellipses button...
2026-03-05 19:24:37.950 [TestNG-test-Yt Master Tests-2] INFO  [verifyingSideMenuCollapsedLangAsInSettings] [verifyingSideMenuCollapsedLangAsInSettings] Trying to find element: By.xpath: //ytd-topbar-menu-button-renderer[@class='style-scope ytd-masthead style-default']
2026-03-05 19:24:38.042 [TestNG-test-Yt Master Tests-2] INFO  [verifyingSideMenuCollapsedLangAsInSettings] [verifyingSideMenuCollapsedLangAsInSettings] Element found and ready (attempt 1): By.xpath: //ytd-topbar-menu-button-renderer[@class='style-scope ytd-masthead style-default']
2026-03-05 19:24:38.130 [TestNG-test-Yt Master Tests-2] INFO  [verifyingSideMenuCollapsedLangAsInSettings] Clicking language dropdown...
2026-03-05 19:24:38.130 [TestNG-test-Yt Master Tests-2] INFO  [verifyingSideMenuCollapsedLangAsInSettings] [verifyingSideMenuCollapsedLangAsInSettings] Trying to find element: By.xpath: (//div[@id='content-icon'])[2]
2026-03-05 19:24:38.697 [TestNG-test-Yt Master Tests-2] INFO  [verifyingSideMenuCollapsedLangAsInSettings] [verifyingSideMenuCollapsedLangAsInSettings] Element found and ready (attempt 1): By.xpath: (//div[@id='content-icon'])[2]
2026-03-05 19:24:39.050 [TestNG-test-Yt Master Tests-2] INFO  [verifyingSideMenuCollapsedLangAsInSettings] Looking for language element with name: 한국어
2026-03-05 19:24:39.050 [TestNG-test-Yt Master Tests-2] INFO  [verifyingSideMenuCollapsedLangAsInSettings] [verifyingSideMenuCollapsedLangAsInSettings] Trying to find element: By.xpath: //yt-multi-page-menu-section-renderer[@class='style-scope ytd-multi-page-menu-renderer']//yt-formatted-string[@id='label' and text()='한국어']
2026-03-05 19:24:39.167 [TestNG-test-Yt Master Tests-2] INFO  [verifyingSideMenuCollapsedLangAsInSettings] [verifyingSideMenuCollapsedLangAsInSettings] Element found and ready (attempt 1): By.xpath: //yt-multi-page-menu-section-renderer[@class='style-scope ytd-multi-page-menu-renderer']//yt-formatted-string[@id='label' and text()='한국어']
2026-03-05 19:24:39.167 [TestNG-test-Yt Master Tests-2] INFO  [verifyingSideMenuCollapsedLangAsInSettings] [verifyingSideMenuCollapsedLangAsInSettings] Trying to find element: By.xpath: //yt-multi-page-menu-section-renderer[@class='style-scope ytd-multi-page-menu-renderer']//yt-formatted-string[@id='label' and text()='한국어']
2026-03-05 19:24:39.223 [TestNG-test-Yt Master Tests-2] INFO  [verifyingSideMenuCollapsedLangAsInSettings] [verifyingSideMenuCollapsedLangAsInSettings] Element found and ready (attempt 1): By.xpath: //yt-multi-page-menu-section-renderer[@class='style-scope ytd-multi-page-menu-renderer']//yt-formatted-string[@id='label' and text()='한국어']
2026-03-05 19:24:40.750 [TestNG-test-Yt Master Tests-2] INFO  [verifyingSideMenuCollapsedLangAsInSettings] Clicking settings ellipses button...
2026-03-05 19:24:40.898 [TestNG-test-Yt Master Tests-2] INFO  [verifyingSideMenuCollapsedLangAsInSettings] [verifyingSideMenuCollapsedLangAsInSettings] Trying to find element: By.xpath: //ytd-topbar-menu-button-renderer[@class='style-scope ytd-masthead style-default']
2026-03-05 19:24:40.955 [TestNG-test-Yt Master Tests-2] INFO  [verifyingSideMenuCollapsedLangAsInSettings] [verifyingSideMenuCollapsedLangAsInSettings] Element found and ready (attempt 1): By.xpath: //ytd-topbar-menu-button-renderer[@class='style-scope ytd-masthead style-default']
2026-03-05 19:24:41.235 [TestNG-test-Yt Master Tests-2] INFO  [verifyingSideMenuCollapsedLangAsInSettings] [verifyingSideMenuCollapsedLangAsInSettings] Waiting until element is visible in viewport
2026-03-05 19:24:41.509 [TestNG-test-Yt Master Tests-2] INFO  [verifyingSideMenuCollapsedLangAsInSettings] [verifyingSideMenuCollapsedLangAsInSettings] Capturing screenshot: Filter Applied is 한국어__2026-03-05_192441.jpg
2026-03-05 19:24:41.722 [TestNG-test-Yt Master Tests-2] INFO  [verifyingSideMenuCollapsedLangAsInSettings] [verifyingSideMenuCollapsedLangAsInSettings] Screenshot saved at: test-output/screenshots/Run_2026-03-05_19-02-45/verifyingSideMenuCollapsedLangAsInSettings/Filter Applied is 한국어__2026-03-05_192441.jpg
2026-03-05 19:24:41.722 [TestNG-test-Yt Master Tests-2] INFO  [verifyingSideMenuCollapsedLangAsInSettings] Clicking settings ellipses button...
2026-03-05 19:24:41.740 [TestNG-test-Yt Master Tests-2] INFO  [verifyingSideMenuCollapsedLangAsInSettings] [verifyingSideMenuCollapsedLangAsInSettings] Trying to find element: By.xpath: //ytd-topbar-menu-button-renderer[@class='style-scope ytd-masthead style-default']
2026-03-05 19:24:41.785 [TestNG-test-Yt Master Tests-2] INFO  [verifyingSideMenuCollapsedLangAsInSettings] [verifyingSideMenuCollapsedLangAsInSettings] Element found and ready (attempt 1): By.xpath: //ytd-topbar-menu-button-renderer[@class='style-scope ytd-masthead style-default']
2026-03-05 19:24:41.831 [TestNG-test-Yt Master Tests-2] INFO  [verifyingSideMenuCollapsedLangAsInSettings] getLangAttribute() - locating <html> and reading lang property
2026-03-05 19:24:41.845 [TestNG-test-Yt Master Tests-2] INFO  [verifyingSideMenuCollapsedLangAsInSettings] Language attribute read: ko-KR
2026-03-05 19:24:41.845 [TestNG-test-Yt Master Tests-2] INFO  [verifyingSideMenuCollapsedLangAsInSettings] Fetching the side menu in collapsed view
2026-03-05 19:24:41.845 [TestNG-test-Yt Master Tests-2] INFO  [verifyingSideMenuCollapsedLangAsInSettings] [verifyingSideMenuCollapsedLangAsInSettings] Finding elements list: By.xpath: //ytd-mini-guide-renderer[@class='style-scope ytd-app']//ytd-mini-guide-entry-renderer
2026-03-05 19:24:41.901 [TestNG-test-Yt Master Tests-2] INFO  [verifyingSideMenuCollapsedLangAsInSettings] [verifyingSideMenuCollapsedLangAsInSettings] Found 4 ready elements (attempt 1): By.xpath: //ytd-mini-guide-renderer[@class='style-scope ytd-app']//ytd-mini-guide-entry-renderer
2026-03-05 19:24:41.973 [TestNG-test-Yt Master Tests-2] INFO  [verifyingSideMenuCollapsedLangAsInSettings] Clicking settings ellipses button...
2026-03-05 19:24:41.994 [TestNG-test-Yt Master Tests-2] INFO  [verifyingSideMenuCollapsedLangAsInSettings] [verifyingSideMenuCollapsedLangAsInSettings] Trying to find element: By.xpath: //ytd-topbar-menu-button-renderer[@class='style-scope ytd-masthead style-default']
2026-03-05 19:24:42.046 [TestNG-test-Yt Master Tests-2] INFO  [verifyingSideMenuCollapsedLangAsInSettings] [verifyingSideMenuCollapsedLangAsInSettings] Element found and ready (attempt 1): By.xpath: //ytd-topbar-menu-button-renderer[@class='style-scope ytd-masthead style-default']
2026-03-05 19:24:42.102 [TestNG-test-Yt Master Tests-2] INFO  [verifyingSideMenuCollapsedLangAsInSettings] Clicking language dropdown...
2026-03-05 19:24:42.102 [TestNG-test-Yt Master Tests-2] INFO  [verifyingSideMenuCollapsedLangAsInSettings] [verifyingSideMenuCollapsedLangAsInSettings] Trying to find element: By.xpath: (//div[@id='content-icon'])[2]
2026-03-05 19:24:42.669 [TestNG-test-Yt Master Tests-2] INFO  [verifyingSideMenuCollapsedLangAsInSettings] [verifyingSideMenuCollapsedLangAsInSettings] Element found and ready (attempt 1): By.xpath: (//div[@id='content-icon'])[2]
2026-03-05 19:24:43.002 [TestNG-test-Yt Master Tests-2] INFO  [verifyingSideMenuCollapsedLangAsInSettings] Test PASSED: verifyingSideMenuCollapsedLangAsInSettings
2026-03-05 19:24:43.002 [TestNG-test-Yt Master Tests-2] INFO  [verifyingSideMenuCollapsedLangAsInSettings] Closing WebDriver for thread: 35
2026-03-05 19:24:43.437 [TestNG-test-Yt Master Tests-2] INFO  [verifyingSideMenuCollapsedLangAsInSettings] WebDriver instance removed from ThreadLocal for thread: 35
2026-03-05 19:24:43.437 [TestNG-test-Yt Master Tests-2] INFO  [verifyingSideMenuCollapsedLangAsInSettings] Driver closed for test: verifyingSideMenuCollapsedLangAsInSettings
