18:16:51 [TestNG-test-Yt Master Tests-2] INFO  verifyingSideMenuCollapsedLangAsInSettings_18-16-51 - No existing WebDriver found for current thread. Initializing a new ChromeDriver...
18:16:51 [TestNG-test-Yt Master Tests-2] INFO  verifyingSideMenuCollapsedLangAsInSettings_18-16-51 - WebDriverManager: chromedriver setup OK
18:16:53 [TestNG-test-Yt Master Tests-2] INFO  verifyingSideMenuCollapsedLangAsInSettings_18-16-51 - ChromeDriver initialized successfully for thread: 35
18:16:53 [TestNG-test-Yt Master Tests-2] INFO  verifyingSideMenuCollapsedLangAsInSettings_18-16-51 - SafeActions initialized with driver ChromeDriver: chrome on windows (3aada1906898aafaee9bcc41ede1b2f0)
18:16:53 [TestNG-test-Yt Master Tests-2] INFO  verifyingSideMenuCollapsedLangAsInSettings_18-16-51 - Initialized YtLandingPage with driver: ChromeDriver: chrome on windows (3aada1906898aafaee9bcc41ede1b2f0)
18:16:53 [TestNG-test-Yt Master Tests-2] INFO  verifyingSideMenuCollapsedLangAsInSettings_18-16-51 - SafeActions initialized with driver ChromeDriver: chrome on windows (3aada1906898aafaee9bcc41ede1b2f0)
18:16:58 [TestNG-test-Yt Master Tests-2] INFO  verifyingSideMenuCollapsedLangAsInSettings_18-16-51 - Opened YouTube landing page.
18:16:58 [TestNG-test-Yt Master Tests-2] INFO  verifyingSideMenuCollapsedLangAsInSettings_18-16-51 - Clicking left ellipses in the landing page
18:16:58 [TestNG-test-Yt Master Tests-2] INFO  verifyingSideMenuCollapsedLangAsInSettings_18-16-51 - [verifyingSideMenuCollapsedLangAsInSettings_18-16-51] Trying to find element: By.xpath: //ytd-topbar-logo-renderer[@id='logo']/preceding-sibling::*[@id='guide-button']
18:16:59 [TestNG-test-Yt Master Tests-2] INFO  verifyingSideMenuCollapsedLangAsInSettings_18-16-51 - [verifyingSideMenuCollapsedLangAsInSettings_18-16-51] Element found and ready (attempt 1): By.xpath: //ytd-topbar-logo-renderer[@id='logo']/preceding-sibling::*[@id='guide-button']
18:16:59 [TestNG-test-Yt Master Tests-2] INFO  verifyingSideMenuCollapsedLangAsInSettings_18-16-51 - Clicking settings ellipses button...
18:16:59 [TestNG-test-Yt Master Tests-2] INFO  verifyingSideMenuCollapsedLangAsInSettings_18-16-51 - [verifyingSideMenuCollapsedLangAsInSettings_18-16-51] Trying to find element: By.xpath: //ytd-topbar-menu-button-renderer[@class='style-scope ytd-masthead style-default']
18:16:59 [TestNG-test-Yt Master Tests-2] INFO  verifyingSideMenuCollapsedLangAsInSettings_18-16-51 - [verifyingSideMenuCollapsedLangAsInSettings_18-16-51] Element found and ready (attempt 1): By.xpath: //ytd-topbar-menu-button-renderer[@class='style-scope ytd-masthead style-default']
18:16:59 [TestNG-test-Yt Master Tests-2] INFO  verifyingSideMenuCollapsedLangAsInSettings_18-16-51 - Clicking language dropdown...
18:16:59 [TestNG-test-Yt Master Tests-2] INFO  verifyingSideMenuCollapsedLangAsInSettings_18-16-51 - [verifyingSideMenuCollapsedLangAsInSettings_18-16-51] Trying to find element: By.xpath: (//div[@id='content-icon'])[2]
18:17:00 [TestNG-test-Yt Master Tests-2] INFO  verifyingSideMenuCollapsedLangAsInSettings_18-16-51 - [verifyingSideMenuCollapsedLangAsInSettings_18-16-51] Element found and ready (attempt 1): By.xpath: (//div[@id='content-icon'])[2]
18:17:01 [TestNG-test-Yt Master Tests-2] INFO  verifyingSideMenuCollapsedLangAsInSettings_18-16-51 - [verifyingSideMenuCollapsedLangAsInSettings_18-16-51] Execution is scheduled type /CRON Job on CI Hence refering to CI keys from UtilData
18:17:01 [TestNG-test-Yt Master Tests-2] INFO  verifyingSideMenuCollapsedLangAsInSettings_18-16-51 - Looking for language element with name: Afrikaans
18:17:01 [TestNG-test-Yt Master Tests-2] INFO  verifyingSideMenuCollapsedLangAsInSettings_18-16-51 - [verifyingSideMenuCollapsedLangAsInSettings_18-16-51] Trying to find element: By.xpath: //yt-multi-page-menu-section-renderer[@class='style-scope ytd-multi-page-menu-renderer']//yt-formatted-string[@id='label' and text()='Afrikaans']
18:17:01 [TestNG-test-Yt Master Tests-2] INFO  verifyingSideMenuCollapsedLangAsInSettings_18-16-51 - [verifyingSideMenuCollapsedLangAsInSettings_18-16-51] Element found and ready (attempt 1): By.xpath: //yt-multi-page-menu-section-renderer[@class='style-scope ytd-multi-page-menu-renderer']//yt-formatted-string[@id='label' and text()='Afrikaans']
18:17:01 [TestNG-test-Yt Master Tests-2] INFO  verifyingSideMenuCollapsedLangAsInSettings_18-16-51 - [verifyingSideMenuCollapsedLangAsInSettings_18-16-51] Trying to find element: By.xpath: //yt-multi-page-menu-section-renderer[@class='style-scope ytd-multi-page-menu-renderer']//yt-formatted-string[@id='label' and text()='Afrikaans']
18:17:01 [TestNG-test-Yt Master Tests-2] INFO  verifyingSideMenuCollapsedLangAsInSettings_18-16-51 - [verifyingSideMenuCollapsedLangAsInSettings_18-16-51] Element found and ready (attempt 1): By.xpath: //yt-multi-page-menu-section-renderer[@class='style-scope ytd-multi-page-menu-renderer']//yt-formatted-string[@id='label' and text()='Afrikaans']
18:17:05 [TestNG-test-Yt Master Tests-2] INFO  verifyingSideMenuCollapsedLangAsInSettings_18-16-51 - Clicking settings ellipses button...
18:17:05 [TestNG-test-Yt Master Tests-2] INFO  verifyingSideMenuCollapsedLangAsInSettings_18-16-51 - [verifyingSideMenuCollapsedLangAsInSettings_18-16-51] Trying to find element: By.xpath: //ytd-topbar-menu-button-renderer[@class='style-scope ytd-masthead style-default']
18:17:06 [TestNG-test-Yt Master Tests-2] INFO  verifyingSideMenuCollapsedLangAsInSettings_18-16-51 - [verifyingSideMenuCollapsedLangAsInSettings_18-16-51] Element found and ready (attempt 1): By.xpath: //ytd-topbar-menu-button-renderer[@class='style-scope ytd-masthead style-default']
18:17:06 [TestNG-test-Yt Master Tests-2] INFO  verifyingSideMenuCollapsedLangAsInSettings_18-16-51 - [verifyingSideMenuCollapsedLangAsInSettings_18-16-51] Waiting until element is visible in viewport
18:17:08 [TestNG-test-Yt Master Tests-2] INFO  verifyingSideMenuCollapsedLangAsInSettings_18-16-51 - Clicking settings ellipses button...
18:17:08 [TestNG-test-Yt Master Tests-2] INFO  verifyingSideMenuCollapsedLangAsInSettings_18-16-51 - [verifyingSideMenuCollapsedLangAsInSettings_18-16-51] Trying to find element: By.xpath: //ytd-topbar-menu-button-renderer[@class='style-scope ytd-masthead style-default']
18:17:08 [TestNG-test-Yt Master Tests-2] INFO  verifyingSideMenuCollapsedLangAsInSettings_18-16-51 - [verifyingSideMenuCollapsedLangAsInSettings_18-16-51] Element found and ready (attempt 1): By.xpath: //ytd-topbar-menu-button-renderer[@class='style-scope ytd-masthead style-default']
18:17:08 [TestNG-test-Yt Master Tests-2] INFO  verifyingSideMenuCollapsedLangAsInSettings_18-16-51 - getLangAttribute() - locating <html> and reading lang property
18:17:08 [TestNG-test-Yt Master Tests-2] INFO  verifyingSideMenuCollapsedLangAsInSettings_18-16-51 - Language attribute read: af-ZA
18:17:08 [TestNG-test-Yt Master Tests-2] INFO  verifyingSideMenuCollapsedLangAsInSettings_18-16-51 - Fetching the side menu in collapsed view
18:17:08 [TestNG-test-Yt Master Tests-2] INFO  verifyingSideMenuCollapsedLangAsInSettings_18-16-51 - [verifyingSideMenuCollapsedLangAsInSettings_18-16-51] Finding elements list: By.xpath: //ytd-mini-guide-renderer[@class='style-scope ytd-app']//ytd-mini-guide-entry-renderer
18:17:08 [TestNG-test-Yt Master Tests-2] INFO  verifyingSideMenuCollapsedLangAsInSettings_18-16-51 - [verifyingSideMenuCollapsedLangAsInSettings_18-16-51] Found 4 ready elements (attempt 1): By.xpath: //ytd-mini-guide-renderer[@class='style-scope ytd-app']//ytd-mini-guide-entry-renderer
18:17:09 [TestNG-test-Yt Master Tests-2] INFO  verifyingSideMenuCollapsedLangAsInSettings_18-16-51 - Clicking settings ellipses button...
18:17:09 [TestNG-test-Yt Master Tests-2] INFO  verifyingSideMenuCollapsedLangAsInSettings_18-16-51 - [verifyingSideMenuCollapsedLangAsInSettings_18-16-51] Trying to find element: By.xpath: //ytd-topbar-menu-button-renderer[@class='style-scope ytd-masthead style-default']
18:17:09 [TestNG-test-Yt Master Tests-2] INFO  verifyingSideMenuCollapsedLangAsInSettings_18-16-51 - [verifyingSideMenuCollapsedLangAsInSettings_18-16-51] Element found and ready (attempt 1): By.xpath: //ytd-topbar-menu-button-renderer[@class='style-scope ytd-masthead style-default']
18:17:09 [TestNG-test-Yt Master Tests-2] INFO  verifyingSideMenuCollapsedLangAsInSettings_18-16-51 - Clicking language dropdown...
18:17:09 [TestNG-test-Yt Master Tests-2] INFO  verifyingSideMenuCollapsedLangAsInSettings_18-16-51 - [verifyingSideMenuCollapsedLangAsInSettings_18-16-51] Trying to find element: By.xpath: (//div[@id='content-icon'])[2]
18:17:10 [TestNG-test-Yt Master Tests-2] INFO  verifyingSideMenuCollapsedLangAsInSettings_18-16-51 - [verifyingSideMenuCollapsedLangAsInSettings_18-16-51] Element found and ready (attempt 1): By.xpath: (//div[@id='content-icon'])[2]
18:17:10 [TestNG-test-Yt Master Tests-2] INFO  verifyingSideMenuCollapsedLangAsInSettings_18-16-51 - Looking for language element with name: Azərbaycan
18:17:10 [TestNG-test-Yt Master Tests-2] INFO  verifyingSideMenuCollapsedLangAsInSettings_18-16-51 - [verifyingSideMenuCollapsedLangAsInSettings_18-16-51] Trying to find element: By.xpath: //yt-multi-page-menu-section-renderer[@class='style-scope ytd-multi-page-menu-renderer']//yt-formatted-string[@id='label' and text()='Azərbaycan']
18:17:10 [TestNG-test-Yt Master Tests-2] INFO  verifyingSideMenuCollapsedLangAsInSettings_18-16-51 - [verifyingSideMenuCollapsedLangAsInSettings_18-16-51] Element found and ready (attempt 1): By.xpath: //yt-multi-page-menu-section-renderer[@class='style-scope ytd-multi-page-menu-renderer']//yt-formatted-string[@id='label' and text()='Azərbaycan']
18:17:10 [TestNG-test-Yt Master Tests-2] INFO  verifyingSideMenuCollapsedLangAsInSettings_18-16-51 - [verifyingSideMenuCollapsedLangAsInSettings_18-16-51] Trying to find element: By.xpath: //yt-multi-page-menu-section-renderer[@class='style-scope ytd-multi-page-menu-renderer']//yt-formatted-string[@id='label' and text()='Azərbaycan']
18:17:10 [TestNG-test-Yt Master Tests-2] INFO  verifyingSideMenuCollapsedLangAsInSettings_18-16-51 - [verifyingSideMenuCollapsedLangAsInSettings_18-16-51] Element found and ready (attempt 1): By.xpath: //yt-multi-page-menu-section-renderer[@class='style-scope ytd-multi-page-menu-renderer']//yt-formatted-string[@id='label' and text()='Azərbaycan']
18:17:12 [TestNG-test-Yt Master Tests-2] INFO  verifyingSideMenuCollapsedLangAsInSettings_18-16-51 - Clicking settings ellipses button...
18:17:12 [TestNG-test-Yt Master Tests-2] INFO  verifyingSideMenuCollapsedLangAsInSettings_18-16-51 - [verifyingSideMenuCollapsedLangAsInSettings_18-16-51] Trying to find element: By.xpath: //ytd-topbar-menu-button-renderer[@class='style-scope ytd-masthead style-default']
18:17:12 [TestNG-test-Yt Master Tests-2] INFO  verifyingSideMenuCollapsedLangAsInSettings_18-16-51 - [verifyingSideMenuCollapsedLangAsInSettings_18-16-51] Element found and ready (attempt 1): By.xpath: //ytd-topbar-menu-button-renderer[@class='style-scope ytd-masthead style-default']
18:17:13 [TestNG-test-Yt Master Tests-2] INFO  verifyingSideMenuCollapsedLangAsInSettings_18-16-51 - [verifyingSideMenuCollapsedLangAsInSettings_18-16-51] Waiting until element is visible in viewport
18:17:13 [TestNG-test-Yt Master Tests-2] INFO  verifyingSideMenuCollapsedLangAsInSettings_18-16-51 - Clicking settings ellipses button...
18:17:14 [TestNG-test-Yt Master Tests-2] INFO  verifyingSideMenuCollapsedLangAsInSettings_18-16-51 - [verifyingSideMenuCollapsedLangAsInSettings_18-16-51] Trying to find element: By.xpath: //ytd-topbar-menu-button-renderer[@class='style-scope ytd-masthead style-default']
18:17:14 [TestNG-test-Yt Master Tests-2] INFO  verifyingSideMenuCollapsedLangAsInSettings_18-16-51 - [verifyingSideMenuCollapsedLangAsInSettings_18-16-51] Element found and ready (attempt 1): By.xpath: //ytd-topbar-menu-button-renderer[@class='style-scope ytd-masthead style-default']
18:17:14 [TestNG-test-Yt Master Tests-2] INFO  verifyingSideMenuCollapsedLangAsInSettings_18-16-51 - getLangAttribute() - locating <html> and reading lang property
18:17:14 [TestNG-test-Yt Master Tests-2] INFO  verifyingSideMenuCollapsedLangAsInSettings_18-16-51 - Language attribute read: az-Latn-AZ
18:17:14 [TestNG-test-Yt Master Tests-2] INFO  verifyingSideMenuCollapsedLangAsInSettings_18-16-51 - Fetching the side menu in collapsed view
18:17:14 [TestNG-test-Yt Master Tests-2] INFO  verifyingSideMenuCollapsedLangAsInSettings_18-16-51 - [verifyingSideMenuCollapsedLangAsInSettings_18-16-51] Finding elements list: By.xpath: //ytd-mini-guide-renderer[@class='style-scope ytd-app']//ytd-mini-guide-entry-renderer
18:17:14 [TestNG-test-Yt Master Tests-2] INFO  verifyingSideMenuCollapsedLangAsInSettings_18-16-51 - [verifyingSideMenuCollapsedLangAsInSettings_18-16-51] Found 4 ready elements (attempt 1): By.xpath: //ytd-mini-guide-renderer[@class='style-scope ytd-app']//ytd-mini-guide-entry-renderer
18:17:14 [TestNG-test-Yt Master Tests-2] INFO  verifyingSideMenuCollapsedLangAsInSettings_18-16-51 - Clicking settings ellipses button...
18:17:14 [TestNG-test-Yt Master Tests-2] INFO  verifyingSideMenuCollapsedLangAsInSettings_18-16-51 - [verifyingSideMenuCollapsedLangAsInSettings_18-16-51] Trying to find element: By.xpath: //ytd-topbar-menu-button-renderer[@class='style-scope ytd-masthead style-default']
18:17:14 [TestNG-test-Yt Master Tests-2] INFO  verifyingSideMenuCollapsedLangAsInSettings_18-16-51 - [verifyingSideMenuCollapsedLangAsInSettings_18-16-51] Element found and ready (attempt 1): By.xpath: //ytd-topbar-menu-button-renderer[@class='style-scope ytd-masthead style-default']
18:17:14 [TestNG-test-Yt Master Tests-2] INFO  verifyingSideMenuCollapsedLangAsInSettings_18-16-51 - Clicking language dropdown...
18:17:14 [TestNG-test-Yt Master Tests-2] INFO  verifyingSideMenuCollapsedLangAsInSettings_18-16-51 - [verifyingSideMenuCollapsedLangAsInSettings_18-16-51] Trying to find element: By.xpath: (//div[@id='content-icon'])[2]
18:17:15 [TestNG-test-Yt Master Tests-2] INFO  verifyingSideMenuCollapsedLangAsInSettings_18-16-51 - [verifyingSideMenuCollapsedLangAsInSettings_18-16-51] Element found and ready (attempt 1): By.xpath: (//div[@id='content-icon'])[2]
18:17:16 [TestNG-test-Yt Master Tests-2] INFO  verifyingSideMenuCollapsedLangAsInSettings_18-16-51 - Looking for language element with name: Bahasa Indonesia
18:17:16 [TestNG-test-Yt Master Tests-2] INFO  verifyingSideMenuCollapsedLangAsInSettings_18-16-51 - [verifyingSideMenuCollapsedLangAsInSettings_18-16-51] Trying to find element: By.xpath: //yt-multi-page-menu-section-renderer[@class='style-scope ytd-multi-page-menu-renderer']//yt-formatted-string[@id='label' and text()='Bahasa Indonesia']
18:17:16 [TestNG-test-Yt Master Tests-2] INFO  verifyingSideMenuCollapsedLangAsInSettings_18-16-51 - [verifyingSideMenuCollapsedLangAsInSettings_18-16-51] Element found and ready (attempt 1): By.xpath: //yt-multi-page-menu-section-renderer[@class='style-scope ytd-multi-page-menu-renderer']//yt-formatted-string[@id='label' and text()='Bahasa Indonesia']
18:17:16 [TestNG-test-Yt Master Tests-2] INFO  verifyingSideMenuCollapsedLangAsInSettings_18-16-51 - [verifyingSideMenuCollapsedLangAsInSettings_18-16-51] Trying to find element: By.xpath: //yt-multi-page-menu-section-renderer[@class='style-scope ytd-multi-page-menu-renderer']//yt-formatted-string[@id='label' and text()='Bahasa Indonesia']
18:17:16 [TestNG-test-Yt Master Tests-2] INFO  verifyingSideMenuCollapsedLangAsInSettings_18-16-51 - [verifyingSideMenuCollapsedLangAsInSettings_18-16-51] Element found and ready (attempt 1): By.xpath: //yt-multi-page-menu-section-renderer[@class='style-scope ytd-multi-page-menu-renderer']//yt-formatted-string[@id='label' and text()='Bahasa Indonesia']
18:17:19 [TestNG-test-Yt Master Tests-2] INFO  verifyingSideMenuCollapsedLangAsInSettings_18-16-51 - Clicking settings ellipses button...
18:17:19 [TestNG-test-Yt Master Tests-2] INFO  verifyingSideMenuCollapsedLangAsInSettings_18-16-51 - [verifyingSideMenuCollapsedLangAsInSettings_18-16-51] Trying to find element: By.xpath: //ytd-topbar-menu-button-renderer[@class='style-scope ytd-masthead style-default']
18:17:19 [TestNG-test-Yt Master Tests-2] INFO  verifyingSideMenuCollapsedLangAsInSettings_18-16-51 - [verifyingSideMenuCollapsedLangAsInSettings_18-16-51] Element found and ready (attempt 1): By.xpath: //ytd-topbar-menu-button-renderer[@class='style-scope ytd-masthead style-default']
18:17:20 [TestNG-test-Yt Master Tests-2] INFO  verifyingSideMenuCollapsedLangAsInSettings_18-16-51 - [verifyingSideMenuCollapsedLangAsInSettings_18-16-51] Waiting until element is visible in viewport
18:17:20 [TestNG-test-Yt Master Tests-2] INFO  verifyingSideMenuCollapsedLangAsInSettings_18-16-51 - Clicking settings ellipses button...
18:17:20 [TestNG-test-Yt Master Tests-2] INFO  verifyingSideMenuCollapsedLangAsInSettings_18-16-51 - [verifyingSideMenuCollapsedLangAsInSettings_18-16-51] Trying to find element: By.xpath: //ytd-topbar-menu-button-renderer[@class='style-scope ytd-masthead style-default']
18:17:21 [TestNG-test-Yt Master Tests-2] INFO  verifyingSideMenuCollapsedLangAsInSettings_18-16-51 - [verifyingSideMenuCollapsedLangAsInSettings_18-16-51] Element found and ready (attempt 1): By.xpath: //ytd-topbar-menu-button-renderer[@class='style-scope ytd-masthead style-default']
18:17:21 [TestNG-test-Yt Master Tests-2] INFO  verifyingSideMenuCollapsedLangAsInSettings_18-16-51 - getLangAttribute() - locating <html> and reading lang property
18:17:21 [TestNG-test-Yt Master Tests-2] INFO  verifyingSideMenuCollapsedLangAsInSettings_18-16-51 - Language attribute read: id-ID
18:17:21 [TestNG-test-Yt Master Tests-2] INFO  verifyingSideMenuCollapsedLangAsInSettings_18-16-51 - Fetching the side menu in collapsed view
18:17:21 [TestNG-test-Yt Master Tests-2] INFO  verifyingSideMenuCollapsedLangAsInSettings_18-16-51 - [verifyingSideMenuCollapsedLangAsInSettings_18-16-51] Finding elements list: By.xpath: //ytd-mini-guide-renderer[@class='style-scope ytd-app']//ytd-mini-guide-entry-renderer
18:17:21 [TestNG-test-Yt Master Tests-2] INFO  verifyingSideMenuCollapsedLangAsInSettings_18-16-51 - [verifyingSideMenuCollapsedLangAsInSettings_18-16-51] Found 4 ready elements (attempt 1): By.xpath: //ytd-mini-guide-renderer[@class='style-scope ytd-app']//ytd-mini-guide-entry-renderer
18:17:21 [TestNG-test-Yt Master Tests-2] INFO  verifyingSideMenuCollapsedLangAsInSettings_18-16-51 - Clicking settings ellipses button...
18:17:21 [TestNG-test-Yt Master Tests-2] INFO  verifyingSideMenuCollapsedLangAsInSettings_18-16-51 - [verifyingSideMenuCollapsedLangAsInSettings_18-16-51] Trying to find element: By.xpath: //ytd-topbar-menu-button-renderer[@class='style-scope ytd-masthead style-default']
18:17:21 [TestNG-test-Yt Master Tests-2] INFO  verifyingSideMenuCollapsedLangAsInSettings_18-16-51 - [verifyingSideMenuCollapsedLangAsInSettings_18-16-51] Element found and ready (attempt 1): By.xpath: //ytd-topbar-menu-button-renderer[@class='style-scope ytd-masthead style-default']
18:17:21 [TestNG-test-Yt Master Tests-2] INFO  verifyingSideMenuCollapsedLangAsInSettings_18-16-51 - Clicking language dropdown...
18:17:21 [TestNG-test-Yt Master Tests-2] INFO  verifyingSideMenuCollapsedLangAsInSettings_18-16-51 - [verifyingSideMenuCollapsedLangAsInSettings_18-16-51] Trying to find element: By.xpath: (//div[@id='content-icon'])[2]
18:17:22 [TestNG-test-Yt Master Tests-2] INFO  verifyingSideMenuCollapsedLangAsInSettings_18-16-51 - [verifyingSideMenuCollapsedLangAsInSettings_18-16-51] Element found and ready (attempt 1): By.xpath: (//div[@id='content-icon'])[2]
18:17:22 [TestNG-test-Yt Master Tests-2] INFO  verifyingSideMenuCollapsedLangAsInSettings_18-16-51 - Looking for language element with name: Bosanski
18:17:22 [TestNG-test-Yt Master Tests-2] INFO  verifyingSideMenuCollapsedLangAsInSettings_18-16-51 - [verifyingSideMenuCollapsedLangAsInSettings_18-16-51] Trying to find element: By.xpath: //yt-multi-page-menu-section-renderer[@class='style-scope ytd-multi-page-menu-renderer']//yt-formatted-string[@id='label' and text()='Bosanski']
18:17:23 [TestNG-test-Yt Master Tests-2] INFO  verifyingSideMenuCollapsedLangAsInSettings_18-16-51 - [verifyingSideMenuCollapsedLangAsInSettings_18-16-51] Element found and ready (attempt 1): By.xpath: //yt-multi-page-menu-section-renderer[@class='style-scope ytd-multi-page-menu-renderer']//yt-formatted-string[@id='label' and text()='Bosanski']
18:17:23 [TestNG-test-Yt Master Tests-2] INFO  verifyingSideMenuCollapsedLangAsInSettings_18-16-51 - [verifyingSideMenuCollapsedLangAsInSettings_18-16-51] Trying to find element: By.xpath: //yt-multi-page-menu-section-renderer[@class='style-scope ytd-multi-page-menu-renderer']//yt-formatted-string[@id='label' and text()='Bosanski']
18:17:23 [TestNG-test-Yt Master Tests-2] INFO  verifyingSideMenuCollapsedLangAsInSettings_18-16-51 - [verifyingSideMenuCollapsedLangAsInSettings_18-16-51] Element found and ready (attempt 1): By.xpath: //yt-multi-page-menu-section-renderer[@class='style-scope ytd-multi-page-menu-renderer']//yt-formatted-string[@id='label' and text()='Bosanski']
18:17:24 [TestNG-test-Yt Master Tests-2] INFO  verifyingSideMenuCollapsedLangAsInSettings_18-16-51 - Clicking settings ellipses button...
18:17:25 [TestNG-test-Yt Master Tests-2] INFO  verifyingSideMenuCollapsedLangAsInSettings_18-16-51 - [verifyingSideMenuCollapsedLangAsInSettings_18-16-51] Trying to find element: By.xpath: //ytd-topbar-menu-button-renderer[@class='style-scope ytd-masthead style-default']
18:17:25 [TestNG-test-Yt Master Tests-2] INFO  verifyingSideMenuCollapsedLangAsInSettings_18-16-51 - [verifyingSideMenuCollapsedLangAsInSettings_18-16-51] Element found and ready (attempt 1): By.xpath: //ytd-topbar-menu-button-renderer[@class='style-scope ytd-masthead style-default']
18:17:25 [TestNG-test-Yt Master Tests-2] INFO  verifyingSideMenuCollapsedLangAsInSettings_18-16-51 - [verifyingSideMenuCollapsedLangAsInSettings_18-16-51] Waiting until element is visible in viewport
18:17:26 [TestNG-test-Yt Master Tests-2] INFO  verifyingSideMenuCollapsedLangAsInSettings_18-16-51 - Clicking settings ellipses button...
18:17:26 [TestNG-test-Yt Master Tests-2] INFO  verifyingSideMenuCollapsedLangAsInSettings_18-16-51 - [verifyingSideMenuCollapsedLangAsInSettings_18-16-51] Trying to find element: By.xpath: //ytd-topbar-menu-button-renderer[@class='style-scope ytd-masthead style-default']
18:17:26 [TestNG-test-Yt Master Tests-2] INFO  verifyingSideMenuCollapsedLangAsInSettings_18-16-51 - [verifyingSideMenuCollapsedLangAsInSettings_18-16-51] Element found and ready (attempt 1): By.xpath: //ytd-topbar-menu-button-renderer[@class='style-scope ytd-masthead style-default']
18:17:26 [TestNG-test-Yt Master Tests-2] INFO  verifyingSideMenuCollapsedLangAsInSettings_18-16-51 - getLangAttribute() - locating <html> and reading lang property
18:17:26 [TestNG-test-Yt Master Tests-2] INFO  verifyingSideMenuCollapsedLangAsInSettings_18-16-51 - Language attribute read: bs-Latn-BA
18:17:26 [TestNG-test-Yt Master Tests-2] INFO  verifyingSideMenuCollapsedLangAsInSettings_18-16-51 - Fetching the side menu in collapsed view
18:17:26 [TestNG-test-Yt Master Tests-2] INFO  verifyingSideMenuCollapsedLangAsInSettings_18-16-51 - [verifyingSideMenuCollapsedLangAsInSettings_18-16-51] Finding elements list: By.xpath: //ytd-mini-guide-renderer[@class='style-scope ytd-app']//ytd-mini-guide-entry-renderer
18:17:27 [TestNG-test-Yt Master Tests-2] INFO  verifyingSideMenuCollapsedLangAsInSettings_18-16-51 - [verifyingSideMenuCollapsedLangAsInSettings_18-16-51] Found 4 ready elements (attempt 1): By.xpath: //ytd-mini-guide-renderer[@class='style-scope ytd-app']//ytd-mini-guide-entry-renderer
18:17:27 [TestNG-test-Yt Master Tests-2] INFO  verifyingSideMenuCollapsedLangAsInSettings_18-16-51 - Clicking settings ellipses button...
18:17:27 [TestNG-test-Yt Master Tests-2] INFO  verifyingSideMenuCollapsedLangAsInSettings_18-16-51 - [verifyingSideMenuCollapsedLangAsInSettings_18-16-51] Trying to find element: By.xpath: //ytd-topbar-menu-button-renderer[@class='style-scope ytd-masthead style-default']
18:17:27 [TestNG-test-Yt Master Tests-2] INFO  verifyingSideMenuCollapsedLangAsInSettings_18-16-51 - [verifyingSideMenuCollapsedLangAsInSettings_18-16-51] Element found and ready (attempt 1): By.xpath: //ytd-topbar-menu-button-renderer[@class='style-scope ytd-masthead style-default']
18:17:27 [TestNG-test-Yt Master Tests-2] INFO  verifyingSideMenuCollapsedLangAsInSettings_18-16-51 - Clicking language dropdown...
18:17:27 [TestNG-test-Yt Master Tests-2] INFO  verifyingSideMenuCollapsedLangAsInSettings_18-16-51 - [verifyingSideMenuCollapsedLangAsInSettings_18-16-51] Trying to find element: By.xpath: (//div[@id='content-icon'])[2]
18:17:27 [TestNG-test-Yt Master Tests-2] INFO  verifyingSideMenuCollapsedLangAsInSettings_18-16-51 - [verifyingSideMenuCollapsedLangAsInSettings_18-16-51] Element found and ready (attempt 1): By.xpath: (//div[@id='content-icon'])[2]
18:17:28 [TestNG-test-Yt Master Tests-2] INFO  verifyingSideMenuCollapsedLangAsInSettings_18-16-51 - Looking for language element with name: Català
18:17:28 [TestNG-test-Yt Master Tests-2] INFO  verifyingSideMenuCollapsedLangAsInSettings_18-16-51 - [verifyingSideMenuCollapsedLangAsInSettings_18-16-51] Trying to find element: By.xpath: //yt-multi-page-menu-section-renderer[@class='style-scope ytd-multi-page-menu-renderer']//yt-formatted-string[@id='label' and text()='Català']
18:17:28 [TestNG-test-Yt Master Tests-2] INFO  verifyingSideMenuCollapsedLangAsInSettings_18-16-51 - [verifyingSideMenuCollapsedLangAsInSettings_18-16-51] Element found and ready (attempt 1): By.xpath: //yt-multi-page-menu-section-renderer[@class='style-scope ytd-multi-page-menu-renderer']//yt-formatted-string[@id='label' and text()='Català']
18:17:28 [TestNG-test-Yt Master Tests-2] INFO  verifyingSideMenuCollapsedLangAsInSettings_18-16-51 - [verifyingSideMenuCollapsedLangAsInSettings_18-16-51] Trying to find element: By.xpath: //yt-multi-page-menu-section-renderer[@class='style-scope ytd-multi-page-menu-renderer']//yt-formatted-string[@id='label' and text()='Català']
18:17:28 [TestNG-test-Yt Master Tests-2] INFO  verifyingSideMenuCollapsedLangAsInSettings_18-16-51 - [verifyingSideMenuCollapsedLangAsInSettings_18-16-51] Element found and ready (attempt 1): By.xpath: //yt-multi-page-menu-section-renderer[@class='style-scope ytd-multi-page-menu-renderer']//yt-formatted-string[@id='label' and text()='Català']
18:17:30 [TestNG-test-Yt Master Tests-2] INFO  verifyingSideMenuCollapsedLangAsInSettings_18-16-51 - Clicking settings ellipses button...
18:17:31 [TestNG-test-Yt Master Tests-2] INFO  verifyingSideMenuCollapsedLangAsInSettings_18-16-51 - [verifyingSideMenuCollapsedLangAsInSettings_18-16-51] Trying to find element: By.xpath: //ytd-topbar-menu-button-renderer[@class='style-scope ytd-masthead style-default']
18:17:31 [TestNG-test-Yt Master Tests-2] INFO  verifyingSideMenuCollapsedLangAsInSettings_18-16-51 - [verifyingSideMenuCollapsedLangAsInSettings_18-16-51] Element found and ready (attempt 1): By.xpath: //ytd-topbar-menu-button-renderer[@class='style-scope ytd-masthead style-default']
18:17:31 [TestNG-test-Yt Master Tests-2] INFO  verifyingSideMenuCollapsedLangAsInSettings_18-16-51 - [verifyingSideMenuCollapsedLangAsInSettings_18-16-51] Waiting until element is visible in viewport
18:17:32 [TestNG-test-Yt Master Tests-2] INFO  verifyingSideMenuCollapsedLangAsInSettings_18-16-51 - Clicking settings ellipses button...
18:17:32 [TestNG-test-Yt Master Tests-2] INFO  verifyingSideMenuCollapsedLangAsInSettings_18-16-51 - [verifyingSideMenuCollapsedLangAsInSettings_18-16-51] Trying to find element: By.xpath: //ytd-topbar-menu-button-renderer[@class='style-scope ytd-masthead style-default']
18:17:32 [TestNG-test-Yt Master Tests-2] INFO  verifyingSideMenuCollapsedLangAsInSettings_18-16-51 - [verifyingSideMenuCollapsedLangAsInSettings_18-16-51] Element found and ready (attempt 1): By.xpath: //ytd-topbar-menu-button-renderer[@class='style-scope ytd-masthead style-default']
18:17:32 [TestNG-test-Yt Master Tests-2] INFO  verifyingSideMenuCollapsedLangAsInSettings_18-16-51 - getLangAttribute() - locating <html> and reading lang property
18:17:32 [TestNG-test-Yt Master Tests-2] INFO  verifyingSideMenuCollapsedLangAsInSettings_18-16-51 - Language attribute read: ca-ES
18:17:32 [TestNG-test-Yt Master Tests-2] INFO  verifyingSideMenuCollapsedLangAsInSettings_18-16-51 - Fetching the side menu in collapsed view
18:17:32 [TestNG-test-Yt Master Tests-2] INFO  verifyingSideMenuCollapsedLangAsInSettings_18-16-51 - [verifyingSideMenuCollapsedLangAsInSettings_18-16-51] Finding elements list: By.xpath: //ytd-mini-guide-renderer[@class='style-scope ytd-app']//ytd-mini-guide-entry-renderer
18:17:33 [TestNG-test-Yt Master Tests-2] INFO  verifyingSideMenuCollapsedLangAsInSettings_18-16-51 - [verifyingSideMenuCollapsedLangAsInSettings_18-16-51] Found 4 ready elements (attempt 1): By.xpath: //ytd-mini-guide-renderer[@class='style-scope ytd-app']//ytd-mini-guide-entry-renderer
18:17:33 [TestNG-test-Yt Master Tests-2] INFO  verifyingSideMenuCollapsedLangAsInSettings_18-16-51 - Clicking settings ellipses button...
18:17:33 [TestNG-test-Yt Master Tests-2] INFO  verifyingSideMenuCollapsedLangAsInSettings_18-16-51 - [verifyingSideMenuCollapsedLangAsInSettings_18-16-51] Trying to find element: By.xpath: //ytd-topbar-menu-button-renderer[@class='style-scope ytd-masthead style-default']
18:17:33 [TestNG-test-Yt Master Tests-2] INFO  verifyingSideMenuCollapsedLangAsInSettings_18-16-51 - [verifyingSideMenuCollapsedLangAsInSettings_18-16-51] Element found and ready (attempt 1): By.xpath: //ytd-topbar-menu-button-renderer[@class='style-scope ytd-masthead style-default']
18:17:33 [TestNG-test-Yt Master Tests-2] INFO  verifyingSideMenuCollapsedLangAsInSettings_18-16-51 - Clicking language dropdown...
18:17:33 [TestNG-test-Yt Master Tests-2] INFO  verifyingSideMenuCollapsedLangAsInSettings_18-16-51 - [verifyingSideMenuCollapsedLangAsInSettings_18-16-51] Trying to find element: By.xpath: (//div[@id='content-icon'])[2]
18:17:34 [TestNG-test-Yt Master Tests-2] INFO  verifyingSideMenuCollapsedLangAsInSettings_18-16-51 - [verifyingSideMenuCollapsedLangAsInSettings_18-16-51] Element found and ready (attempt 1): By.xpath: (//div[@id='content-icon'])[2]
18:17:35 [TestNG-test-Yt Master Tests-2] INFO  verifyingSideMenuCollapsedLangAsInSettings_18-16-51 - Looking for language element with name: Dansk
18:17:35 [TestNG-test-Yt Master Tests-2] INFO  verifyingSideMenuCollapsedLangAsInSettings_18-16-51 - [verifyingSideMenuCollapsedLangAsInSettings_18-16-51] Trying to find element: By.xpath: //yt-multi-page-menu-section-renderer[@class='style-scope ytd-multi-page-menu-renderer']//yt-formatted-string[@id='label' and text()='Dansk']
18:17:35 [TestNG-test-Yt Master Tests-2] INFO  verifyingSideMenuCollapsedLangAsInSettings_18-16-51 - [verifyingSideMenuCollapsedLangAsInSettings_18-16-51] Element found and ready (attempt 1): By.xpath: //yt-multi-page-menu-section-renderer[@class='style-scope ytd-multi-page-menu-renderer']//yt-formatted-string[@id='label' and text()='Dansk']
18:17:35 [TestNG-test-Yt Master Tests-2] INFO  verifyingSideMenuCollapsedLangAsInSettings_18-16-51 - [verifyingSideMenuCollapsedLangAsInSettings_18-16-51] Trying to find element: By.xpath: //yt-multi-page-menu-section-renderer[@class='style-scope ytd-multi-page-menu-renderer']//yt-formatted-string[@id='label' and text()='Dansk']
18:17:35 [TestNG-test-Yt Master Tests-2] INFO  verifyingSideMenuCollapsedLangAsInSettings_18-16-51 - [verifyingSideMenuCollapsedLangAsInSettings_18-16-51] Element found and ready (attempt 1): By.xpath: //yt-multi-page-menu-section-renderer[@class='style-scope ytd-multi-page-menu-renderer']//yt-formatted-string[@id='label' and text()='Dansk']
18:17:37 [TestNG-test-Yt Master Tests-2] INFO  verifyingSideMenuCollapsedLangAsInSettings_18-16-51 - Clicking settings ellipses button...
18:17:37 [TestNG-test-Yt Master Tests-2] INFO  verifyingSideMenuCollapsedLangAsInSettings_18-16-51 - [verifyingSideMenuCollapsedLangAsInSettings_18-16-51] Trying to find element: By.xpath: //ytd-topbar-menu-button-renderer[@class='style-scope ytd-masthead style-default']
18:17:38 [TestNG-test-Yt Master Tests-2] INFO  verifyingSideMenuCollapsedLangAsInSettings_18-16-51 - [verifyingSideMenuCollapsedLangAsInSettings_18-16-51] Element found and ready (attempt 1): By.xpath: //ytd-topbar-menu-button-renderer[@class='style-scope ytd-masthead style-default']
18:17:38 [TestNG-test-Yt Master Tests-2] INFO  verifyingSideMenuCollapsedLangAsInSettings_18-16-51 - [verifyingSideMenuCollapsedLangAsInSettings_18-16-51] Waiting until element is visible in viewport
18:17:39 [TestNG-test-Yt Master Tests-2] INFO  verifyingSideMenuCollapsedLangAsInSettings_18-16-51 - Clicking settings ellipses button...
18:17:39 [TestNG-test-Yt Master Tests-2] INFO  verifyingSideMenuCollapsedLangAsInSettings_18-16-51 - [verifyingSideMenuCollapsedLangAsInSettings_18-16-51] Trying to find element: By.xpath: //ytd-topbar-menu-button-renderer[@class='style-scope ytd-masthead style-default']
18:17:39 [TestNG-test-Yt Master Tests-2] INFO  verifyingSideMenuCollapsedLangAsInSettings_18-16-51 - [verifyingSideMenuCollapsedLangAsInSettings_18-16-51] Element found and ready (attempt 1): By.xpath: //ytd-topbar-menu-button-renderer[@class='style-scope ytd-masthead style-default']
18:17:39 [TestNG-test-Yt Master Tests-2] INFO  verifyingSideMenuCollapsedLangAsInSettings_18-16-51 - getLangAttribute() - locating <html> and reading lang property
18:17:39 [TestNG-test-Yt Master Tests-2] INFO  verifyingSideMenuCollapsedLangAsInSettings_18-16-51 - Language attribute read: da-DK
18:17:39 [TestNG-test-Yt Master Tests-2] INFO  verifyingSideMenuCollapsedLangAsInSettings_18-16-51 - Fetching the side menu in collapsed view
18:17:39 [TestNG-test-Yt Master Tests-2] INFO  verifyingSideMenuCollapsedLangAsInSettings_18-16-51 - [verifyingSideMenuCollapsedLangAsInSettings_18-16-51] Finding elements list: By.xpath: //ytd-mini-guide-renderer[@class='style-scope ytd-app']//ytd-mini-guide-entry-renderer
18:17:39 [TestNG-test-Yt Master Tests-2] INFO  verifyingSideMenuCollapsedLangAsInSettings_18-16-51 - [verifyingSideMenuCollapsedLangAsInSettings_18-16-51] Found 4 ready elements (attempt 1): By.xpath: //ytd-mini-guide-renderer[@class='style-scope ytd-app']//ytd-mini-guide-entry-renderer
18:17:39 [TestNG-test-Yt Master Tests-2] INFO  verifyingSideMenuCollapsedLangAsInSettings_18-16-51 - Clicking settings ellipses button...
18:17:39 [TestNG-test-Yt Master Tests-2] INFO  verifyingSideMenuCollapsedLangAsInSettings_18-16-51 - [verifyingSideMenuCollapsedLangAsInSettings_18-16-51] Trying to find element: By.xpath: //ytd-topbar-menu-button-renderer[@class='style-scope ytd-masthead style-default']
18:17:39 [TestNG-test-Yt Master Tests-2] INFO  verifyingSideMenuCollapsedLangAsInSettings_18-16-51 - [verifyingSideMenuCollapsedLangAsInSettings_18-16-51] Element found and ready (attempt 1): By.xpath: //ytd-topbar-menu-button-renderer[@class='style-scope ytd-masthead style-default']
18:17:39 [TestNG-test-Yt Master Tests-2] INFO  verifyingSideMenuCollapsedLangAsInSettings_18-16-51 - Clicking language dropdown...
18:17:39 [TestNG-test-Yt Master Tests-2] INFO  verifyingSideMenuCollapsedLangAsInSettings_18-16-51 - [verifyingSideMenuCollapsedLangAsInSettings_18-16-51] Trying to find element: By.xpath: (//div[@id='content-icon'])[2]
18:17:40 [TestNG-test-Yt Master Tests-2] INFO  verifyingSideMenuCollapsedLangAsInSettings_18-16-51 - [verifyingSideMenuCollapsedLangAsInSettings_18-16-51] Element found and ready (attempt 1): By.xpath: (//div[@id='content-icon'])[2]
18:17:41 [TestNG-test-Yt Master Tests-2] INFO  verifyingSideMenuCollapsedLangAsInSettings_18-16-51 - Looking for language element with name: Deutsch
18:17:41 [TestNG-test-Yt Master Tests-2] INFO  verifyingSideMenuCollapsedLangAsInSettings_18-16-51 - [verifyingSideMenuCollapsedLangAsInSettings_18-16-51] Trying to find element: By.xpath: //yt-multi-page-menu-section-renderer[@class='style-scope ytd-multi-page-menu-renderer']//yt-formatted-string[@id='label' and text()='Deutsch']
18:17:41 [TestNG-test-Yt Master Tests-2] INFO  verifyingSideMenuCollapsedLangAsInSettings_18-16-51 - [verifyingSideMenuCollapsedLangAsInSettings_18-16-51] Element found and ready (attempt 1): By.xpath: //yt-multi-page-menu-section-renderer[@class='style-scope ytd-multi-page-menu-renderer']//yt-formatted-string[@id='label' and text()='Deutsch']
18:17:41 [TestNG-test-Yt Master Tests-2] INFO  verifyingSideMenuCollapsedLangAsInSettings_18-16-51 - [verifyingSideMenuCollapsedLangAsInSettings_18-16-51] Trying to find element: By.xpath: //yt-multi-page-menu-section-renderer[@class='style-scope ytd-multi-page-menu-renderer']//yt-formatted-string[@id='label' and text()='Deutsch']
18:17:41 [TestNG-test-Yt Master Tests-2] INFO  verifyingSideMenuCollapsedLangAsInSettings_18-16-51 - [verifyingSideMenuCollapsedLangAsInSettings_18-16-51] Element found and ready (attempt 1): By.xpath: //yt-multi-page-menu-section-renderer[@class='style-scope ytd-multi-page-menu-renderer']//yt-formatted-string[@id='label' and text()='Deutsch']
18:17:44 [TestNG-test-Yt Master Tests-2] INFO  verifyingSideMenuCollapsedLangAsInSettings_18-16-51 - Clicking settings ellipses button...
18:17:44 [TestNG-test-Yt Master Tests-2] INFO  verifyingSideMenuCollapsedLangAsInSettings_18-16-51 - [verifyingSideMenuCollapsedLangAsInSettings_18-16-51] Trying to find element: By.xpath: //ytd-topbar-menu-button-renderer[@class='style-scope ytd-masthead style-default']
18:17:45 [TestNG-test-Yt Master Tests-2] INFO  verifyingSideMenuCollapsedLangAsInSettings_18-16-51 - [verifyingSideMenuCollapsedLangAsInSettings_18-16-51] Element found and ready (attempt 1): By.xpath: //ytd-topbar-menu-button-renderer[@class='style-scope ytd-masthead style-default']
18:17:45 [TestNG-test-Yt Master Tests-2] INFO  verifyingSideMenuCollapsedLangAsInSettings_18-16-51 - [verifyingSideMenuCollapsedLangAsInSettings_18-16-51] Waiting until element is visible in viewport
18:17:46 [TestNG-test-Yt Master Tests-2] INFO  verifyingSideMenuCollapsedLangAsInSettings_18-16-51 - Clicking settings ellipses button...
18:17:46 [TestNG-test-Yt Master Tests-2] INFO  verifyingSideMenuCollapsedLangAsInSettings_18-16-51 - [verifyingSideMenuCollapsedLangAsInSettings_18-16-51] Trying to find element: By.xpath: //ytd-topbar-menu-button-renderer[@class='style-scope ytd-masthead style-default']
18:17:46 [TestNG-test-Yt Master Tests-2] INFO  verifyingSideMenuCollapsedLangAsInSettings_18-16-51 - [verifyingSideMenuCollapsedLangAsInSettings_18-16-51] Element found and ready (attempt 1): By.xpath: //ytd-topbar-menu-button-renderer[@class='style-scope ytd-masthead style-default']
18:17:46 [TestNG-test-Yt Master Tests-2] INFO  verifyingSideMenuCollapsedLangAsInSettings_18-16-51 - getLangAttribute() - locating <html> and reading lang property
18:17:46 [TestNG-test-Yt Master Tests-2] INFO  verifyingSideMenuCollapsedLangAsInSettings_18-16-51 - Language attribute read: de-DE
18:17:46 [TestNG-test-Yt Master Tests-2] INFO  verifyingSideMenuCollapsedLangAsInSettings_18-16-51 - Fetching the side menu in collapsed view
18:17:46 [TestNG-test-Yt Master Tests-2] INFO  verifyingSideMenuCollapsedLangAsInSettings_18-16-51 - [verifyingSideMenuCollapsedLangAsInSettings_18-16-51] Finding elements list: By.xpath: //ytd-mini-guide-renderer[@class='style-scope ytd-app']//ytd-mini-guide-entry-renderer
18:17:46 [TestNG-test-Yt Master Tests-2] INFO  verifyingSideMenuCollapsedLangAsInSettings_18-16-51 - [verifyingSideMenuCollapsedLangAsInSettings_18-16-51] Found 4 ready elements (attempt 1): By.xpath: //ytd-mini-guide-renderer[@class='style-scope ytd-app']//ytd-mini-guide-entry-renderer
18:17:46 [TestNG-test-Yt Master Tests-2] INFO  verifyingSideMenuCollapsedLangAsInSettings_18-16-51 - Clicking settings ellipses button...
18:17:46 [TestNG-test-Yt Master Tests-2] INFO  verifyingSideMenuCollapsedLangAsInSettings_18-16-51 - [verifyingSideMenuCollapsedLangAsInSettings_18-16-51] Trying to find element: By.xpath: //ytd-topbar-menu-button-renderer[@class='style-scope ytd-masthead style-default']
18:17:46 [TestNG-test-Yt Master Tests-2] INFO  verifyingSideMenuCollapsedLangAsInSettings_18-16-51 - [verifyingSideMenuCollapsedLangAsInSettings_18-16-51] Element found and ready (attempt 1): By.xpath: //ytd-topbar-menu-button-renderer[@class='style-scope ytd-masthead style-default']
18:17:46 [TestNG-test-Yt Master Tests-2] INFO  verifyingSideMenuCollapsedLangAsInSettings_18-16-51 - Clicking language dropdown...
18:17:46 [TestNG-test-Yt Master Tests-2] INFO  verifyingSideMenuCollapsedLangAsInSettings_18-16-51 - [verifyingSideMenuCollapsedLangAsInSettings_18-16-51] Trying to find element: By.xpath: (//div[@id='content-icon'])[2]
18:17:47 [TestNG-test-Yt Master Tests-2] INFO  verifyingSideMenuCollapsedLangAsInSettings_18-16-51 - [verifyingSideMenuCollapsedLangAsInSettings_18-16-51] Element found and ready (attempt 1): By.xpath: (//div[@id='content-icon'])[2]
18:17:48 [TestNG-test-Yt Master Tests-2] INFO  verifyingSideMenuCollapsedLangAsInSettings_18-16-51 - Looking for language element with name: Eesti
18:17:48 [TestNG-test-Yt Master Tests-2] INFO  verifyingSideMenuCollapsedLangAsInSettings_18-16-51 - [verifyingSideMenuCollapsedLangAsInSettings_18-16-51] Trying to find element: By.xpath: //yt-multi-page-menu-section-renderer[@class='style-scope ytd-multi-page-menu-renderer']//yt-formatted-string[@id='label' and text()='Eesti']
18:17:48 [TestNG-test-Yt Master Tests-2] INFO  verifyingSideMenuCollapsedLangAsInSettings_18-16-51 - [verifyingSideMenuCollapsedLangAsInSettings_18-16-51] Element found and ready (attempt 1): By.xpath: //yt-multi-page-menu-section-renderer[@class='style-scope ytd-multi-page-menu-renderer']//yt-formatted-string[@id='label' and text()='Eesti']
18:17:48 [TestNG-test-Yt Master Tests-2] INFO  verifyingSideMenuCollapsedLangAsInSettings_18-16-51 - [verifyingSideMenuCollapsedLangAsInSettings_18-16-51] Trying to find element: By.xpath: //yt-multi-page-menu-section-renderer[@class='style-scope ytd-multi-page-menu-renderer']//yt-formatted-string[@id='label' and text()='Eesti']
18:17:48 [TestNG-test-Yt Master Tests-2] INFO  verifyingSideMenuCollapsedLangAsInSettings_18-16-51 - [verifyingSideMenuCollapsedLangAsInSettings_18-16-51] Element found and ready (attempt 1): By.xpath: //yt-multi-page-menu-section-renderer[@class='style-scope ytd-multi-page-menu-renderer']//yt-formatted-string[@id='label' and text()='Eesti']
18:17:50 [TestNG-test-Yt Master Tests-2] INFO  verifyingSideMenuCollapsedLangAsInSettings_18-16-51 - Clicking settings ellipses button...
18:17:50 [TestNG-test-Yt Master Tests-2] INFO  verifyingSideMenuCollapsedLangAsInSettings_18-16-51 - [verifyingSideMenuCollapsedLangAsInSettings_18-16-51] Trying to find element: By.xpath: //ytd-topbar-menu-button-renderer[@class='style-scope ytd-masthead style-default']
18:17:50 [TestNG-test-Yt Master Tests-2] INFO  verifyingSideMenuCollapsedLangAsInSettings_18-16-51 - [verifyingSideMenuCollapsedLangAsInSettings_18-16-51] Element found and ready (attempt 1): By.xpath: //ytd-topbar-menu-button-renderer[@class='style-scope ytd-masthead style-default']
18:17:50 [TestNG-test-Yt Master Tests-2] INFO  verifyingSideMenuCollapsedLangAsInSettings_18-16-51 - [verifyingSideMenuCollapsedLangAsInSettings_18-16-51] Waiting until element is visible in viewport
18:17:51 [TestNG-test-Yt Master Tests-2] INFO  verifyingSideMenuCollapsedLangAsInSettings_18-16-51 - Clicking settings ellipses button...
18:17:51 [TestNG-test-Yt Master Tests-2] INFO  verifyingSideMenuCollapsedLangAsInSettings_18-16-51 - [verifyingSideMenuCollapsedLangAsInSettings_18-16-51] Trying to find element: By.xpath: //ytd-topbar-menu-button-renderer[@class='style-scope ytd-masthead style-default']
18:17:51 [TestNG-test-Yt Master Tests-2] INFO  verifyingSideMenuCollapsedLangAsInSettings_18-16-51 - [verifyingSideMenuCollapsedLangAsInSettings_18-16-51] Element found and ready (attempt 1): By.xpath: //ytd-topbar-menu-button-renderer[@class='style-scope ytd-masthead style-default']
18:17:51 [TestNG-test-Yt Master Tests-2] INFO  verifyingSideMenuCollapsedLangAsInSettings_18-16-51 - getLangAttribute() - locating <html> and reading lang property
18:17:51 [TestNG-test-Yt Master Tests-2] INFO  verifyingSideMenuCollapsedLangAsInSettings_18-16-51 - Language attribute read: et-EE
18:17:51 [TestNG-test-Yt Master Tests-2] INFO  verifyingSideMenuCollapsedLangAsInSettings_18-16-51 - Fetching the side menu in collapsed view
18:17:51 [TestNG-test-Yt Master Tests-2] INFO  verifyingSideMenuCollapsedLangAsInSettings_18-16-51 - [verifyingSideMenuCollapsedLangAsInSettings_18-16-51] Finding elements list: By.xpath: //ytd-mini-guide-renderer[@class='style-scope ytd-app']//ytd-mini-guide-entry-renderer
18:17:51 [TestNG-test-Yt Master Tests-2] INFO  verifyingSideMenuCollapsedLangAsInSettings_18-16-51 - [verifyingSideMenuCollapsedLangAsInSettings_18-16-51] Found 4 ready elements (attempt 1): By.xpath: //ytd-mini-guide-renderer[@class='style-scope ytd-app']//ytd-mini-guide-entry-renderer
18:17:52 [TestNG-test-Yt Master Tests-2] INFO  verifyingSideMenuCollapsedLangAsInSettings_18-16-51 - Clicking settings ellipses button...
18:17:52 [TestNG-test-Yt Master Tests-2] INFO  verifyingSideMenuCollapsedLangAsInSettings_18-16-51 - [verifyingSideMenuCollapsedLangAsInSettings_18-16-51] Trying to find element: By.xpath: //ytd-topbar-menu-button-renderer[@class='style-scope ytd-masthead style-default']
18:17:52 [TestNG-test-Yt Master Tests-2] INFO  verifyingSideMenuCollapsedLangAsInSettings_18-16-51 - [verifyingSideMenuCollapsedLangAsInSettings_18-16-51] Element found and ready (attempt 1): By.xpath: //ytd-topbar-menu-button-renderer[@class='style-scope ytd-masthead style-default']
18:17:52 [TestNG-test-Yt Master Tests-2] INFO  verifyingSideMenuCollapsedLangAsInSettings_18-16-51 - Clicking language dropdown...
18:17:52 [TestNG-test-Yt Master Tests-2] INFO  verifyingSideMenuCollapsedLangAsInSettings_18-16-51 - [verifyingSideMenuCollapsedLangAsInSettings_18-16-51] Trying to find element: By.xpath: (//div[@id='content-icon'])[2]
18:17:52 [TestNG-test-Yt Master Tests-2] INFO  verifyingSideMenuCollapsedLangAsInSettings_18-16-51 - [verifyingSideMenuCollapsedLangAsInSettings_18-16-51] Element found and ready (attempt 1): By.xpath: (//div[@id='content-icon'])[2]
18:17:53 [TestNG-test-Yt Master Tests-2] INFO  verifyingSideMenuCollapsedLangAsInSettings_18-16-51 - Looking for language element with name: English (India)
18:17:53 [TestNG-test-Yt Master Tests-2] INFO  verifyingSideMenuCollapsedLangAsInSettings_18-16-51 - [verifyingSideMenuCollapsedLangAsInSettings_18-16-51] Trying to find element: By.xpath: //yt-multi-page-menu-section-renderer[@class='style-scope ytd-multi-page-menu-renderer']//yt-formatted-string[@id='label' and text()='English (India)']
18:17:54 [TestNG-test-Yt Master Tests-2] INFO  verifyingSideMenuCollapsedLangAsInSettings_18-16-51 - [verifyingSideMenuCollapsedLangAsInSettings_18-16-51] Element found and ready (attempt 1): By.xpath: //yt-multi-page-menu-section-renderer[@class='style-scope ytd-multi-page-menu-renderer']//yt-formatted-string[@id='label' and text()='English (India)']
18:17:54 [TestNG-test-Yt Master Tests-2] INFO  verifyingSideMenuCollapsedLangAsInSettings_18-16-51 - [verifyingSideMenuCollapsedLangAsInSettings_18-16-51] Trying to find element: By.xpath: //yt-multi-page-menu-section-renderer[@class='style-scope ytd-multi-page-menu-renderer']//yt-formatted-string[@id='label' and text()='English (India)']
18:17:54 [TestNG-test-Yt Master Tests-2] INFO  verifyingSideMenuCollapsedLangAsInSettings_18-16-51 - [verifyingSideMenuCollapsedLangAsInSettings_18-16-51] Element found and ready (attempt 1): By.xpath: //yt-multi-page-menu-section-renderer[@class='style-scope ytd-multi-page-menu-renderer']//yt-formatted-string[@id='label' and text()='English (India)']
18:17:57 [TestNG-test-Yt Master Tests-2] INFO  verifyingSideMenuCollapsedLangAsInSettings_18-16-51 - Clicking settings ellipses button...
18:17:57 [TestNG-test-Yt Master Tests-2] INFO  verifyingSideMenuCollapsedLangAsInSettings_18-16-51 - [verifyingSideMenuCollapsedLangAsInSettings_18-16-51] Trying to find element: By.xpath: //ytd-topbar-menu-button-renderer[@class='style-scope ytd-masthead style-default']
18:17:57 [TestNG-test-Yt Master Tests-2] INFO  verifyingSideMenuCollapsedLangAsInSettings_18-16-51 - [verifyingSideMenuCollapsedLangAsInSettings_18-16-51] Element found and ready (attempt 1): By.xpath: //ytd-topbar-menu-button-renderer[@class='style-scope ytd-masthead style-default']
18:17:57 [TestNG-test-Yt Master Tests-2] INFO  verifyingSideMenuCollapsedLangAsInSettings_18-16-51 - [verifyingSideMenuCollapsedLangAsInSettings_18-16-51] Waiting until element is visible in viewport
18:17:58 [TestNG-test-Yt Master Tests-2] INFO  verifyingSideMenuCollapsedLangAsInSettings_18-16-51 - Clicking settings ellipses button...
18:17:58 [TestNG-test-Yt Master Tests-2] INFO  verifyingSideMenuCollapsedLangAsInSettings_18-16-51 - [verifyingSideMenuCollapsedLangAsInSettings_18-16-51] Trying to find element: By.xpath: //ytd-topbar-menu-button-renderer[@class='style-scope ytd-masthead style-default']
18:17:59 [TestNG-test-Yt Master Tests-2] INFO  verifyingSideMenuCollapsedLangAsInSettings_18-16-51 - [verifyingSideMenuCollapsedLangAsInSettings_18-16-51] Element found and ready (attempt 1): By.xpath: //ytd-topbar-menu-button-renderer[@class='style-scope ytd-masthead style-default']
18:17:59 [TestNG-test-Yt Master Tests-2] INFO  verifyingSideMenuCollapsedLangAsInSettings_18-16-51 - getLangAttribute() - locating <html> and reading lang property
18:17:59 [TestNG-test-Yt Master Tests-2] INFO  verifyingSideMenuCollapsedLangAsInSettings_18-16-51 - Language attribute read: en-IN
18:17:59 [TestNG-test-Yt Master Tests-2] INFO  verifyingSideMenuCollapsedLangAsInSettings_18-16-51 - Fetching the side menu in collapsed view
18:17:59 [TestNG-test-Yt Master Tests-2] INFO  verifyingSideMenuCollapsedLangAsInSettings_18-16-51 - [verifyingSideMenuCollapsedLangAsInSettings_18-16-51] Finding elements list: By.xpath: //ytd-mini-guide-renderer[@class='style-scope ytd-app']//ytd-mini-guide-entry-renderer
18:17:59 [TestNG-test-Yt Master Tests-2] INFO  verifyingSideMenuCollapsedLangAsInSettings_18-16-51 - [verifyingSideMenuCollapsedLangAsInSettings_18-16-51] Found 4 ready elements (attempt 1): By.xpath: //ytd-mini-guide-renderer[@class='style-scope ytd-app']//ytd-mini-guide-entry-renderer
18:17:59 [TestNG-test-Yt Master Tests-2] INFO  verifyingSideMenuCollapsedLangAsInSettings_18-16-51 - Clicking settings ellipses button...
18:17:59 [TestNG-test-Yt Master Tests-2] INFO  verifyingSideMenuCollapsedLangAsInSettings_18-16-51 - [verifyingSideMenuCollapsedLangAsInSettings_18-16-51] Trying to find element: By.xpath: //ytd-topbar-menu-button-renderer[@class='style-scope ytd-masthead style-default']
18:17:59 [TestNG-test-Yt Master Tests-2] INFO  verifyingSideMenuCollapsedLangAsInSettings_18-16-51 - [verifyingSideMenuCollapsedLangAsInSettings_18-16-51] Element found and ready (attempt 1): By.xpath: //ytd-topbar-menu-button-renderer[@class='style-scope ytd-masthead style-default']
18:17:59 [TestNG-test-Yt Master Tests-2] INFO  verifyingSideMenuCollapsedLangAsInSettings_18-16-51 - Clicking language dropdown...
18:17:59 [TestNG-test-Yt Master Tests-2] INFO  verifyingSideMenuCollapsedLangAsInSettings_18-16-51 - [verifyingSideMenuCollapsedLangAsInSettings_18-16-51] Trying to find element: By.xpath: (//div[@id='content-icon'])[2]
18:18:00 [TestNG-test-Yt Master Tests-2] INFO  verifyingSideMenuCollapsedLangAsInSettings_18-16-51 - [verifyingSideMenuCollapsedLangAsInSettings_18-16-51] Element found and ready (attempt 1): By.xpath: (//div[@id='content-icon'])[2]
18:18:00 [TestNG-test-Yt Master Tests-2] INFO  verifyingSideMenuCollapsedLangAsInSettings_18-16-51 - Looking for language element with name: English (UK)
18:18:00 [TestNG-test-Yt Master Tests-2] INFO  verifyingSideMenuCollapsedLangAsInSettings_18-16-51 - [verifyingSideMenuCollapsedLangAsInSettings_18-16-51] Trying to find element: By.xpath: //yt-multi-page-menu-section-renderer[@class='style-scope ytd-multi-page-menu-renderer']//yt-formatted-string[@id='label' and text()='English (UK)']
18:18:01 [TestNG-test-Yt Master Tests-2] INFO  verifyingSideMenuCollapsedLangAsInSettings_18-16-51 - [verifyingSideMenuCollapsedLangAsInSettings_18-16-51] Element found and ready (attempt 1): By.xpath: //yt-multi-page-menu-section-renderer[@class='style-scope ytd-multi-page-menu-renderer']//yt-formatted-string[@id='label' and text()='English (UK)']
18:18:01 [TestNG-test-Yt Master Tests-2] INFO  verifyingSideMenuCollapsedLangAsInSettings_18-16-51 - [verifyingSideMenuCollapsedLangAsInSettings_18-16-51] Trying to find element: By.xpath: //yt-multi-page-menu-section-renderer[@class='style-scope ytd-multi-page-menu-renderer']//yt-formatted-string[@id='label' and text()='English (UK)']
18:18:01 [TestNG-test-Yt Master Tests-2] INFO  verifyingSideMenuCollapsedLangAsInSettings_18-16-51 - [verifyingSideMenuCollapsedLangAsInSettings_18-16-51] Element found and ready (attempt 1): By.xpath: //yt-multi-page-menu-section-renderer[@class='style-scope ytd-multi-page-menu-renderer']//yt-formatted-string[@id='label' and text()='English (UK)']
18:18:02 [TestNG-test-Yt Master Tests-2] INFO  verifyingSideMenuCollapsedLangAsInSettings_18-16-51 - Clicking settings ellipses button...
18:18:02 [TestNG-test-Yt Master Tests-2] INFO  verifyingSideMenuCollapsedLangAsInSettings_18-16-51 - [verifyingSideMenuCollapsedLangAsInSettings_18-16-51] Trying to find element: By.xpath: //ytd-topbar-menu-button-renderer[@class='style-scope ytd-masthead style-default']
18:18:03 [TestNG-test-Yt Master Tests-2] INFO  verifyingSideMenuCollapsedLangAsInSettings_18-16-51 - [verifyingSideMenuCollapsedLangAsInSettings_18-16-51] Element found and ready (attempt 1): By.xpath: //ytd-topbar-menu-button-renderer[@class='style-scope ytd-masthead style-default']
18:18:03 [TestNG-test-Yt Master Tests-2] INFO  verifyingSideMenuCollapsedLangAsInSettings_18-16-51 - [verifyingSideMenuCollapsedLangAsInSettings_18-16-51] Waiting until element is visible in viewport
18:18:04 [TestNG-test-Yt Master Tests-2] INFO  verifyingSideMenuCollapsedLangAsInSettings_18-16-51 - Clicking settings ellipses button...
18:18:04 [TestNG-test-Yt Master Tests-2] INFO  verifyingSideMenuCollapsedLangAsInSettings_18-16-51 - [verifyingSideMenuCollapsedLangAsInSettings_18-16-51] Trying to find element: By.xpath: //ytd-topbar-menu-button-renderer[@class='style-scope ytd-masthead style-default']
18:18:05 [TestNG-test-Yt Master Tests-2] INFO  verifyingSideMenuCollapsedLangAsInSettings_18-16-51 - [verifyingSideMenuCollapsedLangAsInSettings_18-16-51] Element found and ready (attempt 1): By.xpath: //ytd-topbar-menu-button-renderer[@class='style-scope ytd-masthead style-default']
18:18:05 [TestNG-test-Yt Master Tests-2] INFO  verifyingSideMenuCollapsedLangAsInSettings_18-16-51 - getLangAttribute() - locating <html> and reading lang property
18:18:05 [TestNG-test-Yt Master Tests-2] INFO  verifyingSideMenuCollapsedLangAsInSettings_18-16-51 - Language attribute read: en-GB
18:18:05 [TestNG-test-Yt Master Tests-2] INFO  verifyingSideMenuCollapsedLangAsInSettings_18-16-51 - Fetching the side menu in collapsed view
18:18:05 [TestNG-test-Yt Master Tests-2] INFO  verifyingSideMenuCollapsedLangAsInSettings_18-16-51 - [verifyingSideMenuCollapsedLangAsInSettings_18-16-51] Finding elements list: By.xpath: //ytd-mini-guide-renderer[@class='style-scope ytd-app']//ytd-mini-guide-entry-renderer
18:18:05 [TestNG-test-Yt Master Tests-2] INFO  verifyingSideMenuCollapsedLangAsInSettings_18-16-51 - [verifyingSideMenuCollapsedLangAsInSettings_18-16-51] Found 4 ready elements (attempt 1): By.xpath: //ytd-mini-guide-renderer[@class='style-scope ytd-app']//ytd-mini-guide-entry-renderer
18:18:05 [TestNG-test-Yt Master Tests-2] INFO  verifyingSideMenuCollapsedLangAsInSettings_18-16-51 - Clicking settings ellipses button...
18:18:05 [TestNG-test-Yt Master Tests-2] INFO  verifyingSideMenuCollapsedLangAsInSettings_18-16-51 - [verifyingSideMenuCollapsedLangAsInSettings_18-16-51] Trying to find element: By.xpath: //ytd-topbar-menu-button-renderer[@class='style-scope ytd-masthead style-default']
18:18:05 [TestNG-test-Yt Master Tests-2] INFO  verifyingSideMenuCollapsedLangAsInSettings_18-16-51 - [verifyingSideMenuCollapsedLangAsInSettings_18-16-51] Element found and ready (attempt 1): By.xpath: //ytd-topbar-menu-button-renderer[@class='style-scope ytd-masthead style-default']
18:18:05 [TestNG-test-Yt Master Tests-2] INFO  verifyingSideMenuCollapsedLangAsInSettings_18-16-51 - Clicking language dropdown...
18:18:05 [TestNG-test-Yt Master Tests-2] INFO  verifyingSideMenuCollapsedLangAsInSettings_18-16-51 - [verifyingSideMenuCollapsedLangAsInSettings_18-16-51] Trying to find element: By.xpath: (//div[@id='content-icon'])[2]
18:18:06 [TestNG-test-Yt Master Tests-2] INFO  verifyingSideMenuCollapsedLangAsInSettings_18-16-51 - [verifyingSideMenuCollapsedLangAsInSettings_18-16-51] Element found and ready (attempt 1): By.xpath: (//div[@id='content-icon'])[2]
18:18:07 [TestNG-test-Yt Master Tests-2] INFO  verifyingSideMenuCollapsedLangAsInSettings_18-16-51 - Looking for language element with name: English (US)
18:18:07 [TestNG-test-Yt Master Tests-2] INFO  verifyingSideMenuCollapsedLangAsInSettings_18-16-51 - [verifyingSideMenuCollapsedLangAsInSettings_18-16-51] Trying to find element: By.xpath: //yt-multi-page-menu-section-renderer[@class='style-scope ytd-multi-page-menu-renderer']//yt-formatted-string[@id='label' and text()='English (US)']
18:18:07 [TestNG-test-Yt Master Tests-2] INFO  verifyingSideMenuCollapsedLangAsInSettings_18-16-51 - [verifyingSideMenuCollapsedLangAsInSettings_18-16-51] Element found and ready (attempt 1): By.xpath: //yt-multi-page-menu-section-renderer[@class='style-scope ytd-multi-page-menu-renderer']//yt-formatted-string[@id='label' and text()='English (US)']
18:18:07 [TestNG-test-Yt Master Tests-2] INFO  verifyingSideMenuCollapsedLangAsInSettings_18-16-51 - [verifyingSideMenuCollapsedLangAsInSettings_18-16-51] Trying to find element: By.xpath: //yt-multi-page-menu-section-renderer[@class='style-scope ytd-multi-page-menu-renderer']//yt-formatted-string[@id='label' and text()='English (US)']
18:18:07 [TestNG-test-Yt Master Tests-2] INFO  verifyingSideMenuCollapsedLangAsInSettings_18-16-51 - [verifyingSideMenuCollapsedLangAsInSettings_18-16-51] Element found and ready (attempt 1): By.xpath: //yt-multi-page-menu-section-renderer[@class='style-scope ytd-multi-page-menu-renderer']//yt-formatted-string[@id='label' and text()='English (US)']
18:18:09 [TestNG-test-Yt Master Tests-2] INFO  verifyingSideMenuCollapsedLangAsInSettings_18-16-51 - Clicking settings ellipses button...
18:18:09 [TestNG-test-Yt Master Tests-2] INFO  verifyingSideMenuCollapsedLangAsInSettings_18-16-51 - [verifyingSideMenuCollapsedLangAsInSettings_18-16-51] Trying to find element: By.xpath: //ytd-topbar-menu-button-renderer[@class='style-scope ytd-masthead style-default']
18:18:10 [TestNG-test-Yt Master Tests-2] INFO  verifyingSideMenuCollapsedLangAsInSettings_18-16-51 - [verifyingSideMenuCollapsedLangAsInSettings_18-16-51] Element found and ready (attempt 1): By.xpath: //ytd-topbar-menu-button-renderer[@class='style-scope ytd-masthead style-default']
18:18:10 [TestNG-test-Yt Master Tests-2] INFO  verifyingSideMenuCollapsedLangAsInSettings_18-16-51 - [verifyingSideMenuCollapsedLangAsInSettings_18-16-51] Waiting until element is visible in viewport
18:18:11 [TestNG-test-Yt Master Tests-2] INFO  verifyingSideMenuCollapsedLangAsInSettings_18-16-51 - Clicking settings ellipses button...
18:18:11 [TestNG-test-Yt Master Tests-2] INFO  verifyingSideMenuCollapsedLangAsInSettings_18-16-51 - [verifyingSideMenuCollapsedLangAsInSettings_18-16-51] Trying to find element: By.xpath: //ytd-topbar-menu-button-renderer[@class='style-scope ytd-masthead style-default']
18:18:11 [TestNG-test-Yt Master Tests-2] INFO  verifyingSideMenuCollapsedLangAsInSettings_18-16-51 - [verifyingSideMenuCollapsedLangAsInSettings_18-16-51] Element found and ready (attempt 1): By.xpath: //ytd-topbar-menu-button-renderer[@class='style-scope ytd-masthead style-default']
18:18:11 [TestNG-test-Yt Master Tests-2] INFO  verifyingSideMenuCollapsedLangAsInSettings_18-16-51 - getLangAttribute() - locating <html> and reading lang property
18:18:11 [TestNG-test-Yt Master Tests-2] INFO  verifyingSideMenuCollapsedLangAsInSettings_18-16-51 - Language attribute read: en
18:18:11 [TestNG-test-Yt Master Tests-2] INFO  verifyingSideMenuCollapsedLangAsInSettings_18-16-51 - Fetching the side menu in collapsed view
18:18:11 [TestNG-test-Yt Master Tests-2] INFO  verifyingSideMenuCollapsedLangAsInSettings_18-16-51 - [verifyingSideMenuCollapsedLangAsInSettings_18-16-51] Finding elements list: By.xpath: //ytd-mini-guide-renderer[@class='style-scope ytd-app']//ytd-mini-guide-entry-renderer
18:18:11 [TestNG-test-Yt Master Tests-2] INFO  verifyingSideMenuCollapsedLangAsInSettings_18-16-51 - [verifyingSideMenuCollapsedLangAsInSettings_18-16-51] Found 4 ready elements (attempt 1): By.xpath: //ytd-mini-guide-renderer[@class='style-scope ytd-app']//ytd-mini-guide-entry-renderer
18:18:12 [TestNG-test-Yt Master Tests-2] INFO  verifyingSideMenuCollapsedLangAsInSettings_18-16-51 - Clicking settings ellipses button...
18:18:12 [TestNG-test-Yt Master Tests-2] INFO  verifyingSideMenuCollapsedLangAsInSettings_18-16-51 - [verifyingSideMenuCollapsedLangAsInSettings_18-16-51] Trying to find element: By.xpath: //ytd-topbar-menu-button-renderer[@class='style-scope ytd-masthead style-default']
18:18:12 [TestNG-test-Yt Master Tests-2] INFO  verifyingSideMenuCollapsedLangAsInSettings_18-16-51 - [verifyingSideMenuCollapsedLangAsInSettings_18-16-51] Element found and ready (attempt 1): By.xpath: //ytd-topbar-menu-button-renderer[@class='style-scope ytd-masthead style-default']
18:18:12 [TestNG-test-Yt Master Tests-2] INFO  verifyingSideMenuCollapsedLangAsInSettings_18-16-51 - Clicking language dropdown...
18:18:12 [TestNG-test-Yt Master Tests-2] INFO  verifyingSideMenuCollapsedLangAsInSettings_18-16-51 - [verifyingSideMenuCollapsedLangAsInSettings_18-16-51] Trying to find element: By.xpath: (//div[@id='content-icon'])[2]
18:18:12 [TestNG-test-Yt Master Tests-2] INFO  verifyingSideMenuCollapsedLangAsInSettings_18-16-51 - [verifyingSideMenuCollapsedLangAsInSettings_18-16-51] Element found and ready (attempt 1): By.xpath: (//div[@id='content-icon'])[2]
18:18:13 [TestNG-test-Yt Master Tests-2] INFO  verifyingSideMenuCollapsedLangAsInSettings_18-16-51 - Looking for language element with name: Español (España)
18:18:13 [TestNG-test-Yt Master Tests-2] INFO  verifyingSideMenuCollapsedLangAsInSettings_18-16-51 - [verifyingSideMenuCollapsedLangAsInSettings_18-16-51] Trying to find element: By.xpath: //yt-multi-page-menu-section-renderer[@class='style-scope ytd-multi-page-menu-renderer']//yt-formatted-string[@id='label' and text()='Español (España)']
18:18:13 [TestNG-test-Yt Master Tests-2] INFO  verifyingSideMenuCollapsedLangAsInSettings_18-16-51 - [verifyingSideMenuCollapsedLangAsInSettings_18-16-51] Element found and ready (attempt 1): By.xpath: //yt-multi-page-menu-section-renderer[@class='style-scope ytd-multi-page-menu-renderer']//yt-formatted-string[@id='label' and text()='Español (España)']
18:18:13 [TestNG-test-Yt Master Tests-2] INFO  verifyingSideMenuCollapsedLangAsInSettings_18-16-51 - [verifyingSideMenuCollapsedLangAsInSettings_18-16-51] Trying to find element: By.xpath: //yt-multi-page-menu-section-renderer[@class='style-scope ytd-multi-page-menu-renderer']//yt-formatted-string[@id='label' and text()='Español (España)']
18:18:13 [TestNG-test-Yt Master Tests-2] INFO  verifyingSideMenuCollapsedLangAsInSettings_18-16-51 - [verifyingSideMenuCollapsedLangAsInSettings_18-16-51] Element found and ready (attempt 1): By.xpath: //yt-multi-page-menu-section-renderer[@class='style-scope ytd-multi-page-menu-renderer']//yt-formatted-string[@id='label' and text()='Español (España)']
18:18:15 [TestNG-test-Yt Master Tests-2] INFO  verifyingSideMenuCollapsedLangAsInSettings_18-16-51 - Clicking settings ellipses button...
18:18:15 [TestNG-test-Yt Master Tests-2] INFO  verifyingSideMenuCollapsedLangAsInSettings_18-16-51 - [verifyingSideMenuCollapsedLangAsInSettings_18-16-51] Trying to find element: By.xpath: //ytd-topbar-menu-button-renderer[@class='style-scope ytd-masthead style-default']
18:18:15 [TestNG-test-Yt Master Tests-2] INFO  verifyingSideMenuCollapsedLangAsInSettings_18-16-51 - [verifyingSideMenuCollapsedLangAsInSettings_18-16-51] Element found and ready (attempt 1): By.xpath: //ytd-topbar-menu-button-renderer[@class='style-scope ytd-masthead style-default']
18:18:15 [TestNG-test-Yt Master Tests-2] INFO  verifyingSideMenuCollapsedLangAsInSettings_18-16-51 - [verifyingSideMenuCollapsedLangAsInSettings_18-16-51] Waiting until element is visible in viewport
18:18:16 [TestNG-test-Yt Master Tests-2] INFO  verifyingSideMenuCollapsedLangAsInSettings_18-16-51 - Clicking settings ellipses button...
18:18:16 [TestNG-test-Yt Master Tests-2] INFO  verifyingSideMenuCollapsedLangAsInSettings_18-16-51 - [verifyingSideMenuCollapsedLangAsInSettings_18-16-51] Trying to find element: By.xpath: //ytd-topbar-menu-button-renderer[@class='style-scope ytd-masthead style-default']
18:18:16 [TestNG-test-Yt Master Tests-2] INFO  verifyingSideMenuCollapsedLangAsInSettings_18-16-51 - [verifyingSideMenuCollapsedLangAsInSettings_18-16-51] Element found and ready (attempt 1): By.xpath: //ytd-topbar-menu-button-renderer[@class='style-scope ytd-masthead style-default']
18:18:16 [TestNG-test-Yt Master Tests-2] INFO  verifyingSideMenuCollapsedLangAsInSettings_18-16-51 - getLangAttribute() - locating <html> and reading lang property
18:18:16 [TestNG-test-Yt Master Tests-2] INFO  verifyingSideMenuCollapsedLangAsInSettings_18-16-51 - Language attribute read: es-ES
18:18:16 [TestNG-test-Yt Master Tests-2] INFO  verifyingSideMenuCollapsedLangAsInSettings_18-16-51 - Fetching the side menu in collapsed view
18:18:16 [TestNG-test-Yt Master Tests-2] INFO  verifyingSideMenuCollapsedLangAsInSettings_18-16-51 - [verifyingSideMenuCollapsedLangAsInSettings_18-16-51] Finding elements list: By.xpath: //ytd-mini-guide-renderer[@class='style-scope ytd-app']//ytd-mini-guide-entry-renderer
18:18:16 [TestNG-test-Yt Master Tests-2] INFO  verifyingSideMenuCollapsedLangAsInSettings_18-16-51 - [verifyingSideMenuCollapsedLangAsInSettings_18-16-51] Found 4 ready elements (attempt 1): By.xpath: //ytd-mini-guide-renderer[@class='style-scope ytd-app']//ytd-mini-guide-entry-renderer
18:18:17 [TestNG-test-Yt Master Tests-2] INFO  verifyingSideMenuCollapsedLangAsInSettings_18-16-51 - Clicking settings ellipses button...
18:18:17 [TestNG-test-Yt Master Tests-2] INFO  verifyingSideMenuCollapsedLangAsInSettings_18-16-51 - [verifyingSideMenuCollapsedLangAsInSettings_18-16-51] Trying to find element: By.xpath: //ytd-topbar-menu-button-renderer[@class='style-scope ytd-masthead style-default']
18:18:17 [TestNG-test-Yt Master Tests-2] INFO  verifyingSideMenuCollapsedLangAsInSettings_18-16-51 - [verifyingSideMenuCollapsedLangAsInSettings_18-16-51] Element found and ready (attempt 1): By.xpath: //ytd-topbar-menu-button-renderer[@class='style-scope ytd-masthead style-default']
18:18:17 [TestNG-test-Yt Master Tests-2] INFO  verifyingSideMenuCollapsedLangAsInSettings_18-16-51 - Clicking language dropdown...
18:18:17 [TestNG-test-Yt Master Tests-2] INFO  verifyingSideMenuCollapsedLangAsInSettings_18-16-51 - [verifyingSideMenuCollapsedLangAsInSettings_18-16-51] Trying to find element: By.xpath: (//div[@id='content-icon'])[2]
18:18:17 [TestNG-test-Yt Master Tests-2] INFO  verifyingSideMenuCollapsedLangAsInSettings_18-16-51 - [verifyingSideMenuCollapsedLangAsInSettings_18-16-51] Element found and ready (attempt 1): By.xpath: (//div[@id='content-icon'])[2]
18:18:18 [TestNG-test-Yt Master Tests-2] INFO  verifyingSideMenuCollapsedLangAsInSettings_18-16-51 - Looking for language element with name: Español (Latinoamérica)
18:18:18 [TestNG-test-Yt Master Tests-2] INFO  verifyingSideMenuCollapsedLangAsInSettings_18-16-51 - [verifyingSideMenuCollapsedLangAsInSettings_18-16-51] Trying to find element: By.xpath: //yt-multi-page-menu-section-renderer[@class='style-scope ytd-multi-page-menu-renderer']//yt-formatted-string[@id='label' and text()='Español (Latinoamérica)']
18:18:18 [TestNG-test-Yt Master Tests-2] INFO  verifyingSideMenuCollapsedLangAsInSettings_18-16-51 - [verifyingSideMenuCollapsedLangAsInSettings_18-16-51] Element found and ready (attempt 1): By.xpath: //yt-multi-page-menu-section-renderer[@class='style-scope ytd-multi-page-menu-renderer']//yt-formatted-string[@id='label' and text()='Español (Latinoamérica)']
18:18:18 [TestNG-test-Yt Master Tests-2] INFO  verifyingSideMenuCollapsedLangAsInSettings_18-16-51 - [verifyingSideMenuCollapsedLangAsInSettings_18-16-51] Trying to find element: By.xpath: //yt-multi-page-menu-section-renderer[@class='style-scope ytd-multi-page-menu-renderer']//yt-formatted-string[@id='label' and text()='Español (Latinoamérica)']
18:18:18 [TestNG-test-Yt Master Tests-2] INFO  verifyingSideMenuCollapsedLangAsInSettings_18-16-51 - [verifyingSideMenuCollapsedLangAsInSettings_18-16-51] Element found and ready (attempt 1): By.xpath: //yt-multi-page-menu-section-renderer[@class='style-scope ytd-multi-page-menu-renderer']//yt-formatted-string[@id='label' and text()='Español (Latinoamérica)']
18:18:21 [TestNG-test-Yt Master Tests-2] INFO  verifyingSideMenuCollapsedLangAsInSettings_18-16-51 - Clicking settings ellipses button...
18:18:21 [TestNG-test-Yt Master Tests-2] INFO  verifyingSideMenuCollapsedLangAsInSettings_18-16-51 - [verifyingSideMenuCollapsedLangAsInSettings_18-16-51] Trying to find element: By.xpath: //ytd-topbar-menu-button-renderer[@class='style-scope ytd-masthead style-default']
18:18:21 [TestNG-test-Yt Master Tests-2] INFO  verifyingSideMenuCollapsedLangAsInSettings_18-16-51 - [verifyingSideMenuCollapsedLangAsInSettings_18-16-51] Element found and ready (attempt 1): By.xpath: //ytd-topbar-menu-button-renderer[@class='style-scope ytd-masthead style-default']
18:18:22 [TestNG-test-Yt Master Tests-2] INFO  verifyingSideMenuCollapsedLangAsInSettings_18-16-51 - [verifyingSideMenuCollapsedLangAsInSettings_18-16-51] Waiting until element is visible in viewport
18:18:22 [TestNG-test-Yt Master Tests-2] INFO  verifyingSideMenuCollapsedLangAsInSettings_18-16-51 - Clicking settings ellipses button...
18:18:22 [TestNG-test-Yt Master Tests-2] INFO  verifyingSideMenuCollapsedLangAsInSettings_18-16-51 - [verifyingSideMenuCollapsedLangAsInSettings_18-16-51] Trying to find element: By.xpath: //ytd-topbar-menu-button-renderer[@class='style-scope ytd-masthead style-default']
18:18:22 [TestNG-test-Yt Master Tests-2] INFO  verifyingSideMenuCollapsedLangAsInSettings_18-16-51 - [verifyingSideMenuCollapsedLangAsInSettings_18-16-51] Element found and ready (attempt 1): By.xpath: //ytd-topbar-menu-button-renderer[@class='style-scope ytd-masthead style-default']
18:18:23 [TestNG-test-Yt Master Tests-2] INFO  verifyingSideMenuCollapsedLangAsInSettings_18-16-51 - getLangAttribute() - locating <html> and reading lang property
18:18:23 [TestNG-test-Yt Master Tests-2] INFO  verifyingSideMenuCollapsedLangAsInSettings_18-16-51 - Language attribute read: es-419
18:18:23 [TestNG-test-Yt Master Tests-2] INFO  verifyingSideMenuCollapsedLangAsInSettings_18-16-51 - Fetching the side menu in collapsed view
18:18:23 [TestNG-test-Yt Master Tests-2] INFO  verifyingSideMenuCollapsedLangAsInSettings_18-16-51 - [verifyingSideMenuCollapsedLangAsInSettings_18-16-51] Finding elements list: By.xpath: //ytd-mini-guide-renderer[@class='style-scope ytd-app']//ytd-mini-guide-entry-renderer
18:18:23 [TestNG-test-Yt Master Tests-2] INFO  verifyingSideMenuCollapsedLangAsInSettings_18-16-51 - [verifyingSideMenuCollapsedLangAsInSettings_18-16-51] Found 4 ready elements (attempt 1): By.xpath: //ytd-mini-guide-renderer[@class='style-scope ytd-app']//ytd-mini-guide-entry-renderer
18:18:23 [TestNG-test-Yt Master Tests-2] INFO  verifyingSideMenuCollapsedLangAsInSettings_18-16-51 - Clicking settings ellipses button...
18:18:23 [TestNG-test-Yt Master Tests-2] INFO  verifyingSideMenuCollapsedLangAsInSettings_18-16-51 - [verifyingSideMenuCollapsedLangAsInSettings_18-16-51] Trying to find element: By.xpath: //ytd-topbar-menu-button-renderer[@class='style-scope ytd-masthead style-default']
18:18:23 [TestNG-test-Yt Master Tests-2] INFO  verifyingSideMenuCollapsedLangAsInSettings_18-16-51 - [verifyingSideMenuCollapsedLangAsInSettings_18-16-51] Element found and ready (attempt 1): By.xpath: //ytd-topbar-menu-button-renderer[@class='style-scope ytd-masthead style-default']
18:18:24 [TestNG-test-Yt Master Tests-2] INFO  verifyingSideMenuCollapsedLangAsInSettings_18-16-51 - Clicking language dropdown...
18:18:24 [TestNG-test-Yt Master Tests-2] INFO  verifyingSideMenuCollapsedLangAsInSettings_18-16-51 - [verifyingSideMenuCollapsedLangAsInSettings_18-16-51] Trying to find element: By.xpath: (//div[@id='content-icon'])[2]
18:18:24 [TestNG-test-Yt Master Tests-2] INFO  verifyingSideMenuCollapsedLangAsInSettings_18-16-51 - [verifyingSideMenuCollapsedLangAsInSettings_18-16-51] Element found and ready (attempt 1): By.xpath: (//div[@id='content-icon'])[2]
18:18:25 [TestNG-test-Yt Master Tests-2] INFO  verifyingSideMenuCollapsedLangAsInSettings_18-16-51 - Looking for language element with name: Español (US)
18:18:25 [TestNG-test-Yt Master Tests-2] INFO  verifyingSideMenuCollapsedLangAsInSettings_18-16-51 - [verifyingSideMenuCollapsedLangAsInSettings_18-16-51] Trying to find element: By.xpath: //yt-multi-page-menu-section-renderer[@class='style-scope ytd-multi-page-menu-renderer']//yt-formatted-string[@id='label' and text()='Español (US)']
18:18:25 [TestNG-test-Yt Master Tests-2] INFO  verifyingSideMenuCollapsedLangAsInSettings_18-16-51 - [verifyingSideMenuCollapsedLangAsInSettings_18-16-51] Element found and ready (attempt 1): By.xpath: //yt-multi-page-menu-section-renderer[@class='style-scope ytd-multi-page-menu-renderer']//yt-formatted-string[@id='label' and text()='Español (US)']
18:18:25 [TestNG-test-Yt Master Tests-2] INFO  verifyingSideMenuCollapsedLangAsInSettings_18-16-51 - [verifyingSideMenuCollapsedLangAsInSettings_18-16-51] Trying to find element: By.xpath: //yt-multi-page-menu-section-renderer[@class='style-scope ytd-multi-page-menu-renderer']//yt-formatted-string[@id='label' and text()='Español (US)']
18:18:25 [TestNG-test-Yt Master Tests-2] INFO  verifyingSideMenuCollapsedLangAsInSettings_18-16-51 - [verifyingSideMenuCollapsedLangAsInSettings_18-16-51] Element found and ready (attempt 1): By.xpath: //yt-multi-page-menu-section-renderer[@class='style-scope ytd-multi-page-menu-renderer']//yt-formatted-string[@id='label' and text()='Español (US)']
18:18:27 [TestNG-test-Yt Master Tests-2] INFO  verifyingSideMenuCollapsedLangAsInSettings_18-16-51 - Clicking settings ellipses button...
18:18:27 [TestNG-test-Yt Master Tests-2] INFO  verifyingSideMenuCollapsedLangAsInSettings_18-16-51 - [verifyingSideMenuCollapsedLangAsInSettings_18-16-51] Trying to find element: By.xpath: //ytd-topbar-menu-button-renderer[@class='style-scope ytd-masthead style-default']
18:18:28 [TestNG-test-Yt Master Tests-2] INFO  verifyingSideMenuCollapsedLangAsInSettings_18-16-51 - [verifyingSideMenuCollapsedLangAsInSettings_18-16-51] Element found and ready (attempt 1): By.xpath: //ytd-topbar-menu-button-renderer[@class='style-scope ytd-masthead style-default']
18:18:28 [TestNG-test-Yt Master Tests-2] INFO  verifyingSideMenuCollapsedLangAsInSettings_18-16-51 - [verifyingSideMenuCollapsedLangAsInSettings_18-16-51] Waiting until element is visible in viewport
18:18:29 [TestNG-test-Yt Master Tests-2] INFO  verifyingSideMenuCollapsedLangAsInSettings_18-16-51 - Clicking settings ellipses button...
18:18:29 [TestNG-test-Yt Master Tests-2] INFO  verifyingSideMenuCollapsedLangAsInSettings_18-16-51 - [verifyingSideMenuCollapsedLangAsInSettings_18-16-51] Trying to find element: By.xpath: //ytd-topbar-menu-button-renderer[@class='style-scope ytd-masthead style-default']
18:18:29 [TestNG-test-Yt Master Tests-2] INFO  verifyingSideMenuCollapsedLangAsInSettings_18-16-51 - [verifyingSideMenuCollapsedLangAsInSettings_18-16-51] Element found and ready (attempt 1): By.xpath: //ytd-topbar-menu-button-renderer[@class='style-scope ytd-masthead style-default']
18:18:29 [TestNG-test-Yt Master Tests-2] INFO  verifyingSideMenuCollapsedLangAsInSettings_18-16-51 - getLangAttribute() - locating <html> and reading lang property
18:18:29 [TestNG-test-Yt Master Tests-2] INFO  verifyingSideMenuCollapsedLangAsInSettings_18-16-51 - Language attribute read: es-US
18:18:29 [TestNG-test-Yt Master Tests-2] INFO  verifyingSideMenuCollapsedLangAsInSettings_18-16-51 - Fetching the side menu in collapsed view
18:18:29 [TestNG-test-Yt Master Tests-2] INFO  verifyingSideMenuCollapsedLangAsInSettings_18-16-51 - [verifyingSideMenuCollapsedLangAsInSettings_18-16-51] Finding elements list: By.xpath: //ytd-mini-guide-renderer[@class='style-scope ytd-app']//ytd-mini-guide-entry-renderer
18:18:29 [TestNG-test-Yt Master Tests-2] INFO  verifyingSideMenuCollapsedLangAsInSettings_18-16-51 - [verifyingSideMenuCollapsedLangAsInSettings_18-16-51] Found 4 ready elements (attempt 1): By.xpath: //ytd-mini-guide-renderer[@class='style-scope ytd-app']//ytd-mini-guide-entry-renderer
18:18:29 [TestNG-test-Yt Master Tests-2] INFO  verifyingSideMenuCollapsedLangAsInSettings_18-16-51 - Clicking settings ellipses button...
18:18:29 [TestNG-test-Yt Master Tests-2] INFO  verifyingSideMenuCollapsedLangAsInSettings_18-16-51 - [verifyingSideMenuCollapsedLangAsInSettings_18-16-51] Trying to find element: By.xpath: //ytd-topbar-menu-button-renderer[@class='style-scope ytd-masthead style-default']
18:18:29 [TestNG-test-Yt Master Tests-2] INFO  verifyingSideMenuCollapsedLangAsInSettings_18-16-51 - [verifyingSideMenuCollapsedLangAsInSettings_18-16-51] Element found and ready (attempt 1): By.xpath: //ytd-topbar-menu-button-renderer[@class='style-scope ytd-masthead style-default']
18:18:29 [TestNG-test-Yt Master Tests-2] INFO  verifyingSideMenuCollapsedLangAsInSettings_18-16-51 - Clicking language dropdown...
18:18:29 [TestNG-test-Yt Master Tests-2] INFO  verifyingSideMenuCollapsedLangAsInSettings_18-16-51 - [verifyingSideMenuCollapsedLangAsInSettings_18-16-51] Trying to find element: By.xpath: (//div[@id='content-icon'])[2]
18:18:30 [TestNG-test-Yt Master Tests-2] INFO  verifyingSideMenuCollapsedLangAsInSettings_18-16-51 - [verifyingSideMenuCollapsedLangAsInSettings_18-16-51] Element found and ready (attempt 1): By.xpath: (//div[@id='content-icon'])[2]
18:18:31 [TestNG-test-Yt Master Tests-2] INFO  verifyingSideMenuCollapsedLangAsInSettings_18-16-51 - Looking for language element with name: Euskara
18:18:31 [TestNG-test-Yt Master Tests-2] INFO  verifyingSideMenuCollapsedLangAsInSettings_18-16-51 - [verifyingSideMenuCollapsedLangAsInSettings_18-16-51] Trying to find element: By.xpath: //yt-multi-page-menu-section-renderer[@class='style-scope ytd-multi-page-menu-renderer']//yt-formatted-string[@id='label' and text()='Euskara']
18:18:31 [TestNG-test-Yt Master Tests-2] INFO  verifyingSideMenuCollapsedLangAsInSettings_18-16-51 - [verifyingSideMenuCollapsedLangAsInSettings_18-16-51] Element found and ready (attempt 1): By.xpath: //yt-multi-page-menu-section-renderer[@class='style-scope ytd-multi-page-menu-renderer']//yt-formatted-string[@id='label' and text()='Euskara']
18:18:31 [TestNG-test-Yt Master Tests-2] INFO  verifyingSideMenuCollapsedLangAsInSettings_18-16-51 - [verifyingSideMenuCollapsedLangAsInSettings_18-16-51] Trying to find element: By.xpath: //yt-multi-page-menu-section-renderer[@class='style-scope ytd-multi-page-menu-renderer']//yt-formatted-string[@id='label' and text()='Euskara']
18:18:31 [TestNG-test-Yt Master Tests-2] INFO  verifyingSideMenuCollapsedLangAsInSettings_18-16-51 - [verifyingSideMenuCollapsedLangAsInSettings_18-16-51] Element found and ready (attempt 1): By.xpath: //yt-multi-page-menu-section-renderer[@class='style-scope ytd-multi-page-menu-renderer']//yt-formatted-string[@id='label' and text()='Euskara']
18:18:34 [TestNG-test-Yt Master Tests-2] INFO  verifyingSideMenuCollapsedLangAsInSettings_18-16-51 - Clicking settings ellipses button...
18:18:34 [TestNG-test-Yt Master Tests-2] INFO  verifyingSideMenuCollapsedLangAsInSettings_18-16-51 - [verifyingSideMenuCollapsedLangAsInSettings_18-16-51] Trying to find element: By.xpath: //ytd-topbar-menu-button-renderer[@class='style-scope ytd-masthead style-default']
18:18:34 [TestNG-test-Yt Master Tests-2] INFO  verifyingSideMenuCollapsedLangAsInSettings_18-16-51 - [verifyingSideMenuCollapsedLangAsInSettings_18-16-51] Element found and ready (attempt 1): By.xpath: //ytd-topbar-menu-button-renderer[@class='style-scope ytd-masthead style-default']
18:18:35 [TestNG-test-Yt Master Tests-2] INFO  verifyingSideMenuCollapsedLangAsInSettings_18-16-51 - [verifyingSideMenuCollapsedLangAsInSettings_18-16-51] Waiting until element is visible in viewport
18:18:36 [TestNG-test-Yt Master Tests-2] INFO  verifyingSideMenuCollapsedLangAsInSettings_18-16-51 - Clicking settings ellipses button...
18:18:36 [TestNG-test-Yt Master Tests-2] INFO  verifyingSideMenuCollapsedLangAsInSettings_18-16-51 - [verifyingSideMenuCollapsedLangAsInSettings_18-16-51] Trying to find element: By.xpath: //ytd-topbar-menu-button-renderer[@class='style-scope ytd-masthead style-default']
18:18:36 [TestNG-test-Yt Master Tests-2] INFO  verifyingSideMenuCollapsedLangAsInSettings_18-16-51 - [verifyingSideMenuCollapsedLangAsInSettings_18-16-51] Element found and ready (attempt 1): By.xpath: //ytd-topbar-menu-button-renderer[@class='style-scope ytd-masthead style-default']
18:18:36 [TestNG-test-Yt Master Tests-2] INFO  verifyingSideMenuCollapsedLangAsInSettings_18-16-51 - getLangAttribute() - locating <html> and reading lang property
18:18:36 [TestNG-test-Yt Master Tests-2] INFO  verifyingSideMenuCollapsedLangAsInSettings_18-16-51 - Language attribute read: eu-ES
18:18:36 [TestNG-test-Yt Master Tests-2] INFO  verifyingSideMenuCollapsedLangAsInSettings_18-16-51 - Fetching the side menu in collapsed view
18:18:36 [TestNG-test-Yt Master Tests-2] INFO  verifyingSideMenuCollapsedLangAsInSettings_18-16-51 - [verifyingSideMenuCollapsedLangAsInSettings_18-16-51] Finding elements list: By.xpath: //ytd-mini-guide-renderer[@class='style-scope ytd-app']//ytd-mini-guide-entry-renderer
18:18:36 [TestNG-test-Yt Master Tests-2] INFO  verifyingSideMenuCollapsedLangAsInSettings_18-16-51 - [verifyingSideMenuCollapsedLangAsInSettings_18-16-51] Found 4 ready elements (attempt 1): By.xpath: //ytd-mini-guide-renderer[@class='style-scope ytd-app']//ytd-mini-guide-entry-renderer
18:18:36 [TestNG-test-Yt Master Tests-2] INFO  verifyingSideMenuCollapsedLangAsInSettings_18-16-51 - Clicking settings ellipses button...
18:18:36 [TestNG-test-Yt Master Tests-2] INFO  verifyingSideMenuCollapsedLangAsInSettings_18-16-51 - [verifyingSideMenuCollapsedLangAsInSettings_18-16-51] Trying to find element: By.xpath: //ytd-topbar-menu-button-renderer[@class='style-scope ytd-masthead style-default']
18:18:37 [TestNG-test-Yt Master Tests-2] INFO  verifyingSideMenuCollapsedLangAsInSettings_18-16-51 - [verifyingSideMenuCollapsedLangAsInSettings_18-16-51] Element found and ready (attempt 1): By.xpath: //ytd-topbar-menu-button-renderer[@class='style-scope ytd-masthead style-default']
18:18:37 [TestNG-test-Yt Master Tests-2] INFO  verifyingSideMenuCollapsedLangAsInSettings_18-16-51 - Clicking language dropdown...
18:18:37 [TestNG-test-Yt Master Tests-2] INFO  verifyingSideMenuCollapsedLangAsInSettings_18-16-51 - [verifyingSideMenuCollapsedLangAsInSettings_18-16-51] Trying to find element: By.xpath: (//div[@id='content-icon'])[2]
18:18:37 [TestNG-test-Yt Master Tests-2] INFO  verifyingSideMenuCollapsedLangAsInSettings_18-16-51 - [verifyingSideMenuCollapsedLangAsInSettings_18-16-51] Element found and ready (attempt 1): By.xpath: (//div[@id='content-icon'])[2]
18:18:38 [TestNG-test-Yt Master Tests-2] INFO  verifyingSideMenuCollapsedLangAsInSettings_18-16-51 - Looking for language element with name: Français
18:18:38 [TestNG-test-Yt Master Tests-2] INFO  verifyingSideMenuCollapsedLangAsInSettings_18-16-51 - [verifyingSideMenuCollapsedLangAsInSettings_18-16-51] Trying to find element: By.xpath: //yt-multi-page-menu-section-renderer[@class='style-scope ytd-multi-page-menu-renderer']//yt-formatted-string[@id='label' and text()='Français']
18:18:38 [TestNG-test-Yt Master Tests-2] INFO  verifyingSideMenuCollapsedLangAsInSettings_18-16-51 - [verifyingSideMenuCollapsedLangAsInSettings_18-16-51] Element found and ready (attempt 1): By.xpath: //yt-multi-page-menu-section-renderer[@class='style-scope ytd-multi-page-menu-renderer']//yt-formatted-string[@id='label' and text()='Français']
18:18:38 [TestNG-test-Yt Master Tests-2] INFO  verifyingSideMenuCollapsedLangAsInSettings_18-16-51 - [verifyingSideMenuCollapsedLangAsInSettings_18-16-51] Trying to find element: By.xpath: //yt-multi-page-menu-section-renderer[@class='style-scope ytd-multi-page-menu-renderer']//yt-formatted-string[@id='label' and text()='Français']
18:18:38 [TestNG-test-Yt Master Tests-2] INFO  verifyingSideMenuCollapsedLangAsInSettings_18-16-51 - [verifyingSideMenuCollapsedLangAsInSettings_18-16-51] Element found and ready (attempt 1): By.xpath: //yt-multi-page-menu-section-renderer[@class='style-scope ytd-multi-page-menu-renderer']//yt-formatted-string[@id='label' and text()='Français']
18:18:40 [TestNG-test-Yt Master Tests-2] INFO  verifyingSideMenuCollapsedLangAsInSettings_18-16-51 - Clicking settings ellipses button...
18:18:40 [TestNG-test-Yt Master Tests-2] INFO  verifyingSideMenuCollapsedLangAsInSettings_18-16-51 - [verifyingSideMenuCollapsedLangAsInSettings_18-16-51] Trying to find element: By.xpath: //ytd-topbar-menu-button-renderer[@class='style-scope ytd-masthead style-default']
18:18:40 [TestNG-test-Yt Master Tests-2] INFO  verifyingSideMenuCollapsedLangAsInSettings_18-16-51 - [verifyingSideMenuCollapsedLangAsInSettings_18-16-51] Element found and ready (attempt 1): By.xpath: //ytd-topbar-menu-button-renderer[@class='style-scope ytd-masthead style-default']
18:18:41 [TestNG-test-Yt Master Tests-2] INFO  verifyingSideMenuCollapsedLangAsInSettings_18-16-51 - [verifyingSideMenuCollapsedLangAsInSettings_18-16-51] Waiting until element is visible in viewport
18:18:41 [TestNG-test-Yt Master Tests-2] INFO  verifyingSideMenuCollapsedLangAsInSettings_18-16-51 - Clicking settings ellipses button...
18:18:41 [TestNG-test-Yt Master Tests-2] INFO  verifyingSideMenuCollapsedLangAsInSettings_18-16-51 - [verifyingSideMenuCollapsedLangAsInSettings_18-16-51] Trying to find element: By.xpath: //ytd-topbar-menu-button-renderer[@class='style-scope ytd-masthead style-default']
18:18:42 [TestNG-test-Yt Master Tests-2] INFO  verifyingSideMenuCollapsedLangAsInSettings_18-16-51 - [verifyingSideMenuCollapsedLangAsInSettings_18-16-51] Element found and ready (attempt 1): By.xpath: //ytd-topbar-menu-button-renderer[@class='style-scope ytd-masthead style-default']
18:18:42 [TestNG-test-Yt Master Tests-2] INFO  verifyingSideMenuCollapsedLangAsInSettings_18-16-51 - getLangAttribute() - locating <html> and reading lang property
18:18:42 [TestNG-test-Yt Master Tests-2] INFO  verifyingSideMenuCollapsedLangAsInSettings_18-16-51 - Language attribute read: fr-FR
18:18:42 [TestNG-test-Yt Master Tests-2] INFO  verifyingSideMenuCollapsedLangAsInSettings_18-16-51 - Fetching the side menu in collapsed view
18:18:42 [TestNG-test-Yt Master Tests-2] INFO  verifyingSideMenuCollapsedLangAsInSettings_18-16-51 - [verifyingSideMenuCollapsedLangAsInSettings_18-16-51] Finding elements list: By.xpath: //ytd-mini-guide-renderer[@class='style-scope ytd-app']//ytd-mini-guide-entry-renderer
18:18:42 [TestNG-test-Yt Master Tests-2] INFO  verifyingSideMenuCollapsedLangAsInSettings_18-16-51 - [verifyingSideMenuCollapsedLangAsInSettings_18-16-51] Found 4 ready elements (attempt 1): By.xpath: //ytd-mini-guide-renderer[@class='style-scope ytd-app']//ytd-mini-guide-entry-renderer
18:18:42 [TestNG-test-Yt Master Tests-2] INFO  verifyingSideMenuCollapsedLangAsInSettings_18-16-51 - Clicking settings ellipses button...
18:18:42 [TestNG-test-Yt Master Tests-2] INFO  verifyingSideMenuCollapsedLangAsInSettings_18-16-51 - [verifyingSideMenuCollapsedLangAsInSettings_18-16-51] Trying to find element: By.xpath: //ytd-topbar-menu-button-renderer[@class='style-scope ytd-masthead style-default']
18:18:42 [TestNG-test-Yt Master Tests-2] INFO  verifyingSideMenuCollapsedLangAsInSettings_18-16-51 - [verifyingSideMenuCollapsedLangAsInSettings_18-16-51] Element found and ready (attempt 1): By.xpath: //ytd-topbar-menu-button-renderer[@class='style-scope ytd-masthead style-default']
18:18:42 [TestNG-test-Yt Master Tests-2] INFO  verifyingSideMenuCollapsedLangAsInSettings_18-16-51 - Clicking language dropdown...
18:18:42 [TestNG-test-Yt Master Tests-2] INFO  verifyingSideMenuCollapsedLangAsInSettings_18-16-51 - [verifyingSideMenuCollapsedLangAsInSettings_18-16-51] Trying to find element: By.xpath: (//div[@id='content-icon'])[2]
18:18:43 [TestNG-test-Yt Master Tests-2] INFO  verifyingSideMenuCollapsedLangAsInSettings_18-16-51 - [verifyingSideMenuCollapsedLangAsInSettings_18-16-51] Element found and ready (attempt 1): By.xpath: (//div[@id='content-icon'])[2]
18:18:43 [TestNG-test-Yt Master Tests-2] INFO  verifyingSideMenuCollapsedLangAsInSettings_18-16-51 - Looking for language element with name: Français (Canada)
18:18:43 [TestNG-test-Yt Master Tests-2] INFO  verifyingSideMenuCollapsedLangAsInSettings_18-16-51 - [verifyingSideMenuCollapsedLangAsInSettings_18-16-51] Trying to find element: By.xpath: //yt-multi-page-menu-section-renderer[@class='style-scope ytd-multi-page-menu-renderer']//yt-formatted-string[@id='label' and text()='Français (Canada)']
18:18:44 [TestNG-test-Yt Master Tests-2] INFO  verifyingSideMenuCollapsedLangAsInSettings_18-16-51 - [verifyingSideMenuCollapsedLangAsInSettings_18-16-51] Element found and ready (attempt 1): By.xpath: //yt-multi-page-menu-section-renderer[@class='style-scope ytd-multi-page-menu-renderer']//yt-formatted-string[@id='label' and text()='Français (Canada)']
18:18:44 [TestNG-test-Yt Master Tests-2] INFO  verifyingSideMenuCollapsedLangAsInSettings_18-16-51 - [verifyingSideMenuCollapsedLangAsInSettings_18-16-51] Trying to find element: By.xpath: //yt-multi-page-menu-section-renderer[@class='style-scope ytd-multi-page-menu-renderer']//yt-formatted-string[@id='label' and text()='Français (Canada)']
18:18:44 [TestNG-test-Yt Master Tests-2] INFO  verifyingSideMenuCollapsedLangAsInSettings_18-16-51 - [verifyingSideMenuCollapsedLangAsInSettings_18-16-51] Element found and ready (attempt 1): By.xpath: //yt-multi-page-menu-section-renderer[@class='style-scope ytd-multi-page-menu-renderer']//yt-formatted-string[@id='label' and text()='Français (Canada)']
18:18:46 [TestNG-test-Yt Master Tests-2] INFO  verifyingSideMenuCollapsedLangAsInSettings_18-16-51 - Clicking settings ellipses button...
18:18:46 [TestNG-test-Yt Master Tests-2] INFO  verifyingSideMenuCollapsedLangAsInSettings_18-16-51 - [verifyingSideMenuCollapsedLangAsInSettings_18-16-51] Trying to find element: By.xpath: //ytd-topbar-menu-button-renderer[@class='style-scope ytd-masthead style-default']
18:18:47 [TestNG-test-Yt Master Tests-2] INFO  verifyingSideMenuCollapsedLangAsInSettings_18-16-51 - [verifyingSideMenuCollapsedLangAsInSettings_18-16-51] Element found and ready (attempt 1): By.xpath: //ytd-topbar-menu-button-renderer[@class='style-scope ytd-masthead style-default']
18:18:47 [TestNG-test-Yt Master Tests-2] INFO  verifyingSideMenuCollapsedLangAsInSettings_18-16-51 - [verifyingSideMenuCollapsedLangAsInSettings_18-16-51] Waiting until element is visible in viewport
18:18:48 [TestNG-test-Yt Master Tests-2] INFO  verifyingSideMenuCollapsedLangAsInSettings_18-16-51 - Clicking settings ellipses button...
18:18:48 [TestNG-test-Yt Master Tests-2] INFO  verifyingSideMenuCollapsedLangAsInSettings_18-16-51 - [verifyingSideMenuCollapsedLangAsInSettings_18-16-51] Trying to find element: By.xpath: //ytd-topbar-menu-button-renderer[@class='style-scope ytd-masthead style-default']
18:18:48 [TestNG-test-Yt Master Tests-2] INFO  verifyingSideMenuCollapsedLangAsInSettings_18-16-51 - [verifyingSideMenuCollapsedLangAsInSettings_18-16-51] Element found and ready (attempt 1): By.xpath: //ytd-topbar-menu-button-renderer[@class='style-scope ytd-masthead style-default']
18:18:49 [TestNG-test-Yt Master Tests-2] INFO  verifyingSideMenuCollapsedLangAsInSettings_18-16-51 - getLangAttribute() - locating <html> and reading lang property
18:18:49 [TestNG-test-Yt Master Tests-2] INFO  verifyingSideMenuCollapsedLangAsInSettings_18-16-51 - Language attribute read: fr-CA
18:18:49 [TestNG-test-Yt Master Tests-2] INFO  verifyingSideMenuCollapsedLangAsInSettings_18-16-51 - Fetching the side menu in collapsed view
18:18:49 [TestNG-test-Yt Master Tests-2] INFO  verifyingSideMenuCollapsedLangAsInSettings_18-16-51 - [verifyingSideMenuCollapsedLangAsInSettings_18-16-51] Finding elements list: By.xpath: //ytd-mini-guide-renderer[@class='style-scope ytd-app']//ytd-mini-guide-entry-renderer
18:18:49 [TestNG-test-Yt Master Tests-2] INFO  verifyingSideMenuCollapsedLangAsInSettings_18-16-51 - [verifyingSideMenuCollapsedLangAsInSettings_18-16-51] Found 4 ready elements (attempt 1): By.xpath: //ytd-mini-guide-renderer[@class='style-scope ytd-app']//ytd-mini-guide-entry-renderer
18:18:49 [TestNG-test-Yt Master Tests-2] INFO  verifyingSideMenuCollapsedLangAsInSettings_18-16-51 - Clicking settings ellipses button...
18:18:49 [TestNG-test-Yt Master Tests-2] INFO  verifyingSideMenuCollapsedLangAsInSettings_18-16-51 - [verifyingSideMenuCollapsedLangAsInSettings_18-16-51] Trying to find element: By.xpath: //ytd-topbar-menu-button-renderer[@class='style-scope ytd-masthead style-default']
18:18:49 [TestNG-test-Yt Master Tests-2] INFO  verifyingSideMenuCollapsedLangAsInSettings_18-16-51 - [verifyingSideMenuCollapsedLangAsInSettings_18-16-51] Element found and ready (attempt 1): By.xpath: //ytd-topbar-menu-button-renderer[@class='style-scope ytd-masthead style-default']
18:18:50 [TestNG-test-Yt Master Tests-2] INFO  verifyingSideMenuCollapsedLangAsInSettings_18-16-51 - Clicking language dropdown...
18:18:50 [TestNG-test-Yt Master Tests-2] INFO  verifyingSideMenuCollapsedLangAsInSettings_18-16-51 - [verifyingSideMenuCollapsedLangAsInSettings_18-16-51] Trying to find element: By.xpath: (//div[@id='content-icon'])[2]
18:18:50 [TestNG-test-Yt Master Tests-2] INFO  verifyingSideMenuCollapsedLangAsInSettings_18-16-51 - [verifyingSideMenuCollapsedLangAsInSettings_18-16-51] Element found and ready (attempt 1): By.xpath: (//div[@id='content-icon'])[2]
18:18:51 [TestNG-test-Yt Master Tests-2] INFO  verifyingSideMenuCollapsedLangAsInSettings_18-16-51 - Looking for language element with name: Hrvatski
18:18:51 [TestNG-test-Yt Master Tests-2] INFO  verifyingSideMenuCollapsedLangAsInSettings_18-16-51 - [verifyingSideMenuCollapsedLangAsInSettings_18-16-51] Trying to find element: By.xpath: //yt-multi-page-menu-section-renderer[@class='style-scope ytd-multi-page-menu-renderer']//yt-formatted-string[@id='label' and text()='Hrvatski']
18:18:51 [TestNG-test-Yt Master Tests-2] INFO  verifyingSideMenuCollapsedLangAsInSettings_18-16-51 - [verifyingSideMenuCollapsedLangAsInSettings_18-16-51] Element found and ready (attempt 1): By.xpath: //yt-multi-page-menu-section-renderer[@class='style-scope ytd-multi-page-menu-renderer']//yt-formatted-string[@id='label' and text()='Hrvatski']
18:18:51 [TestNG-test-Yt Master Tests-2] INFO  verifyingSideMenuCollapsedLangAsInSettings_18-16-51 - [verifyingSideMenuCollapsedLangAsInSettings_18-16-51] Trying to find element: By.xpath: //yt-multi-page-menu-section-renderer[@class='style-scope ytd-multi-page-menu-renderer']//yt-formatted-string[@id='label' and text()='Hrvatski']
18:18:51 [TestNG-test-Yt Master Tests-2] INFO  verifyingSideMenuCollapsedLangAsInSettings_18-16-51 - [verifyingSideMenuCollapsedLangAsInSettings_18-16-51] Element found and ready (attempt 1): By.xpath: //yt-multi-page-menu-section-renderer[@class='style-scope ytd-multi-page-menu-renderer']//yt-formatted-string[@id='label' and text()='Hrvatski']
18:18:53 [TestNG-test-Yt Master Tests-2] INFO  verifyingSideMenuCollapsedLangAsInSettings_18-16-51 - Clicking settings ellipses button...
18:18:53 [TestNG-test-Yt Master Tests-2] INFO  verifyingSideMenuCollapsedLangAsInSettings_18-16-51 - [verifyingSideMenuCollapsedLangAsInSettings_18-16-51] Trying to find element: By.xpath: //ytd-topbar-menu-button-renderer[@class='style-scope ytd-masthead style-default']
18:18:53 [TestNG-test-Yt Master Tests-2] INFO  verifyingSideMenuCollapsedLangAsInSettings_18-16-51 - [verifyingSideMenuCollapsedLangAsInSettings_18-16-51] Element found and ready (attempt 1): By.xpath: //ytd-topbar-menu-button-renderer[@class='style-scope ytd-masthead style-default']
18:18:53 [TestNG-test-Yt Master Tests-2] INFO  verifyingSideMenuCollapsedLangAsInSettings_18-16-51 - [verifyingSideMenuCollapsedLangAsInSettings_18-16-51] Waiting until element is visible in viewport
18:18:54 [TestNG-test-Yt Master Tests-2] INFO  verifyingSideMenuCollapsedLangAsInSettings_18-16-51 - Clicking settings ellipses button...
18:18:54 [TestNG-test-Yt Master Tests-2] INFO  verifyingSideMenuCollapsedLangAsInSettings_18-16-51 - [verifyingSideMenuCollapsedLangAsInSettings_18-16-51] Trying to find element: By.xpath: //ytd-topbar-menu-button-renderer[@class='style-scope ytd-masthead style-default']
18:18:54 [TestNG-test-Yt Master Tests-2] INFO  verifyingSideMenuCollapsedLangAsInSettings_18-16-51 - [verifyingSideMenuCollapsedLangAsInSettings_18-16-51] Element found and ready (attempt 1): By.xpath: //ytd-topbar-menu-button-renderer[@class='style-scope ytd-masthead style-default']
18:18:54 [TestNG-test-Yt Master Tests-2] INFO  verifyingSideMenuCollapsedLangAsInSettings_18-16-51 - getLangAttribute() - locating <html> and reading lang property
18:18:54 [TestNG-test-Yt Master Tests-2] INFO  verifyingSideMenuCollapsedLangAsInSettings_18-16-51 - Language attribute read: hr-HR
18:18:54 [TestNG-test-Yt Master Tests-2] INFO  verifyingSideMenuCollapsedLangAsInSettings_18-16-51 - Fetching the side menu in collapsed view
18:18:54 [TestNG-test-Yt Master Tests-2] INFO  verifyingSideMenuCollapsedLangAsInSettings_18-16-51 - [verifyingSideMenuCollapsedLangAsInSettings_18-16-51] Finding elements list: By.xpath: //ytd-mini-guide-renderer[@class='style-scope ytd-app']//ytd-mini-guide-entry-renderer
18:18:56 [TestNG-test-Yt Master Tests-2] INFO  verifyingSideMenuCollapsedLangAsInSettings_18-16-51 - [verifyingSideMenuCollapsedLangAsInSettings_18-16-51] Found 4 ready elements (attempt 1): By.xpath: //ytd-mini-guide-renderer[@class='style-scope ytd-app']//ytd-mini-guide-entry-renderer
18:18:56 [TestNG-test-Yt Master Tests-2] INFO  verifyingSideMenuCollapsedLangAsInSettings_18-16-51 - Clicking settings ellipses button...
18:18:56 [TestNG-test-Yt Master Tests-2] INFO  verifyingSideMenuCollapsedLangAsInSettings_18-16-51 - [verifyingSideMenuCollapsedLangAsInSettings_18-16-51] Trying to find element: By.xpath: //ytd-topbar-menu-button-renderer[@class='style-scope ytd-masthead style-default']
18:18:56 [TestNG-test-Yt Master Tests-2] INFO  verifyingSideMenuCollapsedLangAsInSettings_18-16-51 - [verifyingSideMenuCollapsedLangAsInSettings_18-16-51] Element found and ready (attempt 1): By.xpath: //ytd-topbar-menu-button-renderer[@class='style-scope ytd-masthead style-default']
18:18:56 [TestNG-test-Yt Master Tests-2] INFO  verifyingSideMenuCollapsedLangAsInSettings_18-16-51 - Clicking language dropdown...
18:18:56 [TestNG-test-Yt Master Tests-2] INFO  verifyingSideMenuCollapsedLangAsInSettings_18-16-51 - [verifyingSideMenuCollapsedLangAsInSettings_18-16-51] Trying to find element: By.xpath: (//div[@id='content-icon'])[2]
18:18:57 [TestNG-test-Yt Master Tests-2] INFO  verifyingSideMenuCollapsedLangAsInSettings_18-16-51 - [verifyingSideMenuCollapsedLangAsInSettings_18-16-51] Element found and ready (attempt 1): By.xpath: (//div[@id='content-icon'])[2]
18:18:58 [TestNG-test-Yt Master Tests-2] INFO  verifyingSideMenuCollapsedLangAsInSettings_18-16-51 - Looking for language element with name: Íslenska
18:18:58 [TestNG-test-Yt Master Tests-2] INFO  verifyingSideMenuCollapsedLangAsInSettings_18-16-51 - [verifyingSideMenuCollapsedLangAsInSettings_18-16-51] Trying to find element: By.xpath: //yt-multi-page-menu-section-renderer[@class='style-scope ytd-multi-page-menu-renderer']//yt-formatted-string[@id='label' and text()='Íslenska']
18:18:58 [TestNG-test-Yt Master Tests-2] INFO  verifyingSideMenuCollapsedLangAsInSettings_18-16-51 - [verifyingSideMenuCollapsedLangAsInSettings_18-16-51] Element found and ready (attempt 1): By.xpath: //yt-multi-page-menu-section-renderer[@class='style-scope ytd-multi-page-menu-renderer']//yt-formatted-string[@id='label' and text()='Íslenska']
18:18:58 [TestNG-test-Yt Master Tests-2] INFO  verifyingSideMenuCollapsedLangAsInSettings_18-16-51 - [verifyingSideMenuCollapsedLangAsInSettings_18-16-51] Trying to find element: By.xpath: //yt-multi-page-menu-section-renderer[@class='style-scope ytd-multi-page-menu-renderer']//yt-formatted-string[@id='label' and text()='Íslenska']
18:18:58 [TestNG-test-Yt Master Tests-2] INFO  verifyingSideMenuCollapsedLangAsInSettings_18-16-51 - [verifyingSideMenuCollapsedLangAsInSettings_18-16-51] Element found and ready (attempt 1): By.xpath: //yt-multi-page-menu-section-renderer[@class='style-scope ytd-multi-page-menu-renderer']//yt-formatted-string[@id='label' and text()='Íslenska']
18:19:00 [TestNG-test-Yt Master Tests-2] INFO  verifyingSideMenuCollapsedLangAsInSettings_18-16-51 - Clicking settings ellipses button...
18:19:00 [TestNG-test-Yt Master Tests-2] INFO  verifyingSideMenuCollapsedLangAsInSettings_18-16-51 - [verifyingSideMenuCollapsedLangAsInSettings_18-16-51] Trying to find element: By.xpath: //ytd-topbar-menu-button-renderer[@class='style-scope ytd-masthead style-default']
18:19:00 [TestNG-test-Yt Master Tests-2] INFO  verifyingSideMenuCollapsedLangAsInSettings_18-16-51 - [verifyingSideMenuCollapsedLangAsInSettings_18-16-51] Element found and ready (attempt 1): By.xpath: //ytd-topbar-menu-button-renderer[@class='style-scope ytd-masthead style-default']
18:19:00 [TestNG-test-Yt Master Tests-2] INFO  verifyingSideMenuCollapsedLangAsInSettings_18-16-51 - [verifyingSideMenuCollapsedLangAsInSettings_18-16-51] Waiting until element is visible in viewport
18:19:01 [TestNG-test-Yt Master Tests-2] INFO  verifyingSideMenuCollapsedLangAsInSettings_18-16-51 - Clicking settings ellipses button...
18:19:01 [TestNG-test-Yt Master Tests-2] INFO  verifyingSideMenuCollapsedLangAsInSettings_18-16-51 - [verifyingSideMenuCollapsedLangAsInSettings_18-16-51] Trying to find element: By.xpath: //ytd-topbar-menu-button-renderer[@class='style-scope ytd-masthead style-default']
18:19:02 [TestNG-test-Yt Master Tests-2] INFO  verifyingSideMenuCollapsedLangAsInSettings_18-16-51 - [verifyingSideMenuCollapsedLangAsInSettings_18-16-51] Element found and ready (attempt 1): By.xpath: //ytd-topbar-menu-button-renderer[@class='style-scope ytd-masthead style-default']
18:19:02 [TestNG-test-Yt Master Tests-2] INFO  verifyingSideMenuCollapsedLangAsInSettings_18-16-51 - getLangAttribute() - locating <html> and reading lang property
18:19:02 [TestNG-test-Yt Master Tests-2] INFO  verifyingSideMenuCollapsedLangAsInSettings_18-16-51 - Language attribute read: is-IS
18:19:02 [TestNG-test-Yt Master Tests-2] INFO  verifyingSideMenuCollapsedLangAsInSettings_18-16-51 - Fetching the side menu in collapsed view
18:19:02 [TestNG-test-Yt Master Tests-2] INFO  verifyingSideMenuCollapsedLangAsInSettings_18-16-51 - [verifyingSideMenuCollapsedLangAsInSettings_18-16-51] Finding elements list: By.xpath: //ytd-mini-guide-renderer[@class='style-scope ytd-app']//ytd-mini-guide-entry-renderer
18:19:02 [TestNG-test-Yt Master Tests-2] INFO  verifyingSideMenuCollapsedLangAsInSettings_18-16-51 - [verifyingSideMenuCollapsedLangAsInSettings_18-16-51] Found 4 ready elements (attempt 1): By.xpath: //ytd-mini-guide-renderer[@class='style-scope ytd-app']//ytd-mini-guide-entry-renderer
18:19:02 [TestNG-test-Yt Master Tests-2] INFO  verifyingSideMenuCollapsedLangAsInSettings_18-16-51 - Clicking settings ellipses button...
18:19:02 [TestNG-test-Yt Master Tests-2] INFO  verifyingSideMenuCollapsedLangAsInSettings_18-16-51 - [verifyingSideMenuCollapsedLangAsInSettings_18-16-51] Trying to find element: By.xpath: //ytd-topbar-menu-button-renderer[@class='style-scope ytd-masthead style-default']
18:19:02 [TestNG-test-Yt Master Tests-2] INFO  verifyingSideMenuCollapsedLangAsInSettings_18-16-51 - [verifyingSideMenuCollapsedLangAsInSettings_18-16-51] Element found and ready (attempt 1): By.xpath: //ytd-topbar-menu-button-renderer[@class='style-scope ytd-masthead style-default']
18:19:02 [TestNG-test-Yt Master Tests-2] INFO  verifyingSideMenuCollapsedLangAsInSettings_18-16-51 - Clicking language dropdown...
18:19:02 [TestNG-test-Yt Master Tests-2] INFO  verifyingSideMenuCollapsedLangAsInSettings_18-16-51 - [verifyingSideMenuCollapsedLangAsInSettings_18-16-51] Trying to find element: By.xpath: (//div[@id='content-icon'])[2]
18:19:03 [TestNG-test-Yt Master Tests-2] INFO  verifyingSideMenuCollapsedLangAsInSettings_18-16-51 - [verifyingSideMenuCollapsedLangAsInSettings_18-16-51] Element found and ready (attempt 1): By.xpath: (//div[@id='content-icon'])[2]
18:19:03 [TestNG-test-Yt Master Tests-2] INFO  verifyingSideMenuCollapsedLangAsInSettings_18-16-51 - Looking for language element with name: Italiano
18:19:03 [TestNG-test-Yt Master Tests-2] INFO  verifyingSideMenuCollapsedLangAsInSettings_18-16-51 - [verifyingSideMenuCollapsedLangAsInSettings_18-16-51] Trying to find element: By.xpath: //yt-multi-page-menu-section-renderer[@class='style-scope ytd-multi-page-menu-renderer']//yt-formatted-string[@id='label' and text()='Italiano']
18:19:04 [TestNG-test-Yt Master Tests-2] INFO  verifyingSideMenuCollapsedLangAsInSettings_18-16-51 - [verifyingSideMenuCollapsedLangAsInSettings_18-16-51] Element found and ready (attempt 1): By.xpath: //yt-multi-page-menu-section-renderer[@class='style-scope ytd-multi-page-menu-renderer']//yt-formatted-string[@id='label' and text()='Italiano']
18:19:04 [TestNG-test-Yt Master Tests-2] INFO  verifyingSideMenuCollapsedLangAsInSettings_18-16-51 - [verifyingSideMenuCollapsedLangAsInSettings_18-16-51] Trying to find element: By.xpath: //yt-multi-page-menu-section-renderer[@class='style-scope ytd-multi-page-menu-renderer']//yt-formatted-string[@id='label' and text()='Italiano']
18:19:04 [TestNG-test-Yt Master Tests-2] INFO  verifyingSideMenuCollapsedLangAsInSettings_18-16-51 - [verifyingSideMenuCollapsedLangAsInSettings_18-16-51] Element found and ready (attempt 1): By.xpath: //yt-multi-page-menu-section-renderer[@class='style-scope ytd-multi-page-menu-renderer']//yt-formatted-string[@id='label' and text()='Italiano']
18:19:05 [TestNG-test-Yt Master Tests-2] INFO  verifyingSideMenuCollapsedLangAsInSettings_18-16-51 - Clicking settings ellipses button...
18:19:05 [TestNG-test-Yt Master Tests-2] INFO  verifyingSideMenuCollapsedLangAsInSettings_18-16-51 - [verifyingSideMenuCollapsedLangAsInSettings_18-16-51] Trying to find element: By.xpath: //ytd-topbar-menu-button-renderer[@class='style-scope ytd-masthead style-default']
18:19:06 [TestNG-test-Yt Master Tests-2] INFO  verifyingSideMenuCollapsedLangAsInSettings_18-16-51 - [verifyingSideMenuCollapsedLangAsInSettings_18-16-51] Element found and ready (attempt 1): By.xpath: //ytd-topbar-menu-button-renderer[@class='style-scope ytd-masthead style-default']
18:19:06 [TestNG-test-Yt Master Tests-2] INFO  verifyingSideMenuCollapsedLangAsInSettings_18-16-51 - [verifyingSideMenuCollapsedLangAsInSettings_18-16-51] Waiting until element is visible in viewport
18:19:07 [TestNG-test-Yt Master Tests-2] INFO  verifyingSideMenuCollapsedLangAsInSettings_18-16-51 - Clicking settings ellipses button...
18:19:07 [TestNG-test-Yt Master Tests-2] INFO  verifyingSideMenuCollapsedLangAsInSettings_18-16-51 - [verifyingSideMenuCollapsedLangAsInSettings_18-16-51] Trying to find element: By.xpath: //ytd-topbar-menu-button-renderer[@class='style-scope ytd-masthead style-default']
18:19:07 [TestNG-test-Yt Master Tests-2] INFO  verifyingSideMenuCollapsedLangAsInSettings_18-16-51 - [verifyingSideMenuCollapsedLangAsInSettings_18-16-51] Element found and ready (attempt 1): By.xpath: //ytd-topbar-menu-button-renderer[@class='style-scope ytd-masthead style-default']
18:19:07 [TestNG-test-Yt Master Tests-2] INFO  verifyingSideMenuCollapsedLangAsInSettings_18-16-51 - getLangAttribute() - locating <html> and reading lang property
18:19:07 [TestNG-test-Yt Master Tests-2] INFO  verifyingSideMenuCollapsedLangAsInSettings_18-16-51 - Language attribute read: it-IT
18:19:07 [TestNG-test-Yt Master Tests-2] INFO  verifyingSideMenuCollapsedLangAsInSettings_18-16-51 - Fetching the side menu in collapsed view
18:19:07 [TestNG-test-Yt Master Tests-2] INFO  verifyingSideMenuCollapsedLangAsInSettings_18-16-51 - [verifyingSideMenuCollapsedLangAsInSettings_18-16-51] Finding elements list: By.xpath: //ytd-mini-guide-renderer[@class='style-scope ytd-app']//ytd-mini-guide-entry-renderer
18:19:07 [TestNG-test-Yt Master Tests-2] INFO  verifyingSideMenuCollapsedLangAsInSettings_18-16-51 - [verifyingSideMenuCollapsedLangAsInSettings_18-16-51] Found 4 ready elements (attempt 1): By.xpath: //ytd-mini-guide-renderer[@class='style-scope ytd-app']//ytd-mini-guide-entry-renderer
18:19:07 [TestNG-test-Yt Master Tests-2] INFO  verifyingSideMenuCollapsedLangAsInSettings_18-16-51 - Clicking settings ellipses button...
18:19:07 [TestNG-test-Yt Master Tests-2] INFO  verifyingSideMenuCollapsedLangAsInSettings_18-16-51 - [verifyingSideMenuCollapsedLangAsInSettings_18-16-51] Trying to find element: By.xpath: //ytd-topbar-menu-button-renderer[@class='style-scope ytd-masthead style-default']
18:19:07 [TestNG-test-Yt Master Tests-2] INFO  verifyingSideMenuCollapsedLangAsInSettings_18-16-51 - [verifyingSideMenuCollapsedLangAsInSettings_18-16-51] Element found and ready (attempt 1): By.xpath: //ytd-topbar-menu-button-renderer[@class='style-scope ytd-masthead style-default']
18:19:07 [TestNG-test-Yt Master Tests-2] INFO  verifyingSideMenuCollapsedLangAsInSettings_18-16-51 - Clicking language dropdown...
18:19:07 [TestNG-test-Yt Master Tests-2] INFO  verifyingSideMenuCollapsedLangAsInSettings_18-16-51 - [verifyingSideMenuCollapsedLangAsInSettings_18-16-51] Trying to find element: By.xpath: (//div[@id='content-icon'])[2]
18:19:08 [TestNG-test-Yt Master Tests-2] INFO  verifyingSideMenuCollapsedLangAsInSettings_18-16-51 - [verifyingSideMenuCollapsedLangAsInSettings_18-16-51] Element found and ready (attempt 1): By.xpath: (//div[@id='content-icon'])[2]
18:19:09 [TestNG-test-Yt Master Tests-2] INFO  verifyingSideMenuCollapsedLangAsInSettings_18-16-51 - Looking for language element with name: Latviešu valoda
18:19:09 [TestNG-test-Yt Master Tests-2] INFO  verifyingSideMenuCollapsedLangAsInSettings_18-16-51 - [verifyingSideMenuCollapsedLangAsInSettings_18-16-51] Trying to find element: By.xpath: //yt-multi-page-menu-section-renderer[@class='style-scope ytd-multi-page-menu-renderer']//yt-formatted-string[@id='label' and text()='Latviešu valoda']
18:19:09 [TestNG-test-Yt Master Tests-2] INFO  verifyingSideMenuCollapsedLangAsInSettings_18-16-51 - [verifyingSideMenuCollapsedLangAsInSettings_18-16-51] Element found and ready (attempt 1): By.xpath: //yt-multi-page-menu-section-renderer[@class='style-scope ytd-multi-page-menu-renderer']//yt-formatted-string[@id='label' and text()='Latviešu valoda']
18:19:09 [TestNG-test-Yt Master Tests-2] INFO  verifyingSideMenuCollapsedLangAsInSettings_18-16-51 - [verifyingSideMenuCollapsedLangAsInSettings_18-16-51] Trying to find element: By.xpath: //yt-multi-page-menu-section-renderer[@class='style-scope ytd-multi-page-menu-renderer']//yt-formatted-string[@id='label' and text()='Latviešu valoda']
18:19:10 [TestNG-test-Yt Master Tests-2] INFO  verifyingSideMenuCollapsedLangAsInSettings_18-16-51 - [verifyingSideMenuCollapsedLangAsInSettings_18-16-51] Element found and ready (attempt 1): By.xpath: //yt-multi-page-menu-section-renderer[@class='style-scope ytd-multi-page-menu-renderer']//yt-formatted-string[@id='label' and text()='Latviešu valoda']
18:19:12 [TestNG-test-Yt Master Tests-2] INFO  verifyingSideMenuCollapsedLangAsInSettings_18-16-51 - Clicking settings ellipses button...
18:19:12 [TestNG-test-Yt Master Tests-2] INFO  verifyingSideMenuCollapsedLangAsInSettings_18-16-51 - [verifyingSideMenuCollapsedLangAsInSettings_18-16-51] Trying to find element: By.xpath: //ytd-topbar-menu-button-renderer[@class='style-scope ytd-masthead style-default']
18:19:13 [TestNG-test-Yt Master Tests-2] INFO  verifyingSideMenuCollapsedLangAsInSettings_18-16-51 - [verifyingSideMenuCollapsedLangAsInSettings_18-16-51] Element found and ready (attempt 1): By.xpath: //ytd-topbar-menu-button-renderer[@class='style-scope ytd-masthead style-default']
18:19:13 [TestNG-test-Yt Master Tests-2] INFO  verifyingSideMenuCollapsedLangAsInSettings_18-16-51 - [verifyingSideMenuCollapsedLangAsInSettings_18-16-51] Waiting until element is visible in viewport
18:19:14 [TestNG-test-Yt Master Tests-2] INFO  verifyingSideMenuCollapsedLangAsInSettings_18-16-51 - Clicking settings ellipses button...
18:19:14 [TestNG-test-Yt Master Tests-2] INFO  verifyingSideMenuCollapsedLangAsInSettings_18-16-51 - [verifyingSideMenuCollapsedLangAsInSettings_18-16-51] Trying to find element: By.xpath: //ytd-topbar-menu-button-renderer[@class='style-scope ytd-masthead style-default']
18:19:14 [TestNG-test-Yt Master Tests-2] INFO  verifyingSideMenuCollapsedLangAsInSettings_18-16-51 - [verifyingSideMenuCollapsedLangAsInSettings_18-16-51] Element found and ready (attempt 1): By.xpath: //ytd-topbar-menu-button-renderer[@class='style-scope ytd-masthead style-default']
18:19:14 [TestNG-test-Yt Master Tests-2] INFO  verifyingSideMenuCollapsedLangAsInSettings_18-16-51 - getLangAttribute() - locating <html> and reading lang property
18:19:14 [TestNG-test-Yt Master Tests-2] INFO  verifyingSideMenuCollapsedLangAsInSettings_18-16-51 - Language attribute read: lv-LV
18:19:14 [TestNG-test-Yt Master Tests-2] INFO  verifyingSideMenuCollapsedLangAsInSettings_18-16-51 - Fetching the side menu in collapsed view
18:19:14 [TestNG-test-Yt Master Tests-2] INFO  verifyingSideMenuCollapsedLangAsInSettings_18-16-51 - [verifyingSideMenuCollapsedLangAsInSettings_18-16-51] Finding elements list: By.xpath: //ytd-mini-guide-renderer[@class='style-scope ytd-app']//ytd-mini-guide-entry-renderer
18:19:14 [TestNG-test-Yt Master Tests-2] INFO  verifyingSideMenuCollapsedLangAsInSettings_18-16-51 - [verifyingSideMenuCollapsedLangAsInSettings_18-16-51] Found 4 ready elements (attempt 1): By.xpath: //ytd-mini-guide-renderer[@class='style-scope ytd-app']//ytd-mini-guide-entry-renderer
18:19:14 [TestNG-test-Yt Master Tests-2] INFO  verifyingSideMenuCollapsedLangAsInSettings_18-16-51 - Clicking settings ellipses button...
18:19:14 [TestNG-test-Yt Master Tests-2] INFO  verifyingSideMenuCollapsedLangAsInSettings_18-16-51 - [verifyingSideMenuCollapsedLangAsInSettings_18-16-51] Trying to find element: By.xpath: //ytd-topbar-menu-button-renderer[@class='style-scope ytd-masthead style-default']
18:19:14 [TestNG-test-Yt Master Tests-2] INFO  verifyingSideMenuCollapsedLangAsInSettings_18-16-51 - [verifyingSideMenuCollapsedLangAsInSettings_18-16-51] Element found and ready (attempt 1): By.xpath: //ytd-topbar-menu-button-renderer[@class='style-scope ytd-masthead style-default']
18:19:15 [TestNG-test-Yt Master Tests-2] INFO  verifyingSideMenuCollapsedLangAsInSettings_18-16-51 - Clicking language dropdown...
18:19:15 [TestNG-test-Yt Master Tests-2] INFO  verifyingSideMenuCollapsedLangAsInSettings_18-16-51 - [verifyingSideMenuCollapsedLangAsInSettings_18-16-51] Trying to find element: By.xpath: (//div[@id='content-icon'])[2]
18:19:15 [TestNG-test-Yt Master Tests-2] INFO  verifyingSideMenuCollapsedLangAsInSettings_18-16-51 - [verifyingSideMenuCollapsedLangAsInSettings_18-16-51] Element found and ready (attempt 1): By.xpath: (//div[@id='content-icon'])[2]
18:19:16 [TestNG-test-Yt Master Tests-2] INFO  verifyingSideMenuCollapsedLangAsInSettings_18-16-51 - Looking for language element with name: Lietuvių
18:19:16 [TestNG-test-Yt Master Tests-2] INFO  verifyingSideMenuCollapsedLangAsInSettings_18-16-51 - [verifyingSideMenuCollapsedLangAsInSettings_18-16-51] Trying to find element: By.xpath: //yt-multi-page-menu-section-renderer[@class='style-scope ytd-multi-page-menu-renderer']//yt-formatted-string[@id='label' and text()='Lietuvių']
18:19:16 [TestNG-test-Yt Master Tests-2] INFO  verifyingSideMenuCollapsedLangAsInSettings_18-16-51 - [verifyingSideMenuCollapsedLangAsInSettings_18-16-51] Element found and ready (attempt 1): By.xpath: //yt-multi-page-menu-section-renderer[@class='style-scope ytd-multi-page-menu-renderer']//yt-formatted-string[@id='label' and text()='Lietuvių']
18:19:16 [TestNG-test-Yt Master Tests-2] INFO  verifyingSideMenuCollapsedLangAsInSettings_18-16-51 - [verifyingSideMenuCollapsedLangAsInSettings_18-16-51] Trying to find element: By.xpath: //yt-multi-page-menu-section-renderer[@class='style-scope ytd-multi-page-menu-renderer']//yt-formatted-string[@id='label' and text()='Lietuvių']
18:19:16 [TestNG-test-Yt Master Tests-2] INFO  verifyingSideMenuCollapsedLangAsInSettings_18-16-51 - [verifyingSideMenuCollapsedLangAsInSettings_18-16-51] Element found and ready (attempt 1): By.xpath: //yt-multi-page-menu-section-renderer[@class='style-scope ytd-multi-page-menu-renderer']//yt-formatted-string[@id='label' and text()='Lietuvių']
18:19:18 [TestNG-test-Yt Master Tests-2] INFO  verifyingSideMenuCollapsedLangAsInSettings_18-16-51 - Clicking settings ellipses button...
18:19:18 [TestNG-test-Yt Master Tests-2] INFO  verifyingSideMenuCollapsedLangAsInSettings_18-16-51 - [verifyingSideMenuCollapsedLangAsInSettings_18-16-51] Trying to find element: By.xpath: //ytd-topbar-menu-button-renderer[@class='style-scope ytd-masthead style-default']
18:19:18 [TestNG-test-Yt Master Tests-2] INFO  verifyingSideMenuCollapsedLangAsInSettings_18-16-51 - [verifyingSideMenuCollapsedLangAsInSettings_18-16-51] Element found and ready (attempt 1): By.xpath: //ytd-topbar-menu-button-renderer[@class='style-scope ytd-masthead style-default']
18:19:19 [TestNG-test-Yt Master Tests-2] INFO  verifyingSideMenuCollapsedLangAsInSettings_18-16-51 - [verifyingSideMenuCollapsedLangAsInSettings_18-16-51] Waiting until element is visible in viewport
18:19:20 [TestNG-test-Yt Master Tests-2] INFO  verifyingSideMenuCollapsedLangAsInSettings_18-16-51 - Clicking settings ellipses button...
18:19:20 [TestNG-test-Yt Master Tests-2] INFO  verifyingSideMenuCollapsedLangAsInSettings_18-16-51 - [verifyingSideMenuCollapsedLangAsInSettings_18-16-51] Trying to find element: By.xpath: //ytd-topbar-menu-button-renderer[@class='style-scope ytd-masthead style-default']
18:19:20 [TestNG-test-Yt Master Tests-2] INFO  verifyingSideMenuCollapsedLangAsInSettings_18-16-51 - [verifyingSideMenuCollapsedLangAsInSettings_18-16-51] Element found and ready (attempt 1): By.xpath: //ytd-topbar-menu-button-renderer[@class='style-scope ytd-masthead style-default']
18:19:20 [TestNG-test-Yt Master Tests-2] INFO  verifyingSideMenuCollapsedLangAsInSettings_18-16-51 - getLangAttribute() - locating <html> and reading lang property
18:19:20 [TestNG-test-Yt Master Tests-2] INFO  verifyingSideMenuCollapsedLangAsInSettings_18-16-51 - Language attribute read: lt-LT
18:19:20 [TestNG-test-Yt Master Tests-2] INFO  verifyingSideMenuCollapsedLangAsInSettings_18-16-51 - Fetching the side menu in collapsed view
18:19:20 [TestNG-test-Yt Master Tests-2] INFO  verifyingSideMenuCollapsedLangAsInSettings_18-16-51 - [verifyingSideMenuCollapsedLangAsInSettings_18-16-51] Finding elements list: By.xpath: //ytd-mini-guide-renderer[@class='style-scope ytd-app']//ytd-mini-guide-entry-renderer
18:19:20 [TestNG-test-Yt Master Tests-2] INFO  verifyingSideMenuCollapsedLangAsInSettings_18-16-51 - [verifyingSideMenuCollapsedLangAsInSettings_18-16-51] Found 4 ready elements (attempt 1): By.xpath: //ytd-mini-guide-renderer[@class='style-scope ytd-app']//ytd-mini-guide-entry-renderer
18:19:20 [TestNG-test-Yt Master Tests-2] INFO  verifyingSideMenuCollapsedLangAsInSettings_18-16-51 - Clicking settings ellipses button...
18:19:20 [TestNG-test-Yt Master Tests-2] INFO  verifyingSideMenuCollapsedLangAsInSettings_18-16-51 - [verifyingSideMenuCollapsedLangAsInSettings_18-16-51] Trying to find element: By.xpath: //ytd-topbar-menu-button-renderer[@class='style-scope ytd-masthead style-default']
18:19:20 [TestNG-test-Yt Master Tests-2] INFO  verifyingSideMenuCollapsedLangAsInSettings_18-16-51 - [verifyingSideMenuCollapsedLangAsInSettings_18-16-51] Element found and ready (attempt 1): By.xpath: //ytd-topbar-menu-button-renderer[@class='style-scope ytd-masthead style-default']
18:19:20 [TestNG-test-Yt Master Tests-2] INFO  verifyingSideMenuCollapsedLangAsInSettings_18-16-51 - Clicking language dropdown...
18:19:20 [TestNG-test-Yt Master Tests-2] INFO  verifyingSideMenuCollapsedLangAsInSettings_18-16-51 - [verifyingSideMenuCollapsedLangAsInSettings_18-16-51] Trying to find element: By.xpath: (//div[@id='content-icon'])[2]
18:19:21 [TestNG-test-Yt Master Tests-2] INFO  verifyingSideMenuCollapsedLangAsInSettings_18-16-51 - [verifyingSideMenuCollapsedLangAsInSettings_18-16-51] Element found and ready (attempt 1): By.xpath: (//div[@id='content-icon'])[2]
18:19:22 [TestNG-test-Yt Master Tests-2] INFO  verifyingSideMenuCollapsedLangAsInSettings_18-16-51 - Looking for language element with name: Magyar
18:19:22 [TestNG-test-Yt Master Tests-2] INFO  verifyingSideMenuCollapsedLangAsInSettings_18-16-51 - [verifyingSideMenuCollapsedLangAsInSettings_18-16-51] Trying to find element: By.xpath: //yt-multi-page-menu-section-renderer[@class='style-scope ytd-multi-page-menu-renderer']//yt-formatted-string[@id='label' and text()='Magyar']
18:19:22 [TestNG-test-Yt Master Tests-2] INFO  verifyingSideMenuCollapsedLangAsInSettings_18-16-51 - [verifyingSideMenuCollapsedLangAsInSettings_18-16-51] Element found and ready (attempt 1): By.xpath: //yt-multi-page-menu-section-renderer[@class='style-scope ytd-multi-page-menu-renderer']//yt-formatted-string[@id='label' and text()='Magyar']
18:19:22 [TestNG-test-Yt Master Tests-2] INFO  verifyingSideMenuCollapsedLangAsInSettings_18-16-51 - [verifyingSideMenuCollapsedLangAsInSettings_18-16-51] Trying to find element: By.xpath: //yt-multi-page-menu-section-renderer[@class='style-scope ytd-multi-page-menu-renderer']//yt-formatted-string[@id='label' and text()='Magyar']
18:19:22 [TestNG-test-Yt Master Tests-2] INFO  verifyingSideMenuCollapsedLangAsInSettings_18-16-51 - [verifyingSideMenuCollapsedLangAsInSettings_18-16-51] Element found and ready (attempt 1): By.xpath: //yt-multi-page-menu-section-renderer[@class='style-scope ytd-multi-page-menu-renderer']//yt-formatted-string[@id='label' and text()='Magyar']
18:19:25 [TestNG-test-Yt Master Tests-2] INFO  verifyingSideMenuCollapsedLangAsInSettings_18-16-51 - Clicking settings ellipses button...
18:19:25 [TestNG-test-Yt Master Tests-2] INFO  verifyingSideMenuCollapsedLangAsInSettings_18-16-51 - [verifyingSideMenuCollapsedLangAsInSettings_18-16-51] Trying to find element: By.xpath: //ytd-topbar-menu-button-renderer[@class='style-scope ytd-masthead style-default']
18:19:26 [TestNG-test-Yt Master Tests-2] INFO  verifyingSideMenuCollapsedLangAsInSettings_18-16-51 - [verifyingSideMenuCollapsedLangAsInSettings_18-16-51] Element found and ready (attempt 1): By.xpath: //ytd-topbar-menu-button-renderer[@class='style-scope ytd-masthead style-default']
18:19:26 [TestNG-test-Yt Master Tests-2] INFO  verifyingSideMenuCollapsedLangAsInSettings_18-16-51 - [verifyingSideMenuCollapsedLangAsInSettings_18-16-51] Waiting until element is visible in viewport
18:19:27 [TestNG-test-Yt Master Tests-2] INFO  verifyingSideMenuCollapsedLangAsInSettings_18-16-51 - Clicking settings ellipses button...
18:19:27 [TestNG-test-Yt Master Tests-2] INFO  verifyingSideMenuCollapsedLangAsInSettings_18-16-51 - [verifyingSideMenuCollapsedLangAsInSettings_18-16-51] Trying to find element: By.xpath: //ytd-topbar-menu-button-renderer[@class='style-scope ytd-masthead style-default']
18:19:27 [TestNG-test-Yt Master Tests-2] INFO  verifyingSideMenuCollapsedLangAsInSettings_18-16-51 - [verifyingSideMenuCollapsedLangAsInSettings_18-16-51] Element found and ready (attempt 1): By.xpath: //ytd-topbar-menu-button-renderer[@class='style-scope ytd-masthead style-default']
18:19:27 [TestNG-test-Yt Master Tests-2] INFO  verifyingSideMenuCollapsedLangAsInSettings_18-16-51 - getLangAttribute() - locating <html> and reading lang property
18:19:27 [TestNG-test-Yt Master Tests-2] INFO  verifyingSideMenuCollapsedLangAsInSettings_18-16-51 - Language attribute read: hu-HU
18:19:27 [TestNG-test-Yt Master Tests-2] INFO  verifyingSideMenuCollapsedLangAsInSettings_18-16-51 - Fetching the side menu in collapsed view
18:19:27 [TestNG-test-Yt Master Tests-2] INFO  verifyingSideMenuCollapsedLangAsInSettings_18-16-51 - [verifyingSideMenuCollapsedLangAsInSettings_18-16-51] Finding elements list: By.xpath: //ytd-mini-guide-renderer[@class='style-scope ytd-app']//ytd-mini-guide-entry-renderer
18:19:27 [TestNG-test-Yt Master Tests-2] INFO  verifyingSideMenuCollapsedLangAsInSettings_18-16-51 - [verifyingSideMenuCollapsedLangAsInSettings_18-16-51] Found 4 ready elements (attempt 1): By.xpath: //ytd-mini-guide-renderer[@class='style-scope ytd-app']//ytd-mini-guide-entry-renderer
18:19:28 [TestNG-test-Yt Master Tests-2] INFO  verifyingSideMenuCollapsedLangAsInSettings_18-16-51 - Clicking settings ellipses button...
18:19:28 [TestNG-test-Yt Master Tests-2] INFO  verifyingSideMenuCollapsedLangAsInSettings_18-16-51 - [verifyingSideMenuCollapsedLangAsInSettings_18-16-51] Trying to find element: By.xpath: //ytd-topbar-menu-button-renderer[@class='style-scope ytd-masthead style-default']
18:19:28 [TestNG-test-Yt Master Tests-2] INFO  verifyingSideMenuCollapsedLangAsInSettings_18-16-51 - [verifyingSideMenuCollapsedLangAsInSettings_18-16-51] Element found and ready (attempt 1): By.xpath: //ytd-topbar-menu-button-renderer[@class='style-scope ytd-masthead style-default']
18:19:28 [TestNG-test-Yt Master Tests-2] INFO  verifyingSideMenuCollapsedLangAsInSettings_18-16-51 - Clicking language dropdown...
18:19:28 [TestNG-test-Yt Master Tests-2] INFO  verifyingSideMenuCollapsedLangAsInSettings_18-16-51 - [verifyingSideMenuCollapsedLangAsInSettings_18-16-51] Trying to find element: By.xpath: (//div[@id='content-icon'])[2]
18:19:29 [TestNG-test-Yt Master Tests-2] INFO  verifyingSideMenuCollapsedLangAsInSettings_18-16-51 - [verifyingSideMenuCollapsedLangAsInSettings_18-16-51] Element found and ready (attempt 1): By.xpath: (//div[@id='content-icon'])[2]
18:19:29 [TestNG-test-Yt Master Tests-2] INFO  verifyingSideMenuCollapsedLangAsInSettings_18-16-51 - Looking for language element with name: Nederlands
18:19:29 [TestNG-test-Yt Master Tests-2] INFO  verifyingSideMenuCollapsedLangAsInSettings_18-16-51 - [verifyingSideMenuCollapsedLangAsInSettings_18-16-51] Trying to find element: By.xpath: //yt-multi-page-menu-section-renderer[@class='style-scope ytd-multi-page-menu-renderer']//yt-formatted-string[@id='label' and text()='Nederlands']
18:19:29 [TestNG-test-Yt Master Tests-2] INFO  verifyingSideMenuCollapsedLangAsInSettings_18-16-51 - [verifyingSideMenuCollapsedLangAsInSettings_18-16-51] Element found and ready (attempt 1): By.xpath: //yt-multi-page-menu-section-renderer[@class='style-scope ytd-multi-page-menu-renderer']//yt-formatted-string[@id='label' and text()='Nederlands']
18:19:29 [TestNG-test-Yt Master Tests-2] INFO  verifyingSideMenuCollapsedLangAsInSettings_18-16-51 - [verifyingSideMenuCollapsedLangAsInSettings_18-16-51] Trying to find element: By.xpath: //yt-multi-page-menu-section-renderer[@class='style-scope ytd-multi-page-menu-renderer']//yt-formatted-string[@id='label' and text()='Nederlands']
18:19:29 [TestNG-test-Yt Master Tests-2] INFO  verifyingSideMenuCollapsedLangAsInSettings_18-16-51 - [verifyingSideMenuCollapsedLangAsInSettings_18-16-51] Element found and ready (attempt 1): By.xpath: //yt-multi-page-menu-section-renderer[@class='style-scope ytd-multi-page-menu-renderer']//yt-formatted-string[@id='label' and text()='Nederlands']
18:19:31 [TestNG-test-Yt Master Tests-2] INFO  verifyingSideMenuCollapsedLangAsInSettings_18-16-51 - Clicking settings ellipses button...
18:19:31 [TestNG-test-Yt Master Tests-2] INFO  verifyingSideMenuCollapsedLangAsInSettings_18-16-51 - [verifyingSideMenuCollapsedLangAsInSettings_18-16-51] Trying to find element: By.xpath: //ytd-topbar-menu-button-renderer[@class='style-scope ytd-masthead style-default']
18:19:31 [TestNG-test-Yt Master Tests-2] INFO  verifyingSideMenuCollapsedLangAsInSettings_18-16-51 - [verifyingSideMenuCollapsedLangAsInSettings_18-16-51] Element found and ready (attempt 1): By.xpath: //ytd-topbar-menu-button-renderer[@class='style-scope ytd-masthead style-default']
18:19:32 [TestNG-test-Yt Master Tests-2] INFO  verifyingSideMenuCollapsedLangAsInSettings_18-16-51 - [verifyingSideMenuCollapsedLangAsInSettings_18-16-51] Waiting until element is visible in viewport
18:19:33 [TestNG-test-Yt Master Tests-2] INFO  verifyingSideMenuCollapsedLangAsInSettings_18-16-51 - Clicking settings ellipses button...
18:19:33 [TestNG-test-Yt Master Tests-2] INFO  verifyingSideMenuCollapsedLangAsInSettings_18-16-51 - [verifyingSideMenuCollapsedLangAsInSettings_18-16-51] Trying to find element: By.xpath: //ytd-topbar-menu-button-renderer[@class='style-scope ytd-masthead style-default']
18:19:33 [TestNG-test-Yt Master Tests-2] INFO  verifyingSideMenuCollapsedLangAsInSettings_18-16-51 - [verifyingSideMenuCollapsedLangAsInSettings_18-16-51] Element found and ready (attempt 1): By.xpath: //ytd-topbar-menu-button-renderer[@class='style-scope ytd-masthead style-default']
18:19:33 [TestNG-test-Yt Master Tests-2] INFO  verifyingSideMenuCollapsedLangAsInSettings_18-16-51 - getLangAttribute() - locating <html> and reading lang property
18:19:33 [TestNG-test-Yt Master Tests-2] INFO  verifyingSideMenuCollapsedLangAsInSettings_18-16-51 - Language attribute read: nl-NL
18:19:33 [TestNG-test-Yt Master Tests-2] INFO  verifyingSideMenuCollapsedLangAsInSettings_18-16-51 - Fetching the side menu in collapsed view
18:19:33 [TestNG-test-Yt Master Tests-2] INFO  verifyingSideMenuCollapsedLangAsInSettings_18-16-51 - [verifyingSideMenuCollapsedLangAsInSettings_18-16-51] Finding elements list: By.xpath: //ytd-mini-guide-renderer[@class='style-scope ytd-app']//ytd-mini-guide-entry-renderer
18:19:33 [TestNG-test-Yt Master Tests-2] INFO  verifyingSideMenuCollapsedLangAsInSettings_18-16-51 - [verifyingSideMenuCollapsedLangAsInSettings_18-16-51] Found 4 ready elements (attempt 1): By.xpath: //ytd-mini-guide-renderer[@class='style-scope ytd-app']//ytd-mini-guide-entry-renderer
18:19:34 [TestNG-test-Yt Master Tests-2] INFO  verifyingSideMenuCollapsedLangAsInSettings_18-16-51 - Clicking settings ellipses button...
18:19:34 [TestNG-test-Yt Master Tests-2] INFO  verifyingSideMenuCollapsedLangAsInSettings_18-16-51 - [verifyingSideMenuCollapsedLangAsInSettings_18-16-51] Trying to find element: By.xpath: //ytd-topbar-menu-button-renderer[@class='style-scope ytd-masthead style-default']
18:19:34 [TestNG-test-Yt Master Tests-2] INFO  verifyingSideMenuCollapsedLangAsInSettings_18-16-51 - [verifyingSideMenuCollapsedLangAsInSettings_18-16-51] Element found and ready (attempt 1): By.xpath: //ytd-topbar-menu-button-renderer[@class='style-scope ytd-masthead style-default']
18:19:34 [TestNG-test-Yt Master Tests-2] INFO  verifyingSideMenuCollapsedLangAsInSettings_18-16-51 - Clicking language dropdown...
18:19:34 [TestNG-test-Yt Master Tests-2] INFO  verifyingSideMenuCollapsedLangAsInSettings_18-16-51 - [verifyingSideMenuCollapsedLangAsInSettings_18-16-51] Trying to find element: By.xpath: (//div[@id='content-icon'])[2]
18:19:34 [TestNG-test-Yt Master Tests-2] INFO  verifyingSideMenuCollapsedLangAsInSettings_18-16-51 - [verifyingSideMenuCollapsedLangAsInSettings_18-16-51] Element found and ready (attempt 1): By.xpath: (//div[@id='content-icon'])[2]
18:19:35 [TestNG-test-Yt Master Tests-2] INFO  verifyingSideMenuCollapsedLangAsInSettings_18-16-51 - Looking for language element with name: Polski
18:19:35 [TestNG-test-Yt Master Tests-2] INFO  verifyingSideMenuCollapsedLangAsInSettings_18-16-51 - [verifyingSideMenuCollapsedLangAsInSettings_18-16-51] Trying to find element: By.xpath: //yt-multi-page-menu-section-renderer[@class='style-scope ytd-multi-page-menu-renderer']//yt-formatted-string[@id='label' and text()='Polski']
18:19:35 [TestNG-test-Yt Master Tests-2] INFO  verifyingSideMenuCollapsedLangAsInSettings_18-16-51 - [verifyingSideMenuCollapsedLangAsInSettings_18-16-51] Element found and ready (attempt 1): By.xpath: //yt-multi-page-menu-section-renderer[@class='style-scope ytd-multi-page-menu-renderer']//yt-formatted-string[@id='label' and text()='Polski']
18:19:35 [TestNG-test-Yt Master Tests-2] INFO  verifyingSideMenuCollapsedLangAsInSettings_18-16-51 - [verifyingSideMenuCollapsedLangAsInSettings_18-16-51] Trying to find element: By.xpath: //yt-multi-page-menu-section-renderer[@class='style-scope ytd-multi-page-menu-renderer']//yt-formatted-string[@id='label' and text()='Polski']
18:19:35 [TestNG-test-Yt Master Tests-2] INFO  verifyingSideMenuCollapsedLangAsInSettings_18-16-51 - [verifyingSideMenuCollapsedLangAsInSettings_18-16-51] Element found and ready (attempt 1): By.xpath: //yt-multi-page-menu-section-renderer[@class='style-scope ytd-multi-page-menu-renderer']//yt-formatted-string[@id='label' and text()='Polski']
18:19:38 [TestNG-test-Yt Master Tests-2] INFO  verifyingSideMenuCollapsedLangAsInSettings_18-16-51 - Clicking settings ellipses button...
18:19:38 [TestNG-test-Yt Master Tests-2] INFO  verifyingSideMenuCollapsedLangAsInSettings_18-16-51 - [verifyingSideMenuCollapsedLangAsInSettings_18-16-51] Trying to find element: By.xpath: //ytd-topbar-menu-button-renderer[@class='style-scope ytd-masthead style-default']
18:19:38 [TestNG-test-Yt Master Tests-2] INFO  verifyingSideMenuCollapsedLangAsInSettings_18-16-51 - [verifyingSideMenuCollapsedLangAsInSettings_18-16-51] Element found and ready (attempt 1): By.xpath: //ytd-topbar-menu-button-renderer[@class='style-scope ytd-masthead style-default']
18:19:39 [TestNG-test-Yt Master Tests-2] INFO  verifyingSideMenuCollapsedLangAsInSettings_18-16-51 - [verifyingSideMenuCollapsedLangAsInSettings_18-16-51] Waiting until element is visible in viewport
18:19:39 [TestNG-test-Yt Master Tests-2] INFO  verifyingSideMenuCollapsedLangAsInSettings_18-16-51 - Clicking settings ellipses button...
18:19:39 [TestNG-test-Yt Master Tests-2] INFO  verifyingSideMenuCollapsedLangAsInSettings_18-16-51 - [verifyingSideMenuCollapsedLangAsInSettings_18-16-51] Trying to find element: By.xpath: //ytd-topbar-menu-button-renderer[@class='style-scope ytd-masthead style-default']
18:19:39 [TestNG-test-Yt Master Tests-2] INFO  verifyingSideMenuCollapsedLangAsInSettings_18-16-51 - [verifyingSideMenuCollapsedLangAsInSettings_18-16-51] Element found and ready (attempt 1): By.xpath: //ytd-topbar-menu-button-renderer[@class='style-scope ytd-masthead style-default']
18:19:40 [TestNG-test-Yt Master Tests-2] INFO  verifyingSideMenuCollapsedLangAsInSettings_18-16-51 - getLangAttribute() - locating <html> and reading lang property
18:19:40 [TestNG-test-Yt Master Tests-2] INFO  verifyingSideMenuCollapsedLangAsInSettings_18-16-51 - Language attribute read: pl-PL
18:19:40 [TestNG-test-Yt Master Tests-2] INFO  verifyingSideMenuCollapsedLangAsInSettings_18-16-51 - Fetching the side menu in collapsed view
18:19:40 [TestNG-test-Yt Master Tests-2] INFO  verifyingSideMenuCollapsedLangAsInSettings_18-16-51 - [verifyingSideMenuCollapsedLangAsInSettings_18-16-51] Finding elements list: By.xpath: //ytd-mini-guide-renderer[@class='style-scope ytd-app']//ytd-mini-guide-entry-renderer
18:19:40 [TestNG-test-Yt Master Tests-2] INFO  verifyingSideMenuCollapsedLangAsInSettings_18-16-51 - [verifyingSideMenuCollapsedLangAsInSettings_18-16-51] Found 4 ready elements (attempt 1): By.xpath: //ytd-mini-guide-renderer[@class='style-scope ytd-app']//ytd-mini-guide-entry-renderer
18:19:41 [TestNG-test-Yt Master Tests-2] INFO  verifyingSideMenuCollapsedLangAsInSettings_18-16-51 - Clicking settings ellipses button...
18:19:41 [TestNG-test-Yt Master Tests-2] INFO  verifyingSideMenuCollapsedLangAsInSettings_18-16-51 - [verifyingSideMenuCollapsedLangAsInSettings_18-16-51] Trying to find element: By.xpath: //ytd-topbar-menu-button-renderer[@class='style-scope ytd-masthead style-default']
18:19:41 [TestNG-test-Yt Master Tests-2] INFO  verifyingSideMenuCollapsedLangAsInSettings_18-16-51 - [verifyingSideMenuCollapsedLangAsInSettings_18-16-51] Element found and ready (attempt 1): By.xpath: //ytd-topbar-menu-button-renderer[@class='style-scope ytd-masthead style-default']
18:19:41 [TestNG-test-Yt Master Tests-2] INFO  verifyingSideMenuCollapsedLangAsInSettings_18-16-51 - Clicking language dropdown...
18:19:41 [TestNG-test-Yt Master Tests-2] INFO  verifyingSideMenuCollapsedLangAsInSettings_18-16-51 - [verifyingSideMenuCollapsedLangAsInSettings_18-16-51] Trying to find element: By.xpath: (//div[@id='content-icon'])[2]
18:19:42 [TestNG-test-Yt Master Tests-2] INFO  verifyingSideMenuCollapsedLangAsInSettings_18-16-51 - [verifyingSideMenuCollapsedLangAsInSettings_18-16-51] Element found and ready (attempt 1): By.xpath: (//div[@id='content-icon'])[2]
18:19:42 [TestNG-test-Yt Master Tests-2] INFO  verifyingSideMenuCollapsedLangAsInSettings_18-16-51 - Looking for language element with name: Português
18:19:42 [TestNG-test-Yt Master Tests-2] INFO  verifyingSideMenuCollapsedLangAsInSettings_18-16-51 - [verifyingSideMenuCollapsedLangAsInSettings_18-16-51] Trying to find element: By.xpath: //yt-multi-page-menu-section-renderer[@class='style-scope ytd-multi-page-menu-renderer']//yt-formatted-string[@id='label' and text()='Português']
18:19:42 [TestNG-test-Yt Master Tests-2] INFO  verifyingSideMenuCollapsedLangAsInSettings_18-16-51 - [verifyingSideMenuCollapsedLangAsInSettings_18-16-51] Element found and ready (attempt 1): By.xpath: //yt-multi-page-menu-section-renderer[@class='style-scope ytd-multi-page-menu-renderer']//yt-formatted-string[@id='label' and text()='Português']
18:19:42 [TestNG-test-Yt Master Tests-2] INFO  verifyingSideMenuCollapsedLangAsInSettings_18-16-51 - [verifyingSideMenuCollapsedLangAsInSettings_18-16-51] Trying to find element: By.xpath: //yt-multi-page-menu-section-renderer[@class='style-scope ytd-multi-page-menu-renderer']//yt-formatted-string[@id='label' and text()='Português']
18:19:42 [TestNG-test-Yt Master Tests-2] INFO  verifyingSideMenuCollapsedLangAsInSettings_18-16-51 - [verifyingSideMenuCollapsedLangAsInSettings_18-16-51] Element found and ready (attempt 1): By.xpath: //yt-multi-page-menu-section-renderer[@class='style-scope ytd-multi-page-menu-renderer']//yt-formatted-string[@id='label' and text()='Português']
18:19:44 [TestNG-test-Yt Master Tests-2] INFO  verifyingSideMenuCollapsedLangAsInSettings_18-16-51 - Clicking settings ellipses button...
18:19:44 [TestNG-test-Yt Master Tests-2] INFO  verifyingSideMenuCollapsedLangAsInSettings_18-16-51 - [verifyingSideMenuCollapsedLangAsInSettings_18-16-51] Trying to find element: By.xpath: //ytd-topbar-menu-button-renderer[@class='style-scope ytd-masthead style-default']
18:19:44 [TestNG-test-Yt Master Tests-2] INFO  verifyingSideMenuCollapsedLangAsInSettings_18-16-51 - [verifyingSideMenuCollapsedLangAsInSettings_18-16-51] Element found and ready (attempt 1): By.xpath: //ytd-topbar-menu-button-renderer[@class='style-scope ytd-masthead style-default']
18:19:45 [TestNG-test-Yt Master Tests-2] INFO  verifyingSideMenuCollapsedLangAsInSettings_18-16-51 - [verifyingSideMenuCollapsedLangAsInSettings_18-16-51] Waiting until element is visible in viewport
18:19:46 [TestNG-test-Yt Master Tests-2] INFO  verifyingSideMenuCollapsedLangAsInSettings_18-16-51 - Clicking settings ellipses button...
18:19:46 [TestNG-test-Yt Master Tests-2] INFO  verifyingSideMenuCollapsedLangAsInSettings_18-16-51 - [verifyingSideMenuCollapsedLangAsInSettings_18-16-51] Trying to find element: By.xpath: //ytd-topbar-menu-button-renderer[@class='style-scope ytd-masthead style-default']
18:19:46 [TestNG-test-Yt Master Tests-2] INFO  verifyingSideMenuCollapsedLangAsInSettings_18-16-51 - [verifyingSideMenuCollapsedLangAsInSettings_18-16-51] Element found and ready (attempt 1): By.xpath: //ytd-topbar-menu-button-renderer[@class='style-scope ytd-masthead style-default']
18:19:46 [TestNG-test-Yt Master Tests-2] INFO  verifyingSideMenuCollapsedLangAsInSettings_18-16-51 - getLangAttribute() - locating <html> and reading lang property
18:19:46 [TestNG-test-Yt Master Tests-2] INFO  verifyingSideMenuCollapsedLangAsInSettings_18-16-51 - Language attribute read: pt-PT
18:19:46 [TestNG-test-Yt Master Tests-2] INFO  verifyingSideMenuCollapsedLangAsInSettings_18-16-51 - Fetching the side menu in collapsed view
18:19:46 [TestNG-test-Yt Master Tests-2] INFO  verifyingSideMenuCollapsedLangAsInSettings_18-16-51 - [verifyingSideMenuCollapsedLangAsInSettings_18-16-51] Finding elements list: By.xpath: //ytd-mini-guide-renderer[@class='style-scope ytd-app']//ytd-mini-guide-entry-renderer
18:19:46 [TestNG-test-Yt Master Tests-2] INFO  verifyingSideMenuCollapsedLangAsInSettings_18-16-51 - [verifyingSideMenuCollapsedLangAsInSettings_18-16-51] Found 4 ready elements (attempt 1): By.xpath: //ytd-mini-guide-renderer[@class='style-scope ytd-app']//ytd-mini-guide-entry-renderer
18:19:46 [TestNG-test-Yt Master Tests-2] INFO  verifyingSideMenuCollapsedLangAsInSettings_18-16-51 - Clicking settings ellipses button...
18:19:46 [TestNG-test-Yt Master Tests-2] INFO  verifyingSideMenuCollapsedLangAsInSettings_18-16-51 - [verifyingSideMenuCollapsedLangAsInSettings_18-16-51] Trying to find element: By.xpath: //ytd-topbar-menu-button-renderer[@class='style-scope ytd-masthead style-default']
18:19:46 [TestNG-test-Yt Master Tests-2] INFO  verifyingSideMenuCollapsedLangAsInSettings_18-16-51 - [verifyingSideMenuCollapsedLangAsInSettings_18-16-51] Element found and ready (attempt 1): By.xpath: //ytd-topbar-menu-button-renderer[@class='style-scope ytd-masthead style-default']
18:19:46 [TestNG-test-Yt Master Tests-2] INFO  verifyingSideMenuCollapsedLangAsInSettings_18-16-51 - Clicking language dropdown...
18:19:46 [TestNG-test-Yt Master Tests-2] INFO  verifyingSideMenuCollapsedLangAsInSettings_18-16-51 - [verifyingSideMenuCollapsedLangAsInSettings_18-16-51] Trying to find element: By.xpath: (//div[@id='content-icon'])[2]
18:19:48 [TestNG-test-Yt Master Tests-2] INFO  verifyingSideMenuCollapsedLangAsInSettings_18-16-51 - [verifyingSideMenuCollapsedLangAsInSettings_18-16-51] Element found and ready (attempt 1): By.xpath: (//div[@id='content-icon'])[2]
18:19:49 [TestNG-test-Yt Master Tests-2] INFO  verifyingSideMenuCollapsedLangAsInSettings_18-16-51 - Looking for language element with name: Português (Brasil)
18:19:49 [TestNG-test-Yt Master Tests-2] INFO  verifyingSideMenuCollapsedLangAsInSettings_18-16-51 - [verifyingSideMenuCollapsedLangAsInSettings_18-16-51] Trying to find element: By.xpath: //yt-multi-page-menu-section-renderer[@class='style-scope ytd-multi-page-menu-renderer']//yt-formatted-string[@id='label' and text()='Português (Brasil)']
18:19:49 [TestNG-test-Yt Master Tests-2] INFO  verifyingSideMenuCollapsedLangAsInSettings_18-16-51 - [verifyingSideMenuCollapsedLangAsInSettings_18-16-51] Element found and ready (attempt 1): By.xpath: //yt-multi-page-menu-section-renderer[@class='style-scope ytd-multi-page-menu-renderer']//yt-formatted-string[@id='label' and text()='Português (Brasil)']
18:19:49 [TestNG-test-Yt Master Tests-2] INFO  verifyingSideMenuCollapsedLangAsInSettings_18-16-51 - [verifyingSideMenuCollapsedLangAsInSettings_18-16-51] Trying to find element: By.xpath: //yt-multi-page-menu-section-renderer[@class='style-scope ytd-multi-page-menu-renderer']//yt-formatted-string[@id='label' and text()='Português (Brasil)']
18:19:49 [TestNG-test-Yt Master Tests-2] INFO  verifyingSideMenuCollapsedLangAsInSettings_18-16-51 - [verifyingSideMenuCollapsedLangAsInSettings_18-16-51] Element found and ready (attempt 1): By.xpath: //yt-multi-page-menu-section-renderer[@class='style-scope ytd-multi-page-menu-renderer']//yt-formatted-string[@id='label' and text()='Português (Brasil)']
18:19:51 [TestNG-test-Yt Master Tests-2] INFO  verifyingSideMenuCollapsedLangAsInSettings_18-16-51 - Clicking settings ellipses button...
18:19:52 [TestNG-test-Yt Master Tests-2] INFO  verifyingSideMenuCollapsedLangAsInSettings_18-16-51 - [verifyingSideMenuCollapsedLangAsInSettings_18-16-51] Trying to find element: By.xpath: //ytd-topbar-menu-button-renderer[@class='style-scope ytd-masthead style-default']
18:19:52 [TestNG-test-Yt Master Tests-2] INFO  verifyingSideMenuCollapsedLangAsInSettings_18-16-51 - [verifyingSideMenuCollapsedLangAsInSettings_18-16-51] Element found and ready (attempt 1): By.xpath: //ytd-topbar-menu-button-renderer[@class='style-scope ytd-masthead style-default']
18:19:53 [TestNG-test-Yt Master Tests-2] INFO  verifyingSideMenuCollapsedLangAsInSettings_18-16-51 - [verifyingSideMenuCollapsedLangAsInSettings_18-16-51] Waiting until element is visible in viewport
18:19:53 [TestNG-test-Yt Master Tests-2] INFO  verifyingSideMenuCollapsedLangAsInSettings_18-16-51 - Clicking settings ellipses button...
18:19:53 [TestNG-test-Yt Master Tests-2] INFO  verifyingSideMenuCollapsedLangAsInSettings_18-16-51 - [verifyingSideMenuCollapsedLangAsInSettings_18-16-51] Trying to find element: By.xpath: //ytd-topbar-menu-button-renderer[@class='style-scope ytd-masthead style-default']
18:19:53 [TestNG-test-Yt Master Tests-2] INFO  verifyingSideMenuCollapsedLangAsInSettings_18-16-51 - [verifyingSideMenuCollapsedLangAsInSettings_18-16-51] Element found and ready (attempt 1): By.xpath: //ytd-topbar-menu-button-renderer[@class='style-scope ytd-masthead style-default']
18:19:53 [TestNG-test-Yt Master Tests-2] INFO  verifyingSideMenuCollapsedLangAsInSettings_18-16-51 - getLangAttribute() - locating <html> and reading lang property
18:19:53 [TestNG-test-Yt Master Tests-2] INFO  verifyingSideMenuCollapsedLangAsInSettings_18-16-51 - Language attribute read: pt-BR
18:19:53 [TestNG-test-Yt Master Tests-2] INFO  verifyingSideMenuCollapsedLangAsInSettings_18-16-51 - Fetching the side menu in collapsed view
18:19:53 [TestNG-test-Yt Master Tests-2] INFO  verifyingSideMenuCollapsedLangAsInSettings_18-16-51 - [verifyingSideMenuCollapsedLangAsInSettings_18-16-51] Finding elements list: By.xpath: //ytd-mini-guide-renderer[@class='style-scope ytd-app']//ytd-mini-guide-entry-renderer
18:19:54 [TestNG-test-Yt Master Tests-2] INFO  verifyingSideMenuCollapsedLangAsInSettings_18-16-51 - [verifyingSideMenuCollapsedLangAsInSettings_18-16-51] Found 4 ready elements (attempt 1): By.xpath: //ytd-mini-guide-renderer[@class='style-scope ytd-app']//ytd-mini-guide-entry-renderer
18:19:54 [TestNG-test-Yt Master Tests-2] INFO  verifyingSideMenuCollapsedLangAsInSettings_18-16-51 - Clicking settings ellipses button...
18:19:54 [TestNG-test-Yt Master Tests-2] INFO  verifyingSideMenuCollapsedLangAsInSettings_18-16-51 - [verifyingSideMenuCollapsedLangAsInSettings_18-16-51] Trying to find element: By.xpath: //ytd-topbar-menu-button-renderer[@class='style-scope ytd-masthead style-default']
18:19:54 [TestNG-test-Yt Master Tests-2] INFO  verifyingSideMenuCollapsedLangAsInSettings_18-16-51 - [verifyingSideMenuCollapsedLangAsInSettings_18-16-51] Element found and ready (attempt 1): By.xpath: //ytd-topbar-menu-button-renderer[@class='style-scope ytd-masthead style-default']
18:19:54 [TestNG-test-Yt Master Tests-2] INFO  verifyingSideMenuCollapsedLangAsInSettings_18-16-51 - Clicking language dropdown...
18:19:54 [TestNG-test-Yt Master Tests-2] INFO  verifyingSideMenuCollapsedLangAsInSettings_18-16-51 - [verifyingSideMenuCollapsedLangAsInSettings_18-16-51] Trying to find element: By.xpath: (//div[@id='content-icon'])[2]
18:19:54 [TestNG-test-Yt Master Tests-2] INFO  verifyingSideMenuCollapsedLangAsInSettings_18-16-51 - [verifyingSideMenuCollapsedLangAsInSettings_18-16-51] Element found and ready (attempt 1): By.xpath: (//div[@id='content-icon'])[2]
18:19:55 [TestNG-test-Yt Master Tests-2] INFO  verifyingSideMenuCollapsedLangAsInSettings_18-16-51 - Looking for language element with name: Shqip
18:19:55 [TestNG-test-Yt Master Tests-2] INFO  verifyingSideMenuCollapsedLangAsInSettings_18-16-51 - [verifyingSideMenuCollapsedLangAsInSettings_18-16-51] Trying to find element: By.xpath: //yt-multi-page-menu-section-renderer[@class='style-scope ytd-multi-page-menu-renderer']//yt-formatted-string[@id='label' and text()='Shqip']
18:19:55 [TestNG-test-Yt Master Tests-2] INFO  verifyingSideMenuCollapsedLangAsInSettings_18-16-51 - [verifyingSideMenuCollapsedLangAsInSettings_18-16-51] Element found and ready (attempt 1): By.xpath: //yt-multi-page-menu-section-renderer[@class='style-scope ytd-multi-page-menu-renderer']//yt-formatted-string[@id='label' and text()='Shqip']
18:19:55 [TestNG-test-Yt Master Tests-2] INFO  verifyingSideMenuCollapsedLangAsInSettings_18-16-51 - [verifyingSideMenuCollapsedLangAsInSettings_18-16-51] Trying to find element: By.xpath: //yt-multi-page-menu-section-renderer[@class='style-scope ytd-multi-page-menu-renderer']//yt-formatted-string[@id='label' and text()='Shqip']
18:19:55 [TestNG-test-Yt Master Tests-2] INFO  verifyingSideMenuCollapsedLangAsInSettings_18-16-51 - [verifyingSideMenuCollapsedLangAsInSettings_18-16-51] Element found and ready (attempt 1): By.xpath: //yt-multi-page-menu-section-renderer[@class='style-scope ytd-multi-page-menu-renderer']//yt-formatted-string[@id='label' and text()='Shqip']
18:19:58 [TestNG-test-Yt Master Tests-2] INFO  verifyingSideMenuCollapsedLangAsInSettings_18-16-51 - Clicking settings ellipses button...
18:19:58 [TestNG-test-Yt Master Tests-2] INFO  verifyingSideMenuCollapsedLangAsInSettings_18-16-51 - [verifyingSideMenuCollapsedLangAsInSettings_18-16-51] Trying to find element: By.xpath: //ytd-topbar-menu-button-renderer[@class='style-scope ytd-masthead style-default']
18:19:59 [TestNG-test-Yt Master Tests-2] INFO  verifyingSideMenuCollapsedLangAsInSettings_18-16-51 - [verifyingSideMenuCollapsedLangAsInSettings_18-16-51] Element found and ready (attempt 1): By.xpath: //ytd-topbar-menu-button-renderer[@class='style-scope ytd-masthead style-default']
18:20:00 [TestNG-test-Yt Master Tests-2] INFO  verifyingSideMenuCollapsedLangAsInSettings_18-16-51 - [verifyingSideMenuCollapsedLangAsInSettings_18-16-51] Waiting until element is visible in viewport
18:20:00 [TestNG-test-Yt Master Tests-2] INFO  verifyingSideMenuCollapsedLangAsInSettings_18-16-51 - Clicking settings ellipses button...
18:20:00 [TestNG-test-Yt Master Tests-2] INFO  verifyingSideMenuCollapsedLangAsInSettings_18-16-51 - [verifyingSideMenuCollapsedLangAsInSettings_18-16-51] Trying to find element: By.xpath: //ytd-topbar-menu-button-renderer[@class='style-scope ytd-masthead style-default']
18:20:00 [TestNG-test-Yt Master Tests-2] INFO  verifyingSideMenuCollapsedLangAsInSettings_18-16-51 - [verifyingSideMenuCollapsedLangAsInSettings_18-16-51] Element found and ready (attempt 1): By.xpath: //ytd-topbar-menu-button-renderer[@class='style-scope ytd-masthead style-default']
18:20:00 [TestNG-test-Yt Master Tests-2] INFO  verifyingSideMenuCollapsedLangAsInSettings_18-16-51 - getLangAttribute() - locating <html> and reading lang property
18:20:00 [TestNG-test-Yt Master Tests-2] INFO  verifyingSideMenuCollapsedLangAsInSettings_18-16-51 - Language attribute read: sq-AL
18:20:00 [TestNG-test-Yt Master Tests-2] INFO  verifyingSideMenuCollapsedLangAsInSettings_18-16-51 - Fetching the side menu in collapsed view
18:20:00 [TestNG-test-Yt Master Tests-2] INFO  verifyingSideMenuCollapsedLangAsInSettings_18-16-51 - [verifyingSideMenuCollapsedLangAsInSettings_18-16-51] Finding elements list: By.xpath: //ytd-mini-guide-renderer[@class='style-scope ytd-app']//ytd-mini-guide-entry-renderer
18:20:01 [TestNG-test-Yt Master Tests-2] INFO  verifyingSideMenuCollapsedLangAsInSettings_18-16-51 - [verifyingSideMenuCollapsedLangAsInSettings_18-16-51] Found 4 ready elements (attempt 1): By.xpath: //ytd-mini-guide-renderer[@class='style-scope ytd-app']//ytd-mini-guide-entry-renderer
18:20:01 [TestNG-test-Yt Master Tests-2] INFO  verifyingSideMenuCollapsedLangAsInSettings_18-16-51 - Clicking settings ellipses button...
18:20:01 [TestNG-test-Yt Master Tests-2] INFO  verifyingSideMenuCollapsedLangAsInSettings_18-16-51 - [verifyingSideMenuCollapsedLangAsInSettings_18-16-51] Trying to find element: By.xpath: //ytd-topbar-menu-button-renderer[@class='style-scope ytd-masthead style-default']
18:20:01 [TestNG-test-Yt Master Tests-2] INFO  verifyingSideMenuCollapsedLangAsInSettings_18-16-51 - [verifyingSideMenuCollapsedLangAsInSettings_18-16-51] Element found and ready (attempt 1): By.xpath: //ytd-topbar-menu-button-renderer[@class='style-scope ytd-masthead style-default']
18:20:01 [TestNG-test-Yt Master Tests-2] INFO  verifyingSideMenuCollapsedLangAsInSettings_18-16-51 - Clicking language dropdown...
18:20:01 [TestNG-test-Yt Master Tests-2] INFO  verifyingSideMenuCollapsedLangAsInSettings_18-16-51 - [verifyingSideMenuCollapsedLangAsInSettings_18-16-51] Trying to find element: By.xpath: (//div[@id='content-icon'])[2]
18:20:02 [TestNG-test-Yt Master Tests-2] INFO  verifyingSideMenuCollapsedLangAsInSettings_18-16-51 - [verifyingSideMenuCollapsedLangAsInSettings_18-16-51] Element found and ready (attempt 1): By.xpath: (//div[@id='content-icon'])[2]
18:20:02 [TestNG-test-Yt Master Tests-2] INFO  verifyingSideMenuCollapsedLangAsInSettings_18-16-51 - Looking for language element with name: Slovenščina
18:20:02 [TestNG-test-Yt Master Tests-2] INFO  verifyingSideMenuCollapsedLangAsInSettings_18-16-51 - [verifyingSideMenuCollapsedLangAsInSettings_18-16-51] Trying to find element: By.xpath: //yt-multi-page-menu-section-renderer[@class='style-scope ytd-multi-page-menu-renderer']//yt-formatted-string[@id='label' and text()='Slovenščina']
18:20:03 [TestNG-test-Yt Master Tests-2] INFO  verifyingSideMenuCollapsedLangAsInSettings_18-16-51 - [verifyingSideMenuCollapsedLangAsInSettings_18-16-51] Element found and ready (attempt 1): By.xpath: //yt-multi-page-menu-section-renderer[@class='style-scope ytd-multi-page-menu-renderer']//yt-formatted-string[@id='label' and text()='Slovenščina']
18:20:03 [TestNG-test-Yt Master Tests-2] INFO  verifyingSideMenuCollapsedLangAsInSettings_18-16-51 - [verifyingSideMenuCollapsedLangAsInSettings_18-16-51] Trying to find element: By.xpath: //yt-multi-page-menu-section-renderer[@class='style-scope ytd-multi-page-menu-renderer']//yt-formatted-string[@id='label' and text()='Slovenščina']
18:20:03 [TestNG-test-Yt Master Tests-2] INFO  verifyingSideMenuCollapsedLangAsInSettings_18-16-51 - [verifyingSideMenuCollapsedLangAsInSettings_18-16-51] Element found and ready (attempt 1): By.xpath: //yt-multi-page-menu-section-renderer[@class='style-scope ytd-multi-page-menu-renderer']//yt-formatted-string[@id='label' and text()='Slovenščina']
18:20:07 [TestNG-test-Yt Master Tests-2] INFO  verifyingSideMenuCollapsedLangAsInSettings_18-16-51 - Clicking settings ellipses button...
18:20:07 [TestNG-test-Yt Master Tests-2] INFO  verifyingSideMenuCollapsedLangAsInSettings_18-16-51 - [verifyingSideMenuCollapsedLangAsInSettings_18-16-51] Trying to find element: By.xpath: //ytd-topbar-menu-button-renderer[@class='style-scope ytd-masthead style-default']
18:20:07 [TestNG-test-Yt Master Tests-2] INFO  verifyingSideMenuCollapsedLangAsInSettings_18-16-51 - [verifyingSideMenuCollapsedLangAsInSettings_18-16-51] Element found and ready (attempt 1): By.xpath: //ytd-topbar-menu-button-renderer[@class='style-scope ytd-masthead style-default']
18:20:08 [TestNG-test-Yt Master Tests-2] INFO  verifyingSideMenuCollapsedLangAsInSettings_18-16-51 - [verifyingSideMenuCollapsedLangAsInSettings_18-16-51] Waiting until element is visible in viewport
18:20:09 [TestNG-test-Yt Master Tests-2] INFO  verifyingSideMenuCollapsedLangAsInSettings_18-16-51 - Clicking settings ellipses button...
18:20:09 [TestNG-test-Yt Master Tests-2] INFO  verifyingSideMenuCollapsedLangAsInSettings_18-16-51 - [verifyingSideMenuCollapsedLangAsInSettings_18-16-51] Trying to find element: By.xpath: //ytd-topbar-menu-button-renderer[@class='style-scope ytd-masthead style-default']
18:20:09 [TestNG-test-Yt Master Tests-2] INFO  verifyingSideMenuCollapsedLangAsInSettings_18-16-51 - [verifyingSideMenuCollapsedLangAsInSettings_18-16-51] Element found and ready (attempt 1): By.xpath: //ytd-topbar-menu-button-renderer[@class='style-scope ytd-masthead style-default']
18:20:09 [TestNG-test-Yt Master Tests-2] INFO  verifyingSideMenuCollapsedLangAsInSettings_18-16-51 - getLangAttribute() - locating <html> and reading lang property
18:20:09 [TestNG-test-Yt Master Tests-2] INFO  verifyingSideMenuCollapsedLangAsInSettings_18-16-51 - Language attribute read: sl-SI
18:20:09 [TestNG-test-Yt Master Tests-2] INFO  verifyingSideMenuCollapsedLangAsInSettings_18-16-51 - Fetching the side menu in collapsed view
18:20:09 [TestNG-test-Yt Master Tests-2] INFO  verifyingSideMenuCollapsedLangAsInSettings_18-16-51 - [verifyingSideMenuCollapsedLangAsInSettings_18-16-51] Finding elements list: By.xpath: //ytd-mini-guide-renderer[@class='style-scope ytd-app']//ytd-mini-guide-entry-renderer
18:20:09 [TestNG-test-Yt Master Tests-2] INFO  verifyingSideMenuCollapsedLangAsInSettings_18-16-51 - [verifyingSideMenuCollapsedLangAsInSettings_18-16-51] Found 4 ready elements (attempt 1): By.xpath: //ytd-mini-guide-renderer[@class='style-scope ytd-app']//ytd-mini-guide-entry-renderer
18:20:09 [TestNG-test-Yt Master Tests-2] INFO  verifyingSideMenuCollapsedLangAsInSettings_18-16-51 - Clicking settings ellipses button...
18:20:09 [TestNG-test-Yt Master Tests-2] INFO  verifyingSideMenuCollapsedLangAsInSettings_18-16-51 - [verifyingSideMenuCollapsedLangAsInSettings_18-16-51] Trying to find element: By.xpath: //ytd-topbar-menu-button-renderer[@class='style-scope ytd-masthead style-default']
18:20:09 [TestNG-test-Yt Master Tests-2] INFO  verifyingSideMenuCollapsedLangAsInSettings_18-16-51 - [verifyingSideMenuCollapsedLangAsInSettings_18-16-51] Element found and ready (attempt 1): By.xpath: //ytd-topbar-menu-button-renderer[@class='style-scope ytd-masthead style-default']
18:20:10 [TestNG-test-Yt Master Tests-2] INFO  verifyingSideMenuCollapsedLangAsInSettings_18-16-51 - Clicking language dropdown...
18:20:10 [TestNG-test-Yt Master Tests-2] INFO  verifyingSideMenuCollapsedLangAsInSettings_18-16-51 - [verifyingSideMenuCollapsedLangAsInSettings_18-16-51] Trying to find element: By.xpath: (//div[@id='content-icon'])[2]
18:20:10 [TestNG-test-Yt Master Tests-2] INFO  verifyingSideMenuCollapsedLangAsInSettings_18-16-51 - [verifyingSideMenuCollapsedLangAsInSettings_18-16-51] Element found and ready (attempt 1): By.xpath: (//div[@id='content-icon'])[2]
18:20:11 [TestNG-test-Yt Master Tests-2] INFO  verifyingSideMenuCollapsedLangAsInSettings_18-16-51 - Looking for language element with name: Suomi
18:20:11 [TestNG-test-Yt Master Tests-2] INFO  verifyingSideMenuCollapsedLangAsInSettings_18-16-51 - [verifyingSideMenuCollapsedLangAsInSettings_18-16-51] Trying to find element: By.xpath: //yt-multi-page-menu-section-renderer[@class='style-scope ytd-multi-page-menu-renderer']//yt-formatted-string[@id='label' and text()='Suomi']
18:20:11 [TestNG-test-Yt Master Tests-2] INFO  verifyingSideMenuCollapsedLangAsInSettings_18-16-51 - [verifyingSideMenuCollapsedLangAsInSettings_18-16-51] Element found and ready (attempt 1): By.xpath: //yt-multi-page-menu-section-renderer[@class='style-scope ytd-multi-page-menu-renderer']//yt-formatted-string[@id='label' and text()='Suomi']
18:20:11 [TestNG-test-Yt Master Tests-2] INFO  verifyingSideMenuCollapsedLangAsInSettings_18-16-51 - [verifyingSideMenuCollapsedLangAsInSettings_18-16-51] Trying to find element: By.xpath: //yt-multi-page-menu-section-renderer[@class='style-scope ytd-multi-page-menu-renderer']//yt-formatted-string[@id='label' and text()='Suomi']
18:20:11 [TestNG-test-Yt Master Tests-2] INFO  verifyingSideMenuCollapsedLangAsInSettings_18-16-51 - [verifyingSideMenuCollapsedLangAsInSettings_18-16-51] Element found and ready (attempt 1): By.xpath: //yt-multi-page-menu-section-renderer[@class='style-scope ytd-multi-page-menu-renderer']//yt-formatted-string[@id='label' and text()='Suomi']
18:20:13 [TestNG-test-Yt Master Tests-2] INFO  verifyingSideMenuCollapsedLangAsInSettings_18-16-51 - Clicking settings ellipses button...
18:20:14 [TestNG-test-Yt Master Tests-2] INFO  verifyingSideMenuCollapsedLangAsInSettings_18-16-51 - [verifyingSideMenuCollapsedLangAsInSettings_18-16-51] Trying to find element: By.xpath: //ytd-topbar-menu-button-renderer[@class='style-scope ytd-masthead style-default']
18:20:14 [TestNG-test-Yt Master Tests-2] INFO  verifyingSideMenuCollapsedLangAsInSettings_18-16-51 - [verifyingSideMenuCollapsedLangAsInSettings_18-16-51] Element found and ready (attempt 1): By.xpath: //ytd-topbar-menu-button-renderer[@class='style-scope ytd-masthead style-default']
18:20:14 [TestNG-test-Yt Master Tests-2] INFO  verifyingSideMenuCollapsedLangAsInSettings_18-16-51 - [verifyingSideMenuCollapsedLangAsInSettings_18-16-51] Waiting until element is visible in viewport
18:20:15 [TestNG-test-Yt Master Tests-2] INFO  verifyingSideMenuCollapsedLangAsInSettings_18-16-51 - Clicking settings ellipses button...
18:20:15 [TestNG-test-Yt Master Tests-2] INFO  verifyingSideMenuCollapsedLangAsInSettings_18-16-51 - [verifyingSideMenuCollapsedLangAsInSettings_18-16-51] Trying to find element: By.xpath: //ytd-topbar-menu-button-renderer[@class='style-scope ytd-masthead style-default']
18:20:15 [TestNG-test-Yt Master Tests-2] INFO  verifyingSideMenuCollapsedLangAsInSettings_18-16-51 - [verifyingSideMenuCollapsedLangAsInSettings_18-16-51] Element found and ready (attempt 1): By.xpath: //ytd-topbar-menu-button-renderer[@class='style-scope ytd-masthead style-default']
18:20:15 [TestNG-test-Yt Master Tests-2] INFO  verifyingSideMenuCollapsedLangAsInSettings_18-16-51 - getLangAttribute() - locating <html> and reading lang property
18:20:15 [TestNG-test-Yt Master Tests-2] INFO  verifyingSideMenuCollapsedLangAsInSettings_18-16-51 - Language attribute read: fi-FI
18:20:15 [TestNG-test-Yt Master Tests-2] INFO  verifyingSideMenuCollapsedLangAsInSettings_18-16-51 - Fetching the side menu in collapsed view
18:20:15 [TestNG-test-Yt Master Tests-2] INFO  verifyingSideMenuCollapsedLangAsInSettings_18-16-51 - [verifyingSideMenuCollapsedLangAsInSettings_18-16-51] Finding elements list: By.xpath: //ytd-mini-guide-renderer[@class='style-scope ytd-app']//ytd-mini-guide-entry-renderer
18:20:15 [TestNG-test-Yt Master Tests-2] INFO  verifyingSideMenuCollapsedLangAsInSettings_18-16-51 - [verifyingSideMenuCollapsedLangAsInSettings_18-16-51] Found 4 ready elements (attempt 1): By.xpath: //ytd-mini-guide-renderer[@class='style-scope ytd-app']//ytd-mini-guide-entry-renderer
18:20:16 [TestNG-test-Yt Master Tests-2] INFO  verifyingSideMenuCollapsedLangAsInSettings_18-16-51 - Clicking settings ellipses button...
18:20:16 [TestNG-test-Yt Master Tests-2] INFO  verifyingSideMenuCollapsedLangAsInSettings_18-16-51 - [verifyingSideMenuCollapsedLangAsInSettings_18-16-51] Trying to find element: By.xpath: //ytd-topbar-menu-button-renderer[@class='style-scope ytd-masthead style-default']
18:20:16 [TestNG-test-Yt Master Tests-2] INFO  verifyingSideMenuCollapsedLangAsInSettings_18-16-51 - [verifyingSideMenuCollapsedLangAsInSettings_18-16-51] Element found and ready (attempt 1): By.xpath: //ytd-topbar-menu-button-renderer[@class='style-scope ytd-masthead style-default']
18:20:16 [TestNG-test-Yt Master Tests-2] INFO  verifyingSideMenuCollapsedLangAsInSettings_18-16-51 - Clicking language dropdown...
18:20:16 [TestNG-test-Yt Master Tests-2] INFO  verifyingSideMenuCollapsedLangAsInSettings_18-16-51 - [verifyingSideMenuCollapsedLangAsInSettings_18-16-51] Trying to find element: By.xpath: (//div[@id='content-icon'])[2]
18:20:16 [TestNG-test-Yt Master Tests-2] INFO  verifyingSideMenuCollapsedLangAsInSettings_18-16-51 - [verifyingSideMenuCollapsedLangAsInSettings_18-16-51] Element found and ready (attempt 1): By.xpath: (//div[@id='content-icon'])[2]
18:20:17 [TestNG-test-Yt Master Tests-2] INFO  verifyingSideMenuCollapsedLangAsInSettings_18-16-51 - Looking for language element with name: Svenska
18:20:17 [TestNG-test-Yt Master Tests-2] INFO  verifyingSideMenuCollapsedLangAsInSettings_18-16-51 - [verifyingSideMenuCollapsedLangAsInSettings_18-16-51] Trying to find element: By.xpath: //yt-multi-page-menu-section-renderer[@class='style-scope ytd-multi-page-menu-renderer']//yt-formatted-string[@id='label' and text()='Svenska']
18:20:17 [TestNG-test-Yt Master Tests-2] INFO  verifyingSideMenuCollapsedLangAsInSettings_18-16-51 - [verifyingSideMenuCollapsedLangAsInSettings_18-16-51] Element found and ready (attempt 1): By.xpath: //yt-multi-page-menu-section-renderer[@class='style-scope ytd-multi-page-menu-renderer']//yt-formatted-string[@id='label' and text()='Svenska']
18:20:17 [TestNG-test-Yt Master Tests-2] INFO  verifyingSideMenuCollapsedLangAsInSettings_18-16-51 - [verifyingSideMenuCollapsedLangAsInSettings_18-16-51] Trying to find element: By.xpath: //yt-multi-page-menu-section-renderer[@class='style-scope ytd-multi-page-menu-renderer']//yt-formatted-string[@id='label' and text()='Svenska']
18:20:17 [TestNG-test-Yt Master Tests-2] INFO  verifyingSideMenuCollapsedLangAsInSettings_18-16-51 - [verifyingSideMenuCollapsedLangAsInSettings_18-16-51] Element found and ready (attempt 1): By.xpath: //yt-multi-page-menu-section-renderer[@class='style-scope ytd-multi-page-menu-renderer']//yt-formatted-string[@id='label' and text()='Svenska']
18:20:20 [TestNG-test-Yt Master Tests-2] INFO  verifyingSideMenuCollapsedLangAsInSettings_18-16-51 - Clicking settings ellipses button...
18:20:20 [TestNG-test-Yt Master Tests-2] INFO  verifyingSideMenuCollapsedLangAsInSettings_18-16-51 - [verifyingSideMenuCollapsedLangAsInSettings_18-16-51] Trying to find element: By.xpath: //ytd-topbar-menu-button-renderer[@class='style-scope ytd-masthead style-default']
18:20:20 [TestNG-test-Yt Master Tests-2] INFO  verifyingSideMenuCollapsedLangAsInSettings_18-16-51 - [verifyingSideMenuCollapsedLangAsInSettings_18-16-51] Element found and ready (attempt 1): By.xpath: //ytd-topbar-menu-button-renderer[@class='style-scope ytd-masthead style-default']
18:20:21 [TestNG-test-Yt Master Tests-2] INFO  verifyingSideMenuCollapsedLangAsInSettings_18-16-51 - [verifyingSideMenuCollapsedLangAsInSettings_18-16-51] Waiting until element is visible in viewport
18:20:22 [TestNG-test-Yt Master Tests-2] INFO  verifyingSideMenuCollapsedLangAsInSettings_18-16-51 - Clicking settings ellipses button...
18:20:22 [TestNG-test-Yt Master Tests-2] INFO  verifyingSideMenuCollapsedLangAsInSettings_18-16-51 - [verifyingSideMenuCollapsedLangAsInSettings_18-16-51] Trying to find element: By.xpath: //ytd-topbar-menu-button-renderer[@class='style-scope ytd-masthead style-default']
18:20:22 [TestNG-test-Yt Master Tests-2] INFO  verifyingSideMenuCollapsedLangAsInSettings_18-16-51 - [verifyingSideMenuCollapsedLangAsInSettings_18-16-51] Element found and ready (attempt 1): By.xpath: //ytd-topbar-menu-button-renderer[@class='style-scope ytd-masthead style-default']
18:20:23 [TestNG-test-Yt Master Tests-2] INFO  verifyingSideMenuCollapsedLangAsInSettings_18-16-51 - getLangAttribute() - locating <html> and reading lang property
18:20:23 [TestNG-test-Yt Master Tests-2] INFO  verifyingSideMenuCollapsedLangAsInSettings_18-16-51 - Language attribute read: sv-SE
18:20:23 [TestNG-test-Yt Master Tests-2] INFO  verifyingSideMenuCollapsedLangAsInSettings_18-16-51 - Fetching the side menu in collapsed view
18:20:23 [TestNG-test-Yt Master Tests-2] INFO  verifyingSideMenuCollapsedLangAsInSettings_18-16-51 - [verifyingSideMenuCollapsedLangAsInSettings_18-16-51] Finding elements list: By.xpath: //ytd-mini-guide-renderer[@class='style-scope ytd-app']//ytd-mini-guide-entry-renderer
18:20:23 [TestNG-test-Yt Master Tests-2] INFO  verifyingSideMenuCollapsedLangAsInSettings_18-16-51 - [verifyingSideMenuCollapsedLangAsInSettings_18-16-51] Found 4 ready elements (attempt 1): By.xpath: //ytd-mini-guide-renderer[@class='style-scope ytd-app']//ytd-mini-guide-entry-renderer
18:20:24 [TestNG-test-Yt Master Tests-2] INFO  verifyingSideMenuCollapsedLangAsInSettings_18-16-51 - Clicking settings ellipses button...
18:20:24 [TestNG-test-Yt Master Tests-2] INFO  verifyingSideMenuCollapsedLangAsInSettings_18-16-51 - [verifyingSideMenuCollapsedLangAsInSettings_18-16-51] Trying to find element: By.xpath: //ytd-topbar-menu-button-renderer[@class='style-scope ytd-masthead style-default']
18:20:24 [TestNG-test-Yt Master Tests-2] INFO  verifyingSideMenuCollapsedLangAsInSettings_18-16-51 - [verifyingSideMenuCollapsedLangAsInSettings_18-16-51] Element found and ready (attempt 1): By.xpath: //ytd-topbar-menu-button-renderer[@class='style-scope ytd-masthead style-default']
18:20:24 [TestNG-test-Yt Master Tests-2] INFO  verifyingSideMenuCollapsedLangAsInSettings_18-16-51 - Clicking language dropdown...
18:20:24 [TestNG-test-Yt Master Tests-2] INFO  verifyingSideMenuCollapsedLangAsInSettings_18-16-51 - [verifyingSideMenuCollapsedLangAsInSettings_18-16-51] Trying to find element: By.xpath: (//div[@id='content-icon'])[2]
18:20:25 [TestNG-test-Yt Master Tests-2] INFO  verifyingSideMenuCollapsedLangAsInSettings_18-16-51 - [verifyingSideMenuCollapsedLangAsInSettings_18-16-51] Element found and ready (attempt 1): By.xpath: (//div[@id='content-icon'])[2]
18:20:25 [TestNG-test-Yt Master Tests-2] INFO  verifyingSideMenuCollapsedLangAsInSettings_18-16-51 - Looking for language element with name: Tiếng Việt
18:20:25 [TestNG-test-Yt Master Tests-2] INFO  verifyingSideMenuCollapsedLangAsInSettings_18-16-51 - [verifyingSideMenuCollapsedLangAsInSettings_18-16-51] Trying to find element: By.xpath: //yt-multi-page-menu-section-renderer[@class='style-scope ytd-multi-page-menu-renderer']//yt-formatted-string[@id='label' and text()='Tiếng Việt']
18:20:25 [TestNG-test-Yt Master Tests-2] INFO  verifyingSideMenuCollapsedLangAsInSettings_18-16-51 - [verifyingSideMenuCollapsedLangAsInSettings_18-16-51] Element found and ready (attempt 1): By.xpath: //yt-multi-page-menu-section-renderer[@class='style-scope ytd-multi-page-menu-renderer']//yt-formatted-string[@id='label' and text()='Tiếng Việt']
18:20:25 [TestNG-test-Yt Master Tests-2] INFO  verifyingSideMenuCollapsedLangAsInSettings_18-16-51 - [verifyingSideMenuCollapsedLangAsInSettings_18-16-51] Trying to find element: By.xpath: //yt-multi-page-menu-section-renderer[@class='style-scope ytd-multi-page-menu-renderer']//yt-formatted-string[@id='label' and text()='Tiếng Việt']
18:20:25 [TestNG-test-Yt Master Tests-2] INFO  verifyingSideMenuCollapsedLangAsInSettings_18-16-51 - [verifyingSideMenuCollapsedLangAsInSettings_18-16-51] Element found and ready (attempt 1): By.xpath: //yt-multi-page-menu-section-renderer[@class='style-scope ytd-multi-page-menu-renderer']//yt-formatted-string[@id='label' and text()='Tiếng Việt']
18:20:27 [TestNG-test-Yt Master Tests-2] INFO  verifyingSideMenuCollapsedLangAsInSettings_18-16-51 - Clicking settings ellipses button...
18:20:27 [TestNG-test-Yt Master Tests-2] INFO  verifyingSideMenuCollapsedLangAsInSettings_18-16-51 - [verifyingSideMenuCollapsedLangAsInSettings_18-16-51] Trying to find element: By.xpath: //ytd-topbar-menu-button-renderer[@class='style-scope ytd-masthead style-default']
18:20:28 [TestNG-test-Yt Master Tests-2] INFO  verifyingSideMenuCollapsedLangAsInSettings_18-16-51 - [verifyingSideMenuCollapsedLangAsInSettings_18-16-51] Element found and ready (attempt 1): By.xpath: //ytd-topbar-menu-button-renderer[@class='style-scope ytd-masthead style-default']
18:20:28 [TestNG-test-Yt Master Tests-2] INFO  verifyingSideMenuCollapsedLangAsInSettings_18-16-51 - [verifyingSideMenuCollapsedLangAsInSettings_18-16-51] Waiting until element is visible in viewport
18:20:29 [TestNG-test-Yt Master Tests-2] INFO  verifyingSideMenuCollapsedLangAsInSettings_18-16-51 - Clicking settings ellipses button...
18:20:29 [TestNG-test-Yt Master Tests-2] INFO  verifyingSideMenuCollapsedLangAsInSettings_18-16-51 - [verifyingSideMenuCollapsedLangAsInSettings_18-16-51] Trying to find element: By.xpath: //ytd-topbar-menu-button-renderer[@class='style-scope ytd-masthead style-default']
18:20:29 [TestNG-test-Yt Master Tests-2] INFO  verifyingSideMenuCollapsedLangAsInSettings_18-16-51 - [verifyingSideMenuCollapsedLangAsInSettings_18-16-51] Element found and ready (attempt 1): By.xpath: //ytd-topbar-menu-button-renderer[@class='style-scope ytd-masthead style-default']
18:20:29 [TestNG-test-Yt Master Tests-2] INFO  verifyingSideMenuCollapsedLangAsInSettings_18-16-51 - getLangAttribute() - locating <html> and reading lang property
18:20:29 [TestNG-test-Yt Master Tests-2] INFO  verifyingSideMenuCollapsedLangAsInSettings_18-16-51 - Language attribute read: vi-VN
18:20:29 [TestNG-test-Yt Master Tests-2] INFO  verifyingSideMenuCollapsedLangAsInSettings_18-16-51 - Fetching the side menu in collapsed view
18:20:29 [TestNG-test-Yt Master Tests-2] INFO  verifyingSideMenuCollapsedLangAsInSettings_18-16-51 - [verifyingSideMenuCollapsedLangAsInSettings_18-16-51] Finding elements list: By.xpath: //ytd-mini-guide-renderer[@class='style-scope ytd-app']//ytd-mini-guide-entry-renderer
18:20:29 [TestNG-test-Yt Master Tests-2] INFO  verifyingSideMenuCollapsedLangAsInSettings_18-16-51 - [verifyingSideMenuCollapsedLangAsInSettings_18-16-51] Found 4 ready elements (attempt 1): By.xpath: //ytd-mini-guide-renderer[@class='style-scope ytd-app']//ytd-mini-guide-entry-renderer
18:20:29 [TestNG-test-Yt Master Tests-2] INFO  verifyingSideMenuCollapsedLangAsInSettings_18-16-51 - Clicking settings ellipses button...
18:20:29 [TestNG-test-Yt Master Tests-2] INFO  verifyingSideMenuCollapsedLangAsInSettings_18-16-51 - [verifyingSideMenuCollapsedLangAsInSettings_18-16-51] Trying to find element: By.xpath: //ytd-topbar-menu-button-renderer[@class='style-scope ytd-masthead style-default']
18:20:29 [TestNG-test-Yt Master Tests-2] INFO  verifyingSideMenuCollapsedLangAsInSettings_18-16-51 - [verifyingSideMenuCollapsedLangAsInSettings_18-16-51] Element found and ready (attempt 1): By.xpath: //ytd-topbar-menu-button-renderer[@class='style-scope ytd-masthead style-default']
18:20:29 [TestNG-test-Yt Master Tests-2] INFO  verifyingSideMenuCollapsedLangAsInSettings_18-16-51 - Clicking language dropdown...
18:20:29 [TestNG-test-Yt Master Tests-2] INFO  verifyingSideMenuCollapsedLangAsInSettings_18-16-51 - [verifyingSideMenuCollapsedLangAsInSettings_18-16-51] Trying to find element: By.xpath: (//div[@id='content-icon'])[2]
18:20:30 [TestNG-test-Yt Master Tests-2] INFO  verifyingSideMenuCollapsedLangAsInSettings_18-16-51 - [verifyingSideMenuCollapsedLangAsInSettings_18-16-51] Element found and ready (attempt 1): By.xpath: (//div[@id='content-icon'])[2]
18:20:31 [TestNG-test-Yt Master Tests-2] INFO  verifyingSideMenuCollapsedLangAsInSettings_18-16-51 - Looking for language element with name: Türkçe
18:20:31 [TestNG-test-Yt Master Tests-2] INFO  verifyingSideMenuCollapsedLangAsInSettings_18-16-51 - [verifyingSideMenuCollapsedLangAsInSettings_18-16-51] Trying to find element: By.xpath: //yt-multi-page-menu-section-renderer[@class='style-scope ytd-multi-page-menu-renderer']//yt-formatted-string[@id='label' and text()='Türkçe']
18:20:31 [TestNG-test-Yt Master Tests-2] INFO  verifyingSideMenuCollapsedLangAsInSettings_18-16-51 - [verifyingSideMenuCollapsedLangAsInSettings_18-16-51] Element found and ready (attempt 1): By.xpath: //yt-multi-page-menu-section-renderer[@class='style-scope ytd-multi-page-menu-renderer']//yt-formatted-string[@id='label' and text()='Türkçe']
18:20:31 [TestNG-test-Yt Master Tests-2] INFO  verifyingSideMenuCollapsedLangAsInSettings_18-16-51 - [verifyingSideMenuCollapsedLangAsInSettings_18-16-51] Trying to find element: By.xpath: //yt-multi-page-menu-section-renderer[@class='style-scope ytd-multi-page-menu-renderer']//yt-formatted-string[@id='label' and text()='Türkçe']
18:20:31 [TestNG-test-Yt Master Tests-2] INFO  verifyingSideMenuCollapsedLangAsInSettings_18-16-51 - [verifyingSideMenuCollapsedLangAsInSettings_18-16-51] Element found and ready (attempt 1): By.xpath: //yt-multi-page-menu-section-renderer[@class='style-scope ytd-multi-page-menu-renderer']//yt-formatted-string[@id='label' and text()='Türkçe']
18:20:34 [TestNG-test-Yt Master Tests-2] INFO  verifyingSideMenuCollapsedLangAsInSettings_18-16-51 - Clicking settings ellipses button...
18:20:34 [TestNG-test-Yt Master Tests-2] INFO  verifyingSideMenuCollapsedLangAsInSettings_18-16-51 - [verifyingSideMenuCollapsedLangAsInSettings_18-16-51] Trying to find element: By.xpath: //ytd-topbar-menu-button-renderer[@class='style-scope ytd-masthead style-default']
18:20:34 [TestNG-test-Yt Master Tests-2] INFO  verifyingSideMenuCollapsedLangAsInSettings_18-16-51 - [verifyingSideMenuCollapsedLangAsInSettings_18-16-51] Element found and ready (attempt 1): By.xpath: //ytd-topbar-menu-button-renderer[@class='style-scope ytd-masthead style-default']
18:20:35 [TestNG-test-Yt Master Tests-2] INFO  verifyingSideMenuCollapsedLangAsInSettings_18-16-51 - [verifyingSideMenuCollapsedLangAsInSettings_18-16-51] Waiting until element is visible in viewport
18:20:35 [TestNG-test-Yt Master Tests-2] INFO  verifyingSideMenuCollapsedLangAsInSettings_18-16-51 - Clicking settings ellipses button...
18:20:35 [TestNG-test-Yt Master Tests-2] INFO  verifyingSideMenuCollapsedLangAsInSettings_18-16-51 - [verifyingSideMenuCollapsedLangAsInSettings_18-16-51] Trying to find element: By.xpath: //ytd-topbar-menu-button-renderer[@class='style-scope ytd-masthead style-default']
18:20:36 [TestNG-test-Yt Master Tests-2] INFO  verifyingSideMenuCollapsedLangAsInSettings_18-16-51 - [verifyingSideMenuCollapsedLangAsInSettings_18-16-51] Element found and ready (attempt 1): By.xpath: //ytd-topbar-menu-button-renderer[@class='style-scope ytd-masthead style-default']
18:20:36 [TestNG-test-Yt Master Tests-2] INFO  verifyingSideMenuCollapsedLangAsInSettings_18-16-51 - getLangAttribute() - locating <html> and reading lang property
18:20:36 [TestNG-test-Yt Master Tests-2] INFO  verifyingSideMenuCollapsedLangAsInSettings_18-16-51 - Language attribute read: tr-TR
18:20:36 [TestNG-test-Yt Master Tests-2] INFO  verifyingSideMenuCollapsedLangAsInSettings_18-16-51 - Fetching the side menu in collapsed view
18:20:36 [TestNG-test-Yt Master Tests-2] INFO  verifyingSideMenuCollapsedLangAsInSettings_18-16-51 - [verifyingSideMenuCollapsedLangAsInSettings_18-16-51] Finding elements list: By.xpath: //ytd-mini-guide-renderer[@class='style-scope ytd-app']//ytd-mini-guide-entry-renderer
18:20:36 [TestNG-test-Yt Master Tests-2] INFO  verifyingSideMenuCollapsedLangAsInSettings_18-16-51 - [verifyingSideMenuCollapsedLangAsInSettings_18-16-51] Found 4 ready elements (attempt 1): By.xpath: //ytd-mini-guide-renderer[@class='style-scope ytd-app']//ytd-mini-guide-entry-renderer
18:20:36 [TestNG-test-Yt Master Tests-2] INFO  verifyingSideMenuCollapsedLangAsInSettings_18-16-51 - Clicking settings ellipses button...
18:20:36 [TestNG-test-Yt Master Tests-2] INFO  verifyingSideMenuCollapsedLangAsInSettings_18-16-51 - [verifyingSideMenuCollapsedLangAsInSettings_18-16-51] Trying to find element: By.xpath: //ytd-topbar-menu-button-renderer[@class='style-scope ytd-masthead style-default']
18:20:36 [TestNG-test-Yt Master Tests-2] INFO  verifyingSideMenuCollapsedLangAsInSettings_18-16-51 - [verifyingSideMenuCollapsedLangAsInSettings_18-16-51] Element found and ready (attempt 1): By.xpath: //ytd-topbar-menu-button-renderer[@class='style-scope ytd-masthead style-default']
18:20:37 [TestNG-test-Yt Master Tests-2] INFO  verifyingSideMenuCollapsedLangAsInSettings_18-16-51 - Clicking language dropdown...
18:20:37 [TestNG-test-Yt Master Tests-2] INFO  verifyingSideMenuCollapsedLangAsInSettings_18-16-51 - [verifyingSideMenuCollapsedLangAsInSettings_18-16-51] Trying to find element: By.xpath: (//div[@id='content-icon'])[2]
18:20:37 [TestNG-test-Yt Master Tests-2] INFO  verifyingSideMenuCollapsedLangAsInSettings_18-16-51 - [verifyingSideMenuCollapsedLangAsInSettings_18-16-51] Element found and ready (attempt 1): By.xpath: (//div[@id='content-icon'])[2]
18:20:38 [TestNG-test-Yt Master Tests-2] INFO  verifyingSideMenuCollapsedLangAsInSettings_18-16-51 - Looking for language element with name: Беларуская
18:20:38 [TestNG-test-Yt Master Tests-2] INFO  verifyingSideMenuCollapsedLangAsInSettings_18-16-51 - [verifyingSideMenuCollapsedLangAsInSettings_18-16-51] Trying to find element: By.xpath: //yt-multi-page-menu-section-renderer[@class='style-scope ytd-multi-page-menu-renderer']//yt-formatted-string[@id='label' and text()='Беларуская']
18:20:38 [TestNG-test-Yt Master Tests-2] INFO  verifyingSideMenuCollapsedLangAsInSettings_18-16-51 - [verifyingSideMenuCollapsedLangAsInSettings_18-16-51] Element found and ready (attempt 1): By.xpath: //yt-multi-page-menu-section-renderer[@class='style-scope ytd-multi-page-menu-renderer']//yt-formatted-string[@id='label' and text()='Беларуская']
18:20:38 [TestNG-test-Yt Master Tests-2] INFO  verifyingSideMenuCollapsedLangAsInSettings_18-16-51 - [verifyingSideMenuCollapsedLangAsInSettings_18-16-51] Trying to find element: By.xpath: //yt-multi-page-menu-section-renderer[@class='style-scope ytd-multi-page-menu-renderer']//yt-formatted-string[@id='label' and text()='Беларуская']
18:20:38 [TestNG-test-Yt Master Tests-2] INFO  verifyingSideMenuCollapsedLangAsInSettings_18-16-51 - [verifyingSideMenuCollapsedLangAsInSettings_18-16-51] Element found and ready (attempt 1): By.xpath: //yt-multi-page-menu-section-renderer[@class='style-scope ytd-multi-page-menu-renderer']//yt-formatted-string[@id='label' and text()='Беларуская']
18:20:40 [TestNG-test-Yt Master Tests-2] INFO  verifyingSideMenuCollapsedLangAsInSettings_18-16-51 - Clicking settings ellipses button...
18:20:41 [TestNG-test-Yt Master Tests-2] INFO  verifyingSideMenuCollapsedLangAsInSettings_18-16-51 - [verifyingSideMenuCollapsedLangAsInSettings_18-16-51] Trying to find element: By.xpath: //ytd-topbar-menu-button-renderer[@class='style-scope ytd-masthead style-default']
18:20:41 [TestNG-test-Yt Master Tests-2] INFO  verifyingSideMenuCollapsedLangAsInSettings_18-16-51 - [verifyingSideMenuCollapsedLangAsInSettings_18-16-51] Element found and ready (attempt 1): By.xpath: //ytd-topbar-menu-button-renderer[@class='style-scope ytd-masthead style-default']
18:20:42 [TestNG-test-Yt Master Tests-2] INFO  verifyingSideMenuCollapsedLangAsInSettings_18-16-51 - [verifyingSideMenuCollapsedLangAsInSettings_18-16-51] Waiting until element is visible in viewport
18:20:42 [TestNG-test-Yt Master Tests-2] INFO  verifyingSideMenuCollapsedLangAsInSettings_18-16-51 - Clicking settings ellipses button...
18:20:42 [TestNG-test-Yt Master Tests-2] INFO  verifyingSideMenuCollapsedLangAsInSettings_18-16-51 - [verifyingSideMenuCollapsedLangAsInSettings_18-16-51] Trying to find element: By.xpath: //ytd-topbar-menu-button-renderer[@class='style-scope ytd-masthead style-default']
18:20:43 [TestNG-test-Yt Master Tests-2] INFO  verifyingSideMenuCollapsedLangAsInSettings_18-16-51 - [verifyingSideMenuCollapsedLangAsInSettings_18-16-51] Element found and ready (attempt 1): By.xpath: //ytd-topbar-menu-button-renderer[@class='style-scope ytd-masthead style-default']
18:20:43 [TestNG-test-Yt Master Tests-2] INFO  verifyingSideMenuCollapsedLangAsInSettings_18-16-51 - getLangAttribute() - locating <html> and reading lang property
18:20:43 [TestNG-test-Yt Master Tests-2] INFO  verifyingSideMenuCollapsedLangAsInSettings_18-16-51 - Language attribute read: be-BY
18:20:43 [TestNG-test-Yt Master Tests-2] INFO  verifyingSideMenuCollapsedLangAsInSettings_18-16-51 - Fetching the side menu in collapsed view
18:20:43 [TestNG-test-Yt Master Tests-2] INFO  verifyingSideMenuCollapsedLangAsInSettings_18-16-51 - [verifyingSideMenuCollapsedLangAsInSettings_18-16-51] Finding elements list: By.xpath: //ytd-mini-guide-renderer[@class='style-scope ytd-app']//ytd-mini-guide-entry-renderer
18:20:43 [TestNG-test-Yt Master Tests-2] INFO  verifyingSideMenuCollapsedLangAsInSettings_18-16-51 - [verifyingSideMenuCollapsedLangAsInSettings_18-16-51] Found 4 ready elements (attempt 1): By.xpath: //ytd-mini-guide-renderer[@class='style-scope ytd-app']//ytd-mini-guide-entry-renderer
18:20:43 [TestNG-test-Yt Master Tests-2] INFO  verifyingSideMenuCollapsedLangAsInSettings_18-16-51 - Clicking settings ellipses button...
18:20:43 [TestNG-test-Yt Master Tests-2] INFO  verifyingSideMenuCollapsedLangAsInSettings_18-16-51 - [verifyingSideMenuCollapsedLangAsInSettings_18-16-51] Trying to find element: By.xpath: //ytd-topbar-menu-button-renderer[@class='style-scope ytd-masthead style-default']
18:20:43 [TestNG-test-Yt Master Tests-2] INFO  verifyingSideMenuCollapsedLangAsInSettings_18-16-51 - [verifyingSideMenuCollapsedLangAsInSettings_18-16-51] Element found and ready (attempt 1): By.xpath: //ytd-topbar-menu-button-renderer[@class='style-scope ytd-masthead style-default']
18:20:43 [TestNG-test-Yt Master Tests-2] INFO  verifyingSideMenuCollapsedLangAsInSettings_18-16-51 - Clicking language dropdown...
18:20:43 [TestNG-test-Yt Master Tests-2] INFO  verifyingSideMenuCollapsedLangAsInSettings_18-16-51 - [verifyingSideMenuCollapsedLangAsInSettings_18-16-51] Trying to find element: By.xpath: (//div[@id='content-icon'])[2]
18:20:44 [TestNG-test-Yt Master Tests-2] INFO  verifyingSideMenuCollapsedLangAsInSettings_18-16-51 - [verifyingSideMenuCollapsedLangAsInSettings_18-16-51] Element found and ready (attempt 1): By.xpath: (//div[@id='content-icon'])[2]
18:20:44 [TestNG-test-Yt Master Tests-2] INFO  verifyingSideMenuCollapsedLangAsInSettings_18-16-51 - Looking for language element with name: Български
18:20:44 [TestNG-test-Yt Master Tests-2] INFO  verifyingSideMenuCollapsedLangAsInSettings_18-16-51 - [verifyingSideMenuCollapsedLangAsInSettings_18-16-51] Trying to find element: By.xpath: //yt-multi-page-menu-section-renderer[@class='style-scope ytd-multi-page-menu-renderer']//yt-formatted-string[@id='label' and text()='Български']
18:20:45 [TestNG-test-Yt Master Tests-2] INFO  verifyingSideMenuCollapsedLangAsInSettings_18-16-51 - [verifyingSideMenuCollapsedLangAsInSettings_18-16-51] Element found and ready (attempt 1): By.xpath: //yt-multi-page-menu-section-renderer[@class='style-scope ytd-multi-page-menu-renderer']//yt-formatted-string[@id='label' and text()='Български']
18:20:45 [TestNG-test-Yt Master Tests-2] INFO  verifyingSideMenuCollapsedLangAsInSettings_18-16-51 - [verifyingSideMenuCollapsedLangAsInSettings_18-16-51] Trying to find element: By.xpath: //yt-multi-page-menu-section-renderer[@class='style-scope ytd-multi-page-menu-renderer']//yt-formatted-string[@id='label' and text()='Български']
18:20:45 [TestNG-test-Yt Master Tests-2] INFO  verifyingSideMenuCollapsedLangAsInSettings_18-16-51 - [verifyingSideMenuCollapsedLangAsInSettings_18-16-51] Element found and ready (attempt 1): By.xpath: //yt-multi-page-menu-section-renderer[@class='style-scope ytd-multi-page-menu-renderer']//yt-formatted-string[@id='label' and text()='Български']
18:20:48 [TestNG-test-Yt Master Tests-2] INFO  verifyingSideMenuCollapsedLangAsInSettings_18-16-51 - Clicking settings ellipses button...
18:20:48 [TestNG-test-Yt Master Tests-2] INFO  verifyingSideMenuCollapsedLangAsInSettings_18-16-51 - [verifyingSideMenuCollapsedLangAsInSettings_18-16-51] Trying to find element: By.xpath: //ytd-topbar-menu-button-renderer[@class='style-scope ytd-masthead style-default']
18:20:48 [TestNG-test-Yt Master Tests-2] INFO  verifyingSideMenuCollapsedLangAsInSettings_18-16-51 - [verifyingSideMenuCollapsedLangAsInSettings_18-16-51] Element found and ready (attempt 1): By.xpath: //ytd-topbar-menu-button-renderer[@class='style-scope ytd-masthead style-default']
18:20:49 [TestNG-test-Yt Master Tests-2] INFO  verifyingSideMenuCollapsedLangAsInSettings_18-16-51 - [verifyingSideMenuCollapsedLangAsInSettings_18-16-51] Waiting until element is visible in viewport
18:20:49 [TestNG-test-Yt Master Tests-2] INFO  verifyingSideMenuCollapsedLangAsInSettings_18-16-51 - Clicking settings ellipses button...
18:20:50 [TestNG-test-Yt Master Tests-2] INFO  verifyingSideMenuCollapsedLangAsInSettings_18-16-51 - [verifyingSideMenuCollapsedLangAsInSettings_18-16-51] Trying to find element: By.xpath: //ytd-topbar-menu-button-renderer[@class='style-scope ytd-masthead style-default']
18:20:50 [TestNG-test-Yt Master Tests-2] INFO  verifyingSideMenuCollapsedLangAsInSettings_18-16-51 - [verifyingSideMenuCollapsedLangAsInSettings_18-16-51] Element found and ready (attempt 1): By.xpath: //ytd-topbar-menu-button-renderer[@class='style-scope ytd-masthead style-default']
18:20:50 [TestNG-test-Yt Master Tests-2] INFO  verifyingSideMenuCollapsedLangAsInSettings_18-16-51 - getLangAttribute() - locating <html> and reading lang property
18:20:51 [TestNG-test-Yt Master Tests-2] INFO  verifyingSideMenuCollapsedLangAsInSettings_18-16-51 - Language attribute read: bg-BG
18:20:51 [TestNG-test-Yt Master Tests-2] INFO  verifyingSideMenuCollapsedLangAsInSettings_18-16-51 - Fetching the side menu in collapsed view
18:20:51 [TestNG-test-Yt Master Tests-2] INFO  verifyingSideMenuCollapsedLangAsInSettings_18-16-51 - [verifyingSideMenuCollapsedLangAsInSettings_18-16-51] Finding elements list: By.xpath: //ytd-mini-guide-renderer[@class='style-scope ytd-app']//ytd-mini-guide-entry-renderer
18:20:51 [TestNG-test-Yt Master Tests-2] INFO  verifyingSideMenuCollapsedLangAsInSettings_18-16-51 - [verifyingSideMenuCollapsedLangAsInSettings_18-16-51] Found 4 ready elements (attempt 1): By.xpath: //ytd-mini-guide-renderer[@class='style-scope ytd-app']//ytd-mini-guide-entry-renderer
18:20:51 [TestNG-test-Yt Master Tests-2] INFO  verifyingSideMenuCollapsedLangAsInSettings_18-16-51 - Clicking settings ellipses button...
18:20:51 [TestNG-test-Yt Master Tests-2] INFO  verifyingSideMenuCollapsedLangAsInSettings_18-16-51 - [verifyingSideMenuCollapsedLangAsInSettings_18-16-51] Trying to find element: By.xpath: //ytd-topbar-menu-button-renderer[@class='style-scope ytd-masthead style-default']
18:20:51 [TestNG-test-Yt Master Tests-2] INFO  verifyingSideMenuCollapsedLangAsInSettings_18-16-51 - [verifyingSideMenuCollapsedLangAsInSettings_18-16-51] Element found and ready (attempt 1): By.xpath: //ytd-topbar-menu-button-renderer[@class='style-scope ytd-masthead style-default']
18:20:51 [TestNG-test-Yt Master Tests-2] INFO  verifyingSideMenuCollapsedLangAsInSettings_18-16-51 - Clicking language dropdown...
18:20:51 [TestNG-test-Yt Master Tests-2] INFO  verifyingSideMenuCollapsedLangAsInSettings_18-16-51 - [verifyingSideMenuCollapsedLangAsInSettings_18-16-51] Trying to find element: By.xpath: (//div[@id='content-icon'])[2]
18:20:52 [TestNG-test-Yt Master Tests-2] INFO  verifyingSideMenuCollapsedLangAsInSettings_18-16-51 - [verifyingSideMenuCollapsedLangAsInSettings_18-16-51] Element found and ready (attempt 1): By.xpath: (//div[@id='content-icon'])[2]
18:20:52 [TestNG-test-Yt Master Tests-2] INFO  verifyingSideMenuCollapsedLangAsInSettings_18-16-51 - Looking for language element with name: Русский
18:20:52 [TestNG-test-Yt Master Tests-2] INFO  verifyingSideMenuCollapsedLangAsInSettings_18-16-51 - [verifyingSideMenuCollapsedLangAsInSettings_18-16-51] Trying to find element: By.xpath: //yt-multi-page-menu-section-renderer[@class='style-scope ytd-multi-page-menu-renderer']//yt-formatted-string[@id='label' and text()='Русский']
18:20:52 [TestNG-test-Yt Master Tests-2] INFO  verifyingSideMenuCollapsedLangAsInSettings_18-16-51 - [verifyingSideMenuCollapsedLangAsInSettings_18-16-51] Element found and ready (attempt 1): By.xpath: //yt-multi-page-menu-section-renderer[@class='style-scope ytd-multi-page-menu-renderer']//yt-formatted-string[@id='label' and text()='Русский']
18:20:52 [TestNG-test-Yt Master Tests-2] INFO  verifyingSideMenuCollapsedLangAsInSettings_18-16-51 - [verifyingSideMenuCollapsedLangAsInSettings_18-16-51] Trying to find element: By.xpath: //yt-multi-page-menu-section-renderer[@class='style-scope ytd-multi-page-menu-renderer']//yt-formatted-string[@id='label' and text()='Русский']
18:20:53 [TestNG-test-Yt Master Tests-2] INFO  verifyingSideMenuCollapsedLangAsInSettings_18-16-51 - [verifyingSideMenuCollapsedLangAsInSettings_18-16-51] Element found and ready (attempt 1): By.xpath: //yt-multi-page-menu-section-renderer[@class='style-scope ytd-multi-page-menu-renderer']//yt-formatted-string[@id='label' and text()='Русский']
18:20:55 [TestNG-test-Yt Master Tests-2] INFO  verifyingSideMenuCollapsedLangAsInSettings_18-16-51 - Clicking settings ellipses button...
18:20:55 [TestNG-test-Yt Master Tests-2] INFO  verifyingSideMenuCollapsedLangAsInSettings_18-16-51 - [verifyingSideMenuCollapsedLangAsInSettings_18-16-51] Trying to find element: By.xpath: //ytd-topbar-menu-button-renderer[@class='style-scope ytd-masthead style-default']
18:20:56 [TestNG-test-Yt Master Tests-2] INFO  verifyingSideMenuCollapsedLangAsInSettings_18-16-51 - [verifyingSideMenuCollapsedLangAsInSettings_18-16-51] Element found and ready (attempt 1): By.xpath: //ytd-topbar-menu-button-renderer[@class='style-scope ytd-masthead style-default']
18:20:56 [TestNG-test-Yt Master Tests-2] INFO  verifyingSideMenuCollapsedLangAsInSettings_18-16-51 - [verifyingSideMenuCollapsedLangAsInSettings_18-16-51] Waiting until element is visible in viewport
18:20:57 [TestNG-test-Yt Master Tests-2] INFO  verifyingSideMenuCollapsedLangAsInSettings_18-16-51 - Clicking settings ellipses button...
18:20:57 [TestNG-test-Yt Master Tests-2] INFO  verifyingSideMenuCollapsedLangAsInSettings_18-16-51 - [verifyingSideMenuCollapsedLangAsInSettings_18-16-51] Trying to find element: By.xpath: //ytd-topbar-menu-button-renderer[@class='style-scope ytd-masthead style-default']
18:20:57 [TestNG-test-Yt Master Tests-2] INFO  verifyingSideMenuCollapsedLangAsInSettings_18-16-51 - [verifyingSideMenuCollapsedLangAsInSettings_18-16-51] Element found and ready (attempt 1): By.xpath: //ytd-topbar-menu-button-renderer[@class='style-scope ytd-masthead style-default']
18:20:57 [TestNG-test-Yt Master Tests-2] INFO  verifyingSideMenuCollapsedLangAsInSettings_18-16-51 - getLangAttribute() - locating <html> and reading lang property
18:20:57 [TestNG-test-Yt Master Tests-2] INFO  verifyingSideMenuCollapsedLangAsInSettings_18-16-51 - Language attribute read: ru-RU
18:20:57 [TestNG-test-Yt Master Tests-2] INFO  verifyingSideMenuCollapsedLangAsInSettings_18-16-51 - Fetching the side menu in collapsed view
18:20:57 [TestNG-test-Yt Master Tests-2] INFO  verifyingSideMenuCollapsedLangAsInSettings_18-16-51 - [verifyingSideMenuCollapsedLangAsInSettings_18-16-51] Finding elements list: By.xpath: //ytd-mini-guide-renderer[@class='style-scope ytd-app']//ytd-mini-guide-entry-renderer
18:20:57 [TestNG-test-Yt Master Tests-2] INFO  verifyingSideMenuCollapsedLangAsInSettings_18-16-51 - [verifyingSideMenuCollapsedLangAsInSettings_18-16-51] Found 4 ready elements (attempt 1): By.xpath: //ytd-mini-guide-renderer[@class='style-scope ytd-app']//ytd-mini-guide-entry-renderer
18:20:57 [TestNG-test-Yt Master Tests-2] INFO  verifyingSideMenuCollapsedLangAsInSettings_18-16-51 - Clicking settings ellipses button...
18:20:57 [TestNG-test-Yt Master Tests-2] INFO  verifyingSideMenuCollapsedLangAsInSettings_18-16-51 - [verifyingSideMenuCollapsedLangAsInSettings_18-16-51] Trying to find element: By.xpath: //ytd-topbar-menu-button-renderer[@class='style-scope ytd-masthead style-default']
18:20:57 [TestNG-test-Yt Master Tests-2] INFO  verifyingSideMenuCollapsedLangAsInSettings_18-16-51 - [verifyingSideMenuCollapsedLangAsInSettings_18-16-51] Element found and ready (attempt 1): By.xpath: //ytd-topbar-menu-button-renderer[@class='style-scope ytd-masthead style-default']
18:20:58 [TestNG-test-Yt Master Tests-2] INFO  verifyingSideMenuCollapsedLangAsInSettings_18-16-51 - Clicking language dropdown...
18:20:58 [TestNG-test-Yt Master Tests-2] INFO  verifyingSideMenuCollapsedLangAsInSettings_18-16-51 - [verifyingSideMenuCollapsedLangAsInSettings_18-16-51] Trying to find element: By.xpath: (//div[@id='content-icon'])[2]
18:20:58 [TestNG-test-Yt Master Tests-2] INFO  verifyingSideMenuCollapsedLangAsInSettings_18-16-51 - [verifyingSideMenuCollapsedLangAsInSettings_18-16-51] Element found and ready (attempt 1): By.xpath: (//div[@id='content-icon'])[2]
18:20:59 [TestNG-test-Yt Master Tests-2] INFO  verifyingSideMenuCollapsedLangAsInSettings_18-16-51 - Looking for language element with name: Українська
18:20:59 [TestNG-test-Yt Master Tests-2] INFO  verifyingSideMenuCollapsedLangAsInSettings_18-16-51 - [verifyingSideMenuCollapsedLangAsInSettings_18-16-51] Trying to find element: By.xpath: //yt-multi-page-menu-section-renderer[@class='style-scope ytd-multi-page-menu-renderer']//yt-formatted-string[@id='label' and text()='Українська']
18:20:59 [TestNG-test-Yt Master Tests-2] INFO  verifyingSideMenuCollapsedLangAsInSettings_18-16-51 - [verifyingSideMenuCollapsedLangAsInSettings_18-16-51] Element found and ready (attempt 1): By.xpath: //yt-multi-page-menu-section-renderer[@class='style-scope ytd-multi-page-menu-renderer']//yt-formatted-string[@id='label' and text()='Українська']
18:20:59 [TestNG-test-Yt Master Tests-2] INFO  verifyingSideMenuCollapsedLangAsInSettings_18-16-51 - [verifyingSideMenuCollapsedLangAsInSettings_18-16-51] Trying to find element: By.xpath: //yt-multi-page-menu-section-renderer[@class='style-scope ytd-multi-page-menu-renderer']//yt-formatted-string[@id='label' and text()='Українська']
18:20:59 [TestNG-test-Yt Master Tests-2] INFO  verifyingSideMenuCollapsedLangAsInSettings_18-16-51 - [verifyingSideMenuCollapsedLangAsInSettings_18-16-51] Element found and ready (attempt 1): By.xpath: //yt-multi-page-menu-section-renderer[@class='style-scope ytd-multi-page-menu-renderer']//yt-formatted-string[@id='label' and text()='Українська']
18:21:01 [TestNG-test-Yt Master Tests-2] INFO  verifyingSideMenuCollapsedLangAsInSettings_18-16-51 - Clicking settings ellipses button...
18:21:02 [TestNG-test-Yt Master Tests-2] INFO  verifyingSideMenuCollapsedLangAsInSettings_18-16-51 - [verifyingSideMenuCollapsedLangAsInSettings_18-16-51] Trying to find element: By.xpath: //ytd-topbar-menu-button-renderer[@class='style-scope ytd-masthead style-default']
18:21:02 [TestNG-test-Yt Master Tests-2] INFO  verifyingSideMenuCollapsedLangAsInSettings_18-16-51 - [verifyingSideMenuCollapsedLangAsInSettings_18-16-51] Element found and ready (attempt 1): By.xpath: //ytd-topbar-menu-button-renderer[@class='style-scope ytd-masthead style-default']
18:21:04 [TestNG-test-Yt Master Tests-2] INFO  verifyingSideMenuCollapsedLangAsInSettings_18-16-51 - [verifyingSideMenuCollapsedLangAsInSettings_18-16-51] Waiting until element is visible in viewport
18:21:05 [TestNG-test-Yt Master Tests-2] INFO  verifyingSideMenuCollapsedLangAsInSettings_18-16-51 - Clicking settings ellipses button...
18:21:05 [TestNG-test-Yt Master Tests-2] INFO  verifyingSideMenuCollapsedLangAsInSettings_18-16-51 - [verifyingSideMenuCollapsedLangAsInSettings_18-16-51] Trying to find element: By.xpath: //ytd-topbar-menu-button-renderer[@class='style-scope ytd-masthead style-default']
18:21:05 [TestNG-test-Yt Master Tests-2] INFO  verifyingSideMenuCollapsedLangAsInSettings_18-16-51 - [verifyingSideMenuCollapsedLangAsInSettings_18-16-51] Element found and ready (attempt 1): By.xpath: //ytd-topbar-menu-button-renderer[@class='style-scope ytd-masthead style-default']
18:21:05 [TestNG-test-Yt Master Tests-2] INFO  verifyingSideMenuCollapsedLangAsInSettings_18-16-51 - getLangAttribute() - locating <html> and reading lang property
18:21:05 [TestNG-test-Yt Master Tests-2] INFO  verifyingSideMenuCollapsedLangAsInSettings_18-16-51 - Language attribute read: uk-UA
18:21:05 [TestNG-test-Yt Master Tests-2] INFO  verifyingSideMenuCollapsedLangAsInSettings_18-16-51 - Fetching the side menu in collapsed view
18:21:05 [TestNG-test-Yt Master Tests-2] INFO  verifyingSideMenuCollapsedLangAsInSettings_18-16-51 - [verifyingSideMenuCollapsedLangAsInSettings_18-16-51] Finding elements list: By.xpath: //ytd-mini-guide-renderer[@class='style-scope ytd-app']//ytd-mini-guide-entry-renderer
18:21:05 [TestNG-test-Yt Master Tests-2] INFO  verifyingSideMenuCollapsedLangAsInSettings_18-16-51 - [verifyingSideMenuCollapsedLangAsInSettings_18-16-51] Found 4 ready elements (attempt 1): By.xpath: //ytd-mini-guide-renderer[@class='style-scope ytd-app']//ytd-mini-guide-entry-renderer
18:21:05 [TestNG-test-Yt Master Tests-2] INFO  verifyingSideMenuCollapsedLangAsInSettings_18-16-51 - Clicking settings ellipses button...
18:21:05 [TestNG-test-Yt Master Tests-2] INFO  verifyingSideMenuCollapsedLangAsInSettings_18-16-51 - [verifyingSideMenuCollapsedLangAsInSettings_18-16-51] Trying to find element: By.xpath: //ytd-topbar-menu-button-renderer[@class='style-scope ytd-masthead style-default']
18:21:05 [TestNG-test-Yt Master Tests-2] INFO  verifyingSideMenuCollapsedLangAsInSettings_18-16-51 - [verifyingSideMenuCollapsedLangAsInSettings_18-16-51] Element found and ready (attempt 1): By.xpath: //ytd-topbar-menu-button-renderer[@class='style-scope ytd-masthead style-default']
18:21:05 [TestNG-test-Yt Master Tests-2] INFO  verifyingSideMenuCollapsedLangAsInSettings_18-16-51 - Clicking language dropdown...
18:21:05 [TestNG-test-Yt Master Tests-2] INFO  verifyingSideMenuCollapsedLangAsInSettings_18-16-51 - [verifyingSideMenuCollapsedLangAsInSettings_18-16-51] Trying to find element: By.xpath: (//div[@id='content-icon'])[2]
18:21:06 [TestNG-test-Yt Master Tests-2] INFO  verifyingSideMenuCollapsedLangAsInSettings_18-16-51 - [verifyingSideMenuCollapsedLangAsInSettings_18-16-51] Element found and ready (attempt 1): By.xpath: (//div[@id='content-icon'])[2]
18:21:07 [TestNG-test-Yt Master Tests-2] INFO  verifyingSideMenuCollapsedLangAsInSettings_18-16-51 - Looking for language element with name: Ελληνικά
18:21:07 [TestNG-test-Yt Master Tests-2] INFO  verifyingSideMenuCollapsedLangAsInSettings_18-16-51 - [verifyingSideMenuCollapsedLangAsInSettings_18-16-51] Trying to find element: By.xpath: //yt-multi-page-menu-section-renderer[@class='style-scope ytd-multi-page-menu-renderer']//yt-formatted-string[@id='label' and text()='Ελληνικά']
18:21:07 [TestNG-test-Yt Master Tests-2] INFO  verifyingSideMenuCollapsedLangAsInSettings_18-16-51 - [verifyingSideMenuCollapsedLangAsInSettings_18-16-51] Element found and ready (attempt 1): By.xpath: //yt-multi-page-menu-section-renderer[@class='style-scope ytd-multi-page-menu-renderer']//yt-formatted-string[@id='label' and text()='Ελληνικά']
18:21:07 [TestNG-test-Yt Master Tests-2] INFO  verifyingSideMenuCollapsedLangAsInSettings_18-16-51 - [verifyingSideMenuCollapsedLangAsInSettings_18-16-51] Trying to find element: By.xpath: //yt-multi-page-menu-section-renderer[@class='style-scope ytd-multi-page-menu-renderer']//yt-formatted-string[@id='label' and text()='Ελληνικά']
18:21:07 [TestNG-test-Yt Master Tests-2] INFO  verifyingSideMenuCollapsedLangAsInSettings_18-16-51 - [verifyingSideMenuCollapsedLangAsInSettings_18-16-51] Element found and ready (attempt 1): By.xpath: //yt-multi-page-menu-section-renderer[@class='style-scope ytd-multi-page-menu-renderer']//yt-formatted-string[@id='label' and text()='Ελληνικά']
18:21:10 [TestNG-test-Yt Master Tests-2] INFO  verifyingSideMenuCollapsedLangAsInSettings_18-16-51 - Clicking settings ellipses button...
18:21:10 [TestNG-test-Yt Master Tests-2] INFO  verifyingSideMenuCollapsedLangAsInSettings_18-16-51 - [verifyingSideMenuCollapsedLangAsInSettings_18-16-51] Trying to find element: By.xpath: //ytd-topbar-menu-button-renderer[@class='style-scope ytd-masthead style-default']
18:21:10 [TestNG-test-Yt Master Tests-2] INFO  verifyingSideMenuCollapsedLangAsInSettings_18-16-51 - [verifyingSideMenuCollapsedLangAsInSettings_18-16-51] Element found and ready (attempt 1): By.xpath: //ytd-topbar-menu-button-renderer[@class='style-scope ytd-masthead style-default']
18:21:10 [TestNG-test-Yt Master Tests-2] INFO  verifyingSideMenuCollapsedLangAsInSettings_18-16-51 - [verifyingSideMenuCollapsedLangAsInSettings_18-16-51] Waiting until element is visible in viewport
18:21:11 [TestNG-test-Yt Master Tests-2] INFO  verifyingSideMenuCollapsedLangAsInSettings_18-16-51 - Clicking settings ellipses button...
18:21:12 [TestNG-test-Yt Master Tests-2] INFO  verifyingSideMenuCollapsedLangAsInSettings_18-16-51 - [verifyingSideMenuCollapsedLangAsInSettings_18-16-51] Trying to find element: By.xpath: //ytd-topbar-menu-button-renderer[@class='style-scope ytd-masthead style-default']
18:21:12 [TestNG-test-Yt Master Tests-2] INFO  verifyingSideMenuCollapsedLangAsInSettings_18-16-51 - [verifyingSideMenuCollapsedLangAsInSettings_18-16-51] Element found and ready (attempt 1): By.xpath: //ytd-topbar-menu-button-renderer[@class='style-scope ytd-masthead style-default']
18:21:12 [TestNG-test-Yt Master Tests-2] INFO  verifyingSideMenuCollapsedLangAsInSettings_18-16-51 - getLangAttribute() - locating <html> and reading lang property
18:21:12 [TestNG-test-Yt Master Tests-2] INFO  verifyingSideMenuCollapsedLangAsInSettings_18-16-51 - Language attribute read: el-GR
18:21:12 [TestNG-test-Yt Master Tests-2] INFO  verifyingSideMenuCollapsedLangAsInSettings_18-16-51 - Fetching the side menu in collapsed view
18:21:12 [TestNG-test-Yt Master Tests-2] INFO  verifyingSideMenuCollapsedLangAsInSettings_18-16-51 - [verifyingSideMenuCollapsedLangAsInSettings_18-16-51] Finding elements list: By.xpath: //ytd-mini-guide-renderer[@class='style-scope ytd-app']//ytd-mini-guide-entry-renderer
18:21:12 [TestNG-test-Yt Master Tests-2] INFO  verifyingSideMenuCollapsedLangAsInSettings_18-16-51 - [verifyingSideMenuCollapsedLangAsInSettings_18-16-51] Found 4 ready elements (attempt 1): By.xpath: //ytd-mini-guide-renderer[@class='style-scope ytd-app']//ytd-mini-guide-entry-renderer
18:21:12 [TestNG-test-Yt Master Tests-2] INFO  verifyingSideMenuCollapsedLangAsInSettings_18-16-51 - Clicking settings ellipses button...
18:21:12 [TestNG-test-Yt Master Tests-2] INFO  verifyingSideMenuCollapsedLangAsInSettings_18-16-51 - [verifyingSideMenuCollapsedLangAsInSettings_18-16-51] Trying to find element: By.xpath: //ytd-topbar-menu-button-renderer[@class='style-scope ytd-masthead style-default']
18:21:12 [TestNG-test-Yt Master Tests-2] INFO  verifyingSideMenuCollapsedLangAsInSettings_18-16-51 - [verifyingSideMenuCollapsedLangAsInSettings_18-16-51] Element found and ready (attempt 1): By.xpath: //ytd-topbar-menu-button-renderer[@class='style-scope ytd-masthead style-default']
18:21:12 [TestNG-test-Yt Master Tests-2] INFO  verifyingSideMenuCollapsedLangAsInSettings_18-16-51 - Clicking language dropdown...
18:21:12 [TestNG-test-Yt Master Tests-2] INFO  verifyingSideMenuCollapsedLangAsInSettings_18-16-51 - [verifyingSideMenuCollapsedLangAsInSettings_18-16-51] Trying to find element: By.xpath: (//div[@id='content-icon'])[2]
18:21:13 [TestNG-test-Yt Master Tests-2] INFO  verifyingSideMenuCollapsedLangAsInSettings_18-16-51 - [verifyingSideMenuCollapsedLangAsInSettings_18-16-51] Element found and ready (attempt 1): By.xpath: (//div[@id='content-icon'])[2]
18:21:13 [TestNG-test-Yt Master Tests-2] INFO  verifyingSideMenuCollapsedLangAsInSettings_18-16-51 - Looking for language element with name: Հայերեն
18:21:13 [TestNG-test-Yt Master Tests-2] INFO  verifyingSideMenuCollapsedLangAsInSettings_18-16-51 - [verifyingSideMenuCollapsedLangAsInSettings_18-16-51] Trying to find element: By.xpath: //yt-multi-page-menu-section-renderer[@class='style-scope ytd-multi-page-menu-renderer']//yt-formatted-string[@id='label' and text()='Հայերեն']
18:21:14 [TestNG-test-Yt Master Tests-2] INFO  verifyingSideMenuCollapsedLangAsInSettings_18-16-51 - [verifyingSideMenuCollapsedLangAsInSettings_18-16-51] Element found and ready (attempt 1): By.xpath: //yt-multi-page-menu-section-renderer[@class='style-scope ytd-multi-page-menu-renderer']//yt-formatted-string[@id='label' and text()='Հայերեն']
18:21:14 [TestNG-test-Yt Master Tests-2] INFO  verifyingSideMenuCollapsedLangAsInSettings_18-16-51 - [verifyingSideMenuCollapsedLangAsInSettings_18-16-51] Trying to find element: By.xpath: //yt-multi-page-menu-section-renderer[@class='style-scope ytd-multi-page-menu-renderer']//yt-formatted-string[@id='label' and text()='Հայերեն']
18:21:14 [TestNG-test-Yt Master Tests-2] INFO  verifyingSideMenuCollapsedLangAsInSettings_18-16-51 - [verifyingSideMenuCollapsedLangAsInSettings_18-16-51] Element found and ready (attempt 1): By.xpath: //yt-multi-page-menu-section-renderer[@class='style-scope ytd-multi-page-menu-renderer']//yt-formatted-string[@id='label' and text()='Հայերեն']
18:21:16 [TestNG-test-Yt Master Tests-2] INFO  verifyingSideMenuCollapsedLangAsInSettings_18-16-51 - Clicking settings ellipses button...
18:21:16 [TestNG-test-Yt Master Tests-2] INFO  verifyingSideMenuCollapsedLangAsInSettings_18-16-51 - [verifyingSideMenuCollapsedLangAsInSettings_18-16-51] Trying to find element: By.xpath: //ytd-topbar-menu-button-renderer[@class='style-scope ytd-masthead style-default']
18:21:16 [TestNG-test-Yt Master Tests-2] INFO  verifyingSideMenuCollapsedLangAsInSettings_18-16-51 - [verifyingSideMenuCollapsedLangAsInSettings_18-16-51] Element found and ready (attempt 1): By.xpath: //ytd-topbar-menu-button-renderer[@class='style-scope ytd-masthead style-default']
18:21:17 [TestNG-test-Yt Master Tests-2] INFO  verifyingSideMenuCollapsedLangAsInSettings_18-16-51 - [verifyingSideMenuCollapsedLangAsInSettings_18-16-51] Waiting until element is visible in viewport
18:21:18 [TestNG-test-Yt Master Tests-2] INFO  verifyingSideMenuCollapsedLangAsInSettings_18-16-51 - Clicking settings ellipses button...
18:21:18 [TestNG-test-Yt Master Tests-2] INFO  verifyingSideMenuCollapsedLangAsInSettings_18-16-51 - [verifyingSideMenuCollapsedLangAsInSettings_18-16-51] Trying to find element: By.xpath: //ytd-topbar-menu-button-renderer[@class='style-scope ytd-masthead style-default']
18:21:18 [TestNG-test-Yt Master Tests-2] INFO  verifyingSideMenuCollapsedLangAsInSettings_18-16-51 - [verifyingSideMenuCollapsedLangAsInSettings_18-16-51] Element found and ready (attempt 1): By.xpath: //ytd-topbar-menu-button-renderer[@class='style-scope ytd-masthead style-default']
18:21:19 [TestNG-test-Yt Master Tests-2] INFO  verifyingSideMenuCollapsedLangAsInSettings_18-16-51 - getLangAttribute() - locating <html> and reading lang property
18:21:19 [TestNG-test-Yt Master Tests-2] INFO  verifyingSideMenuCollapsedLangAsInSettings_18-16-51 - Language attribute read: hy-AM
18:21:19 [TestNG-test-Yt Master Tests-2] INFO  verifyingSideMenuCollapsedLangAsInSettings_18-16-51 - Fetching the side menu in collapsed view
18:21:19 [TestNG-test-Yt Master Tests-2] INFO  verifyingSideMenuCollapsedLangAsInSettings_18-16-51 - [verifyingSideMenuCollapsedLangAsInSettings_18-16-51] Finding elements list: By.xpath: //ytd-mini-guide-renderer[@class='style-scope ytd-app']//ytd-mini-guide-entry-renderer
18:21:19 [TestNG-test-Yt Master Tests-2] INFO  verifyingSideMenuCollapsedLangAsInSettings_18-16-51 - [verifyingSideMenuCollapsedLangAsInSettings_18-16-51] Found 4 ready elements (attempt 1): By.xpath: //ytd-mini-guide-renderer[@class='style-scope ytd-app']//ytd-mini-guide-entry-renderer
18:21:20 [TestNG-test-Yt Master Tests-2] INFO  verifyingSideMenuCollapsedLangAsInSettings_18-16-51 - Clicking settings ellipses button...
18:21:20 [TestNG-test-Yt Master Tests-2] INFO  verifyingSideMenuCollapsedLangAsInSettings_18-16-51 - [verifyingSideMenuCollapsedLangAsInSettings_18-16-51] Trying to find element: By.xpath: //ytd-topbar-menu-button-renderer[@class='style-scope ytd-masthead style-default']
18:21:20 [TestNG-test-Yt Master Tests-2] INFO  verifyingSideMenuCollapsedLangAsInSettings_18-16-51 - [verifyingSideMenuCollapsedLangAsInSettings_18-16-51] Element found and ready (attempt 1): By.xpath: //ytd-topbar-menu-button-renderer[@class='style-scope ytd-masthead style-default']
18:21:20 [TestNG-test-Yt Master Tests-2] INFO  verifyingSideMenuCollapsedLangAsInSettings_18-16-51 - Clicking language dropdown...
18:21:20 [TestNG-test-Yt Master Tests-2] INFO  verifyingSideMenuCollapsedLangAsInSettings_18-16-51 - [verifyingSideMenuCollapsedLangAsInSettings_18-16-51] Trying to find element: By.xpath: (//div[@id='content-icon'])[2]
18:21:21 [TestNG-test-Yt Master Tests-2] INFO  verifyingSideMenuCollapsedLangAsInSettings_18-16-51 - [verifyingSideMenuCollapsedLangAsInSettings_18-16-51] Element found and ready (attempt 1): By.xpath: (//div[@id='content-icon'])[2]
18:21:22 [TestNG-test-Yt Master Tests-2] INFO  verifyingSideMenuCollapsedLangAsInSettings_18-16-51 - Looking for language element with name: עברית
18:21:22 [TestNG-test-Yt Master Tests-2] INFO  verifyingSideMenuCollapsedLangAsInSettings_18-16-51 - [verifyingSideMenuCollapsedLangAsInSettings_18-16-51] Trying to find element: By.xpath: //yt-multi-page-menu-section-renderer[@class='style-scope ytd-multi-page-menu-renderer']//yt-formatted-string[@id='label' and text()='עברית']
18:21:22 [TestNG-test-Yt Master Tests-2] INFO  verifyingSideMenuCollapsedLangAsInSettings_18-16-51 - [verifyingSideMenuCollapsedLangAsInSettings_18-16-51] Element found and ready (attempt 1): By.xpath: //yt-multi-page-menu-section-renderer[@class='style-scope ytd-multi-page-menu-renderer']//yt-formatted-string[@id='label' and text()='עברית']
18:21:22 [TestNG-test-Yt Master Tests-2] INFO  verifyingSideMenuCollapsedLangAsInSettings_18-16-51 - [verifyingSideMenuCollapsedLangAsInSettings_18-16-51] Trying to find element: By.xpath: //yt-multi-page-menu-section-renderer[@class='style-scope ytd-multi-page-menu-renderer']//yt-formatted-string[@id='label' and text()='עברית']
18:21:22 [TestNG-test-Yt Master Tests-2] INFO  verifyingSideMenuCollapsedLangAsInSettings_18-16-51 - [verifyingSideMenuCollapsedLangAsInSettings_18-16-51] Element found and ready (attempt 1): By.xpath: //yt-multi-page-menu-section-renderer[@class='style-scope ytd-multi-page-menu-renderer']//yt-formatted-string[@id='label' and text()='עברית']
18:21:24 [TestNG-test-Yt Master Tests-2] INFO  verifyingSideMenuCollapsedLangAsInSettings_18-16-51 - Clicking settings ellipses button...
18:21:24 [TestNG-test-Yt Master Tests-2] INFO  verifyingSideMenuCollapsedLangAsInSettings_18-16-51 - [verifyingSideMenuCollapsedLangAsInSettings_18-16-51] Trying to find element: By.xpath: //ytd-topbar-menu-button-renderer[@class='style-scope ytd-masthead style-default']
18:21:24 [TestNG-test-Yt Master Tests-2] INFO  verifyingSideMenuCollapsedLangAsInSettings_18-16-51 - [verifyingSideMenuCollapsedLangAsInSettings_18-16-51] Element found and ready (attempt 1): By.xpath: //ytd-topbar-menu-button-renderer[@class='style-scope ytd-masthead style-default']
18:21:25 [TestNG-test-Yt Master Tests-2] INFO  verifyingSideMenuCollapsedLangAsInSettings_18-16-51 - [verifyingSideMenuCollapsedLangAsInSettings_18-16-51] Waiting until element is visible in viewport
18:21:25 [TestNG-test-Yt Master Tests-2] INFO  verifyingSideMenuCollapsedLangAsInSettings_18-16-51 - Clicking settings ellipses button...
18:21:25 [TestNG-test-Yt Master Tests-2] INFO  verifyingSideMenuCollapsedLangAsInSettings_18-16-51 - [verifyingSideMenuCollapsedLangAsInSettings_18-16-51] Trying to find element: By.xpath: //ytd-topbar-menu-button-renderer[@class='style-scope ytd-masthead style-default']
18:21:25 [TestNG-test-Yt Master Tests-2] INFO  verifyingSideMenuCollapsedLangAsInSettings_18-16-51 - [verifyingSideMenuCollapsedLangAsInSettings_18-16-51] Element found and ready (attempt 1): By.xpath: //ytd-topbar-menu-button-renderer[@class='style-scope ytd-masthead style-default']
18:21:25 [TestNG-test-Yt Master Tests-2] INFO  verifyingSideMenuCollapsedLangAsInSettings_18-16-51 - getLangAttribute() - locating <html> and reading lang property
18:21:25 [TestNG-test-Yt Master Tests-2] INFO  verifyingSideMenuCollapsedLangAsInSettings_18-16-51 - Language attribute read: he-IL
18:21:25 [TestNG-test-Yt Master Tests-2] INFO  verifyingSideMenuCollapsedLangAsInSettings_18-16-51 - Fetching the side menu in collapsed view
18:21:25 [TestNG-test-Yt Master Tests-2] INFO  verifyingSideMenuCollapsedLangAsInSettings_18-16-51 - [verifyingSideMenuCollapsedLangAsInSettings_18-16-51] Finding elements list: By.xpath: //ytd-mini-guide-renderer[@class='style-scope ytd-app']//ytd-mini-guide-entry-renderer
18:21:25 [TestNG-test-Yt Master Tests-2] INFO  verifyingSideMenuCollapsedLangAsInSettings_18-16-51 - [verifyingSideMenuCollapsedLangAsInSettings_18-16-51] Found 4 ready elements (attempt 1): By.xpath: //ytd-mini-guide-renderer[@class='style-scope ytd-app']//ytd-mini-guide-entry-renderer
18:21:26 [TestNG-test-Yt Master Tests-2] INFO  verifyingSideMenuCollapsedLangAsInSettings_18-16-51 - Clicking settings ellipses button...
18:21:26 [TestNG-test-Yt Master Tests-2] INFO  verifyingSideMenuCollapsedLangAsInSettings_18-16-51 - [verifyingSideMenuCollapsedLangAsInSettings_18-16-51] Trying to find element: By.xpath: //ytd-topbar-menu-button-renderer[@class='style-scope ytd-masthead style-default']
18:21:26 [TestNG-test-Yt Master Tests-2] INFO  verifyingSideMenuCollapsedLangAsInSettings_18-16-51 - [verifyingSideMenuCollapsedLangAsInSettings_18-16-51] Element found and ready (attempt 1): By.xpath: //ytd-topbar-menu-button-renderer[@class='style-scope ytd-masthead style-default']
18:21:26 [TestNG-test-Yt Master Tests-2] INFO  verifyingSideMenuCollapsedLangAsInSettings_18-16-51 - Clicking language dropdown...
18:21:26 [TestNG-test-Yt Master Tests-2] INFO  verifyingSideMenuCollapsedLangAsInSettings_18-16-51 - [verifyingSideMenuCollapsedLangAsInSettings_18-16-51] Trying to find element: By.xpath: (//div[@id='content-icon'])[2]
18:21:26 [TestNG-test-Yt Master Tests-2] INFO  verifyingSideMenuCollapsedLangAsInSettings_18-16-51 - [verifyingSideMenuCollapsedLangAsInSettings_18-16-51] Element found and ready (attempt 1): By.xpath: (//div[@id='content-icon'])[2]
18:21:28 [TestNG-test-Yt Master Tests-2] INFO  verifyingSideMenuCollapsedLangAsInSettings_18-16-51 - Looking for language element with name: العربية
18:21:28 [TestNG-test-Yt Master Tests-2] INFO  verifyingSideMenuCollapsedLangAsInSettings_18-16-51 - [verifyingSideMenuCollapsedLangAsInSettings_18-16-51] Trying to find element: By.xpath: //yt-multi-page-menu-section-renderer[@class='style-scope ytd-multi-page-menu-renderer']//yt-formatted-string[@id='label' and text()='العربية']
18:21:28 [TestNG-test-Yt Master Tests-2] INFO  verifyingSideMenuCollapsedLangAsInSettings_18-16-51 - [verifyingSideMenuCollapsedLangAsInSettings_18-16-51] Element found and ready (attempt 1): By.xpath: //yt-multi-page-menu-section-renderer[@class='style-scope ytd-multi-page-menu-renderer']//yt-formatted-string[@id='label' and text()='العربية']
18:21:28 [TestNG-test-Yt Master Tests-2] INFO  verifyingSideMenuCollapsedLangAsInSettings_18-16-51 - [verifyingSideMenuCollapsedLangAsInSettings_18-16-51] Trying to find element: By.xpath: //yt-multi-page-menu-section-renderer[@class='style-scope ytd-multi-page-menu-renderer']//yt-formatted-string[@id='label' and text()='العربية']
18:21:28 [TestNG-test-Yt Master Tests-2] INFO  verifyingSideMenuCollapsedLangAsInSettings_18-16-51 - [verifyingSideMenuCollapsedLangAsInSettings_18-16-51] Element found and ready (attempt 1): By.xpath: //yt-multi-page-menu-section-renderer[@class='style-scope ytd-multi-page-menu-renderer']//yt-formatted-string[@id='label' and text()='العربية']
18:21:30 [TestNG-test-Yt Master Tests-2] INFO  verifyingSideMenuCollapsedLangAsInSettings_18-16-51 - Clicking settings ellipses button...
18:21:31 [TestNG-test-Yt Master Tests-2] INFO  verifyingSideMenuCollapsedLangAsInSettings_18-16-51 - [verifyingSideMenuCollapsedLangAsInSettings_18-16-51] Trying to find element: By.xpath: //ytd-topbar-menu-button-renderer[@class='style-scope ytd-masthead style-default']
18:21:31 [TestNG-test-Yt Master Tests-2] INFO  verifyingSideMenuCollapsedLangAsInSettings_18-16-51 - [verifyingSideMenuCollapsedLangAsInSettings_18-16-51] Element found and ready (attempt 1): By.xpath: //ytd-topbar-menu-button-renderer[@class='style-scope ytd-masthead style-default']
18:21:32 [TestNG-test-Yt Master Tests-2] INFO  verifyingSideMenuCollapsedLangAsInSettings_18-16-51 - [verifyingSideMenuCollapsedLangAsInSettings_18-16-51] Waiting until element is visible in viewport
18:21:32 [TestNG-test-Yt Master Tests-2] INFO  verifyingSideMenuCollapsedLangAsInSettings_18-16-51 - Clicking settings ellipses button...
18:21:32 [TestNG-test-Yt Master Tests-2] INFO  verifyingSideMenuCollapsedLangAsInSettings_18-16-51 - [verifyingSideMenuCollapsedLangAsInSettings_18-16-51] Trying to find element: By.xpath: //ytd-topbar-menu-button-renderer[@class='style-scope ytd-masthead style-default']
18:21:33 [TestNG-test-Yt Master Tests-2] INFO  verifyingSideMenuCollapsedLangAsInSettings_18-16-51 - [verifyingSideMenuCollapsedLangAsInSettings_18-16-51] Element found and ready (attempt 1): By.xpath: //ytd-topbar-menu-button-renderer[@class='style-scope ytd-masthead style-default']
18:21:33 [TestNG-test-Yt Master Tests-2] INFO  verifyingSideMenuCollapsedLangAsInSettings_18-16-51 - getLangAttribute() - locating <html> and reading lang property
18:21:33 [TestNG-test-Yt Master Tests-2] INFO  verifyingSideMenuCollapsedLangAsInSettings_18-16-51 - Language attribute read: ar
18:21:33 [TestNG-test-Yt Master Tests-2] INFO  verifyingSideMenuCollapsedLangAsInSettings_18-16-51 - Fetching the side menu in collapsed view
18:21:33 [TestNG-test-Yt Master Tests-2] INFO  verifyingSideMenuCollapsedLangAsInSettings_18-16-51 - [verifyingSideMenuCollapsedLangAsInSettings_18-16-51] Finding elements list: By.xpath: //ytd-mini-guide-renderer[@class='style-scope ytd-app']//ytd-mini-guide-entry-renderer
18:21:33 [TestNG-test-Yt Master Tests-2] INFO  verifyingSideMenuCollapsedLangAsInSettings_18-16-51 - [verifyingSideMenuCollapsedLangAsInSettings_18-16-51] Found 4 ready elements (attempt 1): By.xpath: //ytd-mini-guide-renderer[@class='style-scope ytd-app']//ytd-mini-guide-entry-renderer
18:21:33 [TestNG-test-Yt Master Tests-2] INFO  verifyingSideMenuCollapsedLangAsInSettings_18-16-51 - Clicking settings ellipses button...
18:21:33 [TestNG-test-Yt Master Tests-2] INFO  verifyingSideMenuCollapsedLangAsInSettings_18-16-51 - [verifyingSideMenuCollapsedLangAsInSettings_18-16-51] Trying to find element: By.xpath: //ytd-topbar-menu-button-renderer[@class='style-scope ytd-masthead style-default']
18:21:34 [TestNG-test-Yt Master Tests-2] INFO  verifyingSideMenuCollapsedLangAsInSettings_18-16-51 - [verifyingSideMenuCollapsedLangAsInSettings_18-16-51] Element found and ready (attempt 1): By.xpath: //ytd-topbar-menu-button-renderer[@class='style-scope ytd-masthead style-default']
18:21:34 [TestNG-test-Yt Master Tests-2] INFO  verifyingSideMenuCollapsedLangAsInSettings_18-16-51 - Clicking language dropdown...
18:21:34 [TestNG-test-Yt Master Tests-2] INFO  verifyingSideMenuCollapsedLangAsInSettings_18-16-51 - [verifyingSideMenuCollapsedLangAsInSettings_18-16-51] Trying to find element: By.xpath: (//div[@id='content-icon'])[2]
18:21:35 [TestNG-test-Yt Master Tests-2] INFO  verifyingSideMenuCollapsedLangAsInSettings_18-16-51 - [verifyingSideMenuCollapsedLangAsInSettings_18-16-51] Element found and ready (attempt 1): By.xpath: (//div[@id='content-icon'])[2]
18:21:36 [TestNG-test-Yt Master Tests-2] INFO  verifyingSideMenuCollapsedLangAsInSettings_18-16-51 - Looking for language element with name: فارسی
18:21:36 [TestNG-test-Yt Master Tests-2] INFO  verifyingSideMenuCollapsedLangAsInSettings_18-16-51 - [verifyingSideMenuCollapsedLangAsInSettings_18-16-51] Trying to find element: By.xpath: //yt-multi-page-menu-section-renderer[@class='style-scope ytd-multi-page-menu-renderer']//yt-formatted-string[@id='label' and text()='فارسی']
18:21:37 [TestNG-test-Yt Master Tests-2] INFO  verifyingSideMenuCollapsedLangAsInSettings_18-16-51 - [verifyingSideMenuCollapsedLangAsInSettings_18-16-51] Element found and ready (attempt 1): By.xpath: //yt-multi-page-menu-section-renderer[@class='style-scope ytd-multi-page-menu-renderer']//yt-formatted-string[@id='label' and text()='فارسی']
18:21:37 [TestNG-test-Yt Master Tests-2] INFO  verifyingSideMenuCollapsedLangAsInSettings_18-16-51 - [verifyingSideMenuCollapsedLangAsInSettings_18-16-51] Trying to find element: By.xpath: //yt-multi-page-menu-section-renderer[@class='style-scope ytd-multi-page-menu-renderer']//yt-formatted-string[@id='label' and text()='فارسی']
18:21:37 [TestNG-test-Yt Master Tests-2] INFO  verifyingSideMenuCollapsedLangAsInSettings_18-16-51 - [verifyingSideMenuCollapsedLangAsInSettings_18-16-51] Element found and ready (attempt 1): By.xpath: //yt-multi-page-menu-section-renderer[@class='style-scope ytd-multi-page-menu-renderer']//yt-formatted-string[@id='label' and text()='فارسی']
18:21:38 [TestNG-test-Yt Master Tests-2] INFO  verifyingSideMenuCollapsedLangAsInSettings_18-16-51 - Clicking settings ellipses button...
18:21:38 [TestNG-test-Yt Master Tests-2] INFO  verifyingSideMenuCollapsedLangAsInSettings_18-16-51 - [verifyingSideMenuCollapsedLangAsInSettings_18-16-51] Trying to find element: By.xpath: //ytd-topbar-menu-button-renderer[@class='style-scope ytd-masthead style-default']
18:21:39 [TestNG-test-Yt Master Tests-2] INFO  verifyingSideMenuCollapsedLangAsInSettings_18-16-51 - [verifyingSideMenuCollapsedLangAsInSettings_18-16-51] Element found and ready (attempt 1): By.xpath: //ytd-topbar-menu-button-renderer[@class='style-scope ytd-masthead style-default']
18:21:40 [TestNG-test-Yt Master Tests-2] INFO  verifyingSideMenuCollapsedLangAsInSettings_18-16-51 - [verifyingSideMenuCollapsedLangAsInSettings_18-16-51] Waiting until element is visible in viewport
18:21:40 [TestNG-test-Yt Master Tests-2] INFO  verifyingSideMenuCollapsedLangAsInSettings_18-16-51 - Clicking settings ellipses button...
18:21:40 [TestNG-test-Yt Master Tests-2] INFO  verifyingSideMenuCollapsedLangAsInSettings_18-16-51 - [verifyingSideMenuCollapsedLangAsInSettings_18-16-51] Trying to find element: By.xpath: //ytd-topbar-menu-button-renderer[@class='style-scope ytd-masthead style-default']
18:21:40 [TestNG-test-Yt Master Tests-2] INFO  verifyingSideMenuCollapsedLangAsInSettings_18-16-51 - [verifyingSideMenuCollapsedLangAsInSettings_18-16-51] Element found and ready (attempt 1): By.xpath: //ytd-topbar-menu-button-renderer[@class='style-scope ytd-masthead style-default']
18:21:40 [TestNG-test-Yt Master Tests-2] INFO  verifyingSideMenuCollapsedLangAsInSettings_18-16-51 - getLangAttribute() - locating <html> and reading lang property
18:21:40 [TestNG-test-Yt Master Tests-2] INFO  verifyingSideMenuCollapsedLangAsInSettings_18-16-51 - Language attribute read: fa-IR
18:21:40 [TestNG-test-Yt Master Tests-2] INFO  verifyingSideMenuCollapsedLangAsInSettings_18-16-51 - Fetching the side menu in collapsed view
18:21:40 [TestNG-test-Yt Master Tests-2] INFO  verifyingSideMenuCollapsedLangAsInSettings_18-16-51 - [verifyingSideMenuCollapsedLangAsInSettings_18-16-51] Finding elements list: By.xpath: //ytd-mini-guide-renderer[@class='style-scope ytd-app']//ytd-mini-guide-entry-renderer
18:21:40 [TestNG-test-Yt Master Tests-2] INFO  verifyingSideMenuCollapsedLangAsInSettings_18-16-51 - [verifyingSideMenuCollapsedLangAsInSettings_18-16-51] Found 4 ready elements (attempt 1): By.xpath: //ytd-mini-guide-renderer[@class='style-scope ytd-app']//ytd-mini-guide-entry-renderer
18:21:40 [TestNG-test-Yt Master Tests-2] INFO  verifyingSideMenuCollapsedLangAsInSettings_18-16-51 - Clicking settings ellipses button...
18:21:40 [TestNG-test-Yt Master Tests-2] INFO  verifyingSideMenuCollapsedLangAsInSettings_18-16-51 - [verifyingSideMenuCollapsedLangAsInSettings_18-16-51] Trying to find element: By.xpath: //ytd-topbar-menu-button-renderer[@class='style-scope ytd-masthead style-default']
18:21:41 [TestNG-test-Yt Master Tests-2] INFO  verifyingSideMenuCollapsedLangAsInSettings_18-16-51 - [verifyingSideMenuCollapsedLangAsInSettings_18-16-51] Element found and ready (attempt 1): By.xpath: //ytd-topbar-menu-button-renderer[@class='style-scope ytd-masthead style-default']
18:21:41 [TestNG-test-Yt Master Tests-2] INFO  verifyingSideMenuCollapsedLangAsInSettings_18-16-51 - Clicking language dropdown...
18:21:41 [TestNG-test-Yt Master Tests-2] INFO  verifyingSideMenuCollapsedLangAsInSettings_18-16-51 - [verifyingSideMenuCollapsedLangAsInSettings_18-16-51] Trying to find element: By.xpath: (//div[@id='content-icon'])[2]
18:21:41 [TestNG-test-Yt Master Tests-2] INFO  verifyingSideMenuCollapsedLangAsInSettings_18-16-51 - [verifyingSideMenuCollapsedLangAsInSettings_18-16-51] Element found and ready (attempt 1): By.xpath: (//div[@id='content-icon'])[2]
18:21:42 [TestNG-test-Yt Master Tests-2] INFO  verifyingSideMenuCollapsedLangAsInSettings_18-16-51 - Looking for language element with name: हिन्दी
18:21:42 [TestNG-test-Yt Master Tests-2] INFO  verifyingSideMenuCollapsedLangAsInSettings_18-16-51 - [verifyingSideMenuCollapsedLangAsInSettings_18-16-51] Trying to find element: By.xpath: //yt-multi-page-menu-section-renderer[@class='style-scope ytd-multi-page-menu-renderer']//yt-formatted-string[@id='label' and text()='हिन्दी']
18:21:42 [TestNG-test-Yt Master Tests-2] INFO  verifyingSideMenuCollapsedLangAsInSettings_18-16-51 - [verifyingSideMenuCollapsedLangAsInSettings_18-16-51] Element found and ready (attempt 1): By.xpath: //yt-multi-page-menu-section-renderer[@class='style-scope ytd-multi-page-menu-renderer']//yt-formatted-string[@id='label' and text()='हिन्दी']
18:21:42 [TestNG-test-Yt Master Tests-2] INFO  verifyingSideMenuCollapsedLangAsInSettings_18-16-51 - [verifyingSideMenuCollapsedLangAsInSettings_18-16-51] Trying to find element: By.xpath: //yt-multi-page-menu-section-renderer[@class='style-scope ytd-multi-page-menu-renderer']//yt-formatted-string[@id='label' and text()='हिन्दी']
18:21:42 [TestNG-test-Yt Master Tests-2] INFO  verifyingSideMenuCollapsedLangAsInSettings_18-16-51 - [verifyingSideMenuCollapsedLangAsInSettings_18-16-51] Element found and ready (attempt 1): By.xpath: //yt-multi-page-menu-section-renderer[@class='style-scope ytd-multi-page-menu-renderer']//yt-formatted-string[@id='label' and text()='हिन्दी']
18:21:45 [TestNG-test-Yt Master Tests-2] INFO  verifyingSideMenuCollapsedLangAsInSettings_18-16-51 - Clicking settings ellipses button...
18:21:45 [TestNG-test-Yt Master Tests-2] INFO  verifyingSideMenuCollapsedLangAsInSettings_18-16-51 - [verifyingSideMenuCollapsedLangAsInSettings_18-16-51] Trying to find element: By.xpath: //ytd-topbar-menu-button-renderer[@class='style-scope ytd-masthead style-default']
18:21:45 [TestNG-test-Yt Master Tests-2] INFO  verifyingSideMenuCollapsedLangAsInSettings_18-16-51 - [verifyingSideMenuCollapsedLangAsInSettings_18-16-51] Element found and ready (attempt 1): By.xpath: //ytd-topbar-menu-button-renderer[@class='style-scope ytd-masthead style-default']
18:21:47 [TestNG-test-Yt Master Tests-2] INFO  verifyingSideMenuCollapsedLangAsInSettings_18-16-51 - [verifyingSideMenuCollapsedLangAsInSettings_18-16-51] Waiting until element is visible in viewport
18:21:47 [TestNG-test-Yt Master Tests-2] INFO  verifyingSideMenuCollapsedLangAsInSettings_18-16-51 - Clicking settings ellipses button...
18:21:47 [TestNG-test-Yt Master Tests-2] INFO  verifyingSideMenuCollapsedLangAsInSettings_18-16-51 - [verifyingSideMenuCollapsedLangAsInSettings_18-16-51] Trying to find element: By.xpath: //ytd-topbar-menu-button-renderer[@class='style-scope ytd-masthead style-default']
18:21:47 [TestNG-test-Yt Master Tests-2] INFO  verifyingSideMenuCollapsedLangAsInSettings_18-16-51 - [verifyingSideMenuCollapsedLangAsInSettings_18-16-51] Element found and ready (attempt 1): By.xpath: //ytd-topbar-menu-button-renderer[@class='style-scope ytd-masthead style-default']
18:21:48 [TestNG-test-Yt Master Tests-2] INFO  verifyingSideMenuCollapsedLangAsInSettings_18-16-51 - getLangAttribute() - locating <html> and reading lang property
18:21:48 [TestNG-test-Yt Master Tests-2] INFO  verifyingSideMenuCollapsedLangAsInSettings_18-16-51 - Language attribute read: hi-IN
18:21:48 [TestNG-test-Yt Master Tests-2] INFO  verifyingSideMenuCollapsedLangAsInSettings_18-16-51 - Fetching the side menu in collapsed view
18:21:48 [TestNG-test-Yt Master Tests-2] INFO  verifyingSideMenuCollapsedLangAsInSettings_18-16-51 - [verifyingSideMenuCollapsedLangAsInSettings_18-16-51] Finding elements list: By.xpath: //ytd-mini-guide-renderer[@class='style-scope ytd-app']//ytd-mini-guide-entry-renderer
18:21:48 [TestNG-test-Yt Master Tests-2] INFO  verifyingSideMenuCollapsedLangAsInSettings_18-16-51 - [verifyingSideMenuCollapsedLangAsInSettings_18-16-51] Found 4 ready elements (attempt 1): By.xpath: //ytd-mini-guide-renderer[@class='style-scope ytd-app']//ytd-mini-guide-entry-renderer
18:21:48 [TestNG-test-Yt Master Tests-2] INFO  verifyingSideMenuCollapsedLangAsInSettings_18-16-51 - Clicking settings ellipses button...
18:21:48 [TestNG-test-Yt Master Tests-2] INFO  verifyingSideMenuCollapsedLangAsInSettings_18-16-51 - [verifyingSideMenuCollapsedLangAsInSettings_18-16-51] Trying to find element: By.xpath: //ytd-topbar-menu-button-renderer[@class='style-scope ytd-masthead style-default']
18:21:48 [TestNG-test-Yt Master Tests-2] INFO  verifyingSideMenuCollapsedLangAsInSettings_18-16-51 - [verifyingSideMenuCollapsedLangAsInSettings_18-16-51] Element found and ready (attempt 1): By.xpath: //ytd-topbar-menu-button-renderer[@class='style-scope ytd-masthead style-default']
18:21:48 [TestNG-test-Yt Master Tests-2] INFO  verifyingSideMenuCollapsedLangAsInSettings_18-16-51 - Clicking language dropdown...
18:21:48 [TestNG-test-Yt Master Tests-2] INFO  verifyingSideMenuCollapsedLangAsInSettings_18-16-51 - [verifyingSideMenuCollapsedLangAsInSettings_18-16-51] Trying to find element: By.xpath: (//div[@id='content-icon'])[2]
18:21:49 [TestNG-test-Yt Master Tests-2] INFO  verifyingSideMenuCollapsedLangAsInSettings_18-16-51 - [verifyingSideMenuCollapsedLangAsInSettings_18-16-51] Element found and ready (attempt 1): By.xpath: (//div[@id='content-icon'])[2]
18:21:49 [TestNG-test-Yt Master Tests-2] INFO  verifyingSideMenuCollapsedLangAsInSettings_18-16-51 - Looking for language element with name: বাংলা
18:21:49 [TestNG-test-Yt Master Tests-2] INFO  verifyingSideMenuCollapsedLangAsInSettings_18-16-51 - [verifyingSideMenuCollapsedLangAsInSettings_18-16-51] Trying to find element: By.xpath: //yt-multi-page-menu-section-renderer[@class='style-scope ytd-multi-page-menu-renderer']//yt-formatted-string[@id='label' and text()='বাংলা']
18:21:50 [TestNG-test-Yt Master Tests-2] INFO  verifyingSideMenuCollapsedLangAsInSettings_18-16-51 - [verifyingSideMenuCollapsedLangAsInSettings_18-16-51] Element found and ready (attempt 1): By.xpath: //yt-multi-page-menu-section-renderer[@class='style-scope ytd-multi-page-menu-renderer']//yt-formatted-string[@id='label' and text()='বাংলা']
18:21:50 [TestNG-test-Yt Master Tests-2] INFO  verifyingSideMenuCollapsedLangAsInSettings_18-16-51 - [verifyingSideMenuCollapsedLangAsInSettings_18-16-51] Trying to find element: By.xpath: //yt-multi-page-menu-section-renderer[@class='style-scope ytd-multi-page-menu-renderer']//yt-formatted-string[@id='label' and text()='বাংলা']
18:21:50 [TestNG-test-Yt Master Tests-2] INFO  verifyingSideMenuCollapsedLangAsInSettings_18-16-51 - [verifyingSideMenuCollapsedLangAsInSettings_18-16-51] Element found and ready (attempt 1): By.xpath: //yt-multi-page-menu-section-renderer[@class='style-scope ytd-multi-page-menu-renderer']//yt-formatted-string[@id='label' and text()='বাংলা']
18:21:53 [TestNG-test-Yt Master Tests-2] INFO  verifyingSideMenuCollapsedLangAsInSettings_18-16-51 - Clicking settings ellipses button...
18:21:53 [TestNG-test-Yt Master Tests-2] INFO  verifyingSideMenuCollapsedLangAsInSettings_18-16-51 - [verifyingSideMenuCollapsedLangAsInSettings_18-16-51] Trying to find element: By.xpath: //ytd-topbar-menu-button-renderer[@class='style-scope ytd-masthead style-default']
18:21:53 [TestNG-test-Yt Master Tests-2] INFO  verifyingSideMenuCollapsedLangAsInSettings_18-16-51 - [verifyingSideMenuCollapsedLangAsInSettings_18-16-51] Element found and ready (attempt 1): By.xpath: //ytd-topbar-menu-button-renderer[@class='style-scope ytd-masthead style-default']
18:21:54 [TestNG-test-Yt Master Tests-2] INFO  verifyingSideMenuCollapsedLangAsInSettings_18-16-51 - [verifyingSideMenuCollapsedLangAsInSettings_18-16-51] Waiting until element is visible in viewport
18:21:54 [TestNG-test-Yt Master Tests-2] INFO  verifyingSideMenuCollapsedLangAsInSettings_18-16-51 - Clicking settings ellipses button...
18:21:54 [TestNG-test-Yt Master Tests-2] INFO  verifyingSideMenuCollapsedLangAsInSettings_18-16-51 - [verifyingSideMenuCollapsedLangAsInSettings_18-16-51] Trying to find element: By.xpath: //ytd-topbar-menu-button-renderer[@class='style-scope ytd-masthead style-default']
18:21:54 [TestNG-test-Yt Master Tests-2] INFO  verifyingSideMenuCollapsedLangAsInSettings_18-16-51 - [verifyingSideMenuCollapsedLangAsInSettings_18-16-51] Element found and ready (attempt 1): By.xpath: //ytd-topbar-menu-button-renderer[@class='style-scope ytd-masthead style-default']
18:21:54 [TestNG-test-Yt Master Tests-2] INFO  verifyingSideMenuCollapsedLangAsInSettings_18-16-51 - getLangAttribute() - locating <html> and reading lang property
18:21:54 [TestNG-test-Yt Master Tests-2] INFO  verifyingSideMenuCollapsedLangAsInSettings_18-16-51 - Language attribute read: bn-BD
18:21:54 [TestNG-test-Yt Master Tests-2] INFO  verifyingSideMenuCollapsedLangAsInSettings_18-16-51 - Fetching the side menu in collapsed view
18:21:54 [TestNG-test-Yt Master Tests-2] INFO  verifyingSideMenuCollapsedLangAsInSettings_18-16-51 - [verifyingSideMenuCollapsedLangAsInSettings_18-16-51] Finding elements list: By.xpath: //ytd-mini-guide-renderer[@class='style-scope ytd-app']//ytd-mini-guide-entry-renderer
18:21:54 [TestNG-test-Yt Master Tests-2] INFO  verifyingSideMenuCollapsedLangAsInSettings_18-16-51 - [verifyingSideMenuCollapsedLangAsInSettings_18-16-51] Found 4 ready elements (attempt 1): By.xpath: //ytd-mini-guide-renderer[@class='style-scope ytd-app']//ytd-mini-guide-entry-renderer
18:21:54 [TestNG-test-Yt Master Tests-2] INFO  verifyingSideMenuCollapsedLangAsInSettings_18-16-51 - Clicking settings ellipses button...
18:21:55 [TestNG-test-Yt Master Tests-2] INFO  verifyingSideMenuCollapsedLangAsInSettings_18-16-51 - [verifyingSideMenuCollapsedLangAsInSettings_18-16-51] Trying to find element: By.xpath: //ytd-topbar-menu-button-renderer[@class='style-scope ytd-masthead style-default']
18:21:55 [TestNG-test-Yt Master Tests-2] INFO  verifyingSideMenuCollapsedLangAsInSettings_18-16-51 - [verifyingSideMenuCollapsedLangAsInSettings_18-16-51] Element found and ready (attempt 1): By.xpath: //ytd-topbar-menu-button-renderer[@class='style-scope ytd-masthead style-default']
18:21:55 [TestNG-test-Yt Master Tests-2] INFO  verifyingSideMenuCollapsedLangAsInSettings_18-16-51 - Clicking language dropdown...
18:21:55 [TestNG-test-Yt Master Tests-2] INFO  verifyingSideMenuCollapsedLangAsInSettings_18-16-51 - [verifyingSideMenuCollapsedLangAsInSettings_18-16-51] Trying to find element: By.xpath: (//div[@id='content-icon'])[2]
18:21:55 [TestNG-test-Yt Master Tests-2] INFO  verifyingSideMenuCollapsedLangAsInSettings_18-16-51 - [verifyingSideMenuCollapsedLangAsInSettings_18-16-51] Element found and ready (attempt 1): By.xpath: (//div[@id='content-icon'])[2]
18:21:56 [TestNG-test-Yt Master Tests-2] INFO  verifyingSideMenuCollapsedLangAsInSettings_18-16-51 - Looking for language element with name: ਪੰਜਾਬੀ
18:21:56 [TestNG-test-Yt Master Tests-2] INFO  verifyingSideMenuCollapsedLangAsInSettings_18-16-51 - [verifyingSideMenuCollapsedLangAsInSettings_18-16-51] Trying to find element: By.xpath: //yt-multi-page-menu-section-renderer[@class='style-scope ytd-multi-page-menu-renderer']//yt-formatted-string[@id='label' and text()='ਪੰਜਾਬੀ']
18:21:56 [TestNG-test-Yt Master Tests-2] INFO  verifyingSideMenuCollapsedLangAsInSettings_18-16-51 - [verifyingSideMenuCollapsedLangAsInSettings_18-16-51] Element found and ready (attempt 1): By.xpath: //yt-multi-page-menu-section-renderer[@class='style-scope ytd-multi-page-menu-renderer']//yt-formatted-string[@id='label' and text()='ਪੰਜਾਬੀ']
18:21:56 [TestNG-test-Yt Master Tests-2] INFO  verifyingSideMenuCollapsedLangAsInSettings_18-16-51 - [verifyingSideMenuCollapsedLangAsInSettings_18-16-51] Trying to find element: By.xpath: //yt-multi-page-menu-section-renderer[@class='style-scope ytd-multi-page-menu-renderer']//yt-formatted-string[@id='label' and text()='ਪੰਜਾਬੀ']
18:21:56 [TestNG-test-Yt Master Tests-2] INFO  verifyingSideMenuCollapsedLangAsInSettings_18-16-51 - [verifyingSideMenuCollapsedLangAsInSettings_18-16-51] Element found and ready (attempt 1): By.xpath: //yt-multi-page-menu-section-renderer[@class='style-scope ytd-multi-page-menu-renderer']//yt-formatted-string[@id='label' and text()='ਪੰਜਾਬੀ']
18:21:59 [TestNG-test-Yt Master Tests-2] INFO  verifyingSideMenuCollapsedLangAsInSettings_18-16-51 - Clicking settings ellipses button...
18:22:00 [TestNG-test-Yt Master Tests-2] INFO  verifyingSideMenuCollapsedLangAsInSettings_18-16-51 - [verifyingSideMenuCollapsedLangAsInSettings_18-16-51] Trying to find element: By.xpath: //ytd-topbar-menu-button-renderer[@class='style-scope ytd-masthead style-default']
18:22:00 [TestNG-test-Yt Master Tests-2] INFO  verifyingSideMenuCollapsedLangAsInSettings_18-16-51 - [verifyingSideMenuCollapsedLangAsInSettings_18-16-51] Element found and ready (attempt 1): By.xpath: //ytd-topbar-menu-button-renderer[@class='style-scope ytd-masthead style-default']
18:22:01 [TestNG-test-Yt Master Tests-2] INFO  verifyingSideMenuCollapsedLangAsInSettings_18-16-51 - [verifyingSideMenuCollapsedLangAsInSettings_18-16-51] Waiting until element is visible in viewport
18:22:02 [TestNG-test-Yt Master Tests-2] INFO  verifyingSideMenuCollapsedLangAsInSettings_18-16-51 - Clicking settings ellipses button...
18:22:02 [TestNG-test-Yt Master Tests-2] INFO  verifyingSideMenuCollapsedLangAsInSettings_18-16-51 - [verifyingSideMenuCollapsedLangAsInSettings_18-16-51] Trying to find element: By.xpath: //ytd-topbar-menu-button-renderer[@class='style-scope ytd-masthead style-default']
18:22:02 [TestNG-test-Yt Master Tests-2] INFO  verifyingSideMenuCollapsedLangAsInSettings_18-16-51 - [verifyingSideMenuCollapsedLangAsInSettings_18-16-51] Element found and ready (attempt 1): By.xpath: //ytd-topbar-menu-button-renderer[@class='style-scope ytd-masthead style-default']
18:22:02 [TestNG-test-Yt Master Tests-2] INFO  verifyingSideMenuCollapsedLangAsInSettings_18-16-51 - getLangAttribute() - locating <html> and reading lang property
18:22:02 [TestNG-test-Yt Master Tests-2] INFO  verifyingSideMenuCollapsedLangAsInSettings_18-16-51 - Language attribute read: pa-Guru-IN
18:22:02 [TestNG-test-Yt Master Tests-2] INFO  verifyingSideMenuCollapsedLangAsInSettings_18-16-51 - Fetching the side menu in collapsed view
18:22:02 [TestNG-test-Yt Master Tests-2] INFO  verifyingSideMenuCollapsedLangAsInSettings_18-16-51 - [verifyingSideMenuCollapsedLangAsInSettings_18-16-51] Finding elements list: By.xpath: //ytd-mini-guide-renderer[@class='style-scope ytd-app']//ytd-mini-guide-entry-renderer
18:22:03 [TestNG-test-Yt Master Tests-2] INFO  verifyingSideMenuCollapsedLangAsInSettings_18-16-51 - [verifyingSideMenuCollapsedLangAsInSettings_18-16-51] Found 4 ready elements (attempt 1): By.xpath: //ytd-mini-guide-renderer[@class='style-scope ytd-app']//ytd-mini-guide-entry-renderer
18:22:03 [TestNG-test-Yt Master Tests-2] INFO  verifyingSideMenuCollapsedLangAsInSettings_18-16-51 - Clicking settings ellipses button...
18:22:03 [TestNG-test-Yt Master Tests-2] INFO  verifyingSideMenuCollapsedLangAsInSettings_18-16-51 - [verifyingSideMenuCollapsedLangAsInSettings_18-16-51] Trying to find element: By.xpath: //ytd-topbar-menu-button-renderer[@class='style-scope ytd-masthead style-default']
18:22:03 [TestNG-test-Yt Master Tests-2] INFO  verifyingSideMenuCollapsedLangAsInSettings_18-16-51 - [verifyingSideMenuCollapsedLangAsInSettings_18-16-51] Element found and ready (attempt 1): By.xpath: //ytd-topbar-menu-button-renderer[@class='style-scope ytd-masthead style-default']
18:22:03 [TestNG-test-Yt Master Tests-2] INFO  verifyingSideMenuCollapsedLangAsInSettings_18-16-51 - Clicking language dropdown...
18:22:03 [TestNG-test-Yt Master Tests-2] INFO  verifyingSideMenuCollapsedLangAsInSettings_18-16-51 - [verifyingSideMenuCollapsedLangAsInSettings_18-16-51] Trying to find element: By.xpath: (//div[@id='content-icon'])[2]
18:22:04 [TestNG-test-Yt Master Tests-2] INFO  verifyingSideMenuCollapsedLangAsInSettings_18-16-51 - [verifyingSideMenuCollapsedLangAsInSettings_18-16-51] Element found and ready (attempt 1): By.xpath: (//div[@id='content-icon'])[2]
18:22:05 [TestNG-test-Yt Master Tests-2] INFO  verifyingSideMenuCollapsedLangAsInSettings_18-16-51 - Looking for language element with name: ગુજરાતી
18:22:05 [TestNG-test-Yt Master Tests-2] INFO  verifyingSideMenuCollapsedLangAsInSettings_18-16-51 - [verifyingSideMenuCollapsedLangAsInSettings_18-16-51] Trying to find element: By.xpath: //yt-multi-page-menu-section-renderer[@class='style-scope ytd-multi-page-menu-renderer']//yt-formatted-string[@id='label' and text()='ગુજરાતી']
18:22:05 [TestNG-test-Yt Master Tests-2] INFO  verifyingSideMenuCollapsedLangAsInSettings_18-16-51 - [verifyingSideMenuCollapsedLangAsInSettings_18-16-51] Element found and ready (attempt 1): By.xpath: //yt-multi-page-menu-section-renderer[@class='style-scope ytd-multi-page-menu-renderer']//yt-formatted-string[@id='label' and text()='ગુજરાતી']
18:22:05 [TestNG-test-Yt Master Tests-2] INFO  verifyingSideMenuCollapsedLangAsInSettings_18-16-51 - [verifyingSideMenuCollapsedLangAsInSettings_18-16-51] Trying to find element: By.xpath: //yt-multi-page-menu-section-renderer[@class='style-scope ytd-multi-page-menu-renderer']//yt-formatted-string[@id='label' and text()='ગુજરાતી']
18:22:05 [TestNG-test-Yt Master Tests-2] INFO  verifyingSideMenuCollapsedLangAsInSettings_18-16-51 - [verifyingSideMenuCollapsedLangAsInSettings_18-16-51] Element found and ready (attempt 1): By.xpath: //yt-multi-page-menu-section-renderer[@class='style-scope ytd-multi-page-menu-renderer']//yt-formatted-string[@id='label' and text()='ગુજરાતી']
18:22:08 [TestNG-test-Yt Master Tests-2] INFO  verifyingSideMenuCollapsedLangAsInSettings_18-16-51 - Clicking settings ellipses button...
18:22:08 [TestNG-test-Yt Master Tests-2] INFO  verifyingSideMenuCollapsedLangAsInSettings_18-16-51 - [verifyingSideMenuCollapsedLangAsInSettings_18-16-51] Trying to find element: By.xpath: //ytd-topbar-menu-button-renderer[@class='style-scope ytd-masthead style-default']
18:22:08 [TestNG-test-Yt Master Tests-2] INFO  verifyingSideMenuCollapsedLangAsInSettings_18-16-51 - [verifyingSideMenuCollapsedLangAsInSettings_18-16-51] Element found and ready (attempt 1): By.xpath: //ytd-topbar-menu-button-renderer[@class='style-scope ytd-masthead style-default']
18:22:09 [TestNG-test-Yt Master Tests-2] INFO  verifyingSideMenuCollapsedLangAsInSettings_18-16-51 - [verifyingSideMenuCollapsedLangAsInSettings_18-16-51] Waiting until element is visible in viewport
18:22:09 [TestNG-test-Yt Master Tests-2] INFO  verifyingSideMenuCollapsedLangAsInSettings_18-16-51 - Clicking settings ellipses button...
18:22:09 [TestNG-test-Yt Master Tests-2] INFO  verifyingSideMenuCollapsedLangAsInSettings_18-16-51 - [verifyingSideMenuCollapsedLangAsInSettings_18-16-51] Trying to find element: By.xpath: //ytd-topbar-menu-button-renderer[@class='style-scope ytd-masthead style-default']
18:22:09 [TestNG-test-Yt Master Tests-2] INFO  verifyingSideMenuCollapsedLangAsInSettings_18-16-51 - [verifyingSideMenuCollapsedLangAsInSettings_18-16-51] Element found and ready (attempt 1): By.xpath: //ytd-topbar-menu-button-renderer[@class='style-scope ytd-masthead style-default']
18:22:09 [TestNG-test-Yt Master Tests-2] INFO  verifyingSideMenuCollapsedLangAsInSettings_18-16-51 - getLangAttribute() - locating <html> and reading lang property
18:22:09 [TestNG-test-Yt Master Tests-2] INFO  verifyingSideMenuCollapsedLangAsInSettings_18-16-51 - Language attribute read: gu-IN
18:22:09 [TestNG-test-Yt Master Tests-2] INFO  verifyingSideMenuCollapsedLangAsInSettings_18-16-51 - Fetching the side menu in collapsed view
18:22:09 [TestNG-test-Yt Master Tests-2] INFO  verifyingSideMenuCollapsedLangAsInSettings_18-16-51 - [verifyingSideMenuCollapsedLangAsInSettings_18-16-51] Finding elements list: By.xpath: //ytd-mini-guide-renderer[@class='style-scope ytd-app']//ytd-mini-guide-entry-renderer
18:22:10 [TestNG-test-Yt Master Tests-2] INFO  verifyingSideMenuCollapsedLangAsInSettings_18-16-51 - [verifyingSideMenuCollapsedLangAsInSettings_18-16-51] Found 4 ready elements (attempt 1): By.xpath: //ytd-mini-guide-renderer[@class='style-scope ytd-app']//ytd-mini-guide-entry-renderer
18:22:10 [TestNG-test-Yt Master Tests-2] INFO  verifyingSideMenuCollapsedLangAsInSettings_18-16-51 - Clicking settings ellipses button...
18:22:10 [TestNG-test-Yt Master Tests-2] INFO  verifyingSideMenuCollapsedLangAsInSettings_18-16-51 - [verifyingSideMenuCollapsedLangAsInSettings_18-16-51] Trying to find element: By.xpath: //ytd-topbar-menu-button-renderer[@class='style-scope ytd-masthead style-default']
18:22:10 [TestNG-test-Yt Master Tests-2] INFO  verifyingSideMenuCollapsedLangAsInSettings_18-16-51 - [verifyingSideMenuCollapsedLangAsInSettings_18-16-51] Element found and ready (attempt 1): By.xpath: //ytd-topbar-menu-button-renderer[@class='style-scope ytd-masthead style-default']
18:22:10 [TestNG-test-Yt Master Tests-2] INFO  verifyingSideMenuCollapsedLangAsInSettings_18-16-51 - Clicking language dropdown...
18:22:10 [TestNG-test-Yt Master Tests-2] INFO  verifyingSideMenuCollapsedLangAsInSettings_18-16-51 - [verifyingSideMenuCollapsedLangAsInSettings_18-16-51] Trying to find element: By.xpath: (//div[@id='content-icon'])[2]
18:22:11 [TestNG-test-Yt Master Tests-2] INFO  verifyingSideMenuCollapsedLangAsInSettings_18-16-51 - [verifyingSideMenuCollapsedLangAsInSettings_18-16-51] Element found and ready (attempt 1): By.xpath: (//div[@id='content-icon'])[2]
18:22:11 [TestNG-test-Yt Master Tests-2] INFO  verifyingSideMenuCollapsedLangAsInSettings_18-16-51 - Looking for language element with name: தமிழ்
18:22:11 [TestNG-test-Yt Master Tests-2] INFO  verifyingSideMenuCollapsedLangAsInSettings_18-16-51 - [verifyingSideMenuCollapsedLangAsInSettings_18-16-51] Trying to find element: By.xpath: //yt-multi-page-menu-section-renderer[@class='style-scope ytd-multi-page-menu-renderer']//yt-formatted-string[@id='label' and text()='தமிழ்']
18:22:11 [TestNG-test-Yt Master Tests-2] INFO  verifyingSideMenuCollapsedLangAsInSettings_18-16-51 - [verifyingSideMenuCollapsedLangAsInSettings_18-16-51] Element found and ready (attempt 1): By.xpath: //yt-multi-page-menu-section-renderer[@class='style-scope ytd-multi-page-menu-renderer']//yt-formatted-string[@id='label' and text()='தமிழ்']
18:22:11 [TestNG-test-Yt Master Tests-2] INFO  verifyingSideMenuCollapsedLangAsInSettings_18-16-51 - [verifyingSideMenuCollapsedLangAsInSettings_18-16-51] Trying to find element: By.xpath: //yt-multi-page-menu-section-renderer[@class='style-scope ytd-multi-page-menu-renderer']//yt-formatted-string[@id='label' and text()='தமிழ்']
18:22:11 [TestNG-test-Yt Master Tests-2] INFO  verifyingSideMenuCollapsedLangAsInSettings_18-16-51 - [verifyingSideMenuCollapsedLangAsInSettings_18-16-51] Element found and ready (attempt 1): By.xpath: //yt-multi-page-menu-section-renderer[@class='style-scope ytd-multi-page-menu-renderer']//yt-formatted-string[@id='label' and text()='தமிழ்']
18:22:15 [TestNG-test-Yt Master Tests-2] INFO  verifyingSideMenuCollapsedLangAsInSettings_18-16-51 - Clicking settings ellipses button...
18:22:15 [TestNG-test-Yt Master Tests-2] INFO  verifyingSideMenuCollapsedLangAsInSettings_18-16-51 - [verifyingSideMenuCollapsedLangAsInSettings_18-16-51] Trying to find element: By.xpath: //ytd-topbar-menu-button-renderer[@class='style-scope ytd-masthead style-default']
18:22:15 [TestNG-test-Yt Master Tests-2] INFO  verifyingSideMenuCollapsedLangAsInSettings_18-16-51 - [verifyingSideMenuCollapsedLangAsInSettings_18-16-51] Element found and ready (attempt 1): By.xpath: //ytd-topbar-menu-button-renderer[@class='style-scope ytd-masthead style-default']
18:22:17 [TestNG-test-Yt Master Tests-2] INFO  verifyingSideMenuCollapsedLangAsInSettings_18-16-51 - [verifyingSideMenuCollapsedLangAsInSettings_18-16-51] Waiting until element is visible in viewport
18:22:17 [TestNG-test-Yt Master Tests-2] INFO  verifyingSideMenuCollapsedLangAsInSettings_18-16-51 - Clicking settings ellipses button...
18:22:17 [TestNG-test-Yt Master Tests-2] INFO  verifyingSideMenuCollapsedLangAsInSettings_18-16-51 - [verifyingSideMenuCollapsedLangAsInSettings_18-16-51] Trying to find element: By.xpath: //ytd-topbar-menu-button-renderer[@class='style-scope ytd-masthead style-default']
18:22:17 [TestNG-test-Yt Master Tests-2] INFO  verifyingSideMenuCollapsedLangAsInSettings_18-16-51 - [verifyingSideMenuCollapsedLangAsInSettings_18-16-51] Element found and ready (attempt 1): By.xpath: //ytd-topbar-menu-button-renderer[@class='style-scope ytd-masthead style-default']
18:22:17 [TestNG-test-Yt Master Tests-2] INFO  verifyingSideMenuCollapsedLangAsInSettings_18-16-51 - getLangAttribute() - locating <html> and reading lang property
18:22:17 [TestNG-test-Yt Master Tests-2] INFO  verifyingSideMenuCollapsedLangAsInSettings_18-16-51 - Language attribute read: ta-IN
18:22:17 [TestNG-test-Yt Master Tests-2] INFO  verifyingSideMenuCollapsedLangAsInSettings_18-16-51 - Fetching the side menu in collapsed view
18:22:17 [TestNG-test-Yt Master Tests-2] INFO  verifyingSideMenuCollapsedLangAsInSettings_18-16-51 - [verifyingSideMenuCollapsedLangAsInSettings_18-16-51] Finding elements list: By.xpath: //ytd-mini-guide-renderer[@class='style-scope ytd-app']//ytd-mini-guide-entry-renderer
18:22:18 [TestNG-test-Yt Master Tests-2] INFO  verifyingSideMenuCollapsedLangAsInSettings_18-16-51 - [verifyingSideMenuCollapsedLangAsInSettings_18-16-51] Found 4 ready elements (attempt 1): By.xpath: //ytd-mini-guide-renderer[@class='style-scope ytd-app']//ytd-mini-guide-entry-renderer
18:22:18 [TestNG-test-Yt Master Tests-2] INFO  verifyingSideMenuCollapsedLangAsInSettings_18-16-51 - Clicking settings ellipses button...
18:22:18 [TestNG-test-Yt Master Tests-2] INFO  verifyingSideMenuCollapsedLangAsInSettings_18-16-51 - [verifyingSideMenuCollapsedLangAsInSettings_18-16-51] Trying to find element: By.xpath: //ytd-topbar-menu-button-renderer[@class='style-scope ytd-masthead style-default']
18:22:18 [TestNG-test-Yt Master Tests-2] INFO  verifyingSideMenuCollapsedLangAsInSettings_18-16-51 - [verifyingSideMenuCollapsedLangAsInSettings_18-16-51] Element found and ready (attempt 1): By.xpath: //ytd-topbar-menu-button-renderer[@class='style-scope ytd-masthead style-default']
18:22:18 [TestNG-test-Yt Master Tests-2] INFO  verifyingSideMenuCollapsedLangAsInSettings_18-16-51 - Clicking language dropdown...
18:22:18 [TestNG-test-Yt Master Tests-2] INFO  verifyingSideMenuCollapsedLangAsInSettings_18-16-51 - [verifyingSideMenuCollapsedLangAsInSettings_18-16-51] Trying to find element: By.xpath: (//div[@id='content-icon'])[2]
18:22:19 [TestNG-test-Yt Master Tests-2] INFO  verifyingSideMenuCollapsedLangAsInSettings_18-16-51 - [verifyingSideMenuCollapsedLangAsInSettings_18-16-51] Element found and ready (attempt 1): By.xpath: (//div[@id='content-icon'])[2]
18:22:20 [TestNG-test-Yt Master Tests-2] INFO  verifyingSideMenuCollapsedLangAsInSettings_18-16-51 - Looking for language element with name: తెలుగు
18:22:20 [TestNG-test-Yt Master Tests-2] INFO  verifyingSideMenuCollapsedLangAsInSettings_18-16-51 - [verifyingSideMenuCollapsedLangAsInSettings_18-16-51] Trying to find element: By.xpath: //yt-multi-page-menu-section-renderer[@class='style-scope ytd-multi-page-menu-renderer']//yt-formatted-string[@id='label' and text()='తెలుగు']
18:22:20 [TestNG-test-Yt Master Tests-2] INFO  verifyingSideMenuCollapsedLangAsInSettings_18-16-51 - [verifyingSideMenuCollapsedLangAsInSettings_18-16-51] Element found and ready (attempt 1): By.xpath: //yt-multi-page-menu-section-renderer[@class='style-scope ytd-multi-page-menu-renderer']//yt-formatted-string[@id='label' and text()='తెలుగు']
18:22:20 [TestNG-test-Yt Master Tests-2] INFO  verifyingSideMenuCollapsedLangAsInSettings_18-16-51 - [verifyingSideMenuCollapsedLangAsInSettings_18-16-51] Trying to find element: By.xpath: //yt-multi-page-menu-section-renderer[@class='style-scope ytd-multi-page-menu-renderer']//yt-formatted-string[@id='label' and text()='తెలుగు']
18:22:20 [TestNG-test-Yt Master Tests-2] INFO  verifyingSideMenuCollapsedLangAsInSettings_18-16-51 - [verifyingSideMenuCollapsedLangAsInSettings_18-16-51] Element found and ready (attempt 1): By.xpath: //yt-multi-page-menu-section-renderer[@class='style-scope ytd-multi-page-menu-renderer']//yt-formatted-string[@id='label' and text()='తెలుగు']
18:22:23 [TestNG-test-Yt Master Tests-2] INFO  verifyingSideMenuCollapsedLangAsInSettings_18-16-51 - Clicking settings ellipses button...
18:22:23 [TestNG-test-Yt Master Tests-2] INFO  verifyingSideMenuCollapsedLangAsInSettings_18-16-51 - [verifyingSideMenuCollapsedLangAsInSettings_18-16-51] Trying to find element: By.xpath: //ytd-topbar-menu-button-renderer[@class='style-scope ytd-masthead style-default']
18:22:23 [TestNG-test-Yt Master Tests-2] INFO  verifyingSideMenuCollapsedLangAsInSettings_18-16-51 - [verifyingSideMenuCollapsedLangAsInSettings_18-16-51] Element found and ready (attempt 1): By.xpath: //ytd-topbar-menu-button-renderer[@class='style-scope ytd-masthead style-default']
18:22:24 [TestNG-test-Yt Master Tests-2] INFO  verifyingSideMenuCollapsedLangAsInSettings_18-16-51 - [verifyingSideMenuCollapsedLangAsInSettings_18-16-51] Waiting until element is visible in viewport
18:22:24 [TestNG-test-Yt Master Tests-2] INFO  verifyingSideMenuCollapsedLangAsInSettings_18-16-51 - Clicking settings ellipses button...
18:22:24 [TestNG-test-Yt Master Tests-2] INFO  verifyingSideMenuCollapsedLangAsInSettings_18-16-51 - [verifyingSideMenuCollapsedLangAsInSettings_18-16-51] Trying to find element: By.xpath: //ytd-topbar-menu-button-renderer[@class='style-scope ytd-masthead style-default']
18:22:24 [TestNG-test-Yt Master Tests-2] INFO  verifyingSideMenuCollapsedLangAsInSettings_18-16-51 - [verifyingSideMenuCollapsedLangAsInSettings_18-16-51] Element found and ready (attempt 1): By.xpath: //ytd-topbar-menu-button-renderer[@class='style-scope ytd-masthead style-default']
18:22:24 [TestNG-test-Yt Master Tests-2] INFO  verifyingSideMenuCollapsedLangAsInSettings_18-16-51 - getLangAttribute() - locating <html> and reading lang property
18:22:24 [TestNG-test-Yt Master Tests-2] INFO  verifyingSideMenuCollapsedLangAsInSettings_18-16-51 - Language attribute read: te-IN
18:22:24 [TestNG-test-Yt Master Tests-2] INFO  verifyingSideMenuCollapsedLangAsInSettings_18-16-51 - Fetching the side menu in collapsed view
18:22:24 [TestNG-test-Yt Master Tests-2] INFO  verifyingSideMenuCollapsedLangAsInSettings_18-16-51 - [verifyingSideMenuCollapsedLangAsInSettings_18-16-51] Finding elements list: By.xpath: //ytd-mini-guide-renderer[@class='style-scope ytd-app']//ytd-mini-guide-entry-renderer
18:22:24 [TestNG-test-Yt Master Tests-2] INFO  verifyingSideMenuCollapsedLangAsInSettings_18-16-51 - [verifyingSideMenuCollapsedLangAsInSettings_18-16-51] Found 4 ready elements (attempt 1): By.xpath: //ytd-mini-guide-renderer[@class='style-scope ytd-app']//ytd-mini-guide-entry-renderer
18:22:25 [TestNG-test-Yt Master Tests-2] INFO  verifyingSideMenuCollapsedLangAsInSettings_18-16-51 - Clicking settings ellipses button...
18:22:25 [TestNG-test-Yt Master Tests-2] INFO  verifyingSideMenuCollapsedLangAsInSettings_18-16-51 - [verifyingSideMenuCollapsedLangAsInSettings_18-16-51] Trying to find element: By.xpath: //ytd-topbar-menu-button-renderer[@class='style-scope ytd-masthead style-default']
18:22:25 [TestNG-test-Yt Master Tests-2] INFO  verifyingSideMenuCollapsedLangAsInSettings_18-16-51 - [verifyingSideMenuCollapsedLangAsInSettings_18-16-51] Element found and ready (attempt 1): By.xpath: //ytd-topbar-menu-button-renderer[@class='style-scope ytd-masthead style-default']
18:22:25 [TestNG-test-Yt Master Tests-2] INFO  verifyingSideMenuCollapsedLangAsInSettings_18-16-51 - Clicking language dropdown...
18:22:25 [TestNG-test-Yt Master Tests-2] INFO  verifyingSideMenuCollapsedLangAsInSettings_18-16-51 - [verifyingSideMenuCollapsedLangAsInSettings_18-16-51] Trying to find element: By.xpath: (//div[@id='content-icon'])[2]
18:22:25 [TestNG-test-Yt Master Tests-2] INFO  verifyingSideMenuCollapsedLangAsInSettings_18-16-51 - [verifyingSideMenuCollapsedLangAsInSettings_18-16-51] Element found and ready (attempt 1): By.xpath: (//div[@id='content-icon'])[2]
18:22:26 [TestNG-test-Yt Master Tests-2] INFO  verifyingSideMenuCollapsedLangAsInSettings_18-16-51 - Looking for language element with name: 中文 (简体)
18:22:26 [TestNG-test-Yt Master Tests-2] INFO  verifyingSideMenuCollapsedLangAsInSettings_18-16-51 - [verifyingSideMenuCollapsedLangAsInSettings_18-16-51] Trying to find element: By.xpath: //yt-multi-page-menu-section-renderer[@class='style-scope ytd-multi-page-menu-renderer']//yt-formatted-string[@id='label' and text()='中文 (简体)']
18:22:26 [TestNG-test-Yt Master Tests-2] INFO  verifyingSideMenuCollapsedLangAsInSettings_18-16-51 - [verifyingSideMenuCollapsedLangAsInSettings_18-16-51] Element found and ready (attempt 1): By.xpath: //yt-multi-page-menu-section-renderer[@class='style-scope ytd-multi-page-menu-renderer']//yt-formatted-string[@id='label' and text()='中文 (简体)']
18:22:26 [TestNG-test-Yt Master Tests-2] INFO  verifyingSideMenuCollapsedLangAsInSettings_18-16-51 - [verifyingSideMenuCollapsedLangAsInSettings_18-16-51] Trying to find element: By.xpath: //yt-multi-page-menu-section-renderer[@class='style-scope ytd-multi-page-menu-renderer']//yt-formatted-string[@id='label' and text()='中文 (简体)']
18:22:26 [TestNG-test-Yt Master Tests-2] INFO  verifyingSideMenuCollapsedLangAsInSettings_18-16-51 - [verifyingSideMenuCollapsedLangAsInSettings_18-16-51] Element found and ready (attempt 1): By.xpath: //yt-multi-page-menu-section-renderer[@class='style-scope ytd-multi-page-menu-renderer']//yt-formatted-string[@id='label' and text()='中文 (简体)']
18:22:29 [TestNG-test-Yt Master Tests-2] INFO  verifyingSideMenuCollapsedLangAsInSettings_18-16-51 - Clicking settings ellipses button...
18:22:29 [TestNG-test-Yt Master Tests-2] INFO  verifyingSideMenuCollapsedLangAsInSettings_18-16-51 - [verifyingSideMenuCollapsedLangAsInSettings_18-16-51] Trying to find element: By.xpath: //ytd-topbar-menu-button-renderer[@class='style-scope ytd-masthead style-default']
18:22:29 [TestNG-test-Yt Master Tests-2] INFO  verifyingSideMenuCollapsedLangAsInSettings_18-16-51 - [verifyingSideMenuCollapsedLangAsInSettings_18-16-51] Element found and ready (attempt 1): By.xpath: //ytd-topbar-menu-button-renderer[@class='style-scope ytd-masthead style-default']
18:22:30 [TestNG-test-Yt Master Tests-2] INFO  verifyingSideMenuCollapsedLangAsInSettings_18-16-51 - [verifyingSideMenuCollapsedLangAsInSettings_18-16-51] Waiting until element is visible in viewport
18:22:31 [TestNG-test-Yt Master Tests-2] INFO  verifyingSideMenuCollapsedLangAsInSettings_18-16-51 - Clicking settings ellipses button...
18:22:32 [TestNG-test-Yt Master Tests-2] INFO  verifyingSideMenuCollapsedLangAsInSettings_18-16-51 - [verifyingSideMenuCollapsedLangAsInSettings_18-16-51] Trying to find element: By.xpath: //ytd-topbar-menu-button-renderer[@class='style-scope ytd-masthead style-default']
18:22:32 [TestNG-test-Yt Master Tests-2] INFO  verifyingSideMenuCollapsedLangAsInSettings_18-16-51 - [verifyingSideMenuCollapsedLangAsInSettings_18-16-51] Element found and ready (attempt 1): By.xpath: //ytd-topbar-menu-button-renderer[@class='style-scope ytd-masthead style-default']
18:22:32 [TestNG-test-Yt Master Tests-2] INFO  verifyingSideMenuCollapsedLangAsInSettings_18-16-51 - getLangAttribute() - locating <html> and reading lang property
18:22:32 [TestNG-test-Yt Master Tests-2] INFO  verifyingSideMenuCollapsedLangAsInSettings_18-16-51 - Language attribute read: zh-Hans-CN
18:22:32 [TestNG-test-Yt Master Tests-2] INFO  verifyingSideMenuCollapsedLangAsInSettings_18-16-51 - Fetching the side menu in collapsed view
18:22:32 [TestNG-test-Yt Master Tests-2] INFO  verifyingSideMenuCollapsedLangAsInSettings_18-16-51 - [verifyingSideMenuCollapsedLangAsInSettings_18-16-51] Finding elements list: By.xpath: //ytd-mini-guide-renderer[@class='style-scope ytd-app']//ytd-mini-guide-entry-renderer
18:22:32 [TestNG-test-Yt Master Tests-2] INFO  verifyingSideMenuCollapsedLangAsInSettings_18-16-51 - [verifyingSideMenuCollapsedLangAsInSettings_18-16-51] Found 4 ready elements (attempt 1): By.xpath: //ytd-mini-guide-renderer[@class='style-scope ytd-app']//ytd-mini-guide-entry-renderer
18:22:33 [TestNG-test-Yt Master Tests-2] INFO  verifyingSideMenuCollapsedLangAsInSettings_18-16-51 - Clicking settings ellipses button...
18:22:33 [TestNG-test-Yt Master Tests-2] INFO  verifyingSideMenuCollapsedLangAsInSettings_18-16-51 - [verifyingSideMenuCollapsedLangAsInSettings_18-16-51] Trying to find element: By.xpath: //ytd-topbar-menu-button-renderer[@class='style-scope ytd-masthead style-default']
18:22:33 [TestNG-test-Yt Master Tests-2] INFO  verifyingSideMenuCollapsedLangAsInSettings_18-16-51 - [verifyingSideMenuCollapsedLangAsInSettings_18-16-51] Element found and ready (attempt 1): By.xpath: //ytd-topbar-menu-button-renderer[@class='style-scope ytd-masthead style-default']
18:22:33 [TestNG-test-Yt Master Tests-2] INFO  verifyingSideMenuCollapsedLangAsInSettings_18-16-51 - Clicking language dropdown...
18:22:33 [TestNG-test-Yt Master Tests-2] INFO  verifyingSideMenuCollapsedLangAsInSettings_18-16-51 - [verifyingSideMenuCollapsedLangAsInSettings_18-16-51] Trying to find element: By.xpath: (//div[@id='content-icon'])[2]
18:22:33 [TestNG-test-Yt Master Tests-2] INFO  verifyingSideMenuCollapsedLangAsInSettings_18-16-51 - [verifyingSideMenuCollapsedLangAsInSettings_18-16-51] Element found and ready (attempt 1): By.xpath: (//div[@id='content-icon'])[2]
18:22:34 [TestNG-test-Yt Master Tests-2] INFO  verifyingSideMenuCollapsedLangAsInSettings_18-16-51 - Looking for language element with name: 中文 (繁體)
18:22:34 [TestNG-test-Yt Master Tests-2] INFO  verifyingSideMenuCollapsedLangAsInSettings_18-16-51 - [verifyingSideMenuCollapsedLangAsInSettings_18-16-51] Trying to find element: By.xpath: //yt-multi-page-menu-section-renderer[@class='style-scope ytd-multi-page-menu-renderer']//yt-formatted-string[@id='label' and text()='中文 (繁體)']
18:22:34 [TestNG-test-Yt Master Tests-2] INFO  verifyingSideMenuCollapsedLangAsInSettings_18-16-51 - [verifyingSideMenuCollapsedLangAsInSettings_18-16-51] Element found and ready (attempt 1): By.xpath: //yt-multi-page-menu-section-renderer[@class='style-scope ytd-multi-page-menu-renderer']//yt-formatted-string[@id='label' and text()='中文 (繁體)']
18:22:34 [TestNG-test-Yt Master Tests-2] INFO  verifyingSideMenuCollapsedLangAsInSettings_18-16-51 - [verifyingSideMenuCollapsedLangAsInSettings_18-16-51] Trying to find element: By.xpath: //yt-multi-page-menu-section-renderer[@class='style-scope ytd-multi-page-menu-renderer']//yt-formatted-string[@id='label' and text()='中文 (繁體)']
18:22:34 [TestNG-test-Yt Master Tests-2] INFO  verifyingSideMenuCollapsedLangAsInSettings_18-16-51 - [verifyingSideMenuCollapsedLangAsInSettings_18-16-51] Element found and ready (attempt 1): By.xpath: //yt-multi-page-menu-section-renderer[@class='style-scope ytd-multi-page-menu-renderer']//yt-formatted-string[@id='label' and text()='中文 (繁體)']
18:22:37 [TestNG-test-Yt Master Tests-2] INFO  verifyingSideMenuCollapsedLangAsInSettings_18-16-51 - Clicking settings ellipses button...
18:22:37 [TestNG-test-Yt Master Tests-2] INFO  verifyingSideMenuCollapsedLangAsInSettings_18-16-51 - [verifyingSideMenuCollapsedLangAsInSettings_18-16-51] Trying to find element: By.xpath: //ytd-topbar-menu-button-renderer[@class='style-scope ytd-masthead style-default']
18:22:37 [TestNG-test-Yt Master Tests-2] INFO  verifyingSideMenuCollapsedLangAsInSettings_18-16-51 - [verifyingSideMenuCollapsedLangAsInSettings_18-16-51] Element found and ready (attempt 1): By.xpath: //ytd-topbar-menu-button-renderer[@class='style-scope ytd-masthead style-default']
18:22:38 [TestNG-test-Yt Master Tests-2] INFO  verifyingSideMenuCollapsedLangAsInSettings_18-16-51 - [verifyingSideMenuCollapsedLangAsInSettings_18-16-51] Waiting until element is visible in viewport
18:22:38 [TestNG-test-Yt Master Tests-2] INFO  verifyingSideMenuCollapsedLangAsInSettings_18-16-51 - Clicking settings ellipses button...
18:22:38 [TestNG-test-Yt Master Tests-2] INFO  verifyingSideMenuCollapsedLangAsInSettings_18-16-51 - [verifyingSideMenuCollapsedLangAsInSettings_18-16-51] Trying to find element: By.xpath: //ytd-topbar-menu-button-renderer[@class='style-scope ytd-masthead style-default']
18:22:38 [TestNG-test-Yt Master Tests-2] INFO  verifyingSideMenuCollapsedLangAsInSettings_18-16-51 - [verifyingSideMenuCollapsedLangAsInSettings_18-16-51] Element found and ready (attempt 1): By.xpath: //ytd-topbar-menu-button-renderer[@class='style-scope ytd-masthead style-default']
18:22:38 [TestNG-test-Yt Master Tests-2] INFO  verifyingSideMenuCollapsedLangAsInSettings_18-16-51 - getLangAttribute() - locating <html> and reading lang property
18:22:38 [TestNG-test-Yt Master Tests-2] INFO  verifyingSideMenuCollapsedLangAsInSettings_18-16-51 - Language attribute read: zh-Hant-TW
18:22:38 [TestNG-test-Yt Master Tests-2] INFO  verifyingSideMenuCollapsedLangAsInSettings_18-16-51 - Fetching the side menu in collapsed view
18:22:38 [TestNG-test-Yt Master Tests-2] INFO  verifyingSideMenuCollapsedLangAsInSettings_18-16-51 - [verifyingSideMenuCollapsedLangAsInSettings_18-16-51] Finding elements list: By.xpath: //ytd-mini-guide-renderer[@class='style-scope ytd-app']//ytd-mini-guide-entry-renderer
18:22:39 [TestNG-test-Yt Master Tests-2] INFO  verifyingSideMenuCollapsedLangAsInSettings_18-16-51 - [verifyingSideMenuCollapsedLangAsInSettings_18-16-51] Found 4 ready elements (attempt 1): By.xpath: //ytd-mini-guide-renderer[@class='style-scope ytd-app']//ytd-mini-guide-entry-renderer
18:22:39 [TestNG-test-Yt Master Tests-2] INFO  verifyingSideMenuCollapsedLangAsInSettings_18-16-51 - Clicking settings ellipses button...
18:22:39 [TestNG-test-Yt Master Tests-2] INFO  verifyingSideMenuCollapsedLangAsInSettings_18-16-51 - [verifyingSideMenuCollapsedLangAsInSettings_18-16-51] Trying to find element: By.xpath: //ytd-topbar-menu-button-renderer[@class='style-scope ytd-masthead style-default']
18:22:39 [TestNG-test-Yt Master Tests-2] INFO  verifyingSideMenuCollapsedLangAsInSettings_18-16-51 - [verifyingSideMenuCollapsedLangAsInSettings_18-16-51] Element found and ready (attempt 1): By.xpath: //ytd-topbar-menu-button-renderer[@class='style-scope ytd-masthead style-default']
18:22:39 [TestNG-test-Yt Master Tests-2] INFO  verifyingSideMenuCollapsedLangAsInSettings_18-16-51 - Clicking language dropdown...
18:22:39 [TestNG-test-Yt Master Tests-2] INFO  verifyingSideMenuCollapsedLangAsInSettings_18-16-51 - [verifyingSideMenuCollapsedLangAsInSettings_18-16-51] Trying to find element: By.xpath: (//div[@id='content-icon'])[2]
18:22:40 [TestNG-test-Yt Master Tests-2] INFO  verifyingSideMenuCollapsedLangAsInSettings_18-16-51 - [verifyingSideMenuCollapsedLangAsInSettings_18-16-51] Element found and ready (attempt 1): By.xpath: (//div[@id='content-icon'])[2]
18:22:41 [TestNG-test-Yt Master Tests-2] INFO  verifyingSideMenuCollapsedLangAsInSettings_18-16-51 - Looking for language element with name: 中文 (香港)
18:22:41 [TestNG-test-Yt Master Tests-2] INFO  verifyingSideMenuCollapsedLangAsInSettings_18-16-51 - [verifyingSideMenuCollapsedLangAsInSettings_18-16-51] Trying to find element: By.xpath: //yt-multi-page-menu-section-renderer[@class='style-scope ytd-multi-page-menu-renderer']//yt-formatted-string[@id='label' and text()='中文 (香港)']
18:22:41 [TestNG-test-Yt Master Tests-2] INFO  verifyingSideMenuCollapsedLangAsInSettings_18-16-51 - [verifyingSideMenuCollapsedLangAsInSettings_18-16-51] Element found and ready (attempt 1): By.xpath: //yt-multi-page-menu-section-renderer[@class='style-scope ytd-multi-page-menu-renderer']//yt-formatted-string[@id='label' and text()='中文 (香港)']
18:22:41 [TestNG-test-Yt Master Tests-2] INFO  verifyingSideMenuCollapsedLangAsInSettings_18-16-51 - [verifyingSideMenuCollapsedLangAsInSettings_18-16-51] Trying to find element: By.xpath: //yt-multi-page-menu-section-renderer[@class='style-scope ytd-multi-page-menu-renderer']//yt-formatted-string[@id='label' and text()='中文 (香港)']
18:22:41 [TestNG-test-Yt Master Tests-2] INFO  verifyingSideMenuCollapsedLangAsInSettings_18-16-51 - [verifyingSideMenuCollapsedLangAsInSettings_18-16-51] Element found and ready (attempt 1): By.xpath: //yt-multi-page-menu-section-renderer[@class='style-scope ytd-multi-page-menu-renderer']//yt-formatted-string[@id='label' and text()='中文 (香港)']
18:22:43 [TestNG-test-Yt Master Tests-2] INFO  verifyingSideMenuCollapsedLangAsInSettings_18-16-51 - Clicking settings ellipses button...
18:22:43 [TestNG-test-Yt Master Tests-2] INFO  verifyingSideMenuCollapsedLangAsInSettings_18-16-51 - [verifyingSideMenuCollapsedLangAsInSettings_18-16-51] Trying to find element: By.xpath: //ytd-topbar-menu-button-renderer[@class='style-scope ytd-masthead style-default']
18:22:43 [TestNG-test-Yt Master Tests-2] INFO  verifyingSideMenuCollapsedLangAsInSettings_18-16-51 - [verifyingSideMenuCollapsedLangAsInSettings_18-16-51] Element found and ready (attempt 1): By.xpath: //ytd-topbar-menu-button-renderer[@class='style-scope ytd-masthead style-default']
18:22:44 [TestNG-test-Yt Master Tests-2] INFO  verifyingSideMenuCollapsedLangAsInSettings_18-16-51 - [verifyingSideMenuCollapsedLangAsInSettings_18-16-51] Waiting until element is visible in viewport
18:22:45 [TestNG-test-Yt Master Tests-2] INFO  verifyingSideMenuCollapsedLangAsInSettings_18-16-51 - Clicking settings ellipses button...
18:22:45 [TestNG-test-Yt Master Tests-2] INFO  verifyingSideMenuCollapsedLangAsInSettings_18-16-51 - [verifyingSideMenuCollapsedLangAsInSettings_18-16-51] Trying to find element: By.xpath: //ytd-topbar-menu-button-renderer[@class='style-scope ytd-masthead style-default']
18:22:45 [TestNG-test-Yt Master Tests-2] INFO  verifyingSideMenuCollapsedLangAsInSettings_18-16-51 - [verifyingSideMenuCollapsedLangAsInSettings_18-16-51] Element found and ready (attempt 1): By.xpath: //ytd-topbar-menu-button-renderer[@class='style-scope ytd-masthead style-default']
18:22:46 [TestNG-test-Yt Master Tests-2] INFO  verifyingSideMenuCollapsedLangAsInSettings_18-16-51 - getLangAttribute() - locating <html> and reading lang property
18:22:46 [TestNG-test-Yt Master Tests-2] INFO  verifyingSideMenuCollapsedLangAsInSettings_18-16-51 - Language attribute read: zh-Hant-HK
18:22:46 [TestNG-test-Yt Master Tests-2] INFO  verifyingSideMenuCollapsedLangAsInSettings_18-16-51 - Fetching the side menu in collapsed view
18:22:46 [TestNG-test-Yt Master Tests-2] INFO  verifyingSideMenuCollapsedLangAsInSettings_18-16-51 - [verifyingSideMenuCollapsedLangAsInSettings_18-16-51] Finding elements list: By.xpath: //ytd-mini-guide-renderer[@class='style-scope ytd-app']//ytd-mini-guide-entry-renderer
18:22:46 [TestNG-test-Yt Master Tests-2] INFO  verifyingSideMenuCollapsedLangAsInSettings_18-16-51 - [verifyingSideMenuCollapsedLangAsInSettings_18-16-51] Found 4 ready elements (attempt 1): By.xpath: //ytd-mini-guide-renderer[@class='style-scope ytd-app']//ytd-mini-guide-entry-renderer
18:22:46 [TestNG-test-Yt Master Tests-2] INFO  verifyingSideMenuCollapsedLangAsInSettings_18-16-51 - Clicking settings ellipses button...
18:22:47 [TestNG-test-Yt Master Tests-2] INFO  verifyingSideMenuCollapsedLangAsInSettings_18-16-51 - [verifyingSideMenuCollapsedLangAsInSettings_18-16-51] Trying to find element: By.xpath: //ytd-topbar-menu-button-renderer[@class='style-scope ytd-masthead style-default']
18:22:47 [TestNG-test-Yt Master Tests-2] INFO  verifyingSideMenuCollapsedLangAsInSettings_18-16-51 - [verifyingSideMenuCollapsedLangAsInSettings_18-16-51] Element found and ready (attempt 1): By.xpath: //ytd-topbar-menu-button-renderer[@class='style-scope ytd-masthead style-default']
18:22:48 [TestNG-test-Yt Master Tests-2] INFO  verifyingSideMenuCollapsedLangAsInSettings_18-16-51 - Clicking language dropdown...
18:22:48 [TestNG-test-Yt Master Tests-2] INFO  verifyingSideMenuCollapsedLangAsInSettings_18-16-51 - [verifyingSideMenuCollapsedLangAsInSettings_18-16-51] Trying to find element: By.xpath: (//div[@id='content-icon'])[2]
18:22:48 [TestNG-test-Yt Master Tests-2] INFO  verifyingSideMenuCollapsedLangAsInSettings_18-16-51 - [verifyingSideMenuCollapsedLangAsInSettings_18-16-51] Element found and ready (attempt 1): By.xpath: (//div[@id='content-icon'])[2]
18:22:49 [TestNG-test-Yt Master Tests-2] INFO  verifyingSideMenuCollapsedLangAsInSettings_18-16-51 - Looking for language element with name: 日本語
18:22:49 [TestNG-test-Yt Master Tests-2] INFO  verifyingSideMenuCollapsedLangAsInSettings_18-16-51 - [verifyingSideMenuCollapsedLangAsInSettings_18-16-51] Trying to find element: By.xpath: //yt-multi-page-menu-section-renderer[@class='style-scope ytd-multi-page-menu-renderer']//yt-formatted-string[@id='label' and text()='日本語']
18:22:49 [TestNG-test-Yt Master Tests-2] INFO  verifyingSideMenuCollapsedLangAsInSettings_18-16-51 - [verifyingSideMenuCollapsedLangAsInSettings_18-16-51] Element found and ready (attempt 1): By.xpath: //yt-multi-page-menu-section-renderer[@class='style-scope ytd-multi-page-menu-renderer']//yt-formatted-string[@id='label' and text()='日本語']
18:22:49 [TestNG-test-Yt Master Tests-2] INFO  verifyingSideMenuCollapsedLangAsInSettings_18-16-51 - [verifyingSideMenuCollapsedLangAsInSettings_18-16-51] Trying to find element: By.xpath: //yt-multi-page-menu-section-renderer[@class='style-scope ytd-multi-page-menu-renderer']//yt-formatted-string[@id='label' and text()='日本語']
18:22:49 [TestNG-test-Yt Master Tests-2] INFO  verifyingSideMenuCollapsedLangAsInSettings_18-16-51 - [verifyingSideMenuCollapsedLangAsInSettings_18-16-51] Element found and ready (attempt 1): By.xpath: //yt-multi-page-menu-section-renderer[@class='style-scope ytd-multi-page-menu-renderer']//yt-formatted-string[@id='label' and text()='日本語']
18:22:52 [TestNG-test-Yt Master Tests-2] INFO  verifyingSideMenuCollapsedLangAsInSettings_18-16-51 - Clicking settings ellipses button...
18:22:52 [TestNG-test-Yt Master Tests-2] INFO  verifyingSideMenuCollapsedLangAsInSettings_18-16-51 - [verifyingSideMenuCollapsedLangAsInSettings_18-16-51] Trying to find element: By.xpath: //ytd-topbar-menu-button-renderer[@class='style-scope ytd-masthead style-default']
18:22:52 [TestNG-test-Yt Master Tests-2] INFO  verifyingSideMenuCollapsedLangAsInSettings_18-16-51 - [verifyingSideMenuCollapsedLangAsInSettings_18-16-51] Element found and ready (attempt 1): By.xpath: //ytd-topbar-menu-button-renderer[@class='style-scope ytd-masthead style-default']
18:22:52 [TestNG-test-Yt Master Tests-2] INFO  verifyingSideMenuCollapsedLangAsInSettings_18-16-51 - [verifyingSideMenuCollapsedLangAsInSettings_18-16-51] Waiting until element is visible in viewport
18:22:54 [TestNG-test-Yt Master Tests-2] INFO  verifyingSideMenuCollapsedLangAsInSettings_18-16-51 - Clicking settings ellipses button...
18:22:54 [TestNG-test-Yt Master Tests-2] INFO  verifyingSideMenuCollapsedLangAsInSettings_18-16-51 - [verifyingSideMenuCollapsedLangAsInSettings_18-16-51] Trying to find element: By.xpath: //ytd-topbar-menu-button-renderer[@class='style-scope ytd-masthead style-default']
18:22:54 [TestNG-test-Yt Master Tests-2] INFO  verifyingSideMenuCollapsedLangAsInSettings_18-16-51 - [verifyingSideMenuCollapsedLangAsInSettings_18-16-51] Element found and ready (attempt 1): By.xpath: //ytd-topbar-menu-button-renderer[@class='style-scope ytd-masthead style-default']
18:22:54 [TestNG-test-Yt Master Tests-2] INFO  verifyingSideMenuCollapsedLangAsInSettings_18-16-51 - getLangAttribute() - locating <html> and reading lang property
18:22:54 [TestNG-test-Yt Master Tests-2] INFO  verifyingSideMenuCollapsedLangAsInSettings_18-16-51 - Language attribute read: ja-JP
18:22:54 [TestNG-test-Yt Master Tests-2] INFO  verifyingSideMenuCollapsedLangAsInSettings_18-16-51 - Fetching the side menu in collapsed view
18:22:54 [TestNG-test-Yt Master Tests-2] INFO  verifyingSideMenuCollapsedLangAsInSettings_18-16-51 - [verifyingSideMenuCollapsedLangAsInSettings_18-16-51] Finding elements list: By.xpath: //ytd-mini-guide-renderer[@class='style-scope ytd-app']//ytd-mini-guide-entry-renderer
18:22:54 [TestNG-test-Yt Master Tests-2] INFO  verifyingSideMenuCollapsedLangAsInSettings_18-16-51 - [verifyingSideMenuCollapsedLangAsInSettings_18-16-51] Found 4 ready elements (attempt 1): By.xpath: //ytd-mini-guide-renderer[@class='style-scope ytd-app']//ytd-mini-guide-entry-renderer
18:22:54 [TestNG-test-Yt Master Tests-2] INFO  verifyingSideMenuCollapsedLangAsInSettings_18-16-51 - Clicking settings ellipses button...
18:22:54 [TestNG-test-Yt Master Tests-2] INFO  verifyingSideMenuCollapsedLangAsInSettings_18-16-51 - [verifyingSideMenuCollapsedLangAsInSettings_18-16-51] Trying to find element: By.xpath: //ytd-topbar-menu-button-renderer[@class='style-scope ytd-masthead style-default']
18:22:54 [TestNG-test-Yt Master Tests-2] INFO  verifyingSideMenuCollapsedLangAsInSettings_18-16-51 - [verifyingSideMenuCollapsedLangAsInSettings_18-16-51] Element found and ready (attempt 1): By.xpath: //ytd-topbar-menu-button-renderer[@class='style-scope ytd-masthead style-default']
18:22:54 [TestNG-test-Yt Master Tests-2] INFO  verifyingSideMenuCollapsedLangAsInSettings_18-16-51 - Clicking language dropdown...
18:22:54 [TestNG-test-Yt Master Tests-2] INFO  verifyingSideMenuCollapsedLangAsInSettings_18-16-51 - [verifyingSideMenuCollapsedLangAsInSettings_18-16-51] Trying to find element: By.xpath: (//div[@id='content-icon'])[2]
18:22:55 [TestNG-test-Yt Master Tests-2] INFO  verifyingSideMenuCollapsedLangAsInSettings_18-16-51 - [verifyingSideMenuCollapsedLangAsInSettings_18-16-51] Element found and ready (attempt 1): By.xpath: (//div[@id='content-icon'])[2]
18:22:55 [TestNG-test-Yt Master Tests-2] INFO  verifyingSideMenuCollapsedLangAsInSettings_18-16-51 - Looking for language element with name: 한국어
18:22:55 [TestNG-test-Yt Master Tests-2] INFO  verifyingSideMenuCollapsedLangAsInSettings_18-16-51 - [verifyingSideMenuCollapsedLangAsInSettings_18-16-51] Trying to find element: By.xpath: //yt-multi-page-menu-section-renderer[@class='style-scope ytd-multi-page-menu-renderer']//yt-formatted-string[@id='label' and text()='한국어']
18:22:55 [TestNG-test-Yt Master Tests-2] INFO  verifyingSideMenuCollapsedLangAsInSettings_18-16-51 - [verifyingSideMenuCollapsedLangAsInSettings_18-16-51] Element found and ready (attempt 1): By.xpath: //yt-multi-page-menu-section-renderer[@class='style-scope ytd-multi-page-menu-renderer']//yt-formatted-string[@id='label' and text()='한국어']
18:22:55 [TestNG-test-Yt Master Tests-2] INFO  verifyingSideMenuCollapsedLangAsInSettings_18-16-51 - [verifyingSideMenuCollapsedLangAsInSettings_18-16-51] Trying to find element: By.xpath: //yt-multi-page-menu-section-renderer[@class='style-scope ytd-multi-page-menu-renderer']//yt-formatted-string[@id='label' and text()='한국어']
18:22:56 [TestNG-test-Yt Master Tests-2] INFO  verifyingSideMenuCollapsedLangAsInSettings_18-16-51 - [verifyingSideMenuCollapsedLangAsInSettings_18-16-51] Element found and ready (attempt 1): By.xpath: //yt-multi-page-menu-section-renderer[@class='style-scope ytd-multi-page-menu-renderer']//yt-formatted-string[@id='label' and text()='한국어']
18:22:58 [TestNG-test-Yt Master Tests-2] INFO  verifyingSideMenuCollapsedLangAsInSettings_18-16-51 - Clicking settings ellipses button...
18:22:58 [TestNG-test-Yt Master Tests-2] INFO  verifyingSideMenuCollapsedLangAsInSettings_18-16-51 - [verifyingSideMenuCollapsedLangAsInSettings_18-16-51] Trying to find element: By.xpath: //ytd-topbar-menu-button-renderer[@class='style-scope ytd-masthead style-default']
18:22:59 [TestNG-test-Yt Master Tests-2] INFO  verifyingSideMenuCollapsedLangAsInSettings_18-16-51 - [verifyingSideMenuCollapsedLangAsInSettings_18-16-51] Element found and ready (attempt 1): By.xpath: //ytd-topbar-menu-button-renderer[@class='style-scope ytd-masthead style-default']
18:22:59 [TestNG-test-Yt Master Tests-2] INFO  verifyingSideMenuCollapsedLangAsInSettings_18-16-51 - [verifyingSideMenuCollapsedLangAsInSettings_18-16-51] Waiting until element is visible in viewport
18:23:00 [TestNG-test-Yt Master Tests-2] INFO  verifyingSideMenuCollapsedLangAsInSettings_18-16-51 - Clicking settings ellipses button...
18:23:00 [TestNG-test-Yt Master Tests-2] INFO  verifyingSideMenuCollapsedLangAsInSettings_18-16-51 - [verifyingSideMenuCollapsedLangAsInSettings_18-16-51] Trying to find element: By.xpath: //ytd-topbar-menu-button-renderer[@class='style-scope ytd-masthead style-default']
18:23:00 [TestNG-test-Yt Master Tests-2] INFO  verifyingSideMenuCollapsedLangAsInSettings_18-16-51 - [verifyingSideMenuCollapsedLangAsInSettings_18-16-51] Element found and ready (attempt 1): By.xpath: //ytd-topbar-menu-button-renderer[@class='style-scope ytd-masthead style-default']
18:23:00 [TestNG-test-Yt Master Tests-2] INFO  verifyingSideMenuCollapsedLangAsInSettings_18-16-51 - getLangAttribute() - locating <html> and reading lang property
18:23:00 [TestNG-test-Yt Master Tests-2] INFO  verifyingSideMenuCollapsedLangAsInSettings_18-16-51 - Language attribute read: ko-KR
18:23:00 [TestNG-test-Yt Master Tests-2] INFO  verifyingSideMenuCollapsedLangAsInSettings_18-16-51 - Fetching the side menu in collapsed view
18:23:00 [TestNG-test-Yt Master Tests-2] INFO  verifyingSideMenuCollapsedLangAsInSettings_18-16-51 - [verifyingSideMenuCollapsedLangAsInSettings_18-16-51] Finding elements list: By.xpath: //ytd-mini-guide-renderer[@class='style-scope ytd-app']//ytd-mini-guide-entry-renderer
18:23:01 [TestNG-test-Yt Master Tests-2] INFO  verifyingSideMenuCollapsedLangAsInSettings_18-16-51 - [verifyingSideMenuCollapsedLangAsInSettings_18-16-51] Found 4 ready elements (attempt 1): By.xpath: //ytd-mini-guide-renderer[@class='style-scope ytd-app']//ytd-mini-guide-entry-renderer
18:23:01 [TestNG-test-Yt Master Tests-2] INFO  verifyingSideMenuCollapsedLangAsInSettings_18-16-51 - Clicking settings ellipses button...
18:23:01 [TestNG-test-Yt Master Tests-2] INFO  verifyingSideMenuCollapsedLangAsInSettings_18-16-51 - [verifyingSideMenuCollapsedLangAsInSettings_18-16-51] Trying to find element: By.xpath: //ytd-topbar-menu-button-renderer[@class='style-scope ytd-masthead style-default']
18:23:01 [TestNG-test-Yt Master Tests-2] INFO  verifyingSideMenuCollapsedLangAsInSettings_18-16-51 - [verifyingSideMenuCollapsedLangAsInSettings_18-16-51] Element found and ready (attempt 1): By.xpath: //ytd-topbar-menu-button-renderer[@class='style-scope ytd-masthead style-default']
18:23:01 [TestNG-test-Yt Master Tests-2] INFO  verifyingSideMenuCollapsedLangAsInSettings_18-16-51 - Clicking language dropdown...
18:23:01 [TestNG-test-Yt Master Tests-2] INFO  verifyingSideMenuCollapsedLangAsInSettings_18-16-51 - [verifyingSideMenuCollapsedLangAsInSettings_18-16-51] Trying to find element: By.xpath: (//div[@id='content-icon'])[2]
18:23:02 [TestNG-test-Yt Master Tests-2] INFO  verifyingSideMenuCollapsedLangAsInSettings_18-16-51 - [verifyingSideMenuCollapsedLangAsInSettings_18-16-51] Element found and ready (attempt 1): By.xpath: (//div[@id='content-icon'])[2]
18:23:03 [TestNG-test-Yt Master Tests-2] INFO  verifyingSideMenuCollapsedLangAsInSettings_18-16-51 - [verifyingSideMenuCollapsedLangAsInSettings_18-16-51] Not retrying test 'verifyingSideMenuCollapsedLangAsInSettings'. Retry count: 0, Cause: The following asserts failed:
	Mismatch in the Actual and Expected data for language=Català expected [Inici YouTube Shorts Subscripcions Tu] but found [Inici Shorts Subscripcions Tu],
	Mismatch in the Actual and Expected data for language=فارسی expected [صفحه اصلی کوته‌ویدیوهای YouTube اشتراک‌ها شما] but found [صفحه اصلی کوته‌ویدیوها اشتراک‌ها شما]
